time,pos,cur,cmd_pos,cmd_cur
0.0,297,490,512,512
0.0,296,489,512,512
0.0,295,489,512,512
0.0,294,488,512,512
0.0,292,486,512,512
0.015334606170654297,291,486,512,512
0.016307353973388672,290,485,512,512
0.016307353973388672,289,485,512,512
0.016307353973388672,286,485,512,512
0.016307353973388672,284,485,512,512
0.016307353973388672,282,485,512,512
0.016307353973388672,281,485,512,512
0.016307353973388672,276,485,512,512
0.016307353973388672,274,485,512,512
0.016307353973388672,270,485,512,512
0.016307353973388672,268,485,512,512
0.016307353973388672,263,485,512,512
0.016307353973388672,259,485,512,512
0.016307353973388672,254,485,512,512
0.016307353973388672,248,485,512,512
0.016307353973388672,244,485,512,512
0.016307353973388672,240,484,512,512
0.016307353973388672,236,484,512,512
0.030979394912719727,233,483,512,512
0.030979394912719727,230,483,512,512
0.03300619125366211,226,483,512,512
0.03388643264770508,221,483,512,512
0.03388643264770508,218,484,512,512
0.03388643264770508,215,484,512,512
0.03388643264770508,211,485,512,512
0.03388643264770508,208,485,512,512
0.03388643264770508,204,486,512,512
0.03388643264770508,200,487,512,512
0.03388643264770508,196,488,512,512
0.03388643264770508,192,488,512,512
0.03388643264770508,187,489,512,512
0.03388643264770508,184,489,512,512
0.03388643264770508,181,490,512,512
0.03388643264770508,178,490,512,512
0.03388643264770508,175,490,512,512
0.04614448547363281,173,490,512,512
0.04614448547363281,170,490,512,512
0.04614448547363281,167,490,512,512
0.04614448547363281,165,490,512,512
0.04614448547363281,164,490,512,512
0.04614448547363281,162,491,512,512
0.04614448547363281,161,491,512,512
0.04614448547363281,160,491,512,512
0.04614448547363281,159,492,512,512
0.04614448547363281,158,492,512,512
0.04614448547363281,157,494,512,512
0.04614448547363281,156,495,512,512
0.04614448547363281,155,496,512,512
0.04614448547363281,154,497,512,512
0.04614448547363281,153,498,512,512
0.04614448547363281,152,498,512,512
0.04614448547363281,151,499,512,512
0.04614448547363281,151,500,512,512
0.06212925910949707,151,500,512,512
0.06212925910949707,150,500,512,512
0.06212925910949707,151,501,512,512
0.06212925910949707,151,500,512,512
0.06212925910949707,152,500,512,512
0.06212925910949707,153,501,512,512
0.06212925910949707,154,501,512,512
0.06212925910949707,155,501,512,512
0.06212925910949707,157,501,512,512
0.06212925910949707,159,502,512,512
0.06212925910949707,161,503,512,512
0.06212925910949707,162,503,512,512
0.06212925910949707,165,504,512,512
0.06212925910949707,166,505,512,512
0.06212925910949707,168,506,512,512
0.06212925910949707,170,507,512,512
0.06212925910949707,171,508,512,512
0.06212925910949707,173,508,512,512
0.07785749435424805,177,508,512,512
0.07785749435424805,179,509,512,512
0.0798649787902832,181,509,512,512
0.0798649787902832,184,509,512,512
0.0798649787902832,186,509,512,512
0.0798649787902832,189,509,512,512
0.0798649787902832,193,508,512,512
0.0798649787902832,197,508,512,512
0.0798649787902832,200,508,512,512
0.0798649787902832,206,508,512,512
0.0798649787902832,209,508,512,512
0.0798649787902832,213,508,512,512
0.0798649787902832,217,509,512,512
0.0798649787902832,221,509,512,512
0.0798649787902832,225,509,512,512
0.0798649787902832,228,510,512,512
0.0798649787902832,234,510,512,512
0.0798649787902832,237,510,512,512
0.09368658065795898,240,510,512,512
0.09456396102905273,243,511,512,512
0.09604716300964355,246,510,512,512
0.09604716300964355,249,509,512,512
0.09604716300964355,252,509,512,512
0.10007429122924805,256,509,512,512
0.10007429122924805,260,508,512,512
0.10007429122924805,263,508,512,512
0.10007429122924805,266,508,512,512
0.10007429122924805,270,507,512,512
0.10209012031555176,273,506,512,512
0.10209012031555176,276,506,512,512
0.1040956974029541,279,506,512,512
0.1040956974029541,281,506,512,512
0.10609865188598633,284,506,512,512
0.10609865188598633,286,506,512,512
0.10784268379211426,288,506,512,512
0.10784268379211426,289,506,512,512
0.10958218574523926,289,506,512,512
0.10958218574523926,289,506,512,512
0.11158514022827148,289,506,512,512
0.11158514022827148,288,506,512,512
0.11158514022827148,288,506,512,512
0.1135873794555664,286,505,512,512
0.1135873794555664,284,504,512,512
0.11558961868286133,283,504,512,512
0.11558961868286133,281,503,512,512
0.11759209632873535,279,502,512,512
0.11759209632873535,277,502,512,512
0.11933517456054688,275,501,512,512
0.11933517456054688,273,500,512,512
0.12107515335083008,271,500,512,512
0.12107515335083008,268,500,512,512
0.12281513214111328,266,500,512,512
0.12281513214111328,264,500,512,512
0.1248176097869873,259,500,512,512
0.1248176097869873,258,500,512,512
0.12566423416137695,253,500,512,512
0.12566423416137695,250,500,512,512
0.12766671180725098,246,500,512,512
0.12766671180725098,242,501,512,512
0.13068580627441406,237,501,512,512
0.13068580627441406,233,501,512,512
0.13169050216674805,229,501,512,512
0.13169050216674805,225,501,512,512
0.13321709632873535,222,500,512,512
0.13321709632873535,218,500,512,512
0.13474035263061523,214,499,512,512
0.1362597942352295,211,499,512,512
0.1362597942352295,208,499,512,512
0.13777780532836914,203,499,512,512
0.13777780532836914,200,499,512,512
0.1392967700958252,198,499,512,512
0.14082717895507812,195,499,512,512
0.14082717895507812,193,500,512,512
0.14236235618591309,189,500,512,512
0.14236235618591309,187,501,512,512
0.14389371871948242,184,501,512,512
0.14389371871948242,182,502,512,512
0.1454179286956787,178,502,512,512
0.14642930030822754,176,503,512,512
0.14694595336914062,174,503,512,512
0.14846420288085938,172,503,512,512
0.14846420288085938,169,503,512,512
0.1499924659729004,168,504,512,512
0.1516098976135254,166,504,512,512
0.1516098976135254,164,504,512,512
0.1516098976135254,163,504,512,512
0.15316128730773926,161,504,512,512
0.1547260284423828,161,504,512,512
0.1547260284423828,160,504,512,512
0.15633392333984375,159,505,512,512
0.15633392333984375,159,505,512,512
0.15789794921875,159,505,512,512
0.15942668914794922,158,506,512,512
0.15942668914794922,158,506,512,512
0.16098880767822266,158,507,512,512
0.16098880767822266,158,508,512,512
0.16260170936584473,159,509,512,512
0.16260170936584473,159,509,512,512
0.1641712188720703,159,509,512,512
0.1641712188720703,159,510,512,512
0.1657114028930664,159,510,512,512
0.1672534942626953,160,511,512,512
0.1672534942626953,160,511,512,512
0.1672534942626953,161,512,512,512
0.1672534942626953,162,512,512,512
0.1672534942626953,163,512,512,512
0.1672534942626953,165,512,512,512
0.17201018333435059,167,512,512,512
0.17201018333435059,168,512,512,512
0.17201018333435059,171,512,512,512
0.17201018333435059,173,512,512,512
0.17201018333435059,174,512,512,512
0.17201018333435059,178,513,512,512
0.17201018333435059,179,513,512,512
0.17201018333435059,181,514,512,512
0.17201018333435059,185,514,512,512
0.17201018333435059,187,515,512,512
0.17201018333435059,190,515,512,512
0.17201018333435059,193,516,512,512
0.17201018333435059,196,516,512,512
0.17201018333435059,198,516,512,512
0.17201018333435059,201,516,512,512
0.17201018333435059,203,516,512,512
0.17201018333435059,206,516,512,512
0.17201018333435059,209,516,512,512
0.18782448768615723,213,516,512,512
0.18782448768615723,216,515,512,512
0.18782448768615723,219,515,512,512
0.18782448768615723,222,515,512,512
0.18782448768615723,226,514,512,512
0.18782448768615723,229,514,512,512
0.18782448768615723,232,514,512,512
0.18782448768615723,237,514,512,512
0.18782448768615723,241,514,512,512
0.18782448768615723,244,514,512,512
0.18782448768615723,247,514,512,512
0.18782448768615723,251,514,512,512
0.18782448768615723,253,514,512,512
0.18782448768615723,256,515,512,512
0.18782448768615723,258,514,512,512
0.18782448768615723,261,514,512,512
0.18782448768615723,263,514,512,512
0.18782448768615723,265,513,512,512
0.20357418060302734,266,513,512,512
0.20357418060302734,268,513,512,512
0.20357418060302734,269,513,512,512
0.20357418060302734,271,512,512,512
0.20357418060302734,273,511,512,512
0.20357418060302734,274,510,512,512
0.20357418060302734,275,509,512,512
0.20357418060302734,276,509,512,512
0.20357418060302734,277,508,512,512
0.20357418060302734,277,508,512,512
0.20357418060302734,277,508,512,512
0.20357418060302734,277,508,512,512
0.20357418060302734,277,508,512,512
0.20357418060302734,276,508,512,512
0.20357418060302734,275,508,512,512
0.20357418060302734,273,508,512,512
0.20357418060302734,271,508,512,512
0.20357418060302734,268,508,512,512
0.2193593978881836,267,507,512,512
0.2193593978881836,263,507,512,512
0.2193593978881836,260,507,512,512
0.2193593978881836,258,506,512,512
0.2193593978881836,256,505,512,512
0.2193593978881836,252,505,512,512
0.2193593978881836,249,505,512,512
0.2193593978881836,247,504,512,512
0.2193593978881836,244,504,512,512
0.2193593978881836,242,504,512,512
0.2193593978881836,239,504,512,512
0.2193593978881836,236,504,512,512
0.2193593978881836,233,504,512,512
0.2193593978881836,230,504,512,512
0.2193593978881836,226,504,512,512
0.2193593978881836,223,504,512,512
0.2193593978881836,220,504,512,512
0.2193593978881836,217,504,512,512
0.23547005653381348,214,504,512,512
0.23547005653381348,212,505,512,512
0.23547005653381348,207,505,512,512
0.23547005653381348,204,505,512,512
0.23547005653381348,201,505,512,512
0.23547005653381348,196,504,512,512
0.23547005653381348,194,504,512,512
0.23547005653381348,191,504,512,512
0.23547005653381348,189,504,512,512
0.23547005653381348,187,504,512,512
0.23547005653381348,186,504,512,512
0.23547005653381348,184,504,512,512
0.23547005653381348,181,504,512,512
0.24652314186096191,180,504,512,512
0.24652314186096191,178,505,512,512
0.24652314186096191,177,505,512,512
0.24652314186096191,175,506,512,512
0.24652314186096191,174,506,512,512
0.25126028060913086,172,506,512,512
0.25126028060913086,170,507,512,512
0.25126028060913086,169,507,512,512
0.25126028060913086,168,508,512,512
0.25126028060913086,167,509,512,512
0.25126028060913086,166,509,512,512
0.25126028060913086,164,509,512,512
0.25126028060913086,164,509,512,512
0.25126028060913086,163,509,512,512
0.25126028060913086,163,509,512,512
0.25126028060913086,163,510,512,512
0.25126028060913086,163,510,512,512
0.25126028060913086,163,510,512,512
0.25126028060913086,163,510,512,512
0.25126028060913086,164,510,512,512
0.25126028060913086,164,511,512,512
0.25126028060913086,164,511,512,512
0.25126028060913086,165,512,512,512
0.26693248748779297,166,512,512,512
0.26693248748779297,167,513,512,512
0.26693248748779297,168,513,512,512
0.26693248748779297,169,514,512,512
0.26693248748779297,170,514,512,512
0.26693248748779297,171,514,512,512
0.26693248748779297,172,515,512,512
0.26693248748779297,173,515,512,512
0.26693248748779297,175,515,512,512
0.26693248748779297,177,516,512,512
0.26693248748779297,179,516,512,512
0.26693248748779297,181,515,512,512
0.26693248748779297,183,515,512,512
0.26693248748779297,185,515,512,512
0.26693248748779297,187,515,512,512
0.26693248748779297,189,515,512,512
0.26693248748779297,192,515,512,512
0.26693248748779297,196,516,512,512
0.2829127311706543,198,516,512,512
0.28400683403015137,201,516,512,512
0.2847917079925537,203,516,512,512
0.2847917079925537,206,517,512,512
0.2847917079925537,208,517,512,512
0.2847917079925537,211,517,512,512
0.2847917079925537,215,517,512,512
0.2847917079925537,217,517,512,512
0.2847917079925537,219,517,512,512
0.2847917079925537,223,517,512,512
0.2847917079925537,224,516,512,512
0.2847917079925537,228,516,512,512
0.2847917079925537,230,516,512,512
0.2847917079925537,233,516,512,512
0.2847917079925537,235,515,512,512
0.2847917079925537,238,515,512,512
0.2847917079925537,241,515,512,512
0.2847917079925537,244,515,512,512
0.2989797592163086,246,514,512,512
0.2989797592163086,249,514,512,512
0.2999899387359619,252,514,512,512
0.30104827880859375,255,514,512,512
0.30104827880859375,257,513,512,512
0.30257654190063477,259,514,512,512
0.3041191101074219,261,513,512,512
0.3041191101074219,262,513,512,512
0.3058304786682129,263,513,512,512
0.3058304786682129,264,513,512,512
0.3058304786682129,265,513,512,512
0.3058304786682129,265,513,512,512
0.3058304786682129,265,512,512,512
0.3058304786682129,265,512,512,512
0.3058304786682129,265,511,512,512
0.3058304786682129,265,510,512,512
0.3058304786682129,265,510,512,512
0.3058304786682129,265,509,512,512
0.3145875930786133,265,509,512,512
0.3157777786254883,264,509,512,512
0.3157777786254883,264,508,512,512
0.3157777786254883,263,508,512,512
0.31778597831726074,261,508,512,512
0.31778597831726074,260,508,512,512
0.3197944164276123,258,507,512,512
0.3197944164276123,255,507,512,512
0.3197944164276123,254,508,512,512
0.32180237770080566,252,508,512,512
0.32381749153137207,249,507,512,512
0.32445621490478516,246,507,512,512
0.32512617111206055,244,507,512,512
0.32512617111206055,240,507,512,512
0.32512617111206055,238,507,512,512
0.32512617111206055,235,506,512,512
0.32512617111206055,233,506,512,512
0.32512617111206055,230,506,512,512
0.32512617111206055,228,505,512,512
0.33095240592956543,225,505,512,512
0.3321089744567871,222,505,512,512
0.3328225612640381,219,504,512,512
0.3328225612640381,217,504,512,512
0.3328225612640381,215,505,512,512
0.3328225612640381,213,505,512,512
0.3328225612640381,210,505,512,512
0.3328225612640381,207,505,512,512
0.3328225612640381,205,506,512,512
0.33897876739501953,202,506,512,512
0.3857743740081787,199,506,512,512
0.3880045413970947,196,506,512,512
0.3880045413970947,194,506,512,512
0.3880045413970947,192,507,512,512
0.3880045413970947,190,507,512,512
0.3880045413970947,188,507,512,512
0.3880045413970947,186,507,512,512
0.3880045413970947,183,507,512,512
0.3880045413970947,181,507,512,512
0.3880045413970947,180,507,512,512
0.3880045413970947,179,507,512,512
0.3880045413970947,177,507,512,512
0.3880045413970947,176,507,512,512
0.3880045413970947,175,507,512,512
0.3880045413970947,174,508,512,512
0.3880045413970947,173,508,512,512
0.3880045413970947,172,508,512,512
0.3880045413970947,171,509,512,512
0.3880045413970947,170,509,512,512
0.3880045413970947,170,510,512,512
0.3880045413970947,169,510,512,512
0.3880045413970947,169,511,512,512
0.3880045413970947,168,511,512,512
0.3880045413970947,168,511,512,512
0.3900163173675537,168,511,512,512
0.3900163173675537,168,512,512,512
0.3900163173675537,168,512,512,512
0.3900163173675537,168,512,512,512
0.3900163173675537,169,512,512,512
0.3900163173675537,169,513,512,512
0.3900163173675537,170,513,512,512
0.3900163173675537,171,513,512,512
0.3900163173675537,172,513,512,512
0.3900163173675537,173,513,512,512
0.3900163173675537,174,513,512,512
0.3900163173675537,175,514,512,512
0.3900163173675537,177,514,512,512
0.3900163173675537,178,514,512,512
0.3900163173675537,179,514,512,512
0.3900163173675537,180,515,512,512
0.3900163173675537,182,515,512,512
0.3900163173675537,183,516,512,512
0.3900163173675537,185,516,512,512
0.3900163173675537,188,516,512,512
0.3900163173675537,190,516,512,512
0.3900163173675537,192,516,512,512
0.3900163173675537,193,516,512,512
0.3900163173675537,195,516,512,512
0.3900163173675537,197,516,512,512
0.3900163173675537,199,516,512,512
0.3900163173675537,203,516,512,512
0.3900163173675537,205,516,512,512
0.3900163173675537,207,516,512,512
0.3900163173675537,210,516,512,512
0.3900163173675537,212,516,512,512
0.3900163173675537,214,515,512,512
0.3900163173675537,218,516,512,512
0.3900163173675537,221,516,512,512
0.3900163173675537,223,516,512,512
0.3920247554779053,226,516,512,512
0.3920247554779053,228,516,512,512
0.3920247554779053,230,516,512,512
0.39467573165893555,232,516,512,512
0.39467573165893555,235,516,512,512
0.3964865207672119,236,515,512,512
0.3964865207672119,238,515,512,512
0.3964865207672119,241,515,512,512
0.3964865207672119,243,514,512,512
0.3964865207672119,244,514,512,512
0.3964865207672119,247,514,512,512
0.4016602039337158,248,514,512,512
0.4027082920074463,249,514,512,512
0.4030487537384033,252,513,512,512
0.4030487537384033,253,513,512,512
0.4030487537384033,255,513,512,512
0.4030487537384033,256,513,512,512
0.4030487537384033,257,512,512,512
0.4030487537384033,258,512,512,512
0.4030487537384033,258,512,512,512
0.4030487537384033,259,512,512,512
0.4030487537384033,259,511,512,512
0.4107797145843506,259,511,512,512
0.4107797145843506,258,511,512,512
0.41278719902038574,258,510,512,512
0.4140129089355469,257,510,512,512
0.4140129089355469,256,510,512,512
0.4140129089355469,256,510,512,512
0.41646552085876465,254,509,512,512
0.41646552085876465,253,509,512,512
0.41646552085876465,252,509,512,512
0.41881632804870605,250,508,512,512
0.4201643466949463,248,508,512,512
0.4201643466949463,247,508,512,512
0.4201643466949463,246,507,512,512
0.4201643466949463,244,507,512,512
0.4201643466949463,243,507,512,512
0.4201643466949463,241,507,512,512
0.4201643466949463,239,507,512,512
0.4201643466949463,236,507,512,512
0.4270200729370117,234,507,512,512
0.4270200729370117,232,507,512,512
0.4270200729370117,229,507,512,512
0.4270200729370117,228,507,512,512
0.4270200729370117,224,507,512,512
0.43167567253112793,222,507,512,512
0.43167567253112793,219,507,512,512
0.43167567253112793,217,507,512,512
0.43167567253112793,214,507,512,512
0.43515443801879883,211,507,512,512
0.43515443801879883,210,506,512,512
0.43515443801879883,207,506,512,512
0.43515443801879883,206,506,512,512
0.43515443801879883,203,506,512,512
0.43515443801879883,201,506,512,512
0.43515443801879883,199,506,512,512
0.43515443801879883,197,507,512,512
0.43515443801879883,194,507,512,512
0.43515443801879883,193,507,512,512
0.43515443801879883,191,507,512,512
0.43515443801879883,189,507,512,512
0.43515443801879883,188,507,512,512
0.44669055938720703,186,507,512,512
0.44669055938720703,184,507,512,512
0.44669055938720703,183,507,512,512
0.44669055938720703,181,508,512,512
0.44669055938720703,179,508,512,512
0.44669055938720703,178,509,512,512
0.4511902332305908,177,509,512,512
0.4511902332305908,177,509,512,512
0.4511902332305908,176,509,512,512
0.4511902332305908,175,509,512,512
0.4511902332305908,175,509,512,512
0.4511902332305908,174,509,512,512
0.4511902332305908,174,510,512,512
0.4511902332305908,173,510,512,512
0.4511902332305908,173,510,512,512
0.4511902332305908,173,510,512,512
0.4511902332305908,173,511,512,512
0.4511902332305908,173,511,512,512
0.4511902332305908,173,512,512,512
0.4511902332305908,173,512,512,512
0.4511902332305908,174,512,512,512
0.4511902332305908,174,512,512,512
0.4511902332305908,174,512,512,512
0.4511902332305908,175,513,512,512
0.46706414222717285,175,513,512,512
0.46706414222717285,176,513,512,512
0.46706414222717285,177,513,512,512
0.4704248905181885,178,514,512,512
0.4704248905181885,179,513,512,512
0.4704248905181885,180,514,512,512
0.4704248905181885,182,514,512,512
0.4704248905181885,182,514,512,512
0.4704248905181885,184,514,512,512
0.4704248905181885,186,514,512,512
0.4704248905181885,187,514,512,512
0.4704248905181885,189,514,512,512
0.4704248905181885,191,514,512,512
0.4704248905181885,193,515,512,512
0.4704248905181885,195,515,512,512
0.4704248905181885,198,515,512,512
0.4704248905181885,199,516,512,512
0.4828355312347412,201,516,512,512
0.48345041275024414,203,515,512,512
0.483900785446167,205,515,512,512
0.483900785446167,206,515,512,512
0.4860653877258301,209,515,512,512
0.4860653877258301,211,515,512,512
0.488055944442749,213,515,512,512
0.4884762763977051,215,515,512,512
0.4884762763977051,217,515,512,512
0.4884762763977051,219,515,512,512
0.4910130500793457,221,515,512,512
0.4910130500793457,224,515,512,512
0.4910130500793457,226,515,512,512
0.4910130500793457,229,515,512,512
0.4910130500793457,232,515,512,512
0.4910130500793457,232,514,512,512
0.4910130500793457,235,514,512,512
0.4910130500793457,236,514,512,512
0.4910130500793457,238,514,512,512
0.49955201148986816,240,514,512,512
0.49955201148986816,242,514,512,512
0.49955201148986816,243,514,512,512
0.49955201148986816,244,513,512,512
0.49955201148986816,245,513,512,512
0.49955201148986816,246,513,512,512
0.49955201148986816,247,513,512,512
0.49955201148986816,249,513,512,512
0.49955201148986816,249,512,512,512
0.5075271129608154,250,512,512,512
0.5083005428314209,251,511,512,512
0.5088450908660889,251,511,512,512
0.5088450908660889,251,511,512,512
0.5088450908660889,252,511,512,512
0.5088450908660889,252,511,512,512
0.5088450908660889,252,510,512,512
0.5088450908660889,251,510,512,512
0.5088450908660889,251,510,512,512
0.5088450908660889,250,510,512,512
0.515631914138794,249,509,512,512
0.5164003372192383,248,509,512,512
0.5164003372192383,248,509,512,512
0.5164003372192383,247,509,512,512
0.5164003372192383,245,509,512,512
0.5164003372192383,243,509,512,512
0.5164003372192383,242,508,512,512
0.5164003372192383,240,508,512,512
0.5164003372192383,238,508,512,512
0.5164003372192383,236,507,512,512
0.5164003372192383,235,507,512,512
0.5164003372192383,233,507,512,512
0.5164003372192383,230,507,512,512
0.5164003372192383,229,507,512,512
0.5164003372192383,227,507,512,512
0.5164003372192383,225,507,512,512
0.5164003372192383,222,507,512,512
0.5315234661102295,221,507,512,512
0.5315234661102295,219,507,512,512
0.5315234661102295,217,507,512,512
0.5315234661102295,215,507,512,512
0.5315234661102295,213,507,512,512
0.5315234661102295,211,507,512,512
0.5315234661102295,209,507,512,512
0.5315234661102295,207,507,512,512
0.5315234661102295,204,507,512,512
0.5315234661102295,202,507,512,512
0.5315234661102295,200,507,512,512
0.5315234661102295,198,507,512,512
0.5315234661102295,196,507,512,512
0.5315234661102295,195,507,512,512
0.5315234661102295,193,507,512,512
0.5315234661102295,192,507,512,512
0.5315234661102295,190,507,512,512
0.5315234661102295,189,507,512,512
0.5468573570251465,188,507,512,512
0.5468573570251465,187,508,512,512
0.5468573570251465,185,508,512,512
0.5468573570251465,184,508,512,512
0.5468573570251465,183,508,512,512
0.5468573570251465,182,508,512,512
0.5468573570251465,181,509,512,512
0.5468573570251465,180,509,512,512
0.5468573570251465,180,509,512,512
0.5468573570251465,179,509,512,512
0.5468573570251465,178,510,512,512
0.5468573570251465,178,510,512,512
0.5468573570251465,177,510,512,512
0.5468573570251465,177,510,512,512
0.5468573570251465,177,510,512,512
0.5468573570251465,177,511,512,512
0.5468573570251465,177,511,512,512
0.5468573570251465,177,511,512,512
0.562654972076416,177,511,512,512
0.562654972076416,177,511,512,512
0.562654972076416,178,511,512,512
0.562654972076416,178,511,512,512
0.562654972076416,179,512,512,512
0.562654972076416,180,512,512,512
0.562654972076416,180,512,512,512
0.562654972076416,181,513,512,512
0.562654972076416,182,513,512,512
0.562654972076416,182,513,512,512
0.562654972076416,183,514,512,512
0.562654972076416,185,514,512,512
0.562654972076416,186,514,512,512
0.562654972076416,187,514,512,512
0.562654972076416,188,514,512,512
0.562654972076416,189,514,512,512
0.562654972076416,190,514,512,512
0.562654972076416,192,514,512,512
0.5785279273986816,193,514,512,512
0.5785279273986816,195,514,512,512
0.5785279273986816,198,515,512,512
0.5785279273986816,199,515,512,512
0.5785279273986816,201,514,512,512
0.5785279273986816,203,514,512,512
0.5785279273986816,205,515,512,512
0.5785279273986816,207,515,512,512
0.5785279273986816,208,515,512,512
0.5785279273986816,211,515,512,512
0.5785279273986816,213,515,512,512
0.5785279273986816,214,515,512,512
0.5785279273986816,216,515,512,512
0.5785279273986816,217,515,512,512
0.5785279273986816,219,515,512,512
0.5785279273986816,222,515,512,512
0.5785279273986816,223,515,512,512
0.5785279273986816,225,514,512,512
0.5941979885101318,227,514,512,512
0.5941979885101318,229,514,512,512
0.5941979885101318,230,514,512,512
0.5941979885101318,231,514,512,512
0.5941979885101318,233,514,512,512
0.5941979885101318,234,514,512,512
0.5941979885101318,236,513,512,512
0.5941979885101318,238,513,512,512
0.5941979885101318,240,513,512,512
0.5941979885101318,241,513,512,512
0.5941979885101318,242,513,512,512
0.5941979885101318,242,513,512,512
0.5941979885101318,243,513,512,512
0.5941979885101318,244,512,512,512
0.5941979885101318,245,512,512,512
0.5941979885101318,245,512,512,512
0.5941979885101318,245,511,512,512
0.5941979885101318,246,511,512,512
0.610001802444458,246,511,512,512
0.610001802444458,246,511,512,512
0.610001802444458,245,511,512,512
0.610001802444458,245,511,512,512
0.610001802444458,245,510,512,512
0.610001802444458,244,510,512,512
0.610001802444458,244,509,512,512
0.610001802444458,243,509,512,512
0.610001802444458,242,509,512,512
0.610001802444458,242,509,512,512
0.610001802444458,241,509,512,512
0.610001802444458,240,509,512,512
0.610001802444458,239,509,512,512
0.610001802444458,237,508,512,512
0.610001802444458,236,508,512,512
0.610001802444458,234,508,512,512
0.610001802444458,233,508,512,512
0.610001802444458,230,508,512,512
0.6256535053253174,229,508,512,512
0.6256535053253174,228,508,512,512
0.6256535053253174,225,508,512,512
0.6256535053253174,224,508,512,512
0.6256535053253174,222,507,512,512
0.6256535053253174,220,507,512,512
0.6256535053253174,218,507,512,512
0.6256535053253174,216,507,512,512
0.6256535053253174,215,507,512,512
0.6256535053253174,213,507,512,512
0.6256535053253174,211,507,512,512
0.6256535053253174,210,507,512,512
0.6256535053253174,208,507,512,512
0.6256535053253174,207,507,512,512
0.6256535053253174,204,507,512,512
0.6256535053253174,202,507,512,512
0.6256535053253174,201,508,512,512
0.6256535053253174,199,508,512,512
0.6414499282836914,198,508,512,512
0.6414499282836914,196,508,512,512
0.6414499282836914,195,508,512,512
0.6414499282836914,193,508,512,512
0.6414499282836914,191,508,512,512
0.6414499282836914,190,508,512,512
0.6471412181854248,189,508,512,512
0.6471412181854248,188,508,512,512
0.6471412181854248,188,508,512,512
0.6471412181854248,187,508,512,512
0.6471412181854248,185,508,512,512
0.6471412181854248,185,509,512,512
0.6471412181854248,183,509,512,512
0.6471412181854248,183,509,512,512
0.6471412181854248,182,510,512,512
0.6471412181854248,182,510,512,512
0.6471412181854248,182,510,512,512
0.6471412181854248,181,510,512,512
0.6572630405426025,181,510,512,512
0.6572630405426025,181,511,512,512
0.6572630405426025,180,511,512,512
0.6572630405426025,180,511,512,512
0.6572630405426025,180,511,512,512
0.6572630405426025,180,512,512,512
0.6572630405426025,180,512,512,512
0.6572630405426025,181,512,512,512
0.6572630405426025,181,512,512,512
0.6572630405426025,181,512,512,512
0.6572630405426025,182,513,512,512
0.6572630405426025,183,512,512,512
0.6572630405426025,183,513,512,512
0.6572630405426025,185,513,512,512
0.6572630405426025,185,513,512,512
0.6572630405426025,186,513,512,512
0.6572630405426025,187,513,512,512
0.6729147434234619,188,514,512,512
0.6729147434234619,189,514,512,512
0.6729147434234619,191,514,512,512
0.6729147434234619,192,514,512,512
0.6729147434234619,192,514,512,512
0.6729147434234619,194,514,512,512
0.6729147434234619,195,514,512,512
0.6729147434234619,196,514,512,512
0.6729147434234619,198,514,512,512
0.6729147434234619,200,514,512,512
0.6729147434234619,201,514,512,512
0.6729147434234619,203,514,512,512
0.6729147434234619,205,514,512,512
0.6729147434234619,206,514,512,512
0.6729147434234619,208,515,512,512
0.6729147434234619,210,514,512,512
0.6729147434234619,211,514,512,512
0.6729147434234619,213,514,512,512
0.6729147434234619,215,514,512,512
0.6889801025390625,216,514,512,512
0.6889801025390625,218,514,512,512
0.6889801025390625,219,514,512,512
0.6889801025390625,221,514,512,512
0.6889801025390625,222,514,512,512
0.6889801025390625,224,514,512,512
0.6889801025390625,226,514,512,512
0.6889801025390625,227,514,512,512
0.6889801025390625,229,514,512,512
0.6889801025390625,230,514,512,512
0.6889801025390625,231,514,512,512
0.6889801025390625,233,513,512,512
0.6889801025390625,234,513,512,512
0.6889801025390625,235,513,512,512
0.6889801025390625,236,513,512,512
0.6889801025390625,237,513,512,512
0.6889801025390625,238,513,512,512
0.6889801025390625,238,512,512,512
0.7049956321716309,239,512,512,512
0.7049956321716309,240,512,512,512
0.7067813873291016,240,512,512,512
0.7074487209320068,241,511,512,512
0.7084543704986572,241,511,512,512
0.7084543704986572,241,511,512,512
0.7084543704986572,241,511,512,512
0.7084543704986572,241,511,512,512
0.7084543704986572,241,511,512,512
0.7084543704986572,241,511,512,512
0.7084543704986572,240,510,512,512
0.7084543704986572,240,510,512,512
0.7084543704986572,239,510,512,512
0.7084543704986572,238,510,512,512
0.7084543704986572,237,509,512,512
0.7084543704986572,237,509,512,512
0.7084543704986572,235,509,512,512
0.7084543704986572,235,509,512,512
0.7207515239715576,233,509,512,512
0.7207515239715576,232,509,512,512
0.7207515239715576,231,508,512,512
0.7207515239715576,230,508,512,512
0.7207515239715576,228,508,512,512
0.7207515239715576,227,508,512,512
0.7207515239715576,226,508,512,512
0.7207515239715576,225,508,512,512
0.7207515239715576,223,508,512,512
0.7207515239715576,222,508,512,512
0.7207515239715576,220,508,512,512
0.7207515239715576,218,507,512,512
0.7207515239715576,216,507,512,512
0.7207515239715576,215,507,512,512
0.7207515239715576,213,507,512,512
0.7207515239715576,212,508,512,512
0.7207515239715576,210,508,512,512
0.7207515239715576,208,508,512,512
0.7371256351470947,207,508,512,512
0.7378127574920654,206,508,512,512
0.7378127574920654,204,508,512,512
0.7378127574920654,202,508,512,512
0.7378127574920654,200,508,512,512
0.7378127574920654,199,508,512,512
0.7378127574920654,198,508,512,512
0.7378127574920654,197,508,512,512
0.7378127574920654,196,508,512,512
0.7378127574920654,195,508,512,512
0.7378127574920654,194,509,512,512
0.7378127574920654,192,509,512,512
0.7472865581512451,191,509,512,512
0.7472865581512451,190,509,512,512
0.7472865581512451,189,509,512,512
0.7472865581512451,188,509,512,512
0.7472865581512451,188,509,512,512
0.7472865581512451,187,509,512,512
0.7524914741516113,186,510,512,512
0.7524914741516113,186,509,512,512
0.7524914741516113,185,509,512,512
0.7524914741516113,184,510,512,512
0.7524914741516113,184,510,512,512
0.7524914741516113,184,510,512,512
0.7524914741516113,184,511,512,512
0.7524914741516113,184,511,512,512
0.7524914741516113,184,511,512,512
0.7524914741516113,184,511,512,512
0.7524914741516113,184,511,512,512
0.7524914741516113,184,511,512,512
0.7524914741516113,185,511,512,512
0.7524914741516113,185,512,512,512
0.7524914741516113,185,512,512,512
0.7524914741516113,186,512,512,512
0.7524914741516113,186,512,512,512
0.7524914741516113,186,513,512,512
0.7681393623352051,187,513,512,512
0.7692322731018066,188,513,512,512
0.7692322731018066,189,513,512,512
0.7692322731018066,189,513,512,512
0.7692322731018066,190,513,512,512
0.7692322731018066,191,513,512,512
0.7692322731018066,192,513,512,512
0.7692322731018066,193,514,512,512
0.7692322731018066,195,514,512,512
0.7692322731018066,196,514,512,512
0.7692322731018066,197,514,512,512
0.7692322731018066,198,514,512,512
0.7692322731018066,199,514,512,512
0.7692322731018066,201,514,512,512
0.7692322731018066,202,514,512,512
0.7692322731018066,204,514,512,512
0.7692322731018066,205,514,512,512
0.7692322731018066,207,514,512,512
0.7838881015777588,208,514,512,512
0.7838881015777588,209,514,512,512
0.7858996391296387,210,514,512,512
0.7858996391296387,212,514,512,512
0.7858996391296387,213,514,512,512
0.7879080772399902,215,514,512,512
0.7879080772399902,216,514,512,512
0.7899153232574463,218,514,512,512
0.7899153232574463,219,514,512,512
0.7919235229492188,221,514,512,512
0.7919235229492188,222,514,512,512
0.7919235229492188,224,513,512,512
0.7939317226409912,225,513,512,512
0.7939317226409912,226,513,512,512
0.7966053485870361,227,513,512,512
0.7973475456237793,228,513,512,512
0.7973475456237793,229,513,512,512
0.7973475456237793,230,513,512,512
0.79978346824646,231,513,512,512
0.8006658554077148,232,513,512,512
0.8011925220489502,233,512,512,512
0.8022480010986328,234,512,512,512
0.803300142288208,235,512,512,512
0.8041458129882812,235,512,512,512
0.8054778575897217,235,511,512,512
0.8058593273162842,236,511,512,512
0.8058593273162842,236,511,512,512
0.8058593273162842,236,512,512,512
0.8058593273162842,236,511,512,512
0.8058593273162842,237,511,512,512
0.8058593273162842,237,511,512,512
0.8058593273162842,237,511,512,512
0.8058593273162842,236,511,512,512
0.8058593273162842,236,511,512,512
0.8058593273162842,236,510,512,512
0.8058593273162842,235,510,512,512
0.8163690567016602,235,510,512,512
0.8163690567016602,234,510,512,512
0.8177416324615479,234,509,512,512
0.8183021545410156,233,509,512,512
0.8183021545410156,232,509,512,512
0.8183021545410156,231,509,512,512
0.8183021545410156,230,509,512,512
0.8183021545410156,229,509,512,512
0.8183021545410156,228,509,512,512
0.8236327171325684,226,509,512,512
0.8236327171325684,225,509,512,512
0.8236327171325684,224,509,512,512
0.8236327171325684,222,508,512,512
0.8236327171325684,221,508,512,512
0.8236327171325684,219,508,512,512
0.8236327171325684,218,508,512,512
0.8236327171325684,217,508,512,512
0.8236327171325684,216,508,512,512
0.8320622444152832,215,508,512,512
0.8320622444152832,213,508,512,512
0.8320622444152832,212,508,512,512
0.8320622444152832,210,508,512,512
0.8320622444152832,209,508,512,512
0.8320622444152832,207,508,512,512
0.8320622444152832,206,508,512,512
0.8320622444152832,205,509,512,512
0.8320622444152832,203,509,512,512
0.8320622444152832,202,508,512,512
0.8402729034423828,200,508,512,512
0.8402729034423828,199,508,512,512
0.8402729034423828,198,508,512,512
0.8402729034423828,197,508,512,512
0.8402729034423828,196,508,512,512
0.8402729034423828,195,508,512,512
0.8402729034423828,194,508,512,512
0.8402729034423828,193,508,512,512
0.8474650382995605,192,509,512,512
0.8484809398651123,192,509,512,512
0.8484809398651123,191,509,512,512
0.8500359058380127,190,510,512,512
0.8500359058380127,190,510,512,512
0.8500359058380127,189,510,512,512
0.8500359058380127,189,510,512,512
0.8500359058380127,188,510,512,512
0.8500359058380127,188,510,512,512
0.8500359058380127,187,510,512,512
0.8500359058380127,187,511,512,512
0.8500359058380127,187,511,512,512
0.8500359058380127,187,511,512,512
0.8500359058380127,186,511,512,512
0.8500359058380127,186,511,512,512
0.8500359058380127,186,511,512,512
0.8500359058380127,186,511,512,512
0.8500359058380127,187,511,512,512
0.8500359058380127,187,511,512,512
0.8641664981842041,187,511,512,512
0.8641664981842041,188,512,512,512
0.8641664981842041,188,512,512,512
0.8641664981842041,189,512,512,512
0.8641664981842041,189,513,512,512
0.8641664981842041,190,513,512,512
0.8641664981842041,191,513,512,512
0.8641664981842041,191,513,512,512
0.8641664981842041,192,513,512,512
0.8641664981842041,193,513,512,512
0.8641664981842041,194,513,512,512
0.8641664981842041,195,513,512,512
0.8641664981842041,196,513,512,512
0.8641664981842041,197,513,512,512
0.8641664981842041,198,513,512,512
0.8641664981842041,199,514,512,512
0.8641664981842041,200,514,512,512
0.8641664981842041,201,514,512,512
0.8799011707305908,202,514,512,512
0.880784273147583,204,514,512,512
0.8824348449707031,205,513,512,512
0.8824348449707031,207,513,512,512
0.8834481239318848,208,513,512,512
0.8843722343444824,209,513,512,512
0.884882926940918,210,513,512,512
0.8864760398864746,211,513,512,512
0.8864760398864746,212,514,512,512
0.8880248069763184,214,514,512,512
0.8880248069763184,215,514,512,512
0.8895843029022217,216,514,512,512
0.8895843029022217,218,514,512,512
0.8911440372467041,219,514,512,512
0.8926868438720703,220,513,512,512
0.8926868438720703,221,513,512,512
0.8926868438720703,222,513,512,512
0.8943150043487549,223,513,512,512
0.8959338665008545,224,513,512,512
0.8959338665008545,225,513,512,512
0.8976078033447266,226,513,512,512
0.8976078033447266,227,513,512,512
0.8991868495941162,228,513,512,512
0.9000961780548096,229,513,512,512
0.9006650447845459,230,513,512,512
0.9006650447845459,230,513,512,512
0.9021971225738525,231,512,512,512
0.9037730693817139,231,512,512,512
0.9037730693817139,232,512,512,512
0.905444860458374,232,512,512,512
0.905444860458374,232,512,512,512
0.9070546627044678,233,512,512,512
0.9086043834686279,233,512,512,512
0.9086043834686279,233,512,512,512
0.9086043834686279,233,511,512,512
0.9101846218109131,233,511,512,512
0.9117248058319092,232,511,512,512
0.9117248058319092,232,511,512,512
0.9133303165435791,232,511,512,512
0.9133303165435791,232,511,512,512
0.9149367809295654,231,510,512,512
0.9162724018096924,231,510,512,512
0.9167459011077881,230,510,512,512
0.9178190231323242,230,510,512,512
0.9178190231323242,229,510,512,512
0.9178190231323242,228,510,512,512
0.9198381900787354,227,510,512,512
0.9198381900787354,226,509,512,512
0.9198381900787354,225,509,512,512
0.9198381900787354,224,509,512,512
0.9198381900787354,223,509,512,512
0.9198381900787354,222,509,512,512
0.9198381900787354,220,508,512,512
0.9198381900787354,220,508,512,512
0.9198381900787354,218,508,512,512
0.9279937744140625,217,508,512,512
0.9292535781860352,216,509,512,512
0.929821252822876,215,509,512,512
0.929821252822876,214,509,512,512
0.929821252822876,213,509,512,512
0.929821252822876,211,509,512,512
0.929821252822876,210,509,512,512
0.929821252822876,209,509,512,512
0.929821252822876,207,509,512,512
0.9360532760620117,206,509,512,512
0.9360532760620117,206,509,512,512
0.9360532760620117,204,509,512,512
0.9360532760620117,203,509,512,512
0.9360532760620117,202,509,512,512
0.9360532760620117,200,509,512,512
0.9360532760620117,199,509,512,512
0.9360532760620117,199,509,512,512
0.9360532760620117,198,509,512,512
0.9360532760620117,197,509,512,512
0.9360532760620117,196,509,512,512
0.9360532760620117,195,509,512,512
0.9360532760620117,194,509,512,512
0.9473567008972168,193,510,512,512
0.9482882022857666,193,510,512,512
0.9492053985595703,192,510,512,512
0.9492053985595703,192,510,512,512
0.9492053985595703,191,510,512,512
0.952167272567749,190,510,512,512
0.952167272567749,190,510,512,512
0.952167272567749,190,510,512,512
0.952167272567749,189,511,512,512
0.952167272567749,189,511,512,512
0.952167272567749,189,511,512,512
0.952167272567749,189,511,512,512
0.952167272567749,189,511,512,512
0.952167272567749,189,511,512,512
0.952167272567749,189,512,512,512
0.952167272567749,189,512,512,512
0.952167272567749,189,512,512,512
0.952167272567749,190,512,512,512
0.952167272567749,190,512,512,512
0.952167272567749,190,512,512,512
0.952167272567749,191,512,512,512
0.952167272567749,191,512,512,512
0.952167272567749,191,512,512,512
0.952167272567749,192,512,512,512
0.9682676792144775,192,512,512,512
0.9694163799285889,193,513,512,512
0.9708516597747803,194,513,512,512
0.9717886447906494,195,513,512,512
0.972123384475708,195,513,512,512
0.972123384475708,196,513,512,512
0.972123384475708,197,513,512,512
0.972123384475708,198,513,512,512
0.972123384475708,199,513,512,512
0.9764389991760254,200,513,512,512
0.9764389991760254,201,514,512,512
0.9764389991760254,202,514,512,512
0.9764389991760254,203,514,512,512
0.9764389991760254,204,514,512,512
0.9764389991760254,205,514,512,512
0.9764389991760254,206,514,512,512
0.9764389991760254,207,514,512,512
0.9833533763885498,208,514,512,512
0.9844920635223389,210,514,512,512
0.9844920635223389,211,514,512,512
0.9844920635223389,212,514,512,512
0.9844920635223389,213,513,512,512
0.9844920635223389,214,513,512,512
0.9844920635223389,215,513,512,512
0.9844920635223389,216,513,512,512
0.9844920635223389,218,513,512,512
0.9844920635223389,219,513,512,512
0.9844920635223389,219,513,512,512
0.9937160015106201,220,513,512,512
0.9944751262664795,221,513,512,512
0.9944751262664795,222,513,512,512
0.9944751262664795,223,513,512,512
0.9944751262664795,224,513,512,512
0.9944751262664795,225,513,512,512
0.9944751262664795,226,513,512,512
0.9944751262664795,226,513,512,512
1.0004091262817383,227,513,512,512
1.0004091262817383,228,512,512,512
1.0004091262817383,228,512,512,512
1.0004091262817383,229,512,512,512
1.0004091262817383,229,512,512,512
1.0004091262817383,229,512,512,512
1.0004091262817383,229,511,512,512
1.0004091262817383,229,511,512,512
1.0004091262817383,230,511,512,512
1.0004091262817383,230,511,512,512
1.0004091262817383,230,511,512,512
1.0004091262817383,229,511,512,512
1.0004091262817383,229,511,512,512
1.0004091262817383,229,511,512,512
1.0004091262817383,229,511,512,512
1.0004091262817383,229,510,512,512
1.0004091262817383,228,510,512,512
1.0004091262817383,228,510,512,512
1.0162270069122314,227,510,512,512
1.0174169540405273,227,510,512,512
1.018155574798584,226,510,512,512
1.018155574798584,225,510,512,512
1.018155574798584,225,510,512,512
1.018155574798584,223,510,512,512
1.018155574798584,223,510,512,512
1.018155574798584,222,509,512,512
1.018155574798584,221,509,512,512
1.018155574798584,220,509,512,512
1.018155574798584,219,509,512,512
1.018155574798584,218,509,512,512
1.018155574798584,217,509,512,512
1.018155574798584,216,509,512,512
1.018155574798584,215,509,512,512
1.018155574798584,214,509,512,512
1.018155574798584,213,509,512,512
1.018155574798584,212,509,512,512
1.031888484954834,211,509,512,512
1.031888484954834,210,509,512,512
1.031888484954834,209,509,512,512
1.031888484954834,207,509,512,512
1.031888484954834,206,509,512,512
1.031888484954834,206,509,512,512
1.031888484954834,205,509,512,512
1.031888484954834,203,509,512,512
1.031888484954834,203,509,512,512
1.031888484954834,202,509,512,512
1.031888484954834,201,509,512,512
1.031888484954834,200,509,512,512
1.031888484954834,199,510,512,512
1.031888484954834,198,509,512,512
1.031888484954834,197,509,512,512
1.031888484954834,197,509,512,512
1.031888484954834,196,510,512,512
1.0473449230194092,195,509,512,512
1.0473449230194092,194,509,512,512
1.0473449230194092,194,509,512,512
1.0473449230194092,194,510,512,512
1.0473449230194092,193,510,512,512
1.0473449230194092,192,510,512,512
1.0473449230194092,192,511,512,512
1.0473449230194092,192,511,512,512
1.0473449230194092,191,510,512,512
1.0473449230194092,191,511,512,512
1.0473449230194092,191,511,512,512
1.0473449230194092,191,511,512,512
1.0473449230194092,191,511,512,512
1.0473449230194092,191,512,512,512
1.0473449230194092,191,512,512,512
1.0473449230194092,191,512,512,512
1.0473449230194092,192,512,512,512
1.0473449230194092,192,512,512,512
1.0473449230194092,192,512,512,512
1.063199520111084,192,512,512,512
1.063199520111084,193,513,512,512
1.0649104118347168,193,512,512,512
1.0664927959442139,194,512,512,512
1.0664927959442139,194,512,512,512
1.0680408477783203,194,513,512,512
1.0680408477783203,195,513,512,512
1.0696372985839844,195,513,512,512
1.0696372985839844,196,513,512,512
1.0696372985839844,197,513,512,512
1.0696372985839844,198,513,512,512
1.0696372985839844,199,513,512,512
1.0696372985839844,199,513,512,512
1.0696372985839844,200,513,512,512
1.0696372985839844,201,513,512,512
1.0696372985839844,202,513,512,512
1.0696372985839844,202,513,512,512
1.0696372985839844,204,513,512,512
1.079329252243042,205,513,512,512
1.079329252243042,206,513,512,512
1.079329252243042,207,513,512,512
1.079329252243042,208,514,512,512
1.0831785202026367,209,514,512,512
1.0831785202026367,210,513,512,512
1.0846891403198242,211,513,512,512
1.0857009887695312,211,513,512,512
1.0857009887695312,213,513,512,512
1.0876777172088623,214,513,512,512
1.0876777172088623,215,513,512,512
1.0876777172088623,215,513,512,512
1.0876777172088623,216,513,512,512
1.0876777172088623,217,513,512,512
1.0876777172088623,218,513,512,512
1.0876777172088623,220,513,512,512
1.0876777172088623,220,513,512,512
1.0876777172088623,221,513,512,512
1.0951745510101318,222,513,512,512
1.096367359161377,222,513,512,512
1.096367359161377,223,512,512,512
1.096367359161377,223,512,512,512
1.0983786582946777,224,512,512,512
1.0983786582946777,225,512,512,512
1.0983786582946777,226,512,512,512
1.0983786582946777,226,512,512,512
1.0983786582946777,226,512,512,512
1.0983786582946777,227,512,512,512
1.0983786582946777,227,512,512,512
1.0983786582946777,227,512,512,512
1.0983786582946777,227,511,512,512
1.0983786582946777,227,511,512,512
1.0983786582946777,227,511,512,512
1.0983786582946777,227,511,512,512
1.0983786582946777,227,511,512,512
1.1112093925476074,227,511,512,512
1.1112093925476074,227,510,512,512
1.1112093925476074,227,510,512,512
1.1138336658477783,226,511,512,513
1.1145570278167725,226,511,512,512
1.1145570278167725,225,510,512,513
1.1145570278167725,225,511,512,513
1.1145570278167725,224,511,457,500
1.1145570278167725,224,511,457,495
1.1145570278167725,223,510,457,491
1.1145570278167725,222,506,457,487
1.1145570278167725,221,501,457,484
1.1145570278167725,220,495,457,481
1.1145570278167725,220,485,457,480
1.1145570278167725,219,478,457,479
1.1145570278167725,218,472,457,479
1.1145570278167725,217,467,457,480
1.126875638961792,216,463,457,480
1.126875638961792,216,459,457,480
1.126875638961792,215,457,457,480
1.126875638961792,213,457,457,481
1.126875638961792,213,456,457,481
1.126875638961792,212,456,457,481
1.126875638961792,211,457,457,481
1.126875638961792,211,457,457,481
1.126875638961792,210,458,457,481
1.126875638961792,210,458,457,481
1.126875638961792,209,458,457,480
1.126875638961792,209,458,457,480
1.126875638961792,209,459,527,497
1.126875638961792,209,459,527,503
1.126875638961792,208,461,527,508
1.126875638961792,208,464,527,513
1.126875638961792,208,469,527,518
1.126875638961792,208,481,527,521
1.1425533294677734,208,490,527,523
1.1425533294677734,208,499,527,524
1.1425533294677734,208,512,527,523
1.1425533294677734,208,518,527,523
1.1425533294677734,208,524,527,523
1.1476778984069824,208,528,527,522
1.1476778984069824,208,530,527,521
1.1476778984069824,208,532,527,520
1.1476778984069824,208,532,527,520
1.1476778984069824,208,531,527,519
1.1476778984069824,208,529,527,519
1.1476778984069824,208,528,527,519
1.1476778984069824,208,527,527,519
1.1476778984069824,207,526,527,520
1.1476778984069824,207,525,527,520
1.1476778984069824,207,525,527,520
1.1476778984069824,207,525,444,494
1.1582183837890625,206,524,444,494
1.1582183837890625,206,522,444,487
1.1582183837890625,205,517,444,481
1.1582183837890625,205,506,444,477
1.1582183837890625,205,496,444,473
1.1582183837890625,205,485,444,471
1.1582183837890625,205,471,444,470
1.1582183837890625,205,463,444,470
1.1582183837890625,205,453,444,470
1.1582183837890625,205,449,444,471
1.1582183837890625,205,446,444,471
1.1582183837890625,205,445,444,471
1.1582183837890625,205,443,444,471
1.1582183837890625,205,443,444,472
1.1582183837890625,206,444,444,472
1.1582183837890625,206,444,444,472
1.1582183837890625,207,445,444,472
1.1740472316741943,207,446,444,472
1.175102710723877,208,446,444,471
1.175102710723877,209,447,444,471
1.175102710723877,210,446,507,486
1.175102710723877,210,446,507,491
1.175102710723877,211,447,507,496
1.175102710723877,212,449,507,501
1.175102710723877,213,453,507,501
1.175102710723877,215,459,507,504
1.175102710723877,216,465,507,507
1.175102710723877,217,476,507,509
1.175102710723877,218,483,507,510
1.175102710723877,219,490,507,510
1.175102710723877,220,497,507,510
1.175102710723877,222,502,507,510
1.175102710723877,223,505,507,510
1.175102710723877,224,507,507,509
1.189936876296997,224,508,507,509
1.189936876296997,225,509,507,509
1.189936876296997,226,508,507,509
1.189936876296997,227,508,507,509
1.189936876296997,228,508,507,509
1.189936876296997,229,507,507,508
1.189936876296997,229,507,507,509
1.189936876296997,230,506,507,509
1.189936876296997,230,506,436,492
1.189936876296997,230,505,436,486
1.198779582977295,231,504,436,480
1.198779582977295,231,492,436,472
1.198779582977295,231,484,436,468
1.198779582977295,231,476,436,468
1.198779582977295,231,467,436,467
1.198779582977295,231,459,436,466
1.198779582977295,231,450,436,466
1.2059414386749268,230,446,436,466
1.2059414386749268,230,442,436,466
1.208400011062622,230,440,436,466
1.2087457180023193,230,438,436,466
1.2087457180023193,230,437,436,466
1.210301399230957,230,437,436,466
1.2127106189727783,230,437,436,466
1.2127106189727783,229,437,436,466
1.2127106189727783,229,436,436,466
1.2142226696014404,229,436,436,466
1.215865135192871,229,436,436,466
1.215865135192871,229,436,436,466
1.2198820114135742,229,436,477,476
1.2198820114135742,229,437,477,480
1.2198820114135742,229,437,477,483
1.2198820114135742,229,440,477,486
1.2198820114135742,229,443,477,488
1.2218918800354004,229,449,477,490
1.2218918800354004,228,454,477,492
1.2218918800354004,228,459,477,492
1.2218918800354004,228,463,477,493
1.2218918800354004,228,466,477,493
1.2218918800354004,228,471,477,493
1.2218918800354004,228,473,477,493
1.2218918800354004,227,474,477,493
1.2218918800354004,227,475,477,492
1.2299623489379883,227,476,477,492
1.2313642501831055,226,476,477,493
1.2326087951660156,226,476,477,493
1.2326087951660156,226,476,477,493
1.2348740100860596,225,476,477,493
1.2366664409637451,225,476,477,493
1.2366664409637451,224,476,477,493
1.2366664409637451,224,476,477,493
1.2366664409637451,223,476,416,478
1.2366664409637451,223,476,416,473
1.2366664409637451,222,474,416,468
1.2366664409637451,221,471,416,464
1.2366664409637451,221,466,416,460
1.2366664409637451,220,457,416,457
1.2366664409637451,220,450,416,456
1.2366664409637451,219,440,416,454
1.2366664409637451,219,434,416,454
1.245715856552124,218,430,416,454
1.245715856552124,217,426,416,454
1.247783899307251,217,424,416,454
1.247783899307251,216,421,416,453
1.2497494220733643,216,420,416,453
1.250490427017212,216,419,416,453
1.250490427017212,215,418,416,453
1.2525012493133545,215,418,416,453
1.2525012493133545,215,418,416,453
1.2525012493133545,215,418,416,453
1.2525012493133545,216,418,416,453
1.2525012493133545,216,417,416,453
1.2525012493133545,216,417,456,462
1.2525012493133545,216,417,456,466
1.2525012493133545,217,418,456,469
1.2525012493133545,217,419,456,469
1.2525012493133545,218,422,456,471
1.2617683410644531,218,426,456,474
1.2617683410644531,219,430,456,476
1.2617683410644531,219,434,456,477
1.2617683410644531,220,440,456,478
1.2617683410644531,221,444,456,478
1.2663180828094482,221,448,456,478
1.2663180828094482,222,451,456,478
1.2670958042144775,223,452,456,478
1.2670958042144775,223,453,456,478
1.2670958042144775,224,454,456,478
1.2670958042144775,225,454,456,478
1.2670958042144775,225,454,456,478
1.2670958042144775,226,454,456,479
1.2670958042144775,227,455,456,478
1.2670958042144775,228,455,456,479
1.2670958042144775,229,455,456,479
1.2670958042144775,230,455,456,479
1.2670958042144775,230,455,410,468
1.277482509613037,231,455,410,464
1.277482509613037,232,455,410,460
1.277482509613037,232,453,410,457
1.277482509613037,232,450,410,454
1.277482509613037,233,446,410,454
1.2830705642700195,233,439,410,452
1.2830705642700195,234,433,410,450
1.2844507694244385,234,428,410,450
1.2844507694244385,235,424,410,449
1.2844507694244385,235,419,410,449
1.2844507694244385,236,417,410,449
1.2844507694244385,236,414,410,449
1.2844507694244385,236,413,410,449
1.2844507694244385,237,413,410,449
1.2844507694244385,237,412,410,449
1.2844507694244385,237,412,410,449
1.2932097911834717,238,412,410,449
1.2932097911834717,238,411,410,448
1.2932097911834717,239,411,410,448
1.2932097911834717,240,411,410,448
1.2932097911834717,240,411,410,448
1.2932097911834717,240,411,438,455
1.2932097911834717,241,410,438,457
1.2996342182159424,241,410,438,460
1.2996342182159424,242,412,438,462
1.301058053970337,242,414,438,463
1.301058053970337,243,416,438,465
1.301058053970337,243,420,438,466
1.301058053970337,243,423,438,466
1.301058053970337,244,427,438,466
1.301058053970337,244,429,438,467
1.301058053970337,244,431,438,467
1.301058053970337,244,433,438,467
1.301058053970337,245,434,438,467
1.3089306354522705,245,435,438,467
1.3089306354522705,245,436,438,468
1.3089306354522705,245,436,438,468
1.3089306354522705,245,436,438,468
1.3089306354522705,245,436,438,468
1.3089306354522705,245,436,438,468
1.3089306354522705,244,437,438,468
1.3163676261901855,244,437,438,468
1.3163676261901855,244,437,438,468
1.3175137042999268,243,437,393,457
1.3175137042999268,243,437,393,454
1.3175137042999268,242,436,393,450
1.319528579711914,241,433,393,447
1.319528579711914,241,430,393,444
1.319528579711914,240,423,393,442
1.319528579711914,239,418,393,441
1.319528579711914,238,413,393,440
1.3245220184326172,238,409,393,439
1.3245220184326172,237,405,393,439
1.3245220184326172,237,401,393,439
1.3245220184326172,236,399,393,439
1.3245220184326172,235,398,393,439
1.3245220184326172,235,396,393,439
1.3245220184326172,234,395,393,439
1.3245220184326172,234,394,393,439
1.3245220184326172,233,394,393,439
1.333221197128296,233,394,393,439
1.333221197128296,232,394,393,439
1.333221197128296,232,394,393,439
1.333221197128296,231,394,393,439
1.333221197128296,231,394,393,438
1.333221197128296,231,394,413,443
1.333221197128296,231,394,413,445
1.333221197128296,230,395,413,446
1.333221197128296,230,396,413,448
1.3414015769958496,230,397,413,449
1.3414015769958496,230,400,413,450
1.3414015769958496,230,402,413,450
1.3414015769958496,230,405,413,451
1.3414015769958496,230,407,413,451
1.3414015769958496,230,408,413,451
1.3414015769958496,230,409,413,451
1.3479938507080078,230,410,413,451
1.3479938507080078,230,411,413,451
1.3479938507080078,231,411,413,451
1.3500714302062988,231,411,413,452
1.3500714302062988,231,411,413,452
1.3500714302062988,231,412,413,452
1.3500714302062988,232,412,413,452
1.3500714302062988,232,412,413,452
1.3500714302062988,232,412,413,452
1.3500714302062988,232,413,413,452
1.3500714302062988,233,413,386,445
1.3578710556030273,233,413,386,443
1.3578710556030273,233,413,386,441
1.3578710556030273,234,412,386,441
1.3578710556030273,234,410,386,439
1.3578710556030273,234,407,386,437
1.3578710556030273,235,404,386,436
1.3578710556030273,235,401,386,435
1.3578710556030273,235,397,386,434
1.3578710556030273,236,395,386,434
1.3664114475250244,236,391,386,434
1.3664114475250244,236,390,386,434
1.3664114475250244,237,389,386,434
1.3664114475250244,237,388,386,434
1.3664114475250244,238,387,386,434
1.3664114475250244,238,387,386,434
1.3664114475250244,239,387,386,434
1.3664114475250244,240,387,386,434
1.3664114475250244,240,387,386,434
1.3664114475250244,241,387,386,434
1.3664114475250244,242,387,386,434
1.3664114475250244,242,387,386,434
1.3664114475250244,243,387,403,438
1.3664114475250244,244,387,403,439
1.3664114475250244,245,387,403,440
1.3664114475250244,246,388,403,442
1.3664114475250244,246,388,403,443
1.3815500736236572,247,389,403,443
1.3827168941497803,247,392,403,444
1.383331537246704,248,394,403,444
1.3841090202331543,249,395,403,445
1.3855228424072266,249,397,403,445
1.3855228424072266,250,399,403,445
1.3855228424072266,250,400,403,445
1.3855228424072266,251,401,403,445
1.3855228424072266,252,401,403,445
1.3897433280944824,253,401,403,445
1.3897433280944824,253,401,403,446
1.3897433280944824,253,401,403,446
1.3897433280944824,254,401,403,446
1.3897433280944824,254,401,403,446
1.3897433280944824,254,402,403,446
1.3897433280944824,255,402,403,446
1.3897433280944824,255,402,403,446
1.3897433280944824,255,402,375,439
1.3980433940887451,255,403,375,437
1.3980433940887451,255,402,375,435
1.400285005569458,255,400,375,433
1.400285005569458,255,399,375,431
1.400285005569458,255,396,375,429
1.400285005569458,254,392,375,429
1.400285005569458,254,389,375,429
1.400285005569458,254,385,375,428
1.400285005569458,253,382,375,428
1.400285005569458,253,380,375,428
1.400285005569458,253,378,375,428
1.400285005569458,252,377,375,428
1.400285005569458,251,376,375,428
1.400285005569458,251,376,375,428
1.400285005569458,251,376,375,428
1.400285005569458,250,376,375,428
1.400285005569458,250,375,375,428
1.413799524307251,250,376,375,428
1.414947271347046,250,375,375,428
1.414947271347046,249,375,375,428
1.4163017272949219,249,375,375,428
1.4175231456756592,249,375,380,429
1.4175231456756592,248,375,380,430
1.4175231456756592,248,375,380,430
1.4203174114227295,248,376,380,430
1.4203174114227295,247,376,380,431
1.42205810546875,247,376,380,431
1.42205810546875,246,377,380,431
1.42205810546875,246,378,380,431
1.42205810546875,245,378,380,431
1.42205810546875,245,379,380,431
1.42205810546875,245,379,380,431
1.42205810546875,244,379,380,431
1.42205810546875,244,379,380,431
1.42205810546875,244,379,380,431
1.4301180839538574,244,379,380,432
1.4301180839538574,243,379,380,432
1.4301180839538574,243,379,380,432
1.4331254959106445,243,379,380,432
1.4331254959106445,243,379,380,432
1.4331254959106445,242,380,380,432
1.435685396194458,242,380,380,432
1.435685396194458,242,380,380,432
1.4376957416534424,242,381,361,427
1.4376957416534424,242,381,361,425
1.4392352104187012,242,380,361,424
1.4392352104187012,242,379,361,422
1.4392352104187012,242,377,361,421
1.4392352104187012,242,374,361,420
1.4392352104187012,242,372,361,420
1.4392352104187012,242,369,361,419
1.4392352104187012,241,367,361,419
1.4459125995635986,241,365,361,419
1.44718337059021,241,364,361,419
1.44718337059021,241,363,361,419
1.4481935501098633,241,362,361,419
1.4481935501098633,241,362,361,419
1.4481935501098633,242,362,361,419
1.4481935501098633,242,362,361,419
1.4481935501098633,242,362,361,419
1.4481935501098633,243,362,361,419
1.4539315700531006,243,361,361,419
1.4539315700531006,243,361,361,419
1.4539315700531006,244,361,361,419
1.4539315700531006,244,362,372,421
1.4539315700531006,245,362,372,422
1.4539315700531006,246,362,372,422
1.4539315700531006,246,362,372,423
1.4539315700531006,247,362,372,424
1.4539315700531006,247,363,372,424
1.4539315700531006,248,364,372,425
1.4539315700531006,249,366,372,425
1.4539315700531006,249,367,372,426
1.4539315700531006,250,368,372,426
1.4539315700531006,250,369,372,426
1.4539315700531006,251,369,372,426
1.4539315700531006,251,370,372,426
1.4539315700531006,252,371,372,426
1.4700839519500732,253,371,372,426
1.4700839519500732,254,371,372,426
1.4720244407653809,255,371,372,426
1.4729061126708984,255,371,372,426
1.4729061126708984,256,371,372,426
1.4729061126708984,256,371,372,426
1.4729061126708984,257,371,372,427
1.4729061126708984,258,371,372,427
1.4729061126708984,258,371,356,423
1.4729061126708984,259,371,356,422
1.4729061126708984,259,371,356,420
1.4729061126708984,259,371,356,419
1.4729061126708984,260,370,356,419
1.4729061126708984,260,369,356,418
1.4729061126708984,260,367,356,417
1.4729061126708984,260,365,356,417
1.4729061126708984,261,363,356,416
1.4857368469238281,261,361,356,416
1.4857368469238281,261,359,356,416
1.4857368469238281,262,358,356,416
1.4857368469238281,262,357,356,416
1.4857368469238281,262,356,356,416
1.4857368469238281,262,356,356,416
1.4857368469238281,262,356,356,416
1.4857368469238281,262,356,356,416
1.4857368469238281,262,356,356,416
1.4857368469238281,262,356,356,416
1.4857368469238281,262,356,356,416
1.4857368469238281,262,355,356,417
1.4857368469238281,262,355,356,417
1.4857368469238281,262,355,357,417
1.4857368469238281,262,355,357,417
1.4857368469238281,262,356,357,417
1.4857368469238281,262,356,357,417
1.4857368469238281,262,356,357,417
1.50138521194458,261,356,357,417
1.50138521194458,261,356,357,417
1.50138521194458,261,356,357,417
1.50138521194458,261,356,357,418
1.50138521194458,260,356,357,418
1.5063793659210205,260,356,357,417
1.5072522163391113,260,356,357,418
1.5072522163391113,259,356,357,418
1.5072522163391113,259,357,357,418
1.5072522163391113,259,357,357,418
1.5072522163391113,258,357,357,418
1.5072522163391113,258,357,357,418
1.5072522163391113,258,357,357,418
1.5072522163391113,257,357,357,418
1.5072522163391113,257,357,357,418
1.5072522163391113,256,357,357,418
1.5072522163391113,256,357,357,418
1.517183780670166,256,357,340,414
1.517183780670166,255,357,340,412
1.517183780670166,255,357,340,411
1.517183780670166,254,356,340,411
1.517183780670166,254,355,340,410
1.517183780670166,254,354,340,408
1.517183780670166,253,352,340,407
1.517183780670166,253,350,340,407
1.517183780670166,253,347,340,407
1.517183780670166,252,345,340,407
1.517183780670166,252,343,340,406
1.517183780670166,251,342,340,406
1.517183780670166,251,342,340,406
1.517183780670166,251,341,340,406
1.517183780670166,251,341,340,406
1.517183780670166,250,340,340,406
1.517183780670166,250,340,340,407
1.5328490734100342,250,340,340,407
1.5328490734100342,250,340,340,407
1.5328490734100342,250,340,340,407
1.5328490734100342,250,340,340,407
1.5328490734100342,250,341,340,407
1.5328490734100342,250,341,345,408
1.5328490734100342,250,341,345,408
1.5328490734100342,250,341,345,408
1.5328490734100342,251,341,345,408
1.5328490734100342,251,341,345,408
1.5328490734100342,251,342,345,409
1.5328490734100342,251,342,345,409
1.5328490734100342,252,342,345,409
1.5328490734100342,252,343,345,409
1.5328490734100342,252,343,345,409
1.5328490734100342,252,343,345,410
1.5328490734100342,253,343,345,410
1.548252820968628,253,344,345,410
1.549025297164917,253,344,345,410
1.549025297164917,254,344,345,410
1.5510635375976562,254,344,345,410
1.5517311096191406,255,345,345,410
1.5517311096191406,255,345,345,410
1.5517311096191406,256,345,345,410
1.5517311096191406,257,346,345,410
1.5517311096191406,257,345,345,409
1.5563499927520752,258,345,345,410
1.5563499927520752,258,345,338,408
1.5563499927520752,259,345,338,407
1.5563499927520752,259,345,338,407
1.5563499927520752,260,344,338,407
1.5563499927520752,260,344,338,406
1.5563499927520752,261,343,338,406
1.5563499927520752,262,342,338,406
1.5563499927520752,262,341,338,405
1.5645778179168701,262,340,338,405
1.5645778179168701,263,340,338,405
1.5645778179168701,263,339,338,405
1.5645778179168701,264,339,338,405
1.5645778179168701,264,338,338,405
1.5645778179168701,265,338,338,405
1.5645778179168701,265,338,338,405
1.5645778179168701,265,337,338,405
1.5645778179168701,266,337,338,406
1.5726735591888428,266,338,338,406
1.5735430717468262,267,338,338,406
1.574444055557251,267,337,338,406
1.574444055557251,268,338,338,406
1.574444055557251,268,338,338,406
1.574444055557251,268,338,338,406
1.574444055557251,268,338,338,406
1.574444055557251,268,339,338,406
1.574444055557251,269,339,338,405
1.5807271003723145,269,338,338,405
1.5807271003723145,269,338,338,405
1.5807271003723145,269,338,338,405
1.5830793380737305,270,338,338,405
1.5830793380737305,270,337,338,405
1.5830793380737305,270,337,338,406
1.5830793380737305,270,337,338,406
1.5830793380737305,270,337,338,406
1.5830793380737305,270,337,338,406
1.5888252258300781,270,337,338,406
1.5888252258300781,270,337,338,406
1.5888252258300781,270,337,338,406
1.5888252258300781,270,338,338,406
1.5888252258300781,269,338,338,406
1.5888252258300781,269,338,338,406
1.5888252258300781,269,338,338,406
1.5888252258300781,269,338,338,406
1.5888252258300781,269,338,338,406
1.5972328186035156,269,338,338,406
1.5972328186035156,268,338,325,403
1.5972328186035156,268,337,325,402
1.5972328186035156,268,337,325,401
1.5972328186035156,267,336,325,400
1.5972328186035156,266,335,325,399
1.5972328186035156,266,334,325,399
1.5972328186035156,265,332,325,398
1.5972328186035156,265,331,325,398
1.5972328186035156,265,329,325,398
1.5972328186035156,265,328,325,397
1.5972328186035156,264,327,325,397
1.5972328186035156,264,326,325,398
1.5972328186035156,263,326,325,398
1.5972328186035156,263,326,325,398
1.5972328186035156,263,325,325,398
1.5972328186035156,262,325,325,398
1.5972328186035156,262,325,325,398
1.612975835800171,261,325,325,398
1.612975835800171,261,325,325,398
1.612975835800171,261,325,325,398
1.612975835800171,261,326,325,398
1.612975835800171,260,326,325,397
1.612975835800171,260,325,323,397
1.612975835800171,260,325,323,397
1.612975835800171,260,325,323,397
1.612975835800171,260,325,323,397
1.612975835800171,259,325,323,396
1.612975835800171,259,324,323,396
1.612975835800171,259,324,323,396
1.612975835800171,259,324,323,396
1.612975835800171,259,323,323,396
1.612975835800171,259,323,323,396
1.612975835800171,258,323,323,396
1.612975835800171,259,323,323,396
1.6288604736328125,259,323,323,396
1.6300487518310547,259,322,323,397
1.6300487518310547,259,322,323,397
1.6300487518310547,259,322,323,397
1.6300487518310547,259,323,323,397
1.6300487518310547,259,323,323,397
1.6300487518310547,259,324,323,396
1.6300487518310547,260,324,323,396
1.6300487518310547,260,324,323,396
1.6300487518310547,260,324,323,396
1.6300487518310547,260,323,321,396
1.6300487518310547,261,323,321,396
1.6300487518310547,261,323,321,395
1.6300487518310547,262,323,321,395
1.6300487518310547,262,322,321,395
1.6300487518310547,262,322,321,395
1.6300487518310547,263,322,321,395
1.6300487518310547,263,321,321,395
1.6446304321289062,263,321,321,395
1.6461777687072754,263,321,321,395
1.6461777687072754,264,321,321,395
1.647749423980713,264,321,321,395
1.6482923030853271,265,321,321,395
1.6493315696716309,265,321,321,395
1.6493315696716309,265,321,321,395
1.651066780090332,266,321,321,395
1.651066780090332,267,321,321,395
1.652841329574585,267,321,321,395
1.652841329574585,267,321,321,395
1.6544513702392578,268,321,321,395
1.6560039520263672,268,321,321,395
1.6560039520263672,269,321,321,395
1.657848596572876,269,321,320,395
1.657848596572876,270,321,320,395
1.6595511436462402,270,321,320,395
1.6595511436462402,271,320,320,395
1.661109447479248,271,321,320,395
1.661109447479248,271,321,320,395
1.6629364490509033,272,320,320,395
1.6629364490509033,272,321,320,395
1.6647624969482422,272,321,320,395
1.6647624969482422,273,320,320,394
1.6664316654205322,273,320,320,395
1.6664316654205322,274,320,320,395
1.6680052280426025,274,320,320,395
1.6680052280426025,274,320,320,395
1.6697425842285156,274,320,320,395
1.6714019775390625,274,320,320,395
1.6714019775390625,275,320,320,395
1.6729815006256104,275,320,320,395
1.6729815006256104,275,320,320,395
1.6745760440826416,275,320,320,395
1.6745760440826416,276,320,320,395
1.6762266159057617,276,320,320,395
1.6772875785827637,276,320,313,393
1.678673267364502,276,320,313,392
1.678673267364502,276,320,313,392
1.6803233623504639,276,319,313,391
1.6803233623504639,276,319,313,391
1.681931495666504,275,318,313,391
1.681931495666504,275,317,313,391
1.681931495666504,275,316,313,390
1.681931495666504,275,315,313,390
1.681931495666504,274,314,313,390
1.681931495666504,274,313,313,390
1.681931495666504,274,313,313,391
1.681931495666504,274,313,313,391
1.681931495666504,274,313,313,391
1.681931495666504,273,312,313,391
1.681931495666504,273,312,313,391
1.681931495666504,273,313,313,391
1.6929316520690918,272,313,313,391
1.6939599514007568,272,313,313,391
1.6947872638702393,272,313,313,391
1.6947872638702393,272,313,313,391
1.6947872638702393,272,313,313,391
1.6947872638702393,271,313,307,389
1.6947872638702393,271,313,307,389
1.6947872638702393,271,313,307,388
1.6947872638702393,271,313,307,388
1.6947872638702393,270,312,307,387
1.6947872638702393,270,312,307,387
1.6947872638702393,270,310,307,387
1.6947872638702393,269,310,307,387
1.6947872638702393,269,309,307,387
1.6947872638702393,269,309,307,387
1.6947872638702393,268,308,307,387
1.6947872638702393,268,308,307,387
1.6947872638702393,268,307,307,387
1.7088127136230469,267,307,307,387
1.7088127136230469,267,307,307,387
1.7108404636383057,267,307,307,387
1.7121293544769287,267,307,307,387
1.7121293544769287,267,307,307,387
1.7131855487823486,267,307,307,387
1.7131855487823486,266,307,307,387
1.7131855487823486,266,307,307,387
1.7131855487823486,266,307,307,387
1.7131855487823486,266,307,304,386
1.7131855487823486,266,307,304,386
1.7131855487823486,266,307,304,386
1.7131855487823486,266,307,304,386
1.7131855487823486,266,306,304,386
1.7131855487823486,266,306,304,385
1.7131855487823486,266,306,304,385
1.7131855487823486,266,305,304,385
1.7131855487823486,266,305,304,385
1.7249445915222168,266,305,304,385
1.7249445915222168,267,305,304,385
1.7249445915222168,267,305,304,385
1.7249445915222168,267,304,304,385
1.7249445915222168,267,304,304,385
1.7249445915222168,267,304,304,385
1.7249445915222168,267,304,304,385
1.7249445915222168,268,304,304,385
1.7249445915222168,268,304,304,385
1.7249445915222168,268,304,304,385
1.7249445915222168,269,304,304,385
1.7249445915222168,269,304,304,385
1.7249445915222168,269,304,304,385
1.7249445915222168,269,304,304,385
1.7249445915222168,270,305,305,385
1.7249445915222168,270,304,305,385
1.7249445915222168,271,304,305,386
1.740623950958252,271,304,305,386
1.740623950958252,271,304,305,386
1.7418391704559326,272,304,305,386
1.7438554763793945,272,305,305,386
1.7438554763793945,272,305,305,386
1.7438554763793945,273,305,305,386
1.7438554763793945,273,305,305,386
1.7438554763793945,274,306,305,385
1.7438554763793945,274,306,305,385
1.748239278793335,274,306,305,385
1.748239278793335,275,305,305,385
1.7502005100250244,275,305,305,385
1.7511467933654785,276,305,305,385
1.7511467933654785,276,304,305,385
1.7511467933654785,276,304,305,386
1.7511467933654785,277,304,305,386
1.7511467933654785,277,304,305,386
1.7511467933654785,278,304,305,386
1.7511467933654785,278,304,305,386
1.7511467933654785,278,304,301,385
1.7511467933654785,278,304,301,385
1.7511467933654785,278,305,301,384
1.7511467933654785,279,304,301,384
1.7511467933654785,279,304,301,384
1.7511467933654785,279,304,301,384
1.7511467933654785,279,303,301,383
1.7641551494598389,279,302,301,383
1.7641551494598389,279,302,301,384
1.7641551494598389,279,302,301,383
1.7641551494598389,280,301,301,383
1.7676334381103516,280,301,301,384
1.7676334381103516,280,301,301,384
1.7676334381103516,280,301,301,384
1.7676334381103516,280,301,301,384
1.7676334381103516,280,301,301,384
1.7676334381103516,280,301,301,384
1.7676334381103516,280,301,301,384
1.7676334381103516,280,302,301,384
1.7676334381103516,280,302,301,383
1.7676334381103516,280,301,301,383
1.7676334381103516,279,301,301,383
1.7676334381103516,279,301,295,382
1.7676334381103516,279,301,295,381
1.7798001766204834,279,300,295,381
1.7798001766204834,279,300,295,381
1.7818117141723633,279,299,295,380
1.7818117141723633,279,298,295,380
1.785832405090332,278,298,295,380
1.785832405090332,278,297,295,380
1.785832405090332,278,297,295,380
1.785832405090332,278,296,295,380
1.785832405090332,277,296,295,380
1.787841796875,277,296,295,380
1.787841796875,277,295,295,380
1.787841796875,277,295,295,380
1.787841796875,276,295,295,380
1.787841796875,276,295,295,380
1.787841796875,276,295,295,380
1.787841796875,276,296,295,380
1.787841796875,276,296,295,380
1.787841796875,275,295,295,380
1.795496940612793,275,295,295,380
1.795496940612793,275,295,295,380
1.795496940612793,275,295,293,379
1.795496940612793,274,295,293,379
1.795496940612793,274,295,293,379
1.801018238067627,274,295,293,379
1.801018238067627,274,294,293,379
1.801018238067627,274,294,293,379
1.801018238067627,273,294,293,379
1.801018238067627,273,294,293,378
1.801018238067627,273,294,293,378
1.801018238067627,273,294,293,378
1.801018238067627,272,294,293,378
1.801018238067627,272,294,293,378
1.801018238067627,272,293,293,378
1.801018238067627,272,293,293,378
1.801018238067627,272,293,293,378
1.8113017082214355,272,293,293,378
1.8113017082214355,272,293,293,378
1.813202142715454,272,292,293,379
1.813202142715454,272,292,293,379
1.8148419857025146,272,292,293,379
1.8163843154907227,272,292,293,379
1.8175938129425049,272,293,293,379
1.8175938129425049,272,293,289,378
1.8175938129425049,272,293,289,377
1.8193519115447998,273,293,289,377
1.8193519115447998,273,293,289,377
1.8193519115447998,273,293,289,376
1.8224565982818604,273,293,289,376
1.8233070373535156,273,292,289,376
1.8233070373535156,273,291,289,376
1.8233070373535156,273,291,289,376
1.8233070373535156,274,290,289,376
1.8233070373535156,274,290,289,376
1.8233070373535156,274,290,289,376
1.8233070373535156,274,290,289,376
1.8233070373535156,275,290,289,375
1.8233070373535156,275,289,289,375
1.8233070373535156,275,289,289,376
1.8233070373535156,275,289,289,376
1.8233070373535156,275,289,289,376
1.8233070373535156,276,289,289,376
1.8344240188598633,276,289,289,376
1.8354387283325195,276,289,289,376
1.8354387283325195,277,289,289,376
1.8354387283325195,277,289,292,376
1.8354387283325195,278,289,292,377
1.8354387283325195,278,289,292,377
1.8354387283325195,279,289,292,377
1.8354387283325195,279,290,292,377
1.8354387283325195,279,290,292,377
1.8354387283325195,280,290,292,377
1.8354387283325195,280,290,292,377
1.8354387283325195,280,290,292,378
1.8354387283325195,280,290,292,378
1.8354387283325195,281,290,292,378
1.8354387283325195,281,291,292,378
1.8483729362487793,281,291,292,378
1.8483729362487793,281,292,292,378
1.8483729362487793,282,292,292,378
1.8515620231628418,282,292,292,378
1.8515620231628418,282,292,292,378
1.8515620231628418,282,292,292,378
1.8515620231628418,283,292,292,378
1.8515620231628418,283,292,292,378
1.8515620231628418,283,292,292,378
1.8515620231628418,283,292,292,378
1.8515620231628418,284,292,285,376
1.8515620231628418,284,292,285,376
1.8515620231628418,284,292,285,375
1.8515620231628418,284,292,285,374
1.8515620231628418,284,291,285,374
1.8515620231628418,284,290,285,374
1.8515620231628418,284,289,285,374
1.8515620231628418,284,288,285,374
1.8515620231628418,284,287,285,374
1.8515620231628418,284,287,285,374
1.8515620231628418,284,286,285,373
1.867208480834961,284,286,285,374
1.867208480834961,283,285,285,373
1.867208480834961,283,285,285,374
1.867208480834961,283,285,285,374
1.867208480834961,283,285,285,374
1.867208480834961,283,285,285,374
1.867208480834961,283,285,285,374
1.867208480834961,283,285,285,374
1.867208480834961,283,285,285,374
1.867208480834961,283,285,285,374
1.867208480834961,283,285,285,374
1.867208480834961,282,285,283,373
1.867208480834961,282,285,283,373
1.867208480834961,282,285,283,373
1.867208480834961,282,285,283,373
1.867208480834961,281,285,283,373
1.867208480834961,281,285,283,372
1.8830394744873047,281,284,283,372
1.8830394744873047,281,284,283,372
1.8830394744873047,281,284,283,372
1.8830394744873047,280,283,283,372
1.8830394744873047,280,283,283,372
1.8830394744873047,280,282,283,372
1.8830394744873047,280,282,283,373
1.8830394744873047,280,282,283,373
1.8830394744873047,279,282,283,373
1.8830394744873047,279,283,283,373
1.8830394744873047,279,283,283,373
1.8830394744873047,279,283,283,373
1.8830394744873047,279,283,283,373
1.8830394744873047,279,283,283,373
1.8830394744873047,278,284,283,372
1.8830394744873047,278,284,283,372
1.8830394744873047,278,284,278,371
1.8830394744873047,278,283,278,371
1.899141788482666,278,283,278,370
1.9002962112426758,278,283,278,370
1.9002962112426758,278,282,278,370
1.9002962112426758,278,281,278,370
1.90263032913208,278,281,278,370
1.90263032913208,278,280,278,369
1.90263032913208,277,280,278,369
1.90263032913208,277,280,278,369
1.90263032913208,277,279,278,369
1.90263032913208,277,279,278,369
1.90263032913208,277,278,278,369
1.90263032913208,277,278,278,369
1.90263032913208,277,278,278,369
1.90263032913208,277,278,278,369
1.90263032913208,277,278,278,369
1.90263032913208,278,278,278,369
1.90263032913208,278,278,278,369
1.9150140285491943,278,278,278,369
1.9150140285491943,278,278,278,369
1.9165124893188477,278,278,278,369
1.918529987335205,278,278,280,370
1.918529987335205,279,278,280,370
1.918529987335205,279,278,280,370
1.9203364849090576,279,278,280,370
1.9203364849090576,279,279,280,370
1.9203364849090576,279,279,280,370
1.9203364849090576,279,279,280,370
1.9203364849090576,280,279,280,370
1.9203364849090576,280,279,280,371
1.9203364849090576,280,279,280,371
1.9203364849090576,281,279,280,371
1.9203364849090576,281,280,280,371
1.9203364849090576,282,280,280,371
1.9203364849090576,282,280,280,371
1.9203364849090576,282,280,280,371
1.9307706356048584,282,280,280,371
1.9315581321716309,283,280,280,371
1.9315581321716309,283,280,280,371
1.9342310428619385,283,281,280,370
1.9342310428619385,284,281,280,370
1.9342310428619385,284,280,280,370
1.9342310428619385,284,280,280,370
1.9342310428619385,284,280,277,370
1.9342310428619385,285,280,277,369
1.9342310428619385,285,279,277,369
1.9342310428619385,285,279,277,369
1.9342310428619385,285,279,277,369
1.9342310428619385,286,278,277,369
1.9342310428619385,286,278,277,369
1.9342310428619385,286,278,277,369
1.9342310428619385,286,278,277,369
1.9342310428619385,286,278,277,369
1.9342310428619385,286,278,277,369
1.9468953609466553,287,277,277,369
1.9485290050506592,287,277,277,369
1.9485290050506592,287,277,277,369
1.9485290050506592,287,277,277,369
1.9510235786437988,287,278,277,369
1.9510235786437988,287,278,277,369
1.9510235786437988,287,278,277,369
1.9510235786437988,287,277,277,369
1.9510235786437988,288,277,277,369
1.9510235786437988,288,277,277,369
1.9510235786437988,288,277,277,369
1.9510235786437988,287,277,275,368
1.9510235786437988,288,277,275,368
1.9510235786437988,288,277,275,368
1.9510235786437988,287,277,275,368
1.9510235786437988,287,276,275,368
1.9510235786437988,287,277,275,368
1.9626147747039795,287,276,275,367
1.9626147747039795,287,276,275,368
1.9626147747039795,287,276,275,367
1.9626147747039795,287,275,275,367
1.9626147747039795,287,275,275,368
1.9626147747039795,287,275,275,368
1.9677934646606445,286,274,275,368
1.9677934646606445,286,274,275,368
1.9677934646606445,286,274,275,368
1.9677934646606445,286,275,275,368
1.9677934646606445,286,275,275,368
1.9677934646606445,286,275,275,368
1.9677934646606445,285,275,275,368
1.9677934646606445,285,275,275,368
1.9677934646606445,285,275,275,368
1.9677934646606445,285,275,275,368
1.9677934646606445,284,275,275,368
1.9783918857574463,284,275,270,366
1.9783918857574463,284,275,270,366
1.9783918857574463,284,275,270,366
1.9783918857574463,284,274,270,365
1.9783918857574463,284,274,270,365
1.9783918857574463,283,274,270,365
1.9783918857574463,283,273,270,365
1.9843668937683105,283,272,270,364
1.9843668937683105,283,272,270,364
1.9843668937683105,283,271,270,364
1.9843668937683105,283,271,270,364
1.9843668937683105,282,270,270,364
1.9843668937683105,282,270,270,364
1.9843668937683105,282,270,270,364
1.9843668937683105,282,270,270,364
1.9843668937683105,282,270,270,364
1.9843668937683105,282,269,270,365
1.9943461418151855,282,269,270,365
1.9943461418151855,282,270,270,365
1.9943461418151855,282,270,270,365
1.9943461418151855,282,270,270,365
1.9943461418151855,282,270,272,365
1.9943461418151855,282,271,272,365
1.9943461418151855,282,271,272,365
1.9943461418151855,282,271,272,365
2.0011093616485596,282,271,272,365
2.0011093616485596,281,271,272,365
2.0011093616485596,282,271,272,365
2.0011093616485596,282,271,272,366
2.0011093616485596,282,271,272,366
2.0011093616485596,282,271,272,366
2.0011093616485596,282,271,272,366
2.0011093616485596,282,272,272,366
2.0011093616485596,282,272,272,366
2.0011093616485596,282,272,272,366
2.0011093616485596,282,272,272,366
2.010244607925415,283,272,272,366
2.0114383697509766,283,272,272,366
2.0124082565307617,283,272,272,366
2.0124082565307617,283,272,272,366
2.0124082565307617,283,272,272,366
2.0124082565307617,284,272,272,366
2.0124082565307617,284,272,272,366
2.0124082565307617,284,272,272,366
2.0176279544830322,284,272,268,365
2.0176279544830322,285,272,268,364
2.0176279544830322,285,272,268,364
2.0176279544830322,285,272,268,364
2.0176279544830322,285,271,268,363
2.0176279544830322,285,271,268,363
2.0176279544830322,285,270,268,363
2.0176279544830322,285,270,268,363
2.0176279544830322,286,269,268,363
2.0259921550750732,286,269,268,363
2.0259921550750732,286,268,268,363
2.0280001163482666,287,268,268,363
2.0280001163482666,287,268,268,363
2.0280001163482666,287,267,268,363
2.03001070022583,287,267,268,364
2.03001070022583,287,268,268,364
2.0320184230804443,288,268,268,363
2.0320184230804443,288,268,268,363
2.034026861190796,288,268,268,363
2.034026861190796,288,268,268,363
2.0360350608825684,288,268,268,363
2.0360350608825684,289,268,268,363
2.038041114807129,289,268,270,364
2.038041114807129,289,268,270,364
2.040045976638794,289,268,270,364
2.040045976638794,289,268,270,364
2.040045976638794,289,268,270,365
2.042299270629883,289,268,270,365
2.042299270629883,290,269,270,365
2.042299270629883,290,269,270,365
2.042299270629883,290,269,270,365
2.042299270629883,290,270,270,365
2.042299270629883,290,270,270,365
2.042299270629883,290,270,270,365
2.0486583709716797,290,270,270,365
2.0486583709716797,290,270,270,365
2.0486583709716797,290,270,270,365
2.051206588745117,290,270,270,365
2.051206588745117,290,270,270,365
2.051206588745117,290,270,270,365
2.051206588745117,290,270,270,365
2.051206588745117,290,270,270,365
2.051206588745117,290,270,270,365
2.051206588745117,290,270,270,365
2.0574581623077393,290,270,263,363
2.0574581623077393,290,270,263,362
2.0574581623077393,290,270,263,362
2.0574581623077393,289,269,263,361
2.0574581623077393,289,269,263,361
2.0574581623077393,289,268,263,361
2.0574581623077393,289,267,263,361
2.0574581623077393,288,266,263,360
2.0574581623077393,288,265,263,360
2.0574581623077393,288,264,263,360
2.067209243774414,288,264,263,360
2.067209243774414,288,264,263,360
2.068687677383423,288,263,263,360
2.068687677383423,288,263,263,360
2.068687677383423,287,262,263,360
2.068687677383423,287,262,263,361
2.068687677383423,287,262,263,361
2.068687677383423,287,262,263,361
2.068687677383423,287,263,263,361
2.068687677383423,287,263,263,361
2.068687677383423,287,263,263,361
2.068687677383423,287,263,263,361
2.068687677383423,287,264,265,361
2.068687677383423,286,264,265,361
2.068687677383423,286,264,265,361
2.068687677383423,286,264,265,361
2.068687677383423,286,264,265,361
2.068687677383423,286,264,265,361
2.0829432010650635,286,264,265,361
2.0829432010650635,286,264,265,361
2.0829432010650635,286,264,265,362
2.0829432010650635,286,264,265,362
2.0829432010650635,286,264,265,362
2.0829432010650635,286,264,265,362
2.0829432010650635,286,265,265,362
2.0829432010650635,286,265,265,362
2.0829432010650635,286,265,265,362
2.0829432010650635,286,265,265,362
2.0829432010650635,286,265,265,362
2.0829432010650635,286,266,265,362
2.0829432010650635,286,265,265,361
2.0829432010650635,286,265,265,362
2.0829432010650635,286,265,265,362
2.0829432010650635,286,265,265,362
2.0829432010650635,286,265,261,361
2.0986459255218506,286,265,261,360
2.0986459255218506,286,265,261,360
2.0986459255218506,286,265,261,360
2.101090669631958,286,264,261,360
2.101090669631958,286,264,261,360
2.101090669631958,286,263,261,359
2.101090669631958,286,263,261,359
2.101090669631958,286,263,261,359
2.101090669631958,286,262,261,359
2.101090669631958,286,262,261,359
2.101090669631958,287,261,261,359
2.101090669631958,287,261,261,359
2.101090669631958,287,261,261,359
2.101090669631958,287,261,261,359
2.101090669631958,287,261,261,359
2.101090669631958,288,261,261,359
2.101090669631958,288,261,261,359
2.1143922805786133,288,261,261,359
2.1143922805786133,288,261,261,359
2.115507125854492,288,261,261,359
2.1175217628479004,288,261,261,359
2.1175217628479004,288,261,264,360
2.1175217628479004,289,261,264,360
2.1175217628479004,289,261,264,360
2.1175217628479004,289,261,264,360
2.1175217628479004,289,261,264,361
2.1175217628479004,289,261,264,361
2.1175217628479004,290,262,264,361
2.1175217628479004,290,262,264,361
2.1175217628479004,290,263,264,361
2.1175217628479004,290,263,264,361
2.1175217628479004,290,264,264,361
2.1175217628479004,291,264,264,361
2.1175217628479004,291,264,264,361
2.1175217628479004,291,264,264,361
2.1175217628479004,291,264,264,361
2.1302685737609863,291,264,264,361
2.1302685737609863,291,264,264,361
2.1302685737609863,291,264,264,361
2.134343385696411,291,264,264,361
2.134343385696411,292,264,264,361
2.134343385696411,292,264,264,361
2.134343385696411,292,264,264,361
2.134343385696411,292,264,264,361
2.134343385696411,292,263,260,360
2.134343385696411,292,263,260,360
2.134343385696411,292,263,260,360
2.134343385696411,292,263,260,360
2.134343385696411,292,263,260,359
2.134343385696411,292,263,260,359
2.134343385696411,292,262,260,359
2.134343385696411,292,262,260,359
2.134343385696411,292,261,260,359
2.145949125289917,292,261,260,359
2.145949125289917,292,261,260,359
2.145949125289917,292,261,260,359
2.1486690044403076,292,261,260,359
2.1508541107177734,292,260,260,359
2.1508541107177734,292,260,260,359
2.1508541107177734,292,260,260,359
2.1523959636688232,292,260,260,359
2.1537482738494873,292,260,260,359
2.1537482738494873,292,260,260,359
2.155282974243164,291,260,260,359
2.155282974243164,291,260,260,359
2.1568830013275146,291,260,260,359
2.1568830013275146,291,260,259,359
2.1584558486938477,291,260,259,359
2.160188913345337,291,260,259,359
2.160188913345337,290,260,259,358
2.1617870330810547,290,260,259,358
2.1617870330810547,290,260,259,358
2.1634182929992676,290,260,259,358
2.1634182929992676,290,260,259,358
2.1650662422180176,290,259,259,358
2.1650662422180176,289,259,259,358
2.1666457653045654,289,259,259,358
2.1681878566741943,289,259,259,358
2.1681878566741943,289,259,259,358
2.169729471206665,289,259,259,358
2.169729471206665,289,259,259,358
2.1714887619018555,289,259,259,358
2.1714887619018555,289,259,259,358
2.173095703125,289,259,259,358
2.173095703125,288,259,259,358
2.174682140350342,288,259,259,358
2.176255226135254,288,259,259,358
2.176255226135254,288,259,259,358
2.1780166625976562,288,259,256,358
2.1780166625976562,288,259,256,357
2.179692268371582,288,259,256,357
2.179692268371582,288,259,256,357
2.1813442707061768,288,259,256,357
2.1813442707061768,288,258,256,357
2.182943820953369,288,258,256,357
2.182943820953369,288,258,256,356
2.1849613189697266,288,258,256,356
2.1849613189697266,288,257,256,356
2.1849613189697266,288,257,256,356
2.1849613189697266,288,257,256,356
2.1849613189697266,288,256,256,356
2.1849613189697266,288,256,256,356
2.1849613189697266,288,256,256,356
2.1849613189697266,288,256,256,356
2.1849613189697266,288,256,256,356
2.1849613189697266,288,256,256,356
2.194025754928589,288,256,256,356
2.194025754928589,288,256,256,356
2.194025754928589,288,256,256,356
2.19657039642334,289,256,256,356
2.19657039642334,289,256,258,357
2.19657039642334,289,256,258,357
2.19657039642334,289,256,258,357
2.201080799102783,289,256,258,357
2.201080799102783,290,256,258,357
2.201080799102783,290,256,258,357
2.201080799102783,290,256,258,358
2.201080799102783,290,257,258,357
2.201080799102783,290,257,258,358
2.201080799102783,291,257,258,358
2.201080799102783,291,258,258,357
2.201080799102783,291,258,258,357
2.201080799102783,291,258,258,357
2.201080799102783,291,258,258,357
2.209834575653076,291,258,258,357
2.209834575653076,291,258,258,357
2.209834575653076,292,258,258,357
2.209834575653076,292,258,258,357
2.209834575653076,292,257,258,358
2.209834575653076,292,257,258,358
2.209834575653076,293,258,258,358
2.209834575653076,293,258,258,358
2.218209743499756,293,258,258,358
2.218209743499756,293,258,256,357
2.218209743499756,293,258,256,357
2.218209743499756,293,258,256,357
2.218209743499756,294,258,256,357
2.218209743499756,294,258,256,357
2.218209743499756,294,257,256,356
2.218209743499756,294,257,256,356
2.218209743499756,294,257,256,356
2.2256526947021484,294,257,256,356
2.2256526947021484,294,257,256,356
2.2256526947021484,294,257,256,356
2.2256526947021484,294,256,256,356
2.2256526947021484,294,256,256,356
2.2256526947021484,294,256,256,356
2.2256526947021484,294,256,256,356
2.2256526947021484,294,256,256,356
2.2256526947021484,294,256,256,356
2.234306573867798,294,256,256,356
2.234306573867798,295,256,256,356
2.234306573867798,295,256,256,356
2.234306573867798,295,256,256,356
2.234306573867798,295,256,256,356
2.234306573867798,294,256,256,356
2.234306573867798,294,256,256,356
2.234306573867798,294,256,256,356
2.234306573867798,294,256,256,356
2.2415711879730225,294,256,256,356
2.2415711879730225,294,256,256,356
2.2415711879730225,294,256,256,356
2.2415711879730225,294,256,256,356
2.2415711879730225,294,256,256,356
2.2415711879730225,293,256,256,356
2.2415711879730225,293,256,256,356
2.2415711879730225,293,256,256,356
2.2489280700683594,293,256,256,356
2.2489280700683594,293,256,256,356
2.2489280700683594,293,256,256,356
2.2510135173797607,293,256,256,356
2.2510135173797607,292,256,256,356
2.2510135173797607,292,256,256,356
2.2510135173797607,292,255,256,356
2.2510135173797607,292,255,256,356
2.2510135173797607,292,255,256,357
2.2573320865631104,292,255,256,357
2.2573320865631104,292,256,252,356
2.2573320865631104,292,256,252,355
2.2573320865631104,292,256,252,355
2.2573320865631104,292,256,252,355
2.2573320865631104,291,256,252,354
2.2573320865631104,291,255,252,354
2.2573320865631104,291,255,252,354
2.2573320865631104,291,254,252,354
2.2573320865631104,291,254,252,354
2.2573320865631104,290,253,252,354
2.2676970958709717,290,252,252,354
2.2676970958709717,290,252,252,354
2.2676970958709717,290,252,252,354
2.2676970958709717,291,252,252,354
2.2676970958709717,290,252,252,354
2.2676970958709717,290,252,252,354
2.2676970958709717,290,252,252,354
2.2730400562286377,290,252,252,354
2.2730400562286377,290,252,252,354
2.2730400562286377,290,252,252,354
2.2730400562286377,290,252,252,354
2.2730400562286377,290,252,252,354
2.2730400562286377,290,252,254,355
2.2730400562286377,290,252,254,355
2.2730400562286377,290,252,254,355
2.2730400562286377,290,252,254,355
2.2730400562286377,290,253,254,355
2.2730400562286377,290,253,254,355
2.2730400562286377,290,253,254,355
2.2844607830047607,290,253,254,355
2.2844607830047607,290,253,254,355
2.2844607830047607,290,253,254,355
2.2844607830047607,290,253,254,355
2.2844607830047607,290,253,254,356
2.288918972015381,290,254,254,355
2.288918972015381,291,254,254,355
2.288918972015381,291,254,254,355
2.288918972015381,291,254,254,355
2.288918972015381,291,254,254,355
2.288918972015381,291,254,254,355
2.288918972015381,292,254,254,355
2.288918972015381,292,254,254,355
2.288918972015381,292,254,254,355
2.288918972015381,292,254,254,355
2.288918972015381,292,254,252,355
2.288918972015381,292,254,252,355
2.3009727001190186,292,253,252,355
2.3009727001190186,292,254,252,355
2.3009727001190186,292,254,252,355
2.3009727001190186,292,253,252,354
2.3009727001190186,293,253,252,355
2.3009727001190186,293,253,252,354
2.3046844005584717,293,253,252,354
2.3046844005584717,293,253,252,354
2.3046844005584717,294,253,252,354
2.3046844005584717,294,253,252,354
2.3046844005584717,294,252,252,354
2.3046844005584717,294,252,252,354
2.3046844005584717,295,252,252,354
2.3046844005584717,295,252,252,354
2.3046844005584717,295,252,252,354
2.3046844005584717,295,252,252,354
2.3046844005584717,295,252,252,354
2.3046844005584717,295,252,252,354
2.3046844005584717,295,252,252,354
2.318660020828247,295,252,252,354
2.318660020828247,295,252,253,354
2.318660020828247,295,252,253,355
2.318660020828247,295,252,253,355
2.320220947265625,295,252,253,355
2.320220947265625,296,252,253,355
2.32177472114563,296,252,253,355
2.3239221572875977,296,252,253,355
2.3239221572875977,296,253,253,355
2.324232339859009,296,253,253,355
2.324232339859009,296,253,253,355
2.324232339859009,296,253,253,355
2.324232339859009,296,253,253,355
2.324232339859009,296,253,253,355
2.324232339859009,296,253,253,355
2.324232339859009,295,253,253,355
2.324232339859009,296,253,253,355
2.324232339859009,296,253,253,355
2.3333652019500732,296,253,253,355
2.334563970565796,296,253,253,355
2.334563970565796,295,253,253,355
2.3355133533477783,295,253,253,355
2.3355133533477783,295,253,253,355
2.3355133533477783,295,253,253,355
2.3355133533477783,295,253,249,354
2.3355133533477783,295,253,249,353
2.3355133533477783,294,253,249,353
2.3355133533477783,294,253,249,353
2.3355133533477783,294,252,249,352
2.3355133533477783,294,251,249,352
2.3355133533477783,294,251,249,352
2.3355133533477783,294,250,249,352
2.3355133533477783,294,250,249,352
2.3355133533477783,293,249,249,352
2.3355133533477783,293,249,249,352
2.3355133533477783,293,249,249,352
2.3490848541259766,293,249,249,352
2.3490848541259766,293,249,249,352
2.3510937690734863,293,249,249,352
2.3510937690734863,293,249,249,352
2.3510937690734863,293,249,249,352
2.3510937690734863,293,248,249,352
2.3510937690734863,293,248,249,353
2.3510937690734863,293,248,249,353
2.3510937690734863,292,249,249,353
2.3510937690734863,292,249,249,353
2.3510937690734863,292,249,250,353
2.3510937690734863,292,250,250,353
2.3510937690734863,292,250,250,353
2.3510937690734863,292,250,250,353
2.3510937690734863,292,250,250,353
2.3510937690734863,292,250,250,353
2.3510937690734863,292,250,250,353
2.3510937690734863,292,250,250,353
2.3648500442504883,292,250,250,353
2.3648500442504883,292,250,250,353
2.3648500442504883,292,250,250,353
2.3677217960357666,292,250,250,353
2.3677217960357666,292,250,250,353
2.3677217960357666,292,250,250,353
2.3677217960357666,292,250,250,353
2.3677217960357666,292,250,250,353
2.3677217960357666,292,250,250,353
2.3677217960357666,292,250,250,353
2.3677217960357666,292,250,250,353
2.3677217960357666,292,250,250,353
2.3677217960357666,292,250,250,353
2.3677217960357666,292,250,250,353
2.3677217960357666,292,250,250,353
2.3677217960357666,292,250,249,352
2.3677217960357666,292,250,249,352
2.3677217960357666,292,250,249,352
2.381175994873047,292,250,249,352
2.381175994873047,292,249,249,352
2.381175994873047,293,249,249,352
2.381175994873047,293,249,249,352
2.3841922283172607,293,249,249,352
2.3841922283172607,293,249,249,352
2.3841922283172607,293,249,249,352
2.3841922283172607,293,249,249,352
2.3841922283172607,293,249,249,352
2.3841922283172607,293,249,249,352
2.3841922283172607,293,249,249,352
2.3841922283172607,294,249,249,352
2.3841922283172607,294,249,249,352
2.3841922283172607,294,249,249,352
2.3841922283172607,294,249,249,352
2.3841922283172607,294,248,249,352
2.3841922283172607,294,248,249,353
2.396207094192505,295,248,249,353
2.396207094192505,295,248,249,353
2.396207094192505,290,248,250,353
2.396207094192505,290,249,250,353
2.396207094192505,291,249,250,353
2.401158094406128,291,250,250,353
2.401158094406128,295,250,250,353
2.401158094406128,295,250,250,353
2.401158094406128,295,250,250,353
2.401158094406128,296,250,250,353
2.401158094406128,296,250,250,353
2.401158094406128,296,250,250,353
2.401158094406128,296,250,250,353
2.401158094406128,296,250,250,353
2.401158094406128,296,250,250,353
2.401158094406128,296,250,250,353
2.401158094406128,296,250,250,353
2.4119012355804443,296,250,250,353
2.4119012355804443,296,250,250,353
2.4119012355804443,296,250,250,353
2.4119012355804443,296,250,250,353
2.4119012355804443,296,250,250,353
2.4119012355804443,297,250,250,353
2.417653799057007,296,250,250,353
2.417653799057007,296,250,246,352
2.417653799057007,296,250,246,352
2.417653799057007,296,250,246,351
2.417653799057007,296,250,246,351
2.417653799057007,296,249,246,351
2.417653799057007,296,249,246,351
2.417653799057007,296,249,246,351
2.417653799057007,296,248,246,351
2.417653799057007,296,247,246,351
2.417653799057007,296,247,246,351
2.417653799057007,296,247,246,351
2.427663564682007,296,247,246,350
2.4284446239471436,296,247,246,350
2.4284446239471436,296,247,246,350
2.4304676055908203,296,247,246,350
2.4304676055908203,296,246,246,350
2.4304676055908203,296,246,246,350
2.4304676055908203,296,246,246,350
2.4343249797821045,296,246,246,350
2.4343249797821045,296,245,246,351
2.4343249797821045,296,245,246,351
2.4343249797821045,296,245,246,351
2.4343249797821045,295,245,248,351
2.4343249797821045,295,246,248,352
2.4343249797821045,295,246,248,352
2.4343249797821045,295,246,248,352
2.4343249797821045,295,247,248,352
2.4343249797821045,295,247,248,352
2.443336009979248,295,248,248,352
2.444133758544922,295,248,248,352
2.4446401596069336,295,248,248,352
2.4446401596069336,295,248,248,352
2.4446401596069336,295,248,248,352
2.4446401596069336,295,248,248,352
2.4446401596069336,295,248,248,352
2.4491281509399414,295,248,248,352
2.4491281509399414,295,248,248,352
2.4491281509399414,294,248,248,352
2.4491281509399414,294,248,248,352
2.453169822692871,294,248,248,352
2.453169822692871,294,248,248,352
2.453169822692871,294,248,248,352
2.453169822692871,295,248,248,352
2.453169822692871,294,248,248,352
2.453169822692871,294,248,245,351
2.4591574668884277,294,248,245,351
2.4591574668884277,294,248,245,351
2.4591574668884277,294,248,245,350
2.4591574668884277,294,248,245,350
2.4591574668884277,294,247,245,350
2.4591574668884277,294,247,245,350
2.4591574668884277,294,246,245,350
2.4591574668884277,294,246,245,350
2.4591574668884277,294,246,245,350
2.466886520385742,294,246,245,350
2.466886520385742,294,245,245,350
2.4684271812438965,294,245,245,350
2.4684271812438965,294,245,245,350
2.4684271812438965,294,245,245,350
2.4684271812438965,294,245,245,350
2.4684271812438965,294,245,245,350
2.4684271812438965,294,245,245,350
2.4684271812438965,294,245,245,350
2.4684271812438965,294,245,245,350
2.4684271812438965,294,245,245,350
2.4684271812438965,294,245,245,350
2.4684271812438965,294,245,245,350
2.4684271812438965,294,245,247,350
2.4684271812438965,294,245,247,351
2.4684271812438965,294,245,247,351
2.4684271812438965,295,245,247,351
2.4684271812438965,295,246,247,351
2.483492374420166,295,246,247,351
2.484374523162842,295,246,247,351
2.484374523162842,295,247,247,351
2.484374523162842,295,247,247,351
2.484374523162842,295,247,247,351
2.484374523162842,295,247,247,351
2.484374523162842,296,247,247,351
2.484374523162842,296,247,247,351
2.484374523162842,296,247,247,351
2.484374523162842,296,247,247,351
2.484374523162842,296,247,247,351
2.484374523162842,296,247,247,351
2.484374523162842,296,247,247,351
2.484374523162842,296,247,247,351
2.484374523162842,296,247,247,351
2.484374523162842,296,247,247,351
2.484374523162842,296,247,247,351
2.4987077713012695,296,247,245,350
2.4987077713012695,296,247,245,350
2.4987077713012695,296,247,245,350
2.5003788471221924,297,246,245,350
2.502086877822876,297,246,245,350
2.502086877822876,297,246,245,350
2.502086877822876,297,246,245,350
2.502086877822876,297,245,245,350
2.502086877822876,297,245,245,350
2.502086877822876,297,245,245,350
2.502086877822876,297,245,245,350
2.502086877822876,297,245,245,350
2.502086877822876,297,245,245,350
2.502086877822876,297,245,245,350
2.502086877822876,297,245,245,350
2.502086877822876,297,245,245,350
2.502086877822876,297,245,245,350
2.502086877822876,297,245,245,350
2.5145797729492188,297,245,245,350
2.5145797729492188,297,245,245,350
2.5145797729492188,297,245,245,350
2.5171141624450684,297,245,245,350
2.5171141624450684,297,245,245,350
2.518465042114258,297,245,245,350
2.518465042114258,297,245,245,350
2.518465042114258,297,245,245,350
2.518465042114258,297,245,245,350
2.518465042114258,297,245,245,350
2.518465042114258,297,245,245,350
2.518465042114258,297,245,245,350
2.518465042114258,297,245,245,350
2.518465042114258,297,245,245,350
2.518465042114258,297,245,245,350
2.518465042114258,297,245,245,350
2.518465042114258,297,245,245,350
2.518465042114258,297,245,245,350
2.5302529335021973,297,245,245,350
2.5302529335021973,297,245,245,350
2.5302529335021973,297,245,245,350
2.5333032608032227,297,245,245,350
2.5378777980804443,297,245,245,350
2.5378777980804443,297,245,245,350
2.5378777980804443,297,245,245,350
2.5378777980804443,297,245,245,350
2.5378777980804443,297,245,245,350
2.5378777980804443,297,245,244,350
2.5378777980804443,296,245,244,350
2.5378777980804443,296,245,244,350
2.5378777980804443,296,245,244,349
2.5378777980804443,296,245,244,349
2.5378777980804443,296,245,244,349
2.5378777980804443,296,245,244,349
2.5378777980804443,296,244,244,349
2.5378777980804443,296,244,244,349
2.546029806137085,296,244,244,349
2.546029806137085,296,244,244,349
2.546029806137085,296,243,244,349
2.5492775440216064,296,243,244,350
2.5492775440216064,295,243,244,350
2.550363540649414,295,243,244,350
2.5521647930145264,295,244,244,350
2.552760362625122,295,244,244,350
2.552760362625122,296,244,244,350
2.5545191764831543,296,244,244,350
2.5545191764831543,296,245,244,350
2.5545191764831543,296,245,244,349
2.5545191764831543,296,245,244,349
2.5545191764831543,296,245,244,349
2.5545191764831543,296,245,244,349
2.5545191764831543,295,244,244,349
2.5545191764831543,295,244,244,349
2.5545191764831543,295,244,244,349
2.5627145767211914,295,243,244,349
2.5627145767211914,295,243,244,349
2.5627145767211914,295,243,244,349
2.5627145767211914,295,244,244,349
2.5627145767211914,295,243,244,349
2.5627145767211914,295,243,244,350
2.5627145767211914,295,244,244,350
2.5627145767211914,295,243,244,349
2.5627145767211914,295,244,244,350
2.5709433555603027,295,244,244,350
2.5709433555603027,295,244,244,350
2.5709433555603027,295,244,244,350
2.5709433555603027,295,244,244,350
2.5709433555603027,296,245,244,350
2.5709433555603027,296,245,244,349
2.5709433555603027,296,245,244,349
2.5709433555603027,296,245,244,349
2.5709433555603027,296,245,243,349
2.579169511795044,296,244,243,349
2.579169511795044,296,244,243,349
2.579169511795044,296,244,243,349
2.579169511795044,296,243,243,349
2.579169511795044,296,244,243,348
2.583387613296509,296,244,243,348
2.583387613296509,296,243,243,348
2.583387613296509,296,243,243,348
2.583387613296509,296,243,243,348
2.5876781940460205,296,243,243,348
2.5876781940460205,297,243,243,348
2.5876781940460205,297,243,243,348
2.5876781940460205,297,242,243,348
2.5876781940460205,297,242,243,349
2.5876781940460205,297,242,243,349
2.5876781940460205,297,242,243,349
2.5876781940460205,297,242,243,349
2.5876781940460205,297,243,243,349
2.5958919525146484,297,243,243,349
2.5970675945281982,297,243,243,349
2.5976927280426025,297,243,243,349
2.5976927280426025,298,243,244,349
2.5976927280426025,298,243,244,349
2.5976927280426025,298,243,244,349
2.5976927280426025,298,243,244,349
2.5976927280426025,298,243,244,349
2.5976927280426025,298,243,244,349
2.5976927280426025,298,243,244,350
2.6042182445526123,298,243,244,350
2.6042182445526123,298,243,244,350
2.6042182445526123,298,244,244,350
2.6042182445526123,298,244,244,350
2.6042182445526123,298,244,244,350
2.6042182445526123,298,244,244,350
2.6042182445526123,298,244,244,350
2.6042182445526123,298,245,244,349
2.6042182445526123,298,245,244,349
2.6042182445526123,298,245,244,349
2.6042182445526123,298,245,244,349
2.6042182445526123,298,245,244,349
2.6042182445526123,298,244,244,349
2.6042182445526123,298,244,244,349
2.6042182445526123,298,244,244,349
2.6042182445526123,298,243,243,349
2.6042182445526123,298,243,243,349
2.6199917793273926,298,243,243,349
2.6210076808929443,298,243,243,349
2.621795892715454,298,243,243,349
2.621795892715454,298,243,243,349
2.621795892715454,297,243,243,349
2.621795892715454,297,243,243,349
2.621795892715454,297,243,243,349
2.621795892715454,297,243,243,349
2.621795892715454,297,243,243,349
2.621795892715454,297,243,243,349
2.621795892715454,297,243,243,349
2.621795892715454,297,243,243,349
2.621795892715454,297,243,243,349
2.621795892715454,297,243,243,349
2.621795892715454,297,243,243,349
2.621795892715454,297,243,243,349
2.621795892715454,297,243,243,349
2.621795892715454,297,243,243,349
2.635885000228882,297,243,243,349
2.635885000228882,297,243,243,349
2.635885000228882,297,243,243,349
2.635885000228882,296,243,242,349
2.635885000228882,296,243,242,349
2.635885000228882,296,243,242,349
2.635885000228882,296,243,242,349
2.635885000228882,296,243,242,349
2.635885000228882,296,243,242,348
2.635885000228882,295,243,242,348
2.635885000228882,296,243,242,348
2.635885000228882,296,243,242,348
2.635885000228882,296,242,242,348
2.635885000228882,296,242,242,348
2.635885000228882,296,242,242,348
2.649428606033325,296,242,242,348
2.649428606033325,296,242,242,348
2.649428606033325,296,242,242,348
2.651664972305298,295,242,242,348
2.651664972305298,295,242,242,348
2.651664972305298,295,242,242,348
2.651664972305298,295,242,242,348
2.651664972305298,295,242,242,348
2.651664972305298,295,242,242,348
2.651664972305298,295,242,242,348
2.651664972305298,295,242,241,348
2.651664972305298,295,242,241,348
2.651664972305298,295,242,241,348
2.651664972305298,295,242,241,348
2.651664972305298,296,242,241,348
2.651664972305298,296,242,241,348
2.651664972305298,296,242,241,348
2.651664972305298,296,242,241,348
2.651664972305298,296,242,241,347
2.651664972305298,296,242,241,347
2.6674301624298096,296,242,241,347
2.668879508972168,296,242,241,347
2.6697564125061035,296,242,241,347
2.6704354286193848,296,241,241,347
2.6704354286193848,296,241,241,347
2.6704354286193848,296,240,241,347
2.6704354286193848,296,240,241,347
2.6704354286193848,296,240,241,348
2.6704354286193848,296,240,241,348
2.6704354286193848,296,240,241,348
2.6704354286193848,296,240,241,348
2.6704354286193848,297,241,241,348
2.6704354286193848,297,241,243,348
2.6704354286193848,297,241,243,348
2.6704354286193848,297,242,243,348
2.6704354286193848,297,242,243,348
2.6704354286193848,298,242,243,348
2.6832501888275146,298,242,243,349
2.6832501888275146,298,242,243,349
2.6832501888275146,298,242,243,349
2.6832501888275146,298,242,243,349
2.6832501888275146,298,243,243,349
2.6832501888275146,298,243,243,349
2.6832501888275146,299,243,243,349
2.6832501888275146,299,243,243,349
2.6832501888275146,299,243,243,349
2.6832501888275146,299,243,243,349
2.6832501888275146,299,243,243,349
2.6832501888275146,299,243,243,349
2.6832501888275146,299,243,243,349
2.6832501888275146,299,243,243,349
2.6832501888275146,299,243,243,349
2.6832501888275146,299,243,243,349
2.6832501888275146,299,243,243,349
2.6832501888275146,299,243,241,348
2.699028968811035,299,243,241,348
2.699028968811035,299,243,241,348
2.699028968811035,299,243,241,348
2.699028968811035,299,243,241,348
2.699028968811035,299,243,241,347
2.699028968811035,299,242,241,348
2.699028968811035,299,242,241,348
2.699028968811035,299,242,241,347
2.699028968811035,299,242,241,347
2.699028968811035,299,241,241,347
2.699028968811035,299,241,241,347
2.699028968811035,299,241,241,347
2.699028968811035,299,241,241,347
2.699028968811035,299,241,241,347
2.699028968811035,299,241,241,347
2.699028968811035,299,240,241,347
2.699028968811035,299,240,241,348
2.714759588241577,298,240,241,348
2.714759588241577,298,241,241,348
2.714759588241577,298,241,241,348
2.7173702716827393,298,241,241,348
2.7173702716827393,298,241,241,348
2.7183613777160645,298,242,241,348
2.7183613777160645,298,242,241,347
2.7183613777160645,298,242,241,347
2.7183613777160645,298,242,241,347
2.7183613777160645,298,242,241,347
2.7183613777160645,298,241,241,347
2.7183613777160645,298,241,241,347
2.7183613777160645,298,241,241,347
2.7183613777160645,298,240,241,348
2.7183613777160645,298,240,241,348
2.7183613777160645,297,240,241,348
2.7183613777160645,297,240,241,348
2.7183613777160645,297,241,241,348
2.7304019927978516,297,241,241,348
2.7320711612701416,297,242,241,348
2.7325563430786133,297,242,241,347
2.7325563430786133,297,242,241,347
2.7325563430786133,297,242,241,347
2.7325563430786133,297,241,241,347
2.7325563430786133,297,241,241,347
2.7325563430786133,297,241,241,347
2.7325563430786133,297,240,240,347
2.7325563430786133,297,240,240,347
2.7325563430786133,296,240,240,347
2.7325563430786133,296,240,240,347
2.7325563430786133,296,240,240,347
2.7325563430786133,296,240,240,347
2.7325563430786133,296,240,240,347
2.7325563430786133,296,240,240,347
2.7325563430786133,296,240,240,347
2.7461979389190674,296,240,240,347
2.7461979389190674,296,240,240,347
2.7461979389190674,296,240,240,347
2.7461979389190674,296,241,240,347
2.7497105598449707,296,240,240,347
2.7497105598449707,296,240,240,347
2.7497105598449707,296,240,240,347
2.7497105598449707,296,240,240,347
2.7497105598449707,296,240,240,347
2.7497105598449707,296,240,240,347
2.7497105598449707,296,240,240,347
2.7497105598449707,296,240,240,347
2.7497105598449707,296,240,240,347
2.7497105598449707,296,240,240,347
2.7497105598449707,296,240,240,347
2.7497105598449707,296,240,240,347
2.7497105598449707,297,240,240,347
2.7497105598449707,297,240,240,347
2.7619895935058594,297,240,240,347
2.7619895935058594,297,240,240,347
2.7619895935058594,297,240,240,347
2.7619895935058594,297,240,240,347
2.7619895935058594,297,240,240,347
2.7619895935058594,297,240,240,347
2.7619895935058594,297,240,240,347
2.7619895935058594,297,240,240,347
2.7619895935058594,297,240,240,347
2.7619895935058594,297,240,240,347
2.7619895935058594,297,240,240,347
2.7619895935058594,297,240,240,347
2.7619895935058594,297,240,240,347
2.7619895935058594,298,241,240,347
2.7619895935058594,298,240,240,347
2.7619895935058594,298,240,240,347
2.7619895935058594,298,240,240,347
2.7619895935058594,298,240,240,347
2.777921438217163,298,240,240,347
2.777921438217163,298,241,241,347
2.777921438217163,298,241,241,347
2.7799344062805176,298,241,241,347
2.7799344062805176,298,240,241,347
2.7819442749023438,298,240,241,347
2.7819442749023438,298,240,241,348
2.7819442749023438,299,240,241,348
2.7819442749023438,299,241,241,348
2.7819442749023438,299,241,241,348
2.7819442749023438,299,241,241,348
2.7819442749023438,299,241,241,348
2.7819442749023438,299,241,241,348
2.7819442749023438,299,241,241,348
2.7819442749023438,299,241,241,348
2.7819442749023438,300,242,241,348
2.7819442749023438,300,242,241,347
2.7819442749023438,300,242,241,347
2.793640375137329,300,241,241,347
2.793640375137329,300,241,241,347
2.793640375137329,299,241,241,347
2.793640375137329,300,241,241,347
2.793640375137329,299,241,241,347
2.793640375137329,299,240,239,347
2.793640375137329,299,240,239,347
2.793640375137329,299,240,239,347
2.793640375137329,299,240,239,347
2.793640375137329,299,240,239,347
2.793640375137329,299,240,239,347
2.793640375137329,299,240,239,347
2.793640375137329,299,240,239,347
2.793640375137329,299,240,239,347
2.793640375137329,299,240,239,346
2.793640375137329,299,240,239,346
2.793640375137329,299,240,239,346
2.8095667362213135,299,240,239,346
2.8095667362213135,299,240,239,346
2.810535430908203,298,239,239,346
2.810535430908203,298,239,239,346
2.810535430908203,298,239,239,346
2.810535430908203,298,239,239,346
2.810535430908203,298,239,239,346
2.8157050609588623,298,239,239,346
2.8166842460632324,298,239,239,346
2.8166842460632324,298,239,239,346
2.8166842460632324,298,239,240,346
2.8188257217407227,298,239,240,346
2.8188257217407227,297,239,240,347
2.8188257217407227,297,239,240,347
2.8188257217407227,297,239,240,347
2.8188257217407227,298,239,240,347
2.8188257217407227,297,239,240,347
2.8188257217407227,297,239,240,347
2.825392484664917,297,240,240,347
2.825392484664917,297,240,240,347
2.825392484664917,297,240,240,347
2.825392484664917,297,240,240,347
2.825392484664917,297,240,240,347
2.825392484664917,297,240,240,347
2.825392484664917,297,240,240,347
2.825392484664917,297,240,240,347
2.8333466053009033,297,240,240,347
2.833791971206665,297,240,240,347
2.8343605995178223,297,240,240,347
2.8343605995178223,297,240,240,347
2.8343605995178223,296,240,240,347
2.8343605995178223,296,240,240,347
2.8343605995178223,296,240,238,346
2.8343605995178223,296,240,238,346
2.8343605995178223,297,240,238,346
2.8343605995178223,297,240,238,346
2.841559886932373,297,240,238,346
2.841559886932373,297,240,238,346
2.841559886932373,297,239,238,346
2.841559886932373,297,239,238,346
2.841559886932373,297,239,238,346
2.841559886932373,297,239,238,345
2.841559886932373,297,239,238,345
2.841559886932373,297,239,238,345
2.841559886932373,297,238,238,345
2.849893808364868,297,238,238,345
2.8503260612487793,297,238,238,345
2.8514366149902344,297,238,238,345
2.8514366149902344,297,238,238,345
2.8514366149902344,297,238,238,345
2.8514366149902344,297,237,238,346
2.8514366149902344,297,237,238,346
2.8514366149902344,297,237,238,346
2.8514366149902344,297,237,238,346
2.857941150665283,297,238,241,346
2.857941150665283,297,238,241,347
2.857941150665283,297,238,241,347
2.857941150665283,297,238,241,347
2.857941150665283,298,239,241,347
2.857941150665283,298,239,241,347
2.857941150665283,298,239,241,347
2.857941150665283,298,240,241,347
2.857941150665283,298,240,241,347
2.8661112785339355,298,240,241,347
2.8661112785339355,298,240,241,348
2.8661112785339355,298,240,241,348
2.8661112785339355,299,240,241,348
2.8661112785339355,299,240,241,348
2.8661112785339355,299,241,241,348
2.8661112785339355,299,241,241,348
2.8661112785339355,299,241,241,348
2.874131202697754,299,241,241,348
2.874131202697754,299,241,241,348
2.874131202697754,299,241,241,348
2.874131202697754,299,241,241,348
2.874131202697754,299,241,241,348
2.874131202697754,299,241,238,347
2.874131202697754,299,241,238,347
2.874131202697754,299,242,238,346
2.874131202697754,299,241,238,346
2.874131202697754,299,241,238,346
2.874131202697754,299,241,238,346
2.874131202697754,299,241,238,346
2.874131202697754,299,240,238,346
2.874131202697754,299,239,238,345
2.874131202697754,299,239,238,346
2.874131202697754,299,238,238,345
2.874131202697754,299,238,238,346
2.874131202697754,299,238,238,346
2.8897900581359863,299,238,238,346
2.8897900581359863,299,238,238,346
2.8897900581359863,299,238,238,346
2.8897900581359863,299,238,238,346
2.8897900581359863,299,238,238,346
2.8897900581359863,299,238,238,346
2.8897900581359863,299,239,238,346
2.8897900581359863,299,239,238,345
2.8897900581359863,299,239,238,345
2.8897900581359863,299,238,238,345
2.8897900581359863,299,238,239,346
2.8897900581359863,299,238,239,346
2.8897900581359863,299,238,239,346
2.8897900581359863,298,238,239,346
2.8897900581359863,298,238,239,346
2.8897900581359863,298,238,239,346
2.8897900581359863,298,238,239,346
2.8897900581359863,298,239,239,346
2.905543565750122,298,239,239,346
2.905543565750122,298,239,239,346
2.905543565750122,298,239,239,346
2.905543565750122,298,239,239,346
2.905543565750122,298,239,239,346
2.905543565750122,298,239,239,346
2.905543565750122,298,239,239,346
2.905543565750122,298,239,239,346
2.905543565750122,298,239,239,346
2.905543565750122,298,239,239,346
2.905543565750122,298,238,239,346
2.905543565750122,298,238,239,346
2.905543565750122,298,238,239,346
2.905543565750122,297,238,239,346
2.905543565750122,297,238,236,346
2.905543565750122,297,238,236,346
2.905543565750122,297,239,236,346
2.92124080657959,298,239,236,345
2.92124080657959,298,239,236,345
2.92124080657959,298,239,236,345
2.92124080657959,298,238,236,345
2.92124080657959,297,238,236,344
2.92124080657959,297,238,236,344
2.92124080657959,297,237,236,344
2.92124080657959,297,237,236,344
2.92124080657959,297,237,236,344
2.92124080657959,297,236,236,344
2.92124080657959,297,236,236,344
2.92124080657959,298,236,236,344
2.92124080657959,298,236,236,344
2.92124080657959,298,236,236,344
2.92124080657959,298,236,236,344
2.92124080657959,298,236,236,344
2.92124080657959,298,236,236,344
2.937199831008911,298,236,236,344
2.937199831008911,298,236,236,344
2.937199831008911,298,236,240,345
2.937199831008911,298,236,240,346
2.937199831008911,298,236,240,346
2.937199831008911,298,236,240,346
2.937199831008911,298,237,240,347
2.937199831008911,298,237,240,347
2.937199831008911,298,238,240,347
2.937199831008911,299,238,240,347
2.937199831008911,299,239,240,347
2.937199831008911,299,239,240,347
2.937199831008911,299,240,240,347
2.937199831008911,299,240,240,347
2.937199831008911,299,240,240,347
2.950037956237793,299,240,240,347
2.950037956237793,299,240,240,347
2.950037956237793,299,240,240,347
2.9532477855682373,300,240,240,347
2.9532477855682373,300,240,240,347
2.955146551132202,300,240,240,347
2.955738067626953,300,240,240,347
2.955738067626953,300,240,240,347
2.955738067626953,300,240,240,347
2.955738067626953,299,240,236,346
2.955738067626953,299,240,236,345
2.955738067626953,299,240,236,345
2.955738067626953,299,240,236,345
2.955738067626953,300,239,236,345
2.955738067626953,300,239,236,344
2.955738067626953,300,239,236,344
2.955738067626953,300,238,236,344
2.955738067626953,300,237,236,344
2.955738067626953,300,237,236,344
2.955738067626953,300,236,236,344
2.955738067626953,300,236,236,344
2.969111919403076,300,236,236,344
2.969111919403076,300,236,236,344
2.970684289932251,300,236,236,344
2.970684289932251,300,236,236,344
2.970684289932251,299,236,236,344
2.970684289932251,299,236,236,344
2.970684289932251,299,236,236,344
2.970684289932251,299,236,236,344
2.970684289932251,300,236,236,344
2.9774880409240723,300,235,236,345
2.9781863689422607,300,236,240,346
2.9781863689422607,299,236,240,346
2.9781863689422607,299,236,240,346
2.9781863689422607,299,236,240,346
2.9781863689422607,299,237,240,346
2.9781863689422607,300,237,240,347
2.983788251876831,300,238,240,347
2.983788251876831,300,238,240,347
2.985714912414551,300,238,240,347
2.985714912414551,300,239,240,347
2.985714912414551,300,240,240,347
2.985714912414551,300,240,240,347
2.985714912414551,299,240,240,347
2.985714912414551,299,240,240,347
2.985714912414551,299,240,240,347
2.985714912414551,299,240,240,347
2.985714912414551,299,240,240,347
2.985714912414551,299,240,240,347
2.9941956996917725,299,240,240,347
2.9946680068969727,299,240,240,347
2.9946680068969727,299,240,240,347
2.9946680068969727,299,240,240,347
2.9946680068969727,299,240,240,347
2.9946680068969727,299,239,235,346
2.999755620956421,299,240,235,345
3.001087188720703,299,240,235,345
3.002107858657837,299,239,235,344
3.002107858657837,299,239,235,344
3.002107858657837,299,238,235,344
3.002107858657837,299,238,235,344
3.002107858657837,298,237,235,344
3.002107858657837,298,237,235,344
3.002107858657837,298,236,235,344
3.002107858657837,298,236,235,344
3.002107858657837,298,236,235,344
3.0102713108062744,298,236,235,344
3.0102713108062744,298,236,235,344
3.0102713108062744,298,236,235,343
3.0102713108062744,298,236,235,343
3.0102713108062744,298,236,235,343
3.0102713108062744,298,235,235,343
3.0102713108062744,298,235,235,343
3.0102713108062744,298,235,235,343
3.016592025756836,298,235,235,343
3.0184619426727295,298,235,235,343
3.0184619426727295,298,235,240,345
3.0184619426727295,298,235,240,345
3.0184619426727295,298,235,240,345
3.0184619426727295,298,235,240,346
3.0184619426727295,298,236,240,346
3.0184619426727295,298,236,240,346
3.0184619426727295,298,237,240,347
3.0184619426727295,298,238,240,347
3.0184619426727295,298,238,240,347
3.0266337394714355,298,239,240,347
3.0266337394714355,298,239,240,347
3.0266337394714355,298,239,240,347
3.0266337394714355,298,239,240,347
3.0266337394714355,298,240,240,347
3.0266337394714355,298,240,240,347
3.0266337394714355,299,240,240,347
3.0266337394714355,299,240,240,347
3.0266337394714355,299,240,240,347
3.034827470779419,299,240,240,347
3.034827470779419,299,240,240,347
3.034827470779419,299,240,240,347
3.034827470779419,299,240,240,347
3.034827470779419,299,240,236,346
3.034827470779419,299,240,236,346
3.034827470779419,299,240,236,345
3.034827470779419,299,240,236,345
3.034827470779419,299,239,236,345
3.034827470779419,299,239,236,345
3.034827470779419,299,238,236,344
3.034827470779419,299,238,236,344
3.034827470779419,299,237,236,344
3.034827470779419,299,237,236,344
3.034827470779419,299,236,236,344
3.034827470779419,299,236,236,344
3.050151824951172,299,236,236,344
3.050151824951172,299,236,236,344
3.0509564876556396,299,236,236,344
3.0509564876556396,299,235,236,345
3.0509564876556396,299,235,236,345
3.0509564876556396,300,236,236,345
3.0554912090301514,300,236,236,345
3.056278944015503,300,236,236,345
3.056278944015503,300,236,236,345
3.056278944015503,300,236,236,345
3.056278944015503,300,237,240,345
3.056278944015503,300,237,240,346
3.056278944015503,300,237,240,346
3.056278944015503,299,237,240,346
3.056278944015503,299,237,240,346
3.056278944015503,299,237,240,347
3.056278944015503,299,238,240,347
3.056278944015503,299,238,240,347
3.0658931732177734,299,238,240,347
3.0658931732177734,300,239,240,347
3.0658931732177734,300,239,240,347
3.0658931732177734,300,239,240,347
3.0658931732177734,300,239,240,347
3.0658931732177734,300,239,240,347
3.0658931732177734,300,239,240,347
3.0658931732177734,300,239,240,347
3.0658931732177734,300,240,240,347
3.0658931732177734,300,240,240,347
3.0658931732177734,300,240,240,347
3.0658931732177734,300,240,240,347
3.0658931732177734,300,240,240,347
3.0658931732177734,299,240,240,347
3.0658931732177734,299,240,234,346
3.0658931732177734,299,240,234,345
3.0658931732177734,299,240,234,345
3.0658931732177734,299,240,234,344
3.081822395324707,299,239,234,344
3.081822395324707,299,239,234,343
3.081822395324707,299,238,234,343
3.081822395324707,299,237,234,343
3.081822395324707,299,236,234,343
3.081822395324707,299,236,234,343
3.081822395324707,298,235,234,343
3.081822395324707,298,235,234,343
3.081822395324707,298,234,234,343
3.081822395324707,298,234,234,343
3.081822395324707,298,234,234,343
3.081822395324707,298,234,234,343
3.081822395324707,298,234,234,343
3.081822395324707,298,234,234,343
3.081822395324707,298,234,234,343
3.081822395324707,298,234,234,343
3.081822395324707,298,234,234,343
3.0976293087005615,298,234,234,343
3.0976293087005615,298,234,239,344
3.0976293087005615,298,234,239,345
3.0976293087005615,298,234,239,345
3.0976293087005615,298,234,239,346
3.0976293087005615,298,235,239,346
3.0976293087005615,298,235,239,346
3.0976293087005615,298,236,239,346
3.0976293087005615,298,237,239,346
3.0976293087005615,298,238,239,346
3.0976293087005615,299,238,239,346
3.0976293087005615,299,238,239,346
3.0976293087005615,299,238,239,346
3.0976293087005615,299,238,239,346
3.0976293087005615,299,238,239,346
3.0976293087005615,299,238,239,347
3.0976293087005615,299,238,239,347
3.113407611846924,299,238,239,347
3.113407611846924,299,238,239,347
3.114729881286621,299,239,239,347
3.114729881286621,299,239,239,347
3.114729881286621,299,240,239,347
3.114729881286621,299,240,239,346
3.114729881286621,299,240,235,345
3.114729881286621,299,240,235,345
3.114729881286621,299,239,235,345
3.114729881286621,299,239,235,344
3.114729881286621,299,239,235,344
3.114729881286621,299,238,235,344
3.114729881286621,299,237,235,344
3.114729881286621,299,237,235,344
3.114729881286621,300,236,235,344
3.114729881286621,300,236,235,344
3.114729881286621,300,236,235,344
3.129164457321167,300,236,235,344
3.129164457321167,300,236,235,344
3.129164457321167,300,236,235,344
3.129164457321167,300,236,235,343
3.129164457321167,300,236,235,343
3.129164457321167,300,235,235,343
3.129164457321167,300,235,235,343
3.129164457321167,300,235,235,343
3.129164457321167,300,235,235,343
3.129164457321167,300,234,235,343
3.129164457321167,300,234,235,344
3.129164457321167,300,234,239,345
3.129164457321167,300,234,239,345
3.129164457321167,300,234,239,346
3.129164457321167,300,235,239,346
3.129164457321167,300,236,239,346
3.129164457321167,300,236,239,346
3.129164457321167,300,237,239,346
3.144827127456665,300,237,239,346
3.144827127456665,300,238,239,346
3.144827127456665,300,239,239,346
3.144827127456665,300,239,239,346
3.144827127456665,300,239,239,346
3.144827127456665,300,238,239,346
3.1502225399017334,300,238,239,346
3.1502225399017334,300,238,239,346
3.1502225399017334,300,238,239,347
3.1502225399017334,300,238,239,347
3.1502225399017334,300,238,239,347
3.1502225399017334,300,238,239,347
3.1502225399017334,300,238,239,347
3.1502225399017334,300,239,239,347
3.1502225399017334,300,239,239,347
3.1502225399017334,300,240,235,346
3.1502225399017334,300,240,235,345
3.1605117321014404,300,240,235,345
3.1605117321014404,300,239,235,344
3.1605117321014404,300,239,235,344
3.1605117321014404,300,238,235,344
3.1605117321014404,300,237,235,344
3.1605117321014404,300,237,235,344
3.1605117321014404,300,236,235,344
3.1605117321014404,300,236,235,344
3.1605117321014404,300,235,235,344
3.1605117321014404,300,235,235,344
3.1605117321014404,300,235,235,344
3.1605117321014404,300,235,235,344
3.1605117321014404,299,235,235,344
3.1605117321014404,299,235,235,344
3.1605117321014404,299,235,235,344
3.1605117321014404,299,235,235,344
3.1605117321014404,299,235,235,344
3.176262617111206,299,235,235,344
3.1770904064178467,299,235,235,344
3.178429365158081,299,235,235,344
3.178429365158081,299,235,239,345
3.178429365158081,299,235,239,345
3.178429365158081,299,235,239,346
3.178429365158081,299,236,239,346
3.178429365158081,299,236,239,346
3.178429365158081,298,236,239,346
3.178429365158081,298,237,239,346
3.178429365158081,298,237,239,346
3.178429365158081,299,238,239,346
3.178429365158081,299,238,239,346
3.178429365158081,299,238,239,346
3.178429365158081,299,238,239,347
3.178429365158081,299,238,239,347
3.178429365158081,299,238,239,347
3.178429365158081,299,238,239,347
3.1919682025909424,299,238,239,347
3.1919682025909424,299,239,239,347
3.1919682025909424,299,239,239,347
3.1919682025909424,299,239,239,347
3.1919682025909424,299,239,239,347
3.1919682025909424,298,240,239,347
3.1919682025909424,299,240,239,346
3.1919682025909424,299,240,235,345
3.1919682025909424,299,240,235,345
3.1919682025909424,299,239,235,345
3.1919682025909424,299,239,235,344
3.1919682025909424,299,238,235,344
3.1919682025909424,299,238,235,344
3.1919682025909424,299,237,235,344
3.1919682025909424,298,236,235,344
3.1919682025909424,298,236,235,344
3.1919682025909424,298,236,235,344
3.2082555294036865,298,235,235,344
3.209050178527832,298,236,235,344
3.209050178527832,299,235,235,344
3.209050178527832,299,235,235,344
3.209050178527832,299,235,235,344
3.209050178527832,299,235,235,344
3.209050178527832,299,235,235,344
3.209050178527832,299,235,235,344
3.209050178527832,299,235,235,344
3.209050178527832,299,235,235,344
3.209050178527832,299,235,235,344
3.209050178527832,299,235,235,344
3.209050178527832,299,235,238,345
3.209050178527832,299,235,238,345
3.209050178527832,299,235,238,345
3.209050178527832,299,236,238,345
3.209050178527832,300,236,238,345
3.2234067916870117,300,236,238,345
3.2234067916870117,300,236,238,346
3.2234067916870117,300,236,238,346
3.2234067916870117,299,236,238,346
3.2234067916870117,299,237,238,346
3.2234067916870117,299,237,238,346
3.2234067916870117,299,237,238,346
3.2234067916870117,300,238,238,346
3.2234067916870117,300,238,238,346
3.2234067916870117,300,238,238,346
3.2234067916870117,300,238,238,346
3.2234067916870117,300,238,238,346
3.2234067916870117,300,238,238,346
3.2234067916870117,300,238,238,346
3.2234067916870117,300,238,238,346
3.2234067916870117,301,238,238,346
3.2234067916870117,301,238,238,346
3.2234067916870117,301,238,236,345
3.2397711277008057,301,238,236,345
3.24094820022583,300,238,236,345
3.24094820022583,300,238,236,345
3.24094820022583,300,238,236,345
3.24094820022583,300,238,236,345
3.24094820022583,300,237,236,345
3.24094820022583,300,237,236,345
3.24094820022583,300,237,236,345
3.24094820022583,300,237,236,344
3.24094820022583,300,237,236,344
3.24094820022583,300,237,236,344
3.24094820022583,300,236,236,344
3.2502152919769287,300,236,236,344
3.2502152919769287,300,236,236,344
3.2502152919769287,300,236,236,344
3.2502152919769287,300,235,236,345
3.2502152919769287,300,235,236,345
3.2548787593841553,300,235,236,345
3.2548787593841553,300,235,236,345
3.2548787593841553,300,235,236,345
3.2548787593841553,300,236,236,345
3.2548787593841553,300,236,237,345
3.2548787593841553,300,237,237,345
3.2548787593841553,300,237,237,345
3.2548787593841553,300,237,237,345
3.2548787593841553,300,237,237,345
3.2548787593841553,300,237,237,345
3.2548787593841553,300,237,237,345
3.2548787593841553,300,237,237,345
3.2548787593841553,300,236,237,345
3.2548787593841553,299,236,237,345
3.2548787593841553,299,236,237,345
3.2548787593841553,299,236,237,345
3.2548787593841553,299,236,237,345
3.2548787593841553,300,237,237,345
3.2705421447753906,300,237,237,345
3.271450996398926,299,237,237,345
3.271450996398926,299,237,237,345
3.271450996398926,299,237,237,345
3.271450996398926,299,237,237,345
3.271450996398926,299,237,237,345
3.271450996398926,299,237,237,345
3.271450996398926,299,237,237,345
3.271450996398926,299,237,236,345
3.271450996398926,299,237,236,345
3.271450996398926,299,237,236,345
3.271450996398926,299,237,236,345
3.271450996398926,299,237,236,345
3.271450996398926,299,237,236,345
3.271450996398926,299,237,236,345
3.271450996398926,299,237,236,345
3.271450996398926,299,237,236,344
3.2863919734954834,299,237,236,344
3.2863919734954834,299,236,236,344
3.2863919734954834,299,237,236,344
3.2863919734954834,299,236,236,344
3.2863919734954834,299,236,236,344
3.2863919734954834,298,236,236,344
3.2863919734954834,298,236,236,344
3.2863919734954834,298,235,236,344
3.2863919734954834,298,235,236,345
3.2863919734954834,298,235,236,345
3.2863919734954834,299,236,236,344
3.2863919734954834,299,236,236,344
3.2863919734954834,299,236,236,344
3.2863919734954834,299,236,236,344
3.2863919734954834,299,236,237,345
3.2863919734954834,299,236,237,345
3.2863919734954834,299,236,237,345
3.302232265472412,299,236,237,345
3.302232265472412,299,236,237,345
3.303635835647583,299,236,237,345
3.303635835647583,299,236,237,345
3.303635835647583,299,236,237,345
3.303635835647583,299,237,237,345
3.303635835647583,299,237,237,345
3.303635835647583,299,237,237,345
3.308993101119995,299,237,237,345
3.3093173503875732,299,237,237,345
3.3093173503875732,299,237,237,345
3.3093173503875732,300,237,237,345
3.3093173503875732,300,237,237,345
3.3093173503875732,300,237,237,345
3.3093173503875732,300,237,237,345
3.3093173503875732,300,237,237,345
3.316180944442749,300,237,237,345
3.316861152648926,300,237,237,345
3.316861152648926,300,237,237,345
3.316861152648926,300,237,236,345
3.316861152648926,300,237,236,345
3.316861152648926,300,237,236,345
3.316861152648926,300,237,236,345
3.316861152648926,300,237,236,345
3.316861152648926,300,237,236,345
3.324479103088379,300,237,236,344
3.324479103088379,300,237,236,344
3.324479103088379,300,237,236,344
3.324479103088379,300,236,236,344
3.324479103088379,300,236,236,344
3.324479103088379,300,236,236,344
3.324479103088379,300,236,236,344
3.324479103088379,300,236,236,344
3.324479103088379,300,236,236,344
3.3327248096466064,300,235,236,345
3.333510160446167,300,235,236,345
3.333510160446167,300,235,236,345
3.333510160446167,300,235,236,345
3.333510160446167,300,236,236,345
3.333510160446167,300,236,236,345
3.333510160446167,300,236,236,345
3.333510160446167,300,237,236,345
3.333510160446167,300,237,236,344
3.3410398960113525,301,237,236,344
3.3410398960113525,301,237,236,344
3.3410398960113525,301,237,236,344
3.3410398960113525,301,236,236,344
3.3410398960113525,301,236,236,344
3.3410398960113525,301,235,236,344
3.3410398960113525,301,235,236,344
3.3410398960113525,301,235,236,345
3.3410398960113525,300,235,236,345
3.349114179611206,300,235,236,345
3.349806785583496,300,235,236,345
3.3503165245056152,300,236,236,345
3.3503165245056152,300,236,236,345
3.3503165245056152,300,236,236,345
3.3503165245056152,300,237,236,345
3.3503165245056152,300,237,236,345
3.3503165245056152,300,237,236,344
3.3503165245056152,300,237,236,344
3.3503165245056152,300,237,236,344
3.3503165245056152,300,236,236,344
3.3503165245056152,300,236,236,344
3.3503165245056152,300,236,236,344
3.3503165245056152,300,236,236,344
3.3503165245056152,300,236,236,344
3.3503165245056152,300,236,236,344
3.3503165245056152,300,236,236,344
3.3503165245056152,300,236,236,344
3.364814281463623,300,235,236,345
3.3657381534576416,300,235,236,345
3.3657381534576416,300,235,236,345
3.3657381534576416,300,236,236,345
3.3657381534576416,300,236,236,345
3.3657381534576416,300,236,236,345
3.3657381534576416,300,236,236,345
3.3657381534576416,300,236,236,345
3.3657381534576416,300,236,236,345
3.3657381534576416,299,236,236,345
3.3657381534576416,299,236,236,345
3.3657381534576416,299,237,236,344
3.3657381534576416,299,237,236,344
3.3657381534576416,300,237,236,344
3.3657381534576416,299,237,236,344
3.3657381534576416,299,236,236,344
3.3657381534576416,299,236,236,344
3.3804781436920166,299,236,236,344
3.3814148902893066,299,236,236,344
3.3818907737731934,299,236,236,344
3.3818907737731934,299,235,236,345
3.3818907737731934,299,235,236,345
3.3818907737731934,299,235,236,345
3.3818907737731934,299,235,236,345
3.3818907737731934,299,236,236,345
3.3818907737731934,299,236,236,345
3.3818907737731934,299,236,236,345
3.3818907737731934,299,236,236,345
3.3818907737731934,299,236,236,345
3.3818907737731934,299,236,236,345
3.3818907737731934,299,236,236,345
3.3818907737731934,299,237,236,344
3.3818907737731934,299,237,236,344
3.3818907737731934,299,237,236,344
3.3818907737731934,300,236,236,344
3.3961262702941895,300,236,236,344
3.3961262702941895,299,236,236,344
3.3961262702941895,299,236,236,344
3.3961262702941895,299,236,237,345
3.3961262702941895,299,235,237,345
3.3961262702941895,299,235,237,345
3.3961262702941895,299,236,237,345
3.3961262702941895,299,236,237,345
3.3961262702941895,299,236,237,345
3.3961262702941895,299,236,237,345
3.3961262702941895,299,237,237,345
3.3961262702941895,299,237,237,345
3.3961262702941895,299,237,237,345
3.3961262702941895,299,237,237,345
3.3961262702941895,299,237,237,345
3.3961262702941895,299,237,237,345
3.3961262702941895,299,237,237,345
3.3961262702941895,299,237,237,345
3.4118828773498535,300,237,237,345
3.4118828773498535,300,237,237,345
3.4118828773498535,300,237,237,345
3.4118828773498535,300,237,237,345
3.4118828773498535,300,237,237,345
3.4118828773498535,300,237,237,345
3.4118828773498535,300,237,237,345
3.4118828773498535,300,237,236,345
3.4118828773498535,300,236,236,345
3.4118828773498535,299,236,236,345
3.4118828773498535,299,237,236,345
3.4118828773498535,299,237,236,345
3.4118828773498535,300,237,236,345
3.4118828773498535,300,237,236,345
3.4118828773498535,300,237,236,345
3.4118828773498535,300,236,236,344
3.4118828773498535,300,236,236,345
3.4275615215301514,300,236,236,345
3.428842782974243,300,236,236,345
3.4295494556427,300,236,236,345
3.4295494556427,300,236,236,345
3.4295494556427,300,236,236,345
3.4295494556427,300,236,236,345
3.4295494556427,300,236,236,345
3.4295494556427,300,237,236,345
3.4295494556427,300,237,236,344
3.4295494556427,300,237,236,344
3.4295494556427,300,237,236,344
3.4295494556427,300,236,236,344
3.4295494556427,300,236,236,344
3.4295494556427,299,236,236,344
3.4295494556427,299,235,236,345
3.4295494556427,299,235,236,345
3.4295494556427,299,235,236,345
3.4435555934906006,300,235,236,345
3.4435555934906006,300,235,236,345
3.4435555934906006,300,236,236,345
3.4435555934906006,300,236,236,345
3.4435555934906006,300,236,236,345
3.4435555934906006,300,237,236,345
3.4435555934906006,300,237,236,344
3.4435555934906006,300,237,236,344
3.4435555934906006,300,237,236,344
3.450615882873535,300,237,236,344
3.450615882873535,300,236,236,344
3.450615882873535,300,236,236,344
3.450615882873535,300,236,236,344
3.450615882873535,300,236,236,344
3.450615882873535,300,235,236,344
3.450615882873535,299,235,236,345
3.450615882873535,299,235,236,345
3.450615882873535,299,235,235,345
3.4594945907592773,299,235,235,345
3.4594945907592773,299,236,235,344
3.461508274078369,300,236,235,344
3.4624218940734863,300,236,235,344
3.4624218940734863,300,236,235,344
3.4639248847961426,300,236,235,344
3.46520733833313,300,236,235,344
3.46630597114563,300,235,235,344
3.466642141342163,300,235,235,344
3.467653274536133,300,235,235,344
3.4685473442077637,300,235,235,344
3.4692344665527344,300,235,235,344
3.4700207710266113,300,235,235,344
3.4710500240325928,300,235,235,344
3.471846580505371,300,235,235,344
3.4732859134674072,300,235,235,344
3.4739131927490234,300,235,235,344
3.474712371826172,300,235,235,344
3.4759654998779297,300,235,235,344
3.4766125679016113,300,235,235,344
3.477389097213745,300,235,235,344
3.4787142276763916,300,235,237,345
3.4793574810028076,300,235,237,345
3.4802443981170654,300,235,237,345
3.481464385986328,300,235,237,345
3.482121229171753,300,235,237,345
3.482900381088257,300,236,237,345
3.483945608139038,300,236,237,345
3.4847919940948486,300,236,237,345
3.4855735301971436,300,236,237,345
3.4863200187683105,300,236,237,345
3.4872524738311768,300,236,237,345
3.4881765842437744,300,237,237,345
3.488919496536255,300,236,237,345
3.488919496536255,300,237,237,345
3.488919496536255,300,237,237,345
3.4923133850097656,300,237,237,345
3.4928271770477295,300,237,237,345
3.4928271770477295,300,237,237,345
3.4928271770477295,300,237,237,345
3.4928271770477295,300,237,237,345
3.4928271770477295,300,237,237,345
3.4928271770477295,300,237,237,345
3.4928271770477295,300,237,237,345
3.4928271770477295,300,236,235,345
3.4928271770477295,300,236,235,345
3.4928271770477295,300,236,235,345
3.4928271770477295,300,236,235,345
3.4928271770477295,300,237,235,345
3.4928271770477295,300,237,235,344
3.4928271770477295,300,237,235,344
3.4928271770477295,300,237,235,344
3.4928271770477295,300,236,235,344
3.5074148178100586,300,236,235,344
3.5074148178100586,300,235,235,344
3.5074148178100586,300,235,235,344
3.5074148178100586,299,235,235,344
3.5074148178100586,299,235,235,344
3.5074148178100586,299,235,235,344
3.5074148178100586,299,235,235,344
3.5074148178100586,299,235,235,344
3.5074148178100586,299,235,235,344
3.5074148178100586,300,235,235,344
3.5074148178100586,300,235,235,344
3.5074148178100586,300,235,235,344
3.5074148178100586,300,235,235,344
3.5074148178100586,300,235,237,345
3.5074148178100586,300,235,237,345
3.5074148178100586,300,235,237,345
3.5074148178100586,300,236,237,345
3.5074148178100586,300,236,237,345
3.5233216285705566,300,236,237,345
3.5244245529174805,300,236,237,345
3.566152334213257,300,237,237,345
3.5664641857147217,300,237,237,345
3.5664641857147217,300,237,237,345
3.5664641857147217,300,237,237,345
3.5668437480926514,300,237,237,345
3.5668437480926514,300,237,237,345
3.5668437480926514,299,237,237,345
3.5668437480926514,299,237,237,345
3.5668437480926514,299,237,237,345
3.5668437480926514,299,237,237,345
3.5668437480926514,299,237,237,345
3.5668437480926514,299,237,237,345
3.5668437480926514,299,237,237,345
3.5668437480926514,299,237,237,345
3.5668437480926514,299,237,237,345
3.5668437480926514,299,237,234,345
3.5668437480926514,300,237,234,344
3.5668437480926514,299,237,234,344
3.5668437480926514,299,237,234,344
3.5668437480926514,299,236,234,344
3.5668437480926514,299,236,234,344
3.5668437480926514,299,236,234,343
3.5668437480926514,299,236,234,343
3.5668437480926514,299,235,234,343
3.5668437480926514,299,235,234,343
3.5668437480926514,299,235,234,343
3.5668437480926514,299,234,234,343
3.5668437480926514,299,234,234,343
3.5668437480926514,299,234,234,343
3.5668437480926514,299,233,234,343
3.5668437480926514,299,234,234,344
3.5668437480926514,299,234,234,343
3.5668437480926514,299,234,234,343
3.5668437480926514,299,234,234,343
3.5668437480926514,300,234,234,343
3.5668437480926514,300,234,234,343
3.5668437480926514,300,234,234,343
3.5668437480926514,300,234,238,344
3.5668437480926514,300,234,238,345
3.5668437480926514,300,234,238,345
3.5668437480926514,300,234,238,345
3.568938970565796,300,234,238,346
3.568938970565796,300,235,238,346
3.568938970565796,300,235,238,346
3.568938970565796,300,236,238,346
3.568938970565796,300,237,238,346
3.568938970565796,300,237,238,346
3.568938970565796,300,238,238,346
3.568938970565796,300,238,238,346
3.568938970565796,300,238,238,346
3.568938970565796,301,238,238,346
3.568938970565796,301,238,238,346
3.571758508682251,301,238,238,346
3.571758508682251,301,238,238,346
3.571758508682251,301,238,238,346
3.571758508682251,301,238,238,346
3.571758508682251,301,238,238,346
3.571758508682251,301,238,238,346
3.571758508682251,300,238,238,346
3.571758508682251,300,238,234,345
3.571758508682251,300,238,234,345
3.5802695751190186,300,238,234,345
3.5802695751190186,300,238,234,344
3.5802695751190186,300,237,234,344
3.5828726291656494,300,237,234,344
3.5828726291656494,300,237,234,344
3.5828726291656494,300,236,234,343
3.5828726291656494,300,236,234,343
3.5828726291656494,300,235,234,343
3.5828726291656494,300,235,234,343
3.5828726291656494,300,234,234,343
3.5828726291656494,300,234,234,343
3.5828726291656494,300,234,234,343
3.5828726291656494,300,233,234,343
3.5828726291656494,300,233,234,344
3.5828726291656494,300,233,234,344
3.5828726291656494,300,234,234,344
3.5828726291656494,300,234,234,344
3.5959503650665283,300,234,234,344
3.596775531768799,300,235,234,343
3.596775531768799,300,235,234,343
3.596775531768799,300,235,234,343
3.596775531768799,300,235,238,345
3.596775531768799,300,235,238,345
3.596775531768799,300,235,238,345
3.596775531768799,300,235,238,345
3.596775531768799,300,235,238,345
3.596775531768799,300,235,238,345
3.596775531768799,300,236,238,346
3.596775531768799,300,236,238,346
3.596775531768799,300,237,238,346
3.596775531768799,300,237,238,346
3.596775531768799,300,238,238,346
3.596775531768799,299,238,238,346
3.596775531768799,299,238,238,346
3.596775531768799,299,238,238,346
3.6114284992218018,299,238,238,346
3.6114284992218018,300,238,238,346
3.6114284992218018,300,238,238,346
3.6114284992218018,300,238,238,346
3.6114284992218018,300,238,238,346
3.6114284992218018,300,238,238,346
3.6114284992218018,300,238,238,346
3.6114284992218018,300,238,238,346
3.6114284992218018,300,238,234,345
3.6114284992218018,300,238,234,344
3.6114284992218018,299,238,234,344
3.6114284992218018,299,238,234,344
3.6114284992218018,299,237,234,344
3.6114284992218018,299,236,234,343
3.6114284992218018,299,236,234,343
3.6114284992218018,299,236,234,343
3.6114284992218018,299,235,234,343
3.6273410320281982,299,235,234,343
3.6273410320281982,299,234,234,343
3.6273410320281982,299,234,234,343
3.6273410320281982,299,234,234,343
3.6273410320281982,299,234,234,343
3.6273410320281982,298,234,234,343
3.6273410320281982,298,234,234,343
3.6273410320281982,298,234,234,343
3.6273410320281982,298,234,234,343
3.6273410320281982,298,234,234,343
3.6273410320281982,299,234,234,343
3.6273410320281982,299,234,234,343
3.6273410320281982,299,234,234,343
3.6273410320281982,299,234,238,344
3.6273410320281982,299,234,238,345
3.6273410320281982,299,234,238,345
3.6273410320281982,299,234,238,345
3.6429848670959473,299,235,238,346
3.6429848670959473,299,235,238,346
3.6429848670959473,299,236,238,346
3.6429848670959473,300,237,238,346
3.6429848670959473,300,237,238,346
3.6429848670959473,300,238,238,346
3.6429848670959473,300,238,238,346
3.6429848670959473,300,238,238,346
3.6429848670959473,300,238,238,346
3.6429848670959473,300,239,238,345
3.651041269302368,300,239,238,345
3.651041269302368,300,238,238,345
3.651041269302368,300,238,238,345
3.651041269302368,300,238,238,345
3.651041269302368,300,237,238,345
3.651041269302368,300,237,238,346
3.651041269302368,300,237,238,346
3.651041269302368,300,237,238,346
3.659081220626831,300,237,235,345
3.6602883338928223,300,238,235,345
3.6602883338928223,300,238,235,345
3.6602883338928223,300,238,235,344
3.6602883338928223,300,238,235,344
3.6602883338928223,300,238,235,344
3.6602883338928223,300,237,235,344
3.6602883338928223,300,237,235,344
3.6602883338928223,300,236,235,344
3.6602883338928223,300,236,235,344
3.6602883338928223,300,236,235,344
3.6602883338928223,300,235,235,344
3.6602883338928223,300,235,235,344
3.6602883338928223,300,235,235,344
3.6602883338928223,300,235,235,344
3.6602883338928223,300,235,235,344
3.6602883338928223,300,235,235,344
3.674649238586426,300,235,235,344
3.674649238586426,300,235,235,344
3.674649238586426,300,236,235,344
3.674649238586426,300,236,235,344
3.674649238586426,300,236,235,343
3.674649238586426,300,236,237,344
3.674649238586426,300,235,237,344
3.674649238586426,300,235,237,344
3.674649238586426,300,235,237,344
3.674649238586426,300,235,237,345
3.674649238586426,300,235,237,345
3.674649238586426,300,235,237,345
3.674649238586426,300,235,237,345
3.674649238586426,300,235,237,345
3.674649238586426,300,236,237,345
3.674649238586426,300,236,237,345
3.674649238586426,300,237,237,345
3.674649238586426,300,237,237,345
3.6902904510498047,300,237,237,345
3.6902904510498047,300,237,237,345
3.6902904510498047,300,237,237,345
3.6902904510498047,300,237,237,345
3.6902904510498047,300,237,237,345
3.6902904510498047,300,237,237,345
3.6902904510498047,299,237,237,345
3.6902904510498047,299,237,237,345
3.6902904510498047,299,237,237,345
3.6902904510498047,299,237,234,344
3.6902904510498047,299,237,234,344
3.6902904510498047,299,237,234,344
3.6902904510498047,299,237,234,344
3.6902904510498047,299,236,234,343
3.6902904510498047,299,236,234,343
3.6902904510498047,299,236,234,343
3.6902904510498047,299,235,234,343
3.6902904510498047,299,235,234,343
3.7068378925323486,299,235,234,343
3.707662343978882,299,234,234,343
3.708130359649658,299,234,234,343
3.708130359649658,299,234,234,343
3.708130359649658,299,234,234,343
3.708130359649658,299,234,234,343
3.708130359649658,299,234,234,343
3.708130359649658,299,234,234,343
3.708130359649658,299,234,234,343
3.708130359649658,299,234,234,343
3.708130359649658,299,234,234,343
3.708130359649658,299,234,234,343
3.708130359649658,299,234,234,343
3.708130359649658,299,234,234,343
3.708130359649658,299,234,237,344
3.708130359649658,299,234,237,344
3.708130359649658,299,234,237,345
3.7219669818878174,299,234,237,345
3.722964286804199,299,235,237,345
3.7237534523010254,299,235,237,345
3.724968910217285,299,236,237,345
3.725191116333008,300,236,237,345
3.725191116333008,300,236,237,345
3.725191116333008,300,237,237,345
3.725191116333008,300,237,237,345
3.725191116333008,300,237,237,345
3.725191116333008,300,237,237,345
3.725191116333008,300,237,237,345
3.725191116333008,300,237,237,345
3.725191116333008,300,237,237,345
3.725191116333008,300,237,237,345
3.725191116333008,300,237,237,345
3.725191116333008,300,237,237,345
3.725191116333008,300,237,237,345
3.725191116333008,300,237,237,345
3.737753391265869,300,237,237,345
3.737753391265869,300,237,234,344
3.737753391265869,300,237,234,344
3.737753391265869,300,237,234,344
3.737753391265869,301,236,234,344
3.737753391265869,301,236,234,344
3.737753391265869,301,236,234,343
3.737753391265869,301,235,234,343
3.737753391265869,300,235,234,343
3.737753391265869,300,235,234,343
3.737753391265869,300,235,234,343
3.737753391265869,300,234,234,343
3.737753391265869,300,234,234,343
3.737753391265869,300,234,234,343
3.737753391265869,300,234,234,343
3.7512221336364746,300,234,234,343
3.7512221336364746,300,234,234,343
3.7512221336364746,300,234,234,343
3.7535810470581055,300,234,234,343
3.7535810470581055,300,234,234,343
3.7535810470581055,300,234,234,343
3.7535810470581055,300,234,234,343
3.7535810470581055,300,234,234,343
3.7535810470581055,300,234,237,344
3.7535810470581055,300,234,237,344
3.7535810470581055,300,234,237,344
3.7535810470581055,300,234,237,345
3.7535810470581055,300,235,237,345
3.7535810470581055,300,235,237,345
3.7535810470581055,300,235,237,345
3.7535810470581055,300,235,237,345
3.7535810470581055,300,236,237,345
3.7535810470581055,300,236,237,345
3.7535810470581055,300,237,237,345
3.7535810470581055,300,237,237,345
3.769282817840576,300,237,237,345
3.769282817840576,300,237,237,345
3.7707996368408203,300,237,237,345
3.77225923538208,300,237,237,345
3.7729384899139404,300,237,237,345
3.7729384899139404,300,237,237,345
3.7729384899139404,300,237,237,345
3.7729384899139404,300,237,237,345
3.7729384899139404,300,237,237,345
3.7729384899139404,300,237,237,345
3.7729384899139404,300,237,237,345
3.7729384899139404,300,237,234,344
3.7729384899139404,300,237,234,344
3.7729384899139404,300,237,234,344
3.7729384899139404,300,236,234,344
3.7729384899139404,300,236,234,344
3.7729384899139404,300,236,234,343
3.7849321365356445,300,236,234,343
3.7849321365356445,300,236,234,343
3.7849321365356445,299,235,234,343
3.7849321365356445,299,235,234,343
3.7849321365356445,299,234,234,343
3.7849321365356445,299,234,234,343
3.7849321365356445,299,234,234,343
3.7849321365356445,299,234,234,343
3.7849321365356445,299,234,234,343
3.7849321365356445,299,234,234,343
3.7849321365356445,299,234,234,343
3.7849321365356445,299,234,234,343
3.7849321365356445,299,234,234,343
3.7849321365356445,299,234,234,343
3.7849321365356445,299,234,234,343
3.7849321365356445,299,234,234,343
3.7849321365356445,299,234,236,344
3.7849321365356445,299,234,236,344
3.800734519958496,299,234,236,344
3.800734519958496,299,234,236,344
3.8066697120666504,299,234,236,344
3.8066697120666504,299,234,236,345
3.8066697120666504,299,235,236,344
3.8066697120666504,299,235,236,344
3.8066697120666504,299,235,236,345
3.8066697120666504,299,235,236,345
3.8066697120666504,299,236,236,345
3.8092193603515625,299,236,236,345
3.810054063796997,299,236,236,345
3.810361862182617,300,237,236,345
3.810361862182617,300,237,236,344
3.812422275543213,300,237,236,344
3.8132526874542236,299,237,236,344
3.8132526874542236,299,237,236,344
3.8132526874542236,300,236,236,344
3.8162286281585693,300,236,236,344
3.817734718322754,300,236,236,344
3.818326234817505,300,236,236,344
3.818326234817505,300,235,235,344
3.818326234817505,300,235,235,344
3.818326234817505,300,235,235,344
3.818326234817505,300,235,235,344
3.818326234817505,300,235,235,344
3.818326234817505,300,235,235,344
3.818326234817505,300,235,235,344
3.8250930309295654,300,235,235,344
3.8250930309295654,300,235,235,344
3.8250930309295654,300,235,235,344
3.8250930309295654,300,235,235,344
3.8250930309295654,300,235,235,344
3.8250930309295654,300,235,235,344
3.8250930309295654,300,235,235,344
3.8250930309295654,300,235,235,344
3.8250930309295654,300,235,235,344
3.833191394805908,300,235,235,344
3.8338897228240967,300,235,235,344
3.8338897228240967,300,235,235,344
3.8338897228240967,300,236,235,344
3.8338897228240967,300,236,235,344
3.8338897228240967,300,235,235,344
3.8338897228240967,300,235,235,344
3.8338897228240967,300,235,235,344
3.8338897228240967,300,235,235,344
3.84140944480896,300,236,235,344
3.84140944480896,300,236,235,344
3.84140944480896,300,236,235,344
3.84140944480896,300,235,235,344
3.84140944480896,300,235,235,344
3.84140944480896,300,235,235,344
3.84140944480896,300,235,235,344
3.84140944480896,300,235,235,344
3.84140944480896,300,235,235,344
3.84140944480896,300,235,235,344
3.84963059425354,300,235,235,344
3.851142406463623,300,235,235,344
3.851142406463623,300,235,235,344
3.851142406463623,300,235,235,344
3.851142406463623,300,235,235,344
3.851142406463623,300,235,235,344
3.851142406463623,300,235,235,344
3.851142406463623,300,235,235,344
3.851142406463623,300,235,235,344
3.857665538787842,300,235,235,344
3.857665538787842,300,235,235,344
3.857665538787842,300,235,235,344
3.857665538787842,300,236,235,344
3.857665538787842,300,235,235,344
3.857665538787842,300,235,235,344
3.857665538787842,300,235,235,344
3.857665538787842,300,235,235,344
3.857665538787842,300,235,235,344
3.857665538787842,300,235,235,344
3.857665538787842,300,235,235,344
3.857665538787842,300,235,235,344
3.857665538787842,300,235,235,344
3.857665538787842,300,235,235,344
3.857665538787842,299,235,235,344
3.857665538787842,299,235,235,344
3.857665538787842,300,235,235,344
3.8734772205352783,300,235,235,344
3.8734772205352783,300,235,235,344
3.875209093093872,300,235,235,344
3.8761556148529053,300,235,235,344
3.8761556148529053,300,235,235,344
3.8761556148529053,300,235,235,344
3.8761556148529053,300,236,235,344
3.8761556148529053,300,236,235,343
3.8761556148529053,300,235,235,343
3.8761556148529053,300,235,235,344
3.8761556148529053,300,235,235,344
3.8761556148529053,300,235,235,344
3.8761556148529053,300,235,235,344
3.8761556148529053,299,235,235,344
3.8761556148529053,299,235,235,344
3.8761556148529053,299,235,235,344
3.8761556148529053,299,235,235,344
3.8761556148529053,299,235,235,344
3.889186382293701,299,235,235,344
3.889186382293701,300,235,235,344
3.889186382293701,300,236,235,344
3.889186382293701,300,235,235,343
3.889186382293701,300,235,235,343
3.889186382293701,300,235,235,343
3.889186382293701,300,235,235,343
3.889186382293701,300,235,235,343
3.889186382293701,300,235,235,343
3.889186382293701,300,234,235,343
3.889186382293701,300,234,235,344
3.889186382293701,300,234,235,344
3.889186382293701,300,234,235,344
3.889186382293701,299,234,235,344
3.889186382293701,300,235,235,344
3.889186382293701,300,235,235,344
3.889186382293701,300,235,235,344
3.889186382293701,300,235,235,344
3.9049201011657715,300,235,235,344
3.9049201011657715,300,235,235,344
3.9049201011657715,300,235,235,344
3.9049201011657715,300,235,235,344
3.9049201011657715,300,235,235,344
3.9049201011657715,300,235,235,344
3.9049201011657715,300,235,235,344
3.9049201011657715,300,235,235,344
3.9049201011657715,300,235,235,344
3.9049201011657715,300,235,235,344
3.9049201011657715,300,235,235,344
3.9049201011657715,300,236,235,344
3.9049201011657715,300,236,235,344
3.9049201011657715,300,235,235,344
3.9049201011657715,300,235,235,344
3.9049201011657715,300,235,235,344
3.9049201011657715,300,235,235,344
3.9049201011657715,300,235,235,344
3.9208128452301025,300,235,235,344
3.9208128452301025,300,235,235,344
3.9208128452301025,300,235,235,344
3.9208128452301025,300,235,235,344
3.9208128452301025,300,235,235,344
3.9208128452301025,300,235,235,344
3.9208128452301025,300,235,235,344
3.9208128452301025,300,236,235,344
3.9208128452301025,300,236,235,344
3.9208128452301025,300,235,235,344
3.9208128452301025,300,235,235,344
3.9208128452301025,300,235,235,344
3.9208128452301025,300,235,235,344
3.9208128452301025,300,235,235,344
3.9208128452301025,300,235,235,344
3.9208128452301025,300,235,235,344
3.9208128452301025,300,235,235,344
3.9208128452301025,300,235,235,344
3.9365415573120117,300,235,235,344
3.9365415573120117,300,235,235,344
3.9365415573120117,300,235,235,344
3.9365415573120117,300,235,235,344
3.9365415573120117,300,235,235,344
3.9365415573120117,300,235,235,344
3.9365415573120117,300,235,235,344
3.9365415573120117,301,235,235,344
3.9365415573120117,301,235,235,344
3.9365415573120117,301,235,235,344
3.9365415573120117,301,236,235,344
3.9365415573120117,301,235,235,344
3.9365415573120117,301,235,235,344
3.9365415573120117,301,235,235,344
3.9365415573120117,300,235,235,344
3.9365415573120117,300,235,235,344
3.9365415573120117,300,235,235,344
3.9511055946350098,300,236,235,344
3.952611207962036,300,236,235,343
3.952611207962036,300,235,235,343
3.952611207962036,300,235,235,344
3.952611207962036,300,235,235,344
3.952611207962036,300,235,235,344
3.952611207962036,300,235,235,344
3.952611207962036,300,235,235,344
3.952611207962036,300,235,235,344
3.952611207962036,300,235,235,344
3.952611207962036,300,235,235,344
3.952611207962036,300,235,235,344
3.952611207962036,300,235,235,344
3.952611207962036,300,235,235,344
3.952611207962036,300,235,235,344
3.952611207962036,300,235,235,344
3.952611207962036,300,235,235,344
3.952611207962036,300,235,235,344
3.952611207962036,300,235,235,344
3.9686439037323,300,235,235,344
3.9695260524749756,300,235,235,344
3.9699740409851074,300,235,235,344
3.9699740409851074,300,235,235,344
3.9699740409851074,300,235,235,344
3.9699740409851074,300,235,235,344
3.9699740409851074,300,235,235,344
3.9699740409851074,300,235,235,344
3.9699740409851074,300,235,235,344
3.9764559268951416,300,235,235,344
3.9764559268951416,300,235,235,344
3.9764559268951416,300,235,235,344
3.9764559268951416,300,235,235,344
3.9764559268951416,300,235,235,344
3.9764559268951416,300,235,235,344
3.9764559268951416,300,235,235,344
3.9828505516052246,300,236,235,344
3.9828505516052246,300,235,235,343
3.9847114086151123,300,235,235,343
3.9847114086151123,300,235,235,343
3.9847114086151123,300,235,235,343
3.9847114086151123,300,234,235,343
3.9847114086151123,300,234,235,344
3.9847114086151123,300,234,235,344
3.9847114086151123,299,234,235,344
3.9847114086151123,299,234,235,344
3.9847114086151123,299,235,235,344
3.9927783012390137,299,235,235,344
3.9927783012390137,300,235,235,344
3.9927783012390137,300,235,235,344
3.9927783012390137,299,236,235,344
3.9927783012390137,299,236,235,344
3.9927783012390137,299,235,235,344
3.9927783012390137,299,235,235,344
3.9927783012390137,299,235,235,344
3.999595880508423,300,235,235,344
3.999595880508423,300,235,235,344
3.999595880508423,300,235,235,344
3.999595880508423,300,235,235,344
3.999595880508423,300,235,235,344
3.999595880508423,300,235,235,344
3.999595880508423,300,235,235,344
3.999595880508423,300,235,235,344
3.999595880508423,300,236,235,344
3.999595880508423,300,235,235,344
4.008760690689087,300,235,235,344
4.008760690689087,300,235,235,344
4.008760690689087,300,235,235,344
4.008760690689087,300,235,235,344
4.008760690689087,300,235,235,344
4.008760690689087,300,235,235,344
4.008760690689087,300,235,235,344
4.008760690689087,300,235,235,344
4.008760690689087,300,235,235,344
4.008760690689087,300,235,235,344
4.008760690689087,300,235,235,344
4.008760690689087,300,235,235,344
4.008760690689087,300,235,237,344
4.008760690689087,300,235,237,344
4.008760690689087,300,235,237,345
4.008760690689087,301,235,237,345
4.008760690689087,301,235,237,345
4.008760690689087,301,236,237,345
4.025015592575073,301,236,237,345
4.025849342346191,301,236,237,345
4.025849342346191,301,237,237,345
4.025849342346191,301,237,237,345
4.025849342346191,301,237,237,345
4.025849342346191,301,237,237,345
4.025849342346191,300,237,237,345
4.025849342346191,300,237,237,345
4.025849342346191,300,237,237,345
4.025849342346191,300,237,237,345
4.025849342346191,301,237,237,345
4.025849342346191,301,237,237,345
4.025849342346191,301,237,237,345
4.025849342346191,300,237,237,345
4.025849342346191,300,237,237,345
4.025849342346191,300,237,237,345
4.025849342346191,300,237,234,344
4.040496826171875,300,237,234,344
4.040496826171875,300,237,234,344
4.040496826171875,300,237,234,343
4.040496826171875,300,236,234,343
4.040496826171875,300,236,234,343
4.040496826171875,300,236,234,343
4.040496826171875,300,235,234,343
4.040496826171875,299,235,234,343
4.040496826171875,299,234,234,343
4.040496826171875,299,234,234,343
4.040496826171875,299,234,234,343
4.040496826171875,299,234,234,343
4.040496826171875,299,234,234,343
4.051249027252197,299,234,234,343
4.051249027252197,299,234,234,343
4.051249027252197,299,234,234,343
4.051249027252197,299,234,234,343
4.051249027252197,299,234,234,343
4.056135177612305,299,234,234,343
4.057229042053223,299,234,234,343
4.105435848236084,299,234,234,343
4.1064136028289795,299,234,234,343
4.1064136028289795,299,234,236,344
4.1068010330200195,299,234,236,344
4.1068010330200195,299,234,236,344
4.1068010330200195,299,234,236,344
4.1068010330200195,299,235,236,344
4.1068010330200195,299,235,236,344
4.1068010330200195,299,235,236,344
4.1068010330200195,299,235,236,344
4.1068010330200195,300,235,236,344
4.1068010330200195,300,235,236,345
4.1068010330200195,300,235,236,345
4.1068010330200195,300,235,236,345
4.1068010330200195,300,235,236,345
4.1068010330200195,300,235,236,345
4.1068010330200195,300,236,236,345
4.1068010330200195,300,236,236,345
4.1068010330200195,300,236,236,345
4.1068010330200195,300,237,236,345
4.108038902282715,300,237,236,344
4.108038902282715,300,236,236,344
4.108038902282715,300,236,236,345
4.108038902282715,300,236,235,344
4.108038902282715,300,236,235,344
4.108038902282715,300,236,235,344
4.108038902282715,300,236,235,344
4.108038902282715,300,236,235,344
4.108038902282715,300,235,235,344
4.108038902282715,300,235,235,344
4.108038902282715,300,235,235,344
4.108038902282715,300,235,235,344
4.108038902282715,300,235,235,344
4.108038902282715,300,235,235,344
4.108038902282715,300,235,235,344
4.108038902282715,301,235,235,344
4.108038902282715,301,235,235,344
4.108038902282715,301,235,235,344
4.108038902282715,301,235,235,344
4.108038902282715,301,235,235,344
4.108038902282715,301,235,235,344
4.108038902282715,301,235,235,344
4.108038902282715,301,235,235,344
4.108038902282715,301,235,235,344
4.108038902282715,301,235,235,344
4.108038902282715,301,235,235,344
4.108038902282715,301,235,236,344
4.108038902282715,301,235,236,344
4.108038902282715,301,235,236,345
4.108038902282715,301,235,236,345
4.108038902282715,301,235,236,345
4.108038902282715,301,235,236,345
4.108038902282715,301,236,236,345
4.110050916671753,301,236,236,345
4.110050916671753,301,236,236,345
4.110050916671753,301,237,236,344
4.110050916671753,301,236,236,344
4.110050916671753,301,236,236,344
4.110050916671753,301,236,236,344
4.110050916671753,300,236,236,344
4.112213134765625,301,236,236,344
4.112213134765625,301,235,236,344
4.112213134765625,301,235,236,345
4.115000247955322,301,235,236,345
4.116230249404907,301,235,236,345
4.116230249404907,301,235,236,345
4.116230249404907,301,236,236,345
4.118240118026733,301,236,236,345
4.118240118026733,301,236,235,345
4.120249032974243,301,236,235,344
4.120249032974243,301,236,235,344
4.122258901596069,301,236,235,344
4.122258901596069,300,236,235,344
4.122258901596069,300,236,235,344
4.124267578125,300,236,235,344
4.124267578125,300,235,235,344
4.126274108886719,300,235,235,344
4.126274108886719,300,235,235,344
4.127780199050903,300,235,235,344
4.127780199050903,300,235,235,344
4.129786252975464,300,235,235,344
4.129786252975464,300,235,235,344
4.131791591644287,300,235,235,344
4.131791591644287,300,235,235,344
4.131791591644287,300,235,235,344
4.134063720703125,300,235,235,344
4.134063720703125,300,235,235,344
4.134063720703125,300,235,235,344
4.134063720703125,300,235,235,344
4.134063720703125,300,235,235,344
4.134063720703125,300,235,235,344
4.134063720703125,300,235,235,344
4.134063720703125,300,235,235,344
4.134063720703125,300,235,235,344
4.134063720703125,300,235,235,344
4.143529176712036,300,235,235,344
4.143529176712036,300,234,235,344
4.143529176712036,300,234,235,344
4.143529176712036,300,235,235,344
4.143529176712036,300,235,235,344
4.143529176712036,300,235,235,344
4.143529176712036,299,235,235,344
4.143529176712036,299,235,235,344
4.143529176712036,299,235,235,344
4.151320219039917,299,235,235,344
4.151320219039917,299,235,235,344
4.151320219039917,299,235,235,344
4.151320219039917,299,235,235,344
4.151320219039917,299,235,235,344
4.151320219039917,299,235,235,344
4.151320219039917,299,235,235,344
4.151320219039917,299,235,235,344
4.151320219039917,299,235,235,344
4.159473657608032,299,235,235,344
4.160487174987793,299,235,235,344
4.161208868026733,299,235,235,344
4.161208868026733,299,235,235,344
4.161208868026733,299,235,235,344
4.161208868026733,300,235,235,344
4.161208868026733,300,235,235,344
4.161208868026733,300,235,235,344
4.161208868026733,300,235,235,344
4.161208868026733,300,235,235,344
4.161208868026733,300,235,235,344
4.161208868026733,300,235,235,344
4.161208868026733,300,235,235,344
4.161208868026733,300,235,235,344
4.161208868026733,300,235,235,344
4.161208868026733,300,235,235,344
4.161208868026733,300,235,235,344
4.161208868026733,300,235,235,344
4.175160646438599,300,235,235,344
4.175160646438599,300,235,235,344
4.175160646438599,300,235,235,344
4.175160646438599,300,235,235,344
4.175160646438599,300,235,237,345
4.175160646438599,300,235,237,345
4.175160646438599,300,235,237,345
4.175160646438599,301,235,237,345
4.175160646438599,301,235,237,345
4.175160646438599,301,235,237,345
4.175160646438599,301,236,237,346
4.175160646438599,300,236,237,345
4.175160646438599,300,237,237,345
4.175160646438599,300,237,237,345
4.175160646438599,300,237,237,345
4.175160646438599,301,237,237,345
4.175160646438599,301,237,237,345
4.175160646438599,301,237,237,345
4.1916937828063965,301,237,237,345
4.192402362823486,301,237,237,345
4.1929566860198975,301,237,237,345
4.1929566860198975,301,237,237,345
4.1929566860198975,301,237,237,345
4.1929566860198975,301,237,237,345
4.1929566860198975,301,237,237,345
4.1929566860198975,301,237,237,345
4.1929566860198975,301,237,237,345
4.1929566860198975,300,237,235,345
4.1929566860198975,300,237,235,345
4.1929566860198975,300,237,235,344
4.1929566860198975,300,237,235,344
4.1929566860198975,300,237,235,344
4.1929566860198975,300,236,235,344
4.1929566860198975,300,236,235,344
4.1929566860198975,300,236,235,344
4.2068562507629395,300,235,235,344
4.2068562507629395,300,235,235,344
4.2068562507629395,300,235,235,344
4.2068562507629395,300,235,235,344
4.2068562507629395,300,235,235,344
4.2068562507629395,300,235,235,344
4.2068562507629395,300,235,235,344
4.2068562507629395,300,235,235,344
4.2068562507629395,300,235,235,344
4.2068562507629395,300,235,235,344
4.2068562507629395,300,235,235,344
4.2068562507629395,300,235,235,344
4.2068562507629395,300,235,235,344
4.2068562507629395,300,235,235,344
4.2068562507629395,300,235,235,344
4.2068562507629395,300,235,235,344
4.2068562507629395,300,235,235,344
4.2068562507629395,300,235,235,344
4.22274923324585,300,235,235,344
4.22274923324585,300,235,235,344
4.22274923324585,300,235,235,344
4.22274923324585,299,235,235,344
4.22274923324585,299,235,235,344
4.22274923324585,299,235,235,344
4.22274923324585,299,235,235,344
4.22274923324585,299,235,235,344
4.22274923324585,299,235,235,344
4.22274923324585,299,235,235,344
4.22274923324585,299,235,235,344
4.22274923324585,299,235,235,344
4.22274923324585,299,235,235,344
4.22274923324585,299,235,235,344
4.22274923324585,299,235,235,344
4.22274923324585,299,235,235,344
4.22274923324585,299,235,235,344
4.22274923324585,299,235,235,344
4.2385313510894775,299,235,235,344
4.239770412445068,299,235,235,344
4.240451335906982,300,235,235,344
4.240451335906982,300,235,235,344
4.240451335906982,300,235,235,344
4.240451335906982,300,235,235,344
4.240451335906982,300,235,235,344
4.240451335906982,300,235,235,344
4.240451335906982,300,235,235,344
4.240451335906982,300,235,235,344
4.240451335906982,300,236,235,344
4.240451335906982,299,235,235,344
4.240451335906982,299,235,235,344
4.240451335906982,300,235,235,344
4.240451335906982,300,235,235,344
4.251452207565308,300,235,235,344
4.251452207565308,300,235,235,344
4.251452207565308,300,235,235,344
4.254420042037964,300,235,235,344
4.254420042037964,300,235,235,344
4.254420042037964,300,235,235,344
4.254420042037964,300,235,235,344
4.254420042037964,300,235,235,344
4.254420042037964,300,235,237,345
4.254420042037964,300,235,237,345
4.254420042037964,300,235,237,345
4.254420042037964,300,235,237,345
4.254420042037964,300,235,237,345
4.254420042037964,300,236,237,345
4.254420042037964,300,236,237,345
4.254420042037964,301,236,237,345
4.254420042037964,300,236,237,345
4.254420042037964,300,236,237,345
4.254420042037964,300,237,237,345
4.254420042037964,300,237,237,345
4.270221948623657,301,237,237,345
4.270221948623657,301,237,237,345
4.270221948623657,301,237,237,345
4.270221948623657,301,237,237,345
4.270221948623657,301,237,237,345
4.270221948623657,301,237,237,345
4.270221948623657,301,237,237,345
4.270221948623657,301,237,237,345
4.270221948623657,301,237,237,345
4.270221948623657,301,237,237,345
4.270221948623657,301,237,237,345
4.270221948623657,301,236,235,345
4.270221948623657,301,236,235,345
4.270221948623657,300,236,235,345
4.270221948623657,300,236,235,345
4.270221948623657,300,236,235,345
4.270221948623657,300,237,235,344
4.270221948623657,300,237,235,344
4.270221948623657,300,236,235,344
4.286293029785156,300,236,235,344
4.286293029785156,300,236,235,344
4.286293029785156,300,236,235,344
4.286293029785156,300,235,235,344
4.286293029785156,300,235,235,344
4.286293029785156,300,235,235,344
4.286293029785156,300,235,235,344
4.286293029785156,300,235,235,344
4.286293029785156,300,235,235,344
4.286293029785156,300,235,235,344
4.286293029785156,300,235,235,344
4.286293029785156,300,235,235,344
4.286293029785156,299,235,235,344
4.286293029785156,299,235,235,344
4.286293029785156,299,235,235,344
4.286293029785156,299,235,235,344
4.286293029785156,299,235,235,344
4.286293029785156,299,235,235,344
4.302172422409058,299,235,235,344
4.303462028503418,299,235,235,344
4.303462028503418,299,235,235,344
4.305473566055298,299,235,235,344
4.305473566055298,299,235,235,344
4.305473566055298,299,235,235,344
4.307481288909912,299,235,235,344
4.308771371841431,299,235,235,344
4.308771371841431,299,235,235,344
4.344890356063843,299,235,235,344
4.344890356063843,299,235,235,344
4.344890356063843,299,235,235,344
4.344890356063843,299,235,235,344
4.344890356063843,299,235,235,344
4.344890356063843,299,235,235,344
4.344890356063843,299,235,235,344
4.346122980117798,299,235,235,344
4.346122980117798,299,235,235,344
4.346122980117798,299,235,235,344
4.346122980117798,299,235,236,344
4.346122980117798,300,235,236,344
4.346122980117798,299,235,236,344
4.346122980117798,299,235,236,345
4.346122980117798,299,235,236,345
4.346122980117798,299,235,236,345
4.346122980117798,299,235,236,345
4.346122980117798,300,235,236,345
4.346122980117798,300,236,236,345
4.346122980117798,300,236,236,345
4.346122980117798,300,236,236,345
4.346122980117798,300,236,236,345
4.346122980117798,300,236,236,345
4.346122980117798,300,236,236,345
4.346122980117798,300,237,236,345
4.346122980117798,300,237,236,344
4.346122980117798,300,237,236,344
4.346122980117798,300,237,236,344
4.346122980117798,300,236,236,344
4.346122980117798,300,236,236,344
4.346122980117798,300,236,236,344
4.346122980117798,300,236,236,344
4.346122980117798,300,235,235,344
4.346122980117798,300,235,235,344
4.346122980117798,300,235,235,344
4.346122980117798,300,235,235,344
4.346122980117798,300,235,235,344
4.346122980117798,300,235,235,344
4.346122980117798,300,235,235,344
4.346122980117798,300,235,235,344
4.346122980117798,300,235,235,344
4.346122980117798,300,235,235,344
4.346122980117798,300,235,235,344
4.346122980117798,300,235,235,344
4.349903106689453,300,235,235,344
4.349903106689453,300,235,235,344
4.351416349411011,301,235,235,344
4.351416349411011,300,235,235,344
4.351416349411011,301,235,235,344
4.351416349411011,301,235,235,344
4.351416349411011,301,235,235,344
4.351416349411011,301,235,235,344
4.351416349411011,301,235,235,344
4.358121156692505,301,235,235,344
4.358121156692505,301,235,235,344
4.358121156692505,301,235,236,345
4.358121156692505,301,235,236,345
4.358121156692505,301,235,236,345
4.358121156692505,301,235,236,345
4.358121156692505,301,236,236,345
4.358121156692505,301,236,236,345
4.358121156692505,301,236,236,345
4.358121156692505,301,236,236,345
4.367475509643555,301,237,236,345
4.367475509643555,301,236,236,344
4.367475509643555,301,236,236,344
4.367475509643555,301,237,236,345
4.367475509643555,301,237,236,344
4.367475509643555,301,236,236,344
4.367475509643555,301,236,236,344
4.367475509643555,301,236,236,344
4.367475509643555,301,236,236,344
4.37506103515625,301,235,236,344
4.37506103515625,301,235,236,345
4.37506103515625,301,235,236,345
4.37506103515625,300,235,236,345
4.37506103515625,300,235,236,345
4.37506103515625,300,236,234,344
4.37506103515625,300,236,234,344
4.37506103515625,300,236,234,344
4.37506103515625,300,236,234,344
4.383059740066528,300,236,234,344
4.383059740066528,300,235,234,343
4.383059740066528,300,235,234,344
4.383059740066528,300,235,234,343
4.383059740066528,300,235,234,343
4.383059740066528,300,235,234,343
4.383059740066528,300,235,234,343
4.383059740066528,300,234,234,343
4.383059740066528,300,234,234,343
4.390956878662109,300,234,234,343
4.390956878662109,300,234,234,343
4.393507242202759,300,234,234,343
4.393507242202759,300,234,234,343
4.393507242202759,300,234,234,343
4.393507242202759,299,234,234,343
4.393507242202759,299,234,234,343
4.393507242202759,299,234,234,343
4.393507242202759,299,234,234,343
4.393507242202759,299,234,236,344
4.393507242202759,299,234,236,344
4.393507242202759,299,234,236,344
4.393507242202759,299,234,236,344
4.393507242202759,299,234,236,345
4.393507242202759,299,234,236,345
4.393507242202759,300,235,236,345
4.393507242202759,300,235,236,345
4.406661033630371,300,236,236,345
4.406661033630371,300,236,236,345
4.406661033630371,300,236,236,345
4.406661033630371,300,236,236,345
4.406661033630371,300,236,236,345
4.406661033630371,300,236,236,345
4.406661033630371,300,237,236,345
4.406661033630371,300,237,236,344
4.406661033630371,300,237,236,344
4.406661033630371,300,236,236,344
4.406661033630371,300,236,236,344
4.406661033630371,300,236,236,344
4.406661033630371,300,236,236,344
4.406661033630371,300,235,236,344
4.406661033630371,300,235,235,344
4.406661033630371,300,235,235,344
4.406661033630371,300,235,235,344
4.4223473072052,300,235,235,344
4.423149585723877,300,235,235,344
4.423928737640381,300,235,235,344
4.423928737640381,300,235,235,344
4.423928737640381,300,235,235,344
4.423928737640381,300,235,235,344
4.423928737640381,300,235,235,344
4.423928737640381,300,235,235,344
4.423928737640381,300,235,235,344
4.423928737640381,300,235,235,344
4.423928737640381,300,235,235,344
4.423928737640381,300,235,235,344
4.423928737640381,300,235,235,344
4.423928737640381,300,235,235,344
4.423928737640381,300,235,235,344
4.423928737640381,300,235,235,344
4.423928737640381,300,235,235,344
4.423928737640381,300,235,235,344
4.43820595741272,300,235,235,344
4.43820595741272,300,235,235,344
4.43820595741272,300,235,235,344
4.43820595741272,300,235,235,344
4.43820595741272,300,235,235,344
4.43820595741272,300,235,235,344
4.43820595741272,300,235,235,344
4.43820595741272,300,235,235,344
4.43820595741272,300,235,235,344
4.43820595741272,300,235,235,344
4.43820595741272,300,235,235,344
4.43820595741272,300,235,235,344
4.43820595741272,300,235,235,344
4.43820595741272,300,235,235,344
4.43820595741272,300,235,235,344
4.43820595741272,300,235,235,344
4.4515485763549805,300,235,235,344
4.4515485763549805,300,235,235,344
4.4541335105896,301,235,235,344
4.455122709274292,301,235,235,344
4.455942153930664,301,235,235,344
4.455942153930664,301,235,235,344
4.455942153930664,301,235,235,344
4.455942153930664,301,235,235,344
4.455942153930664,301,235,236,345
4.455942153930664,301,235,236,345
4.455942153930664,300,235,236,345
4.455942153930664,300,235,236,345
4.455942153930664,300,236,236,345
4.455942153930664,300,236,236,345
4.455942153930664,300,236,236,345
4.455942153930664,300,236,236,345
4.455942153930664,300,236,236,345
4.455942153930664,300,236,236,345
4.455942153930664,300,236,236,345
4.455942153930664,300,236,236,345
4.469778299331665,300,236,236,345
4.469778299331665,300,236,236,345
4.469778299331665,300,236,236,345
4.469778299331665,300,236,236,345
4.469778299331665,300,236,236,345
4.469778299331665,300,237,236,344
4.469778299331665,300,237,236,344
4.469778299331665,300,237,236,344
4.469778299331665,300,236,236,344
4.469778299331665,300,236,236,344
4.469778299331665,300,236,236,344
4.469778299331665,300,235,234,344
4.469778299331665,300,235,234,344
4.469778299331665,300,235,234,344
4.469778299331665,300,235,234,344
4.469778299331665,300,235,234,344
4.469778299331665,300,235,234,344
4.4856016635894775,300,235,234,344
4.4856016635894775,300,235,234,344
4.4856016635894775,300,235,234,343
4.4856016635894775,299,235,234,343
4.4856016635894775,299,235,234,343
4.4856016635894775,299,235,234,343
4.4856016635894775,299,235,234,343
4.4856016635894775,300,234,234,343
4.492726802825928,299,234,234,343
4.492726802825928,299,234,234,343
4.494738817214966,299,234,234,343
4.494738817214966,299,234,234,343
4.496751308441162,299,234,234,343
4.496751308441162,299,234,234,343
4.496751308441162,299,233,234,344
4.498759031295776,299,233,236,344
4.498759031295776,299,234,236,344
4.501313924789429,299,234,236,344
4.501871585845947,299,234,236,344
4.503035068511963,299,234,236,344
4.503035068511963,299,235,236,345
4.503035068511963,299,235,236,345
4.503035068511963,300,236,236,345
4.503035068511963,299,236,236,344
4.503035068511963,300,236,236,344
4.503035068511963,300,236,236,344
4.503035068511963,300,236,236,344
4.5093488693237305,300,236,236,344
4.5093488693237305,300,236,236,344
4.512069940567017,300,236,236,344
4.512727499008179,300,236,236,344
4.512727499008179,300,235,236,345
4.512727499008179,300,235,236,345
4.512727499008179,300,235,236,345
4.516326665878296,300,235,236,345
4.516326665878296,300,236,236,345
4.518184423446655,300,236,236,345
4.518184423446655,300,236,236,345
4.518184423446655,300,236,235,345
4.518184423446655,300,237,235,344
4.518184423446655,300,237,235,344
4.518184423446655,300,237,235,344
4.518184423446655,300,236,235,344
4.518184423446655,300,236,235,344
4.518184423446655,300,236,235,344
4.5262861251831055,300,235,235,344
4.5262861251831055,300,235,235,344
4.5262861251831055,300,235,235,344
4.5262861251831055,300,235,235,344
4.5262861251831055,300,236,235,344
4.5262861251831055,300,236,235,344
4.5262861251831055,300,235,235,344
4.5262861251831055,300,235,235,344
4.532975673675537,300,235,235,344
4.532975673675537,300,235,235,344
4.532975673675537,300,235,235,344
4.532975673675537,300,235,235,344
4.532975673675537,300,235,235,344
4.532975673675537,300,235,235,344
4.532975673675537,300,235,235,344
4.532975673675537,300,235,235,344
4.532975673675537,300,235,235,344
4.532975673675537,300,235,235,344
4.542556285858154,300,235,235,344
4.543316602706909,300,235,235,344
4.543316602706909,300,235,235,344
4.543316602706909,300,235,235,344
4.543316602706909,300,235,235,344
4.543316602706909,300,235,235,344
4.543316602706909,300,235,235,344
4.543316602706909,300,235,235,344
4.543316602706909,300,235,235,344
4.543316602706909,300,235,235,344
4.543316602706909,300,235,235,344
4.551486253738403,300,235,235,344
4.551486253738403,300,235,235,344
4.551486253738403,300,235,235,344
4.551486253738403,300,235,235,344
4.551486253738403,300,235,235,344
4.551486253738403,300,235,235,344
4.551486253738403,300,235,235,344
4.557960748672485,300,235,235,344
4.557960748672485,300,235,235,344
4.557960748672485,300,235,235,344
4.557960748672485,300,235,235,344
4.557960748672485,300,235,235,344
4.557960748672485,300,235,235,344
4.557960748672485,300,235,235,344
4.557960748672485,300,235,235,344
4.557960748672485,300,235,235,344
4.557960748672485,300,235,235,344
4.557960748672485,300,236,235,344
4.557960748672485,300,236,235,344
4.557960748672485,300,235,235,344
4.557960748672485,300,235,235,344
4.557960748672485,300,235,235,344
4.557960748672485,300,235,235,344
4.557960748672485,300,235,235,344
4.5736072063446045,300,235,235,344
4.574434757232666,300,235,235,343
4.574434757232666,300,235,235,343
4.574434757232666,300,235,235,344
4.574434757232666,300,235,235,344
4.574434757232666,300,235,235,344
4.574434757232666,300,235,235,344
4.574434757232666,300,235,235,344
4.574434757232666,300,235,235,344
4.574434757232666,300,235,235,344
4.574434757232666,300,235,235,344
4.574434757232666,300,235,235,344
4.574434757232666,300,235,235,344
4.574434757232666,300,235,235,344
4.574434757232666,300,235,235,344
4.574434757232666,300,236,235,344
4.574434757232666,299,235,235,344
4.574434757232666,300,236,235,343
4.589277029037476,300,236,235,343
4.590392351150513,300,235,235,343
4.590392351150513,300,235,235,343
4.590392351150513,300,235,235,343
4.590392351150513,300,235,235,343
4.590392351150513,299,234,235,343
4.590392351150513,299,234,235,344
4.590392351150513,299,234,235,344
4.590392351150513,300,234,235,344
4.590392351150513,300,234,235,344
4.590392351150513,300,235,235,344
4.5996925830841064,300,235,235,344
4.600038766860962,300,235,235,344
4.600038766860962,300,235,235,344
4.600038766860962,300,235,235,344
4.600038766860962,300,235,235,344
4.600038766860962,300,235,235,344
4.600038766860962,300,236,235,344
4.600038766860962,300,235,235,344
4.600038766860962,300,235,235,344
4.600038766860962,300,235,235,344
4.607744455337524,300,235,235,344
4.607744455337524,300,235,235,344
4.607744455337524,300,235,235,344
4.607744455337524,300,235,235,344
4.607744455337524,300,235,235,344
4.607744455337524,300,235,235,344
4.607744455337524,300,235,235,344
4.607744455337524,300,235,235,344
4.607744455337524,300,235,235,344
4.616009473800659,300,235,235,344
4.616865158081055,300,236,235,344
4.616865158081055,300,235,235,344
4.616865158081055,300,235,235,344
4.619689226150513,300,235,235,344
4.619689226150513,301,235,235,344
4.619689226150513,301,235,235,344
4.619689226150513,301,235,235,344
4.619689226150513,300,235,235,344
4.619689226150513,300,235,235,344
4.625267505645752,300,235,235,344
4.625746250152588,300,235,235,344
4.625746250152588,300,235,235,344
4.625746250152588,300,235,235,344
4.625746250152588,300,235,235,344
4.625746250152588,300,235,235,344
4.625746250152588,300,235,235,344
4.625746250152588,300,235,235,344
4.625746250152588,300,235,235,344
4.632364511489868,300,235,235,344
4.632364511489868,300,235,235,344
4.632364511489868,300,235,235,344
4.632364511489868,300,235,235,344
4.632364511489868,300,235,235,344
4.632364511489868,300,235,235,344
4.632364511489868,300,235,235,344
4.632364511489868,300,235,235,344
4.632364511489868,300,235,235,344
4.6406145095825195,300,235,235,344
4.6406145095825195,300,235,235,343
4.6406145095825195,300,235,235,344
4.6406145095825195,300,235,235,344
4.6406145095825195,300,235,235,344
4.6406145095825195,300,235,235,344
4.6406145095825195,300,235,235,344
4.6406145095825195,300,235,235,344
4.6406145095825195,300,235,235,344
4.6406145095825195,300,235,235,344
4.6406145095825195,300,235,235,344
4.6406145095825195,300,235,235,344
4.651688814163208,300,235,235,344
4.651688814163208,300,235,235,344
4.653390645980835,300,235,235,344
4.6542885303497314,300,236,235,344
4.6542885303497314,300,235,235,343
4.6542885303497314,300,235,235,344
4.6564781665802,300,235,235,344
4.6564781665802,300,235,235,344
4.6564781665802,300,235,235,344
4.6564781665802,300,235,235,344
4.6564781665802,300,235,235,344
4.6564781665802,300,235,235,344
4.6564781665802,300,235,235,344
4.6564781665802,300,235,235,344
4.6564781665802,300,235,235,344
4.6564781665802,300,235,235,344
4.6564781665802,300,235,235,344
4.6564781665802,300,235,235,344
4.6564781665802,300,235,235,344
4.6564781665802,300,235,235,344
4.6564781665802,300,235,235,344
4.6564781665802,300,235,235,344
4.6564781665802,300,235,235,344
4.6564781665802,300,236,235,344
4.67231559753418,300,235,235,343
4.67231559753418,300,235,235,343
4.67231559753418,300,235,235,343
4.67231559753418,300,235,235,343
4.67231559753418,300,235,235,343
4.67231559753418,299,235,235,343
4.67231559753418,299,234,235,343
4.67231559753418,299,234,235,344
4.67231559753418,300,234,235,344
4.67231559753418,300,234,235,344
4.67231559753418,300,234,235,344
4.67231559753418,300,234,235,344
4.67231559753418,300,235,235,344
4.67231559753418,300,235,235,344
4.67231559753418,300,235,235,344
4.67231559753418,300,235,235,344
4.67231559753418,300,235,235,344
4.688277006149292,300,235,235,344
4.688277006149292,300,235,235,344
4.688277006149292,300,235,235,344
4.688277006149292,300,236,235,344
4.688277006149292,300,236,235,344
4.688277006149292,300,236,235,344
4.688277006149292,300,236,235,343
4.688277006149292,300,235,235,343
4.688277006149292,300,235,235,344
4.688277006149292,300,235,235,344
4.688277006149292,300,235,235,344
4.688277006149292,300,235,235,344
4.688277006149292,300,235,235,344
4.688277006149292,300,235,236,344
4.688277006149292,300,235,236,344
4.688277006149292,301,235,236,344
4.688277006149292,301,235,236,344
4.688277006149292,301,235,236,344
4.704139709472656,301,235,236,344
4.704139709472656,300,235,236,344
4.704139709472656,300,235,236,344
4.704139709472656,300,235,236,344
4.704139709472656,300,235,236,344
4.704139709472656,300,236,236,345
4.704139709472656,300,235,236,344
4.704139709472656,300,235,236,345
4.704139709472656,301,235,236,345
4.704139709472656,301,236,236,345
4.704139709472656,301,236,236,345
4.704139709472656,300,236,236,345
4.704139709472656,300,236,236,345
4.704139709472656,300,237,236,345
4.704139709472656,300,236,236,344
4.704139709472656,300,237,236,345
4.704139709472656,300,237,236,344
4.719927787780762,300,236,234,344
4.721090316772461,300,236,234,344
4.7222113609313965,300,236,234,344
4.7222113609313965,300,236,234,343
4.7222113609313965,300,236,234,343
4.7222113609313965,300,236,234,343
4.7222113609313965,300,235,234,343
4.7222113609313965,300,235,234,343
4.7222113609313965,300,235,234,343
4.7222113609313965,300,234,234,343
4.7222113609313965,300,234,234,343
4.7222113609313965,300,234,234,343
4.7222113609313965,300,234,234,343
4.7222113609313965,300,234,234,343
4.7222113609313965,300,234,234,343
4.7222113609313965,300,234,234,343
4.7222113609313965,300,234,234,343
4.7222113609313965,300,234,234,343
4.735685110092163,300,234,234,343
4.735685110092163,300,234,234,343
4.735685110092163,299,234,234,343
4.735685110092163,300,234,234,343
4.735685110092163,300,234,236,344
4.735685110092163,300,234,236,344
4.735685110092163,300,234,236,344
4.735685110092163,300,234,236,344
4.735685110092163,300,234,236,344
4.735685110092163,300,234,236,344
4.735685110092163,300,234,236,345
4.735685110092163,299,235,236,344
4.735685110092163,299,235,236,345
4.735685110092163,299,235,236,345
4.735685110092163,299,236,236,345
4.735685110092163,300,236,236,345
4.735685110092163,300,236,236,345
4.751974582672119,300,237,236,344
4.751974582672119,300,237,236,344
4.753688335418701,300,237,236,344
4.754289388656616,300,237,236,344
4.754289388656616,300,237,236,344
4.754289388656616,300,236,236,344
4.754289388656616,300,236,236,344
4.754289388656616,300,236,236,344
4.754289388656616,300,235,236,344
4.754289388656616,300,235,234,344
4.754289388656616,300,235,234,344
4.754289388656616,300,235,234,344
4.754289388656616,300,235,234,344
4.754289388656616,300,235,234,344
4.754289388656616,300,235,234,344
4.754289388656616,300,235,234,344
4.754289388656616,300,235,234,344
4.76732611656189,300,235,234,343
4.76732611656189,300,235,234,343
4.76732611656189,300,235,234,343
4.76732611656189,300,235,234,343
4.76732611656189,300,235,234,343
4.76732611656189,300,234,234,343
4.76732611656189,300,234,234,343
4.76732611656189,300,234,234,343
4.76732611656189,300,234,234,343
4.76732611656189,300,234,234,343
4.76732611656189,300,234,234,343
4.76732611656189,300,234,234,343
4.76732611656189,300,234,234,343
4.76732611656189,300,234,234,343
4.76732611656189,300,234,236,344
4.76732611656189,300,234,236,344
4.76732611656189,300,234,236,344
4.76732611656189,300,234,236,344
4.783290147781372,300,234,236,344
4.783290147781372,300,234,236,344
4.783290147781372,300,234,236,345
4.785813808441162,300,235,236,344
4.7864601612091064,300,235,236,345
4.787382125854492,300,236,236,345
4.787382125854492,300,236,236,344
4.787382125854492,300,236,236,344
4.787382125854492,300,236,236,344
4.787382125854492,300,236,236,344
4.787382125854492,300,236,236,344
4.787382125854492,300,236,236,344
4.787382125854492,300,236,236,344
4.787382125854492,300,236,236,344
4.787382125854492,300,236,236,344
4.787382125854492,300,235,236,344
4.787382125854492,300,235,236,345
4.799170732498169,300,235,236,345
4.799170732498169,300,235,234,344
4.800546884536743,300,235,234,344
4.800546884536743,300,236,234,344
4.800546884536743,300,236,234,344
4.804572343826294,300,236,234,344
4.804572343826294,300,236,234,344
4.804572343826294,300,236,234,343
4.804572343826294,300,235,234,344
4.806581974029541,300,235,234,343
4.807588815689087,300,235,234,343
4.807588815689087,300,235,234,343
4.810078144073486,300,234,234,343
4.810078144073486,300,234,234,343
4.825656890869141,300,234,234,343
4.825656890869141,300,234,234,343
4.825656890869141,300,234,234,343
4.825656890869141,300,234,234,343
4.825656890869141,300,234,234,343
4.825656890869141,300,234,234,343
4.825656890869141,300,234,234,343
4.827279567718506,300,233,234,344
4.827279567718506,300,233,234,344
4.827279567718506,300,234,234,344
4.827279567718506,300,234,236,344
4.827603340148926,300,234,236,344
4.827603340148926,300,234,236,344
4.827603340148926,300,235,236,345
4.827603340148926,300,235,236,345
4.827603340148926,300,235,236,345
4.827603340148926,300,236,236,344
4.827603340148926,300,236,236,344
4.827603340148926,300,236,236,344
4.827603340148926,300,236,236,344
4.827603340148926,300,236,236,344
4.827603340148926,300,236,236,344
4.827603340148926,300,236,236,344
4.83141565322876,300,236,236,344
4.83141565322876,300,235,236,344
4.83141565322876,300,235,236,345
4.83141565322876,300,235,236,345
4.83141565322876,300,235,236,345
4.83141565322876,300,235,236,345
4.83141565322876,300,235,236,345
4.83141565322876,300,236,236,345
4.83141565322876,300,236,236,345
4.839502573013306,299,236,233,344
4.839502573013306,299,237,233,344
4.839502573013306,299,237,233,343
4.839502573013306,299,236,233,343
4.839502573013306,300,236,233,343
4.839502573013306,300,236,233,343
4.839502573013306,299,235,233,343
4.839502573013306,299,235,233,343
4.847692012786865,299,234,233,343
4.8481316566467285,299,234,233,343
4.8481316566467285,299,234,233,343
4.849577188491821,299,234,233,342
4.849577188491821,299,234,233,342
4.8522255420684814,299,234,233,342
4.8522255420684814,299,234,233,342
4.8522255420684814,299,233,233,342
4.8522255420684814,299,233,233,342
4.8522255420684814,300,233,233,342
4.8522255420684814,300,232,233,342
4.8522255420684814,300,232,233,342
4.8522255420684814,300,232,233,343
4.8522255420684814,300,232,233,343
4.8522255420684814,300,232,237,344
4.8522255420684814,300,232,237,344
4.8522255420684814,300,233,237,344
4.8522255420684814,300,234,237,345
4.863562822341919,300,234,237,345
4.863562822341919,301,235,237,345
4.863562822341919,301,236,237,345
4.863562822341919,301,236,237,345
4.863562822341919,301,236,237,345
4.863562822341919,301,237,237,345
4.863562822341919,301,237,237,345
4.863562822341919,302,237,237,345
4.863562822341919,302,237,237,345
4.863562822341919,302,237,237,345
4.863562822341919,302,237,237,345
4.863562822341919,303,237,237,345
4.863562822341919,303,237,237,345
4.863562822341919,303,237,237,345
4.863562822341919,303,237,237,345
4.863562822341919,304,237,237,345
4.863562822341919,304,237,237,345
4.879450082778931,304,237,237,345
4.880467176437378,304,237,235,344
4.881056070327759,304,237,235,344
4.881706476211548,305,237,235,344
4.881706476211548,305,237,235,344
4.881706476211548,305,236,235,344
4.881706476211548,305,236,235,344
4.881706476211548,305,236,235,344
4.881706476211548,305,236,235,344
4.881706476211548,305,236,235,343
4.881706476211548,306,236,235,343
4.881706476211548,306,235,235,343
4.881706476211548,306,235,235,343
4.881706476211548,306,235,235,343
4.881706476211548,306,234,235,343
4.881706476211548,306,234,235,344
4.881706476211548,306,234,235,344
4.881706476211548,306,234,235,344
4.895179271697998,307,234,235,344
4.895179271697998,307,234,235,344
4.895179271697998,307,235,235,344
4.895179271697998,307,235,235,344
4.895179271697998,307,235,235,344
4.895179271697998,307,235,238,345
4.895179271697998,307,235,238,345
4.895179271697998,307,235,238,345
4.895179271697998,307,236,238,345
4.895179271697998,307,236,238,345
4.895179271697998,308,236,238,346
4.895179271697998,308,237,238,345
4.895179271697998,308,237,238,345
4.895179271697998,308,237,238,346
4.895179271697998,308,238,238,346
4.895179271697998,308,238,238,345
4.895179271697998,308,238,238,345
4.910829067230225,308,238,238,345
4.911794900894165,308,239,238,345
4.912374258041382,309,239,238,345
4.912374258041382,310,238,238,345
4.912374258041382,311,238,238,345
4.912374258041382,312,238,238,345
4.912374258041382,313,238,238,345
4.912374258041382,314,238,238,345
4.912374258041382,317,238,238,345
4.912374258041382,319,238,238,345
4.912374258041382,321,238,245,347
4.912374258041382,323,238,245,348
4.912374258041382,325,239,245,348
4.912374258041382,328,239,245,348
4.912374258041382,330,240,245,348
4.912374258041382,333,241,245,349
4.912374258041382,335,242,245,349
4.912374258041382,338,243,245,349
4.926706552505493,340,244,245,349
4.926706552505493,344,244,245,349
4.926706552505493,346,245,245,349
4.926706552505493,350,245,245,349
4.926706552505493,353,245,245,349
4.926706552505493,356,245,245,349
4.926706552505493,358,245,245,349
4.926706552505493,361,245,245,349
4.926706552505493,364,245,245,349
4.926706552505493,367,245,245,349
4.926706552505493,371,245,245,349
4.926706552505493,374,245,245,349
4.926706552505493,377,245,245,349
4.926706552505493,380,245,245,349
4.926706552505493,383,245,245,349
4.926706552505493,386,245,281,358
4.926706552505493,390,245,281,360
4.942497491836548,393,247,281,363
4.942497491836548,398,248,281,366
4.942497491836548,402,251,281,368
4.942497491836548,404,256,281,370
4.942497491836548,409,260,281,371
4.942497491836548,412,265,281,372
4.942497491836548,415,269,281,372
4.942497491836548,420,272,281,373
4.942497491836548,423,274,281,373
4.942497491836548,426,275,281,373
4.942497491836548,429,277,281,373
4.952376842498779,431,278,281,373
4.952376842498779,435,279,281,373
4.952376842498779,437,279,281,373
4.952376842498779,440,280,281,373
4.952376842498779,443,280,281,373
4.952376842498779,445,280,281,373
4.958221673965454,447,280,281,374
4.958221673965454,450,279,281,374
4.958221673965454,450,279,275,373
4.958221673965454,453,280,275,372
4.958221673965454,454,280,275,372
4.958221673965454,456,280,275,372
4.958221673965454,457,280,275,371
4.958221673965454,458,280,275,371
4.958221673965454,459,279,275,370
4.958221673965454,460,278,275,370
4.958221673965454,461,277,275,370
4.958221673965454,462,276,275,370
4.958221673965454,463,275,275,370
4.958221673965454,464,275,275,370
4.958221673965454,464,275,275,370
4.958221673965454,464,274,275,371
4.958221673965454,464,274,275,371
4.958221673965454,464,275,275,371
4.974119424819946,464,275,275,371
4.975175380706787,463,275,275,371
4.976022958755493,463,275,275,371
4.976022958755493,462,275,275,371
4.976022958755493,461,275,275,371
4.976022958755493,459,275,275,371
4.976022958755493,458,276,275,371
4.976022958755493,456,276,282,372
4.976022958755493,454,276,282,373
4.976022958755493,452,276,282,373
4.976022958755493,449,276,282,374
4.976022958755493,447,276,282,374
4.976022958755493,445,277,282,375
4.976022958755493,442,278,282,375
4.976022958755493,439,279,282,375
4.976022958755493,437,279,282,375
4.976022958755493,433,280,282,375
4.976022958755493,431,280,282,375
4.991168737411499,428,280,282,375
4.991168737411499,426,281,282,375
4.9925377368927,423,281,282,375
4.993861436843872,419,281,282,375
4.993861436843872,416,281,282,376
4.993861436843872,413,281,282,376
4.993861436843872,408,281,282,376
4.993861436843872,406,281,282,376
4.99804949760437,402,281,282,376
4.99804949760437,398,282,282,376
5.000262260437012,396,282,264,372
5.000262260437012,391,282,264,370
5.000262260437012,388,282,264,369
5.000262260437012,385,281,264,369
5.000262260437012,381,280,264,367
5.000262260437012,378,279,264,366
5.000262260437012,374,277,264,365
5.006340980529785,371,275,264,365
5.006340980529785,368,272,264,364
5.006340980529785,364,270,264,364
5.006340980529785,361,268,264,364
5.006340980529785,359,267,264,364
5.006340980529785,355,267,264,364
5.006340980529785,352,266,264,364
5.006340980529785,350,266,264,364
5.006340980529785,348,265,264,363
5.014663219451904,346,265,264,364
5.014663219451904,343,265,264,363
5.0163795948028564,341,265,264,363
5.0163795948028564,340,265,264,363
5.0163795948028564,337,265,264,363
5.0163795948028564,335,265,264,363
5.0163795948028564,334,264,298,371
5.0163795948028564,332,264,298,374
5.0163795948028564,330,265,298,377
5.0163795948028564,328,266,298,380
5.0163795948028564,326,268,298,382
5.0163795948028564,325,271,298,382
5.0163795948028564,323,277,298,383
5.0163795948028564,322,281,298,384
5.0163795948028564,320,285,298,385
5.0163795948028564,319,288,298,385
5.0163795948028564,318,292,298,385
5.0163795948028564,317,294,298,385
5.030423879623413,316,296,298,385
5.031752586364746,315,296,298,385
5.031752586364746,314,297,298,385
5.031752586364746,313,297,298,385
5.031752586364746,313,298,298,385
5.031752586364746,313,298,298,385
5.031752586364746,312,298,298,385
5.031752586364746,312,298,298,385
5.031752586364746,312,298,298,385
5.031752586364746,311,298,298,385
5.031752586364746,311,298,292,383
5.031752586364746,311,299,292,383
5.031752586364746,311,299,292,382
5.031752586364746,312,298,292,381
5.031752586364746,312,298,292,381
5.031752586364746,312,298,292,381
5.031752586364746,313,296,292,381
5.046125173568726,313,296,292,381
5.046125173568726,314,295,292,380
5.046125173568726,315,295,292,380
5.046125173568726,316,294,292,380
5.046125173568726,318,294,292,380
5.046125173568726,319,294,292,380
5.046125173568726,320,293,292,380
5.0529327392578125,322,293,292,380
5.053858757019043,324,293,292,380
5.053858757019043,325,293,292,380
5.053858757019043,327,293,292,380
5.053858757019043,328,293,292,380
5.053858757019043,331,293,292,380
5.053858757019043,333,293,292,379
5.053858757019043,335,294,292,379
5.053858757019043,336,294,331,388
5.053858757019043,339,294,331,391
5.061923027038574,342,294,331,394
5.061923027038574,344,296,331,397
5.061923027038574,347,299,331,400
5.061923027038574,350,302,331,402
5.061923027038574,352,306,331,403
5.061923027038574,355,310,331,403
5.061923027038574,357,316,331,404
5.061923027038574,360,320,331,404
5.061923027038574,363,323,331,405
5.061923027038574,366,325,331,405
5.061923027038574,369,327,331,405
5.061923027038574,372,329,331,405
5.061923027038574,375,330,331,405
5.061923027038574,377,330,331,405
5.061923027038574,381,330,331,405
5.061923027038574,383,331,331,404
5.061923027038574,385,331,331,404
5.077701568603516,387,331,331,404
5.078433036804199,389,331,331,404
5.078433036804199,390,330,331,404
5.078433036804199,392,330,327,404
5.078433036804199,394,330,327,404
5.078433036804199,396,329,327,403
5.078433036804199,397,329,327,403
5.078433036804199,398,329,327,403
5.078433036804199,399,329,327,403
5.078433036804199,400,328,327,403
5.078433036804199,400,328,327,403
5.078433036804199,401,328,327,403
5.078433036804199,401,327,327,403
5.078433036804199,402,327,327,403
5.078433036804199,402,327,327,403
5.078433036804199,403,327,327,403
5.078433036804199,402,327,327,403
5.078433036804199,402,327,327,403
5.093380451202393,402,327,327,403
5.093380451202393,401,327,327,403
5.093380451202393,401,326,327,403
5.093380451202393,400,326,327,403
5.093380451202393,399,326,327,403
5.093380451202393,398,326,327,403
5.093380451202393,397,327,327,403
5.093380451202393,396,327,324,403
5.093380451202393,393,327,324,402
5.093380451202393,391,327,324,402
5.093380451202393,389,327,324,402
5.093380451202393,386,326,324,402
5.093380451202393,384,326,324,402
5.093380451202393,382,325,324,402
5.093380451202393,379,325,324,402
5.093380451202393,377,325,324,402
5.093380451202393,374,325,324,402
5.109299898147583,372,325,324,401
5.109299898147583,370,325,324,401
5.110835790634155,367,324,324,401
5.110835790634155,365,324,324,401
5.110835790634155,363,324,324,401
5.110835790634155,360,324,324,401
5.110835790634155,357,324,324,401
5.1162567138671875,355,324,324,401
5.1170334815979,353,323,324,401
5.118005752563477,351,323,324,402
5.118005752563477,348,324,324,402
5.118005752563477,345,324,324,402
5.118005752563477,344,324,309,398
5.118005752563477,341,324,309,397
5.118005752563477,338,324,309,395
5.118005752563477,336,324,309,394
5.118005752563477,332,323,309,393
5.124873161315918,331,320,309,392
5.124873161315918,329,319,309,392
5.124873161315918,326,317,309,391
5.124873161315918,324,315,309,391
5.124873161315918,322,314,309,391
5.124873161315918,321,312,309,391
5.124873161315918,319,311,309,391
5.124873161315918,317,311,309,391
5.124873161315918,316,310,309,391
5.133446931838989,314,310,309,391
5.133446931838989,313,310,309,391
5.133446931838989,312,310,309,391
5.133446931838989,310,310,309,391
5.133446931838989,309,310,309,391
5.133446931838989,309,310,309,391
5.133446931838989,308,311,309,391
5.133446931838989,307,311,309,390
5.133446931838989,307,311,339,397
5.141810894012451,307,311,339,400
5.142414093017578,307,312,339,402
5.142414093017578,306,313,339,404
5.142414093017578,306,315,339,406
5.142414093017578,306,320,339,407
5.142414093017578,306,323,339,408
5.142414093017578,307,327,339,409
5.142414093017578,307,330,339,409
5.142414093017578,307,332,339,409
5.149292945861816,308,334,339,409
5.149292945861816,309,335,339,409
5.149292945861816,309,337,339,409
5.149292945861816,310,338,339,409
5.1529152393341064,312,338,339,409
5.1529152393341064,312,338,339,409
5.1529152393341064,313,339,339,409
5.1529152393341064,315,339,339,409
5.1529152393341064,316,339,339,409
5.157408237457275,317,339,339,409
5.157408237457275,318,339,339,409
5.157408237457275,319,339,339,409
5.157408237457275,322,339,342,410
5.157408237457275,323,339,342,410
5.157408237457275,325,340,342,410
5.157408237457275,327,340,342,410
5.157408237457275,326,340,342,410
5.157408237457275,328,341,342,411
5.157408237457275,330,341,342,410
5.157408237457275,331,341,342,411
5.157408237457275,333,341,342,411
5.157408237457275,335,341,342,411
5.157408237457275,336,342,342,411
5.157408237457275,338,342,342,411
5.157408237457275,340,342,342,411
5.157408237457275,341,343,342,411
5.173294305801392,343,343,342,410
5.1746931076049805,345,343,342,410
5.175481796264648,347,343,342,410
5.175481796264648,349,343,342,410
5.175481796264648,351,342,342,410
5.175481796264648,353,342,342,410
5.175481796264648,354,342,342,410
5.175481796264648,356,341,342,410
5.175481796264648,357,341,363,417
5.175481796264648,359,342,363,417
5.175481796264648,361,342,363,419
5.175481796264648,362,344,363,421
5.175481796264648,363,346,363,422
5.175481796264648,364,348,363,423
5.175481796264648,366,351,363,423
5.175481796264648,367,354,363,424
5.175481796264648,368,356,363,424
5.189134359359741,369,358,363,424
5.189134359359741,370,359,363,424
5.189134359359741,371,360,363,425
5.189134359359741,372,361,363,425
5.189134359359741,373,361,363,425
5.189134359359741,373,361,363,425
5.189134359359741,374,362,363,425
5.189134359359741,374,362,363,425
5.189134359359741,374,362,363,425
5.189134359359741,374,362,363,425
5.189134359359741,374,362,363,425
5.189134359359741,374,363,363,425
5.189134359359741,373,362,346,421
5.189134359359741,373,362,346,420
5.189134359359741,372,362,346,418
5.189134359359741,371,361,346,417
5.189134359359741,370,361,346,417
5.205188035964966,368,359,346,416
5.205188035964966,367,358,346,415
5.20641016960144,365,355,346,415
5.2072765827178955,364,353,346,414
5.2072765827178955,362,351,346,414
5.2072765827178955,361,349,346,414
5.2072765827178955,359,348,346,414
5.2072765827178955,357,348,346,414
5.2072765827178955,356,347,346,414
5.2072765827178955,354,346,346,414
5.2072765827178955,353,346,346,414
5.2072765827178955,351,346,346,414
5.2072765827178955,349,346,346,414
5.2072765827178955,348,346,346,414
5.2072765827178955,346,346,346,414
5.2072765827178955,344,346,346,414
5.2072765827178955,342,346,346,414
5.2072765827178955,341,346,347,414
5.22100043296814,339,346,347,415
5.22100043296814,337,346,347,415
5.22100043296814,335,346,347,415
5.22100043296814,333,346,347,415
5.22100043296814,330,347,347,415
5.22100043296814,329,347,347,415
5.22100043296814,327,348,347,415
5.22100043296814,326,348,347,414
5.22100043296814,323,348,347,414
5.22100043296814,322,348,347,414
5.22100043296814,320,347,347,414
5.22100043296814,319,347,347,414
5.22100043296814,318,347,347,414
5.22100043296814,317,347,347,414
5.22100043296814,315,347,347,414
5.22100043296814,314,347,347,414
5.22100043296814,313,347,347,414
5.23674201965332,312,347,347,414
5.237683057785034,311,347,347,414
5.2385358810424805,310,347,347,414
5.2385358810424805,309,347,347,414
5.2385358810424805,308,347,352,416
5.2385358810424805,307,348,352,416
5.2385358810424805,307,348,352,416
5.2385358810424805,306,348,352,416
5.2385358810424805,305,349,352,417
5.2385358810424805,305,349,352,417
5.2385358810424805,304,350,352,417
5.2385358810424805,304,350,352,417
5.2385358810424805,303,351,352,417
5.2385358810424805,303,351,352,417
5.2385358810424805,303,352,352,417
5.2385358810424805,303,352,352,417
5.2385358810424805,303,353,352,417
5.2385358810424805,303,353,352,416
5.252878665924072,304,353,352,416
5.252878665924072,304,353,352,416
5.252878665924072,304,353,352,416
5.252878665924072,305,352,352,416
5.252878665924072,305,352,352,416
5.252878665924072,306,352,352,416
5.252878665924072,307,352,352,416
5.252878665924072,307,352,352,416
5.252878665924072,308,352,368,420
5.252878665924072,309,352,368,422
5.252878665924072,309,352,368,423
5.252878665924072,311,353,368,424
5.252878665924072,312,354,368,425
5.252878665924072,312,356,368,425
5.252878665924072,313,359,368,426
5.252878665924072,314,360,368,426
5.252878665924072,316,362,368,426
5.252878665924072,317,364,368,426
5.269351243972778,318,365,368,426
5.2700958251953125,320,366,368,426
5.2700958251953125,321,367,368,427
5.2700958251953125,322,367,368,426
5.2700958251953125,324,367,368,427
5.2700958251953125,325,368,368,426
5.2700958251953125,327,368,368,426
5.2700958251953125,328,368,368,426
5.2700958251953125,329,368,368,426
5.2700958251953125,331,368,368,426
5.2700958251953125,333,368,368,426
5.2700958251953125,334,368,368,426
5.2700958251953125,338,368,373,428
5.2700958251953125,339,368,373,428
5.2700958251953125,341,368,373,428
5.2700958251953125,342,368,373,429
5.2700958251953125,343,368,373,429
5.284520149230957,341,369,373,429
5.284520149230957,342,369,373,429
5.284520149230957,343,370,373,429
5.284520149230957,344,371,373,430
5.284520149230957,346,371,373,430
5.284520149230957,346,372,373,430
5.284520149230957,348,372,373,430
5.284520149230957,349,372,373,430
5.284520149230957,349,373,373,430
5.284520149230957,350,373,373,430
5.284520149230957,351,373,373,430
5.284520149230957,352,373,373,430
5.284520149230957,353,373,373,430
5.284520149230957,353,373,373,430
5.284520149230957,354,373,373,430
5.284520149230957,354,373,373,430
5.284520149230957,354,373,373,430
5.300187110900879,354,373,375,430
5.301156759262085,354,373,375,430
5.301156759262085,354,373,375,431
5.301156759262085,354,373,375,431
5.301156759262085,353,373,375,431
5.301156759262085,353,373,375,431
5.301156759262085,352,373,375,431
5.307007074356079,351,373,375,431
5.307312965393066,351,373,375,431
5.307312965393066,350,374,375,431
5.309457302093506,350,374,375,431
5.309457302093506,349,374,375,431
5.309457302093506,348,374,375,432
5.309457302093506,347,374,375,432
5.309457302093506,346,374,375,432
5.309457302093506,345,374,375,432
5.309457302093506,345,374,375,432
5.3162453174591064,344,374,375,432
5.3162453174591064,343,375,375,432
5.3162453174591064,341,375,375,432
5.3162453174591064,340,375,375,432
5.3162453174591064,339,375,375,432
5.3162453174591064,338,375,363,429
5.3162453174591064,337,375,363,428
5.3162453174591064,335,375,363,427
5.3162453174591064,333,374,363,426
5.324013710021973,331,374,363,425
5.324013710021973,330,372,363,425
5.324013710021973,329,370,363,424
5.324013710021973,327,369,363,424
5.324013710021973,326,367,363,424
5.324013710021973,324,366,363,424
5.324013710021973,322,365,363,424
5.324013710021973,321,365,363,424
5.324013710021973,320,364,363,424
5.332052707672119,318,364,363,424
5.332052707672119,317,363,363,424
5.332052707672119,315,363,363,424
5.332052707672119,314,364,363,424
5.332052707672119,313,364,363,424
5.332052707672119,312,364,363,424
5.332052707672119,311,364,363,424
5.332052707672119,310,364,363,423
5.3401923179626465,309,364,363,423
5.3401923179626465,309,364,372,425
5.3401923179626465,308,364,372,426
5.3401923179626465,307,364,372,427
5.3401923179626465,306,364,372,427
5.3401923179626465,305,365,372,428
5.3401923179626465,304,366,372,428
5.3401923179626465,303,367,372,429
5.3401923179626465,303,368,372,429
5.3401923179626465,303,369,372,429
5.348289966583252,302,370,372,429
5.349762916564941,302,371,372,429
5.350905418395996,301,371,372,429
5.351795196533203,301,372,372,429
5.352811574935913,301,372,372,429
5.352811574935913,301,372,372,429
5.352811574935913,301,372,372,429
5.352811574935913,301,373,372,429
5.352811574935913,301,373,372,429
5.352811574935913,301,373,372,428
5.352811574935913,301,373,372,428
5.352811574935913,301,373,372,428
5.352811574935913,302,372,372,428
5.352811574935913,309,372,378,430
5.352811574935913,309,372,378,430
5.352811574935913,310,372,378,431
5.352811574935913,311,372,378,431
5.364014387130737,304,373,378,432
5.364014387130737,304,374,378,432
5.364014387130737,305,375,378,432
5.364014387130737,306,376,378,432
5.364014387130737,306,376,378,432
5.364014387130737,307,377,378,432
5.364014387130737,308,377,378,432
5.364014387130737,309,378,378,432
5.364014387130737,309,378,378,432
5.364014387130737,310,378,378,432
5.364014387130737,311,378,378,432
5.364014387130737,312,378,378,432
5.364014387130737,313,378,378,432
5.364014387130737,315,378,378,432
5.364014387130737,316,378,378,432
5.364014387130737,317,378,378,432
5.364014387130737,318,379,378,432
5.380399942398071,319,379,389,435
5.3812010288238525,321,378,389,436
5.382029056549072,322,378,389,437
5.382029056549072,323,379,389,437
5.382029056549072,324,379,389,437
5.382029056549072,325,380,389,438
5.382029056549072,326,382,389,439
5.382029056549072,327,383,389,439
5.382029056549072,328,385,389,439
5.382029056549072,329,386,389,439
5.382029056549072,330,387,389,439
5.382029056549072,331,388,389,439
5.382029056549072,332,388,389,439
5.382029056549072,333,389,389,439
5.382029056549072,334,388,389,439
5.382029056549072,334,388,389,439
5.382029056549072,335,388,389,439
5.382029056549072,336,388,389,439
5.395950794219971,337,388,389,439
5.395950794219971,338,388,389,440
5.395950794219971,338,388,389,440
5.395950794219971,339,388,389,440
5.395950794219971,340,388,387,439
5.395950794219971,340,389,387,439
5.395950794219971,340,389,387,439
5.395950794219971,341,389,387,439
5.395950794219971,340,389,387,439
5.395950794219971,340,389,387,439
5.395950794219971,340,389,387,438
5.395950794219971,340,389,387,438
5.395950794219971,340,388,387,438
5.395950794219971,340,388,387,438
5.395950794219971,340,387,387,438
5.395950794219971,339,387,387,438
5.395950794219971,339,387,387,438
5.411653757095337,339,386,387,438
5.411653757095337,338,386,387,438
5.411653757095337,338,386,387,438
5.411653757095337,337,386,387,439
5.411653757095337,337,386,387,439
5.411653757095337,336,387,387,439
5.411653757095337,336,387,387,439
5.411653757095337,335,387,387,439
5.411653757095337,334,387,387,439
5.411653757095337,333,387,382,437
5.411653757095337,333,388,382,437
5.411653757095337,332,388,382,436
5.411653757095337,331,387,382,436
5.411653757095337,330,387,382,436
5.411653757095337,329,386,382,436
5.411653757095337,328,385,382,435
5.4273247718811035,326,385,382,435
5.4273247718811035,325,384,382,435
5.428646802902222,324,383,382,435
5.4293999671936035,323,383,382,435
5.4293999671936035,322,382,382,435
5.4293999671936035,321,382,382,435
5.4293999671936035,320,382,382,435
5.4293999671936035,318,382,382,435
5.4293999671936035,317,382,382,435
5.4293999671936035,316,382,382,435
5.4293999671936035,315,382,382,435
5.4293999671936035,314,382,382,435
5.4293999671936035,313,382,382,435
5.4293999671936035,312,382,382,435
5.4293999671936035,311,382,382,435
5.4293999671936035,311,382,382,435
5.4293999671936035,310,382,382,435
5.4293999671936035,308,382,382,435
5.442991495132446,308,382,382,435
5.442991495132446,307,382,382,435
5.442991495132446,306,382,382,435
5.442991495132446,305,382,382,435
5.442991495132446,305,383,382,435
5.442991495132446,304,383,382,435
5.442991495132446,303,382,382,435
5.442991495132446,303,382,382,435
5.442991495132446,302,382,382,435
5.442991495132446,301,382,382,435
5.442991495132446,301,382,382,435
5.452926397323608,300,382,382,435
5.452926397323608,300,382,382,435
5.452926397323608,300,382,382,435
5.452926397323608,299,382,382,435
5.452926397323608,299,383,382,435
5.452926397323608,299,383,382,435
5.458800554275513,299,383,382,435
5.459820508956909,299,383,382,435
5.460198163986206,307,383,390,437
5.460198163986206,308,383,390,437
5.4628002643585205,308,383,390,438
5.4635279178619385,308,384,390,438
5.4635279178619385,300,384,390,439
5.4635279178619385,300,386,390,439
5.4635279178619385,301,386,390,439
5.466747045516968,301,387,390,439
5.466747045516968,301,388,390,439
5.466747045516968,301,389,390,439
5.466747045516968,302,389,390,439
5.466747045516968,302,390,390,439
5.466747045516968,303,390,390,439
5.466747045516968,303,390,390,439
5.466747045516968,304,390,390,439
5.474783420562744,305,390,390,439
5.474783420562744,305,390,390,439
5.474783420562744,306,390,390,439
5.474783420562744,306,390,390,439
5.474783420562744,307,390,390,439
5.474783420562744,308,390,390,439
5.474783420562744,309,390,390,439
5.474783420562744,309,390,396,440
5.474783420562744,310,390,396,441
5.474783420562744,311,390,396,441
5.483727931976318,312,390,396,442
5.483727931976318,313,391,396,442
5.483727931976318,314,392,396,443
5.483727931976318,315,392,396,443
5.483727931976318,316,393,396,443
5.483727931976318,317,394,396,443
5.483727931976318,317,395,396,443
5.483727931976318,318,395,396,443
5.483727931976318,319,395,396,443
5.483727931976318,320,396,396,443
5.483727931976318,321,396,396,443
5.483727931976318,321,396,396,443
5.483727931976318,322,396,396,443
5.483727931976318,323,396,396,443
5.483727931976318,324,396,396,443
5.483727931976318,324,396,396,443
5.483727931976318,325,396,396,443
5.498783111572266,326,396,396,443
5.498783111572266,327,396,396,443
5.4999072551727295,327,396,399,444
5.4999072551727295,328,396,399,444
5.4999072551727295,328,396,399,444
5.503320932388306,329,396,399,444
5.503320932388306,329,396,399,445
5.503320932388306,330,396,399,445
5.503320932388306,330,397,399,445
5.503320932388306,330,397,399,445
5.503320932388306,331,398,399,445
5.503320932388306,331,398,399,445
5.503320932388306,331,398,399,445
5.503320932388306,331,398,399,445
5.503320932388306,331,399,399,445
5.503320932388306,331,399,399,445
5.503320932388306,331,399,399,445
5.514731407165527,331,399,399,445
5.514731407165527,331,398,399,445
5.514731407165527,331,398,399,445
5.514731407165527,330,398,399,445
5.514731407165527,330,398,399,445
5.514731407165527,330,398,399,445
5.514731407165527,330,398,399,445
5.514731407165527,336,398,394,444
5.514731407165527,336,398,394,444
5.522512435913086,335,398,394,444
5.522512435913086,335,398,394,443
5.522512435913086,334,398,394,443
5.522512435913086,326,397,394,443
5.522512435913086,325,397,394,443
5.522512435913086,325,397,394,442
5.522512435913086,324,396,394,442
5.522512435913086,323,396,394,442
5.522512435913086,322,395,394,442
5.530388355255127,322,395,394,442
5.530388355255127,321,394,394,442
5.530388355255127,320,394,394,442
5.530388355255127,319,394,394,442
5.530388355255127,318,393,394,443
5.530388355255127,317,393,394,443
5.530388355255127,316,393,394,443
5.530388355255127,316,393,394,443
5.530388355255127,315,394,394,443
5.530388355255127,314,395,394,443
5.530388355255127,313,395,394,442
5.530388355255127,312,395,392,442
5.530388355255127,311,395,392,442
5.530388355255127,310,395,392,441
5.530388355255127,310,395,392,441
5.530388355255127,309,394,392,441
5.530388355255127,308,394,392,441
5.546172380447388,307,393,392,441
5.546172380447388,306,393,392,441
5.546172380447388,306,393,392,441
5.546172380447388,305,392,392,441
5.546172380447388,304,392,392,441
5.546172380447388,304,392,392,441
5.546172380447388,303,393,392,441
5.546172380447388,302,392,392,441
5.552936315536499,302,392,392,441
5.552936315536499,301,392,392,441
5.552936315536499,301,392,392,441
5.552936315536499,301,392,392,441
5.552936315536499,300,393,392,441
5.552936315536499,300,393,392,441
5.552936315536499,300,393,392,441
5.552936315536499,299,393,392,440
5.552936315536499,309,393,397,442
5.562008857727051,309,393,397,442
5.562008857727051,308,393,397,442
5.562008857727051,308,393,397,443
5.562008857727051,308,393,397,443
5.562008857727051,298,393,397,443
5.562008857727051,298,394,397,443
5.562008857727051,298,394,397,444
5.562008857727051,299,395,397,444
5.562008857727051,299,396,397,444
5.562008857727051,299,397,397,444
5.562008857727051,299,397,397,443
5.562008857727051,300,397,397,443
5.562008857727051,300,397,397,443
5.562008857727051,300,397,397,443
5.562008857727051,300,397,397,443
5.562008857727051,300,397,397,443
5.562008857727051,301,397,397,443
5.562008857727051,301,397,397,443
5.577915191650391,302,397,397,443
5.577915191650391,302,397,397,443
5.577915191650391,303,397,397,443
5.577915191650391,312,397,403,445
5.577915191650391,313,397,403,445
5.577915191650391,313,397,403,446
5.577915191650391,314,397,403,446
5.577915191650391,315,397,403,447
5.577915191650391,306,398,403,447
5.577915191650391,307,399,403,447
5.577915191650391,307,400,403,447
5.577915191650391,308,401,403,447
5.577915191650391,309,402,403,447
5.577915191650391,309,402,403,447
5.577915191650391,310,402,403,447
5.577915191650391,311,403,403,447
5.577915191650391,311,403,403,447
5.577915191650391,312,403,403,447
5.59409761428833,313,403,403,447
5.594938039779663,314,403,403,447
5.595923900604248,315,403,403,447
5.595923900604248,315,403,403,447
5.595923900604248,316,403,403,447
5.595923900604248,316,403,403,447
5.595923900604248,317,403,403,447
5.595923900604248,317,403,405,448
5.595923900604248,318,403,405,448
5.595923900604248,319,403,405,448
5.595923900604248,319,403,405,448
5.595923900604248,320,403,405,448
5.595923900604248,320,403,405,448
5.595923900604248,321,403,405,448
5.595923900604248,321,404,405,448
5.595923900604248,322,404,405,448
5.595923900604248,323,404,405,449
5.595923900604248,323,404,405,449
5.609987735748291,323,404,405,449
5.609987735748291,324,404,405,449
5.609987735748291,324,405,405,449
5.609987735748291,324,405,405,449
5.609987735748291,324,405,405,449
5.609987735748291,324,405,405,449
5.609987735748291,324,405,405,449
5.609987735748291,324,405,405,449
5.609987735748291,324,405,405,449
5.609987735748291,324,405,405,449
5.609987735748291,324,405,405,449
5.609987735748291,324,405,404,448
5.609987735748291,324,405,404,448
5.609987735748291,324,406,404,448
5.609987735748291,324,405,404,448
5.609987735748291,324,405,404,448
5.609987735748291,323,405,404,448
5.625876188278198,323,404,404,448
5.6266560554504395,323,404,404,448
5.627343654632568,322,404,404,448
5.62777304649353,322,404,404,448
5.62777304649353,321,403,404,448
5.62777304649353,321,403,404,448
5.62777304649353,320,404,404,448
5.62777304649353,320,404,404,448
5.62777304649353,319,403,404,448
5.62777304649353,319,403,404,448
5.62777304649353,318,404,404,448
5.62777304649353,318,404,404,448
5.62777304649353,317,404,404,448
5.62777304649353,316,404,404,448
5.62777304649353,315,404,404,448
5.62777304649353,315,404,404,448
5.62777304649353,314,404,404,448
5.62777304649353,323,404,400,447
5.641914367675781,322,404,400,447
5.641914367675781,321,404,400,447
5.643765926361084,321,404,400,446
5.68078875541687,311,403,400,446
5.68078875541687,310,402,400,446
5.681421279907227,309,402,400,446
5.681421279907227,308,402,400,446
5.681421279907227,308,401,400,446
5.681421279907227,307,401,400,446
5.682008504867554,307,401,400,446
5.682008504867554,306,400,400,446
5.682008504867554,305,400,400,446
5.682008504867554,304,401,400,446
5.682008504867554,304,401,400,446
5.682008504867554,303,401,400,446
5.682008504867554,303,401,400,445
5.682008504867554,302,401,400,445
5.682008504867554,302,401,400,445
5.682008504867554,301,400,400,445
5.682008504867554,301,400,400,445
5.682008504867554,301,400,400,445
5.682008504867554,310,400,404,447
5.682008504867554,310,400,404,447
5.682008504867554,310,400,404,447
5.682008504867554,309,400,404,447
5.682008504867554,299,401,404,448
5.682008504867554,299,401,404,448
5.682008504867554,298,402,404,448
5.682008504867554,298,403,404,448
5.682008504867554,298,403,404,448
5.682008504867554,298,403,404,448
5.682008504867554,298,404,404,448
5.682008504867554,298,404,404,448
5.682008504867554,298,404,404,448
5.682008504867554,298,404,404,448
5.682008504867554,298,405,404,448
5.682008504867554,298,405,404,448
5.682008504867554,298,404,404,448
5.684125900268555,298,404,404,448
5.684125900268555,298,405,404,447
5.684125900268555,298,404,404,448
5.684125900268555,299,405,404,447
5.684125900268555,299,405,404,447
5.684125900268555,310,404,406,448
5.684125900268555,310,404,406,448
5.684125900268555,311,404,406,448
5.684125900268555,311,404,406,448
5.684125900268555,301,404,406,448
5.684957504272461,301,404,406,449
5.684957504272461,302,405,406,449
5.684957504272461,302,405,406,449
5.688678026199341,303,404,406,449
5.689354181289673,303,405,406,449
5.6895856857299805,303,405,406,449
5.6895856857299805,304,406,406,449
5.6895856857299805,304,406,406,449
5.6895856857299805,305,406,406,449
5.6895856857299805,306,406,406,449
5.6895856857299805,306,407,406,449
5.6895856857299805,307,407,406,449
5.6895856857299805,307,407,406,448
5.697782516479492,308,406,406,448
5.697782516479492,308,406,406,449
5.699434280395508,309,406,406,449
5.699434280395508,310,406,413,450
5.699434280395508,310,406,413,451
5.699434280395508,311,406,413,451
5.699434280395508,311,406,413,451
5.699434280395508,312,407,413,452
5.699434280395508,313,407,413,452
5.699434280395508,313,408,413,453
5.699434280395508,314,409,413,453
5.699434280395508,314,410,413,453
5.699434280395508,315,410,413,453
5.699434280395508,315,411,413,453
5.699434280395508,316,412,413,453
5.699434280395508,317,412,413,453
5.699434280395508,317,412,413,453
5.713346242904663,317,412,413,453
5.713346242904663,318,413,413,454
5.713346242904663,318,412,413,453
5.713346242904663,318,412,413,454
5.713346242904663,319,413,413,453
5.713346242904663,319,413,413,453
5.713346242904663,319,413,413,453
5.713346242904663,320,413,413,453
5.713346242904663,320,413,409,452
5.713346242904663,320,412,409,452
5.713346242904663,320,413,409,452
5.713346242904663,320,412,409,451
5.713346242904663,320,412,409,451
5.713346242904663,319,411,409,451
5.713346242904663,319,411,409,451
5.713346242904663,319,410,409,451
5.713346242904663,319,410,409,451
5.713346242904663,319,410,409,451
5.729188680648804,318,409,409,451
5.729188680648804,318,409,409,451
5.729188680648804,318,409,409,451
5.729188680648804,317,409,409,451
5.729188680648804,317,409,409,451
5.729188680648804,317,409,409,451
5.729188680648804,317,409,409,451
5.729188680648804,316,409,409,451
5.729188680648804,316,409,409,451
5.729188680648804,316,409,409,451
5.729188680648804,315,409,409,451
5.729188680648804,315,409,409,451
5.729188680648804,324,409,408,451
5.729188680648804,323,409,408,451
5.729188680648804,323,409,408,451
5.729188680648804,322,409,408,451
5.729188680648804,322,409,408,451
5.745012521743774,312,409,408,451
5.745012521743774,311,409,408,451
5.745012521743774,310,409,408,451
5.747632026672363,310,409,408,450
5.747632026672363,309,409,408,450
5.747632026672363,309,409,408,450
5.747632026672363,308,409,408,450
5.747632026672363,308,408,408,450
5.747632026672363,307,408,408,450
5.753033399581909,306,408,408,450
5.753033399581909,306,408,408,450
5.753033399581909,305,407,408,450
5.753033399581909,305,407,408,451
5.753033399581909,304,407,408,451
5.753033399581909,304,407,408,451
5.753033399581909,303,407,408,451
5.753033399581909,303,408,408,451
5.760759592056274,303,408,407,450
5.760759592056274,302,408,407,450
5.760759592056274,302,409,407,450
5.760759592056274,301,409,407,450
5.760759592056274,301,409,407,450
5.760759592056274,300,409,407,450
5.760759592056274,300,408,407,450
5.760759592056274,300,408,407,450
5.760759592056274,299,407,407,450
5.760759592056274,299,407,407,450
5.760759592056274,299,407,407,450
5.760759592056274,298,407,407,450
5.760759592056274,298,407,407,450
5.760759592056274,298,408,407,449
5.760759592056274,298,408,407,449
5.760759592056274,297,408,407,449
5.760759592056274,297,408,407,449
5.776502370834351,297,408,407,449
5.776502370834351,297,407,407,449
5.778383731842041,297,407,407,449
5.779202461242676,297,407,407,449
5.779202461242676,298,406,407,449
5.779202461242676,298,406,413,451
5.779202461242676,298,406,413,452
5.779202461242676,298,407,413,452
5.779202461242676,298,407,413,452
5.779202461242676,298,408,413,453
5.779202461242676,298,409,413,453
5.779202461242676,298,410,413,453
5.779202461242676,299,411,413,453
5.779202461242676,299,411,413,453
5.779202461242676,299,412,413,453
5.779202461242676,300,412,413,453
5.779202461242676,300,413,413,453
5.779202461242676,300,412,413,453
5.792325735092163,301,413,413,454
5.792325735092163,301,413,413,453
5.792325735092163,302,413,413,453
5.792325735092163,302,413,413,453
5.792325735092163,302,413,413,453
5.792325735092163,303,413,413,453
5.792325735092163,303,413,413,453
5.792325735092163,304,413,413,453
5.792325735092163,304,413,413,453
5.792325735092163,304,413,414,454
5.792325735092163,305,413,414,454
5.792325735092163,305,413,414,454
5.792325735092163,306,413,414,454
5.792325735092163,306,413,414,454
5.792325735092163,307,414,414,454
5.792325735092163,307,414,414,454
5.792325735092163,308,414,414,454
5.808121919631958,308,414,414,454
5.808965682983398,309,414,414,454
5.808965682983398,309,414,414,454
5.808965682983398,309,414,414,454
5.808965682983398,310,414,414,454
5.808965682983398,310,414,414,454
5.808965682983398,310,414,414,454
5.814894199371338,311,415,414,454
5.816291809082031,311,415,414,454
5.816291809082031,312,414,414,454
5.816291809082031,312,414,414,454
5.816291809082031,313,414,414,454
5.816291809082031,313,414,414,454
5.816291809082031,313,414,416,454
5.816291809082031,313,414,416,454
5.816291809082031,314,414,416,455
5.816291809082031,314,414,416,455
5.824357032775879,314,414,416,455
5.824357032775879,314,414,416,455
5.824357032775879,314,414,416,455
5.824357032775879,314,415,416,455
5.824357032775879,314,415,416,455
5.824357032775879,315,415,416,455
5.824357032775879,315,416,416,455
5.824357032775879,315,416,416,455
5.824357032775879,315,416,416,455
5.8323938846588135,314,416,416,455
5.8323938846588135,314,416,416,455
5.8323938846588135,314,416,416,455
5.8323938846588135,314,415,416,455
5.8323938846588135,314,415,416,455
5.8323938846588135,314,415,416,455
5.8323938846588135,314,415,416,456
5.8323938846588135,314,415,416,456
5.8323938846588135,314,416,416,455
5.840712547302246,314,416,413,455
5.840712547302246,313,416,413,454
5.8427324295043945,313,416,413,454
5.8427324295043945,312,416,413,454
5.8427324295043945,312,416,413,454
5.8427324295043945,312,416,413,454
5.8427324295043945,311,415,413,453
5.8427324295043945,311,415,413,453
5.8427324295043945,310,414,413,453
5.848978281021118,310,414,413,453
5.84953236579895,309,413,413,454
5.84953236579895,309,413,413,454
5.84953236579895,308,413,413,454
5.84953236579895,308,413,413,454
5.853053569793701,307,413,413,454
5.853053569793701,307,413,413,454
5.853053569793701,307,413,413,454
5.853053569793701,306,413,413,454
5.853053569793701,306,414,413,453
5.853053569793701,305,414,413,453
5.853053569793701,305,414,413,453
5.853053569793701,305,414,413,453
5.853053569793701,316,414,413,453
5.853053569793701,315,413,413,453
5.853053569793701,315,413,413,453
5.853053569793701,314,413,413,453
5.853053569793701,314,413,413,453
5.86552882194519,302,412,413,453
5.866292953491211,302,412,413,453
5.866758108139038,302,412,413,453
5.866758108139038,301,412,413,453
5.866758108139038,301,412,413,454
5.866758108139038,300,412,413,454
5.866758108139038,300,412,413,454
5.866758108139038,300,413,413,454
5.866758108139038,299,413,413,454
5.866758108139038,299,413,413,454
5.866758108139038,299,413,413,454
5.866758108139038,299,414,413,454
5.866758108139038,298,414,413,453
5.866758108139038,298,414,413,453
5.866758108139038,298,414,413,453
5.866758108139038,298,414,413,453
5.866758108139038,298,413,413,453
5.880431175231934,310,413,414,453
5.880431175231934,309,413,414,454
5.880431175231934,309,413,414,454
5.880431175231934,309,413,414,454
5.880431175231934,309,413,414,454
5.880431175231934,298,413,414,454
5.880431175231934,298,413,414,454
5.880431175231934,298,414,414,454
5.880431175231934,298,414,414,454
5.880431175231934,298,414,414,454
5.880431175231934,298,414,414,454
5.880431175231934,298,414,414,454
5.880431175231934,298,414,414,454
5.880431175231934,298,414,414,454
5.880431175231934,299,415,414,454
5.880431175231934,299,415,414,454
5.880431175231934,299,415,414,453
5.896393537521362,299,415,414,453
5.89755392074585,300,415,414,453
5.898682594299316,300,414,414,453
5.898682594299316,300,414,414,453
5.898682594299316,301,414,414,453
5.898682594299316,301,414,419,455
5.898682594299316,301,414,419,455
5.898682594299316,302,414,419,455
5.898682594299316,302,414,419,456
5.898682594299316,302,414,419,456
5.898682594299316,303,415,419,457
5.898682594299316,303,416,419,457
5.898682594299316,304,416,419,457
5.898682594299316,304,417,419,457
5.898682594299316,304,418,419,457
5.898682594299316,304,418,419,457
5.898682594299316,305,419,419,457
5.898682594299316,305,419,419,457
5.912204027175903,306,419,419,457
5.912204027175903,306,419,419,457
5.912204027175903,307,419,419,457
5.912204027175903,307,419,419,457
5.912204027175903,307,419,419,457
5.912204027175903,308,419,419,457
5.912204027175903,308,419,419,457
5.912204027175903,308,419,419,457
5.912204027175903,309,419,419,457
5.912204027175903,320,419,418,457
5.912204027175903,320,419,418,456
5.912204027175903,321,419,418,456
5.912204027175903,321,419,418,456
5.912204027175903,321,419,418,456
5.912204027175903,311,419,418,456
5.912204027175903,311,419,418,456
5.912204027175903,311,418,418,456
5.927912950515747,311,418,418,456
5.927912950515747,311,418,418,456
5.927912950515747,311,417,418,456
5.927912950515747,312,417,418,456
5.927912950515747,312,417,418,456
5.927912950515747,312,417,418,457
5.927912950515747,312,417,418,457
5.927912950515747,312,417,418,457
5.927912950515747,312,417,418,457
5.927912950515747,312,418,418,457
5.927912950515747,312,418,418,457
5.927912950515747,312,419,418,457
5.927912950515747,312,419,418,456
5.927912950515747,312,419,418,457
5.927912950515747,312,419,418,456
5.927912950515747,312,418,418,456
5.927912950515747,312,418,418,456
5.943787336349487,311,418,418,456
5.943787336349487,311,418,418,456
5.9446752071380615,311,418,418,456
5.9446752071380615,311,418,418,456
5.9446752071380615,310,418,418,456
5.9446752071380615,310,417,418,456
5.9446752071380615,310,418,418,457
5.9446752071380615,310,418,418,457
5.9446752071380615,309,418,418,457
5.9446752071380615,309,418,418,457
5.9446752071380615,309,418,418,457
5.953105926513672,308,418,418,457
5.953105926513672,308,418,418,457
5.953105926513672,308,418,418,457
5.953105926513672,308,419,418,457
5.953105926513672,307,419,418,456
5.953105926513672,307,419,418,456
5.953105926513672,307,419,418,456
5.959837436676025,306,418,418,456
5.961156129837036,306,418,415,455
5.961156129837036,306,418,415,455
5.961156129837036,305,418,415,455
5.961156129837036,305,417,415,455
5.961156129837036,305,417,415,455
5.961156129837036,304,416,415,455
5.961156129837036,304,416,415,455
5.961156129837036,303,416,415,455
5.961156129837036,303,416,415,455
5.961156129837036,303,416,415,455
5.961156129837036,302,416,415,455
5.961156129837036,302,416,415,454
5.961156129837036,301,416,415,454
5.961156129837036,301,416,415,454
5.961156129837036,300,416,415,454
5.961156129837036,300,416,415,454
5.975139379501343,300,415,415,454
5.976245164871216,300,415,415,454
5.976245164871216,300,415,415,454
5.976245164871216,299,414,415,454
5.976245164871216,299,414,415,455
5.976245164871216,299,415,415,455
5.976245164871216,310,415,418,455
5.976245164871216,310,415,418,455
5.983026742935181,310,415,418,456
5.983844995498657,310,416,418,456
5.98482871055603,298,416,418,456
5.985480070114136,298,416,418,456
5.985480070114136,298,417,418,456
5.985480070114136,298,417,418,456
5.985480070114136,298,417,418,456
5.985480070114136,298,417,418,456
5.985480070114136,298,417,418,456
5.985480070114136,298,417,418,456
5.991646766662598,298,418,418,456
5.991646766662598,298,418,418,456
5.991646766662598,298,418,418,456
5.991646766662598,298,418,418,456
5.991646766662598,298,418,418,456
5.991646766662598,298,418,418,456
5.991646766662598,298,418,418,456
5.991646766662598,299,418,418,456
5.991646766662598,299,418,418,456
5.999792814254761,299,418,418,456
5.999792814254761,311,418,419,456
5.999792814254761,311,418,419,457
5.999792814254761,312,417,419,457
5.999792814254761,312,417,419,457
5.999792814254761,312,418,419,457
5.999792814254761,301,418,419,457
5.999792814254761,301,418,419,457
5.999792814254761,301,418,419,457
5.999792814254761,302,419,419,457
5.999792814254761,302,419,419,457
5.999792814254761,302,419,419,457
5.999792814254761,302,420,419,457
5.999792814254761,302,420,419,457
5.999792814254761,302,419,419,457
5.999792814254761,302,419,419,457
5.999792814254761,303,419,419,457
6.015571355819702,303,419,419,457
6.015571355819702,303,419,419,457
6.015571355819702,304,420,419,457
6.018181562423706,304,419,419,457
6.019048452377319,305,419,419,457
6.019048452377319,305,419,419,457
6.019048452377319,317,419,422,457
6.019048452377319,317,419,422,458
6.019048452377319,317,419,422,458
6.019048452377319,317,420,422,458
6.019048452377319,318,420,422,458
6.019048452377319,307,420,422,458
6.019048452377319,307,420,422,458
6.019048452377319,307,420,422,458
6.019048452377319,307,421,422,459
6.019048452377319,307,421,422,459
6.019048452377319,308,421,422,459
6.019048452377319,308,421,422,459
6.031219959259033,308,421,422,459
6.031219959259033,308,422,422,459
6.031219959259033,308,422,422,459
6.031219959259033,309,422,422,459
6.031219959259033,309,422,422,459
6.031219959259033,309,422,422,459
6.031219959259033,309,422,422,459
6.031219959259033,309,422,422,459
6.031219959259033,309,422,422,459
6.031219959259033,310,422,422,459
6.031219959259033,310,422,420,458
6.031219959259033,321,422,420,458
6.031219959259033,321,422,420,458
6.031219959259033,321,422,420,458
6.031219959259033,321,422,420,458
6.031219959259033,310,421,420,458
6.031219959259033,309,421,420,458
6.031219959259033,309,421,420,457
6.046922922134399,309,421,420,457
6.046922922134399,309,420,420,458
6.046922922134399,309,420,420,458
6.046922922134399,308,420,420,458
6.046922922134399,308,420,420,458
6.046922922134399,308,420,420,458
6.053173780441284,308,420,420,458
6.053173780441284,307,421,420,458
6.053173780441284,307,420,420,457
6.053173780441284,307,421,420,457
6.053173780441284,307,421,420,457
6.053173780441284,307,420,420,457
6.053173780441284,307,420,420,457
6.053173780441284,306,420,420,457
6.053173780441284,306,420,420,457
6.053173780441284,317,420,419,457
6.053173780441284,317,419,419,457
6.062670469284058,317,419,419,457
6.062670469284058,317,419,419,457
6.062670469284058,305,419,419,457
6.062670469284058,305,419,419,457
6.062670469284058,304,419,419,457
6.062670469284058,304,419,419,457
6.062670469284058,304,419,419,457
6.062670469284058,303,419,419,457
6.062670469284058,303,419,419,457
6.062670469284058,303,419,419,457
6.062670469284058,302,419,419,457
6.062670469284058,302,419,419,457
6.062670469284058,302,419,419,457
6.062670469284058,302,419,419,457
6.062670469284058,301,419,419,457
6.062670469284058,301,419,419,457
6.062670469284058,301,419,419,457
6.07855749130249,301,419,419,457
6.07855749130249,301,419,419,457
6.07855749130249,301,419,419,457
6.07855749130249,300,419,420,457
6.07855749130249,300,419,420,457
6.07855749130249,300,419,420,458
6.07855749130249,300,419,420,458
6.07855749130249,300,419,420,458
6.07855749130249,300,419,420,458
6.07855749130249,299,420,420,458
6.07855749130249,299,420,420,458
6.07855749130249,299,420,420,458
6.07855749130249,299,421,420,458
6.07855749130249,298,421,420,457
6.07855749130249,298,421,420,457
6.07855749130249,298,421,420,457
6.07855749130249,298,421,420,457
6.07855749130249,298,420,420,457
6.094227313995361,298,420,420,457
6.094227313995361,298,420,420,457
6.094227313995361,298,420,420,457
6.094227313995361,298,420,420,457
6.094227313995361,298,420,420,457
6.094227313995361,298,419,420,457
6.094227313995361,298,420,420,458
6.094227313995361,298,420,421,458
6.094227313995361,299,420,421,458
6.094227313995361,299,420,421,458
6.094227313995361,299,420,421,458
6.094227313995361,299,421,421,458
6.094227313995361,299,421,421,458
6.094227313995361,299,421,421,458
6.094227313995361,299,421,421,458
6.094227313995361,299,421,421,458
6.094227313995361,300,421,421,458
6.094227313995361,300,421,421,458
6.1103105545043945,300,421,421,458
6.1103105545043945,300,421,421,458
6.1103105545043945,300,421,421,458
6.1103105545043945,300,421,421,458
6.1103105545043945,301,421,421,458
6.1103105545043945,301,421,421,458
6.1103105545043945,301,421,421,458
6.1103105545043945,301,421,421,458
6.1103105545043945,301,421,421,458
6.1103105545043945,302,421,421,458
6.1103105545043945,302,421,421,458
6.1103105545043945,302,421,423,458
6.1103105545043945,303,421,423,458
6.1103105545043945,303,421,423,459
6.1103105545043945,303,421,423,459
6.1103105545043945,304,421,423,459
6.1103105545043945,304,421,423,459
6.126335144042969,304,422,423,459
6.126335144042969,304,422,423,459
6.128190279006958,304,422,423,459
6.128190279006958,305,422,423,459
6.128190279006958,305,422,423,459
6.128190279006958,305,422,423,459
6.128190279006958,305,423,423,459
6.128190279006958,305,423,423,459
6.128190279006958,305,423,423,459
6.128190279006958,306,423,423,459
6.128190279006958,306,423,423,459
6.128190279006958,306,422,423,459
6.128190279006958,306,422,423,459
6.128190279006958,306,422,423,460
6.128190279006958,306,422,423,460
6.128190279006958,307,423,423,460
6.128190279006958,318,423,422,459
6.128190279006958,318,423,422,459
6.14228892326355,319,423,422,459
6.14228892326355,319,424,422,459
6.14228892326355,319,423,422,459
6.14228892326355,307,423,422,459
6.14228892326355,307,423,422,459
6.14228892326355,307,423,422,459
6.14228892326355,307,422,422,459
6.14228892326355,307,422,422,459
6.14228892326355,307,422,422,459
6.14228892326355,307,422,422,459
6.14228892326355,307,423,422,459
6.14228892326355,307,422,422,459
6.153383493423462,307,422,422,459
6.153383493423462,307,422,422,459
6.153383493423462,307,422,422,459
6.153383493423462,307,422,422,459
6.153383493423462,307,423,422,459
6.15812087059021,307,423,422,459
6.159154891967773,307,423,422,458
6.159154891967773,307,422,422,458
6.159154891967773,318,422,421,458
6.159154891967773,318,422,421,458
6.159154891967773,318,422,421,458
6.159154891967773,318,421,421,458
6.159154891967773,318,421,421,458
6.159154891967773,306,421,421,458
6.159154891967773,306,421,421,458
6.159154891967773,305,421,421,458
6.159154891967773,305,421,421,458
6.159154891967773,305,421,421,458
6.159154891967773,304,421,421,458
6.159154891967773,304,421,421,458
6.159154891967773,304,421,421,458
6.159154891967773,304,421,421,458
6.159154891967773,303,421,421,458
6.1738715171813965,303,421,421,458
6.175215244293213,303,421,421,458
6.175215244293213,303,421,421,458
6.175215244293213,303,421,421,458
6.175215244293213,302,421,421,458
6.175215244293213,302,421,421,458
6.175215244293213,302,421,421,458
6.175215244293213,302,421,421,458
6.175215244293213,302,421,422,458
6.175215244293213,302,421,422,459
6.183286428451538,301,421,422,459
6.183286428451538,301,421,422,459
6.183286428451538,301,421,422,459
6.183286428451538,301,421,422,459
6.183286428451538,301,422,422,459
6.183286428451538,301,422,422,459
6.183286428451538,300,422,422,459
6.183286428451538,300,422,422,459
6.183286428451538,300,423,422,459
6.1909918785095215,300,423,422,459
6.1909918785095215,300,422,422,458
6.1909918785095215,300,422,422,459
6.1909918785095215,300,422,422,459
6.1909918785095215,300,422,422,459
6.1909918785095215,299,422,422,459
6.1909918785095215,299,422,422,459
6.1909918785095215,299,422,422,459
6.1909918785095215,299,422,422,459
6.199307441711426,299,422,422,459
6.199959993362427,299,423,422,459
6.20102858543396,311,423,422,458
6.20102858543396,311,423,422,458
6.20102858543396,311,423,422,458
6.20102858543396,311,422,422,458
6.20102858543396,299,422,422,458
6.20102858543396,299,422,422,458
6.20102858543396,299,421,422,458
6.207728624343872,299,421,422,459
6.208415746688843,299,421,422,459
6.209045171737671,299,421,422,459
6.209045171737671,299,421,422,459
6.209045171737671,299,421,422,459
6.209045171737671,299,422,422,459
6.209045171737671,299,422,422,459
6.209045171737671,299,422,422,459
6.209045171737671,299,423,422,459
6.215501070022583,299,423,422,458
6.215501070022583,299,423,422,458
6.215501070022583,300,423,422,458
6.215501070022583,300,423,422,458
6.215501070022583,300,423,422,458
6.215501070022583,300,422,422,458
6.215501070022583,300,422,424,459
6.215501070022583,301,422,424,459
6.215501070022583,301,421,424,459
6.223711729049683,301,421,424,460
6.223711729049683,301,422,424,460
6.223711729049683,301,422,424,460
6.223711729049683,302,423,424,460
6.223711729049683,302,423,424,460
6.223711729049683,302,423,424,460
6.223711729049683,302,424,424,460
6.223711729049683,302,424,424,460
6.223711729049683,302,424,424,460
6.223711729049683,303,424,424,460
6.223711729049683,303,424,424,460
6.223711729049683,303,424,424,460
6.223711729049683,303,424,424,460
6.223711729049683,303,424,424,460
6.223711729049683,303,424,424,460
6.223711729049683,304,424,424,460
6.223711729049683,304,424,424,460
6.223711729049683,304,424,424,460
6.24044132232666,304,424,424,460
6.241062164306641,304,424,424,460
6.241529226303101,304,424,424,460
6.241529226303101,305,425,424,459
6.241529226303101,305,425,424,459
6.241529226303101,305,424,424,460
6.241529226303101,305,424,424,460
6.241529226303101,305,424,424,460
6.241529226303101,305,423,424,460
6.241529226303101,306,423,424,460
6.241529226303101,306,424,424,460
6.241529226303101,306,423,424,460
6.241529226303101,306,423,424,460
6.241529226303101,306,424,424,460
6.241529226303101,306,424,424,460
6.253689289093018,306,424,424,460
6.253689289093018,306,424,424,460
6.255450010299683,306,425,424,460
6.255450010299683,306,424,424,460
6.255450010299683,306,424,424,460
6.255450010299683,306,424,424,460
6.255450010299683,306,424,424,460
6.255450010299683,305,424,424,460
6.255450010299683,305,424,423,460
6.255450010299683,305,424,423,459
6.255450010299683,305,424,423,459
6.255450010299683,305,424,423,459
6.255450010299683,305,424,423,459
6.255450010299683,305,424,423,459
6.255450010299683,305,423,423,459
6.255450010299683,305,423,423,459
6.255450010299683,305,423,423,459
6.255450010299683,305,422,423,459
6.255450010299683,304,422,423,460
6.271169424057007,304,422,423,460
6.271807670593262,304,422,423,460
6.272820711135864,304,423,423,460
6.273435831069946,304,423,423,460
6.273435831069946,304,423,423,460
6.273435831069946,304,424,423,460
6.273435831069946,303,424,423,459
6.273435831069946,303,424,423,459
6.273435831069946,303,424,423,459
6.273435831069946,303,424,423,459
6.273435831069946,303,423,423,459
6.273435831069946,315,423,424,459
6.273435831069946,315,423,424,459
6.273435831069946,315,423,424,460
6.273435831069946,314,423,424,460
6.273435831069946,314,423,424,460
6.273435831069946,302,423,424,460
6.273435831069946,302,423,424,460
6.2868568897247314,302,423,424,460
6.2868568897247314,301,423,424,460
6.2868568897247314,301,424,424,460
6.2868568897247314,301,424,424,460
6.2868568897247314,301,424,424,460
6.2868568897247314,300,424,424,460
6.2868568897247314,300,424,424,460
6.2868568897247314,300,424,424,460
6.2868568897247314,300,424,424,460
6.2868568897247314,300,424,424,460
6.2868568897247314,300,424,424,460
6.2868568897247314,300,424,424,460
6.2868568897247314,300,424,424,460
6.2868568897247314,300,424,424,460
6.2868568897247314,299,424,424,460
6.2868568897247314,299,424,422,459
6.2868568897247314,312,424,422,459
6.3026463985443115,312,424,422,459
6.30365514755249,312,424,422,459
6.30365514755249,312,424,422,459
6.30365514755249,299,424,422,459
6.305673122406006,299,423,422,459
6.305673122406006,299,423,422,459
6.307682037353516,299,423,422,459
6.307682037353516,299,423,422,458
6.309925317764282,299,423,422,458
6.310339689254761,299,423,422,458
6.310339689254761,299,422,422,458
6.310339689254761,298,422,422,458
6.310339689254761,298,422,422,458
6.310339689254761,298,422,422,458
6.310339689254761,298,421,422,458
6.316295385360718,298,422,422,459
6.31735897064209,299,422,422,458
6.317945241928101,299,421,422,459
6.317945241928101,299,422,422,459
6.317945241928101,299,422,422,459
6.317945241928101,299,422,426,460
6.317945241928101,311,422,426,460
6.317945241928101,312,422,426,460
6.317945241928101,312,422,426,460
6.317945241928101,312,423,426,461
6.317945241928101,300,423,426,461
6.325934410095215,300,424,426,461
6.325934410095215,300,424,426,461
6.325934410095215,300,425,426,461
6.325934410095215,300,426,426,461
6.325934410095215,300,426,426,461
6.325934410095215,301,426,426,461
6.325934410095215,301,426,426,461
6.325934410095215,301,426,426,461
6.325934410095215,301,426,426,461
6.333431005477905,301,426,426,461
6.334522008895874,301,426,426,461
6.334522008895874,301,426,426,461
6.334522008895874,301,426,426,461
6.334522008895874,302,426,426,461
6.334522008895874,302,426,426,461
6.334522008895874,302,426,426,461
6.334522008895874,302,426,426,461
6.334522008895874,315,426,424,460
6.334522008895874,315,426,424,460
6.3428428173065186,315,426,424,460
6.3428428173065186,315,426,424,460
6.3428428173065186,303,425,424,460
6.3428428173065186,303,425,424,460
6.3428428173065186,303,425,424,460
6.3428428173065186,303,425,424,459
6.3428428173065186,303,425,424,459
6.3428428173065186,304,424,424,459
6.349801063537598,304,424,424,459
6.349801063537598,304,424,424,459
6.349801063537598,304,424,424,459
6.349801063537598,304,424,424,459
6.353716611862183,304,423,424,459
6.353716611862183,304,423,424,460
6.353716611862183,304,423,424,460
6.353716611862183,304,423,424,460
6.353716611862183,304,423,424,460
6.358916282653809,304,424,424,460
6.358916282653809,304,424,424,460
6.358916282653809,304,424,424,460
6.358916282653809,316,424,426,460
6.358916282653809,316,424,426,460
6.358916282653809,316,424,426,461
6.358916282653809,316,424,426,461
6.358916282653809,304,424,426,461
6.358916282653809,304,425,426,461
6.358916282653809,304,425,426,461
6.358916282653809,304,425,426,461
6.358916282653809,304,426,426,461
6.358916282653809,304,426,426,461
6.358916282653809,304,426,426,461
6.358916282653809,304,426,426,461
6.358916282653809,304,426,426,461
6.358916282653809,304,426,426,461
6.358916282653809,304,426,426,461
6.37536883354187,304,426,426,461
6.375826835632324,303,426,426,461
6.375826835632324,303,426,426,461
6.375826835632324,303,426,426,461
6.375826835632324,303,426,426,461
6.375826835632324,303,426,426,461
6.375826835632324,303,426,426,461
6.375826835632324,315,426,423,460
6.375826835632324,315,426,423,460
6.375826835632324,315,426,423,460
6.375826835632324,315,426,423,459
6.375826835632324,302,425,423,459
6.375826835632324,302,425,423,459
6.375826835632324,302,424,423,459
6.375826835632324,302,424,423,459
6.375826835632324,302,423,423,459
6.375826835632324,302,423,423,459
6.390761613845825,301,423,423,459
6.390761613845825,301,423,423,459
6.390761613845825,301,423,423,459
6.390761613845825,301,423,423,459
6.390761613845825,301,423,423,459
6.390761613845825,301,423,423,459
6.390761613845825,301,423,423,459
6.390761613845825,300,423,423,459
6.390761613845825,300,423,423,459
6.390761613845825,300,423,423,459
6.390761613845825,300,423,423,459
6.390761613845825,300,423,423,459
6.390761613845825,300,423,425,460
6.390761613845825,300,423,425,460
6.390761613845825,300,423,425,460
6.390761613845825,299,423,425,460
6.390761613845825,299,423,425,460
6.390761613845825,299,424,425,461
6.4065773487091064,299,424,425,461
6.4065773487091064,299,425,425,461
6.4065773487091064,299,425,425,460
6.4065773487091064,299,425,425,460
6.4065773487091064,299,425,425,460
6.4065773487091064,299,425,425,460
6.4065773487091064,299,425,425,460
6.4065773487091064,299,425,425,460
6.4065773487091064,299,425,425,460
6.4065773487091064,299,425,425,460
6.4065773487091064,299,425,425,460
6.4065773487091064,299,424,425,461
6.4065773487091064,299,424,425,461
6.4065773487091064,299,424,425,461
6.4065773487091064,299,425,425,461
6.4065773487091064,299,425,425,461
6.4065773487091064,299,426,424,460
6.422238826751709,299,426,424,460
6.422238826751709,300,426,424,460
6.422238826751709,300,426,424,460
6.422238826751709,299,425,424,460
6.422238826751709,300,425,424,460
6.422238826751709,300,425,424,460
6.422238826751709,300,424,424,460
6.422238826751709,300,424,424,460
6.422238826751709,300,425,424,459
6.422238826751709,300,425,424,459
6.422238826751709,300,425,424,459
6.422238826751709,300,425,424,459
6.422238826751709,300,424,424,459
6.422238826751709,300,424,424,459
6.422238826751709,300,424,424,459
6.422238826751709,300,423,424,459
6.422238826751709,301,423,424,460
6.422238826751709,301,423,424,460
6.4391632080078125,301,424,424,460
6.4399731159210205,301,424,424,460
6.4399731159210205,301,424,424,460
6.4399731159210205,313,424,427,460
6.4399731159210205,313,424,427,461
6.4399731159210205,314,424,427,461
6.4399731159210205,314,424,427,461
6.4399731159210205,301,425,427,461
6.4399731159210205,301,425,427,461
6.4399731159210205,301,425,427,461
6.4399731159210205,302,426,427,462
6.4399731159210205,302,426,427,462
6.4399731159210205,302,426,427,462
6.4399731159210205,302,427,427,461
6.4399731159210205,302,427,427,461
6.4399731159210205,302,427,427,461
6.4399731159210205,302,427,427,461
6.4536378383636475,302,427,427,461
6.4536378383636475,302,427,427,461
6.4536378383636475,303,427,427,461
6.4536378383636475,303,427,427,461
6.4536378383636475,303,426,427,462
6.4536378383636475,303,426,427,462
6.4536378383636475,303,426,427,462
6.4536378383636475,303,426,427,462
6.4536378383636475,315,426,425,461
6.4536378383636475,315,427,425,461
6.4536378383636475,315,427,425,461
6.4536378383636475,315,427,425,461
6.4536378383636475,315,427,425,461
6.4536378383636475,303,427,425,461
6.4536378383636475,303,427,425,460
6.4536378383636475,303,426,425,460
6.4536378383636475,303,426,425,460
6.4694154262542725,303,426,425,460
6.470517635345459,303,425,425,460
6.470951318740845,303,425,425,460
6.470951318740845,303,425,425,460
6.473521947860718,303,425,425,460
6.474693059921265,303,425,425,460
6.474693059921265,303,425,425,460
6.474693059921265,303,424,425,460
6.474693059921265,303,424,425,461
6.477621793746948,303,424,425,461
6.477621793746948,303,425,425,461
6.477621793746948,303,425,425,461
6.477621793746948,303,425,425,461
6.477621793746948,315,425,426,461
6.477621793746948,315,425,426,461
6.4832680225372314,314,426,426,461
6.4832680225372314,314,426,426,461
6.4832680225372314,301,426,426,461
6.485784292221069,301,426,426,461
6.485784292221069,301,426,426,461
6.485784292221069,301,426,426,461
6.485784292221069,302,426,426,461
6.485784292221069,302,426,426,461
6.485784292221069,302,426,426,461
6.485784292221069,301,426,426,461
6.485784292221069,301,426,426,461
6.485784292221069,301,426,426,461
6.493943929672241,301,426,426,461
6.49516487121582,301,426,426,461
6.49619197845459,301,426,426,461
6.49619197845459,301,426,426,461
6.49619197845459,301,426,426,461
6.49619197845459,301,426,426,461
6.49619197845459,300,426,426,461
6.499722957611084,300,426,426,461
6.499722957611084,300,426,423,460
6.499722957611084,300,426,423,460
6.499722957611084,300,426,423,460
6.499722957611084,300,426,423,459
6.499722957611084,300,425,423,459
6.499722957611084,300,425,423,459
6.499722957611084,300,425,423,459
6.499722957611084,300,425,423,459
6.499722957611084,300,424,423,459
6.509785890579224,300,424,423,459
6.509785890579224,300,423,423,459
6.509785890579224,300,423,423,459
6.509785890579224,300,423,423,459
6.509785890579224,300,423,423,459
6.509785890579224,300,423,423,459
6.509785890579224,300,423,423,459
6.509785890579224,299,423,423,459
6.509785890579224,299,423,423,459
6.509785890579224,299,423,423,459
6.509785890579224,299,423,423,459
6.509785890579224,299,423,423,459
6.509785890579224,299,423,423,459
6.509785890579224,299,423,427,460
6.509785890579224,299,423,427,460
6.509785890579224,300,423,427,461
6.509785890579224,300,423,427,461
6.509785890579224,300,423,427,461
6.525634288787842,299,424,427,462
6.525634288787842,299,424,427,462
6.525634288787842,299,425,427,462
6.525634288787842,299,425,427,462
6.529513597488403,300,426,427,462
6.529513597488403,300,427,427,462
6.531524658203125,300,427,427,462
6.531524658203125,300,427,427,462
6.531524658203125,300,428,427,462
6.531524658203125,300,428,427,461
6.535322904586792,300,428,427,461
6.535322904586792,300,428,427,461
6.535322904586792,301,427,427,461
6.535322904586792,301,427,427,461
6.535322904586792,301,427,427,461
6.535322904586792,301,427,427,461
6.535322904586792,301,426,427,461
6.541505575180054,301,426,425,461
6.542846202850342,301,426,425,461
6.543388366699219,301,426,425,461
6.543388366699219,301,426,425,461
6.543388366699219,301,426,425,461
6.543388366699219,301,426,425,461
6.543388366699219,301,426,425,460
6.543388366699219,301,426,425,460
6.543388366699219,301,426,425,460
6.543388366699219,302,426,425,460
6.543388366699219,302,426,425,460
6.543388366699219,302,425,425,460
6.543388366699219,302,425,425,460
6.553536415100098,302,425,425,460
6.553536415100098,302,425,425,460
6.553536415100098,302,425,425,460
6.553536415100098,302,425,425,460
6.553536415100098,302,425,425,460
6.557310104370117,302,425,425,460
6.557310104370117,302,425,425,460
6.557310104370117,302,425,425,460
6.557310104370117,302,425,425,460
6.557310104370117,314,425,427,461
6.557310104370117,314,425,427,461
6.557310104370117,315,425,427,461
6.557310104370117,315,425,427,461
6.557310104370117,303,425,427,461
6.557310104370117,302,425,427,462
6.557310104370117,302,426,427,462
6.557310104370117,302,426,427,462
6.557310104370117,302,426,427,462
6.557310104370117,302,426,427,462
6.557310104370117,302,426,427,462
6.557310104370117,302,427,427,462
6.557310104370117,302,427,427,462
6.5730249881744385,302,428,427,461
6.574212312698364,303,428,427,461
6.5745744705200195,303,428,427,461
6.5745744705200195,302,427,427,461
6.5745744705200195,302,427,427,461
6.5745744705200195,302,427,427,461
6.5745744705200195,302,427,427,461
6.5745744705200195,302,426,427,461
6.5745744705200195,302,426,427,462
6.5745744705200195,315,426,425,461
6.5745744705200195,315,426,425,461
6.5745744705200195,315,426,425,461
6.5745744705200195,314,426,425,461
6.5745744705200195,314,427,425,461
6.5745744705200195,302,427,425,460
6.5745744705200195,302,426,425,460
6.5745744705200195,302,426,425,460
6.588896989822388,302,426,425,460
6.588896989822388,302,425,425,460
6.589991807937622,302,425,425,460
6.589991807937622,302,425,425,460
6.589991807937622,302,425,425,460
6.589991807937622,302,425,425,460
6.589991807937622,302,425,425,460
6.589991807937622,302,425,425,460
6.589991807937622,301,425,425,460
6.589991807937622,301,425,425,460
6.589991807937622,301,425,425,460
6.589991807937622,301,424,425,460
6.589991807937622,300,424,425,461
6.589991807937622,300,424,425,461
6.589991807937622,300,425,426,461
6.589991807937622,300,425,426,461
6.589991807937622,300,425,426,461
6.589991807937622,300,426,426,461
6.6049017906188965,300,426,426,461
6.6049017906188965,300,426,426,461
6.6049017906188965,300,426,426,461
6.6049017906188965,300,426,426,461
6.6049017906188965,300,426,426,461
6.6049017906188965,300,426,426,461
6.6049017906188965,300,426,426,461
6.6049017906188965,300,426,426,461
6.6049017906188965,300,426,426,461
6.6049017906188965,300,426,426,461
6.6049017906188965,300,426,426,461
6.6049017906188965,300,426,426,461
6.6049017906188965,300,426,426,461
6.6049017906188965,300,426,426,461
6.6049017906188965,300,426,426,461
6.6049017906188965,300,426,426,461
6.6049017906188965,300,426,426,461
6.6049017906188965,300,426,426,461
6.62065577507019,300,426,426,461
6.62065577507019,300,426,426,461
6.62065577507019,300,426,426,461
6.62065577507019,300,426,426,461
6.62065577507019,299,426,426,461
6.62065577507019,299,426,426,461
6.62065577507019,299,426,426,461
6.62065577507019,299,426,426,461
6.62065577507019,299,426,426,461
6.62065577507019,299,426,426,461
6.62065577507019,299,426,426,461
6.62065577507019,299,426,426,461
6.62065577507019,299,426,426,461
6.62065577507019,299,426,426,461
6.62065577507019,300,427,426,461
6.62065577507019,300,427,426,461
6.62065577507019,300,426,426,461
6.6364123821258545,300,426,426,461
6.637161016464233,300,426,426,461
6.638168811798096,300,426,426,461
6.638168811798096,300,426,426,461
6.638168811798096,300,426,426,461
6.638168811798096,300,426,426,461
6.638168811798096,300,426,426,461
6.638168811798096,300,426,426,461
6.638168811798096,299,426,426,461
6.638168811798096,300,426,426,461
6.638168811798096,300,426,426,461
6.638168811798096,300,426,426,461
6.638168811798096,300,426,426,461
6.638168811798096,300,426,426,461
6.638168811798096,300,426,426,461
6.638168811798096,300,426,426,461
6.638168811798096,300,426,426,461
6.638168811798096,300,426,426,461
6.652127742767334,301,427,426,461
6.652127742767334,301,426,426,461
6.6536431312561035,301,426,426,461
6.6536431312561035,301,426,426,461
6.6536431312561035,301,426,426,461
6.6536431312561035,301,426,426,461
6.6536431312561035,301,426,426,461
6.6536431312561035,301,427,426,461
6.6536431312561035,301,427,426,461
6.6536431312561035,301,426,426,461
6.6536431312561035,301,426,427,461
6.6536431312561035,301,426,427,461
6.6536431312561035,301,426,427,461
6.6536431312561035,301,426,427,461
6.6536431312561035,301,427,427,461
6.6536431312561035,301,426,427,461
6.6536431312561035,301,426,427,461
6.667877912521362,301,426,427,461
6.667877912521362,302,426,427,462
6.6694042682647705,302,426,427,462
6.670583486557007,302,427,427,462
6.670583486557007,302,427,427,462
6.670583486557007,302,427,427,462
6.670583486557007,302,427,427,462
6.670583486557007,302,427,427,462
6.670583486557007,302,427,427,462
6.670583486557007,302,428,427,462
6.670583486557007,302,428,427,461
6.670583486557007,302,428,427,461
6.670583486557007,302,427,427,461
6.670583486557007,302,427,427,461
6.670583486557007,302,426,427,461
6.670583486557007,302,426,427,462
6.670583486557007,302,426,427,462
6.670583486557007,302,426,427,462
6.683855295181274,302,427,427,462
6.683855295181274,302,427,427,462
6.683855295181274,302,427,427,462
6.683855295181274,302,427,427,462
6.683855295181274,302,428,427,462
6.683855295181274,302,428,427,461
6.683855295181274,302,428,427,461
6.683855295181274,302,427,427,461
6.683855295181274,302,427,427,461
6.683855295181274,302,427,427,461
6.683855295181274,302,427,427,461
6.683855295181274,302,427,427,461
6.683855295181274,301,427,427,461
6.683855295181274,301,426,427,461
6.683855295181274,301,426,427,462
6.683855295181274,301,426,427,462
6.683855295181274,302,426,427,462
6.69959020614624,302,426,427,462
6.69959020614624,302,427,427,462
6.73139762878418,301,427,427,462
6.73139762878418,301,427,427,462
6.73139762878418,301,427,427,462
6.73139762878418,301,428,427,461
6.73139762878418,301,428,427,461
6.73139762878418,300,428,427,461
6.73139762878418,300,427,427,461
6.73139762878418,300,427,427,461
6.73139762878418,300,427,427,461
6.73139762878418,300,427,427,461
6.73139762878418,300,426,427,461
6.73139762878418,300,426,427,462
6.73139762878418,300,426,427,462
6.73139762878418,300,426,427,462
6.73139762878418,300,427,427,462
6.73139762878418,300,427,427,462
6.73139762878418,300,427,427,462
6.73139762878418,300,427,427,462
6.73139762878418,300,427,427,462
6.73139762878418,300,428,427,461
6.73139762878418,300,428,427,461
6.73139762878418,299,427,427,461
6.73139762878418,312,427,425,461
6.73139762878418,312,427,425,461
6.73139762878418,312,427,425,461
6.73139762878418,312,427,425,460
6.73139762878418,299,427,425,460
6.73139762878418,299,426,425,460
6.73139762878418,299,426,425,460
6.73139762878418,299,425,425,460
6.733404159545898,299,425,425,460
6.733404159545898,299,425,425,460
6.733404159545898,299,425,425,460
6.733404159545898,299,425,425,460
6.733404159545898,299,425,425,460
6.733404159545898,299,425,425,460
6.734580039978027,299,425,425,460
6.734580039978027,299,425,425,460
6.734580039978027,299,425,425,460
6.736893892288208,299,425,425,460
6.736893892288208,299,425,425,460
6.736893892288208,299,425,425,460
6.739336013793945,299,425,425,460
6.740958213806152,299,425,425,460
6.741463661193848,312,425,428,461
6.741463661193848,312,425,428,461
6.741463661193848,312,425,428,462
6.741463661193848,312,425,428,462
6.741463661193848,300,425,428,462
6.741463661193848,300,426,428,462
6.741463661193848,300,426,428,462
6.747873783111572,300,427,428,462
6.747873783111572,300,427,428,462
6.749428987503052,300,428,428,462
6.749428987503052,300,428,428,462
6.749428987503052,300,428,428,462
6.749428987503052,300,428,428,462
6.749428987503052,300,428,428,462
6.753682851791382,301,428,428,462
6.753682851791382,301,428,428,462
6.755697250366211,301,428,428,462
6.757142543792725,301,428,428,462
6.757652759552002,301,428,428,462
6.757652759552002,301,427,428,462
6.757652759552002,301,427,428,462
6.757652759552002,301,427,428,462
6.757652759552002,314,428,427,462
6.757652759552002,314,428,427,462
6.757652759552002,314,428,427,462
6.757652759552002,314,428,427,462
6.757652759552002,301,428,427,462
6.757652759552002,302,428,427,461
6.757652759552002,302,428,427,461
6.757652759552002,302,428,427,461
6.757652759552002,302,428,427,461
6.757652759552002,302,427,427,461
6.757652759552002,302,427,427,461
6.771792650222778,302,427,427,461
6.771792650222778,302,426,427,461
6.7728776931762695,302,426,427,462
6.7728776931762695,302,426,427,462
6.7728776931762695,302,426,427,462
6.7728776931762695,302,426,427,462
6.7728776931762695,302,427,427,462
6.7728776931762695,302,427,427,462
6.7728776931762695,302,427,427,462
6.7728776931762695,302,427,427,462
6.7728776931762695,302,428,427,462
6.7728776931762695,315,428,427,461
6.7728776931762695,315,428,427,461
6.7728776931762695,315,428,427,461
6.7728776931762695,315,427,427,461
6.7728776931762695,302,427,427,461
6.7728776931762695,302,427,427,461
6.7728776931762695,302,426,427,461
6.788414716720581,302,426,427,462
6.788990020751953,302,426,427,462
6.788990020751953,302,426,427,462
6.788990020751953,302,426,427,462
6.788990020751953,302,426,427,462
6.788990020751953,302,427,427,462
6.788990020751953,302,427,427,462
6.788990020751953,302,427,427,462
6.788990020751953,302,428,427,462
6.788990020751953,302,428,427,462
6.788990020751953,302,428,427,461
6.788990020751953,302,428,427,461
6.788990020751953,302,427,427,461
6.788990020751953,302,427,427,461
6.788990020751953,302,427,427,461
6.788990020751953,301,426,427,461
6.788990020751953,301,426,427,461
6.8034069538116455,301,426,427,462
6.804236173629761,301,426,427,462
6.804236173629761,301,426,427,462
6.804236173629761,301,426,427,462
6.804236173629761,301,427,427,462
6.804236173629761,301,427,427,462
6.8094916343688965,301,427,427,462
6.80986475944519,301,428,427,462
6.80986475944519,301,428,427,462
6.80986475944519,301,428,427,462
6.80986475944519,301,428,427,462
6.80986475944519,301,428,427,461
6.80986475944519,301,428,427,461
6.80986475944519,301,427,427,462
6.8166844844818115,301,427,427,462
6.8166844844818115,301,427,427,462
6.8166844844818115,300,427,427,462
6.8166844844818115,300,427,427,462
6.8166844844818115,300,427,427,462
6.8166844844818115,300,427,426,461
6.8166844844818115,300,427,426,461
6.8166844844818115,300,428,426,461
6.8166844844818115,300,428,426,461
6.824388027191162,300,427,426,461
6.824388027191162,300,427,426,461
6.824388027191162,300,427,426,461
6.824388027191162,300,426,426,461
6.824388027191162,300,426,426,461
6.824388027191162,300,426,426,461
6.824388027191162,300,426,426,461
6.824388027191162,300,426,426,461
6.824388027191162,300,426,426,461
6.832732439041138,300,426,426,461
6.833116769790649,300,426,426,461
6.833116769790649,299,426,426,461
6.833116769790649,299,426,426,461
6.833116769790649,299,426,426,461
6.837437868118286,299,426,426,461
6.837740182876587,299,426,426,461
6.837740182876587,299,426,426,461
6.837740182876587,299,426,426,461
6.841001749038696,300,426,426,461
6.841001749038696,300,426,428,461
6.841001749038696,300,426,428,462
6.841001749038696,300,426,428,462
6.841001749038696,300,426,428,462
6.841001749038696,300,426,428,462
6.841001749038696,300,427,428,462
6.841001749038696,300,427,428,462
6.841001749038696,300,427,428,462
6.84924840927124,300,427,428,462
6.8497538566589355,300,427,428,462
6.8497538566589355,300,427,428,462
6.8497538566589355,300,427,428,462
6.8497538566589355,300,427,428,462
6.8497538566589355,300,428,428,463
6.853855609893799,300,428,428,462
6.853855609893799,300,428,428,462
6.853855609893799,300,428,428,462
6.853855609893799,300,428,428,462
6.853855609893799,300,428,428,462
6.853855609893799,300,428,428,462
6.853855609893799,300,428,428,462
6.853855609893799,300,428,428,462
6.853855609893799,301,427,426,462
6.853855609893799,301,427,426,462
6.853855609893799,301,427,426,462
6.853855609893799,301,428,426,462
6.865484714508057,301,428,426,462
6.866312503814697,301,428,426,461
6.86676287651062,301,428,426,461
6.86676287651062,301,428,426,461
6.86676287651062,301,428,426,461
6.86676287651062,301,428,426,461
6.86676287651062,301,427,426,461
6.86676287651062,301,427,426,461
6.86676287651062,301,426,426,461
6.86676287651062,301,426,426,461
6.86676287651062,301,426,426,461
6.86676287651062,301,426,426,461
6.86676287651062,301,426,426,461
6.86676287651062,301,426,426,461
6.86676287651062,301,426,426,461
6.86676287651062,301,426,426,461
6.86676287651062,301,426,426,461
6.880694389343262,301,426,426,461
6.880694389343262,301,426,429,462
6.880694389343262,301,426,429,462
6.883570671081543,302,426,429,462
6.884493827819824,302,426,429,462
6.884493827819824,302,427,429,462
6.884493827819824,302,427,429,463
6.884493827819824,302,427,429,463
6.884493827819824,302,427,429,463
6.884493827819824,302,427,429,463
6.884493827819824,302,428,429,463
6.884493827819824,302,428,429,463
6.884493827819824,302,428,429,463
6.884493827819824,302,429,429,463
6.884493827819824,302,429,429,463
6.884493827819824,302,429,429,463
6.884493827819824,302,429,429,463
6.884493827819824,302,429,429,463
6.896522045135498,302,429,429,463
6.896522045135498,302,429,429,463
6.896522045135498,302,429,429,463
6.896522045135498,302,429,429,463
6.896522045135498,302,429,429,463
6.896522045135498,302,429,426,462
6.896522045135498,302,429,426,462
6.896522045135498,301,429,426,462
6.896522045135498,301,429,426,461
6.896522045135498,301,429,426,461
6.896522045135498,301,428,426,461
6.896522045135498,301,428,426,461
6.896522045135498,301,428,426,461
6.896522045135498,301,427,426,461
6.896522045135498,301,427,426,461
6.896522045135498,301,426,426,461
6.896522045135498,301,426,426,461
6.912392616271973,301,426,426,461
6.912392616271973,301,426,426,461
6.912392616271973,300,426,426,461
6.912392616271973,300,426,426,461
6.912392616271973,300,426,426,461
6.912392616271973,300,426,426,461
6.912392616271973,300,426,426,461
6.912392616271973,300,426,426,461
6.912392616271973,300,426,426,461
6.912392616271973,300,426,426,461
6.912392616271973,300,426,428,461
6.912392616271973,300,426,428,461
6.912392616271973,300,426,428,462
6.912392616271973,300,426,428,462
6.912392616271973,300,426,428,462
6.912392616271973,300,426,428,462
6.912392616271973,300,427,428,462
6.912392616271973,300,427,428,462
6.928728342056274,300,427,428,462
6.929391860961914,300,427,428,462
6.929391860961914,300,427,428,462
6.929391860961914,299,428,428,462
6.929391860961914,299,428,428,462
6.929391860961914,299,428,428,462
6.929391860961914,299,428,428,462
6.929391860961914,299,428,428,462
6.929391860961914,299,427,428,462
6.929391860961914,299,427,428,462
6.929391860961914,299,427,428,463
6.929391860961914,299,428,428,463
6.929391860961914,300,428,428,462
6.929391860961914,300,428,428,462
6.929391860961914,300,428,428,462
6.929391860961914,300,428,428,462
6.929391860961914,300,428,428,462
6.943999290466309,300,428,428,462
6.943999290466309,300,428,428,462
6.943999290466309,300,428,428,462
6.943999290466309,300,427,428,462
6.943999290466309,300,428,428,462
6.943999290466309,300,428,428,462
6.943999290466309,300,428,428,462
6.943999290466309,300,428,428,462
6.943999290466309,300,428,428,462
6.943999290466309,300,428,428,462
6.943999290466309,300,428,428,462
6.95393967628479,300,427,428,462
6.95393967628479,300,427,428,463
6.955677509307861,300,427,428,463
6.956460475921631,299,428,428,463
6.956460475921631,299,428,428,463
6.956460475921631,299,428,428,463
6.959715366363525,299,428,428,463
6.959715366363525,300,429,428,463
6.959715366363525,300,429,428,462
6.959715366363525,300,429,428,462
6.959715366363525,300,429,428,462
6.959715366363525,300,429,428,462
6.959715366363525,300,428,428,462
6.959715366363525,300,428,428,462
6.959715366363525,300,428,428,462
6.959715366363525,300,428,428,462
6.959715366363525,300,428,428,462
6.959715366363525,300,428,428,462
6.959715366363525,300,428,428,462
6.959715366363525,300,428,428,462
6.959715366363525,300,428,428,462
6.959715366363525,300,428,428,462
6.959715366363525,300,427,428,463
6.959715366363525,300,428,428,462
6.975764989852905,300,428,428,462
6.975764989852905,300,428,428,462
6.975764989852905,300,428,428,462
6.978084325790405,301,428,428,462
6.9791107177734375,301,428,428,462
6.979900360107422,301,428,428,462
6.9807233810424805,301,428,428,462
6.9807233810424805,301,428,428,462
6.9807233810424805,301,428,428,462
6.9832446575164795,301,428,428,462
6.9832446575164795,301,428,428,462
6.984506368637085,301,428,428,462
6.984506368637085,301,428,428,462
6.984506368637085,301,428,428,462
6.984506368637085,301,428,428,462
6.984506368637085,301,428,428,462
6.984506368637085,301,428,428,462
6.984506368637085,301,428,428,462
6.984506368637085,301,428,428,462
6.984506368637085,301,428,428,462
6.992711305618286,301,428,428,462
6.992711305618286,301,428,428,462
6.992711305618286,301,427,428,462
6.992711305618286,301,427,428,463
6.992711305618286,301,428,428,463
6.992711305618286,301,427,428,463
6.992711305618286,301,428,428,463
6.992711305618286,301,428,428,463
7.000090599060059,301,428,428,463
7.001557350158691,301,429,427,462
7.002240896224976,301,429,427,462
7.002240896224976,301,429,427,462
7.002240896224976,301,429,427,462
7.002240896224976,301,429,427,462
7.002240896224976,301,429,427,461
7.002240896224976,301,428,427,461
7.002240896224976,301,428,427,461
7.008465528488159,301,427,427,461
7.008465528488159,301,427,427,461
7.008465528488159,301,427,427,461
7.008465528488159,301,427,427,461
7.008465528488159,301,426,427,461
7.008465528488159,301,426,427,462
7.008465528488159,300,426,427,462
7.008465528488159,300,426,427,462
7.008465528488159,300,426,427,462
7.008465528488159,300,426,427,462
7.008465528488159,301,427,427,462
7.008465528488159,301,427,427,462
7.008465528488159,300,427,427,462
7.008465528488159,300,428,427,462
7.008465528488159,300,428,428,462
7.008465528488159,300,428,428,462
7.008465528488159,300,428,428,462
7.0243239402771,300,428,428,462
7.0243239402771,300,428,428,462
7.0243239402771,300,428,428,462
7.026530504226685,300,428,428,462
7.026530504226685,301,428,428,462
7.026530504226685,301,428,428,462
7.026530504226685,301,428,428,462
7.026530504226685,301,428,428,462
7.026530504226685,301,428,428,462
7.026530504226685,301,428,428,462
7.026530504226685,301,428,428,462
7.026530504226685,301,428,428,462
7.026530504226685,301,428,428,462
7.026530504226685,300,428,428,462
7.026530504226685,300,428,428,462
7.026530504226685,300,427,428,462
7.026530504226685,300,427,428,462
7.026530504226685,300,427,428,462
7.040063142776489,300,427,428,462
7.040063142776489,300,427,428,462
7.041099548339844,300,428,428,462
7.041099548339844,300,428,428,462
7.0431084632873535,300,428,428,462
7.0431084632873535,300,428,428,462
7.045114040374756,300,428,428,462
7.045114040374756,300,428,428,462
7.045114040374756,300,428,428,462
7.047117710113525,300,428,428,462
7.047117710113525,300,428,428,462
7.049121141433716,300,428,428,462
7.049121141433716,300,428,428,462
7.051123857498169,300,428,428,462
7.051123857498169,300,428,428,462
7.053126335144043,300,428,428,462
7.054128885269165,300,428,428,462
7.054128885269165,300,428,428,462
7.055872201919556,300,428,428,462
7.055872201919556,300,428,428,462
7.055872201919556,300,428,428,462
7.05787467956543,300,428,428,462
7.05787467956543,300,428,428,462
7.059877634048462,300,428,428,462
7.059877634048462,300,428,428,462
7.059877634048462,300,428,428,462
7.059877634048462,301,428,428,462
7.059877634048462,300,428,428,462
7.059877634048462,300,428,428,462
7.059877634048462,300,428,428,462
7.059877634048462,300,428,428,462
7.059877634048462,300,428,428,462
7.059877634048462,300,428,428,462
7.059877634048462,301,428,428,462
7.059877634048462,300,428,428,462
7.059877634048462,300,428,428,462
7.072126865386963,301,428,428,462
7.07270622253418,301,428,428,462
7.07270622253418,301,428,428,462
7.07270622253418,301,428,428,462
7.07270622253418,301,428,428,462
7.07270622253418,301,427,428,462
7.07270622253418,301,427,428,462
7.07270622253418,301,427,428,462
7.07270622253418,300,428,428,462
7.07270622253418,300,427,428,462
7.07270622253418,300,427,428,463
7.07270622253418,300,428,428,463
7.07270622253418,301,428,428,462
7.07270622253418,300,428,428,462
7.07270622253418,300,428,428,462
7.07270622253418,300,429,428,462
7.07270622253418,300,428,428,462
7.07270622253418,300,428,428,462
7.087307453155518,301,428,428,462
7.087307453155518,301,428,428,462
7.087307453155518,301,428,428,462
7.087307453155518,301,428,428,462
7.087307453155518,301,428,428,462
7.087307453155518,301,428,428,462
7.087307453155518,301,428,428,462
7.087307453155518,301,428,428,462
7.087307453155518,301,428,428,462
7.087307453155518,301,428,428,462
7.087307453155518,301,428,428,462
7.087307453155518,301,428,428,462
7.087307453155518,301,428,428,462
7.087307453155518,301,428,428,462
7.087307453155518,300,428,428,462
7.087307453155518,300,428,428,462
7.087307453155518,300,428,428,462
7.103236198425293,300,428,428,462
7.104282379150391,301,428,428,462
7.105051040649414,301,428,428,462
7.105564832687378,301,428,428,462
7.105564832687378,301,428,428,462
7.105564832687378,301,428,428,462
7.105564832687378,301,428,428,462
7.105564832687378,301,428,428,462
7.105564832687378,301,428,428,462
7.105564832687378,301,427,428,463
7.105564832687378,301,427,428,463
7.105564832687378,301,428,428,463
7.105564832687378,301,428,428,462
7.105564832687378,301,428,428,462
7.105564832687378,301,428,428,462
7.105564832687378,301,428,428,462
7.105564832687378,301,428,428,462
7.105564832687378,301,428,428,462
7.119042873382568,300,428,428,462
7.119042873382568,301,428,428,462
7.119042873382568,301,428,428,462
7.119042873382568,301,428,429,463
7.119042873382568,301,428,429,463
7.119042873382568,301,428,429,463
7.119042873382568,300,428,429,463
7.119042873382568,300,428,429,463
7.119042873382568,300,429,429,463
7.119042873382568,301,429,429,463
7.119042873382568,301,429,429,463
7.119042873382568,301,429,429,463
7.119042873382568,301,429,429,463
7.119042873382568,300,429,429,463
7.119042873382568,300,429,429,463
7.119042873382568,300,429,429,463
7.119042873382568,300,430,429,463
7.134889841079712,300,429,429,463
7.134889841079712,300,429,429,463
7.134889841079712,300,429,429,463
7.134889841079712,300,429,429,463
7.134889841079712,300,429,429,463
7.134889841079712,300,429,429,463
7.134889841079712,300,429,429,463
7.134889841079712,300,429,429,463
7.134889841079712,300,429,427,462
7.134889841079712,300,429,427,462
7.134889841079712,300,429,427,462
7.134889841079712,300,429,427,462
7.134889841079712,300,429,427,462
7.134889841079712,300,429,427,461
7.134889841079712,300,428,427,461
7.134889841079712,300,428,427,461
7.134889841079712,300,427,427,461
7.150543928146362,300,427,427,461
7.150543928146362,300,427,427,461
7.152151584625244,300,427,427,461
7.152704238891602,300,426,427,461
7.154221057891846,300,426,427,462
7.154221057891846,300,426,427,462
7.154221057891846,300,426,427,462
7.154221057891846,300,427,427,462
7.154221057891846,299,427,427,462
7.154221057891846,299,427,427,462
7.154221057891846,299,428,427,462
7.154221057891846,299,428,427,461
7.154221057891846,299,428,427,461
7.154221057891846,299,428,428,462
7.154221057891846,299,428,428,462
7.154221057891846,299,428,428,462
7.154221057891846,300,428,428,462
7.154221057891846,300,427,428,462
7.166427850723267,300,427,428,462
7.166427850723267,300,427,428,462
7.168438911437988,300,428,428,462
7.168438911437988,300,428,428,462
7.168438911437988,300,428,428,462
7.168438911437988,300,428,428,462
7.168438911437988,300,428,428,462
7.168438911437988,300,428,428,462
7.168438911437988,300,428,428,462
7.168438911437988,300,428,428,462
7.168438911437988,300,428,428,462
7.168438911437988,300,428,428,462
7.168438911437988,300,428,428,462
7.168438911437988,300,428,428,462
7.168438911437988,300,428,428,462
7.168438911437988,300,428,428,462
7.168438911437988,300,428,428,462
7.18215274810791,300,428,428,462
7.182970285415649,300,428,428,462
7.183727025985718,300,428,428,462
7.184535503387451,300,428,428,462
7.185114860534668,300,428,428,462
7.185114860534668,301,428,428,462
7.185114860534668,301,428,428,462
7.185114860534668,301,428,428,462
7.185114860534668,301,428,428,462
7.185114860534668,301,428,428,462
7.185114860534668,301,428,428,462
7.185114860534668,301,428,428,462
7.185114860534668,301,427,428,462
7.185114860534668,301,427,428,462
7.185114860534668,301,428,428,462
7.185114860534668,301,428,428,462
7.185114860534668,301,428,428,462
7.185114860534668,301,428,428,462
7.197883605957031,301,428,428,462
7.197883605957031,301,428,428,462
7.197883605957031,301,428,428,462
7.197883605957031,301,428,428,462
7.197883605957031,301,428,429,462
7.197883605957031,301,428,429,462
7.197883605957031,301,428,429,462
7.197883605957031,301,428,429,463
7.197883605957031,301,428,429,463
7.197883605957031,301,428,429,463
7.197883605957031,301,428,429,463
7.197883605957031,301,428,429,463
7.197883605957031,301,428,429,463
7.197883605957031,301,429,429,463
7.197883605957031,301,429,429,463
7.197883605957031,301,429,429,463
7.197883605957031,301,429,429,463
7.197883605957031,301,429,429,462
7.2137603759765625,302,429,429,463
7.21604061126709,301,429,429,463
7.216566562652588,301,429,429,463
7.216566562652588,301,429,429,463
7.216566562652588,301,429,429,463
7.216566562652588,301,429,429,463
7.216566562652588,301,429,429,463
7.216566562652588,301,429,429,463
7.216566562652588,301,429,428,462
7.216566562652588,301,429,428,462
7.216566562652588,301,429,428,462
7.216566562652588,301,429,428,462
7.216566562652588,301,429,428,462
7.216566562652588,300,429,428,462
7.216566562652588,300,428,428,462
7.216566562652588,300,428,428,462
7.216566562652588,301,428,428,462
7.230061054229736,301,428,428,462
7.230572462081909,301,428,428,462
7.230572462081909,301,428,428,462
7.2328574657440186,300,427,428,462
7.233395099639893,300,427,428,462
7.233777284622192,300,428,428,462
7.233777284622192,300,428,428,462
7.233777284622192,300,428,428,462
7.233777284622192,300,428,428,462
7.237630367279053,300,428,428,462
7.237630367279053,300,428,428,462
7.237630367279053,300,428,428,462
7.237630367279053,300,428,428,462
7.237630367279053,300,428,428,462
7.237630367279053,299,428,428,462
7.237630367279053,299,428,428,462
7.237630367279053,299,428,428,462
7.237630367279053,299,428,428,462
7.237630367279053,299,428,428,462
7.245985984802246,299,428,428,462
7.245985984802246,299,428,428,462
7.245985984802246,299,428,428,462
7.245985984802246,299,428,428,462
7.249830961227417,299,428,428,462
7.249830961227417,299,428,428,462
7.249830961227417,299,428,428,462
7.249830961227417,299,428,428,462
7.249830961227417,299,428,428,462
7.254548072814941,299,428,428,462
7.254548072814941,299,428,428,462
7.254548072814941,299,428,428,462
7.254548072814941,299,428,428,462
7.254548072814941,299,428,428,462
7.254548072814941,299,428,428,462
7.254548072814941,299,428,428,462
7.254548072814941,299,428,428,462
7.254548072814941,299,428,427,462
7.262697219848633,298,428,427,462
7.264143466949463,298,428,427,462
7.264702796936035,298,428,427,462
7.264702796936035,298,428,427,462
7.2661144733428955,299,428,427,462
7.2661144733428955,299,428,427,461
7.2661144733428955,299,428,427,461
7.2661144733428955,299,428,427,461
7.2661144733428955,299,427,427,461
7.2661144733428955,299,427,427,461
7.2661144733428955,299,427,427,461
7.2661144733428955,299,427,427,461
7.2661144733428955,299,426,427,462
7.2661144733428955,299,426,427,462
7.2661144733428955,299,426,427,462
7.2661144733428955,299,427,427,462
7.2661144733428955,299,427,427,462
7.27836799621582,299,427,427,462
7.27836799621582,299,428,427,462
7.27836799621582,299,428,427,462
7.27836799621582,299,428,427,461
7.27836799621582,299,428,428,462
7.27836799621582,299,428,428,462
7.27836799621582,300,428,428,462
7.27836799621582,300,428,428,462
7.27836799621582,300,428,428,462
7.27836799621582,300,428,428,462
7.27836799621582,300,428,428,462
7.27836799621582,300,428,428,462
7.27836799621582,300,428,428,462
7.27836799621582,300,428,428,462
7.27836799621582,300,428,428,462
7.27836799621582,300,428,428,462
7.27836799621582,300,428,428,462
7.27836799621582,300,428,428,462
7.294064998626709,300,428,428,462
7.294064998626709,301,428,428,462
7.294064998626709,300,428,428,462
7.294064998626709,300,428,428,462
7.294064998626709,301,428,428,462
7.294064998626709,301,428,428,462
7.294064998626709,301,428,428,462
7.294064998626709,301,428,428,462
7.294064998626709,313,428,429,462
7.294064998626709,314,428,429,462
7.294064998626709,313,428,429,462
7.294064998626709,314,428,429,462
7.294064998626709,314,428,429,462
7.294064998626709,301,428,429,462
7.294064998626709,301,428,429,462
7.294064998626709,301,428,429,462
7.294064998626709,301,428,429,462
7.310107946395874,301,428,429,463
7.310107946395874,301,428,429,463
7.311333894729614,301,428,429,463
7.311875104904175,301,428,429,463
7.311875104904175,301,428,429,463
7.311875104904175,301,428,429,463
7.311875104904175,301,429,429,463
7.316264629364014,301,429,429,463
7.317935466766357,301,429,429,463
7.317935466766357,301,429,429,463
7.318291425704956,301,429,429,463
7.318291425704956,301,430,429,463
7.318291425704956,301,430,429,462
7.318291425704956,314,430,428,462
7.318291425704956,314,430,428,462
7.318291425704956,314,429,428,462
7.318291425704956,314,429,428,462
7.318291425704956,314,429,428,462
7.318291425704956,301,428,428,462
7.318291425704956,301,428,428,462
7.318291425704956,301,428,428,462
7.318291425704956,301,428,428,462
7.318291425704956,301,428,428,462
7.318291425704956,301,428,428,462
7.318291425704956,301,428,428,462
7.318291425704956,301,428,428,462
7.333175420761108,301,428,428,462
7.333631753921509,301,428,428,462
7.333631753921509,300,428,428,462
7.333631753921509,300,428,428,462
7.333631753921509,300,428,428,462
7.333631753921509,300,428,428,462
7.333631753921509,300,428,428,462
7.333631753921509,300,428,428,462
7.333631753921509,300,428,428,462
7.333631753921509,300,428,428,462
7.341600656509399,300,428,428,462
7.341600656509399,300,428,428,462
7.341600656509399,300,428,428,462
7.341600656509399,300,428,428,462
7.341600656509399,300,428,428,462
7.341600656509399,299,428,428,462
7.341600656509399,299,428,428,462
7.341600656509399,299,428,428,462
7.341600656509399,299,428,428,462
7.349757671356201,299,428,428,462
7.350181818008423,299,428,428,462
7.350181818008423,299,428,428,462
7.350181818008423,299,428,428,462
7.350181818008423,299,428,428,462
7.350181818008423,299,428,428,462
7.354656934738159,299,428,428,462
7.354656934738159,299,428,428,462
7.354656934738159,299,428,428,462
7.357839345932007,299,428,428,462
7.3594043254852295,299,428,428,462
7.359743118286133,299,428,428,462
7.359743118286133,299,428,428,462
7.359743118286133,299,428,427,462
7.359743118286133,299,428,427,462
7.359743118286133,299,428,427,462
7.359743118286133,299,428,427,461
7.365989923477173,299,428,427,461
7.365989923477173,299,428,427,461
7.365989923477173,299,428,427,461
7.365989923477173,299,428,427,461
7.365989923477173,298,427,427,461
7.365989923477173,298,427,427,461
7.365989923477173,298,427,427,461
7.365989923477173,299,427,427,461
7.365989923477173,299,426,427,462
7.365989923477173,299,426,427,462
7.374231576919556,299,427,427,462
7.374231576919556,299,427,427,462
7.374231576919556,299,427,427,462
7.374231576919556,299,427,427,462
7.374231576919556,299,427,427,462
7.374231576919556,299,427,427,462
7.374231576919556,299,428,427,461
7.374231576919556,299,428,427,461
7.374231576919556,299,428,428,461
7.374231576919556,299,428,428,461
7.374231576919556,300,428,428,461
7.374231576919556,300,427,428,461
7.374231576919556,300,427,428,462
7.374231576919556,300,427,428,462
7.374231576919556,300,426,428,462
7.374231576919556,300,427,428,462
7.374231576919556,300,427,428,462
7.38995361328125,300,427,428,462
7.391004323959351,300,427,428,462
7.392038583755493,300,428,428,462
7.392038583755493,300,428,428,462
7.392038583755493,300,428,428,462
7.392038583755493,300,428,428,462
7.392038583755493,301,428,428,462
7.392038583755493,301,428,428,462
7.392038583755493,301,428,428,462
7.392038583755493,301,428,428,462
7.392038583755493,301,428,428,462
7.392038583755493,301,428,428,462
7.392038583755493,301,428,428,462
7.392038583755493,313,428,429,462
7.392038583755493,314,428,429,462
7.392038583755493,314,428,429,462
7.392038583755493,314,428,429,462
7.405823469161987,314,428,429,463
7.405823469161987,301,428,429,463
7.405823469161987,301,428,429,463
7.405823469161987,301,428,429,463
7.405823469161987,301,428,429,463
7.405823469161987,302,429,429,463
7.405823469161987,302,429,429,463
7.405823469161987,302,429,429,463
7.405823469161987,302,429,429,463
7.405823469161987,302,429,429,463
7.405823469161987,302,429,429,463
7.405823469161987,302,429,429,463
7.405823469161987,302,429,429,463
7.405823469161987,302,429,429,463
7.405823469161987,302,429,429,463
7.405823469161987,302,429,429,463
7.405823469161987,302,430,429,462
7.405823469161987,302,429,429,462
7.4216132164001465,314,429,428,462
7.4216132164001465,314,429,428,462
7.4216132164001465,314,429,428,462
7.4216132164001465,314,428,428,462
7.4216132164001465,314,428,428,462
7.4216132164001465,302,428,428,462
7.4216132164001465,302,428,428,462
7.4216132164001465,301,427,428,462
7.4216132164001465,301,428,428,463
7.4216132164001465,301,428,428,462
7.4216132164001465,301,428,428,462
7.4216132164001465,301,428,428,462
7.4216132164001465,301,428,428,462
7.4216132164001465,301,428,428,462
7.4216132164001465,301,428,428,462
7.4216132164001465,300,428,428,462
7.4216132164001465,300,428,428,462
7.437387943267822,300,428,428,462
7.437387943267822,300,428,428,462
7.437387943267822,300,428,428,462
7.439403057098389,300,428,428,462
7.440777540206909,300,428,428,462
7.442021131515503,300,428,427,462
7.442021131515503,300,428,427,462
7.442021131515503,300,428,427,462
7.442021131515503,300,428,427,462
7.442021131515503,300,428,427,462
7.442021131515503,300,428,427,462
7.442021131515503,300,428,427,462
7.442021131515503,300,428,427,462
7.442021131515503,300,428,427,462
7.442021131515503,299,428,427,461
7.442021131515503,299,428,427,461
7.442021131515503,299,428,427,461
7.442021131515503,299,427,427,461
7.453126430511475,299,427,427,461
7.453126430511475,299,427,427,461
7.454650163650513,299,427,427,461
7.454650163650513,299,427,427,461
7.454650163650513,299,427,427,461
7.454650163650513,299,426,427,462
7.454650163650513,299,426,427,462
7.454650163650513,299,427,427,462
7.454650163650513,299,427,427,462
7.454650163650513,299,427,429,462
7.454650163650513,299,428,429,462
7.454650163650513,299,428,429,462
7.454650163650513,299,428,429,462
7.454650163650513,299,428,429,462
7.454650163650513,299,428,429,462
7.454650163650513,299,428,429,463
7.454650163650513,299,428,429,463
7.469439268112183,299,428,429,463
7.470273017883301,299,428,429,463
7.4709792137146,299,428,429,463
7.4712419509887695,299,428,429,463
7.4712419509887695,299,429,429,463
7.4712419509887695,299,429,429,463
7.4712419509887695,299,430,429,463
7.4712419509887695,299,430,429,462
7.4712419509887695,299,430,429,462
7.47698450088501,299,429,429,462
7.47698450088501,299,429,429,463
7.47698450088501,299,429,429,463
7.47698450088501,299,429,429,463
7.47698450088501,299,429,429,463
7.47698450088501,312,429,427,462
7.483006238937378,312,429,427,462
7.4834980964660645,312,429,427,462
7.4834980964660645,312,429,427,462
7.485236883163452,312,429,427,461
7.485236883163452,312,429,427,461
7.485236883163452,299,429,427,461
7.485236883163452,300,428,427,461
7.485236883163452,300,428,427,461
7.485236883163452,300,427,427,461
7.485236883163452,300,427,427,461
7.485236883163452,299,427,427,461
7.485236883163452,299,427,427,461
7.493927478790283,299,427,427,461
7.4946911334991455,299,427,427,461
7.4946911334991455,300,427,427,461
7.4946911334991455,300,427,427,461
7.4946911334991455,300,427,427,461
7.4946911334991455,300,426,427,461
7.4946911334991455,300,427,427,461
7.499760150909424,300,427,427,461
7.499760150909424,300,426,427,462
7.499760150909424,300,427,429,462
7.499760150909424,300,427,429,462
7.499760150909424,300,427,429,462
7.499760150909424,301,427,429,462
7.499760150909424,301,427,429,463
7.499760150909424,301,427,429,463
7.499760150909424,301,428,429,463
7.499760150909424,301,428,429,463
7.509051084518433,301,428,429,463
7.509051084518433,301,428,429,463
7.509051084518433,301,429,429,463
7.509051084518433,301,429,429,463
7.509051084518433,301,429,429,463
7.509051084518433,301,430,429,463
7.509051084518433,301,429,429,463
7.509051084518433,301,429,429,463
7.509051084518433,301,429,429,463
7.509051084518433,301,430,429,463
7.509051084518433,301,430,429,462
7.509051084518433,301,429,429,462
7.509051084518433,302,429,429,463
7.509051084518433,302,429,429,463
7.509051084518433,314,429,428,462
7.509051084518433,314,429,428,462
7.509051084518433,314,429,428,462
7.524739027023315,314,429,428,462
7.524739027023315,301,429,428,462
7.526753664016724,301,429,428,462
7.526753664016724,301,428,428,462
7.526753664016724,301,428,428,462
7.5292699337005615,302,428,428,462
7.5292699337005615,302,428,428,462
7.5292699337005615,302,428,428,462
7.5292699337005615,302,428,428,462
7.532630205154419,301,428,428,462
7.532630205154419,301,428,428,462
7.532630205154419,301,428,428,462
7.532630205154419,301,428,428,462
7.532630205154419,301,428,428,462
7.532630205154419,301,428,428,462
7.532630205154419,301,428,428,462
7.532630205154419,301,428,428,462
7.532630205154419,301,428,428,462
7.540740728378296,301,428,428,462
7.540740728378296,301,428,429,462
7.540740728378296,301,428,429,462
7.540740728378296,301,428,429,462
7.540740728378296,301,428,429,463
7.540740728378296,301,428,429,463
7.540740728378296,301,428,429,463
7.540740728378296,301,428,429,463
7.540740728378296,301,428,429,463
7.548801422119141,301,428,429,463
7.548801422119141,300,428,429,463
7.548801422119141,300,429,429,463
7.548801422119141,300,429,429,463
7.548801422119141,300,429,429,463
7.548801422119141,300,429,429,463
7.554793834686279,300,429,429,463
7.554793834686279,300,429,429,463
7.556549072265625,300,429,429,463
7.557636022567749,300,429,429,463
7.557636022567749,300,429,429,463
7.557636022567749,299,429,429,463
7.557636022567749,299,430,429,463
7.557636022567749,299,430,429,463
7.557636022567749,312,429,426,462
7.557636022567749,312,429,426,462
7.557636022567749,312,429,426,461
7.557636022567749,312,429,426,461
7.557636022567749,312,429,426,461
7.557636022567749,299,429,426,461
7.557636022567749,299,428,426,461
7.557636022567749,299,428,426,461
7.557636022567749,299,427,426,461
7.557636022567749,299,427,426,461
7.557636022567749,299,426,426,461
7.557636022567749,298,427,426,461
7.572253465652466,298,427,426,460
7.572253465652466,298,426,426,461
7.572253465652466,298,427,426,461
7.572253465652466,298,426,426,461
7.572253465652466,299,426,426,461
7.572253465652466,299,426,426,461
7.572253465652466,299,426,426,461
7.572253465652466,299,426,426,461
7.572253465652466,299,426,426,461
7.572253465652466,299,426,426,461
7.572253465652466,311,426,430,462
7.572253465652466,311,426,430,462
7.572253465652466,312,426,430,462
7.572253465652466,312,427,430,462
7.572253465652466,312,427,430,462
7.572253465652466,299,427,430,463
7.572253465652466,299,427,430,463
7.5879740715026855,299,427,430,463
7.5879740715026855,299,428,430,463
7.5879740715026855,299,428,430,463
7.5879740715026855,299,429,430,463
7.5879740715026855,299,429,430,463
7.5879740715026855,299,429,430,463
7.5879740715026855,299,429,430,463
7.5879740715026855,299,429,430,463
7.5879740715026855,299,430,430,464
7.5879740715026855,299,430,430,463
7.5879740715026855,300,430,430,463
7.5879740715026855,300,430,430,463
7.5879740715026855,300,430,430,463
7.5879740715026855,300,430,430,463
7.5879740715026855,300,430,430,463
7.5879740715026855,300,430,427,463
7.5879740715026855,300,430,427,462
7.6041083335876465,300,429,427,462
7.6041083335876465,300,429,427,462
7.605869293212891,300,429,427,462
7.606698989868164,300,429,427,462
7.607027053833008,300,429,427,462
7.607027053833008,300,429,427,462
7.607027053833008,300,428,427,461
7.607027053833008,300,428,427,462
7.607027053833008,300,428,427,461
7.607027053833008,300,428,427,461
7.607027053833008,300,427,427,461
7.607027053833008,301,427,427,461
7.607027053833008,301,427,427,461
7.607027053833008,301,427,427,461
7.607027053833008,301,427,427,461
7.607027053833008,301,427,427,461
7.607027053833008,301,427,427,461
7.619831085205078,301,427,427,461
7.619831085205078,301,427,427,461
7.619831085205078,301,427,427,461
7.619831085205078,301,427,430,462
7.619831085205078,301,427,430,462
7.619831085205078,301,427,430,463
7.619831085205078,301,427,430,463
7.619831085205078,301,427,430,463
7.619831085205078,302,427,430,463
7.619831085205078,302,428,430,463
7.619831085205078,302,428,430,463
7.619831085205078,302,429,430,464
7.619831085205078,302,429,430,464
7.619831085205078,301,429,430,464
7.619831085205078,301,429,430,464
7.619831085205078,301,430,430,464
7.619831085205078,301,430,430,464
7.619831085205078,301,430,430,464
7.635960817337036,301,431,430,463
7.636768102645874,301,431,430,463
7.636768102645874,301,431,430,463
7.636768102645874,301,431,430,463
7.636768102645874,301,431,430,463
7.636768102645874,301,431,430,463
7.636768102645874,301,430,430,463
7.636768102645874,301,430,426,462
7.636768102645874,301,429,426,462
7.636768102645874,301,429,426,462
7.636768102645874,301,429,426,462
7.636768102645874,301,429,426,461
7.636768102645874,301,428,426,461
7.636768102645874,301,428,426,461
7.636768102645874,301,428,426,461
7.636768102645874,301,427,426,461
7.636768102645874,301,427,426,461
7.636768102645874,300,427,426,461
7.651644706726074,300,427,426,461
7.651644706726074,300,426,426,461
7.651644706726074,300,426,426,461
7.6548333168029785,300,426,426,461
7.6548333168029785,300,426,426,461
7.6548333168029785,300,426,426,461
7.6548333168029785,300,426,426,461
7.6548333168029785,300,426,426,461
7.6548333168029785,300,426,426,461
7.6548333168029785,300,426,426,461
7.6548333168029785,300,427,426,461
7.6548333168029785,300,426,429,461
7.6548333168029785,300,427,429,462
7.6548333168029785,300,427,429,462
7.6548333168029785,300,427,429,462
7.6548333168029785,300,427,429,462
7.6548333168029785,299,427,429,462
7.667605876922607,299,427,429,462
7.667605876922607,299,427,429,463
7.667605876922607,299,428,429,463
7.667605876922607,299,428,429,463
7.667605876922607,299,428,429,463
7.667605876922607,299,428,429,463
7.667605876922607,299,428,429,463
7.667605876922607,299,429,429,463
7.667605876922607,299,429,429,463
7.667605876922607,299,429,429,463
7.667605876922607,299,429,429,463
7.667605876922607,299,429,429,463
7.667605876922607,299,429,429,463
7.667605876922607,299,429,429,463
7.667605876922607,299,429,429,463
7.667605876922607,299,429,429,463
7.667605876922607,299,429,426,462
7.683382987976074,299,429,426,462
7.684290409088135,299,429,426,461
7.684864282608032,299,429,426,461
7.684864282608032,299,428,426,461
7.684864282608032,299,428,426,461
7.684864282608032,299,428,426,461
7.684864282608032,299,427,426,461
7.684864282608032,299,426,426,461
7.684864282608032,299,426,426,461
7.684864282608032,299,426,426,461
7.684864282608032,299,426,426,461
7.684864282608032,299,426,426,461
7.684864282608032,299,427,426,461
7.684864282608032,299,427,426,461
7.684864282608032,299,426,426,461
7.684864282608032,299,427,426,461
7.684864282608032,299,426,426,461
7.699113607406616,299,426,426,461
7.699113607406616,300,426,426,461
7.699113607406616,300,426,426,461
7.699113607406616,300,426,426,461
7.699113607406616,300,426,431,462
7.699113607406616,300,426,431,462
7.699113607406616,300,426,431,463
7.699113607406616,300,427,431,463
7.699113607406616,300,427,431,463
7.699113607406616,300,428,431,464
7.699113607406616,301,428,431,464
7.699113607406616,301,429,431,464
7.699113607406616,301,429,431,464
7.699113607406616,301,429,431,464
7.699113607406616,301,430,431,464
7.699113607406616,301,430,431,464
7.699113607406616,301,430,431,464
7.699113607406616,301,430,431,464
7.71476936340332,301,430,431,464
7.71476936340332,301,431,431,464
7.71476936340332,301,431,431,464
7.71476936340332,301,431,431,464
7.71476936340332,301,431,431,464
7.71476936340332,301,431,431,464
7.71476936340332,301,431,431,464
7.71476936340332,301,431,426,463
7.71476936340332,301,431,426,463
7.71476936340332,301,431,426,462
7.71476936340332,301,431,426,462
7.71476936340332,301,430,426,462
7.71476936340332,301,430,426,462
7.71476936340332,301,430,426,461
7.71476936340332,302,429,426,461
7.71476936340332,302,428,426,461
7.71476936340332,302,428,426,461
7.730483055114746,301,427,426,461
7.730483055114746,301,427,426,461
7.730483055114746,301,427,426,461
7.730483055114746,301,427,426,461
7.730483055114746,301,426,426,461
7.730483055114746,301,426,426,461
7.730483055114746,301,427,426,461
7.730483055114746,301,427,426,461
7.730483055114746,301,426,426,461
7.730483055114746,301,426,426,461
7.730483055114746,301,426,426,461
7.730483055114746,301,426,426,461
7.730483055114746,301,426,430,462
7.730483055114746,301,426,430,462
7.730483055114746,301,426,430,462
7.730483055114746,301,426,430,463
7.730483055114746,301,427,430,463
7.746143341064453,301,427,430,463
7.746143341064453,301,427,430,463
7.746143341064453,301,428,430,463
7.746143341064453,301,428,430,463
7.746143341064453,301,428,430,463
7.746143341064453,301,429,430,463
7.746143341064453,301,429,430,463
7.746143341064453,301,429,430,463
7.746143341064453,301,429,430,463
7.754924774169922,300,429,430,464
7.754924774169922,300,429,430,464
7.754924774169922,300,429,430,464
7.754924774169922,300,429,430,464
7.754924774169922,300,430,430,464
7.754924774169922,300,430,430,464
7.754924774169922,300,430,430,464
7.754924774169922,300,431,430,463
7.762019872665405,300,431,426,462
7.7630650997161865,300,430,426,462
7.763699769973755,300,430,426,462
7.763699769973755,300,430,426,461
7.766247749328613,300,429,426,461
7.7668092250823975,300,429,426,461
7.767151832580566,300,428,426,461
7.768401384353638,300,428,426,461
7.768913984298706,300,427,426,461
7.771025896072388,300,427,426,461
7.771025896072388,300,426,426,461
7.771025896072388,299,426,426,461
7.772606372833252,299,426,426,461
7.772606372833252,299,426,426,461
7.774151802062988,299,426,426,461
7.775544881820679,299,426,426,461
7.775544881820679,299,426,426,461
7.7771155834198,299,426,426,461
7.778710603713989,299,426,426,461
7.778710603713989,299,427,426,461
7.779869556427002,299,427,426,461
7.781576871871948,299,426,426,461
7.781576871871948,299,426,430,462
7.781576871871948,299,426,430,462
7.783102750778198,299,426,430,463
7.78484845161438,299,426,430,463
7.78484845161438,299,426,430,463
7.786515712738037,300,427,430,463
7.786515712738037,299,427,430,463
7.788117170333862,299,428,430,464
7.789673328399658,299,428,430,464
7.789673328399658,299,429,430,464
7.791295051574707,299,430,430,464
7.791295051574707,300,430,430,463
7.7928550243377686,300,430,430,463
7.793950319290161,299,431,430,463
7.793950319290161,299,430,430,463
7.795560836791992,299,430,430,463
7.795560836791992,299,430,430,463
7.797142505645752,299,430,430,463
7.798685550689697,299,430,430,463
7.799367189407349,299,429,430,463
7.799880743026733,300,429,430,464
7.801583766937256,300,429,430,464
7.801583766937256,300,429,427,463
7.8032660484313965,300,430,427,463
7.8032660484313965,300,430,427,462
7.8048272132873535,300,430,427,462
7.8048272132873535,300,430,427,462
7.806481122970581,300,429,427,462
7.806481122970581,300,429,427,462
7.808887004852295,300,429,427,462
7.808887004852295,300,428,427,461
7.808887004852295,300,428,427,462
7.808887004852295,300,428,427,461
7.808887004852295,300,428,427,461
7.808887004852295,300,427,427,461
7.808887004852295,300,427,427,461
7.808887004852295,300,427,427,461
7.808887004852295,300,427,427,461
7.816672325134277,300,427,427,461
7.816672325134277,300,426,427,461
7.816672325134277,300,426,427,462
7.816672325134277,300,426,427,462
7.816672325134277,300,426,427,462
7.816672325134277,300,427,427,462
7.822627782821655,300,427,429,462
7.823042869567871,301,427,429,462
7.823915719985962,301,427,429,463
7.823915719985962,301,428,429,463
7.826050758361816,300,428,429,463
7.826050758361816,300,428,429,463
7.826050758361816,300,428,429,463
7.826050758361816,300,429,429,463
7.826050758361816,300,429,429,463
7.826050758361816,301,429,429,463
7.826050758361816,301,429,429,463
7.832699537277222,301,429,429,463
7.833014726638794,301,429,429,463
7.833598613739014,301,429,429,463
7.833598613739014,301,429,429,463
7.833598613739014,301,429,429,463
7.833598613739014,301,429,429,463
7.833598613739014,301,429,429,463
7.833598613739014,301,429,429,463
7.833598613739014,301,429,429,463
7.840864181518555,301,429,429,463
7.840864181518555,301,429,429,463
7.840864181518555,301,429,428,462
7.840864181518555,301,429,428,462
7.840864181518555,301,429,428,462
7.840864181518555,301,429,428,462
7.840864181518555,301,429,428,462
7.840864181518555,301,429,428,462
7.840864181518555,301,428,428,462
7.840864181518555,301,428,428,462
7.849010467529297,301,428,428,462
7.849010467529297,301,428,428,462
7.849010467529297,301,428,428,462
7.849010467529297,301,428,428,462
7.849010467529297,301,428,428,462
7.849010467529297,301,428,428,462
7.849010467529297,301,428,428,462
7.855120897293091,301,428,428,462
7.855120897293091,301,428,428,462
7.857157230377197,301,428,428,462
7.857157230377197,300,428,428,462
7.857157230377197,300,428,428,462
7.857157230377197,300,428,428,462
7.857157230377197,300,428,428,462
7.857157230377197,300,428,428,462
7.857157230377197,301,428,428,462
7.857157230377197,301,428,428,462
7.857157230377197,301,428,428,462
7.865338087081909,301,428,428,462
7.866652011871338,301,428,428,462
7.867425203323364,301,427,428,462
7.867425203323364,300,427,428,462
7.867425203323364,300,427,428,463
7.867425203323364,300,428,428,463
7.867425203323364,300,428,428,462
7.867425203323364,300,428,428,462
7.867425203323364,300,428,428,462
7.867425203323364,300,428,428,462
7.867425203323364,300,428,428,462
7.867425203323364,300,428,428,462
7.867425203323364,300,428,428,462
7.867425203323364,300,428,428,462
7.867425203323364,300,428,428,462
7.867425203323364,300,428,428,462
7.867425203323364,300,428,428,462
7.867425203323364,300,428,428,462
7.881012201309204,300,428,428,462
7.881012201309204,300,428,428,462
7.881012201309204,300,428,428,462
7.881012201309204,300,428,428,462
7.881012201309204,300,428,428,462
7.881012201309204,300,428,428,462
7.881012201309204,300,428,428,462
7.881012201309204,300,428,428,462
7.881012201309204,300,428,428,462
7.881012201309204,300,428,428,462
7.881012201309204,300,428,428,462
7.881012201309204,300,428,428,462
7.881012201309204,300,428,428,462
7.881012201309204,300,428,428,462
7.881012201309204,300,428,428,462
7.881012201309204,299,428,428,462
7.881012201309204,299,428,428,462
7.896813631057739,299,428,428,462
7.897775173187256,299,428,428,462
7.898286819458008,299,428,428,462
7.898286819458008,299,428,428,462
7.898286819458008,299,428,428,462
7.898286819458008,299,428,428,462
7.898286819458008,299,428,428,462
7.898286819458008,300,428,428,462
7.898286819458008,300,428,428,462
7.898286819458008,300,428,428,462
7.898286819458008,300,427,428,462
7.898286819458008,300,428,428,463
7.898286819458008,299,428,428,463
7.898286819458008,299,428,428,463
7.898286819458008,300,428,428,463
7.898286819458008,300,428,428,463
7.898286819458008,300,429,428,462
7.898286819458008,300,429,428,462
7.912689208984375,300,429,428,462
7.912689208984375,300,429,428,462
7.912689208984375,300,429,428,462
7.912689208984375,300,428,428,462
7.912689208984375,300,428,428,462
7.912689208984375,300,428,428,462
7.912689208984375,300,428,428,462
7.912689208984375,300,428,428,462
7.912689208984375,300,428,428,462
7.912689208984375,300,428,428,462
7.912689208984375,300,428,429,462
7.912689208984375,300,428,429,462
7.912689208984375,300,428,429,462
7.912689208984375,300,428,429,463
7.912689208984375,300,428,429,463
7.912689208984375,300,428,429,463
7.912689208984375,300,428,429,463
7.928377389907837,300,428,429,463
7.928377389907837,300,429,429,463
7.9297261238098145,300,429,429,463
7.9297261238098145,300,429,429,463
7.93130898475647,300,429,429,463
7.932861804962158,300,429,429,463
7.932861804962158,300,429,429,463
7.934460639953613,301,429,429,463
7.936014890670776,301,429,429,463
7.936014890670776,301,429,429,463
7.936014890670776,301,429,429,463
7.936014890670776,301,429,429,463
7.936014890670776,301,429,429,463
7.936014890670776,301,429,429,463
7.936014890670776,301,429,429,463
7.936014890670776,301,429,429,463
7.936014890670776,301,430,428,462
7.936014890670776,301,430,428,462
7.944803714752197,301,429,428,462
7.945683240890503,301,429,428,462
7.945683240890503,301,428,428,462
7.945683240890503,301,428,428,462
7.945683240890503,301,428,428,462
7.945683240890503,301,428,428,462
7.945683240890503,301,428,428,462
7.945683240890503,300,428,428,462
7.945683240890503,300,427,428,462
7.945683240890503,300,428,428,462
7.945683240890503,300,428,428,462
7.945683240890503,300,428,428,462
7.955121278762817,300,428,428,462
7.955121278762817,300,428,428,462
7.955121278762817,300,428,428,462
7.955121278762817,300,428,428,462
7.955121278762817,300,428,428,462
7.959964036941528,300,428,428,462
7.959964036941528,300,428,428,462
7.959964036941528,300,428,428,462
7.959964036941528,300,428,428,462
7.959964036941528,300,428,428,462
7.959964036941528,300,428,428,462
7.959964036941528,300,428,428,462
7.959964036941528,300,428,428,462
7.959964036941528,300,428,428,462
7.959964036941528,300,428,428,462
7.959964036941528,300,428,428,462
7.959964036941528,300,427,428,462
7.959964036941528,300,428,428,463
7.959964036941528,300,428,428,462
7.959964036941528,300,428,428,462
7.959964036941528,300,428,428,462
7.959964036941528,300,428,428,462
7.959964036941528,300,428,428,462
7.975823402404785,300,428,428,462
7.975823402404785,300,428,428,462
7.97748064994812,300,428,428,462
7.978607654571533,300,428,428,462
7.97925066947937,300,428,428,462
7.97925066947937,300,428,428,462
7.97925066947937,300,428,428,462
7.97925066947937,300,428,428,462
7.97925066947937,300,428,428,462
7.983164310455322,300,428,428,462
7.984598398208618,300,428,428,462
7.984598398208618,300,428,428,462
7.984598398208618,300,428,428,462
7.984598398208618,300,428,428,462
7.984598398208618,300,428,428,462
7.984598398208618,300,428,428,462
7.984598398208618,300,427,428,462
7.984598398208618,300,427,428,463
7.984598398208618,300,428,428,462
7.992756605148315,300,428,428,462
7.992756605148315,300,428,428,462
7.992756605148315,300,428,428,462
7.992756605148315,300,428,428,462
7.992756605148315,300,428,428,462
7.992756605148315,300,428,428,462
7.992756605148315,300,428,428,462
7.992756605148315,300,428,428,462
8.000125646591187,300,428,428,462
8.000991821289062,300,428,428,462
8.001319169998169,300,428,428,462
8.001319169998169,300,428,428,462
8.001319169998169,300,428,428,462
8.001319169998169,300,428,428,462
8.001319169998169,300,428,428,462
8.001319169998169,300,428,428,462
8.001319169998169,300,428,428,462
8.001319169998169,300,428,428,462
8.008499383926392,300,428,428,462
8.008499383926392,300,428,428,462
8.008499383926392,300,428,428,462
8.008499383926392,300,428,428,462
8.008499383926392,300,428,428,462
8.008499383926392,300,428,428,462
8.008499383926392,300,428,428,462
8.008499383926392,300,428,428,462
8.008499383926392,300,428,428,462
8.008499383926392,300,428,428,462
8.008499383926392,300,428,428,462
8.008499383926392,301,428,428,462
8.008499383926392,300,428,428,462
8.008499383926392,300,428,428,462
8.008499383926392,300,428,428,462
8.008499383926392,301,428,428,462
8.008499383926392,301,428,428,462
8.008499383926392,301,428,428,462
8.024186849594116,301,428,428,462
8.024186849594116,301,428,428,462
8.024186849594116,301,428,428,462
8.024186849594116,301,428,428,462
8.024186849594116,301,428,428,462
8.024186849594116,301,428,428,462
8.024186849594116,300,428,428,462
8.024186849594116,300,428,428,462
8.024186849594116,300,428,428,462
8.024186849594116,300,428,428,462
8.024186849594116,300,428,428,462
8.024186849594116,300,428,428,462
8.024186849594116,301,428,428,462
8.024186849594116,301,428,428,462
8.024186849594116,301,428,428,462
8.024186849594116,301,428,428,462
8.024186849594116,301,428,428,462
8.040079832077026,301,428,428,462
8.040079832077026,301,428,428,462
8.040079832077026,301,428,428,462
8.040079832077026,301,428,429,463
8.040079832077026,301,428,429,463
8.040079832077026,301,428,429,463
8.040079832077026,301,428,429,463
8.040079832077026,301,428,429,463
8.040079832077026,301,429,429,463
8.040079832077026,301,429,429,463
8.040079832077026,301,429,429,463
8.040079832077026,300,429,429,463
8.040079832077026,301,429,429,463
8.040079832077026,301,429,429,463
8.040079832077026,301,429,429,463
8.040079832077026,301,429,429,463
8.040079832077026,301,429,429,463
8.055320739746094,301,429,429,463
8.055320739746094,301,429,429,463
8.055320739746094,301,429,429,463
8.055320739746094,301,429,429,463
8.055320739746094,301,430,429,463
8.055320739746094,300,430,429,463
8.055320739746094,300,429,429,463
8.055320739746094,300,429,429,463
8.055320739746094,300,429,427,462
8.055320739746094,300,429,427,462
8.055320739746094,300,429,427,462
8.055320739746094,300,429,427,462
8.055320739746094,300,429,427,462
8.055320739746094,300,428,427,461
8.055320739746094,300,428,427,462
8.055320739746094,300,428,427,461
8.055320739746094,300,427,427,462
8.055320739746094,300,427,427,462
8.071117162704468,300,427,427,462
8.072899580001831,300,427,427,462
8.072899580001831,300,427,427,462
8.072899580001831,300,427,427,462
8.072899580001831,300,427,427,462
8.072899580001831,300,427,427,462
8.072899580001831,300,428,427,461
8.072899580001831,300,428,427,461
8.072899580001831,300,428,427,461
8.072899580001831,300,428,427,461
8.072899580001831,300,427,427,461
8.072899580001831,300,427,427,461
8.072899580001831,300,427,430,462
8.072899580001831,300,427,430,462
8.072899580001831,300,427,430,463
8.072899580001831,300,427,430,463
8.072899580001831,300,427,430,463
8.087041854858398,300,428,430,463
8.087041854858398,300,428,430,463
8.087041854858398,300,429,430,463
8.087041854858398,299,429,430,463
8.087041854858398,299,429,430,463
8.087041854858398,299,429,430,463
8.087041854858398,299,429,430,464
8.087041854858398,299,429,430,464
8.087041854858398,299,430,430,464
8.087041854858398,299,430,430,464
8.087041854858398,300,430,430,464
8.087041854858398,300,430,430,464
8.087041854858398,300,430,430,464
8.087041854858398,300,431,430,463
8.087041854858398,300,431,430,463
8.087041854858398,300,431,430,463
8.087041854858398,300,431,430,463
8.10281753540039,299,430,427,462
8.10281753540039,299,430,427,462
8.10281753540039,299,429,427,462
8.10281753540039,299,429,427,462
8.10281753540039,299,428,427,462
8.10281753540039,299,428,427,462
8.10281753540039,299,428,427,462
8.10281753540039,299,428,427,462
8.10281753540039,299,428,427,462
8.10281753540039,299,428,427,462
8.10281753540039,299,428,427,462
8.10281753540039,299,428,427,461
8.10281753540039,299,428,427,461
8.10281753540039,299,428,427,461
8.10281753540039,299,428,427,461
8.10281753540039,299,427,427,461
8.10281753540039,299,427,427,461
8.11851191520691,299,427,427,461
8.11851191520691,300,427,427,461
8.11851191520691,300,427,427,461
8.11851191520691,300,426,427,462
8.11851191520691,300,426,430,463
8.11851191520691,300,426,430,463
8.11851191520691,300,426,430,463
8.11851191520691,300,427,430,463
8.11851191520691,300,427,430,463
8.11851191520691,300,428,430,464
8.11851191520691,299,428,430,464
8.11851191520691,300,429,430,463
8.11851191520691,300,430,430,464
8.11851191520691,300,430,430,463
8.11851191520691,300,430,430,463
8.11851191520691,300,430,430,463
8.11851191520691,300,430,430,463
8.134365558624268,300,430,430,463
8.134365558624268,300,430,430,463
8.134365558624268,300,430,430,463
8.134365558624268,300,430,430,463
8.134365558624268,300,430,430,463
8.134365558624268,300,430,430,463
8.134365558624268,300,430,430,463
8.134365558624268,300,429,430,464
8.134365558624268,300,429,430,464
8.134365558624268,300,429,427,463
8.134365558624268,300,430,427,463
8.134365558624268,300,430,427,462
8.134365558624268,300,430,427,462
8.134365558624268,300,430,427,462
8.134365558624268,300,430,427,462
8.134365558624268,300,429,427,462
8.134365558624268,300,429,427,462
8.134365558624268,300,429,427,462
8.150268793106079,300,428,427,462
8.150268793106079,300,428,427,462
8.150268793106079,300,428,427,461
8.150268793106079,300,428,427,461
8.150268793106079,300,428,427,461
8.150268793106079,300,428,427,461
8.155670404434204,300,428,427,461
8.155670404434204,300,427,427,461
8.155670404434204,300,427,427,461
8.155670404434204,300,426,427,461
8.155670404434204,300,426,427,462
8.155670404434204,300,426,427,462
8.155670404434204,300,426,427,462
8.155670404434204,300,427,430,462
8.155670404434204,300,427,430,463
8.155670404434204,300,427,430,463
8.155670404434204,300,428,430,463
8.165984869003296,300,428,430,463
8.165984869003296,299,428,430,463
8.165984869003296,299,429,430,463
8.165984869003296,299,429,430,463
8.165984869003296,299,429,430,463
8.165984869003296,299,429,430,463
8.165984869003296,300,429,430,463
8.165984869003296,300,429,430,463
8.165984869003296,300,429,430,464
8.165984869003296,300,429,430,464
8.165984869003296,300,430,430,463
8.165984869003296,300,430,430,463
8.165984869003296,300,430,430,463
8.165984869003296,300,430,430,463
8.165984869003296,300,430,430,463
8.165984869003296,300,430,430,463
8.165984869003296,300,430,430,463
8.181957483291626,300,430,430,463
8.181957483291626,300,429,427,463
8.181957483291626,300,429,427,463
8.181957483291626,299,429,427,463
8.181957483291626,299,429,427,462
8.181957483291626,299,429,427,462
8.181957483291626,299,429,427,462
8.181957483291626,299,429,427,462
8.181957483291626,299,429,427,462
8.181957483291626,299,429,427,462
8.181957483291626,299,428,427,462
8.181957483291626,299,428,427,462
8.181957483291626,299,428,427,462
8.181957483291626,299,428,427,462
8.181957483291626,299,428,427,461
8.181957483291626,299,428,427,461
8.181957483291626,299,428,427,461
8.181957483291626,299,428,427,461
8.198479890823364,299,427,427,461
8.199209690093994,299,427,427,461
8.199209690093994,299,427,427,461
8.199209690093994,299,427,427,461
8.199209690093994,299,426,427,461
8.199209690093994,299,426,429,462
8.199209690093994,299,426,429,462
8.199209690093994,299,427,429,463
8.199209690093994,299,427,429,463
8.199209690093994,299,427,429,463
8.199209690093994,299,427,429,463
8.199209690093994,299,428,429,463
8.199209690093994,299,429,429,463
8.199209690093994,299,429,429,463
8.199209690093994,299,429,429,463
8.199209690093994,299,430,429,463
8.213324069976807,299,429,429,463
8.213324069976807,299,429,429,463
8.213324069976807,299,429,429,463
8.213324069976807,299,429,429,463
8.213324069976807,299,429,429,463
8.213324069976807,300,430,429,462
8.213324069976807,300,430,429,462
8.213324069976807,300,429,429,462
8.213324069976807,300,429,429,462
8.213324069976807,300,429,429,462
8.213324069976807,300,428,429,462
8.213324069976807,300,428,428,462
8.213324069976807,300,428,428,462
8.213324069976807,299,428,428,462
8.213324069976807,299,428,428,462
8.213324069976807,299,428,428,462
8.213324069976807,299,428,428,462
8.213324069976807,299,428,428,462
8.229181051254272,300,428,428,462
8.229921340942383,300,428,428,462
8.230655431747437,300,428,428,462
8.230655431747437,300,428,428,462
8.230655431747437,300,428,428,462
8.230655431747437,300,428,428,462
8.230655431747437,300,428,428,462
8.230655431747437,300,428,428,462
8.230655431747437,300,428,428,462
8.230655431747437,300,428,428,462
8.230655431747437,300,428,428,462
8.230655431747437,300,428,428,462
8.230655431747437,300,428,428,462
8.230655431747437,300,428,428,462
8.230655431747437,300,428,428,462
8.230655431747437,300,428,428,462
8.230655431747437,300,428,428,462
8.230655431747437,300,428,428,462
8.24499773979187,300,428,428,462
8.24499773979187,300,428,428,462
8.24499773979187,300,428,428,462
8.24499773979187,300,428,428,462
8.24499773979187,300,428,428,462
8.24499773979187,300,428,428,462
8.24499773979187,300,428,428,462
8.24499773979187,300,428,428,462
8.24499773979187,300,428,428,462
8.24499773979187,300,428,428,462
8.24499773979187,300,428,428,462
8.24499773979187,300,428,428,462
8.255677700042725,300,428,428,462
8.255677700042725,300,428,428,462
8.255677700042725,300,428,428,462
8.255677700042725,301,428,428,462
8.255677700042725,301,428,428,462
8.255677700042725,301,428,428,462
8.261112213134766,301,428,428,462
8.261112213134766,301,428,428,462
8.261112213134766,301,428,429,463
8.261112213134766,301,428,429,463
8.261112213134766,301,428,429,463
8.261112213134766,300,428,429,463
8.261112213134766,300,428,429,463
8.261112213134766,300,429,429,463
8.261112213134766,300,429,429,463
8.261112213134766,300,429,429,463
8.261112213134766,300,429,429,463
8.261112213134766,300,429,429,463
8.261112213134766,300,430,429,463
8.261112213134766,300,429,429,463
8.261112213134766,300,429,429,463
8.261112213134766,300,429,429,463
8.261112213134766,300,429,429,463
8.276819467544556,300,429,429,463
8.276819467544556,300,430,429,463
8.276819467544556,300,430,429,463
8.276819467544556,301,430,429,462
8.280506610870361,300,429,429,463
8.280506610870361,300,429,429,463
8.280506610870361,300,429,427,462
8.280506610870361,300,429,427,462
8.280506610870361,300,429,427,462
8.280506610870361,300,429,427,462
8.280506610870361,300,429,427,462
8.280506610870361,299,429,427,461
8.280506610870361,299,428,427,461
8.280506610870361,299,428,427,461
8.280506610870361,299,428,427,461
8.280506610870361,299,428,427,461
8.280506610870361,299,427,427,461
8.292903184890747,299,426,427,461
8.292903184890747,299,426,427,462
8.294050931930542,299,426,427,462
8.294564962387085,299,426,427,462
8.294564962387085,299,427,427,462
8.294564962387085,299,427,427,462
8.294564962387085,299,427,427,462
8.294564962387085,299,427,427,462
8.299870252609253,299,428,427,462
8.300957441329956,299,428,427,461
8.301321983337402,299,428,427,461
8.301321983337402,312,428,429,462
8.301321983337402,312,428,429,462
8.301321983337402,312,427,429,462
8.301321983337402,312,427,429,462
8.301321983337402,312,427,429,462
8.301321983337402,299,427,429,463
8.301321983337402,299,428,429,463
8.308845520019531,299,428,429,463
8.308845520019531,299,428,429,463
8.31085991859436,299,429,429,463
8.31085991859436,299,429,429,463
8.31085991859436,299,429,429,463
8.312869310379028,299,429,429,463
8.312869310379028,299,430,429,463
8.314881086349487,299,429,429,462
8.316431760787964,299,429,429,462
8.316431760787964,299,429,429,462
8.31776237487793,299,429,429,462
8.31776237487793,299,429,429,462
8.31776237487793,299,429,429,462
8.31776237487793,299,429,429,462
8.31776237487793,299,428,429,462
8.31776237487793,299,428,428,462
8.31776237487793,300,428,428,462
8.31776237487793,300,428,428,462
8.32452940940857,299,428,428,462
8.32452940940857,299,428,428,462
8.32452940940857,299,428,428,462
8.32452940940857,299,428,428,462
8.32452940940857,299,428,428,462
8.32452940940857,299,428,428,462
8.32452940940857,299,428,428,462
8.32452940940857,299,428,428,462
8.32452940940857,300,428,428,462
8.33264684677124,299,428,428,462
8.33264684677124,299,428,428,462
8.33264684677124,299,428,428,462
8.33264684677124,299,428,428,462
8.33264684677124,300,428,428,462
8.33264684677124,300,428,428,462
8.33264684677124,300,428,428,462
8.33264684677124,300,429,428,462
8.33264684677124,300,428,428,462
8.341129541397095,300,428,428,462
8.341129541397095,300,428,429,463
8.341129541397095,301,428,429,463
8.341129541397095,301,428,429,463
8.341129541397095,301,428,429,463
8.341129541397095,301,428,429,463
8.341129541397095,300,428,429,463
8.341129541397095,300,428,429,463
8.341129541397095,300,429,429,463
8.349781036376953,300,429,429,463
8.349781036376953,300,430,429,463
8.349781036376953,300,430,429,463
8.349781036376953,300,430,429,463
8.349781036376953,300,430,429,463
8.349781036376953,300,430,429,462
8.349781036376953,301,430,429,462
8.355753898620605,301,429,429,462
8.355753898620605,301,429,429,463
8.355753898620605,301,429,429,463
8.355753898620605,301,429,429,463
8.355753898620605,301,429,429,463
8.355753898620605,301,429,429,463
8.355753898620605,301,429,429,463
8.355753898620605,301,429,428,462
8.355753898620605,301,429,428,462
8.355753898620605,301,430,428,462
8.364941835403442,301,429,428,462
8.36583924293518,300,429,428,462
8.366722822189331,300,429,428,462
8.366722822189331,300,428,428,462
8.366722822189331,300,428,428,462
8.366722822189331,301,428,428,462
8.366722822189331,300,428,428,462
8.366722822189331,300,428,428,462
8.366722822189331,300,428,428,462
8.366722822189331,300,428,428,462
8.366722822189331,300,428,428,462
8.366722822189331,300,428,428,462
8.366722822189331,300,428,428,462
8.366722822189331,300,428,428,462
8.366722822189331,300,428,428,462
8.366722822189331,300,428,428,462
8.366722822189331,300,428,428,462
8.366722822189331,301,428,428,462
8.380625009536743,300,428,428,462
8.380625009536743,300,428,428,462
8.380625009536743,300,428,428,462
8.380625009536743,300,428,428,462
8.380625009536743,300,428,428,462
8.380625009536743,300,428,428,462
8.380625009536743,300,428,428,462
8.380625009536743,300,428,428,462
8.380625009536743,300,428,428,462
8.380625009536743,299,428,428,462
8.380625009536743,299,428,428,462
8.380625009536743,300,428,428,462
8.380625009536743,300,428,428,462
8.380625009536743,300,428,428,462
8.380625009536743,300,428,428,462
8.380625009536743,300,428,428,462
8.380625009536743,299,428,428,462
8.396267652511597,299,428,428,462
8.397270917892456,299,428,428,462
8.398029804229736,299,428,428,462
8.398567199707031,299,428,428,462
8.398567199707031,299,428,428,462
8.398567199707031,300,428,428,462
8.398567199707031,300,428,428,462
8.398567199707031,300,428,428,462
8.398567199707031,300,428,428,462
8.398567199707031,300,428,428,462
8.398567199707031,300,428,428,462
8.398567199707031,299,428,428,462
8.398567199707031,299,428,428,462
8.398567199707031,299,428,428,462
8.398567199707031,299,428,428,462
8.398567199707031,299,428,428,462
8.398567199707031,299,428,428,462
8.398567199707031,299,428,428,462
8.411970853805542,299,428,428,462
8.411970853805542,299,428,428,462
8.411970853805542,299,428,428,462
8.411970853805542,299,428,428,462
8.411970853805542,299,428,428,462
8.411970853805542,299,428,428,462
8.411970853805542,299,428,428,462
8.411970853805542,300,428,428,462
8.411970853805542,300,428,428,462
8.411970853805542,300,428,428,462
8.411970853805542,300,428,428,462
8.411970853805542,300,428,428,462
8.411970853805542,300,428,428,462
8.411970853805542,300,428,428,462
8.411970853805542,300,428,428,462
8.411970853805542,300,428,428,462
8.411970853805542,300,428,428,462
8.411970853805542,300,428,428,462
8.427809000015259,300,428,428,462
8.42906403541565,300,428,428,462
8.429810762405396,300,428,428,462
8.429810762405396,300,428,428,462
8.429810762405396,300,428,428,462
8.429810762405396,300,428,428,462
8.429810762405396,300,428,428,462
8.429810762405396,300,428,428,462
8.429810762405396,300,428,428,462
8.429810762405396,300,428,428,462
8.429810762405396,300,428,428,462
8.429810762405396,300,428,428,462
8.429810762405396,300,428,428,462
8.429810762405396,300,428,428,462
8.429810762405396,300,428,428,462
8.429810762405396,300,428,428,462
8.429810762405396,300,428,428,462
8.429810762405396,300,428,428,462
8.443559169769287,300,428,428,462
8.443559169769287,300,428,428,462
8.443559169769287,300,428,428,462
8.443559169769287,300,428,428,462
8.443559169769287,300,428,428,462
8.443559169769287,300,428,428,462
8.443559169769287,300,428,428,462
8.443559169769287,300,428,428,462
8.443559169769287,300,428,428,462
8.443559169769287,300,428,428,462
8.443559169769287,300,428,428,462
8.443559169769287,300,428,428,462
8.443559169769287,300,428,428,462
8.443559169769287,300,428,428,462
8.456275463104248,300,428,428,462
8.456729650497437,300,428,428,462
8.456729650497437,300,428,428,462
8.456729650497437,300,428,428,462
8.459228992462158,300,428,428,462
8.459228992462158,300,428,428,462
8.459228992462158,300,428,428,462
8.459228992462158,300,428,428,462
8.459228992462158,300,428,428,462
8.459228992462158,300,428,428,462
8.459228992462158,300,428,428,462
8.459228992462158,300,428,428,462
8.459228992462158,300,428,428,462
8.459228992462158,300,428,428,462
8.459228992462158,301,428,428,462
8.459228992462158,300,428,428,462
8.459228992462158,300,428,428,462
8.459228992462158,300,428,428,462
8.459228992462158,300,428,428,462
8.459228992462158,300,428,428,462
8.459228992462158,300,428,428,462
8.459228992462158,300,428,428,462
8.47510552406311,300,428,428,462
8.476823568344116,300,428,428,462
8.47769021987915,300,428,428,462
8.47812294960022,300,428,428,462
8.47812294960022,300,428,428,462
8.47812294960022,300,428,428,462
8.47812294960022,300,428,428,462
8.47812294960022,300,428,428,462
8.47812294960022,300,428,428,462
8.483055591583252,300,428,428,462
8.483055591583252,300,428,428,462
8.483055591583252,300,428,428,462
8.483055591583252,300,428,428,462
8.483055591583252,300,428,428,462
8.483055591583252,300,428,428,462
8.483055591583252,300,428,428,462
8.483055591583252,300,428,428,462
8.483055591583252,300,428,428,462
8.491308450698853,300,428,428,462
8.491308450698853,300,428,428,462
8.491308450698853,300,428,428,462
8.491308450698853,300,428,428,462
8.491308450698853,300,428,428,462
8.491308450698853,300,428,428,462
8.491308450698853,300,428,428,462
8.491308450698853,300,428,428,462
8.491308450698853,300,428,428,462
8.499329090118408,300,428,428,462
8.499647617340088,300,428,428,462
8.499647617340088,300,428,428,462
8.499647617340088,300,428,428,462
8.499647617340088,300,428,428,462
8.499647617340088,300,428,428,462
8.499647617340088,300,428,428,462
8.499647617340088,300,428,428,462
8.499647617340088,300,428,428,462
8.499647617340088,299,428,428,462
8.499647617340088,299,428,428,462
8.499647617340088,300,428,428,462
8.499647617340088,300,428,428,462
8.499647617340088,300,428,428,462
8.499647617340088,300,428,428,462
8.499647617340088,300,428,428,462
8.499647617340088,300,428,428,462
8.499647617340088,300,428,428,462
8.515413045883179,300,428,428,462
8.516825914382935,299,428,428,462
8.516825914382935,299,428,428,462
8.516825914382935,299,428,428,462
8.516825914382935,299,428,428,462
8.516825914382935,299,428,428,462
8.516825914382935,299,428,428,462
8.516825914382935,299,428,428,462
8.516825914382935,299,428,428,462
8.516825914382935,299,428,428,462
8.516825914382935,299,428,428,462
8.516825914382935,299,428,428,462
8.516825914382935,299,428,428,462
8.516825914382935,299,428,428,462
8.516825914382935,299,428,428,462
8.516825914382935,300,428,428,462
8.516825914382935,300,428,428,462
8.516825914382935,299,428,428,462
8.531412601470947,299,428,428,462
8.531412601470947,299,428,428,462
8.531412601470947,299,428,428,462
8.531412601470947,300,428,428,462
8.531412601470947,300,428,428,462
8.531412601470947,300,428,428,462
8.531412601470947,300,428,428,462
8.531412601470947,300,428,428,462
8.531412601470947,300,428,428,462
8.531412601470947,300,428,428,462
8.531412601470947,300,428,428,462
8.531412601470947,300,427,428,462
8.531412601470947,300,427,429,462
8.531412601470947,300,428,429,462
8.531412601470947,299,427,429,462
8.531412601470947,299,427,429,463
8.531412601470947,299,428,429,463
8.547222137451172,299,428,429,463
8.547222137451172,299,428,429,463
8.54880428314209,300,428,429,463
8.549659252166748,300,429,429,463
8.550403118133545,300,429,429,463
8.551746368408203,300,429,429,463
8.55237889289856,300,430,429,463
8.553144931793213,300,430,429,462
8.554430723190308,300,429,429,462
8.55505657196045,300,429,429,463
8.555838584899902,300,429,429,463
8.557387590408325,300,429,429,463
8.557997703552246,300,429,429,463
8.558778285980225,300,429,429,463
8.55959677696228,300,429,429,463
8.55959677696228,300,429,429,463
8.56160593032837,300,429,429,463
8.562305450439453,300,429,427,462
8.563402891159058,300,429,427,462
8.563402891159058,300,430,427,462
8.563402891159058,300,429,427,461
8.563402891159058,300,429,427,461
8.563402891159058,300,429,427,461
8.563402891159058,300,429,427,461
8.563402891159058,300,428,427,461
8.563402891159058,300,428,427,461
8.563402891159058,300,428,427,461
8.563402891159058,300,427,427,461
8.563402891159058,300,427,427,461
8.563402891159058,300,427,427,461
8.563402891159058,300,426,427,461
8.563402891159058,300,427,427,461
8.563402891159058,300,427,427,461
8.563402891159058,300,427,427,461
8.563402891159058,300,426,427,461
8.579498052597046,300,426,427,461
8.580289602279663,300,426,427,462
8.580801963806152,300,426,427,462
8.580801963806152,301,426,427,462
8.580801963806152,300,427,429,462
8.580801963806152,300,427,429,462
8.580801963806152,300,427,429,462
8.580801963806152,300,427,429,463
8.580801963806152,300,428,429,463
8.580801963806152,300,428,429,463
8.580801963806152,300,428,429,463
8.580801963806152,301,428,429,463
8.580801963806152,301,429,429,463
8.580801963806152,301,429,429,463
8.580801963806152,301,429,429,463
8.580801963806152,301,429,429,463
8.580801963806152,301,429,429,463
8.594736814498901,300,429,429,463
8.594736814498901,300,429,429,463
8.594736814498901,301,429,429,463
8.594736814498901,301,429,429,463
8.594736814498901,300,429,429,463
8.594736814498901,300,429,429,463
8.594736814498901,300,429,429,463
8.594736814498901,300,429,429,463
8.594736814498901,300,429,429,463
8.594736814498901,300,429,427,462
8.594736814498901,300,429,427,462
8.594736814498901,300,429,427,462
8.594736814498901,300,429,427,462
8.594736814498901,300,429,427,461
8.594736814498901,300,429,427,461
8.594736814498901,300,428,427,461
8.594736814498901,300,428,427,461
8.594736814498901,300,428,427,461
8.610571384429932,301,427,427,461
8.610571384429932,301,427,427,461
8.610571384429932,301,427,427,461
8.610571384429932,300,427,427,461
8.610571384429932,300,426,427,462
8.610571384429932,300,427,427,462
8.610571384429932,300,427,427,462
8.610571384429932,300,427,427,462
8.610571384429932,300,427,427,462
8.610571384429932,301,427,427,462
8.610571384429932,301,427,427,462
8.610571384429932,300,427,427,462
8.610571384429932,300,428,427,462
8.610571384429932,300,428,429,462
8.610571384429932,300,428,429,462
8.610571384429932,300,428,429,462
8.610571384429932,300,428,429,462
8.626267194747925,300,428,429,462
8.626267194747925,300,428,429,462
8.626267194747925,300,428,429,462
8.626267194747925,300,428,429,462
8.626267194747925,300,428,429,462
8.626267194747925,300,428,429,462
8.626267194747925,300,428,429,463
8.626267194747925,300,428,429,463
8.626267194747925,300,428,429,463
8.626267194747925,300,428,429,463
8.626267194747925,300,428,429,463
8.626267194747925,300,429,429,463
8.626267194747925,300,429,429,463
8.626267194747925,300,429,429,463
8.626267194747925,300,429,429,463
8.626267194747925,300,429,429,463
8.626267194747925,300,429,429,463
8.642132997512817,300,429,429,463
8.64328908920288,300,429,427,462
8.644003868103027,300,429,427,462
8.644003868103027,300,429,427,462
8.644003868103027,300,429,427,462
8.644003868103027,300,429,427,462
8.644003868103027,300,428,427,461
8.644003868103027,300,428,427,461
8.644003868103027,300,428,427,461
8.644003868103027,300,428,427,461
8.644003868103027,300,427,427,461
8.644003868103027,300,427,427,461
8.644003868103027,300,427,427,461
8.644003868103027,300,426,427,461
8.644003868103027,300,426,427,462
8.655927419662476,300,426,427,462
8.655927419662476,300,427,427,462
8.65806770324707,300,427,427,462
8.65806770324707,300,427,427,462
8.65806770324707,300,427,427,462
8.65806770324707,300,427,427,462
8.65806770324707,300,428,427,462
8.65806770324707,300,428,427,462
8.65806770324707,300,428,429,462
8.65806770324707,300,428,429,462
8.65806770324707,300,428,429,462
8.65806770324707,300,428,429,462
8.65806770324707,300,428,429,462
8.65806770324707,300,428,429,462
8.65806770324707,300,428,429,462
8.65806770324707,300,428,429,462
8.65806770324707,300,428,429,463
8.65806770324707,300,428,429,463
8.65806770324707,300,428,429,463
8.65806770324707,300,428,429,463
8.673930168151855,300,429,429,463
8.675396919250488,300,429,429,463
8.676353931427002,300,428,429,463
8.676353931427002,300,429,429,463
8.676353931427002,300,429,429,463
8.676353931427002,300,429,429,463
8.676353931427002,300,430,429,463
8.676353931427002,300,430,429,462
8.676353931427002,300,429,429,463
8.676353931427002,300,429,427,462
8.676353931427002,300,429,427,462
8.676353931427002,300,429,427,462
8.676353931427002,300,429,427,462
8.676353931427002,300,429,427,462
8.676353931427002,300,428,427,461
8.676353931427002,300,428,427,461
8.676353931427002,300,428,427,461
8.689625263214111,301,427,427,461
8.689625263214111,301,427,427,461
8.689625263214111,301,427,427,461
8.689625263214111,301,427,427,461
8.689625263214111,300,426,427,461
8.689625263214111,300,426,427,462
8.689625263214111,300,426,427,462
8.689625263214111,300,426,427,462
8.689625263214111,300,426,427,462
8.689625263214111,300,426,427,462
8.689625263214111,300,427,427,462
8.689625263214111,300,427,427,462
8.689625263214111,300,427,427,462
8.689625263214111,300,428,427,462
8.689625263214111,300,427,429,462
8.689625263214111,300,428,429,462
8.689625263214111,300,428,429,462
8.705297470092773,300,428,429,462
8.705297470092773,300,428,429,462
8.705297470092773,300,428,429,462
8.705297470092773,300,428,429,463
8.705297470092773,300,428,429,463
8.705297470092773,300,428,429,463
8.705297470092773,300,429,429,463
8.705297470092773,300,429,429,463
8.705297470092773,300,429,429,463
8.705297470092773,300,429,429,463
8.705297470092773,300,429,429,463
8.705297470092773,300,429,429,463
8.705297470092773,300,429,429,463
8.705297470092773,300,429,429,463
8.705297470092773,300,429,429,463
8.705297470092773,300,429,429,463
8.705297470092773,300,429,429,463
8.721234321594238,300,429,429,463
8.721234321594238,300,429,429,463
8.721234321594238,300,429,427,462
8.724034547805786,300,429,427,462
8.724325180053711,300,429,427,462
8.724325180053711,300,429,427,462
8.724325180053711,300,429,427,461
8.724325180053711,300,428,427,462
8.724325180053711,300,428,427,461
8.724325180053711,300,428,427,461
8.724325180053711,300,428,427,461
8.724325180053711,300,427,427,461
8.724325180053711,300,427,427,461
8.724325180053711,300,427,427,461
8.724325180053711,300,426,427,461
8.724325180053711,300,426,427,462
8.724325180053711,300,426,427,462
8.736995220184326,300,426,427,462
8.736995220184326,300,427,427,462
8.736995220184326,299,427,427,462
8.736995220184326,299,427,427,462
8.736995220184326,299,427,427,462
8.736995220184326,300,428,427,462
8.736995220184326,300,428,427,461
8.736995220184326,300,428,429,462
8.736995220184326,300,428,429,462
8.736995220184326,300,428,429,462
8.736995220184326,300,427,429,462
8.736995220184326,300,428,429,462
8.736995220184326,300,428,429,462
8.736995220184326,300,428,429,462
8.736995220184326,300,428,429,463
8.736995220184326,300,428,429,463
8.736995220184326,300,428,429,463
8.736995220184326,300,428,429,463
8.752792835235596,300,428,429,463
8.754026651382446,300,428,429,463
8.754822731018066,300,429,429,463
8.755836009979248,300,429,429,463
8.755836009979248,300,429,429,463
8.755836009979248,300,429,429,463
8.755836009979248,300,429,429,463
8.755836009979248,300,430,429,463
8.755836009979248,300,429,429,462
8.755836009979248,300,429,429,463
8.755836009979248,300,429,429,463
8.755836009979248,300,429,427,462
8.755836009979248,300,429,427,462
8.755836009979248,300,429,427,462
8.755836009979248,300,429,427,462
8.755836009979248,300,428,427,461
8.755836009979248,300,428,427,462
8.768596887588501,300,428,427,461
8.768596887588501,300,428,427,461
8.768596887588501,300,428,427,461
8.768596887588501,300,428,427,461
8.768596887588501,300,427,427,461
8.768596887588501,300,427,427,461
8.768596887588501,300,427,427,461
8.768596887588501,300,426,427,461
8.768596887588501,300,426,427,462
8.768596887588501,300,426,427,462
8.768596887588501,300,426,427,462
8.768596887588501,300,426,427,462
8.768596887588501,300,427,427,462
8.768596887588501,300,427,427,462
8.768596887588501,300,427,427,462
8.768596887588501,300,427,427,462
8.768596887588501,300,428,429,462
8.768596887588501,300,428,429,462
8.784630298614502,300,428,429,462
8.784630298614502,300,428,429,462
8.786806583404541,300,428,429,462
8.788040161132812,300,428,429,462
8.788740396499634,300,428,429,463
8.789460182189941,300,428,429,463
8.79026484489441,300,428,429,463
8.791390180587769,301,428,429,463
8.792126655578613,301,428,429,463
8.793435335159302,301,428,429,463
8.794045448303223,301,429,429,463
8.794907808303833,301,429,429,463
8.795680046081543,301,429,429,463
8.795680046081543,301,429,429,463
8.795680046081543,300,429,429,463
8.795680046081543,300,429,429,463
8.795680046081543,300,429,429,463
8.800279140472412,300,429,429,463
8.801239967346191,300,429,429,463
8.801239967346191,300,429,429,463
8.803248405456543,300,429,427,462
8.803248405456543,300,429,427,462
8.805212020874023,300,429,427,462
8.805212020874023,300,429,427,462
8.83242678642273,300,428,427,462
8.83242678642273,300,428,427,462
8.83242678642273,300,428,427,462
8.83242678642273,300,428,427,462
8.83242678642273,300,428,427,461
8.83242678642273,300,428,427,461
8.83242678642273,301,428,427,461
8.83242678642273,301,428,427,461
8.83242678642273,301,427,427,461
8.83242678642273,300,427,427,461
8.83242678642273,300,427,427,461
8.83242678642273,300,426,427,461
8.83242678642273,300,426,427,462
8.83242678642273,300,426,427,462
8.83242678642273,300,426,427,462
8.83242678642273,300,427,427,462
8.83242678642273,300,427,427,462
8.83242678642273,300,427,429,462
8.83242678642273,300,428,429,462
8.83242678642273,300,428,429,462
8.83242678642273,300,428,429,462
8.83242678642273,300,428,429,462
8.834436655044556,300,428,429,462
8.834436655044556,300,428,429,463
8.834436655044556,300,428,429,463
8.834436655044556,300,428,429,463
8.834436655044556,300,428,429,463
8.834436655044556,300,429,429,463
8.834436655044556,300,429,429,463
8.834436655044556,300,429,429,463
8.834436655044556,301,429,429,463
8.838455200195312,300,429,429,463
8.838455200195312,300,429,429,463
8.840208053588867,300,429,429,463
8.840208053588867,300,429,429,463
8.840208053588867,300,429,429,463
8.840208053588867,300,429,429,463
8.840208053588867,300,429,429,463
8.840208053588867,300,429,429,463
8.84221887588501,300,429,427,462
8.84221887588501,300,429,427,462
8.844235181808472,300,429,427,462
8.84538221359253,300,429,427,462
8.845890522003174,300,429,427,461
8.845890522003174,300,428,427,461
8.848398208618164,300,428,427,462
8.848906755447388,300,427,427,461
8.848906755447388,300,427,427,462
8.848906755447388,300,427,427,462
8.848906755447388,300,427,427,462
8.848906755447388,300,427,427,462
8.848906755447388,300,427,427,462
8.848906755447388,300,427,427,462
8.848906755447388,300,427,427,462
8.856826543807983,300,428,427,461
8.857223272323608,300,428,427,461
8.857223272323608,300,428,427,461
8.859463930130005,299,428,427,461
8.859463930130005,299,427,427,461
8.859463930130005,299,427,427,461
8.861472368240356,299,427,427,461
8.861472368240356,300,427,429,462
8.863480567932129,300,426,429,462
8.863480567932129,299,426,429,462
8.86522912979126,300,427,429,463
8.86522912979126,300,427,429,463
8.86522912979126,300,427,429,463
8.868360996246338,300,427,429,463
8.868360996246338,300,428,429,463
8.868360996246338,300,428,429,463
8.868360996246338,300,429,429,463
8.871453046798706,300,429,429,463
8.871453046798706,300,429,429,463
8.8734610080719,300,429,429,463
8.8734610080719,300,429,429,463
8.8734610080719,300,429,429,463
8.8734610080719,300,429,429,463
8.8734610080719,300,429,429,463
8.8734610080719,300,429,429,463
8.8734610080719,300,429,429,463
8.8734610080719,300,429,429,463
8.881515741348267,300,430,429,463
8.881515741348267,300,429,429,463
8.881515741348267,300,429,427,462
8.881515741348267,300,429,427,462
8.88477873802185,300,429,427,462
8.88477873802185,300,429,427,462
8.88477873802185,300,429,427,462
8.88477873802185,300,428,427,461
8.887959241867065,300,428,427,461
8.889700651168823,300,428,427,461
8.889700651168823,300,428,427,461
8.889700651168823,300,427,427,461
8.891799449920654,300,427,427,461
8.891799449920654,300,427,427,461
8.893809080123901,300,427,427,461
8.893809080123901,300,426,427,461
8.895817279815674,300,426,427,461
8.895817279815674,300,426,427,462
8.897828578948975,300,426,427,462
8.897828578948975,300,426,427,462
8.897828578948975,300,426,427,462
8.897828578948975,300,427,427,462
8.897828578948975,300,427,427,462
8.897828578948975,300,427,427,462
8.897828578948975,300,427,429,462
8.904220819473267,300,428,429,462
8.904220819473267,300,428,429,462
8.905730247497559,300,428,429,462
8.905730247497559,300,428,429,462
8.907739162445068,300,428,429,463
8.907739162445068,300,428,429,463
8.909748077392578,300,428,429,463
8.909748077392578,300,428,429,463
8.91175651550293,300,428,429,463
8.91175651550293,301,429,429,463
8.91175651550293,301,429,429,463
8.91175651550293,301,429,429,463
8.91175651550293,301,429,429,463
8.91175651550293,301,429,429,463
8.91175651550293,301,430,429,463
8.91175651550293,301,429,429,462
8.91175651550293,301,429,429,463
8.91175651550293,301,429,429,463
8.91175651550293,300,429,429,463
8.921608686447144,300,429,429,463
8.922784328460693,300,429,429,463
8.922784328460693,301,429,427,462
8.922784328460693,300,429,427,462
8.922784328460693,300,429,427,462
8.926140546798706,300,429,427,462
8.926140546798706,300,429,427,461
8.928149223327637,301,428,427,461
8.928149223327637,301,428,427,461
8.928149223327637,301,428,427,461
8.930160999298096,301,427,427,461
8.930160999298096,301,427,427,461
8.93216848373413,301,427,427,461
8.93216848373413,301,427,427,461
8.934176445007324,301,426,427,461
8.934176445007324,301,427,427,462
8.936184167861938,300,427,427,462
8.936184167861938,301,426,427,462
8.937691450119019,300,426,427,462
8.939185619354248,300,427,427,462
8.939185619354248,300,427,427,462
8.939185619354248,300,427,427,462
8.941194772720337,300,428,427,461
8.941194772720337,300,428,429,462
8.943202257156372,300,428,429,462
8.943202257156372,300,428,429,462
8.945211172103882,300,428,429,462
8.945211172103882,300,428,429,462
8.945211172103882,300,428,429,462
8.945211172103882,300,428,429,462
8.948450088500977,300,428,429,462
8.948450088500977,300,428,429,462
8.950458526611328,300,428,429,463
8.950458526611328,301,428,429,463
8.952466487884521,301,428,429,463
8.953476667404175,300,428,429,463
8.953476667404175,300,428,429,463
8.953476667404175,300,428,429,463
8.9559907913208,300,429,429,463
8.9559907913208,300,429,429,463
8.958000898361206,300,429,429,463
8.958000898361206,300,429,429,463
8.960010290145874,300,430,429,463
8.960010290145874,300,429,429,462
8.962018728256226,300,429,429,463
8.962018728256226,300,429,427,462
8.964027643203735,300,429,427,462
8.964027643203735,300,429,427,462
8.964027643203735,300,429,427,462
8.966034889221191,300,429,427,461
8.966034889221191,300,428,427,461
8.968042850494385,300,428,427,462
8.969551801681519,300,428,427,461
8.969551801681519,300,427,427,461
8.969551801681519,300,427,427,462
8.969551801681519,300,427,427,462
8.969551801681519,300,427,427,462
8.969551801681519,300,427,427,462
8.969551801681519,300,427,427,462
8.969551801681519,300,427,427,462
8.969551801681519,300,427,427,462
8.969551801681519,300,428,427,462
8.978569030761719,300,428,427,461
8.978569030761719,300,428,427,461
8.980579853057861,300,427,427,461
8.980579853057861,300,427,427,461
8.980579853057861,300,427,427,461
8.982592105865479,300,427,429,462
8.982592105865479,300,427,429,462
8.9846031665802,300,427,429,462
8.985613822937012,300,426,429,463
8.985613822937012,300,427,429,463
8.985613822937012,300,427,429,463
8.985613822937012,300,427,429,463
8.985613822937012,300,428,429,463
8.985613822937012,300,429,429,463
8.985613822937012,300,429,429,463
8.985613822937012,300,429,429,463
8.985613822937012,300,429,429,463
8.985613822937012,300,429,429,463
8.985613822937012,300,429,429,463
8.985613822937012,300,429,429,463
8.985613822937012,300,430,429,462
8.985613822937012,300,429,429,462
8.985613822937012,300,429,429,462
8.985613822937012,300,429,429,462
8.985613822937012,300,429,429,462
8.985613822937012,300,429,429,462
9.002562522888184,300,428,429,462
9.003045797348022,300,428,427,462
9.003045797348022,300,428,427,462
9.003045797348022,300,428,427,462
9.003045797348022,300,428,427,462
9.003045797348022,300,428,427,462
9.003045797348022,300,428,427,462
9.003045797348022,300,428,427,462
9.003045797348022,300,428,427,462
9.009621143341064,301,427,427,462
9.009621143341064,300,427,427,462
9.009621143341064,300,427,427,462
9.009621143341064,300,427,427,462
9.009621143341064,300,427,427,462
9.009621143341064,300,428,427,462
9.01614260673523,300,428,427,461
9.016456127166748,300,428,427,461
9.016456127166748,300,428,427,461
9.017968893051147,301,428,427,461
9.017968893051147,300,427,427,461
9.017968893051147,300,427,427,461
9.017968893051147,300,427,427,461
9.017968893051147,300,426,427,461
9.017968893051147,300,426,429,462
9.017968893051147,300,426,429,462
9.017968893051147,300,426,429,463
9.017968893051147,300,427,429,463
9.027226209640503,300,427,429,463
9.027482509613037,300,428,429,463
9.027482509613037,300,428,429,463
9.027482509613037,300,429,429,463
9.027482509613037,300,429,429,463
9.027482509613037,300,429,429,463
9.027482509613037,300,429,429,463
9.03299069404602,300,429,429,463
9.03299069404602,300,429,429,463
9.03299069404602,300,429,429,463
9.03299069404602,300,429,429,463
9.03299069404602,300,429,429,463
9.03299069404602,300,429,429,463
9.03299069404602,300,430,429,463
9.03299069404602,301,430,429,463
9.03299069404602,300,429,429,463
9.03299069404602,300,429,429,463
9.0423264503479,300,430,429,463
9.0423264503479,300,430,427,462
9.0423264503479,300,430,427,462
9.0423264503479,300,429,427,462
9.0423264503479,300,429,427,462
9.046704053878784,300,429,427,461
9.046704053878784,300,429,427,461
9.046704053878784,300,428,427,461
9.049754858016968,300,428,427,461
9.049754858016968,300,427,427,461
9.049754858016968,300,427,427,461
9.049754858016968,300,427,427,461
9.049754858016968,300,426,427,461
9.049754858016968,300,426,427,462
9.049754858016968,300,426,427,462
9.056156158447266,300,426,427,462
9.056156158447266,300,427,427,462
9.058162450790405,300,427,427,462
9.058162450790405,300,428,427,462
9.058162450790405,300,428,427,461
9.058162450790405,300,428,427,461
9.058162450790405,300,428,427,461
9.058162450790405,300,428,427,461
9.058162450790405,300,428,429,462
9.058162450790405,300,427,429,462
9.058162450790405,300,427,429,462
9.058162450790405,300,427,429,462
9.058162450790405,300,427,429,462
9.058162450790405,300,427,429,463
9.058162450790405,299,427,429,463
9.058162450790405,299,428,429,463
9.058162450790405,299,428,429,463
9.058162450790405,299,429,429,463
9.058162450790405,299,429,429,463
9.0738205909729,299,429,429,463
9.0738205909729,299,429,429,463
9.0738205909729,299,430,429,463
9.0738205909729,299,430,429,462
9.0738205909729,299,429,429,462
9.0738205909729,299,429,429,462
9.0738205909729,299,429,429,462
9.0738205909729,299,429,429,462
9.0738205909729,299,429,429,462
9.0738205909729,299,429,429,462
9.0738205909729,299,428,429,462
9.0738205909729,299,428,426,462
9.0738205909729,299,428,426,462
9.0738205909729,299,428,426,462
9.0738205909729,299,428,426,461
9.0738205909729,299,428,426,461
9.0738205909729,299,428,426,461
9.0738205909729,299,428,426,461
9.090059757232666,300,427,426,461
9.090059757232666,300,427,426,461
9.090059757232666,300,427,426,461
9.090059757232666,300,427,426,461
9.090059757232666,300,426,426,461
9.090059757232666,299,426,426,461
9.090059757232666,299,426,426,461
9.090059757232666,299,426,426,461
9.090059757232666,299,426,426,461
9.090059757232666,299,427,426,461
9.090059757232666,299,427,426,461
9.090059757232666,299,427,426,460
9.090059757232666,300,427,426,460
9.090059757232666,300,426,426,460
9.090059757232666,300,426,431,462
9.090059757232666,300,426,431,462
9.090059757232666,300,426,431,462
9.105737686157227,300,426,431,462
9.105737686157227,300,426,431,463
9.105737686157227,300,426,431,463
9.105737686157227,300,427,431,464
9.105737686157227,300,428,431,464
9.105737686157227,300,428,431,464
9.105737686157227,300,429,431,464
9.105737686157227,300,430,431,464
9.105737686157227,300,430,431,464
9.105737686157227,300,431,431,464
9.105737686157227,300,431,431,464
9.105737686157227,300,431,431,464
9.105737686157227,301,431,431,464
9.105737686157227,301,431,431,464
9.105737686157227,301,431,431,464
9.105737686157227,301,431,431,464
9.105737686157227,300,431,431,464
9.120951652526855,300,431,431,464
9.122390747070312,300,431,431,464
9.123430967330933,300,431,426,463
9.123430967330933,301,431,426,462
9.125188827514648,301,431,426,462
9.125188827514648,301,431,426,461
9.126869916915894,301,430,426,461
9.126869916915894,301,430,426,461
9.128583431243896,301,429,426,461
9.128583431243896,301,428,426,461
9.130248546600342,301,428,426,461
9.130248546600342,300,427,426,461
9.131802558898926,300,426,426,461
9.131802558898926,300,426,426,461
9.133454084396362,300,426,426,461
9.133454084396362,300,426,426,461
9.135007619857788,300,426,426,461
9.13674283027649,300,426,426,461
9.13674283027649,300,426,426,461
9.138292789459229,300,426,426,461
9.138292789459229,300,427,426,461
9.13991403579712,300,426,426,461
9.13991403579712,300,426,426,461
9.14151120185852,300,427,426,461
9.14310097694397,300,427,431,462
9.14310097694397,300,427,431,462
9.144709587097168,300,427,431,462
9.144709587097168,300,427,431,463
9.146270513534546,300,427,431,463
9.147825479507446,300,427,431,463
9.147825479507446,300,427,431,463
9.14952540397644,300,428,431,464
9.14952540397644,300,429,431,464
9.15139889717102,300,429,431,464
9.15139889717102,300,429,431,464
9.1531081199646,300,430,431,464
9.153678178787231,300,430,431,464
9.154720783233643,300,431,431,464
9.154720783233643,300,431,431,464
9.156274318695068,300,431,431,464
9.157862186431885,300,431,431,464
9.157862186431885,300,431,431,464
9.157862186431885,300,431,431,464
9.157862186431885,300,431,431,464
9.157862186431885,300,431,431,464
9.157862186431885,300,431,431,464
9.157862186431885,300,431,426,463
9.157862186431885,300,431,426,462
9.157862186431885,300,431,426,462
9.157862186431885,299,430,426,461
9.157862186431885,299,430,426,461
9.157862186431885,299,430,426,461
9.168782711029053,299,429,426,461
9.168782711029053,299,428,426,461
9.170613288879395,299,428,426,461
9.170613288879395,299,427,426,461
9.170613288879395,299,427,426,461
9.170613288879395,299,427,426,461
9.170613288879395,299,426,426,461
9.170613288879395,299,426,426,461
9.170613288879395,299,426,426,461
9.170613288879395,299,426,426,461
9.170613288879395,299,426,426,461
9.170613288879395,299,426,426,461
9.170613288879395,299,427,426,461
9.170613288879395,299,427,426,461
9.170613288879395,299,427,426,460
9.170613288879395,299,427,426,460
9.170613288879395,299,426,430,461
9.170613288879395,299,426,430,462
9.184627056121826,299,426,430,462
9.184627056121826,299,426,430,462
9.184627056121826,299,426,430,463
9.184627056121826,299,427,430,463
9.184627056121826,299,427,430,463
9.184627056121826,299,428,430,463
9.184627056121826,299,428,430,463
9.184627056121826,299,429,430,463
9.184627056121826,299,429,430,463
9.184627056121826,299,429,430,463
9.184627056121826,299,429,430,463
9.184627056121826,299,430,430,463
9.184627056121826,299,430,430,463
9.184627056121826,299,430,430,463
9.184627056121826,299,430,430,463
9.184627056121826,299,429,430,463
9.184627056121826,299,429,430,464
9.200371503829956,299,429,430,464
9.200371503829956,299,429,430,464
9.200371503829956,300,429,430,464
9.200371503829956,300,430,427,463
9.200371503829956,300,430,427,463
9.200371503829956,300,430,427,462
9.200371503829956,300,431,427,462
9.200371503829956,300,430,427,462
9.200371503829956,300,430,427,462
9.200371503829956,300,430,427,461
9.200371503829956,300,429,427,461
9.200371503829956,300,429,427,461
9.200371503829956,300,428,427,461
9.200371503829956,300,428,427,461
9.200371503829956,300,427,427,461
9.200371503829956,300,427,427,461
9.200371503829956,300,427,427,461
9.216145277023315,300,426,427,461
9.21731448173523,300,426,427,462
9.21731448173523,300,426,427,462
9.21731448173523,300,426,427,462
9.21731448173523,300,427,427,462
9.21731448173523,300,427,427,462
9.21731448173523,300,428,427,462
9.21731448173523,300,428,427,461
9.21731448173523,300,428,429,462
9.21731448173523,300,428,429,462
9.21731448173523,301,428,429,462
9.21731448173523,301,428,429,462
9.21731448173523,300,428,429,462
9.21731448173523,301,428,429,462
9.21731448173523,301,428,429,462
9.21731448173523,301,428,429,462
9.21731448173523,301,428,429,463
9.231928825378418,301,428,429,463
9.2328941822052,301,428,429,463
9.2328941822052,301,428,429,463
9.2328941822052,301,428,429,463
9.2328941822052,301,429,429,463
9.2328941822052,301,429,429,463
9.2328941822052,301,429,429,463
9.2328941822052,301,429,429,463
9.2328941822052,301,429,429,463
9.2328941822052,301,430,429,462
9.2328941822052,301,429,429,463
9.2328941822052,301,429,429,463
9.2328941822052,301,429,429,463
9.2328941822052,301,429,428,462
9.2328941822052,301,429,428,462
9.2328941822052,301,429,428,462
9.2328941822052,301,429,428,462
9.2328941822052,301,429,428,462
9.247829914093018,301,428,428,462
9.247829914093018,301,428,428,462
9.247829914093018,301,428,428,462
9.247829914093018,300,428,428,462
9.247829914093018,300,428,428,462
9.247829914093018,300,428,428,462
9.247829914093018,300,428,428,462
9.247829914093018,300,428,428,462
9.247829914093018,300,428,428,462
9.25622296333313,300,428,428,462
9.257269144058228,300,428,428,462
9.257701396942139,300,428,428,462
9.257701396942139,300,428,428,462
9.257701396942139,300,428,428,462
9.257701396942139,300,428,428,462
9.257701396942139,300,428,428,462
9.257701396942139,300,428,428,462
9.257701396942139,300,428,428,462
9.263624429702759,300,428,428,462
9.263624429702759,300,428,428,462
9.263624429702759,300,428,428,462
9.263624429702759,300,428,428,462
9.263624429702759,300,428,428,462
9.263624429702759,300,428,428,462
9.263624429702759,300,428,428,462
9.263624429702759,300,428,428,462
9.263624429702759,299,428,428,462
9.263624429702759,299,428,428,462
9.263624429702759,299,428,428,462
9.263624429702759,299,428,428,462
9.263624429702759,299,428,428,462
9.263624429702759,299,428,428,462
9.263624429702759,299,428,428,462
9.263624429702759,299,428,428,462
9.27945351600647,299,428,428,462
9.27945351600647,299,428,428,462
9.27945351600647,299,428,428,462
9.27945351600647,299,428,428,462
9.27945351600647,299,428,428,462
9.27945351600647,299,428,427,462
9.27945351600647,299,428,427,462
9.27945351600647,299,428,427,462
9.27945351600647,299,428,427,462
9.27945351600647,300,428,427,462
9.27945351600647,300,428,427,462
9.27945351600647,300,428,427,461
9.27945351600647,299,427,427,461
9.27945351600647,299,427,427,462
9.27945351600647,299,427,427,462
9.27945351600647,299,427,427,462
9.27945351600647,299,427,427,462
9.27945351600647,299,428,427,461
9.295106887817383,299,428,427,461
9.295106887817383,299,428,427,461
9.296611785888672,299,428,427,461
9.296611785888672,299,427,427,461
9.298188924789429,299,427,427,461
9.299742221832275,299,427,427,461
9.300927639007568,299,427,427,461
9.300927639007568,299,427,427,461
9.30259084701538,299,426,427,461
9.30259084701538,300,426,429,462
9.30259084701538,300,426,429,462
9.30259084701538,300,427,429,462
9.30259084701538,300,427,429,462
9.30259084701538,300,427,429,463
9.30259084701538,300,427,429,463
9.30259084701538,300,428,429,463
9.30259084701538,300,428,429,463
9.30259084701538,300,428,429,463
9.31090259552002,300,429,429,463
9.311846733093262,300,429,429,463
9.311846733093262,300,429,429,463
9.313861608505249,300,429,429,462
9.313861608505249,300,429,429,463
9.316331624984741,300,429,429,463
9.316331624984741,300,429,429,463
9.318048238754272,300,429,429,463
9.318379402160645,300,429,429,463
9.318379402160645,300,429,429,463
9.318379402160645,300,429,429,463
9.320972919464111,301,429,429,463
9.320972919464111,301,429,429,463
9.320972919464111,301,430,428,462
9.320972919464111,301,430,428,462
9.320972919464111,301,430,428,462
9.320972919464111,301,429,428,462
9.32669997215271,301,429,428,462
9.32669997215271,301,429,428,462
9.32669997215271,301,428,428,462
9.32669997215271,301,428,428,462
9.32669997215271,301,428,428,462
9.32669997215271,301,428,428,462
9.32669997215271,300,428,428,462
9.333370923995972,300,428,428,462
9.334237575531006,300,428,428,462
9.334752559661865,300,428,428,462
9.334752559661865,301,428,428,462
9.334752559661865,301,428,428,462
9.334752559661865,301,428,428,462
9.334752559661865,301,428,428,462
9.334752559661865,301,428,428,462
9.334752559661865,301,428,428,462
9.334752559661865,300,428,428,462
9.334752559661865,300,428,428,462
9.342466115951538,300,428,428,462
9.342466115951538,300,428,428,462
9.342466115951538,300,428,428,462
9.342466115951538,300,428,428,462
9.342466115951538,300,428,428,462
9.342466115951538,300,428,428,462
9.342466115951538,300,428,428,462
9.342466115951538,300,428,428,462
9.342466115951538,300,428,428,462
9.350525856018066,300,428,428,462
9.350525856018066,300,428,428,462
9.350525856018066,300,428,428,462
9.350525856018066,300,428,428,462
9.350525856018066,300,428,428,462
9.350525856018066,300,428,428,462
9.356368780136108,300,428,428,462
9.356368780136108,300,428,428,462
9.358383178710938,300,428,428,462
9.358383178710938,300,428,428,462
9.358383178710938,300,428,428,462
9.358383178710938,299,428,428,462
9.358383178710938,299,428,428,462
9.358383178710938,300,428,428,462
9.358383178710938,300,428,428,462
9.358383178710938,300,428,428,462
9.358383178710938,300,428,428,462
9.3659987449646,300,428,428,462
9.3659987449646,300,428,428,462
9.367643356323242,300,428,428,462
9.36830449104309,300,428,428,462
9.369419574737549,300,428,428,462
9.369419574737549,299,428,428,462
9.371288299560547,299,428,428,462
9.371288299560547,299,428,428,462
9.371288299560547,299,428,428,462
9.374250650405884,299,428,428,462
9.374250650405884,300,428,428,462
9.374250650405884,299,428,428,462
9.374250650405884,299,428,428,462
9.374250650405884,299,428,428,462
9.374250650405884,299,428,428,462
9.374250650405884,299,428,428,462
9.374250650405884,299,428,428,462
9.374250650405884,299,428,428,462
9.382477521896362,299,428,428,462
9.382880210876465,299,428,427,462
9.384302616119385,299,428,427,461
9.384845972061157,299,428,427,461
9.384845972061157,299,428,427,461
9.384845972061157,299,428,427,461
9.384845972061157,299,427,427,461
9.384845972061157,299,427,427,461
9.384845972061157,299,427,427,461
9.384845972061157,299,427,427,461
9.390928506851196,299,427,427,461
9.390928506851196,299,427,427,461
9.390928506851196,299,427,427,461
9.390928506851196,299,426,427,461
9.390928506851196,299,427,427,461
9.390928506851196,299,426,427,461
9.390928506851196,299,427,427,462
9.390928506851196,299,427,427,461
9.398961782455444,299,427,427,461
9.399595260620117,299,427,427,461
9.399595260620117,299,427,427,461
9.399595260620117,299,427,427,461
9.399595260620117,299,427,427,461
9.399595260620117,299,427,428,462
9.399595260620117,300,427,428,462
9.399595260620117,300,427,428,462
9.399595260620117,300,427,428,462
9.399595260620117,300,427,428,462
9.399595260620117,300,427,428,462
9.399595260620117,300,427,428,462
9.399595260620117,300,428,428,462
9.399595260620117,300,428,428,462
9.399595260620117,300,428,428,462
9.399595260620117,300,428,428,462
9.399595260620117,301,428,428,462
9.399595260620117,301,428,428,462
9.414620637893677,301,428,428,462
9.415727853775024,301,428,428,462
9.415727853775024,301,428,428,462
9.415727853775024,300,428,428,462
9.415727853775024,300,428,428,462
9.415727853775024,300,428,428,462
9.415727853775024,300,428,428,462
9.415727853775024,301,428,428,462
9.415727853775024,301,428,428,462
9.415727853775024,301,428,428,462
9.415727853775024,313,428,429,462
9.415727853775024,313,428,429,462
9.415727853775024,313,428,429,462
9.415727853775024,314,428,429,463
9.415727853775024,301,428,429,463
9.415727853775024,301,428,429,463
9.415727853775024,301,428,429,463
9.430454015731812,301,428,429,463
9.430454015731812,301,429,429,463
9.430454015731812,301,429,429,463
9.430454015731812,301,429,429,463
9.430454015731812,301,429,429,463
9.430454015731812,301,429,429,463
9.430454015731812,301,429,429,463
9.430454015731812,301,429,429,463
9.430454015731812,301,429,429,463
9.430454015731812,301,429,429,463
9.430454015731812,300,429,429,463
9.430454015731812,300,429,429,463
9.430454015731812,300,429,429,463
9.430454015731812,300,429,429,463
9.430454015731812,300,429,429,463
9.430454015731812,300,429,427,462
9.430454015731812,301,430,427,462
9.44609785079956,301,429,427,462
9.44609785079956,301,429,427,462
9.44609785079956,301,429,427,461
9.44609785079956,301,429,427,461
9.44609785079956,300,428,427,461
9.44609785079956,300,428,427,461
9.44609785079956,300,427,427,461
9.44609785079956,300,427,427,461
9.44609785079956,300,427,427,461
9.44609785079956,300,426,427,461
9.44609785079956,300,426,427,461
9.44609785079956,300,426,427,462
9.456639289855957,300,426,427,462
9.456639289855957,300,426,427,462
9.456639289855957,299,427,427,462
9.456639289855957,299,427,427,462
9.456639289855957,299,427,427,462
9.456639289855957,299,428,427,462
9.461833477020264,299,428,427,461
9.461833477020264,299,428,428,462
9.461833477020264,299,428,428,462
9.461833477020264,299,428,428,462
9.461833477020264,299,428,428,462
9.461833477020264,299,427,428,462
9.461833477020264,299,427,428,462
9.461833477020264,299,428,428,462
9.461833477020264,299,427,428,462
9.461833477020264,299,428,428,462
9.461833477020264,299,428,428,462
9.461833477020264,299,428,428,462
9.461833477020264,299,428,428,462
9.461833477020264,299,428,428,462
9.461833477020264,299,428,428,462
9.461833477020264,299,428,428,462
9.461833477020264,299,428,428,462
9.47750735282898,299,428,428,462
9.47750735282898,299,428,428,462
9.47916054725647,299,428,428,462
9.48018217086792,299,428,428,462
9.480825901031494,299,428,428,462
9.480825901031494,299,428,428,462
9.480825901031494,299,428,428,462
9.483199119567871,299,428,427,462
9.483199119567871,299,428,427,461
9.483199119567871,299,428,427,461
9.486013174057007,299,428,427,461
9.486013174057007,299,428,427,461
9.486013174057007,299,427,427,461
9.486013174057007,300,427,427,461
9.486013174057007,300,427,427,461
9.486013174057007,300,426,427,461
9.486013174057007,300,426,427,462
9.486013174057007,300,426,427,462
9.486013174057007,300,426,427,462
9.494059085845947,300,426,427,462
9.494059085845947,300,427,427,462
9.494059085845947,300,427,427,462
9.494059085845947,300,428,427,461
9.494059085845947,300,428,427,461
9.494059085845947,300,428,427,461
9.50024938583374,300,427,427,461
9.501325845718384,300,427,427,461
9.501325845718384,300,427,427,461
9.501325845718384,300,427,427,461
9.501325845718384,300,427,429,462
9.501325845718384,300,427,429,462
9.501325845718384,300,426,429,462
9.501325845718384,300,427,429,463
9.501325845718384,300,427,429,463
9.501325845718384,300,427,429,463
9.501325845718384,300,428,429,463
9.5099356174469,300,428,429,463
9.5099356174469,301,429,429,463
9.5099356174469,301,429,429,463
9.5099356174469,301,429,429,463
9.5099356174469,301,429,429,463
9.5099356174469,301,430,429,463
9.5099356174469,301,429,429,463
9.5099356174469,301,429,429,463
9.5099356174469,301,429,429,463
9.5099356174469,301,429,429,463
9.5099356174469,302,429,429,463
9.5099356174469,301,429,429,463
9.5099356174469,301,429,429,463
9.5099356174469,301,429,429,463
9.5099356174469,301,429,429,463
9.5099356174469,301,429,427,462
9.5099356174469,301,429,427,462
9.525620698928833,302,429,427,462
9.525620698928833,302,429,427,462
9.525620698928833,302,429,427,462
9.525620698928833,302,428,427,461
9.525620698928833,302,428,427,461
9.525620698928833,302,428,427,461
9.525620698928833,302,427,427,462
9.525620698928833,302,427,427,462
9.525620698928833,301,427,427,462
9.525620698928833,301,427,427,462
9.525620698928833,301,427,427,462
9.525620698928833,301,427,427,462
9.525620698928833,301,427,427,462
9.525620698928833,301,428,427,462
9.525620698928833,301,428,427,461
9.525620698928833,301,428,427,461
9.525620698928833,301,428,427,461
9.541299819946289,301,428,427,461
9.541299819946289,301,427,427,461
9.541299819946289,301,427,429,462
9.544324398040771,301,427,429,462
9.544793128967285,301,426,429,462
9.544793128967285,301,426,429,462
9.544793128967285,301,426,429,463
9.544793128967285,301,427,429,463
9.544793128967285,301,427,429,463
9.544793128967285,301,427,429,463
9.544793128967285,301,428,429,463
9.544793128967285,301,428,429,463
9.544793128967285,301,429,429,463
9.544793128967285,301,429,429,463
9.544793128967285,301,429,429,463
9.544793128967285,301,429,429,463
9.544793128967285,301,429,429,463
9.55699372291565,301,429,429,463
9.55699372291565,300,429,429,463
9.55699372291565,300,429,429,463
9.55699372291565,300,429,429,463
9.55699372291565,300,429,429,463
9.55699372291565,300,429,429,463
9.55699372291565,300,429,429,463
9.55699372291565,300,429,427,462
9.55699372291565,300,429,427,462
9.55699372291565,300,429,427,462
9.55699372291565,300,429,427,462
9.55699372291565,300,429,427,462
9.55699372291565,300,429,427,462
9.55699372291565,300,428,427,462
9.55699372291565,300,428,427,462
9.55699372291565,300,428,427,462
9.55699372291565,300,428,427,461
9.572876453399658,300,428,427,461
9.572876453399658,299,427,427,462
9.574227094650269,299,427,427,462
9.574973344802856,299,427,427,462
9.576138734817505,299,427,427,462
9.576879739761353,299,427,427,462
9.577913045883179,299,427,427,462
9.579048871994019,299,427,427,462
9.57995319366455,299,428,427,462
9.581146001815796,299,428,427,461
9.581764459609985,299,428,427,461
9.582554340362549,298,428,427,461
9.583426237106323,298,427,428,461
9.58449411392212,299,427,428,462
9.58529782295227,299,427,428,462
9.586045026779175,299,427,428,462
9.587237358093262,299,427,428,462
9.587891340255737,299,427,428,462
9.588897943496704,299,427,428,462
9.589455366134644,299,427,428,462
9.589455366134644,299,428,428,462
9.589455366134644,299,428,428,462
9.589455366134644,299,428,428,462
9.589455366134644,299,428,428,462
9.589455366134644,299,428,428,462
9.589455366134644,299,428,428,462
9.589455366134644,299,428,428,462
9.589455366134644,299,428,428,462
9.589455366134644,299,428,428,462
9.589455366134644,299,428,428,462
9.589455366134644,299,428,428,462
9.589455366134644,299,428,428,462
9.589455366134644,299,428,428,462
9.589455366134644,299,428,428,462
9.589455366134644,299,428,428,462
9.589455366134644,300,428,428,462
9.604765892028809,300,428,428,462
9.604765892028809,300,428,428,462
9.604765892028809,300,428,428,462
9.604765892028809,300,428,428,462
9.604765892028809,300,428,428,462
9.604765892028809,300,428,428,462
9.604765892028809,300,428,428,462
9.604765892028809,300,428,428,462
9.604765892028809,300,428,428,462
9.604765892028809,300,428,428,462
9.604765892028809,301,428,428,462
9.604765892028809,301,427,428,462
9.604765892028809,301,427,428,462
9.604765892028809,301,428,428,462
9.604765892028809,301,428,428,462
9.604765892028809,301,428,428,462
9.604765892028809,301,428,428,462
9.620462894439697,301,428,428,462
9.62133502960205,301,428,428,462
9.622138261795044,301,428,428,462
9.622435092926025,301,428,428,462
9.622435092926025,301,428,428,462
9.622435092926025,301,428,428,462
9.622435092926025,301,428,428,462
9.622435092926025,301,428,428,462
9.622435092926025,301,428,428,462
9.622435092926025,301,428,428,462
9.622435092926025,301,428,428,462
9.622435092926025,301,428,428,462
9.622435092926025,301,428,428,462
9.622435092926025,301,428,428,462
9.622435092926025,302,428,428,462
9.622435092926025,302,428,428,462
9.622435092926025,302,428,428,462
9.622435092926025,302,428,428,462
9.636215686798096,302,428,428,462
9.636215686798096,302,428,428,462
9.636215686798096,302,428,428,462
9.636215686798096,302,428,428,462
9.636215686798096,301,428,428,462
9.636215686798096,302,428,428,462
9.636215686798096,302,428,428,462
9.636215686798096,302,428,428,462
9.636215686798096,302,428,428,462
9.636215686798096,302,428,428,462
9.636215686798096,302,428,428,462
9.636215686798096,302,428,428,462
9.636215686798096,301,428,428,462
9.636215686798096,301,428,428,462
9.636215686798096,301,428,428,462
9.636215686798096,301,428,428,462
9.636215686798096,301,428,428,462
9.636215686798096,301,428,428,462
9.636215686798096,301,428,428,462
9.65227484703064,301,428,428,462
9.65227484703064,301,428,428,462
9.654540538787842,301,428,428,462
9.654794454574585,301,428,428,462
9.654794454574585,301,428,428,462
9.657307624816895,301,428,428,462
9.657307624816895,301,428,428,462
9.657307624816895,301,428,428,462
9.657307624816895,301,428,428,462
9.657307624816895,301,428,428,462
9.657307624816895,301,428,428,462
9.657307624816895,301,428,428,462
9.657307624816895,300,428,427,462
9.657307624816895,300,428,427,462
9.657307624816895,300,428,427,462
9.657307624816895,300,428,427,462
9.657307624816895,300,428,427,461
9.66803503036499,300,428,427,461
9.66803503036499,300,428,427,461
9.66803503036499,300,427,427,461
9.66803503036499,300,427,427,461
9.66803503036499,300,427,427,461
9.66803503036499,300,427,427,461
9.66803503036499,300,426,427,461
9.66803503036499,300,426,427,462
9.66803503036499,299,426,427,462
9.66803503036499,299,426,427,462
9.66803503036499,299,427,427,462
9.66803503036499,299,427,427,462
9.66803503036499,300,427,427,462
9.66803503036499,300,428,427,462
9.66803503036499,300,428,427,462
9.66803503036499,300,428,427,461
9.66803503036499,300,428,427,461
9.683708190917969,299,428,429,462
9.683708190917969,299,427,429,462
9.683708190917969,299,427,429,462
9.683708190917969,299,427,429,462
9.683708190917969,299,427,429,463
9.683708190917969,299,427,429,463
9.683708190917969,299,427,429,463
9.683708190917969,299,428,429,463
9.683708190917969,299,428,429,463
9.683708190917969,299,428,429,463
9.683708190917969,299,429,429,463
9.683708190917969,299,429,429,463
9.683708190917969,299,429,429,463
9.683708190917969,299,429,429,463
9.683708190917969,299,430,429,463
9.683708190917969,299,429,429,463
9.683708190917969,299,429,429,463
9.699488878250122,299,429,429,463
9.699488878250122,299,429,429,463
9.699488878250122,299,429,429,463
9.699488878250122,299,429,429,463
9.699488878250122,299,429,429,463
9.699488878250122,299,429,426,462
9.699488878250122,299,429,426,462
9.699488878250122,299,429,426,462
9.699488878250122,299,429,426,461
9.699488878250122,299,429,426,461
9.699488878250122,299,429,426,461
9.699488878250122,299,428,426,461
9.699488878250122,299,427,426,461
9.699488878250122,300,427,426,461
9.699488878250122,300,426,426,461
9.699488878250122,300,426,426,461
9.699488878250122,300,426,426,461
9.699488878250122,300,426,426,461
9.716048955917358,300,426,426,461
9.71714735031128,300,426,426,461
9.71714735031128,300,426,426,461
9.71714735031128,300,426,426,461
9.71714735031128,300,426,426,461
9.71714735031128,300,426,426,461
9.71714735031128,300,427,426,461
9.71714735031128,300,427,426,461
9.71714735031128,300,426,426,460
9.71714735031128,300,426,430,462
9.71714735031128,300,426,430,462
9.71714735031128,300,426,430,462
9.71714735031128,300,426,430,463
9.71714735031128,300,426,430,463
9.71714735031128,300,427,430,463
9.71714735031128,300,427,430,463
9.71714735031128,300,428,430,463
9.731084823608398,300,428,430,464
9.731084823608398,300,429,430,463
9.731084823608398,301,430,430,463
9.731084823608398,301,430,430,463
9.731084823608398,301,430,430,463
9.731084823608398,301,430,430,463
9.731084823608398,301,430,430,463
9.731084823608398,301,430,430,463
9.731084823608398,301,430,430,463
9.731084823608398,301,430,430,463
9.731084823608398,301,430,430,463
9.731084823608398,301,429,430,464
9.731084823608398,301,429,430,464
9.731084823608398,301,429,430,464
9.731084823608398,314,429,426,462
9.731084823608398,314,430,426,462
9.731084823608398,314,430,426,462
9.746765851974487,314,430,426,462
9.747706174850464,314,429,426,461
9.74850606918335,302,429,426,461
9.749161720275879,302,429,426,461
9.749161720275879,302,428,426,461
9.749161720275879,302,428,426,461
9.749161720275879,302,427,426,461
9.749161720275879,302,426,426,461
9.749161720275879,302,426,426,461
9.749161720275879,301,426,426,461
9.749161720275879,301,426,426,461
9.749161720275879,301,426,426,461
9.757447242736816,301,426,426,461
9.757447242736816,301,426,426,461
9.757447242736816,301,426,426,461
9.757447242736816,301,426,426,461
9.757447242736816,301,426,426,461
9.762411117553711,302,426,426,461
9.762411117553711,302,427,426,461
9.763899087905884,314,427,431,462
9.764671802520752,314,426,431,462
9.764671802520752,314,426,431,463
9.764671802520752,314,426,431,463
9.764671802520752,301,427,431,463
9.764671802520752,301,427,431,464
9.764671802520752,301,428,431,464
9.764671802520752,301,428,431,464
9.764671802520752,301,429,431,464
9.764671802520752,301,430,431,464
9.764671802520752,301,430,431,464
9.764671802520752,301,430,431,464
9.764671802520752,301,431,431,464
9.764671802520752,301,431,431,464
9.764671802520752,301,431,431,464
9.77821135520935,301,431,431,464
9.77821135520935,301,431,431,464
9.7796630859375,301,431,431,464
9.7796630859375,301,431,431,464
9.7796630859375,301,431,431,464
9.7796630859375,300,431,431,464
9.7796630859375,300,430,431,464
9.7796630859375,300,430,425,463
9.7796630859375,300,430,425,463
9.7796630859375,300,430,425,462
9.7796630859375,300,430,425,462
9.7796630859375,300,430,425,461
9.7796630859375,300,429,425,461
9.7796630859375,299,429,425,461
9.7796630859375,299,428,425,461
9.7796630859375,299,428,425,460
9.7796630859375,299,427,425,460
9.7796630859375,299,427,425,460
9.794047355651855,299,427,425,460
9.794047355651855,299,426,425,460
9.79544472694397,299,426,425,460
9.796654462814331,299,425,425,460
9.797876834869385,298,425,425,460
9.798641443252563,298,425,425,460
9.799520492553711,298,425,425,460
9.799520492553711,298,425,425,460
9.799520492553711,298,425,425,460
9.799520492553711,299,425,425,460
9.799520492553711,299,425,425,460
9.799520492553711,311,425,431,462
9.799520492553711,311,425,431,462
9.799520492553711,311,425,431,463
9.799520492553711,311,425,431,463
9.799520492553711,299,426,431,464
9.799520492553711,299,427,431,464
9.799520492553711,299,428,431,464
9.810177087783813,299,429,431,464
9.816629409790039,299,430,431,464
9.816629409790039,299,430,431,464
9.816629409790039,299,430,431,464
9.816629409790039,299,431,431,464
9.816629409790039,299,431,431,464
9.816629409790039,299,431,431,464
9.816629409790039,299,431,431,464
9.852110624313354,299,431,431,464
9.852110624313354,299,431,431,464
9.852110624313354,299,431,431,464
9.852110624313354,299,431,431,464
9.852110624313354,299,431,431,464
9.852110624313354,299,431,431,464
9.852110624313354,299,431,425,463
9.852110624313354,299,431,425,462
9.852110624313354,299,431,425,462
9.852110624313354,299,430,425,462
9.852110624313354,299,430,425,461
9.852110624313354,299,430,425,461
9.852110624313354,300,429,425,460
9.852110624313354,300,429,425,460
9.852110624313354,300,428,425,460
9.852110624313354,300,427,425,460
9.852110624313354,300,426,425,460
9.852110624313354,300,426,425,460
9.852110624313354,300,425,425,460
9.852110624313354,300,425,425,460
9.852110624313354,300,425,425,460
9.852110624313354,300,425,425,460
9.852110624313354,300,425,425,460
9.854118585586548,300,425,425,460
9.854118585586548,300,425,425,460
9.854118585586548,300,425,425,460
9.854118585586548,300,425,425,460
9.854118585586548,300,425,425,460
9.854118585586548,300,425,425,460
9.854118585586548,301,425,432,462
9.854118585586548,301,425,432,462
9.854118585586548,301,425,432,463
9.854118585586548,301,425,432,464
9.854118585586548,301,426,432,464
9.854118585586548,301,427,432,464
9.854118585586548,301,428,432,464
9.854118585586548,301,429,432,465
9.854118585586548,301,429,432,465
9.854118585586548,301,430,432,465
9.854118585586548,302,430,432,465
9.854118585586548,302,431,432,465
9.85578203201294,302,432,432,465
9.85578203201294,302,432,432,465
9.85578203201294,302,432,432,465
9.857792139053345,302,432,432,465
9.857792139053345,302,432,432,465
9.857792139053345,302,432,432,465
9.860547304153442,302,432,432,465
9.860547304153442,302,432,432,465
9.86194109916687,302,432,432,465
9.862974405288696,302,432,432,465
9.862974405288696,315,432,426,463
9.862974405288696,315,432,426,463
9.866153478622437,315,432,426,462
9.866153478622437,315,432,426,462
9.866153478622437,302,431,426,461
9.866153478622437,301,430,426,461
9.866153478622437,301,430,426,461
9.866153478622437,301,428,426,461
9.866153478622437,301,428,426,461
9.866153478622437,301,427,426,461
9.866153478622437,301,427,426,461
9.866153478622437,301,426,426,461
9.874783754348755,301,426,426,461
9.874783754348755,301,426,426,461
9.874783754348755,301,426,426,461
9.874783754348755,301,426,426,461
9.874783754348755,300,426,426,461
9.874783754348755,300,426,426,461
9.874783754348755,300,426,426,461
9.874783754348755,300,426,426,461
9.882710456848145,300,426,426,461
9.882710456848145,300,426,426,461
9.882710456848145,300,426,429,462
9.882710456848145,300,427,429,462
9.882710456848145,300,427,429,462
9.882710456848145,300,427,429,462
9.882710456848145,300,427,429,462
9.882710456848145,300,427,429,462
9.882710456848145,300,427,429,463
9.882710456848145,300,427,429,463
9.882710456848145,299,427,429,463
9.882710456848145,299,428,429,463
9.882710456848145,299,428,429,463
9.882710456848145,299,428,429,463
9.882710456848145,299,429,429,463
9.882710456848145,299,429,429,463
9.882710456848145,299,429,429,463
9.882710456848145,299,429,429,463
9.899126768112183,299,429,429,463
9.899607419967651,299,429,429,463
9.899607419967651,299,429,429,463
9.899607419967651,299,429,429,463
9.899607419967651,299,429,429,463
9.899607419967651,299,429,426,462
9.899607419967651,299,429,426,462
9.899607419967651,299,429,426,462
9.899607419967651,299,429,426,462
9.899607419967651,299,429,426,461
9.899607419967651,299,429,426,461
9.899607419967651,299,428,426,461
9.899607419967651,298,428,426,461
9.899607419967651,298,427,426,461
9.899607419967651,298,427,426,461
9.899607419967651,298,427,426,461
9.899607419967651,298,426,426,461
9.899607419967651,298,426,426,461
9.91469120979309,298,427,426,461
9.91618013381958,298,427,426,461
9.917399883270264,298,426,426,461
9.917896747589111,298,426,426,461
9.917896747589111,298,426,426,461
9.917896747589111,299,426,426,461
9.917896747589111,299,427,426,461
9.917896747589111,299,427,426,460
9.922858953475952,299,426,426,460
9.922858953475952,312,426,430,462
9.922858953475952,312,426,430,462
9.922858953475952,312,426,430,462
9.922858953475952,312,426,430,463
9.922858953475952,312,426,430,463
9.922858953475952,299,426,430,463
9.922858953475952,300,427,430,463
9.922858953475952,300,428,430,463
9.931007623672485,299,428,430,463
9.931007623672485,300,428,430,463
9.931007623672485,300,429,430,463
9.933083534240723,300,429,430,463
9.933083534240723,300,429,430,464
9.933083534240723,300,430,430,464
9.933083534240723,300,430,430,463
9.933083534240723,300,430,430,463
9.933083534240723,300,430,430,463
9.939210891723633,300,430,430,463
9.939210891723633,301,430,430,463
9.939210891723633,301,430,430,463
9.939210891723633,301,430,430,463
9.939210891723633,301,430,430,463
9.939210891723633,314,430,428,463
9.939210891723633,314,430,428,463
9.939210891723633,314,430,428,463
9.939210891723633,314,430,428,463
9.947451829910278,314,429,428,463
9.947451829910278,301,429,428,463
9.947451829910278,301,429,428,463
9.947451829910278,301,429,428,462
9.947451829910278,301,429,428,462
9.947451829910278,301,430,428,462
9.947451829910278,301,429,428,462
9.947451829910278,301,429,428,462
9.947451829910278,301,429,428,462
9.955531597137451,301,428,428,462
9.955531597137451,301,428,428,462
9.955531597137451,301,428,428,462
9.958110570907593,301,428,428,462
9.958110570907593,301,428,428,462
9.958110570907593,301,428,428,462
9.958110570907593,301,428,428,462
9.958110570907593,301,428,428,462
9.958110570907593,301,428,428,462
9.958110570907593,314,428,429,462
9.958110570907593,314,428,429,462
9.958110570907593,314,428,429,462
9.958110570907593,313,428,429,463
9.958110570907593,301,428,429,463
9.958110570907593,301,428,429,463
9.958110570907593,301,428,429,463
9.958110570907593,301,429,429,463
9.971276760101318,301,429,429,463
9.972222089767456,301,429,429,463
9.972222089767456,301,429,429,463
9.972222089767456,301,429,429,463
9.972222089767456,300,429,429,463
9.972222089767456,300,429,429,463
9.972222089767456,300,430,429,462
9.972222089767456,300,429,429,463
9.972222089767456,300,429,429,463
9.972222089767456,300,429,429,463
9.972222089767456,300,429,429,463
9.972222089767456,300,429,429,463
9.972222089767456,300,429,429,463
9.972222089767456,300,429,429,463
9.972222089767456,300,429,427,462
9.972222089767456,300,429,427,462
9.972222089767456,300,429,427,462
9.987002849578857,300,429,427,462
9.987002849578857,299,429,427,461
9.987002849578857,299,429,427,461
9.987002849578857,299,428,427,461
9.987002849578857,299,428,427,461
9.987002849578857,299,427,427,461
9.987002849578857,299,427,427,461
9.987002849578857,299,427,427,461
9.987002849578857,299,427,427,461
9.987002849578857,299,427,427,461
9.987002849578857,299,426,427,461
9.987002849578857,299,426,427,462
9.987002849578857,299,427,427,461
9.987002849578857,299,427,427,461
9.987002849578857,299,427,427,461
9.987002849578857,299,427,427,461
9.987002849578857,299,427,427,461
9.987002849578857,299,427,427,461
10.002854108810425,299,427,427,461
10.002854108810425,298,427,429,462
10.004867315292358,298,426,429,462
10.004867315292358,298,427,429,462
10.004867315292358,298,427,429,462
10.004867315292358,298,427,429,463
10.004867315292358,298,427,429,463
10.004867315292358,299,428,429,463
10.004867315292358,299,428,429,463
10.004867315292358,299,429,429,463
10.004867315292358,299,429,429,463
10.004867315292358,299,429,429,463
10.004867315292358,299,429,429,463
10.004867315292358,299,429,429,463
10.004867315292358,299,429,429,463
10.004867315292358,299,429,429,463
10.01853322982788,299,430,429,463
10.01853322982788,299,430,429,462
10.020042419433594,299,429,429,462
10.021159648895264,299,429,429,462
10.021773099899292,299,429,429,462
10.021773099899292,299,429,429,462
10.021773099899292,299,429,427,462
10.021773099899292,299,428,427,462
10.021773099899292,299,428,427,462
10.026550769805908,299,428,427,462
10.026550769805908,299,428,427,462
10.026550769805908,299,428,427,462
10.026550769805908,299,428,427,462
10.026550769805908,299,428,427,462
10.026550769805908,299,428,427,461
10.026550769805908,299,428,427,461
10.026550769805908,300,428,427,461
10.033876180648804,300,428,427,461
10.033876180648804,300,428,427,461
10.034888744354248,300,427,427,461
10.034888744354248,300,427,427,461
10.034888744354248,300,427,427,461
10.034888744354248,300,427,427,461
10.034888744354248,300,427,427,461
10.034888744354248,300,427,427,461
10.034888744354248,301,427,427,461
10.034888744354248,301,427,427,461
10.043308019638062,301,427,427,461
10.043308019638062,313,427,430,462
10.043308019638062,313,426,430,463
10.045414686203003,313,426,430,463
10.045927047729492,313,426,430,463
10.047663688659668,313,427,430,463
10.048204898834229,313,427,430,464
10.048204898834229,301,428,430,464
10.04979395866394,301,429,430,464
10.04979395866394,301,429,430,463
10.04979395866394,301,430,430,464
10.04979395866394,301,430,430,463
10.04979395866394,301,430,430,463
10.04979395866394,301,430,430,463
10.04979395866394,301,430,430,463
10.04979395866394,301,430,430,463
10.04979395866394,301,430,430,463
10.05814790725708,302,430,430,463
10.059158086776733,302,429,430,463
10.060547351837158,302,429,430,464
10.060547351837158,302,430,430,464
10.060547351837158,302,430,430,464
10.060547351837158,302,430,430,464
10.060547351837158,315,430,427,463
10.060547351837158,315,430,427,463
10.060547351837158,314,431,427,462
10.060547351837158,314,431,427,462
10.060547351837158,301,431,427,462
10.060547351837158,301,430,427,461
10.060547351837158,301,429,427,461
10.060547351837158,301,429,427,461
10.060547351837158,301,428,427,461
10.060547351837158,301,428,427,461
10.060547351837158,301,427,427,461
10.060547351837158,301,427,427,461
10.074842691421509,301,426,427,461
10.074842691421509,301,426,427,462
10.074842691421509,300,426,427,462
10.074842691421509,300,426,427,462
10.074842691421509,300,427,427,462
10.074842691421509,301,427,427,462
10.074842691421509,301,427,427,462
10.074842691421509,300,428,427,462
10.074842691421509,300,428,427,461
10.074842691421509,300,428,427,461
10.074842691421509,300,428,428,462
10.074842691421509,300,428,428,462
10.074842691421509,300,427,428,462
10.074842691421509,300,427,428,462
10.074842691421509,300,427,428,462
10.074842691421509,300,427,428,462
10.074842691421509,300,428,428,462
10.090666770935059,299,428,428,462
10.090666770935059,299,428,428,462
10.090666770935059,299,428,428,462
10.090666770935059,299,428,428,462
10.090666770935059,299,428,428,462
10.090666770935059,299,428,428,462
10.090666770935059,299,428,428,462
10.090666770935059,299,428,428,462
10.090666770935059,299,428,428,462
10.090666770935059,299,428,428,462
10.090666770935059,299,428,428,462
10.090666770935059,299,428,428,462
10.090666770935059,299,428,428,462
10.090666770935059,299,428,428,462
10.090666770935059,299,428,428,462
10.090666770935059,299,428,428,462
10.090666770935059,299,428,428,462
10.090666770935059,299,428,428,462
10.106604099273682,299,428,428,462
10.107393741607666,299,428,428,462
10.107393741607666,299,428,428,462
10.107393741607666,299,428,428,462
10.107393741607666,299,428,428,462
10.107393741607666,299,428,428,462
10.107393741607666,298,428,428,462
10.107393741607666,298,428,428,462
10.107393741607666,298,428,428,462
10.107393741607666,298,428,428,462
10.107393741607666,299,428,428,462
10.107393741607666,299,428,428,462
10.107393741607666,299,428,428,462
10.107393741607666,299,428,428,462
10.107393741607666,299,428,428,462
10.107393741607666,299,428,428,462
10.107393741607666,299,428,428,462
10.122440338134766,299,428,428,462
10.122440338134766,299,428,428,462
10.124237060546875,299,428,429,462
10.124237060546875,299,428,429,462
10.124237060546875,299,428,429,462
10.124237060546875,299,427,429,462
10.124237060546875,299,428,429,462
10.124237060546875,299,428,429,463
10.124237060546875,299,428,429,463
10.124237060546875,299,428,429,463
10.124237060546875,299,428,429,463
10.124237060546875,299,428,429,463
10.124237060546875,299,429,429,463
10.124237060546875,300,429,429,463
10.124237060546875,300,429,429,463
10.124237060546875,300,429,429,463
10.124237060546875,300,429,429,463
10.124237060546875,300,429,429,463
10.1381995677948,300,429,429,463
10.1381995677948,300,430,429,463
10.1381995677948,300,430,429,462
10.1381995677948,300,429,429,462
10.1381995677948,300,429,429,463
10.1381995677948,300,429,429,463
10.1381995677948,300,429,428,462
10.1381995677948,300,429,428,462
10.1381995677948,300,429,428,462
10.1381995677948,300,429,428,462
10.1381995677948,300,429,428,462
10.1381995677948,300,429,428,462
10.1381995677948,300,428,428,462
10.1381995677948,300,428,428,462
10.1381995677948,300,428,428,462
10.1381995677948,300,428,428,462
10.1381995677948,300,428,428,462
10.154261827468872,300,428,428,462
10.154261827468872,300,428,428,462
10.155481815338135,300,428,428,462
10.15632963180542,300,428,428,462
10.157393455505371,300,428,428,462
10.158400297164917,300,428,428,462
10.158925294876099,300,428,428,462
10.158925294876099,300,428,428,462
10.16176152229309,301,428,428,462
10.16176152229309,301,428,428,462
10.16176152229309,301,428,428,462
10.164004802703857,301,428,429,462
10.164733409881592,301,428,429,462
10.165834903717041,301,428,429,462
10.166561603546143,300,428,429,462
10.167861700057983,300,428,429,463
10.168462991714478,300,428,429,463
10.16933798789978,300,428,429,463
10.170345067977905,300,428,429,463
10.171277046203613,300,429,429,463
10.172088384628296,300,429,429,463
10.17292594909668,300,429,429,463
10.174029111862183,301,429,429,463
10.174845218658447,301,429,429,463
10.175561428070068,300,430,429,463
10.176761865615845,300,430,429,462
10.17780065536499,300,430,429,462
10.178506851196289,300,429,429,462
10.179612398147583,301,429,429,462
10.180651903152466,301,429,429,462
10.181386470794678,301,429,429,462
10.181386470794678,300,429,429,462
10.183400392532349,300,429,429,462
10.183400392532349,300,428,427,462
10.183400392532349,300,428,427,462
10.183400392532349,300,428,427,462
10.186443328857422,300,428,427,462
10.186443328857422,300,428,427,462
10.186443328857422,300,428,427,462
10.186443328857422,300,428,427,462
10.19054365158081,300,428,427,461
10.19054365158081,300,428,427,461
10.19054365158081,300,428,427,461
10.193318367004395,300,428,427,461
10.193318367004395,300,428,427,461
10.193318367004395,300,428,427,461
10.193318367004395,300,427,427,461
10.193318367004395,299,427,427,461
10.193318367004395,299,427,427,461
10.193318367004395,299,426,427,462
10.193318367004395,299,426,427,462
10.193318367004395,300,427,427,462
10.193318367004395,300,427,427,462
10.202240467071533,300,427,427,462
10.202240467071533,300,427,427,462
10.204559326171875,300,428,429,462
10.204559326171875,300,428,429,462
10.204559326171875,300,428,429,462
10.204559326171875,300,428,429,462
10.204559326171875,299,428,429,462
10.204559326171875,299,428,429,462
10.204559326171875,299,428,429,462
10.204559326171875,299,428,429,462
10.204559326171875,299,428,429,463
10.204559326171875,299,428,429,463
10.204559326171875,299,428,429,463
10.204559326171875,300,428,429,463
10.204559326171875,300,428,429,463
10.204559326171875,300,429,429,463
10.204559326171875,300,429,429,463
10.219178676605225,300,429,429,463
10.219178676605225,300,429,429,463
10.219178676605225,300,430,429,462
10.220742464065552,300,430,429,462
10.220742464065552,300,430,429,462
10.222273349761963,300,429,429,462
10.223814010620117,299,429,426,462
10.223814010620117,299,429,426,461
10.22533893585205,299,429,426,461
10.22533893585205,300,428,426,461
10.226862668991089,300,428,426,461
10.228383779525757,300,428,426,461
10.228383779525757,300,427,426,461
10.229906797409058,300,427,426,461
10.229906797409058,300,427,426,461
10.231431722640991,300,427,426,461
10.231431722640991,300,426,426,461
10.232957124710083,300,427,426,461
10.23449420928955,300,427,426,461
10.23449420928955,300,427,426,461
10.236138105392456,300,427,426,461
10.237769365310669,300,427,426,460
10.237769365310669,300,427,426,460
10.23945951461792,300,426,426,460
10.23945951461792,300,426,426,460
10.241139888763428,300,425,426,460
10.241139888763428,300,425,426,461
10.242861270904541,300,425,426,461
10.242861270904541,300,425,431,462
10.244444131851196,300,425,431,463
10.246031999588013,300,426,431,463
10.246031999588013,300,426,431,463
10.247716426849365,300,427,431,463
10.247716426849365,300,427,431,463
10.24939513206482,300,429,431,464
10.24939513206482,300,429,431,464
10.251022338867188,300,429,431,464
10.251022338867188,300,430,431,464
10.252632856369019,300,430,431,464
10.254222631454468,300,430,431,464
10.254222631454468,301,431,431,464
10.255813598632812,301,431,431,464
10.257025480270386,301,431,431,464
10.257410287857056,301,431,431,464
10.258548498153687,301,431,431,464
10.258548498153687,301,431,431,464
10.258548498153687,301,431,431,464
10.258548498153687,301,431,431,464
10.258548498153687,301,431,431,464
10.258548498153687,301,431,431,464
10.258548498153687,301,431,426,463
10.258548498153687,301,431,426,462
10.258548498153687,301,431,426,462
10.266890048980713,301,430,426,461
10.266890048980713,301,430,426,461
10.266890048980713,301,430,426,461
10.266890048980713,301,429,426,461
10.266890048980713,301,428,426,461
10.266890048980713,301,427,426,461
10.266890048980713,300,427,426,461
10.266890048980713,300,427,426,461
10.266890048980713,300,427,426,461
10.266890048980713,300,427,426,461
10.266890048980713,300,426,426,461
10.266890048980713,300,426,426,461
10.266890048980713,300,426,426,461
10.266890048980713,300,426,426,461
10.266890048980713,300,426,426,461
10.266890048980713,300,427,426,461
10.266890048980713,300,426,426,461
10.266890048980713,300,426,426,461
10.283309698104858,300,426,426,461
10.284382104873657,300,426,429,461
10.284382104873657,300,426,429,462
10.284382104873657,300,427,429,462
10.284382104873657,300,427,429,462
10.284382104873657,300,427,429,462
10.284382104873657,300,427,429,462
10.284382104873657,300,427,429,462
10.284382104873657,300,428,429,462
10.284382104873657,299,428,429,462
10.284382104873657,299,428,429,462
10.284382104873657,299,428,429,462
10.284382104873657,299,428,429,463
10.284382104873657,299,428,429,463
10.284382104873657,300,428,429,463
10.284382104873657,299,428,429,463
10.284382104873657,299,429,429,463
10.298355102539062,299,429,429,463
10.298355102539062,299,429,429,463
10.298355102539062,300,429,429,463
10.298355102539062,300,429,429,463
10.298355102539062,300,429,429,463
10.298355102539062,300,429,429,463
10.298355102539062,299,430,426,462
10.298355102539062,299,430,426,461
10.298355102539062,299,429,426,461
10.298355102539062,299,429,426,461
10.298355102539062,300,429,426,461
10.298355102539062,300,428,426,460
10.298355102539062,300,427,426,460
10.298355102539062,300,427,426,461
10.298355102539062,300,426,426,461
10.298355102539062,300,426,426,461
10.298355102539062,299,426,426,461
10.314175605773926,300,426,426,461
10.314175605773926,300,426,426,461
10.315922021865845,300,426,426,461
10.315922021865845,300,426,426,461
10.315922021865845,299,426,426,461
10.315922021865845,299,426,426,461
10.315922021865845,299,426,426,461
10.315922021865845,299,426,426,461
10.315922021865845,299,426,426,461
10.322429895401001,299,426,426,461
10.322429895401001,299,427,426,461
10.322429895401001,299,426,430,461
10.322429895401001,299,426,430,462
10.322429895401001,300,427,430,462
10.322429895401001,300,427,430,462
10.322429895401001,300,427,430,463
10.322429895401001,300,427,430,463
10.322429895401001,300,428,430,463
10.33046841621399,300,428,430,463
10.33046841621399,300,429,430,463
10.33046841621399,300,429,430,463
10.33046841621399,300,429,430,463
10.33046841621399,300,429,430,463
10.33046841621399,300,430,430,463
10.33046841621399,301,430,430,463
10.33046841621399,301,429,430,463
10.33046841621399,301,429,430,463
10.338497638702393,301,429,430,463
10.338497638702393,301,429,430,464
10.340545415878296,301,429,430,464
10.340545415878296,301,430,430,464
10.340545415878296,301,430,430,463
10.340545415878296,301,430,430,463
10.340545415878296,314,430,428,463
10.340545415878296,314,430,428,463
10.340545415878296,314,430,428,463
10.340545415878296,314,430,428,462
10.340545415878296,314,430,428,462
10.340545415878296,301,430,428,462
10.349801063537598,301,429,428,462
10.349801063537598,301,429,428,462
10.349801063537598,301,429,428,462
10.349801063537598,301,428,428,462
10.349801063537598,300,428,428,462
10.349801063537598,300,428,428,462
10.349801063537598,300,428,428,462
10.349801063537598,300,428,428,462
10.349801063537598,300,428,428,462
10.357422351837158,301,428,428,462
10.358932495117188,301,428,428,462
10.358932495117188,301,428,428,462
10.358932495117188,301,428,428,462
10.358932495117188,301,428,428,462
10.358932495117188,300,428,428,462
10.358932495117188,300,428,428,462
10.358932495117188,300,428,428,462
10.365530490875244,300,428,428,462
10.36609697341919,300,428,428,462
10.36609697341919,300,428,428,462
10.36609697341919,300,428,428,462
10.36609697341919,300,428,428,462
10.36609697341919,300,428,428,462
10.36609697341919,300,428,428,462
10.36609697341919,300,428,428,462
10.36609697341919,300,428,428,462
10.36609697341919,300,428,428,462
10.373910427093506,300,428,428,462
10.374666929244995,300,428,428,462
10.375771760940552,300,428,428,462
10.37661600112915,300,428,428,462
10.377408981323242,300,428,428,462
10.377408981323242,300,428,428,462
10.377408981323242,300,428,428,462
10.377408981323242,300,428,428,462
10.377408981323242,300,428,428,462
10.382246732711792,300,428,428,462
10.382246732711792,300,428,428,462
10.382246732711792,300,428,428,462
10.382246732711792,300,428,428,462
10.382246732711792,300,428,428,462
10.382246732711792,300,428,428,462
10.382246732711792,300,428,428,462
10.382246732711792,300,428,428,462
10.382246732711792,300,428,428,462
10.382246732711792,300,428,428,462
10.391021013259888,300,428,428,462
10.392032623291016,300,428,428,462
10.392032623291016,300,428,428,462
10.39358901977539,300,428,428,462
10.39358901977539,300,428,428,462
10.395169734954834,300,428,428,462
10.396748542785645,300,428,428,462
10.396748542785645,300,428,428,462
10.3984375,300,428,428,462
10.3984375,300,428,428,462
10.3984375,300,428,428,462
10.3984375,300,428,428,462
10.3984375,300,428,428,462
10.3984375,299,428,428,462
10.3984375,299,428,427,462
10.3984375,299,428,427,462
10.406353950500488,299,428,427,462
10.406353950500488,299,428,427,462
10.407562971115112,300,428,427,462
10.407562971115112,300,428,427,462
10.407562971115112,300,428,427,461
10.407562971115112,300,428,427,461
10.407562971115112,300,428,427,461
10.407562971115112,300,427,427,461
10.407562971115112,300,427,427,461
10.407562971115112,300,427,427,461
10.407562971115112,300,427,427,461
10.416177988052368,300,426,427,461
10.416489601135254,300,426,427,462
10.416489601135254,300,426,427,462
10.416489601135254,300,426,427,462
10.416489601135254,300,426,427,462
10.416489601135254,300,427,427,462
10.416489601135254,300,427,427,462
10.416489601135254,300,427,427,462
10.416489601135254,300,427,427,462
10.424390077590942,300,428,429,462
10.424390077590942,300,428,429,462
10.424390077590942,300,428,429,462
10.424390077590942,300,428,429,462
10.424390077590942,301,428,429,462
10.424390077590942,301,428,429,462
10.424390077590942,301,428,429,462
10.424390077590942,301,428,429,462
10.424390077590942,301,428,429,463
10.432634592056274,301,428,429,463
10.43326210975647,301,428,429,463
10.43326210975647,301,428,429,463
10.43326210975647,301,428,429,463
10.43326210975647,302,428,429,463
10.43326210975647,301,428,429,463
10.43326210975647,301,429,429,463
10.43326210975647,301,429,429,463
10.43326210975647,301,429,429,463
10.440899133682251,301,429,429,463
10.442033767700195,301,429,429,463
10.442723751068115,301,429,429,463
10.442723751068115,301,429,429,463
10.442723751068115,301,429,428,463
10.442723751068115,301,429,428,463
10.442723751068115,301,429,428,462
10.442723751068115,301,429,428,462
10.442723751068115,301,429,428,462
10.448770761489868,301,429,428,462
10.448770761489868,301,429,428,462
10.448770761489868,301,429,428,462
10.448770761489868,301,428,428,462
10.448770761489868,301,428,428,462
10.448770761489868,301,428,428,462
10.448770761489868,301,428,428,462
10.448770761489868,301,428,428,462
10.448770761489868,301,428,428,462
10.457133054733276,301,428,428,462
10.457133054733276,301,428,428,462
10.457133054733276,301,428,428,462
10.459349870681763,301,428,428,462
10.459349870681763,301,428,428,462
10.459349870681763,301,428,428,462
10.459349870681763,301,428,428,462
10.459349870681763,301,428,428,462
10.459349870681763,300,428,429,462
10.459349870681763,301,428,429,463
10.459349870681763,301,428,429,463
10.459349870681763,301,428,429,463
10.459349870681763,301,428,429,463
10.459349870681763,301,429,429,463
10.459349870681763,301,429,429,463
10.459349870681763,301,429,429,463
10.459349870681763,301,429,429,463
10.472787618637085,301,429,429,463
10.472787618637085,300,429,429,463
10.472787618637085,300,429,429,463
10.47480034828186,300,429,429,463
10.47480034828186,300,429,429,463
10.47480034828186,300,429,429,463
10.47480034828186,300,429,429,463
10.47480034828186,300,429,429,463
10.47480034828186,300,429,429,463
10.47480034828186,300,429,429,463
10.47480034828186,299,430,429,463
10.47480034828186,299,429,429,462
10.47480034828186,299,429,429,463
10.47480034828186,312,429,426,462
10.47480034828186,312,429,426,462
10.47480034828186,312,429,426,461
10.47480034828186,312,429,426,461
10.47480034828186,299,429,426,461
10.488433837890625,299,428,426,461
10.489659309387207,299,427,426,461
10.490869998931885,299,427,426,461
10.491981506347656,299,426,426,461
10.491981506347656,299,426,426,461
10.491981506347656,299,426,426,461
10.491981506347656,299,426,426,461
10.491981506347656,299,426,426,461
10.491981506347656,299,426,426,461
10.496549367904663,299,426,426,461
10.496549367904663,299,426,426,461
10.496549367904663,299,426,426,461
10.499763011932373,299,426,426,461
10.499763011932373,299,426,426,461
10.499763011932373,299,426,426,461
10.499763011932373,299,426,426,461
10.499763011932373,299,426,426,461
10.50472092628479,312,426,430,462
10.50472092628479,312,427,430,462
10.50472092628479,312,427,430,462
10.50472092628479,312,426,430,463
10.50472092628479,299,427,430,463
10.50472092628479,299,427,430,463
10.50472092628479,300,428,430,463
10.50472092628479,300,428,430,463
10.50472092628479,300,429,430,463
10.512823104858398,300,429,430,463
10.513623476028442,300,429,430,463
10.513988256454468,300,429,430,463
10.513988256454468,300,429,430,463
10.513988256454468,300,429,430,464
10.517298221588135,300,429,430,464
10.517746925354004,300,429,430,464
10.517746925354004,300,430,430,464
10.517746925354004,300,430,430,464
10.517746925354004,300,430,430,464
10.517746925354004,300,430,430,464
10.517746925354004,300,431,430,464
10.517746925354004,300,431,430,463
10.517746925354004,300,431,427,463
10.517746925354004,300,431,427,462
10.517746925354004,300,430,427,462
10.517746925354004,301,430,427,462
10.517746925354004,301,430,427,462
10.528725862503052,301,429,427,462
10.529999494552612,301,429,427,461
10.530765533447266,301,428,427,461
10.530765533447266,301,428,427,461
10.530765533447266,301,428,427,461
10.530765533447266,301,427,427,461
10.530765533447266,301,427,427,461
10.530765533447266,301,427,427,461
10.530765533447266,301,427,427,461
10.530765533447266,301,426,427,461
10.530765533447266,301,426,427,462
10.530765533447266,301,426,427,462
10.530765533447266,301,426,427,462
10.530765533447266,301,426,427,462
10.530765533447266,301,427,427,462
10.530765533447266,301,427,427,462
10.530765533447266,300,427,427,462
10.544384479522705,301,428,429,462
10.544384479522705,301,428,429,462
10.544384479522705,301,428,429,462
10.544384479522705,301,428,429,462
10.544384479522705,301,428,429,462
10.544384479522705,301,427,429,463
10.544384479522705,301,428,429,463
10.544384479522705,301,428,429,463
10.544384479522705,301,428,429,463
10.544384479522705,302,428,429,463
10.544384479522705,302,429,429,463
10.544384479522705,302,429,429,463
10.544384479522705,301,429,429,463
10.544384479522705,301,429,429,463
10.544384479522705,301,429,429,463
10.544384479522705,301,429,429,463
10.559355020523071,301,429,429,463
10.560395956039429,301,429,429,463
10.561525583267212,301,429,429,463
10.562311887741089,301,429,429,463
10.562311887741089,301,429,429,463
10.562311887741089,301,429,428,462
10.562311887741089,301,429,428,462
10.562311887741089,301,429,428,462
10.562311887741089,301,429,428,462
10.562311887741089,301,429,428,462
10.562311887741089,301,429,428,462
10.562311887741089,301,428,428,462
10.562311887741089,301,428,428,462
10.562311887741089,301,428,428,462
10.562311887741089,301,428,428,462
10.562311887741089,301,428,428,462
10.562311887741089,301,428,428,462
10.562311887741089,301,428,428,462
10.562311887741089,301,428,428,462
10.576282024383545,300,428,428,462
10.576282024383545,300,428,428,462
10.578294038772583,300,428,428,462
10.578294038772583,300,428,428,462
10.578294038772583,300,428,428,462
10.578294038772583,300,428,428,462
10.578294038772583,300,428,428,462
10.578294038772583,300,428,428,462
10.578294038772583,300,428,428,462
10.578294038772583,300,428,428,462
10.578294038772583,300,428,428,462
10.578294038772583,300,428,428,462
10.578294038772583,300,428,428,462
10.578294038772583,300,428,428,462
10.578294038772583,299,428,428,462
10.578294038772583,299,428,428,462
10.578294038772583,299,428,428,462
10.59201192855835,299,428,428,462
10.59201192855835,299,428,428,462
10.59201192855835,299,428,428,462
10.59452748298645,299,428,428,462
10.595301866531372,299,428,428,462
10.596194744110107,299,428,428,462
10.59737229347229,299,428,428,462
10.598270177841187,299,428,428,462
10.599058866500854,299,428,428,462
10.600301504135132,299,428,428,462
10.600908994674683,299,428,428,462
10.601728677749634,299,428,428,462
10.602572202682495,299,428,428,462
10.603626728057861,299,428,428,462
10.604471921920776,299,428,427,462
10.605783462524414,299,428,427,462
10.606428384780884,299,428,427,462
10.607248067855835,299,428,427,462
10.608371496200562,300,428,427,462
10.60922122001648,300,428,427,462
10.609907627105713,300,428,427,461
10.61121129989624,300,428,427,461
10.61183786392212,300,428,427,461
10.61266016960144,300,427,427,461
10.613972663879395,300,427,427,461
10.614587783813477,300,427,427,461
10.615471601486206,300,427,427,461
10.616180896759033,300,426,427,461
10.6172935962677,300,426,427,462
10.6172935962677,300,426,427,462
10.6172935962677,300,426,427,462
10.6172935962677,300,427,427,462
10.6172935962677,300,427,427,462
10.6172935962677,300,427,427,462
10.623120307922363,300,427,427,462
10.623120307922363,300,428,427,462
10.623120307922363,300,428,429,462
10.623120307922363,300,428,429,462
10.623120307922363,300,428,429,462
10.623120307922363,300,428,429,462
10.623120307922363,300,428,429,462
10.623120307922363,300,428,429,462
10.623120307922363,300,428,429,462
10.623120307922363,301,428,429,462
10.623120307922363,301,428,429,463
10.623120307922363,301,428,429,463
10.623120307922363,301,428,429,463
10.623120307922363,301,428,429,463
10.623120307922363,301,428,429,463
10.623120307922363,301,428,429,463
10.623120307922363,301,429,429,463
10.638872623443604,301,429,429,463
10.638872623443604,302,429,429,463
10.63981032371521,302,429,429,463
10.641699314117432,301,429,429,463
10.642337083816528,301,429,429,463
10.642337083816528,301,429,429,463
10.644345760345459,301,429,428,463
10.64501690864563,301,429,428,462
10.64578914642334,301,429,428,462
10.64657473564148,301,429,428,462
10.647607803344727,301,429,428,462
10.648422956466675,301,429,428,462
10.649760961532593,301,429,428,462
10.650354385375977,301,428,428,462
10.651086807250977,302,428,428,462
10.652340650558472,302,428,428,462
10.65294337272644,302,428,428,462
10.653685092926025,302,428,428,462
10.654491662979126,302,428,428,462
10.655570983886719,302,428,428,462
10.656415939331055,302,428,428,462
10.657647848129272,302,428,428,462
10.658643007278442,302,428,428,462
10.659150838851929,302,428,428,462
10.660157680511475,302,428,428,462
10.661267518997192,301,428,428,462
10.661267518997192,301,428,428,462
10.661267518997192,301,428,428,462
10.661267518997192,301,428,428,462
10.661267518997192,301,428,429,463
10.661267518997192,301,428,429,463
10.661267518997192,301,428,429,463
10.661267518997192,301,428,429,463
10.661267518997192,301,428,429,463
10.661267518997192,301,429,429,463
10.67018747329712,301,429,429,463
10.671483755111694,301,429,429,463
10.671483755111694,301,429,429,463
10.671483755111694,301,429,429,463
10.673492431640625,301,429,429,463
10.673492431640625,301,429,429,463
10.675498247146606,301,429,429,463
10.675498247146606,301,429,429,463
10.677506685256958,301,429,429,463
10.677506685256958,300,429,429,463
10.679517984390259,300,429,429,463
10.679517984390259,300,429,429,463
10.681530475616455,300,429,429,463
10.681530475616455,300,429,429,463
10.681530475616455,300,429,429,463
10.68351125717163,300,429,427,462
10.68351125717163,300,429,427,462
10.685522317886353,300,429,427,462
10.685522317886353,300,429,427,462
10.685522317886353,299,429,427,462
10.685522317886353,299,429,427,462
10.685522317886353,299,428,427,461
10.685522317886353,299,428,427,461
10.685522317886353,299,428,427,461
10.685522317886353,299,427,427,461
10.685522317886353,299,427,427,461
10.685522317886353,299,427,427,461
10.685522317886353,299,427,427,461
10.685522317886353,299,426,427,462
10.685522317886353,299,426,427,462
10.685522317886353,299,426,427,462
10.698293924331665,299,426,427,462
10.698293924331665,299,427,427,462
10.698293924331665,299,427,427,462
10.701265811920166,298,427,427,462
10.701265811920166,298,427,427,462
10.701265811920166,299,428,427,462
10.701265811920166,311,428,429,462
10.701265811920166,312,428,429,462
10.701265811920166,312,428,429,462
10.701265811920166,312,428,429,462
10.701265811920166,312,428,429,462
10.701265811920166,299,428,429,462
10.701265811920166,299,428,429,462
10.701265811920166,299,428,429,462
10.701265811920166,299,428,429,463
10.701265811920166,299,428,429,463
10.701265811920166,299,428,429,463
10.701265811920166,299,428,429,463
10.701265811920166,299,429,429,463
10.701265811920166,299,429,429,463
10.717105627059937,299,429,429,463
10.717105627059937,299,430,429,462
10.717105627059937,299,430,429,462
10.717105627059937,299,429,429,462
10.717105627059937,299,429,429,463
10.717105627059937,299,429,429,463
10.717105627059937,299,429,429,463
10.717105627059937,299,429,429,463
10.717105627059937,299,429,427,462
10.717105627059937,299,429,427,462
10.717105627059937,299,429,427,462
10.717105627059937,299,429,427,462
10.717105627059937,300,429,427,461
10.717105627059937,300,429,427,461
10.717105627059937,300,428,427,461
10.717105627059937,300,428,427,461
10.717105627059937,300,427,427,461
10.732909202575684,300,427,427,461
10.732909202575684,300,427,427,461
10.732909202575684,300,426,427,461
10.732909202575684,300,426,427,462
10.732909202575684,300,427,427,461
10.732909202575684,301,427,427,461
10.732909202575684,300,427,427,461
10.732909202575684,300,427,427,461
10.732909202575684,301,427,427,461
10.732909202575684,301,427,427,461
10.732909202575684,301,427,427,461
10.732909202575684,301,427,427,461
10.732909202575684,301,427,427,461
10.732909202575684,313,426,430,462
10.732909202575684,313,427,430,463
10.732909202575684,314,427,430,463
10.732909202575684,314,427,430,463
10.732909202575684,301,427,430,463
10.748957872390747,301,428,430,463
10.750221014022827,301,428,430,464
10.750805139541626,301,429,430,464
10.750805139541626,301,429,430,464
10.750805139541626,301,429,430,464
10.750805139541626,301,430,430,464
10.750805139541626,301,430,430,464
10.750805139541626,301,430,430,464
10.750805139541626,302,431,430,463
10.750805139541626,302,431,430,463
10.750805139541626,302,431,430,463
10.759591341018677,302,430,430,463
10.759591341018677,302,430,430,463
10.759591341018677,302,430,430,463
10.759591341018677,302,430,430,463
10.759591341018677,302,430,430,463
10.759591341018677,302,429,430,463
10.76471209526062,315,429,427,463
10.76471209526062,315,429,427,463
10.76471209526062,314,429,427,462
10.76471209526062,314,429,427,462
10.76471209526062,301,429,427,462
10.76471209526062,301,429,427,462
10.76471209526062,301,429,427,462
10.76471209526062,301,428,427,462
10.76471209526062,301,428,427,462
10.76471209526062,301,428,427,462
10.76471209526062,301,428,427,462
10.76471209526062,301,428,427,461
10.76471209526062,301,427,427,461
10.76471209526062,301,427,427,462
10.76471209526062,301,427,427,462
10.76471209526062,301,428,427,462
10.76471209526062,301,428,427,461
10.780551433563232,301,428,427,461
10.780551433563232,301,427,427,461
10.780551433563232,300,427,427,461
10.780551433563232,300,427,427,461
10.784194231033325,300,427,428,462
10.785252809524536,300,427,428,462
10.785645723342896,300,427,428,462
10.785645723342896,300,427,428,462
10.785645723342896,300,427,428,462
10.785645723342896,300,427,428,462
10.785645723342896,300,427,428,462
10.785645723342896,300,427,428,462
10.785645723342896,300,428,428,462
10.785645723342896,300,428,428,462
10.785645723342896,299,428,428,462
10.785645723342896,299,428,428,462
10.785645723342896,299,428,428,462
10.785645723342896,299,428,428,462
10.796777963638306,299,428,428,462
10.796777963638306,299,428,428,462
10.798277616500854,299,428,428,462
10.79955244064331,299,428,428,462
10.800081014633179,299,428,428,462
10.800081014633179,299,428,428,462
10.800081014633179,299,428,428,462
10.800081014633179,299,428,428,462
10.800081014633179,299,428,428,462
10.800081014633179,299,428,428,462
10.800081014633179,299,428,428,462
10.800081014633179,299,428,428,462
10.800081014633179,299,428,428,462
10.800081014633179,299,428,428,462
10.800081014633179,299,428,428,462
10.800081014633179,299,428,428,462
10.800081014633179,299,428,428,462
10.800081014633179,299,428,428,462
10.812490940093994,299,428,428,462
10.81341290473938,299,428,428,462
10.815428495407104,299,428,428,462
10.815428495407104,299,428,428,462
10.817014455795288,299,428,428,462
10.817524671554565,299,428,428,462
10.817524671554565,299,428,428,462
10.817524671554565,299,428,428,462
10.820378303527832,299,428,428,462
10.820378303527832,299,428,428,462
10.820378303527832,299,428,428,462
10.820378303527832,299,428,428,462
10.820378303527832,299,428,428,462
10.820378303527832,312,428,429,462
10.820378303527832,312,428,429,463
10.820378303527832,312,428,429,463
10.820378303527832,313,428,429,463
10.820378303527832,300,428,429,463
10.820378303527832,300,428,429,463
10.820378303527832,300,429,429,463
10.820378303527832,300,429,429,463
10.820378303527832,300,429,429,463
10.833133935928345,300,429,429,463
10.833133935928345,300,429,429,463
10.833133935928345,300,429,429,463
10.833133935928345,300,429,429,463
10.833133935928345,300,429,429,463
10.833133935928345,300,429,429,463
10.833133935928345,300,429,429,463
10.833133935928345,300,429,429,463
10.840945720672607,300,429,429,463
10.840945720672607,300,429,429,463
10.840945720672607,300,429,429,463
10.840945720672607,300,429,429,463
10.840945720672607,300,429,428,462
10.840945720672607,301,430,428,462
10.840945720672607,301,430,428,462
10.840945720672607,301,429,428,462
10.840945720672607,301,429,428,462
10.849003076553345,301,429,428,462
10.849545001983643,301,428,428,462
10.849545001983643,301,428,428,462
10.849545001983643,301,428,428,462
10.849545001983643,301,428,428,462
10.849545001983643,301,428,428,462
10.849545001983643,301,428,428,462
10.849545001983643,301,428,428,462
10.849545001983643,301,428,428,462
10.85715126991272,301,428,428,462
10.85715126991272,301,428,428,462
10.85715126991272,301,428,428,462
10.85715126991272,301,428,428,462
10.86001992225647,301,428,428,462
10.86001992225647,301,428,428,462
10.86001992225647,301,428,428,462
10.86001992225647,301,428,428,462
10.86001992225647,301,428,429,462
10.86001992225647,301,428,429,462
10.8660306930542,301,428,429,463
10.8660306930542,301,428,429,463
10.8660306930542,301,428,429,463
10.8660306930542,301,428,429,463
10.8660306930542,301,428,429,463
10.8660306930542,301,429,429,463
10.8660306930542,301,429,429,463
10.8660306930542,301,429,429,463
10.8660306930542,301,429,429,463
10.8660306930542,301,429,429,463
10.8660306930542,301,429,429,463
10.8660306930542,301,429,429,463
10.8660306930542,301,429,429,463
10.8660306930542,301,429,429,463
10.8660306930542,301,429,429,463
10.8660306930542,301,429,429,463
10.8660306930542,300,429,429,463
10.881393671035767,300,430,429,463
10.881393671035767,300,430,429,462
10.883415222167969,300,429,429,462
10.883415222167969,300,429,427,462
10.88543963432312,300,429,427,462
10.88543963432312,300,429,427,462
10.88543963432312,300,428,427,462
10.887458086013794,300,428,427,462
10.887458086013794,300,428,427,462
10.889467716217041,300,428,427,462
10.889467716217041,299,428,427,461
10.889467716217041,299,428,427,461
10.889467716217041,299,428,427,461
10.889467716217041,299,428,427,461
10.889467716217041,299,428,427,461
10.889467716217041,299,427,427,461
10.889467716217041,299,427,427,461
10.897424459457397,299,427,427,461
10.898430824279785,299,426,427,462
10.898430824279785,299,426,427,462
10.898430824279785,299,426,427,462
10.898430824279785,299,427,427,462
10.898430824279785,299,427,427,462
10.898430824279785,299,427,427,462
10.898430824279785,299,427,427,462
10.898430824279785,299,427,429,462
10.898430824279785,299,428,429,462
10.898430824279785,299,428,429,462
10.898430824279785,299,428,429,462
10.898430824279785,299,428,429,462
10.898430824279785,299,428,429,462
10.898430824279785,299,428,429,462
10.898430824279785,299,428,429,462
10.898430824279785,299,428,429,463
10.898430824279785,299,428,429,463
10.913776159286499,299,428,429,463
10.913776159286499,299,428,429,463
10.913776159286499,299,428,429,463
10.913776159286499,299,429,429,463
10.913776159286499,299,429,429,463
10.913776159286499,299,429,429,463
10.913776159286499,299,430,429,462
10.913776159286499,299,430,429,462
10.913776159286499,299,430,429,462
10.913776159286499,299,430,429,462
10.913776159286499,299,430,429,462
10.913776159286499,300,429,429,462
10.913776159286499,299,429,428,462
10.913776159286499,299,428,428,462
10.913776159286499,299,428,428,462
10.913776159286499,299,428,428,462
10.913776159286499,299,428,428,462
10.928930282592773,299,428,428,462
10.928930282592773,299,428,428,462
10.928930282592773,299,428,428,462
10.928930282592773,299,428,428,462
10.928930282592773,299,428,428,462
10.928930282592773,300,428,428,462
10.928930282592773,300,428,428,462
10.928930282592773,300,428,428,462
10.928930282592773,300,428,428,462
10.928930282592773,300,428,428,462
10.928930282592773,300,428,428,462
10.928930282592773,300,428,428,462
10.928930282592773,300,428,428,462
10.928930282592773,300,428,428,462
10.928930282592773,300,428,428,462
10.928930282592773,300,428,428,462
10.928930282592773,300,428,428,462
10.944730043411255,300,428,428,462
10.945645093917847,300,428,428,462
10.94598650932312,300,428,428,462
10.94598650932312,300,428,428,462
10.94598650932312,300,428,428,462
10.94598650932312,300,428,428,462
10.94598650932312,300,428,428,462
10.950683832168579,300,428,428,462
10.952019929885864,300,428,428,462
10.952770709991455,300,428,428,462
10.952770709991455,300,428,428,462
10.952770709991455,300,428,428,462
10.952770709991455,300,428,428,462
10.952770709991455,301,428,428,462
10.952770709991455,301,428,428,462
10.952770709991455,301,428,428,462
10.952770709991455,301,428,428,462
10.960094928741455,301,428,428,462
10.960094928741455,301,428,428,462
10.960094928741455,301,428,428,462
10.960094928741455,301,428,428,462
10.960094928741455,301,428,428,462
10.960094928741455,301,428,429,462
10.960094928741455,301,428,429,462
10.960094928741455,301,428,429,463
10.967100620269775,301,428,429,463
10.968246698379517,301,428,429,463
10.968246698379517,301,428,429,463
10.968246698379517,301,429,429,463
10.968246698379517,301,429,429,463
10.968246698379517,301,429,429,463
10.968246698379517,301,429,429,463
10.968246698379517,301,430,429,463
10.968246698379517,301,430,429,462
10.968246698379517,301,429,429,462
10.976385354995728,301,429,429,462
10.977048397064209,301,429,429,462
10.977048397064209,301,429,429,462
10.977048397064209,301,429,429,462
10.977048397064209,301,428,429,462
10.977048397064209,301,428,429,463
10.977048397064209,301,428,429,463
10.982692003250122,301,428,429,463
10.983466863632202,301,428,429,463
10.985011339187622,301,428,428,463
10.98598599433899,301,429,428,463
10.98598599433899,301,429,428,463
10.98598599433899,301,429,428,462
10.98598599433899,300,429,428,462
10.98598599433899,300,429,428,462
10.98598599433899,300,429,428,462
10.98598599433899,300,429,428,462
10.98598599433899,300,429,428,462
10.992634296417236,300,428,428,462
10.992634296417236,300,428,428,462
10.992634296417236,300,428,428,462
10.994648694992065,300,428,428,462
10.994648694992065,300,428,428,462
10.996659994125366,300,428,428,462
10.996659994125366,300,428,428,462
10.996659994125366,300,428,428,462
10.99951696395874,299,428,428,462
11.001416444778442,299,428,428,462
11.001416444778442,299,428,428,462
11.001416444778442,299,428,428,462
11.001416444778442,299,428,428,462
11.001416444778442,299,428,428,462
11.001416444778442,299,428,428,462
11.001416444778442,299,428,428,462
11.001416444778442,299,428,428,462
11.001416444778442,299,428,428,462
11.001416444778442,299,428,428,462
11.009608507156372,299,428,428,462
11.010627031326294,299,428,428,462
11.010627031326294,299,428,428,462
11.012651681900024,299,428,428,462
11.013604164123535,299,428,428,462
11.013604164123535,299,428,428,462
11.013604164123535,299,428,428,462
11.013604164123535,299,428,428,462
11.01639699935913,299,428,428,462
11.01639699935913,299,428,428,462
11.01639699935913,299,428,428,462
11.01639699935913,299,428,428,462
11.01639699935913,299,428,428,462
11.01639699935913,299,428,428,462
11.01639699935913,299,428,428,462
11.01639699935913,299,428,428,462
11.01639699935913,299,428,429,462
11.025409698486328,312,428,429,463
11.025409698486328,311,428,429,463
11.025409698486328,312,428,429,463
11.025409698486328,312,428,429,463
11.025409698486328,299,428,429,463
11.025409698486328,299,428,429,463
11.025409698486328,299,429,429,463
11.025409698486328,299,429,429,463
11.025409698486328,299,429,429,463
11.025409698486328,299,429,429,463
11.025409698486328,299,430,429,463
11.025409698486328,299,430,429,462
11.025409698486328,299,429,429,463
11.025409698486328,299,429,429,463
11.025409698486328,299,429,429,463
11.025409698486328,299,429,429,463
11.025409698486328,299,429,429,463
11.025409698486328,299,429,429,463
11.041325330734253,299,429,429,463
11.041325330734253,299,429,429,463
11.041325330734253,299,429,429,463
11.041325330734253,312,430,427,462
11.041325330734253,312,429,427,462
11.041325330734253,312,430,427,461
11.041325330734253,313,429,427,461
11.041325330734253,313,429,427,461
11.041325330734253,300,429,427,461
11.041325330734253,299,428,427,461
11.041325330734253,299,428,427,461
11.041325330734253,299,427,427,461
11.041325330734253,299,427,427,461
11.041325330734253,299,427,427,461
11.041325330734253,299,426,427,461
11.041325330734253,299,426,427,461
11.041325330734253,299,426,427,462
11.057075500488281,300,426,427,462
11.058375597000122,300,426,427,462
11.058375597000122,300,427,427,462
11.060283899307251,300,427,427,462
11.061301946640015,300,427,427,462
11.061301946640015,300,428,427,462
11.061301946640015,300,428,427,461
11.061301946640015,300,428,427,461
11.061301946640015,300,428,429,462
11.061301946640015,300,428,429,462
11.061301946640015,300,427,429,462
11.061301946640015,301,427,429,462
11.061301946640015,301,427,429,462
11.061301946640015,300,427,429,463
11.061301946640015,300,427,429,463
11.061301946640015,300,428,429,463
11.061301946640015,300,428,429,463
11.072829246520996,300,428,429,463
11.072829246520996,301,429,429,463
11.072829246520996,301,429,429,463
11.072829246520996,301,429,429,463
11.072829246520996,301,430,429,463
11.072829246520996,301,430,429,462
11.072829246520996,301,429,429,463
11.072829246520996,301,429,429,463
11.072829246520996,301,429,429,463
11.072829246520996,301,429,429,463
11.072829246520996,301,429,429,463
11.072829246520996,301,429,429,463
11.072829246520996,301,429,429,463
11.072829246520996,301,429,428,462
11.072829246520996,301,429,428,462
11.072829246520996,301,429,428,462
11.072829246520996,301,429,428,462
11.088534593582153,301,429,428,462
11.088534593582153,301,429,428,462
11.088534593582153,301,428,428,462
11.088534593582153,301,428,428,462
11.088534593582153,301,428,428,462
11.088534593582153,301,428,428,462
11.088534593582153,301,428,428,462
11.088534593582153,301,428,428,462
11.088534593582153,301,428,428,462
11.088534593582153,300,428,428,462
11.088534593582153,300,428,428,462
11.088534593582153,300,428,428,462
11.088534593582153,300,428,428,462
11.088534593582153,300,428,428,462
11.088534593582153,300,428,428,462
11.088534593582153,300,428,428,462
11.088534593582153,300,428,428,462
11.088534593582153,300,428,428,462
11.104179382324219,300,428,428,462
11.104179382324219,300,428,428,462
11.104179382324219,300,428,428,462
11.108134269714355,300,428,428,462
11.108134269714355,300,428,428,462
11.109144687652588,300,428,428,462
11.109144687652588,300,428,428,462
11.110689401626587,300,428,428,462
11.110689401626587,300,428,428,462
11.112294673919678,300,428,428,462
11.113848209381104,299,428,428,462
11.113848209381104,299,428,428,462
11.115394830703735,299,428,428,462
11.115394830703735,299,428,428,462
11.116960048675537,299,428,428,462
11.118531703948975,299,428,428,462
11.118531703948975,299,428,428,462
11.120147705078125,299,428,428,462
11.121293544769287,299,428,428,462
11.121293544769287,299,428,428,462
11.122978925704956,299,428,428,462
11.122978925704956,299,428,428,462
11.12468433380127,312,428,427,462
11.12468433380127,312,428,427,462
11.126384496688843,312,428,427,462
11.126384496688843,312,428,427,462
11.12800145149231,312,428,427,461
11.12800145149231,299,428,427,461
11.129569053649902,299,428,427,461
11.13115930557251,299,428,427,461
11.13115930557251,299,428,427,461
11.132853746414185,299,428,427,461
11.132853746414185,299,427,427,461
11.13440203666687,299,427,427,461
11.13440203666687,299,427,427,461
11.136033296585083,299,427,427,461
11.136033296585083,299,427,427,461
11.137686491012573,299,427,427,461
11.138856649398804,299,426,427,461
11.140403985977173,299,426,427,462
11.140403985977173,299,426,427,462
11.141968011856079,299,427,427,462
11.141968011856079,299,427,427,462
11.143632650375366,299,428,427,462
11.143632650375366,299,428,428,462
11.143632650375366,299,428,428,462
11.143632650375366,300,428,428,462
11.143632650375366,300,428,428,462
11.143632650375366,300,428,428,462
11.143632650375366,300,428,428,462
11.143632650375366,300,428,428,462
11.143632650375366,300,428,428,462
11.1518714427948,300,428,428,462
11.152805805206299,300,428,428,462
11.153254270553589,300,428,428,462
11.153254270553589,300,428,428,462
11.153254270553589,300,428,428,462
11.153254270553589,300,428,428,462
11.153254270553589,300,428,428,462
11.153254270553589,300,428,428,462
11.153254270553589,300,428,428,462
11.153254270553589,300,428,428,462
11.160502433776855,300,428,428,462
11.160502433776855,301,428,428,462
11.160502433776855,301,428,428,462
11.160502433776855,301,428,428,462
11.160502433776855,313,428,429,462
11.160502433776855,313,428,429,462
11.160502433776855,313,428,429,462
11.167585134506226,314,428,429,462
11.167585134506226,314,428,429,462
11.168993473052979,301,428,429,462
11.168993473052979,301,428,429,462
11.168993473052979,301,428,429,462
11.168993473052979,301,428,429,462
11.168993473052979,301,428,429,462
11.168993473052979,301,428,429,463
11.168993473052979,301,428,429,463
11.168993473052979,301,428,429,463
11.168993473052979,301,428,429,463
11.168993473052979,301,428,429,463
11.168993473052979,301,429,429,463
11.168993473052979,301,429,429,463
11.168993473052979,301,429,429,463
11.180852174758911,301,429,429,463
11.180852174758911,301,429,429,463
11.180852174758911,301,429,429,463
11.183691501617432,301,430,429,463
11.185027599334717,314,430,428,462
11.18579888343811,314,430,428,462
11.186219453811646,314,430,428,462
11.186219453811646,314,429,428,462
11.186219453811646,314,429,428,462
11.186219453811646,301,428,428,462
11.186219453811646,301,428,428,462
11.186219453811646,301,428,428,462
11.186219453811646,301,428,428,462
11.186219453811646,301,428,428,462
11.186219453811646,301,428,428,462
11.186219453811646,301,428,428,462
11.186219453811646,301,428,428,462
11.186219453811646,301,428,428,462
11.186219453811646,301,428,428,462
11.186219453811646,300,428,428,462
11.199482679367065,300,428,428,462
11.199482679367065,300,428,428,462
11.200499773025513,300,428,428,462
11.200499773025513,300,428,428,462
11.200499773025513,300,428,428,462
11.200499773025513,300,428,428,462
11.200499773025513,300,428,428,462
11.200499773025513,300,428,428,462
11.200499773025513,300,428,428,462
11.200499773025513,300,428,428,462
11.200499773025513,300,428,428,462
11.200499773025513,300,428,428,462
11.200499773025513,300,428,428,462
11.200499773025513,300,428,428,462
11.200499773025513,300,428,428,462
11.200499773025513,300,428,428,462
11.200499773025513,300,428,428,462
11.200499773025513,300,428,428,462
11.200499773025513,300,428,428,462
11.215586423873901,300,428,428,462
11.215586423873901,300,428,428,462
11.215586423873901,300,428,428,462
11.215586423873901,299,428,428,462
11.215586423873901,299,428,428,462
11.215586423873901,299,428,428,462
11.215586423873901,299,428,428,462
11.215586423873901,299,428,428,462
11.215586423873901,299,428,428,462
11.215586423873901,299,428,428,462
11.215586423873901,312,428,427,462
11.215586423873901,312,428,427,462
11.215586423873901,312,428,427,462
11.215586423873901,312,428,427,461
11.215586423873901,299,428,427,461
11.215586423873901,299,428,427,461
11.215586423873901,299,427,427,461
11.231292724609375,299,427,427,461
11.232738971710205,299,427,427,461
11.233397006988525,299,427,427,461
11.233397006988525,299,427,427,461
11.233397006988525,299,427,427,461
11.233397006988525,299,427,427,461
11.233397006988525,299,427,427,461
11.233397006988525,299,427,427,461
11.233397006988525,299,427,427,461
11.233397006988525,299,426,427,462
11.233397006988525,299,427,427,461
11.233397006988525,299,427,427,461
11.233397006988525,299,427,427,461
11.233397006988525,299,427,427,461
11.233397006988525,299,427,428,462
11.233397006988525,299,427,428,462
11.233397006988525,299,427,428,462
11.247114419937134,299,427,428,462
11.247114419937134,299,427,428,462
11.247114419937134,299,427,428,462
11.247114419937134,300,428,428,462
11.247114419937134,300,428,428,462
11.247114419937134,300,428,428,462
11.247114419937134,300,428,428,462
11.247114419937134,300,428,428,462
11.247114419937134,300,428,428,462
11.247114419937134,300,428,428,462
11.247114419937134,301,428,428,462
11.247114419937134,300,428,428,462
11.247114419937134,300,428,428,462
11.247114419937134,300,428,428,462
11.247114419937134,300,428,428,462
11.260872840881348,300,428,428,462
11.260872840881348,301,428,428,462
11.262943506240845,301,428,428,462
11.263564109802246,301,428,428,462
11.26448106765747,301,428,428,462
11.26448106765747,313,428,429,462
11.26448106765747,314,428,429,462
11.26448106765747,314,428,429,462
11.26448106765747,314,428,429,462
11.26448106765747,301,428,429,463
11.26448106765747,301,428,429,463
11.26448106765747,301,428,429,463
11.26448106765747,301,428,429,463
11.26448106765747,301,429,429,463
11.26448106765747,301,429,429,463
11.26448106765747,301,429,429,463
11.26448106765747,301,429,429,463
11.26448106765747,301,430,429,463
11.26448106765747,301,430,429,462
11.26448106765747,302,430,429,462
11.278635263442993,301,429,429,462
11.278635263442993,301,429,429,462
11.280365467071533,301,429,429,462
11.28195571899414,301,428,429,462
11.28195571899414,301,428,429,463
11.283530473709106,301,428,429,463
11.283530473709106,301,428,428,463
11.285085201263428,301,428,428,463
11.285085201263428,301,428,428,463
11.285085201263428,301,428,428,463
11.285085201263428,301,429,428,463
11.285085201263428,301,429,428,462
11.285085201263428,302,429,428,462
11.285085201263428,301,429,428,462
11.285085201263428,301,429,428,462
11.285085201263428,301,429,428,462
11.285085201263428,301,428,428,462
11.294592380523682,301,428,428,462
11.294592380523682,301,428,428,462
11.295744180679321,301,428,428,462
11.295744180679321,301,428,428,462
11.295744180679321,301,428,428,462
11.295744180679321,301,428,428,462
11.295744180679321,300,428,428,462
11.295744180679321,300,428,428,462
11.295744180679321,300,428,428,462
11.295744180679321,300,428,428,462
11.295744180679321,300,428,428,462
11.295744180679321,300,428,428,462
11.295744180679321,300,427,428,462
11.295744180679321,300,427,428,462
11.295744180679321,300,428,428,462
11.295744180679321,300,428,428,462
11.295744180679321,300,428,428,462
11.295744180679321,300,428,428,462
11.31043267250061,300,428,428,462
11.31043267250061,300,428,428,462
11.31204342842102,300,428,428,462
11.31204342842102,300,428,428,462
11.314057111740112,300,428,428,462
11.314057111740112,300,428,428,462
11.316067457199097,300,428,428,462
11.316547870635986,300,428,428,462
11.316547870635986,299,428,428,462
11.318457841873169,299,428,428,462
11.319753646850586,299,428,428,462
11.352134466171265,299,428,428,462
11.352134466171265,299,428,428,462
11.352134466171265,299,428,428,462
11.352134466171265,299,428,428,462
11.352134466171265,299,428,428,462
11.352134466171265,299,428,427,462
11.352134466171265,299,428,427,462
11.352134466171265,299,428,427,462
11.352134466171265,299,428,427,462
11.352134466171265,299,428,427,462
11.352134466171265,299,428,427,462
11.352134466171265,299,428,427,461
11.352134466171265,299,428,427,461
11.352134466171265,299,428,427,461
11.352134466171265,299,428,427,461
11.352134466171265,299,427,427,461
11.352134466171265,299,427,427,461
11.352134466171265,299,427,427,461
11.352134466171265,299,426,427,461
11.352134466171265,299,426,427,462
11.352134466171265,299,427,427,461
11.352134466171265,299,427,427,461
11.352134466171265,299,427,427,461
11.352134466171265,299,427,427,461
11.352134466171265,299,427,427,461
11.352134466171265,299,427,427,461
11.354142189025879,299,427,427,461
11.354142189025879,299,427,428,462
11.354142189025879,299,426,428,462
11.354142189025879,300,426,428,462
11.354142189025879,300,426,428,462
11.354142189025879,300,427,428,462
11.354142189025879,300,427,428,462
11.354142189025879,300,428,428,462
11.354142189025879,300,428,428,462
11.354142189025879,300,428,428,462
11.354142189025879,300,428,428,462
11.354142189025879,300,428,428,462
11.35546875,300,428,428,462
11.35546875,300,428,428,462
11.35546875,300,428,428,462
11.357537031173706,300,428,428,462
11.357537031173706,301,428,428,462
11.357537031173706,301,428,428,462
11.357537031173706,301,428,428,462
11.36112093925476,301,428,428,462
11.36112093925476,301,428,428,462
11.36112093925476,301,428,428,462
11.36112093925476,301,428,428,462
11.36112093925476,314,428,429,462
11.36583924293518,314,428,429,462
11.36583924293518,314,428,429,463
11.36583924293518,314,428,429,463
11.36583924293518,301,428,429,463
11.36583924293518,301,428,429,463
11.36583924293518,301,428,429,463
11.36583924293518,302,429,429,463
11.36583924293518,302,429,429,463
11.36583924293518,302,429,429,463
11.373905658721924,302,430,429,463
11.373905658721924,302,430,429,462
11.373905658721924,302,429,429,462
11.373905658721924,302,429,429,463
11.373905658721924,302,429,429,463
11.373905658721924,302,429,429,463
11.373905658721924,302,429,429,463
11.373905658721924,302,429,429,463
11.373905658721924,302,429,429,463
11.382848262786865,302,429,429,463
11.382848262786865,302,429,429,463
11.382848262786865,302,429,429,463
11.382848262786865,315,429,428,462
11.382848262786865,314,429,428,462
11.382848262786865,314,429,428,462
11.382848262786865,314,429,428,462
11.382848262786865,301,429,428,462
11.382848262786865,301,429,428,462
11.382848262786865,302,428,428,462
11.382848262786865,301,428,428,462
11.382848262786865,301,428,428,462
11.382848262786865,301,428,428,462
11.382848262786865,301,428,428,462
11.382848262786865,301,427,428,462
11.382848262786865,301,428,428,462
11.382848262786865,301,428,428,462
11.397705078125,301,428,428,462
11.397705078125,301,428,428,462
11.397705078125,301,428,428,462
11.397705078125,301,428,428,462
11.401959896087646,301,428,428,462
11.402796030044556,301,428,428,462
11.402796030044556,301,428,428,462
11.402796030044556,300,428,428,462
11.402796030044556,300,428,427,462
11.402796030044556,300,428,427,462
11.402796030044556,300,428,427,462
11.402796030044556,300,428,427,462
11.402796030044556,300,428,427,462
11.402796030044556,300,428,427,461
11.402796030044556,300,428,427,461
11.402796030044556,300,428,427,461
11.402796030044556,300,427,427,461
11.413759231567383,300,427,427,461
11.413759231567383,300,427,427,461
11.413759231567383,299,426,427,461
11.413759231567383,299,426,427,462
11.413759231567383,299,426,427,462
11.413759231567383,299,426,427,462
11.413759231567383,299,427,427,462
11.413759231567383,299,427,427,462
11.413759231567383,299,427,427,462
11.413759231567383,299,428,427,462
11.413759231567383,299,428,427,462
11.413759231567383,299,428,427,461
11.413759231567383,312,428,429,462
11.413759231567383,312,428,429,462
11.413759231567383,311,428,429,462
11.413759231567383,311,427,429,462
11.413759231567383,311,427,429,462
11.429549217224121,298,428,429,463
11.430310010910034,298,428,429,462
11.431142091751099,299,428,429,463
11.431142091751099,298,428,429,463
11.431142091751099,298,428,429,463
11.431142091751099,299,428,429,463
11.431142091751099,299,429,429,463
11.431142091751099,299,429,429,463
11.431142091751099,299,429,429,463
11.431142091751099,299,429,429,463
11.431142091751099,299,429,429,463
11.431142091751099,299,429,429,463
11.431142091751099,299,429,429,463
11.431142091751099,299,429,429,463
11.431142091751099,299,430,429,462
11.431142091751099,299,429,429,463
11.431142091751099,299,429,429,463
11.431142091751099,299,429,427,462
11.44528079032898,299,429,427,462
11.44528079032898,299,429,427,462
11.447291851043701,299,429,427,462
11.447291851043701,299,429,427,461
11.44929838180542,299,429,427,461
11.44929838180542,299,428,427,461
11.451302766799927,299,428,427,461
11.451302766799927,299,428,427,461
11.451302766799927,299,427,427,461
11.453306674957275,299,427,427,461
11.453306674957275,300,427,427,461
11.455309629440308,300,426,427,462
11.455309629440308,300,426,427,462
11.457312107086182,300,426,427,462
11.457312107086182,300,426,427,462
11.459314346313477,300,427,427,462
11.459314346313477,301,427,427,462
11.46131682395935,301,428,427,462
11.462178707122803,301,428,427,461
11.462178707122803,301,428,427,461
11.464181423187256,301,428,427,461
11.464181423187256,313,428,430,462
11.464181423187256,313,427,430,462
11.46618390083313,313,427,430,463
11.46618390083313,313,427,430,463
11.468186140060425,301,427,430,463
11.468186140060425,300,427,430,463
11.47018814086914,300,428,430,463
11.47018814086914,301,428,430,463
11.47193169593811,301,429,430,463
11.47193169593811,301,429,430,463
11.47193169593811,301,429,430,463
11.47193169593811,301,430,430,464
11.47193169593811,301,429,430,463
11.47193169593811,301,429,430,464
11.477823495864868,302,430,430,464
11.477823495864868,302,430,430,464
11.477823495864868,302,430,430,464
11.477823495864868,302,430,430,464
11.477823495864868,302,430,430,464
11.482638835906982,302,430,430,464
11.483558654785156,302,431,430,464
11.483558654785156,302,431,430,463
11.483558654785156,315,431,427,462
11.485616683959961,314,430,427,462
11.485616683959961,314,430,427,462
11.485616683959961,314,430,427,462
11.485616683959961,301,429,427,462
11.485616683959961,301,429,427,462
11.485616683959961,301,428,427,461
11.485616683959961,301,428,427,461
11.485616683959961,301,428,427,461
11.485616683959961,301,428,427,461
11.493751287460327,301,427,427,461
11.493751287460327,301,427,427,461
11.493751287460327,301,427,427,461
11.493751287460327,301,427,427,461
11.493751287460327,301,426,427,461
11.493751287460327,301,426,427,462
11.499587297439575,301,426,427,462
11.499587297439575,301,426,427,462
11.499587297439575,301,427,427,462
11.501910209655762,301,427,427,462
11.501910209655762,301,427,427,462
11.501910209655762,301,427,427,462
11.501910209655762,313,427,429,462
11.501910209655762,313,427,429,462
11.501910209655762,313,427,429,463
11.501910209655762,313,428,429,463
11.501910209655762,300,428,429,463
11.501910209655762,300,428,429,463
11.510652303695679,300,428,429,463
11.510652303695679,300,429,429,463
11.510652303695679,300,429,429,463
11.510652303695679,300,429,429,463
11.510652303695679,300,430,429,463
11.510652303695679,300,429,429,463
11.516365051269531,300,429,429,463
11.516938209533691,300,429,429,463
11.516938209533691,300,429,429,463
11.519481658935547,300,429,429,463
11.519728899002075,300,429,429,463
11.519728899002075,300,429,429,463
11.519728899002075,300,429,429,463
11.519728899002075,300,429,429,463
11.519728899002075,300,429,429,463
11.519728899002075,300,429,427,462
11.519728899002075,300,429,427,462
11.526885271072388,299,430,427,462
11.526885271072388,299,429,427,462
11.526885271072388,299,429,427,462
11.526885271072388,299,429,427,461
11.526885271072388,299,428,427,461
11.526885271072388,299,428,427,461
11.526885271072388,299,428,427,461
11.53298044204712,299,428,427,461
11.533342361450195,299,427,427,461
11.53508472442627,299,427,427,461
11.53508472442627,299,426,427,462
11.53508472442627,299,426,427,462
11.53508472442627,299,426,427,462
11.53508472442627,299,427,427,462
11.53508472442627,299,427,427,462
11.53508472442627,298,427,427,462
11.53508472442627,299,427,427,462
11.53508472442627,299,428,427,462
11.543144226074219,299,428,427,461
11.544350385665894,299,428,427,461
11.545121192932129,312,428,429,462
11.545121192932129,312,427,429,462
11.545121192932129,312,427,429,462
11.545121192932129,312,427,429,462
11.545121192932129,312,427,429,462
11.549726486206055,299,427,429,462
11.549726486206055,299,428,429,463
11.549726486206055,299,428,429,463
11.549726486206055,299,428,429,463
11.549726486206055,299,428,429,463
11.549726486206055,299,429,429,463
11.549726486206055,299,429,429,463
11.549726486206055,299,429,429,463
11.549726486206055,299,430,429,462
11.549726486206055,299,430,429,462
11.558804512023926,300,430,429,462
11.558804512023926,300,429,429,462
11.558804512023926,300,429,429,462
11.561683893203735,300,429,429,462
11.56243634223938,300,428,429,462
11.562926530838013,300,428,429,463
11.562926530838013,300,428,429,463
11.562926530838013,300,428,428,463
11.562926530838013,300,428,428,463
11.562926530838013,300,428,428,463
11.562926530838013,300,428,428,463
11.562926530838013,300,429,428,462
11.562926530838013,300,429,428,462
11.562926530838013,300,429,428,462
11.562926530838013,301,429,428,462
11.562926530838013,301,429,428,462
11.562926530838013,301,429,428,462
11.574449300765991,301,428,428,462
11.574449300765991,301,428,428,462
11.574449300765991,301,428,428,462
11.574449300765991,301,428,428,462
11.574449300765991,301,428,428,462
11.574449300765991,301,428,428,462
11.574449300765991,301,428,428,462
11.574449300765991,301,428,428,462
11.574449300765991,301,428,428,462
11.574449300765991,301,428,428,462
11.574449300765991,301,428,428,462
11.574449300765991,301,428,428,462
11.574449300765991,301,428,429,462
11.574449300765991,301,428,429,462
11.574449300765991,302,428,429,462
11.574449300765991,302,428,429,463
11.574449300765991,302,428,429,463
11.574449300765991,301,427,429,463
11.592012643814087,301,428,429,463
11.592012643814087,301,428,429,463
11.592012643814087,301,429,429,463
11.593050003051758,301,429,429,463
11.593050003051758,301,429,429,463
11.594610929489136,301,429,429,463
11.596162796020508,302,429,429,463
11.596162796020508,302,429,429,463
11.597760438919067,302,429,429,463
11.599318742752075,302,430,429,463
11.599318742752075,302,430,429,463
11.600870370864868,301,429,429,463
11.600870370864868,301,429,429,463
11.60241961479187,301,429,429,463
11.60241961479187,301,429,429,463
11.603962421417236,301,429,429,463
11.60550045967102,301,429,428,462
11.60550045967102,302,429,428,462
11.607080221176147,301,429,428,462
11.607080221176147,301,429,428,462
11.608628034591675,301,429,428,462
11.608628034591675,301,428,428,462
11.610164880752563,301,428,428,462
11.61173701286316,301,428,428,462
11.61173701286316,301,428,428,462
11.6133291721344,301,428,428,462
11.6133291721344,301,428,428,462
11.614889860153198,301,428,428,462
11.614889860153198,301,428,428,462
11.616443634033203,300,428,428,462
11.617981195449829,300,428,428,462
11.617981195449829,300,428,428,462
11.619631052017212,300,428,428,462
11.619631052017212,300,428,428,462
11.621188163757324,300,428,428,462
11.622561931610107,300,428,428,462
11.623221158981323,300,428,428,462
11.624358892440796,300,428,428,462
11.624869585037231,300,428,429,462
11.626418590545654,300,428,429,463
11.626418590545654,300,428,429,463
11.62796139717102,300,428,429,463
11.628709077835083,300,428,429,463
11.629218816757202,299,428,429,463
11.629218816757202,299,428,429,463
11.631230592727661,299,429,429,463
11.631230592727661,299,429,429,463
11.633240938186646,299,429,429,463
11.633240938186646,299,429,429,463
11.635249137878418,299,429,429,463
11.635249137878418,299,430,429,463
11.637000322341919,299,429,429,463
11.637000322341919,299,429,429,463
11.639201164245605,299,429,429,463
11.639526128768921,299,429,429,463
11.639526128768921,299,429,429,463
11.639526128768921,299,429,429,463
11.639526128768921,299,430,429,463
11.639526128768921,299,429,429,462
11.639526128768921,299,429,429,463
11.639526128768921,299,429,428,462
11.639526128768921,299,429,428,462
11.639526128768921,298,429,428,462
11.639526128768921,298,429,428,462
11.639526128768921,298,428,428,462
11.639526128768921,298,428,428,462
11.639526128768921,298,428,428,462
11.639526128768921,298,428,428,462
11.652701616287231,298,428,428,462
11.652701616287231,298,428,428,462
11.652701616287231,298,428,428,462
11.652701616287231,298,428,428,462
11.652701616287231,298,428,428,462
11.652701616287231,298,428,428,462
11.652701616287231,298,428,428,462
11.652701616287231,298,428,428,462
11.652701616287231,298,428,428,462
11.652701616287231,299,428,428,462
11.661221504211426,299,428,428,462
11.661221504211426,299,428,428,462
11.661221504211426,299,428,428,462
11.661221504211426,299,428,428,462
11.661221504211426,299,428,429,462
11.661221504211426,299,428,429,463
11.661221504211426,299,428,429,463
11.661221504211426,299,428,429,463
11.66908049583435,299,428,429,463
11.669934749603271,299,429,429,463
11.669934749603271,299,429,429,463
11.669934749603271,299,429,429,463
11.669934749603271,299,430,429,462
11.669934749603271,299,429,429,462
11.669934749603271,299,429,429,463
11.669934749603271,300,429,429,463
11.669934749603271,300,429,429,463
11.669934749603271,300,429,429,463
11.669934749603271,300,429,429,463
11.669934749603271,300,429,429,463
11.669934749603271,300,429,429,463
11.669934749603271,300,429,429,463
11.669934749603271,300,429,429,463
11.669934749603271,301,429,429,463
11.669934749603271,301,429,429,463
11.684234619140625,301,429,429,463
11.6853187084198,301,429,429,463
11.6853187084198,301,429,429,463
11.6853187084198,301,430,429,463
11.6853187084198,301,430,429,462
11.6853187084198,301,430,429,462
11.6853187084198,301,430,429,462
11.6853187084198,301,429,429,462
11.6853187084198,301,429,429,462
11.6853187084198,301,428,429,462
11.6853187084198,301,428,429,463
11.6853187084198,301,428,429,463
11.6853187084198,301,428,429,463
11.6853187084198,301,428,429,463
11.6853187084198,301,428,429,463
11.6853187084198,301,428,429,463
11.6853187084198,301,429,429,463
11.700453519821167,301,429,429,463
11.70160698890686,301,429,429,463
11.70160698890686,301,429,429,463
11.70160698890686,301,429,429,463
11.70160698890686,301,429,429,463
11.70160698890686,301,429,428,463
11.70160698890686,314,430,428,462
11.70160698890686,314,430,428,462
11.70160698890686,314,429,428,462
11.70160698890686,314,429,428,462
11.70160698890686,301,429,428,462
11.70160698890686,301,428,428,462
11.70160698890686,301,428,428,462
11.70160698890686,301,428,428,462
11.70160698890686,301,428,428,462
11.70160698890686,301,428,428,462
11.70160698890686,301,428,428,462
11.71564269065857,301,428,428,462
11.71564269065857,301,428,428,462
11.71564269065857,301,428,428,462
11.71564269065857,301,428,428,462
11.71564269065857,301,428,428,462
11.71564269065857,301,428,428,462
11.71564269065857,300,428,428,462
11.71564269065857,300,428,428,462
11.71564269065857,300,428,428,462
11.71564269065857,300,428,428,462
11.71564269065857,300,428,428,462
11.71564269065857,300,428,429,463
11.71564269065857,300,428,429,463
11.71564269065857,300,428,429,463
11.71564269065857,300,428,429,463
11.71564269065857,300,428,429,463
11.71564269065857,300,428,429,463
11.731450080871582,300,428,429,463
11.731450080871582,300,429,429,463
11.731450080871582,300,429,429,463
11.731450080871582,300,429,429,463
11.731450080871582,300,429,429,463
11.731450080871582,300,429,429,463
11.731450080871582,300,429,429,463
11.731450080871582,300,429,429,463
11.731450080871582,300,429,429,463
11.731450080871582,300,429,429,463
11.731450080871582,300,429,429,463
11.731450080871582,299,429,429,463
11.731450080871582,299,429,429,463
11.731450080871582,299,429,429,463
11.731450080871582,299,429,429,463
11.731450080871582,299,429,428,463
11.731450080871582,299,430,428,462
11.731450080871582,299,429,428,462
11.74748420715332,300,429,428,462
11.74748420715332,300,429,428,462
11.74748420715332,299,429,428,462
11.74748420715332,299,428,428,462
11.74748420715332,299,428,428,462
11.74748420715332,299,428,428,462
11.74748420715332,299,428,428,462
11.74748420715332,299,428,428,462
11.74748420715332,299,428,428,462
11.74748420715332,299,428,428,462
11.74748420715332,299,428,428,462
11.74748420715332,299,428,428,462
11.74748420715332,299,428,428,462
11.74748420715332,299,428,428,462
11.74748420715332,299,428,428,462
11.7611665725708,299,428,428,462
11.7611665725708,299,428,428,462
11.7611665725708,299,428,428,462
11.763173341751099,299,428,428,462
11.764814138412476,311,428,429,463
11.764814138412476,311,428,429,463
11.766340732574463,312,428,429,463
11.766340732574463,312,428,429,463
11.767863035202026,312,428,429,463
11.76938772201538,299,429,429,463
11.76938772201538,299,429,429,463
11.770909547805786,299,429,429,463
11.770909547805786,299,429,429,463
11.770909547805786,299,429,429,463
11.770909547805786,299,429,429,463
11.770909547805786,299,430,429,463
11.770909547805786,299,430,429,462
11.770909547805786,299,430,429,462
11.770909547805786,299,430,429,462
11.770909547805786,299,429,429,462
11.778946876525879,299,429,429,462
11.780877828598022,300,429,429,462
11.780877828598022,300,429,429,462
11.780877828598022,300,428,429,462
11.780877828598022,300,428,429,463
11.780877828598022,300,428,429,463
11.780877828598022,300,428,428,463
11.780877828598022,300,428,428,463
11.780877828598022,300,428,428,463
11.780877828598022,300,429,428,462
11.780877828598022,300,429,428,462
11.780877828598022,300,429,428,462
11.780877828598022,300,429,428,462
11.780877828598022,300,429,428,462
11.780877828598022,300,429,428,462
11.780877828598022,300,429,428,462
11.780877828598022,300,429,428,462
11.79475450515747,300,428,428,462
11.79475450515747,300,428,428,462
11.79475450515747,300,428,428,462
11.79475450515747,300,428,428,462
11.79475450515747,300,428,428,462
11.79475450515747,300,428,428,462
11.79475450515747,300,428,428,462
11.79475450515747,300,428,428,462
11.79475450515747,300,428,428,462
11.79475450515747,300,428,428,462
11.79475450515747,300,428,428,462
11.79475450515747,300,428,428,462
11.79475450515747,300,428,428,462
11.79475450515747,300,428,428,462
11.79475450515747,300,428,428,462
11.79475450515747,301,428,428,462
11.79475450515747,301,428,428,462
11.810494661331177,301,428,428,462
11.810494661331177,301,428,428,462
11.810494661331177,301,428,428,462
11.81250524520874,301,428,428,462
11.81250524520874,301,428,428,462
11.814626455307007,301,428,428,462
11.814626455307007,301,428,428,462
11.816031694412231,301,428,428,462
11.817263126373291,301,428,428,462
11.817585468292236,301,428,428,462
11.817585468292236,301,428,428,462
11.819794178009033,301,428,428,462
11.819794178009033,301,428,428,462
11.819794178009033,301,428,428,462
11.819794178009033,301,428,428,462
11.819794178009033,301,428,428,462
11.819794178009033,301,428,428,462
11.819794178009033,301,427,429,463
11.826494455337524,300,427,429,463
11.827665328979492,301,428,429,463
11.828172206878662,301,428,429,463
11.828172206878662,301,428,429,463
11.828172206878662,301,429,429,463
11.828172206878662,301,429,429,463
11.832783222198486,301,429,429,463
11.832783222198486,301,429,429,463
11.833396196365356,301,429,429,463
11.834918975830078,300,429,429,463
11.834918975830078,300,429,429,463
11.83660340309143,300,430,429,463
11.83660340309143,300,429,429,462
11.83660340309143,300,429,429,463
11.83660340309143,300,429,429,463
11.83660340309143,300,429,429,463
11.83660340309143,300,429,429,463
11.83660340309143,300,429,429,463
11.843036890029907,300,429,429,463
11.843036890029907,300,429,429,462
11.843036890029907,300,429,427,462
11.843036890029907,300,429,427,462
11.843036890029907,300,429,427,462
11.843036890029907,300,429,427,462
11.843036890029907,300,429,427,462
11.843036890029907,300,428,427,461
11.85008430480957,300,428,427,461
11.851147174835205,300,428,427,461
11.851147174835205,299,427,427,461
11.851147174835205,299,427,427,461
11.851147174835205,299,427,427,461
11.851147174835205,299,427,427,461
11.851147174835205,299,427,427,461
11.851147174835205,299,426,427,462
11.851147174835205,299,426,427,462
11.85920524597168,299,427,427,462
11.85997223854065,299,427,427,462
11.861278057098389,299,427,427,462
11.861278057098389,299,428,427,462
11.861278057098389,299,428,427,461
11.861278057098389,299,428,427,461
11.861278057098389,299,428,427,461
11.861278057098389,312,428,429,462
11.866263628005981,312,427,429,462
11.866263628005981,312,427,429,462
11.866263628005981,312,427,429,462
11.866263628005981,312,427,429,462
11.866263628005981,299,427,429,463
11.866263628005981,299,428,429,463
11.866263628005981,299,428,429,463
11.866263628005981,299,428,429,463
11.866263628005981,299,429,429,463
11.874910116195679,299,429,429,463
11.874910116195679,299,429,429,463
11.874910116195679,299,429,429,463
11.874910116195679,299,429,429,463
11.874910116195679,299,429,429,463
11.874910116195679,299,430,429,462
11.874910116195679,299,430,429,462
11.874910116195679,299,429,429,462
11.874910116195679,299,429,429,462
11.874910116195679,299,429,429,462
11.874910116195679,299,429,429,462
11.874910116195679,299,429,429,462
11.874910116195679,299,429,428,462
11.874910116195679,299,428,428,462
11.874910116195679,299,428,428,462
11.874910116195679,299,428,428,462
11.874910116195679,299,428,428,462
11.874910116195679,299,428,428,462
11.890657186508179,299,428,428,462
11.891737222671509,299,428,428,462
11.892688274383545,299,428,428,462
11.892688274383545,299,428,428,462
11.892688274383545,300,428,428,462
11.892688274383545,300,428,428,462
11.892688274383545,300,428,428,462
11.892688274383545,300,428,428,462
11.892688274383545,300,428,428,462
11.892688274383545,300,428,428,462
11.892688274383545,300,428,428,462
11.892688274383545,300,428,428,462
11.892688274383545,300,428,428,462
11.892688274383545,300,428,428,462
11.892688274383545,300,428,428,462
11.892688274383545,300,428,428,462
11.892688274383545,300,428,429,462
11.906325817108154,300,428,429,463
11.906325817108154,300,428,429,463
11.906325817108154,300,428,429,463
11.906325817108154,300,428,429,463
11.906325817108154,300,428,429,463
11.906325817108154,300,429,429,463
11.906325817108154,300,429,429,463
11.906325817108154,300,429,429,463
11.906325817108154,300,430,429,462
11.906325817108154,300,430,429,462
11.906325817108154,300,430,429,462
11.906325817108154,300,429,429,462
11.906325817108154,300,429,429,462
11.906325817108154,300,429,429,462
11.906325817108154,300,429,429,462
11.906325817108154,300,428,429,462
11.906325817108154,300,428,429,463
11.906325817108154,300,428,429,463
11.92206597328186,300,428,429,463
11.92206597328186,300,428,429,463
11.92206597328186,300,429,429,463
11.92206597328186,300,429,427,462
11.92206597328186,300,429,427,462
11.92206597328186,300,429,427,462
11.92206597328186,300,429,427,462
11.92206597328186,300,429,427,462
11.92206597328186,300,429,427,461
11.92206597328186,300,429,427,461
11.92206597328186,300,428,427,461
11.92206597328186,300,428,427,461
11.92206597328186,300,428,427,461
11.92206597328186,300,427,427,461
11.92206597328186,300,427,427,461
11.92206597328186,300,427,427,461
11.92206597328186,300,427,427,461
11.938022375106812,300,426,427,461
11.939584255218506,300,427,427,461
11.94021224975586,300,427,427,461
11.94021224975586,300,427,427,461
11.94021224975586,300,427,427,461
11.94021224975586,300,427,427,461
11.94021224975586,300,427,427,461
11.94021224975586,300,426,427,461
11.94021224975586,300,426,429,462
11.94021224975586,300,426,429,462
11.94021224975586,300,426,429,463
11.94021224975586,300,427,429,463
11.94021224975586,300,427,429,463
11.94021224975586,300,428,429,463
11.94021224975586,300,428,429,463
11.94021224975586,300,429,429,463
11.94021224975586,300,429,429,463
11.953929901123047,300,429,429,463
11.953929901123047,300,429,429,463
11.953929901123047,300,429,429,463
11.953929901123047,300,429,429,463
11.953929901123047,300,429,429,463
11.953929901123047,300,430,429,463
11.953929901123047,300,429,429,462
11.953929901123047,300,429,429,463
11.961444854736328,300,429,429,463
11.961444854736328,300,429,429,463
11.961444854736328,300,429,429,463
11.961444854736328,300,429,429,463
11.961444854736328,300,429,429,463
11.961444854736328,300,429,427,462
11.961444854736328,300,429,427,462
11.961444854736328,300,429,427,462
11.961444854736328,300,429,427,462
11.961444854736328,300,429,427,461
11.970051288604736,299,429,427,461
11.970877408981323,299,428,427,461
11.972398281097412,299,428,427,461
11.973225355148315,299,428,427,461
11.973835229873657,299,427,427,461
11.973835229873657,299,427,427,461
11.973835229873657,299,427,427,461
11.973835229873657,299,427,427,461
11.973835229873657,299,427,427,461
11.97828459739685,299,427,427,461
11.97828459739685,299,427,427,461
11.97828459739685,299,427,427,461
11.97828459739685,299,427,427,461
11.97828459739685,299,427,427,461
11.983453035354614,299,427,427,461
11.983453035354614,299,426,427,461
11.983453035354614,299,426,429,462
11.983453035354614,299,426,429,462
11.986461877822876,299,426,429,463
11.986461877822876,299,426,429,463
11.986461877822876,299,427,429,463
11.986461877822876,299,427,429,463
11.986461877822876,299,428,429,463
11.986461877822876,299,428,429,463
11.986461877822876,299,429,429,463
11.986461877822876,299,429,429,463
11.986461877822876,299,430,429,463
11.995227575302124,299,430,429,463
11.995656251907349,299,429,429,462
11.995656251907349,299,429,429,463
11.995656251907349,299,429,429,463
11.995656251907349,299,429,429,463
11.999995708465576,299,429,429,463
11.999995708465576,300,429,429,463
11.999995708465576,299,429,429,463
11.999995708465576,299,429,429,463
11.999995708465576,299,429,429,463
11.999995708465576,299,430,429,462
11.999995708465576,312,430,427,462
11.999995708465576,313,429,427,462
11.999995708465576,313,429,427,462
11.999995708465576,313,429,427,461
11.999995708465576,313,429,427,461
11.999995708465576,313,429,427,461
12.010464429855347,300,428,427,461
12.010464429855347,300,428,427,461
12.010464429855347,300,427,427,461
12.010464429855347,300,427,427,461
12.010464429855347,300,427,427,461
12.010464429855347,300,427,427,461
12.016456365585327,300,427,427,461
12.017008304595947,300,427,427,461
12.017008304595947,300,427,427,461
12.017008304595947,300,427,427,461
12.017008304595947,300,427,427,461
12.017008304595947,300,426,427,461
12.017008304595947,300,426,427,461
12.017008304595947,300,426,427,462
12.017008304595947,300,426,427,462
12.017008304595947,300,427,427,462
12.017008304595947,300,427,429,462
12.026223421096802,300,427,429,462
12.026223421096802,300,427,429,462
12.026223421096802,300,428,429,463
12.026223421096802,300,428,429,462
12.026223421096802,300,428,429,463
12.026223421096802,300,428,429,463
12.026223421096802,300,428,429,463
12.032906770706177,300,428,429,463
12.034011602401733,300,429,429,463
12.034871578216553,301,429,429,463
12.034871578216553,301,429,429,463
12.034871578216553,301,430,429,463
12.034871578216553,301,430,429,462
12.034871578216553,301,430,429,462
12.034871578216553,301,429,429,462
12.034871578216553,301,429,429,462
12.034871578216553,300,429,429,462
12.04227066040039,300,429,429,462
12.04227066040039,300,428,429,462
12.04227066040039,300,428,429,463
12.04227066040039,300,428,429,463
12.04227066040039,300,428,427,462
12.04227066040039,300,428,427,462
12.04227066040039,300,428,427,462
12.04227066040039,301,429,427,462
12.04227066040039,300,429,427,462
12.049790382385254,300,429,427,462
12.049790382385254,300,428,427,461
12.049790382385254,300,428,427,461
12.049790382385254,300,428,427,461
12.049790382385254,301,428,427,461
12.049790382385254,301,427,427,461
12.049790382385254,301,427,427,461
12.049790382385254,301,427,427,461
12.057899713516235,301,427,427,461
12.058931350708008,301,426,427,461
12.059478282928467,300,426,427,462
12.059478282928467,300,426,427,462
12.061505556106567,300,426,427,462
12.061505556106567,300,427,427,462
12.061505556106567,300,427,427,462
12.061505556106567,300,427,427,462
12.061505556106567,300,428,427,462
12.06622314453125,300,428,429,462
12.06622314453125,300,428,429,462
12.06622314453125,300,428,429,462
12.06622314453125,300,428,429,462
12.06622314453125,300,428,429,462
12.06622314453125,300,428,429,462
12.06622314453125,300,428,429,463
12.06622314453125,300,428,429,463
12.06622314453125,300,428,429,463
12.074256896972656,300,429,429,463
12.074256896972656,300,429,429,463
12.074256896972656,300,429,429,463
12.074256896972656,300,429,429,463
12.074256896972656,300,429,429,463
12.074256896972656,300,429,429,463
12.074256896972656,300,429,429,463
12.074256896972656,300,429,429,463
12.074256896972656,300,429,429,463
12.074256896972656,300,429,429,463
12.074256896972656,300,429,429,463
12.074256896972656,299,429,429,463
12.074256896972656,299,429,426,462
12.074256896972656,299,430,426,462
12.074256896972656,299,430,426,461
12.074256896972656,299,429,426,461
12.074256896972656,299,429,426,461
12.089929342269897,299,428,426,461
12.090972900390625,299,428,426,461
12.091873168945312,299,428,426,461
12.091873168945312,299,427,426,460
12.091873168945312,299,427,426,461
12.091873168945312,299,427,426,460
12.091873168945312,299,426,426,460
12.091873168945312,299,426,426,461
12.091873168945312,299,426,426,461
12.091873168945312,299,426,426,461
12.091873168945312,299,426,426,461
12.091873168945312,299,426,426,461
12.091873168945312,299,426,426,461
12.091873168945312,299,426,426,461
12.091873168945312,299,426,426,461
12.091873168945312,299,426,426,461
12.091873168945312,299,427,426,460
12.105647087097168,311,427,430,461
12.105647087097168,312,426,430,462
12.106898307800293,312,426,430,462
12.106898307800293,312,426,430,462
12.106898307800293,312,426,430,462
12.106898307800293,299,427,430,463
12.106898307800293,299,427,430,463
12.106898307800293,299,428,430,463
12.106898307800293,300,428,430,463
12.106898307800293,300,428,430,463
12.106898307800293,300,429,430,463
12.106898307800293,300,429,430,463
12.106898307800293,300,429,430,463
12.106898307800293,300,430,430,463
12.106898307800293,300,430,430,463
12.106898307800293,300,430,430,463
12.106898307800293,300,430,430,463
12.121306419372559,300,429,430,463
12.122065305709839,300,430,430,463
12.122830629348755,300,430,430,463
12.123389482498169,300,430,430,463
12.123389482498169,300,430,430,463
12.123389482498169,300,429,427,463
12.123389482498169,300,429,427,462
12.123389482498169,300,429,427,462
12.123389482498169,300,429,427,462
12.123389482498169,300,429,427,462
12.123389482498169,300,429,427,462
12.123389482498169,300,429,427,462
12.123389482498169,300,429,427,462
12.123389482498169,300,428,427,461
12.123389482498169,300,428,427,462
12.123389482498169,300,428,427,461
12.123389482498169,300,428,427,461
12.123389482498169,300,428,427,461
12.136986017227173,300,427,427,461
12.136986017227173,300,427,427,461
12.136986017227173,300,427,427,461
12.136986017227173,300,427,427,461
12.136986017227173,300,427,427,461
12.136986017227173,300,427,427,461
12.136986017227173,301,426,427,461
12.136986017227173,301,426,427,462
12.136986017227173,301,426,427,462
12.136986017227173,300,427,429,462
12.136986017227173,300,427,429,462
12.136986017227173,300,428,429,463
12.136986017227173,300,428,429,462
12.136986017227173,300,428,429,463
12.136986017227173,300,428,429,463
12.136986017227173,300,428,429,463
12.136986017227173,300,429,429,463
12.152835369110107,300,429,429,463
12.154606819152832,300,429,429,463
12.154606819152832,300,429,429,463
12.155620574951172,301,429,429,463
12.155620574951172,301,429,429,463
12.157204627990723,301,429,429,463
12.157204627990723,301,429,429,463
12.15877628326416,301,430,429,462
12.160345554351807,300,430,429,462
12.160345554351807,300,429,429,462
12.161884784698486,300,429,429,462
12.161884784698486,300,429,429,462
12.16344928741455,300,429,429,462
12.165032625198364,300,429,429,462
12.165032625198364,300,428,427,462
12.166769742965698,300,428,427,462
12.168365955352783,300,428,427,462
12.168365955352783,300,428,427,462
12.168365955352783,300,428,427,462
12.170041561126709,300,428,427,462
12.17163348197937,300,428,427,462
12.17163348197937,300,428,427,462
12.173269510269165,300,428,427,461
12.173269510269165,300,428,427,461
12.174865484237671,300,428,427,461
12.174865484237671,300,428,427,461
12.176437616348267,300,428,427,461
12.176437616348267,300,427,427,461
12.177985906600952,300,427,427,461
12.179570436477661,300,427,427,461
12.179570436477661,300,426,427,461
12.181137800216675,300,426,427,462
12.182700395584106,300,426,427,462
12.182700395584106,300,427,427,462
12.184306383132935,299,427,427,462
12.184306383132935,299,427,427,462
12.185837507247925,299,427,428,462
12.185837507247925,299,428,428,462
12.187416553497314,299,428,428,462
12.187416553497314,299,428,428,462
12.188977718353271,299,428,428,462
12.190605640411377,299,428,428,462
12.190605640411377,300,428,428,462
12.190605640411377,300,428,428,462
12.190605640411377,300,428,428,462
12.190605640411377,300,428,428,462
12.190605640411377,300,428,428,462
12.190605640411377,299,428,428,462
12.190605640411377,299,428,428,462
12.190605640411377,299,428,428,462
12.190605640411377,299,428,428,462
12.190605640411377,300,428,428,462
12.200182914733887,300,428,428,462
