time,pos,cur,cmd_pos,cmd_cur
0.0,205,513,512,512
0.0,205,513,512,512
0.0,205,513,512,512
0.010427474975585938,206,513,512,512
0.010427474975585938,206,512,512,512
0.010427474975585938,206,512,512,512
0.010427474975585938,206,512,512,512
0.010427474975585938,206,513,512,512
0.010427474975585938,206,513,512,512
0.01574397087097168,206,513,512,512
0.016603469848632812,206,513,512,512
0.016603469848632812,206,513,512,512
0.016603469848632812,206,512,512,512
0.016603469848632812,206,512,512,512
0.016603469848632812,206,512,512,512
0.016603469848632812,206,512,512,512
0.016603469848632812,206,512,512,512
0.016603469848632812,206,512,512,512
0.016603469848632812,206,513,512,512
0.016603469848632812,205,512,512,512
0.016603469848632812,205,512,512,512
0.016603469848632812,205,512,512,512
0.016603469848632812,205,512,512,512
0.016603469848632812,205,512,512,512
0.016603469848632812,206,512,512,512
0.016603469848632812,206,512,512,512
0.016603469848632812,206,512,512,512
0.03140687942504883,205,512,512,512
0.03140687942504883,205,512,512,512
0.03140687942504883,205,512,512,512
0.03140687942504883,205,512,512,512
0.03140687942504883,205,512,512,512
0.03140687942504883,205,513,512,512
0.03140687942504883,205,513,512,512
0.03140687942504883,205,512,512,512
0.03140687942504883,205,512,512,512
0.03140687942504883,205,512,512,512
0.03140687942504883,205,512,512,512
0.03140687942504883,205,512,512,512
0.03140687942504883,205,513,512,512
0.03140687942504883,205,513,512,512
0.03140687942504883,205,512,512,512
0.04393768310546875,205,512,512,512
0.04393768310546875,205,512,512,512
0.04393768310546875,204,512,512,512
0.04706382751464844,204,512,512,512
0.04804396629333496,204,512,512,512
0.049017906188964844,204,512,512,512
0.04959702491760254,204,512,512,512
0.04959702491760254,204,512,512,512
0.04959702491760254,204,512,512,512
0.04959702491760254,204,512,512,512
0.04959702491760254,204,512,512,512
0.04959702491760254,204,512,512,512
0.05547165870666504,204,512,512,512
0.05547165870666504,204,512,512,512
0.05547165870666504,204,512,512,512
0.05547165870666504,204,513,512,512
0.05547165870666504,204,513,512,512
0.05547165870666504,204,513,512,512
0.060297250747680664,204,513,512,512
0.060297250747680664,204,512,512,512
0.060297250747680664,204,512,512,512
0.060297250747680664,204,512,512,512
0.06385612487792969,204,512,512,512
0.06385612487792969,204,512,512,512
0.06385612487792969,204,512,512,512
0.06385612487792969,203,512,512,512
0.06385612487792969,203,512,512,512
0.06385612487792969,203,512,512,512
0.06385612487792969,203,512,512,512
0.06385612487792969,203,512,512,512
0.06385612487792969,203,512,512,512
0.07195043563842773,203,513,512,512
0.07269597053527832,203,513,512,512
0.07330822944641113,203,512,512,512
0.07432103157043457,204,512,512,512
0.07432103157043457,204,513,512,512
0.07432103157043457,204,512,512,512
0.07713723182678223,204,512,512,512
0.07713723182678223,204,513,512,512
0.07843255996704102,203,513,512,512
0.07843255996704102,203,512,512,512
0.07843255996704102,203,512,512,512
0.07843255996704102,203,512,512,512
0.07843255996704102,204,512,512,512
0.07843255996704102,204,512,512,512
0.07843255996704102,204,512,512,512
0.07843255996704102,204,512,512,512
0.07843255996704102,204,512,512,512
0.07843255996704102,204,512,512,512
0.0878446102142334,204,512,512,512
0.0878446102142334,204,512,512,512
0.0878446102142334,204,512,512,512
0.0878446102142334,204,513,512,512
0.0878446102142334,204,513,512,512
0.0878446102142334,204,512,512,512
0.0878446102142334,205,512,512,512
0.09374880790710449,204,512,512,512
0.09374880790710449,204,512,512,512
0.09374880790710449,204,512,512,512
0.09374880790710449,204,512,512,512
0.09374880790710449,205,512,512,512
0.09374880790710449,204,512,512,512
0.09374880790710449,204,512,512,512
0.09374880790710449,204,512,512,512
0.09374880790710449,204,512,512,512
0.09374880790710449,205,513,512,512
0.09374880790710449,205,512,512,512
0.09374880790710449,205,512,512,512
0.10373520851135254,205,512,512,512
0.10373520851135254,205,512,512,512
0.10373520851135254,205,512,512,512
0.10373520851135254,205,512,512,512
0.10373520851135254,205,512,512,512
0.10373520851135254,205,512,512,512
0.10373520851135254,205,512,512,512
0.11048245429992676,205,512,512,512
0.11048245429992676,205,512,512,512
0.11048245429992676,205,512,512,512
0.11048245429992676,205,512,512,512
0.11048245429992676,205,512,512,512
0.11048245429992676,205,512,512,512
0.11048245429992676,205,512,512,512
0.11048245429992676,205,512,512,512
0.11048245429992676,205,512,512,512
0.11048245429992676,205,512,512,512
0.11048245429992676,205,512,512,512
0.11969375610351562,205,512,512,512
0.12094235420227051,205,512,512,512
0.12181496620178223,206,512,512,512
0.12181496620178223,206,512,512,512
0.12181496620178223,206,512,512,512
0.12181496620178223,206,512,512,512
0.12181496620178223,206,512,512,512
0.12181496620178223,206,512,512,512
0.12691760063171387,206,512,512,512
0.12691760063171387,206,512,512,512
0.12691760063171387,206,512,512,512
0.12691760063171387,206,512,512,512
0.12691760063171387,206,512,512,512
0.12691760063171387,205,512,512,512
0.12691760063171387,206,512,512,512
0.12691760063171387,205,512,512,512
0.12691760063171387,205,512,512,512
0.12691760063171387,205,512,512,512
0.1354055404663086,205,512,512,512
0.1354055404663086,205,512,512,512
0.1354055404663086,205,512,512,512
0.1354055404663086,205,512,512,512
0.1354055404663086,205,512,512,512
0.1354055404663086,205,512,512,512
0.1354055404663086,205,512,512,512
0.1354055404663086,205,512,512,512
0.1354055404663086,205,512,512,512
0.1354055404663086,205,512,512,512
0.1354055404663086,205,512,512,512
0.1354055404663086,205,512,512,512
0.1354055404663086,205,512,512,512
0.1354055404663086,204,512,512,512
0.1354055404663086,204,512,512,512
0.1354055404663086,204,512,512,512
0.1354055404663086,204,512,512,512
0.1354055404663086,204,512,512,512
0.1512291431427002,204,512,512,512
0.1512291431427002,204,512,512,512
0.1512291431427002,204,512,512,512
0.1512291431427002,204,512,512,512
0.1512291431427002,204,512,512,512
0.1512291431427002,204,512,512,512
0.1512291431427002,204,512,512,512
0.15773439407348633,204,512,512,512
0.15773439407348633,204,512,512,512
0.15773439407348633,204,512,512,512
0.16034364700317383,204,512,512,512
0.16034364700317383,204,512,512,512
0.16034364700317383,204,512,512,512
0.16034364700317383,204,512,512,512
0.16034364700317383,204,512,512,512
0.16034364700317383,204,512,512,512
0.16034364700317383,204,512,512,512
0.16034364700317383,204,512,512,512
0.16693401336669922,204,512,512,512
0.16693401336669922,204,512,512,512
0.16693401336669922,204,512,512,512
0.16693401336669922,203,512,512,512
0.16693401336669922,204,512,512,512
0.16693401336669922,203,512,512,512
0.16693401336669922,203,512,512,512
0.16693401336669922,203,512,512,512
0.16693401336669922,204,512,512,512
0.16693401336669922,203,512,512,512
0.16693401336669922,204,512,512,512
0.16693401336669922,204,512,512,512
0.17712926864624023,204,512,512,512
0.17864513397216797,204,512,512,512
0.17864513397216797,204,512,512,512
0.17864513397216797,204,512,512,512
0.17864513397216797,204,512,512,512
0.17864513397216797,203,512,512,512
0.18288731575012207,204,512,512,512
0.18397831916809082,204,512,512,512
0.18450570106506348,204,512,512,512
0.18450570106506348,204,512,512,512
0.18450570106506348,204,513,512,512
0.18450570106506348,204,513,512,512
0.18450570106506348,204,512,512,512
0.18450570106506348,204,512,512,512
0.18450570106506348,204,512,512,512
0.18450570106506348,204,512,512,512
0.18450570106506348,204,512,512,512
0.18450570106506348,204,512,512,512
0.18450570106506348,204,512,512,512
0.1936349868774414,204,512,512,512
0.1936349868774414,205,512,512,512
0.1936349868774414,205,512,512,512
0.1936349868774414,205,512,512,512
0.1936349868774414,205,512,512,512
0.19876384735107422,205,512,512,512
0.19876384735107422,205,513,512,512
0.19876384735107422,205,512,512,512
0.19876384735107422,205,512,512,512
0.19876384735107422,205,512,512,512
0.19876384735107422,205,512,512,512
0.19876384735107422,205,512,512,512
0.19876384735107422,205,513,512,512
0.19876384735107422,205,513,512,512
0.19876384735107422,205,512,512,512
0.19876384735107422,205,512,512,512
0.19876384735107422,206,512,512,512
0.19876384735107422,206,512,512,512
0.19876384735107422,206,512,512,512
0.19876384735107422,206,512,512,512
0.19876384735107422,206,512,512,512
0.19876384735107422,205,512,512,512
0.19876384735107422,205,512,512,512
0.19876384735107422,205,512,512,512
0.2147233486175537,205,512,512,512
0.2147233486175537,205,512,512,512
0.2147233486175537,206,512,512,512
0.2147233486175537,205,512,512,512
0.2147233486175537,205,512,512,512
0.2147233486175537,205,512,512,512
0.2147233486175537,205,512,512,512
0.2147233486175537,205,512,512,512
0.2147233486175537,205,512,512,512
0.2147233486175537,205,512,512,512
0.2147233486175537,205,513,512,512
0.2147233486175537,206,512,512,512
0.2147233486175537,206,512,512,512
0.2147233486175537,206,512,512,512
0.22721219062805176,206,512,512,512
0.22721219062805176,205,512,512,512
0.22721219062805176,205,512,512,512
0.22721219062805176,205,512,512,512
0.2307603359222412,205,512,512,512
0.2317049503326416,205,512,512,512
0.2323291301727295,205,512,512,512
0.23385357856750488,205,512,512,512
0.23385357856750488,205,512,512,512
0.23385357856750488,205,512,512,512
0.23385357856750488,205,512,512,512
0.23385357856750488,205,512,512,512
0.23385357856750488,205,512,512,512
0.2388143539428711,205,512,512,512
0.2388143539428711,205,512,512,512
0.2388143539428711,205,512,512,512
0.2388143539428711,205,512,512,512
0.2388143539428711,205,512,512,512
0.24295735359191895,205,512,512,512
0.2438523769378662,205,512,512,512
0.2438523769378662,205,512,512,512
0.2438523769378662,205,512,512,512
0.246962308883667,205,512,512,512
0.246962308883667,205,512,512,512
0.246962308883667,205,512,512,512
0.246962308883667,205,511,512,512
0.246962308883667,204,511,512,512
0.246962308883667,204,511,512,512
0.246962308883667,204,511,512,512
0.246962308883667,204,511,512,512
0.246962308883667,204,512,512,512
0.246962308883667,204,512,512,512
0.25573134422302246,204,512,512,512
0.2563624382019043,204,512,512,512
0.2563624382019043,204,512,512,512
0.2563624382019043,204,512,512,512
0.2563624382019043,204,512,512,512
0.25967860221862793,204,512,512,512
0.26036691665649414,204,512,512,512
0.26036691665649414,204,512,512,512
0.26036691665649414,204,512,512,512
0.26355814933776855,204,512,512,512
0.26355814933776855,204,512,512,512
0.26355814933776855,204,512,512,512
0.26355814933776855,204,512,512,512
0.26355814933776855,204,512,512,512
0.26355814933776855,204,512,512,512
0.26355814933776855,204,512,512,512
0.26355814933776855,204,512,512,512
0.26355814933776855,204,512,512,512
0.26355814933776855,204,512,512,512
0.27164459228515625,204,512,512,512
0.27164459228515625,204,512,512,512
0.27164459228515625,204,512,512,512
0.27164459228515625,204,512,512,512
0.27164459228515625,204,512,512,512
0.27164459228515625,204,512,512,512
0.27164459228515625,204,512,512,512
0.277240514755249,204,512,512,512
0.2788355350494385,204,512,512,512
0.2788355350494385,204,512,512,512
0.2788355350494385,204,512,512,512
0.2788355350494385,204,512,512,512
0.2788355350494385,204,512,512,512
0.2788355350494385,204,512,512,512
0.2788355350494385,204,512,512,512
0.2788355350494385,204,512,512,512
0.2788355350494385,204,512,512,512
0.2788355350494385,204,512,512,512
0.2873358726501465,204,512,512,512
0.2873358726501465,204,512,512,512
0.2873358726501465,205,512,512,512
0.2873358726501465,205,512,512,512
0.2873358726501465,205,512,512,512
0.2873358726501465,205,512,512,512
0.2873358726501465,205,512,512,512
0.2873358726501465,205,512,512,512
0.2873358726501465,205,512,512,512
0.2873358726501465,205,512,512,512
0.2873358726501465,205,512,512,512
0.2873358726501465,205,512,512,512
0.2873358726501465,205,512,512,512
0.2873358726501465,205,512,512,512
0.2873358726501465,205,512,512,512
0.2873358726501465,205,512,512,512
0.2873358726501465,205,512,512,512
0.2873358726501465,205,512,512,512
0.3030729293823242,205,512,512,512
0.30455493927001953,205,512,512,512
0.30455493927001953,205,512,512,512
0.30455493927001953,205,512,512,512
0.30455493927001953,205,513,512,512
0.30455493927001953,205,513,512,512
0.30455493927001953,205,512,512,512
0.30455493927001953,205,512,512,512
0.30455493927001953,205,512,512,512
0.30455493927001953,205,512,512,512
0.30455493927001953,205,512,512,512
0.30455493927001953,205,512,512,512
0.30455493927001953,205,512,512,512
0.30455493927001953,205,512,512,512
0.30455493927001953,205,512,512,512
0.30455493927001953,206,512,512,512
0.30455493927001953,206,512,512,512
0.30455493927001953,206,512,512,512
0.31881165504455566,206,512,512,512
0.31881165504455566,206,512,512,512
0.31881165504455566,205,512,512,512
0.31881165504455566,206,512,512,512
0.31881165504455566,206,512,512,512
0.31881165504455566,205,512,512,512
0.31881165504455566,205,512,512,512
0.31881165504455566,205,512,512,512
0.31881165504455566,205,513,512,512
0.327085018157959,205,512,512,512
0.327085018157959,205,512,512,512
0.327085018157959,205,512,512,512
0.327085018157959,205,512,512,512
0.327085018157959,205,511,512,512
0.327085018157959,205,511,512,512
0.327085018157959,205,512,512,512
0.327085018157959,205,512,512,512
0.327085018157959,205,512,512,512
0.3344869613647461,204,512,512,512
0.3352322578430176,204,512,512,512
0.3352322578430176,205,512,512,512
0.3352322578430176,205,512,512,512
0.3352322578430176,205,512,512,512
0.3352322578430176,205,512,512,512
0.3352322578430176,204,512,512,512
0.3352322578430176,204,512,512,512
0.3352322578430176,204,512,512,512
0.3352322578430176,204,512,512,512
0.3352322578430176,204,512,512,512
0.3352322578430176,204,512,512,512
0.3352322578430176,204,512,512,512
0.3352322578430176,204,512,512,512
0.3352322578430176,204,512,512,512
0.3352322578430176,204,512,512,512
0.3352322578430176,204,512,512,512
0.3352322578430176,204,512,512,512
0.350374698638916,204,512,512,512
0.351001501083374,204,512,512,512
0.3529036045074463,204,512,512,512
0.3529036045074463,204,512,512,512
0.3529036045074463,204,512,512,512
0.3529036045074463,204,512,512,512
0.3529036045074463,204,513,512,512
0.3529036045074463,204,512,512,512
0.3529036045074463,204,512,512,512
0.3529036045074463,204,512,512,512
0.3529036045074463,204,512,512,512
0.3529036045074463,204,512,512,512
0.3529036045074463,204,512,512,512
0.3529036045074463,204,512,512,512
0.3529036045074463,204,512,512,512
0.3529036045074463,204,512,512,512
0.3529036045074463,204,512,512,512
0.3529036045074463,204,512,512,512
0.36601972579956055,204,512,512,512
0.36601972579956055,204,512,512,512
0.36601972579956055,204,512,512,512
0.36601972579956055,204,512,512,512
0.36601972579956055,204,512,512,512
0.36601972579956055,204,512,512,512
0.36601972579956055,204,512,512,512
0.36601972579956055,204,512,512,512
0.36601972579956055,204,512,512,512
0.36601972579956055,204,512,512,512
0.36601972579956055,204,512,512,512
0.36601972579956055,204,512,512,512
0.36601972579956055,204,512,512,512
0.36601972579956055,204,512,512,512
0.36601972579956055,204,512,512,512
0.37895655632019043,204,512,512,512
0.37895655632019043,204,512,512,512
0.37895655632019043,204,512,512,512
0.38189125061035156,204,512,512,512
0.38189125061035156,204,512,512,512
0.38189125061035156,204,512,512,512
0.38189125061035156,204,512,512,512
0.38189125061035156,204,512,512,512
0.38189125061035156,204,512,512,512
0.38189125061035156,204,512,512,512
0.38189125061035156,204,512,512,512
0.38189125061035156,205,512,512,512
0.38189125061035156,205,512,512,512
0.38189125061035156,205,512,512,512
0.38189125061035156,205,512,512,512
0.38189125061035156,205,513,512,512
0.38189125061035156,205,512,512,512
0.38189125061035156,205,512,512,512
0.38189125061035156,205,512,512,512
0.38189125061035156,205,512,512,512
0.38189125061035156,205,512,512,512
0.39754152297973633,205,512,512,512
0.39821863174438477,205,512,512,512
0.40010690689086914,205,512,512,512
0.40010690689086914,205,512,512,512
0.40010690689086914,205,512,512,512
0.40010690689086914,205,512,512,512
0.40010690689086914,205,512,512,512
0.40010690689086914,205,512,512,512
0.40010690689086914,205,512,512,512
0.4056837558746338,205,512,512,512
0.4056837558746338,205,512,512,512
0.4056837558746338,205,513,512,512
0.4056837558746338,205,513,512,512
0.4056837558746338,205,512,512,512
0.4056837558746338,205,512,512,512
0.4108245372772217,206,512,512,512
0.4108245372772217,206,512,512,512
0.4108245372772217,206,512,512,512
0.4108245372772217,206,512,512,512
0.4140925407409668,206,511,512,512
0.4140925407409668,206,511,512,512
0.4140925407409668,206,512,512,512
0.4140925407409668,205,512,512,512
0.4140925407409668,205,512,512,512
0.4140925407409668,205,512,512,512
0.4140925407409668,205,512,512,512
0.4140925407409668,205,512,512,512
0.4140925407409668,205,512,512,512
0.42258143424987793,205,513,512,512
0.42334842681884766,206,512,512,512
0.4240288734436035,206,512,512,512
0.4240288734436035,206,512,512,512
0.4240288734436035,206,512,512,512
0.4240288734436035,205,512,512,512
0.4272143840789795,205,512,512,512
0.4272143840789795,205,512,512,512
0.4272143840789795,205,512,512,512
0.4272143840789795,205,512,512,512
0.4272143840789795,205,512,512,512
0.4272143840789795,205,512,512,512
0.4272143840789795,205,512,512,512
0.4272143840789795,205,512,512,512
0.4272143840789795,205,512,512,512
0.4272143840789795,205,512,512,512
0.4272143840789795,205,512,512,512
0.4272143840789795,205,512,512,512
0.43833351135253906,205,512,512,512
0.43833351135253906,205,512,512,512
0.43833351135253906,205,513,512,512
0.43833351135253906,205,513,512,512
0.43833351135253906,205,512,512,512
0.43833351135253906,205,512,512,512
0.44341516494750977,205,512,512,512
0.44443249702453613,204,512,512,512
0.44443249702453613,204,512,512,512
0.44443249702453613,204,512,512,512
0.44443249702453613,204,512,512,512
0.44443249702453613,204,512,512,512
0.44443249702453613,204,512,512,512
0.44443249702453613,205,512,512,512
0.44443249702453613,205,512,512,512
0.44443249702453613,205,512,512,512
0.44443249702453613,205,512,512,512
0.44443249702453613,204,512,512,512
0.4541037082672119,204,511,512,512
0.4541037082672119,204,511,512,512
0.4541037082672119,204,511,512,512
0.4541037082672119,204,511,512,512
0.4541037082672119,204,511,512,512
0.4541037082672119,204,512,512,512
0.4541037082672119,204,512,512,512
0.4541037082672119,204,512,512,512
0.4604759216308594,204,512,512,512
0.46205735206604004,204,512,512,512
0.4624624252319336,204,512,512,512
0.4624624252319336,204,511,512,512
0.4624624252319336,204,512,512,512
0.4624624252319336,204,512,512,512
0.4624624252319336,204,512,512,512
0.4624624252319336,204,512,512,512
0.4624624252319336,204,512,512,512
0.4624624252319336,204,512,512,512
0.4624624252319336,204,512,512,512
0.4701559543609619,204,512,512,512
0.4701559543609619,204,512,512,512
0.4701559543609619,204,512,512,512
0.4701559543609619,204,512,512,512
0.4701559543609619,204,512,512,512
0.4701559543609619,204,512,512,512
0.4701559543609619,204,512,512,512
0.4701559543609619,204,512,512,512
0.47732973098754883,204,512,512,512
0.47834205627441406,204,512,512,512
0.47886061668395996,204,512,512,512
0.47886061668395996,204,512,512,512
0.47886061668395996,204,512,512,512
0.47886061668395996,204,511,512,512
0.47886061668395996,204,512,512,512
0.47886061668395996,204,512,512,512
0.4839301109313965,204,512,512,512
0.4839301109313965,204,512,512,512
0.48593950271606445,204,512,512,512
0.48593950271606445,204,512,512,512
0.48593950271606445,204,512,512,512
0.48593950271606445,205,512,512,512
0.48593950271606445,205,512,512,512
0.48593950271606445,205,512,512,512
0.48593950271606445,205,512,512,512
0.48593950271606445,205,512,512,512
0.49326109886169434,205,512,512,512
0.49326109886169434,205,512,512,512
0.49426960945129395,205,512,512,512
0.49426960945129395,205,512,512,512
0.49426960945129395,205,511,512,512
0.49426960945129395,205,511,512,512
0.49426960945129395,205,512,512,512
0.49426960945129395,205,512,512,512
0.49426960945129395,205,512,512,512
0.49426960945129395,205,512,512,512
0.49426960945129395,205,512,512,512
0.49426960945129395,205,512,512,512
0.49426960945129395,205,512,512,512
0.49426960945129395,205,512,512,512
0.49426960945129395,205,512,512,512
0.49426960945129395,205,512,512,512
0.49426960945129395,205,512,512,512
0.49426960945129395,205,512,512,512
0.49426960945129395,205,512,512,512
0.49426960945129395,205,512,512,512
0.5100612640380859,205,512,512,512
0.5107419490814209,206,512,512,512
0.5117323398590088,206,512,512,512
0.5117323398590088,206,512,512,512
0.5117323398590088,206,512,512,512
0.5117323398590088,205,511,512,512
0.5117323398590088,205,512,512,512
0.5117323398590088,205,512,512,512
0.5117323398590088,206,512,512,512
0.5117323398590088,205,512,512,512
0.5117323398590088,205,512,512,512
0.5117323398590088,205,512,512,512
0.5117323398590088,205,512,512,512
0.5117323398590088,205,512,512,512
0.5117323398590088,205,512,512,512
0.5117323398590088,205,512,512,512
0.5117323398590088,205,512,512,512
0.5259377956390381,205,512,512,512
0.5259377956390381,205,512,512,512
0.5259377956390381,205,511,512,512
0.5259377956390381,205,511,512,512
0.5259377956390381,205,511,512,512
0.5259377956390381,205,511,512,512
0.5259377956390381,205,512,512,512
0.5259377956390381,205,512,512,512
0.5259377956390381,205,512,512,512
0.5259377956390381,205,512,512,512
0.5259377956390381,205,512,512,512
0.5259377956390381,205,512,512,512
0.5259377956390381,205,512,512,512
0.5259377956390381,205,512,512,512
0.5259377956390381,205,512,512,512
0.5259377956390381,205,512,512,512
0.5259377956390381,205,512,512,512
0.5259377956390381,205,512,512,512
0.5259377956390381,204,512,512,512
0.5416407585144043,204,512,512,512
0.5416407585144043,204,512,512,512
0.5416407585144043,204,512,512,512
0.5416407585144043,205,512,512,512
0.5416407585144043,204,511,512,512
0.5416407585144043,204,512,512,512
0.5416407585144043,204,511,512,512
0.5416407585144043,204,511,512,512
0.5416407585144043,204,512,512,512
0.5416407585144043,204,512,512,512
0.5416407585144043,204,512,512,512
0.5416407585144043,204,512,512,512
0.5416407585144043,204,512,512,512
0.5416407585144043,204,512,512,512
0.5416407585144043,204,512,512,512
0.5416407585144043,204,512,512,512
0.5416407585144043,204,512,512,512
0.5416407585144043,204,512,512,512
0.5573439598083496,204,512,512,512
0.5586607456207275,204,512,512,512
0.5586607456207275,204,512,512,512
0.5586607456207275,204,512,512,512
0.5604152679443359,204,512,512,512
0.5604152679443359,204,512,512,512
0.5604152679443359,204,512,512,512
0.5604152679443359,204,512,512,512
0.5604152679443359,204,512,512,512
0.5604152679443359,204,511,512,512
0.5604152679443359,204,511,512,512
0.5604152679443359,204,512,512,512
0.5604152679443359,204,512,512,512
0.5604152679443359,204,511,512,512
0.5604152679443359,204,511,512,512
0.5604152679443359,204,511,512,512
0.5604152679443359,204,512,512,512
0.5604152679443359,204,512,512,512
0.5731868743896484,204,512,512,512
0.5731868743896484,204,512,512,512
0.5731868743896484,204,512,512,512
0.5731868743896484,204,512,512,512
0.5770823955535889,204,512,512,512
0.5770823955535889,204,512,512,512
0.5770823955535889,204,512,512,512
0.5790941715240479,204,512,512,512
0.5790941715240479,204,512,512,512
0.5790941715240479,204,512,512,512
0.5790941715240479,205,512,512,512
0.5790941715240479,205,512,512,512
0.5790941715240479,205,512,512,512
0.5790941715240479,205,512,512,512
0.5790941715240479,205,512,512,512
0.5790941715240479,205,512,512,512
0.5790941715240479,205,512,512,512
0.5790941715240479,205,512,512,512
0.5889735221862793,205,512,512,512
0.5903747081756592,205,512,512,512
0.5909028053283691,205,512,512,512
0.5909028053283691,205,512,512,512
0.5909028053283691,205,512,512,512
0.5909028053283691,205,512,512,512
0.5909028053283691,205,512,512,512
0.5909028053283691,205,512,512,512
0.5909028053283691,205,512,512,512
0.5909028053283691,205,512,512,512
0.5909028053283691,205,512,512,512
0.5909028053283691,205,512,512,512
0.5909028053283691,205,512,512,512
0.5909028053283691,205,512,512,512
0.5909028053283691,205,512,512,512
0.5909028053283691,205,512,512,512
0.5909028053283691,206,512,512,512
0.5909028053283691,206,512,512,512
0.6047501564025879,206,512,512,512
0.6047501564025879,206,512,512,512
0.6047501564025879,206,512,512,512
0.6047501564025879,206,511,512,512
0.6047501564025879,206,511,512,512
0.6047501564025879,206,512,512,512
0.6047501564025879,205,511,512,512
0.6104042530059814,205,511,512,512
0.6104042530059814,205,511,512,512
0.6104042530059814,205,511,512,512
0.6104042530059814,206,511,512,512
0.6104042530059814,205,511,512,512
0.6104042530059814,205,512,512,512
0.6104042530059814,205,512,512,512
0.6104042530059814,205,512,512,512
0.6104042530059814,205,512,512,512
0.6104042530059814,205,512,512,512
0.6104042530059814,205,512,512,512
0.6204171180725098,205,512,512,512
0.6217391490936279,205,512,512,512
0.6217391490936279,205,512,512,512
0.6217391490936279,205,512,512,512
0.6217391490936279,205,512,512,512
0.6217391490936279,205,512,512,512
0.6217391490936279,205,512,512,512
0.6217391490936279,205,512,512,512
0.6217391490936279,205,512,512,512
0.6217391490936279,205,512,512,512
0.6217391490936279,205,511,512,512
0.6217391490936279,205,511,512,512
0.6217391490936279,205,511,512,512
0.6217391490936279,205,511,512,512
0.6217391490936279,205,512,512,512
0.6217391490936279,205,512,512,512
0.6217391490936279,205,512,512,512
0.6217391490936279,205,512,512,512
0.6363611221313477,205,512,512,512
0.6363611221313477,205,512,512,512
0.6363611221313477,205,512,512,512
0.6363611221313477,205,512,512,512
0.6363611221313477,205,512,512,512
0.6363611221313477,205,512,512,512
0.6363611221313477,204,512,512,512
0.6363611221313477,204,512,512,512
0.6363611221313477,204,512,512,512
0.6437547206878662,204,512,512,512
0.6437547206878662,204,512,512,512
0.6437547206878662,204,512,512,512
0.6437547206878662,204,511,512,512
0.6437547206878662,204,511,512,512
0.6437547206878662,204,511,512,512
0.6437547206878662,204,511,512,512
0.6437547206878662,204,511,512,512
0.6437547206878662,204,511,512,512
0.6521949768066406,204,512,512,512
0.6521949768066406,204,512,512,512
0.6521949768066406,204,512,512,512
0.6521949768066406,204,512,512,512
0.6521949768066406,204,512,512,512
0.6521949768066406,204,512,512,512
0.6521949768066406,204,512,512,512
0.6521949768066406,204,512,512,512
0.6521949768066406,204,512,512,512
0.6521949768066406,204,512,512,512
0.6521949768066406,204,512,512,512
0.6521949768066406,204,512,512,512
0.6521949768066406,204,512,512,512
0.6521949768066406,204,512,512,512
0.6521949768066406,204,512,512,512
0.6521949768066406,204,512,512,512
0.6521949768066406,204,511,512,512
0.6521949768066406,204,512,512,512
0.6521949768066406,204,511,512,512
0.668290376663208,204,512,512,512
0.6701371669769287,204,512,512,512
0.6705639362335205,204,512,512,512
0.6705639362335205,204,512,512,512
0.6705639362335205,205,512,512,512
0.6705639362335205,205,512,512,512
0.6705639362335205,205,512,512,512
0.6705639362335205,205,512,512,512
0.6705639362335205,205,512,512,512
0.6705639362335205,205,512,512,512
0.6770272254943848,205,512,512,512
0.6770272254943848,205,512,512,512
0.6795518398284912,205,512,512,512
0.6795518398284912,205,512,512,512
0.6795518398284912,205,512,512,512
0.6795518398284912,205,512,512,512
0.6795518398284912,205,512,512,512
0.6840059757232666,205,512,512,512
0.6840059757232666,205,512,512,512
0.6840059757232666,205,512,512,512
0.6840059757232666,205,512,512,512
0.6840059757232666,205,512,512,512
0.6840059757232666,205,512,512,512
0.6840059757232666,205,512,512,512
0.6840059757232666,205,512,512,512
0.6840059757232666,205,512,512,512
0.6840059757232666,205,511,512,512
0.6840059757232666,205,511,512,512
0.6840059757232666,205,511,512,512
0.6937534809112549,205,512,512,512
0.6937534809112549,205,512,512,512
0.6937534809112549,205,512,512,512
0.6937534809112549,205,512,512,512
0.6937534809112549,205,511,512,512
0.6937534809112549,205,511,512,512
0.6937534809112549,205,511,512,512
0.7001113891601562,205,512,512,512
0.7001113891601562,205,512,512,512
0.7001113891601562,205,512,512,512
0.7001113891601562,205,512,512,512
0.7001113891601562,205,512,512,512
0.7001113891601562,205,512,512,512
0.7001113891601562,205,512,512,512
0.7001113891601562,205,512,512,512
0.7001113891601562,205,512,512,512
0.7001113891601562,205,512,512,512
0.7001113891601562,205,512,512,512
0.7001113891601562,205,512,512,512
0.7103965282440186,205,512,512,512
0.7103965282440186,205,512,512,512
0.7103965282440186,205,512,512,512
0.7103965282440186,205,512,512,512
0.7103965282440186,205,511,512,512
0.7103965282440186,205,511,512,512
0.716350793838501,205,512,512,512
0.717322826385498,205,512,512,512
0.717322826385498,205,512,512,512
0.717322826385498,205,512,512,512
0.717322826385498,205,512,512,512
0.717322826385498,205,512,512,512
0.717322826385498,205,512,512,512
0.717322826385498,205,512,512,512
0.717322826385498,205,512,512,512
0.717322826385498,205,512,512,512
0.717322826385498,205,512,512,512
0.717322826385498,205,512,512,512
0.7268474102020264,205,512,512,512
0.7268474102020264,205,512,512,512
0.7268474102020264,205,511,512,512
0.7268474102020264,205,511,512,512
0.7268474102020264,205,511,512,512
0.7268474102020264,205,511,512,512
0.7318305969238281,204,511,512,512
0.7318305969238281,204,511,512,512
0.7332732677459717,204,511,512,512
0.7347321510314941,205,511,512,512
0.7358462810516357,205,511,512,512
0.7358462810516357,205,512,512,512
0.7358462810516357,205,512,512,512
0.7358462810516357,205,512,512,512
0.7358462810516357,205,512,512,512
0.7399466037750244,205,512,512,512
0.7399466037750244,205,512,512,512
0.7399466037750244,204,512,512,512
0.743797779083252,204,512,512,512
0.743797779083252,204,512,512,512
0.7441995143890381,204,512,512,512
0.7448256015777588,204,511,512,512
0.7448256015777588,204,511,512,512
0.7448256015777588,204,511,512,512
0.7480847835540771,204,511,512,512
0.7480847835540771,204,512,512,512
0.7480847835540771,204,512,512,512
0.7480847835540771,204,512,512,512
0.7480847835540771,204,512,512,512
0.7480847835540771,204,512,512,512
0.7480847835540771,204,512,512,512
0.7480847835540771,204,512,512,512
0.7480847835540771,204,512,512,512
0.7562673091888428,204,512,512,512
0.7571055889129639,204,512,512,512
0.7571055889129639,204,512,512,512
0.7606678009033203,204,512,512,512
0.761329174041748,204,512,512,512
0.761329174041748,204,512,512,512
0.761329174041748,205,512,512,512
0.7617099285125732,205,511,512,512
0.7623136043548584,205,511,512,512
0.7623136043548584,205,511,512,512
0.7646079063415527,204,511,512,512
0.7646079063415527,204,511,512,512
0.7646079063415527,204,512,512,512
0.7646079063415527,204,512,512,512
0.7646079063415527,204,512,512,512
0.7646079063415527,204,512,512,512
0.7646079063415527,204,512,512,512
0.7646079063415527,204,512,512,512
0.7646079063415527,204,512,512,512
0.7726259231567383,204,512,512,512
0.7726259231567383,204,513,512,512
0.7726259231567383,205,512,512,512
0.7726259231567383,205,512,512,512
0.7726259231567383,205,512,512,512
0.7726259231567383,205,512,512,512
0.7771978378295898,205,512,512,512
0.7771978378295898,205,512,512,512
0.7797341346740723,205,512,512,512
0.7797341346740723,205,512,512,512
0.7797341346740723,205,512,512,512
0.7797341346740723,205,512,512,512
0.7797341346740723,204,511,512,512
0.7797341346740723,204,512,512,512
0.7797341346740723,204,512,512,512
0.7797341346740723,205,512,512,512
0.7797341346740723,205,512,512,512
0.7797341346740723,205,512,512,512
0.788438081741333,205,512,512,512
0.788438081741333,205,512,512,512
0.789355993270874,205,512,512,512
0.789355993270874,205,512,512,512
0.789355993270874,205,512,512,512
0.789355993270874,205,512,512,512
0.789355993270874,205,512,512,512
0.793992280960083,205,512,512,512
0.793992280960083,205,512,512,512
0.793992280960083,205,512,512,512
0.793992280960083,205,512,512,512
0.793992280960083,205,512,512,512
0.793992280960083,205,512,512,512
0.793992280960083,205,512,512,512
0.793992280960083,205,512,512,512
0.793992280960083,205,512,512,512
0.793992280960083,205,512,512,512
0.793992280960083,205,512,512,512
0.8041200637817383,205,512,512,512
0.8041200637817383,205,512,512,512
0.8041200637817383,205,511,512,512
0.8041200637817383,205,512,512,512
0.8041200637817383,205,511,512,512
0.8041200637817383,205,512,512,512
0.8041200637817383,205,512,512,512
0.8041200637817383,205,512,512,512
0.8041200637817383,205,512,512,512
0.8041200637817383,205,512,512,512
0.8041200637817383,205,512,512,512
0.8041200637817383,205,511,512,512
0.8041200637817383,205,511,512,512
0.8041200637817383,205,512,512,512
0.8041200637817383,205,512,512,512
0.8041200637817383,205,511,512,512
0.8041200637817383,205,512,512,512
0.8041200637817383,205,512,512,512
0.8041200637817383,205,512,512,512
0.8200356960296631,205,512,512,512
0.8200356960296631,205,512,512,512
0.8200356960296631,205,512,512,512
0.8200356960296631,205,512,512,512
0.8200356960296631,205,512,512,512
0.8200356960296631,205,512,512,512
0.8200356960296631,205,512,512,512
0.8200356960296631,205,512,512,512
0.8200356960296631,205,512,512,512
0.8200356960296631,205,512,512,512
0.8200356960296631,205,511,512,512
0.8200356960296631,205,511,512,512
0.8200356960296631,205,512,512,512
0.8200356960296631,205,512,512,512
0.8200356960296631,205,512,512,512
0.8200356960296631,205,512,512,512
0.8200356960296631,205,512,512,512
0.8200356960296631,205,512,512,512
0.8358855247497559,205,512,512,512
0.8358855247497559,205,512,512,512
0.8358855247497559,205,512,512,512
0.8391919136047363,205,512,512,512
0.8391919136047363,205,513,512,512
0.8391919136047363,205,512,512,512
0.8391919136047363,205,512,512,512
0.8391919136047363,205,512,512,512
0.8391919136047363,205,511,512,512
0.8391919136047363,205,511,512,512
0.8391919136047363,205,511,512,512
0.8391919136047363,205,511,512,512
0.8391919136047363,205,511,512,512
0.8391919136047363,205,511,512,512
0.8391919136047363,205,511,512,512
0.8391919136047363,204,511,512,512
0.8391919136047363,204,512,512,512
0.8391919136047363,204,512,512,512
0.8516459465026855,204,512,512,512
0.8516459465026855,204,512,512,512
0.8516459465026855,204,512,512,512
0.8516459465026855,204,512,512,512
0.8516459465026855,204,512,512,512
0.8516459465026855,204,512,512,512
0.8516459465026855,204,512,512,512
0.8516459465026855,204,512,512,512
0.8516459465026855,204,512,512,512
0.8516459465026855,204,511,512,512
0.8516459465026855,205,511,512,512
0.8516459465026855,204,511,512,512
0.8516459465026855,204,511,512,512
0.8516459465026855,204,512,512,512
0.8516459465026855,204,512,512,512
0.8516459465026855,204,511,512,512
0.8516459465026855,204,512,512,512
0.8516459465026855,204,512,512,512
0.8673944473266602,204,512,512,512
0.8689427375793457,204,512,512,512
0.8693485260009766,204,512,512,512
0.8693485260009766,204,512,512,512
0.8693485260009766,204,512,512,512
0.8693485260009766,205,512,512,512
0.8693485260009766,205,512,512,512
0.8693485260009766,205,512,512,512
0.8693485260009766,205,512,512,512
0.8693485260009766,205,512,512,512
0.8693485260009766,205,512,512,512
0.8693485260009766,205,511,512,512
0.8693485260009766,204,511,512,512
0.8693485260009766,204,511,512,512
0.8797764778137207,205,511,512,512
0.8797764778137207,205,511,512,512
0.8797764778137207,205,512,512,512
0.8797764778137207,205,512,512,512
0.8831970691680908,205,512,512,512
0.8831970691680908,204,512,512,512
0.8831970691680908,205,512,512,512
0.8831970691680908,205,512,512,512
0.8831970691680908,205,512,512,512
0.8831970691680908,205,512,512,512
0.8831970691680908,204,512,512,512
0.8831970691680908,204,512,512,512
0.8831970691680908,204,512,512,512
0.8831970691680908,205,512,512,512
0.8831970691680908,205,512,512,512
0.8831970691680908,205,512,512,512
0.8938238620758057,205,512,512,512
0.8938238620758057,205,512,512,512
0.8938238620758057,205,512,512,512
0.8938238620758057,205,512,512,512
0.8938238620758057,205,512,512,512
0.8938238620758057,205,512,512,512
0.8991551399230957,205,512,512,512
0.9004430770874023,205,512,512,512
0.9012908935546875,205,512,512,512
0.9012908935546875,205,512,512,512
0.9012908935546875,205,512,512,512
0.9012908935546875,205,512,512,512
0.9012908935546875,205,512,512,512
0.9012908935546875,205,512,512,512
0.9012908935546875,205,512,512,512
0.9072911739349365,205,512,512,512
0.9072911739349365,205,512,512,512
0.9072911739349365,205,512,512,512
0.9072911739349365,205,512,512,512
0.9107327461242676,205,512,512,512
0.9110832214355469,205,512,512,512
0.9110832214355469,205,512,512,512
0.9110832214355469,205,512,512,512
0.9110832214355469,205,512,512,512
0.9110832214355469,205,512,512,512
0.9153954982757568,205,511,512,512
0.9153954982757568,205,512,512,512
0.9153954982757568,205,512,512,512
0.9153954982757568,205,512,512,512
0.9153954982757568,204,512,512,512
0.9153954982757568,204,512,512,512
0.9153954982757568,204,512,512,512
0.9153954982757568,204,512,512,512
0.9153954982757568,204,512,512,512
0.9234423637390137,205,513,512,512
0.9234423637390137,205,512,512,512
0.9234423637390137,205,512,512,512
0.9269003868103027,205,512,512,512
0.9269003868103027,205,512,512,512
0.9269003868103027,205,512,512,512
0.9269003868103027,205,512,512,512
0.9269003868103027,205,512,512,512
0.9269003868103027,205,512,512,512
0.9269003868103027,205,512,512,512
0.9269003868103027,205,512,512,512
0.9269003868103027,204,512,512,512
0.9269003868103027,204,512,512,512
0.9269003868103027,204,512,512,512
0.9269003868103027,204,512,512,512
0.9269003868103027,204,512,512,512
0.9269003868103027,204,512,512,512
0.9269003868103027,204,512,512,512
0.9391212463378906,204,512,512,512
0.9391212463378906,204,512,512,512
0.9391212463378906,204,512,512,512
0.9391212463378906,204,512,512,512
0.9391212463378906,204,512,512,512
0.9391212463378906,204,512,512,512
0.9391212463378906,204,512,512,512
0.9391212463378906,204,512,512,512
0.9391212463378906,204,511,512,512
0.9391212463378906,204,512,512,512
0.9391212463378906,204,512,512,512
0.9391212463378906,204,512,512,512
0.9391212463378906,204,512,512,512
0.9391212463378906,204,512,512,512
0.9391212463378906,204,512,512,512
0.9391212463378906,204,512,512,512
0.9391212463378906,204,513,512,512
0.9391212463378906,204,513,512,512
0.9556922912597656,204,513,512,512
0.9559791088104248,204,512,512,512
0.9559791088104248,204,512,512,512
0.9559791088104248,204,512,512,512
0.9559791088104248,204,512,512,512
0.9559791088104248,205,512,512,512
0.960334300994873,205,512,512,512
0.960334300994873,205,512,512,512
0.960334300994873,205,512,512,512
0.960334300994873,205,512,512,512
0.960334300994873,205,512,512,512
0.960334300994873,205,512,512,512
0.960334300994873,205,512,512,512
0.960334300994873,205,512,512,512
0.960334300994873,205,512,512,512
0.960334300994873,205,512,512,512
0.960334300994873,205,512,512,512
0.9704906940460205,205,512,512,512
0.9704906940460205,205,512,512,512
0.9712276458740234,205,512,512,512
0.9712276458740234,205,513,512,512
0.9712276458740234,204,513,512,512
0.9712276458740234,204,512,512,512
0.9763336181640625,204,512,512,512
0.9772777557373047,204,512,512,512
0.9772777557373047,204,512,512,512
0.9780709743499756,205,512,512,512
0.9780709743499756,205,512,512,512
0.9780709743499756,205,512,512,512
0.9800810813903809,205,512,512,512
0.9800810813903809,205,512,512,512
0.9800810813903809,205,512,512,512
0.9800810813903809,205,512,512,512
0.9800810813903809,205,512,512,512
0.9800810813903809,205,512,512,512
0.9800810813903809,205,512,512,512
0.9862935543060303,205,512,512,512
0.9862935543060303,205,512,512,512
0.9862935543060303,205,512,512,512
0.9862935543060303,205,512,512,512
0.9862935543060303,205,512,512,512
0.9862935543060303,205,512,512,512
0.9862935543060303,205,512,512,512
0.9862935543060303,205,512,512,512
0.9940581321716309,205,512,512,512
0.9947192668914795,205,512,512,512
0.9947192668914795,205,512,512,512
0.9947192668914795,205,512,512,512
0.9947192668914795,205,512,512,512
0.9947192668914795,205,511,512,512
0.9947192668914795,205,511,512,512
0.9947192668914795,205,512,512,512
0.9947192668914795,205,512,512,512
0.9947192668914795,205,512,512,512
1.002223253250122,205,512,512,512
1.002223253250122,205,512,512,512
1.002223253250122,205,512,512,512
1.002223253250122,205,512,512,512
1.002223253250122,205,512,512,512
1.002223253250122,205,512,512,512
1.002223253250122,205,512,512,512
1.002223253250122,205,512,512,512
1.002223253250122,205,512,512,512
1.002223253250122,205,512,512,512
1.010547399520874,205,512,512,512
1.010547399520874,205,512,512,512
1.010547399520874,205,512,512,512
1.010547399520874,205,512,512,512
1.010547399520874,205,512,512,512
1.010547399520874,205,512,512,512
1.010547399520874,205,512,512,512
1.010547399520874,205,512,512,512
1.010547399520874,205,512,512,512
1.010547399520874,205,512,512,512
1.010547399520874,205,512,512,512
1.010547399520874,205,512,512,512
1.010547399520874,205,512,512,512
1.010547399520874,205,512,512,512
1.010547399520874,205,512,512,512
1.010547399520874,205,512,512,512
1.010547399520874,205,512,512,512
1.010547399520874,205,512,512,512
1.0266647338867188,205,512,512,512
1.0266647338867188,204,512,512,512
1.0266647338867188,204,512,512,512
1.0266647338867188,204,512,512,512
1.0266647338867188,204,512,512,512
1.0266647338867188,204,512,512,512
1.0266647338867188,204,512,512,512
1.0266647338867188,204,512,512,512
1.0266647338867188,204,512,512,512
1.0266647338867188,204,512,512,512
1.0266647338867188,204,512,512,512
1.0266647338867188,204,512,512,512
1.0266647338867188,204,512,512,512
1.0266647338867188,204,512,512,512
1.0266647338867188,204,512,512,512
1.0266647338867188,204,512,512,512
1.0266647338867188,204,512,512,512
1.0423781871795654,204,512,512,512
1.0423781871795654,204,512,512,512
1.0423781871795654,204,512,512,512
1.0423781871795654,204,512,512,512
1.0423781871795654,204,512,512,512
1.0423781871795654,204,512,512,512
1.0423781871795654,204,512,512,512
1.0423781871795654,204,512,512,512
1.0423781871795654,204,512,512,512
1.0423781871795654,204,512,512,512
1.0423781871795654,204,512,512,512
1.0423781871795654,204,512,512,512
1.0423781871795654,204,512,512,512
1.0423781871795654,204,512,512,512
1.0423781871795654,204,512,512,512
1.0423781871795654,204,512,512,512
1.0423781871795654,204,512,512,512
1.0423781871795654,204,513,512,512
1.0423781871795654,204,513,512,512
1.0583689212799072,204,512,512,512
1.0595762729644775,204,512,512,512
1.0595762729644775,204,512,512,512
1.0595762729644775,204,512,512,512
1.0595762729644775,204,512,512,512
1.0595762729644775,204,512,512,512
1.0595762729644775,204,512,512,512
1.0595762729644775,204,512,512,512
1.0595762729644775,204,512,512,512
1.0595762729644775,204,512,512,512
1.0595762729644775,204,512,512,512
1.0595762729644775,204,512,512,512
1.0595762729644775,204,512,512,512
1.0595762729644775,204,512,512,512
1.0595762729644775,204,512,512,512
1.0595762729644775,205,512,512,512
1.0595762729644775,205,512,512,512
1.0595762729644775,205,512,512,512
1.0741560459136963,205,512,512,512
1.0741560459136963,205,512,512,512
1.0741560459136963,205,512,512,512
1.0741560459136963,205,512,512,512
1.0741560459136963,204,512,512,512
1.0741560459136963,204,512,512,512
1.0741560459136963,204,512,512,512
1.0802886486053467,204,512,512,512
1.0802886486053467,204,512,512,512
1.0802886486053467,205,512,512,512
1.0802886486053467,205,512,512,512
1.0802886486053467,205,512,512,512
1.0802886486053467,205,512,512,512
1.0802886486053467,205,512,512,512
1.0802886486053467,205,512,512,512
1.0802886486053467,205,512,512,512
1.0802886486053467,205,512,512,512
1.0802886486053467,205,512,512,512
1.089798927307129,205,512,512,512
1.0907683372497559,205,512,512,512
1.091461181640625,205,512,512,512
1.091461181640625,205,512,512,512
1.091461181640625,205,512,512,512
1.0936017036437988,205,512,512,512
1.094611644744873,205,512,512,512
1.094611644744873,205,512,512,512
1.094611644744873,205,512,512,512
1.094611644744873,205,512,512,512
1.094611644744873,205,512,512,512
1.094611644744873,205,512,512,512
1.094611644744873,205,512,512,512
1.094611644744873,205,512,512,512
1.6474192142486572,204,512,512,512
1.6474192142486572,204,512,512,512
1.6474192142486572,204,512,512,512
1.650944471359253,204,512,512,512
1.650944471359253,204,513,512,512
1.6519596576690674,204,513,512,512
1.6536200046539307,204,512,512,512
1.6536200046539307,204,512,512,512
1.6552467346191406,204,512,512,512
1.6552467346191406,204,512,512,512
1.6568338871002197,204,512,512,512
1.6568338871002197,204,512,512,512
1.6600322723388672,204,512,512,512
1.6600322723388672,204,512,512,512
1.6600322723388672,204,512,512,512
1.6600322723388672,204,512,512,512
1.6616184711456299,204,512,512,512
1.6632065773010254,204,512,512,512
1.6638104915618896,204,512,512,512
1.6643176078796387,204,512,512,512
1.6658439636230469,204,512,512,512
1.6658439636230469,204,512,512,512
1.6669278144836426,204,512,512,512
1.6684768199920654,204,512,512,512
1.6695160865783691,204,512,512,512
1.6695160865783691,204,512,512,512
1.6710937023162842,204,512,512,512
1.6710937023162842,204,512,512,512
1.6727378368377686,204,512,512,512
1.674015998840332,204,513,512,512
1.674015998840332,204,513,512,512
1.6777400970458984,204,512,512,512
1.6777400970458984,204,512,512,512
1.6777400970458984,204,512,512,512
1.6777400970458984,204,512,512,512
1.678924798965454,205,512,512,512
1.678924798965454,205,512,512,512
1.6804735660552979,205,512,512,512
1.6817386150360107,205,512,512,512
1.6823811531066895,205,512,512,512
1.6829841136932373,204,512,512,512
1.6847631931304932,204,512,512,512
1.6847631931304932,204,512,512,512
1.6847631931304932,204,512,512,512
1.6864473819732666,204,512,512,512
1.6864473819732666,205,512,512,512
1.6864473819732666,205,512,512,512
1.6864473819732666,205,512,512,512
1.6864473819732666,205,512,512,512
1.6864473819732666,205,512,512,512
1.6943013668060303,205,512,512,512
1.6943013668060303,205,512,512,512
1.6943013668060303,205,512,512,512
1.6943013668060303,205,512,512,512
1.6943013668060303,205,512,512,512
1.6943013668060303,205,512,512,512
1.6943013668060303,205,512,512,512
1.6978209018707275,205,512,512,512
1.6978209018707275,205,511,512,512
1.6978209018707275,205,511,512,512
1.6978209018707275,205,512,512,512
1.6978209018707275,205,512,512,512
1.6978209018707275,204,512,512,512
1.6978209018707275,205,513,512,512
1.6978209018707275,205,513,512,512
1.6978209018707275,205,513,512,512
1.6978209018707275,205,512,512,512
1.6978209018707275,205,512,512,512
1.6978209018707275,205,512,512,512
1.7108867168426514,205,512,512,512
1.7108867168426514,205,512,512,512
1.7108867168426514,205,512,512,512
1.7108867168426514,205,512,512,512
1.7108867168426514,205,512,512,512
1.7130582332611084,205,512,512,512
1.7130582332611084,205,512,512,512
1.7130582332611084,205,512,512,512
1.7130582332611084,205,512,512,512
1.7130582332611084,205,512,512,512
1.7130582332611084,205,512,512,512
1.7130582332611084,205,512,512,512
1.7130582332611084,204,512,512,512
1.7130582332611084,204,512,512,512
1.7130582332611084,204,512,512,512
1.7130582332611084,204,513,512,512
1.7130582332611084,205,512,512,512
1.7130582332611084,205,512,512,512
1.7130582332611084,205,512,512,512
1.7270498275756836,205,512,512,512
1.7270498275756836,205,512,512,512
1.7270498275756836,205,512,512,512
1.7270498275756836,205,512,512,512
1.7293469905853271,205,512,512,512
1.7293469905853271,205,512,512,512
1.7293469905853271,205,512,512,512
1.7293469905853271,205,512,512,512
1.7293469905853271,205,512,512,512
1.7293469905853271,205,512,512,512
1.7293469905853271,205,512,512,512
1.7293469905853271,205,512,512,512
1.7293469905853271,205,512,512,512
1.7293469905853271,204,512,512,512
1.7293469905853271,204,512,512,512
1.7293469905853271,204,512,512,512
1.7293469905853271,204,512,512,512
1.7293469905853271,205,512,512,512
1.741471290588379,204,512,512,512
1.743483304977417,204,512,512,512
1.7440674304962158,204,512,512,512
1.7455370426177979,204,512,512,512
1.7455370426177979,204,512,512,512
1.7455370426177979,204,512,512,512
1.7455370426177979,204,512,512,512
1.7455370426177979,204,512,512,512
1.7455370426177979,204,512,512,512
1.7455370426177979,204,512,512,512
1.7455370426177979,204,512,512,512
1.7455370426177979,205,512,512,512
1.7455370426177979,205,512,512,512
1.7455370426177979,205,512,512,511
1.7455370426177979,205,512,512,512
1.7455370426177979,205,512,512,512
1.7455370426177979,205,512,512,512
1.7455370426177979,205,512,512,512
1.7573082447052002,204,512,512,512
1.7598767280578613,204,512,512,512
1.7598767280578613,204,512,512,512
1.7598767280578613,204,512,512,512
1.7598767280578613,204,512,512,512
1.7598767280578613,204,512,512,512
1.7598767280578613,204,512,512,512
1.7598767280578613,204,512,512,512
1.7598767280578613,204,512,512,512
1.7655067443847656,204,512,512,512
1.766202449798584,204,512,512,512
1.766202449798584,204,512,512,512
1.766202449798584,204,512,512,512
1.766202449798584,204,512,512,512
1.766202449798584,204,512,512,512
1.766202449798584,204,512,512,512
1.766202449798584,204,512,512,512
1.766202449798584,204,512,512,512
1.766202449798584,205,512,512,512
1.766202449798584,205,512,512,512
1.7766072750091553,205,512,512,512
1.7766072750091553,205,512,512,512
1.7766072750091553,205,512,512,512
1.7766072750091553,205,511,512,512
1.7766072750091553,205,511,512,512
1.7766072750091553,205,511,512,512
1.7766072750091553,204,511,512,512
1.7766072750091553,204,511,512,512
1.7823643684387207,204,512,512,512
1.7823643684387207,204,512,512,512
1.7823643684387207,204,512,512,512
1.784677267074585,204,512,512,512
1.784677267074585,204,512,512,512
1.784677267074585,204,512,512,512
1.784677267074585,204,512,512,512
1.784677267074585,204,512,512,512
1.784677267074585,204,512,512,512
1.784677267074585,204,512,512,512
1.784677267074585,205,512,512,512
1.7940750122070312,204,512,512,512
1.7940750122070312,204,512,512,512
1.7946131229400635,204,512,512,512
1.7946131229400635,204,512,512,512
1.7946131229400635,204,512,512,512
1.7946131229400635,204,512,512,512
1.7946131229400635,204,512,512,512
1.7946131229400635,204,512,512,512
1.7946131229400635,204,512,512,512
1.7946131229400635,204,512,512,512
1.8009674549102783,204,512,512,512
1.8009674549102783,205,512,512,512
1.8009674549102783,205,512,512,512
1.8009674549102783,205,512,512,512
1.8009674549102783,205,512,512,512
1.8009674549102783,205,512,512,512
1.8009674549102783,205,512,512,512
1.8009674549102783,205,512,512,512
1.8009674549102783,205,512,512,512
1.811023473739624,205,512,512,512
1.811023473739624,205,512,512,512
1.811023473739624,205,512,512,512
1.811023473739624,205,512,512,512
1.811023473739624,205,512,512,512
1.811023473739624,204,512,512,512
1.811023473739624,204,512,512,512
1.811023473739624,204,512,512,512
1.811023473739624,204,512,512,512
1.811023473739624,204,512,512,512
1.811023473739624,205,512,512,512
1.811023473739624,205,512,512,512
1.811023473739624,205,512,512,512
1.811023473739624,205,512,512,512
1.811023473739624,205,512,512,512
1.811023473739624,205,512,512,512
1.811023473739624,205,512,512,512
1.811023473739624,204,512,512,512
1.8248488903045654,204,512,512,512
1.8267943859100342,204,512,512,512
1.8267943859100342,204,512,512,512
1.827301263809204,204,512,512,512
1.827301263809204,204,512,512,512
1.8288555145263672,204,512,512,512
1.8288555145263672,204,512,512,512
1.8304474353790283,204,512,512,512
1.8304474353790283,204,512,512,512
1.831981897354126,205,512,512,512
1.831981897354126,204,512,512,512
1.831981897354126,204,512,512,512
1.831981897354126,204,512,512,512
1.831981897354126,204,512,512,512
1.831981897354126,204,512,512,512
1.831981897354126,204,512,512,512
1.831981897354126,204,512,512,512
1.831981897354126,204,512,512,512
1.8406927585601807,204,512,512,512
1.8406927585601807,204,512,512,512
1.8427097797393799,204,512,512,512
1.8427097797393799,204,512,512,512
1.8445563316345215,204,512,512,512
1.8445563316345215,204,512,512,512
1.8458731174468994,204,512,512,512
1.8469035625457764,204,512,512,512
1.8477592468261719,204,512,512,512
1.848778247833252,204,512,512,512
1.848778247833252,204,512,512,512
1.848778247833252,204,512,512,512
1.848778247833252,204,512,512,512
1.848778247833252,204,512,512,512
1.848778247833252,204,512,512,512
1.848778247833252,204,512,512,512
1.848778247833252,204,512,512,512
1.848778247833252,204,512,512,512
1.848778247833252,204,512,512,512
1.8568198680877686,205,512,512,512
1.8568198680877686,205,512,512,512
1.8604815006256104,205,512,512,512
1.8604815006256104,205,512,512,512
1.8604815006256104,205,512,512,512
1.8618719577789307,205,512,512,512
1.8618719577789307,205,512,512,512
1.8618719577789307,204,512,512,512
1.8618719577789307,204,512,512,512
1.8650777339935303,204,512,512,512
1.8659603595733643,204,512,512,512
1.866816520690918,204,512,512,512
1.866816520690918,204,512,512,512
1.866816520690918,204,512,512,512
1.866816520690918,204,512,512,512
1.866816520690918,204,512,512,512
1.866816520690918,204,512,512,512
1.866816520690918,204,512,512,512
1.866816520690918,204,512,512,512
1.873307466506958,204,512,512,512
1.873307466506958,204,512,512,512
1.8771352767944336,204,512,512,512
1.8771352767944336,204,512,512,512
1.8771352767944336,204,512,512,512
1.8778111934661865,204,512,512,512
1.8778111934661865,205,512,512,512
1.8778111934661865,205,512,512,512
1.8778111934661865,205,511,512,512
1.8813543319702148,205,511,512,512
1.882366418838501,205,511,512,512
1.882366418838501,205,511,512,512
1.882366418838501,205,512,512,512
1.882366418838501,205,512,512,512
1.882366418838501,204,512,512,512
1.882366418838501,204,512,512,512
1.882366418838501,204,512,512,512
1.882366418838501,205,512,512,512
1.8901317119598389,205,512,512,512
1.890429973602295,205,512,512,512
1.890429973602295,205,512,512,512
1.8939588069915771,205,511,512,512
1.8939588069915771,205,511,512,512
1.8939588069915771,205,511,512,512
1.8939588069915771,205,511,512,513
1.8939588069915771,205,511,512,513
1.8939588069915771,205,512,512,513
1.8939588069915771,205,512,512,513
1.8939588069915771,205,512,512,513
1.8939588069915771,205,513,512,512
1.8939588069915771,205,513,512,512
1.8939588069915771,205,514,512,512
1.8939588069915771,205,514,512,512
1.8939588069915771,205,514,512,512
1.8939588069915771,205,513,512,512
1.8939588069915771,205,513,512,512
1.905869483947754,205,512,512,512
1.905869483947754,205,512,512,512
1.905869483947754,205,512,512,512
1.905869483947754,205,512,512,512
1.905869483947754,205,512,512,512
1.905869483947754,205,511,512,512
1.905869483947754,205,511,512,512
1.905869483947754,205,511,512,512
1.905869483947754,205,511,512,512
1.905869483947754,205,511,512,512
1.905869483947754,205,512,512,512
1.905869483947754,205,512,512,512
1.905869483947754,205,512,512,512
1.905869483947754,204,512,512,512
1.905869483947754,205,512,512,512
1.905869483947754,205,512,512,512
1.905869483947754,205,512,512,512
1.905869483947754,205,512,512,512
1.9218673706054688,205,512,512,512
1.9232151508331299,205,512,512,512
1.9232151508331299,205,512,512,512
1.9232151508331299,205,512,512,512
1.9232151508331299,205,512,512,512
1.9232151508331299,205,512,512,512
1.9271433353424072,205,512,512,512
1.9271433353424072,205,512,512,512
1.9271433353424072,205,512,512,512
1.9271433353424072,205,512,512,512
1.9271433353424072,205,511,512,512
1.9271433353424072,205,511,512,512
1.9271433353424072,205,511,512,513
1.9271433353424072,205,512,512,512
1.9271433353424072,204,512,512,512
1.9271433353424072,204,512,512,512
1.9271433353424072,204,512,512,512
1.9375159740447998,204,512,512,512
1.9375159740447998,204,512,512,512
1.9375159740447998,205,513,512,512
1.9375159740447998,205,512,512,512
1.9375159740447998,205,512,512,512
1.9375159740447998,205,512,512,512
1.9375159740447998,205,512,512,512
1.9436619281768799,204,512,512,512
1.9436619281768799,204,512,512,512
1.9436619281768799,204,512,512,512
1.9436619281768799,204,512,512,512
1.9436619281768799,204,511,512,512
1.9436619281768799,204,512,512,512
1.9436619281768799,204,512,512,512
1.9436619281768799,204,512,512,512
1.9501292705535889,204,512,512,512
1.9501292705535889,205,512,512,512
1.9501292705535889,204,512,512,512
1.9532060623168945,204,512,512,512
1.9532060623168945,204,512,512,512
1.9532060623168945,204,512,512,512
1.9532060623168945,205,512,512,512
1.9532060623168945,205,512,512,512
1.9532060623168945,205,512,512,512
1.9532060623168945,205,512,512,512
1.9532060623168945,205,512,512,512
1.960294246673584,205,512,512,512
1.960294246673584,205,512,512,512
1.960294246673584,205,512,512,512
1.960294246673584,205,512,512,512
1.960294246673584,205,512,512,512
1.960294246673584,205,512,512,512
1.960294246673584,205,512,512,512
1.960294246673584,205,512,512,512
1.960294246673584,205,512,512,512
1.960294246673584,205,512,512,512
1.9690439701080322,205,512,512,512
1.9690439701080322,205,512,512,512
1.9690439701080322,205,512,512,512
1.9690439701080322,205,512,512,512
1.9690439701080322,204,512,512,512
1.9690439701080322,204,512,512,512
1.9690439701080322,204,511,512,513
1.9690439701080322,205,511,512,513
1.9690439701080322,205,512,512,513
1.9770307540893555,205,512,512,513
1.9770307540893555,205,512,512,513
1.9770307540893555,205,513,512,513
1.9770307540893555,205,513,512,513
1.9770307540893555,205,513,512,512
1.9770307540893555,205,513,512,512
1.9824213981628418,205,514,512,512
1.9824213981628418,205,513,512,512
1.9824213981628418,205,513,512,512
1.9847197532653809,205,513,512,512
1.9847197532653809,205,512,512,512
1.9847197532653809,205,512,512,512
1.9847197532653809,205,512,512,512
1.9847197532653809,205,512,512,512
1.9847197532653809,205,512,512,512
1.9847197532653809,205,512,512,512
1.9847197532653809,205,512,512,512
1.9847197532653809,205,512,512,512
1.9847197532653809,205,512,512,512
1.9938366413116455,205,512,512,512
1.9938366413116455,205,512,512,512
1.9958465099334717,205,512,512,512
1.9958465099334717,205,512,512,512
1.9958465099334717,205,511,512,512
1.9978525638580322,205,511,512,512
1.9978525638580322,205,512,512,512
1.9998581409454346,205,512,512,512
1.9998581409454346,205,512,512,512
1.9998581409454346,205,512,512,512
2.001863479614258,205,512,512,512
2.001863479614258,205,512,512,512
2.0038678646087646,205,512,512,512
2.0058014392852783,205,512,512,512
2.0058014392852783,205,512,512,512
2.0058014392852783,205,512,512,512
2.0082108974456787,205,512,512,512
2.0082108974456787,205,512,512,512
2.0082108974456787,205,512,512,512
2.0106728076934814,205,511,512,512
2.0106728076934814,205,511,512,512
2.0106728076934814,205,512,512,512
2.0106728076934814,205,511,512,512
2.0106728076934814,205,511,512,512
2.0106728076934814,205,511,512,513
2.016286611557007,204,511,512,513
2.016286611557007,204,512,512,513
2.016286611557007,205,512,512,513
2.016286611557007,204,513,512,513
2.016286611557007,205,513,512,513
2.016286611557007,205,513,512,512
2.016286611557007,205,514,512,512
2.016286611557007,205,514,512,512
2.016286611557007,205,513,512,512
2.024470329284668,205,513,512,512
2.0248026847839355,205,513,512,512
2.02646803855896,205,512,512,512
2.027322292327881,205,512,512,512
2.027322292327881,205,512,512,512
2.027322292327881,205,512,512,512
2.027322292327881,205,512,512,512
2.027322292327881,205,512,512,512
2.027322292327881,204,512,512,512
2.027322292327881,204,512,512,512
2.027322292327881,204,512,512,512
2.027322292327881,204,512,512,512
2.027322292327881,204,512,512,512
2.027322292327881,204,512,512,512
2.027322292327881,204,512,512,512
2.027322292327881,205,512,512,512
2.027322292327881,205,512,512,512
2.027322292327881,205,512,512,512
2.040170669555664,205,512,512,512
2.040170669555664,205,512,512,512
2.040170669555664,205,512,512,512
2.042823314666748,205,512,512,512
2.042823314666748,205,512,512,512
2.0444624423980713,205,511,512,512
2.0452821254730225,205,511,512,512
2.0452821254730225,205,511,512,512
2.0452821254730225,205,512,512,512
2.0452821254730225,205,512,512,512
2.0485680103302,204,512,512,512
2.0485680103302,204,512,512,512
2.0485680103302,204,512,512,512
2.0485680103302,204,512,512,512
2.0485680103302,204,512,512,512
2.0485680103302,205,512,512,512
2.0485680103302,205,512,512,512
2.0485680103302,205,512,512,512
2.0566916465759277,205,512,512,512
2.0566916465759277,204,511,512,512
2.0566916465759277,204,511,512,512
2.0566916465759277,204,511,512,512
2.0566916465759277,204,511,512,513
2.06052565574646,204,512,512,513
2.060917615890503,205,512,512,512
2.060917615890503,205,512,512,512
2.060917615890503,205,513,512,512
2.060917615890503,205,512,512,512
2.0647289752960205,205,513,512,512
2.0647289752960205,205,512,512,512
2.0667436122894287,205,513,512,512
2.0667436122894287,205,512,512,512
2.0667436122894287,205,512,512,512
2.0699498653411865,205,512,512,512
2.0704684257507324,205,512,512,512
2.0704684257507324,205,512,512,512
2.0704684257507324,205,512,512,512
2.072793483734131,205,512,512,512
2.072793483734131,205,512,512,512
2.072793483734131,205,512,512,512
2.072793483734131,205,512,512,512
2.072793483734131,205,512,512,512
2.072793483734131,205,511,512,512
2.072793483734131,205,512,512,513
2.072793483734131,205,512,512,512
2.072793483734131,205,511,512,512
2.081097364425659,205,512,512,513
2.081097364425659,205,512,512,513
2.082737445831299,205,512,512,512
2.082737445831299,205,512,512,512
2.082737445831299,205,513,512,512
2.082737445831299,205,513,512,512
2.082737445831299,205,513,512,512
2.082737445831299,205,512,512,512
2.082737445831299,205,512,512,512
2.082737445831299,204,512,512,512
2.082737445831299,205,512,512,512
2.082737445831299,205,512,512,512
2.082737445831299,205,512,512,512
2.082737445831299,205,511,512,512
2.082737445831299,205,512,512,513
2.093773126602173,205,512,512,512
2.093773126602173,205,512,512,512
2.093773126602173,205,512,512,512
2.0967555046081543,205,512,512,512
2.0983357429504395,205,512,512,512
2.0983357429504395,205,512,512,512
2.0983357429504395,205,512,512,512
2.0983357429504395,205,512,512,512
2.0983357429504395,205,512,512,512
2.0983357429504395,205,512,512,512
2.0983357429504395,205,512,512,512
2.0983357429504395,205,512,512,512
2.0983357429504395,204,512,512,512
2.0983357429504395,204,512,512,512
2.0983357429504395,204,512,512,512
2.0983357429504395,204,512,512,512
2.0983357429504395,204,512,512,512
2.0983357429504395,205,512,512,512
2.110607624053955,205,512,512,512
2.110607624053955,205,512,512,512
2.110607624053955,205,512,512,512
2.1126210689544678,205,511,512,513
2.1126210689544678,205,511,512,513
2.1126210689544678,205,512,512,513
2.1126210689544678,205,512,512,513
2.1126210689544678,204,512,512,513
2.1126210689544678,204,513,512,513
2.1126210689544678,204,513,512,512
2.1126210689544678,204,514,512,512
2.1126210689544678,204,514,512,512
2.1126210689544678,204,514,512,512
2.1126210689544678,205,513,512,512
2.1126210689544678,205,513,512,512
2.1126210689544678,205,513,512,512
2.1126210689544678,205,512,512,512
2.1126210689544678,205,512,512,512
2.1126210689544678,205,512,512,512
2.1126210689544678,205,512,512,512
2.1286725997924805,204,511,512,512
2.1295156478881836,204,511,512,512
2.1302549839019775,204,511,512,512
2.1302549839019775,204,511,512,512
2.1302549839019775,204,511,512,512
2.1302549839019775,204,511,512,512
2.1302549839019775,204,512,512,512
2.1302549839019775,204,512,512,512
2.1302549839019775,204,512,512,512
2.1302549839019775,204,512,512,512
2.1302549839019775,204,512,512,512
2.1302549839019775,205,512,512,512
2.1302549839019775,204,512,512,512
2.1302549839019775,204,512,512,512
2.1302549839019775,204,512,512,512
2.1302549839019775,204,512,512,512
2.1302549839019775,204,512,512,512
2.1302549839019775,205,512,512,512
2.143782138824463,204,512,512,512
2.144822359085083,204,512,512,512
2.144822359085083,204,512,512,512
2.144822359085083,204,512,512,512
2.144822359085083,204,512,512,512
2.144822359085083,204,512,512,512
2.144822359085083,204,512,512,512
2.144822359085083,204,512,512,512
2.144822359085083,204,512,512,512
2.144822359085083,204,512,512,512
2.144822359085083,204,512,512,512
2.144822359085083,204,512,512,512
2.144822359085083,204,512,512,512
2.144822359085083,204,512,512,512
2.144822359085083,204,512,512,512
2.144822359085083,204,512,512,512
2.144822359085083,204,512,512,512
2.144822359085083,205,512,512,512
2.144822359085083,205,512,512,512
2.1604669094085693,205,512,512,512
2.1604669094085693,205,511,512,513
2.162478446960449,205,512,512,513
2.162478446960449,205,512,512,512
2.1644883155822754,205,512,512,512
2.1644883155822754,205,512,512,512
2.1644883155822754,205,512,512,512
2.1644883155822754,205,512,512,512
2.1644883155822754,205,512,512,512
2.1644883155822754,205,512,512,512
2.1644883155822754,205,512,512,512
2.1644883155822754,205,512,512,512
2.1644883155822754,205,512,512,512
2.1644883155822754,205,512,512,512
2.1644883155822754,205,512,512,512
2.1644883155822754,204,512,512,512
2.1761558055877686,205,512,512,512
2.1761558055877686,205,512,512,512
2.1761558055877686,205,512,512,512
2.1761558055877686,205,512,512,512
2.1761558055877686,205,512,512,512
2.1761558055877686,205,511,512,512
2.1761558055877686,205,511,512,513
2.1761558055877686,205,512,512,512
2.1761558055877686,205,512,512,512
2.1827943325042725,205,512,512,512
2.1827943325042725,205,512,512,512
2.1827943325042725,205,512,512,512
2.1827943325042725,205,512,512,512
2.1827943325042725,205,512,512,512
2.1827943325042725,205,513,512,512
2.1827943325042725,205,512,512,512
2.1827943325042725,205,512,512,512
2.1827943325042725,205,512,512,512
2.1827943325042725,205,512,512,512
2.1939687728881836,205,512,512,512
2.1939687728881836,205,512,512,512
2.1939687728881836,205,512,512,512
2.1939687728881836,205,511,512,512
2.1953229904174805,205,511,512,513
2.1953229904174805,205,511,512,513
2.1966447830200195,205,512,512,513
2.1966447830200195,205,512,512,513
2.1966447830200195,205,513,512,513
2.1999764442443848,205,513,512,512
2.2005136013031006,205,513,512,512
2.2016587257385254,205,514,512,512
2.2026679515838623,205,514,512,512
2.2026679515838623,205,513,512,512
2.204272985458374,205,513,512,512
2.205876111984253,205,513,512,512
2.205876111984253,205,513,512,512
2.207545042037964,205,512,512,512
2.2103898525238037,205,512,512,512
2.2103898525238037,205,511,512,512
2.2103898525238037,205,511,512,512
2.2103898525238037,205,511,512,512
2.2119202613830566,205,511,512,512
2.2119202613830566,204,511,512,512
2.213700532913208,204,511,512,512
2.213700532913208,204,511,512,513
2.2152469158172607,205,511,512,513
2.216832160949707,204,511,512,513
2.216832160949707,204,512,512,513
2.218439817428589,204,513,512,513
2.218439817428589,204,513,512,512
2.220060110092163,204,513,512,512
2.220060110092163,204,513,512,512
2.221646547317505,204,513,512,512
2.223182201385498,204,513,512,512
2.223182201385498,204,513,512,512
2.2247235774993896,204,513,512,512
2.2273995876312256,204,512,512,512
2.2273995876312256,205,512,512,512
2.2273995876312256,204,512,512,512
2.2273995876312256,204,512,512,512
2.2289419174194336,204,512,512,512
2.2303056716918945,204,512,512,512
2.2303056716918945,205,512,512,512
2.2318308353424072,204,512,512,512
2.2318308353424072,204,512,512,512
2.2333619594573975,204,512,512,512
2.2333619594573975,204,512,512,512
2.234927177429199,204,512,512,512
2.236461877822876,204,512,512,512
2.236461877822876,204,512,512,512
2.238003730773926,204,512,512,512
2.238003730773926,204,512,512,512
2.238003730773926,204,512,512,512
2.238003730773926,204,512,512,512
2.238003730773926,204,512,512,512
2.2420408725738525,205,512,512,512
2.244049549102783,204,512,512,512
2.244049549102783,204,512,512,512
2.2447445392608643,204,512,512,512
2.2447445392608643,204,512,512,512
2.2447445392608643,204,512,512,512
2.2447445392608643,205,512,512,512
2.2447445392608643,205,512,512,512
2.2447445392608643,205,511,512,512
2.2447445392608643,205,511,512,512
2.2447445392608643,205,512,512,512
2.2447445392608643,205,511,512,512
2.2447445392608643,204,511,512,512
2.2447445392608643,204,512,512,512
2.2447445392608643,204,512,512,512
2.2447445392608643,204,512,512,512
2.2447445392608643,205,512,512,512
2.2447445392608643,205,512,512,512
2.2577579021453857,205,512,512,512
2.2598135471343994,205,512,512,512
2.2598135471343994,205,512,512,512
2.2598135471343994,205,512,512,512
2.2613108158111572,205,512,512,512
2.2613108158111572,205,512,512,512
2.2613108158111572,205,512,512,512
2.2613108158111572,205,512,512,512
2.2613108158111572,205,512,512,512
2.2613108158111572,205,512,512,512
2.2613108158111572,205,512,512,512
2.2613108158111572,205,512,512,512
2.2613108158111572,205,512,512,512
2.2613108158111572,205,512,512,512
2.2613108158111572,205,512,512,512
2.2613108158111572,205,512,512,512
2.2613108158111572,205,512,512,512
2.273860216140747,205,512,512,512
2.273860216140747,205,512,512,512
2.2770845890045166,205,512,512,512
2.2770845890045166,205,512,512,512
2.2770845890045166,205,512,512,512
2.27769136428833,205,512,512,512
2.2785794734954834,206,512,512,512
2.2785794734954834,205,512,512,512
2.2785794734954834,205,512,512,512
2.2785794734954834,205,512,512,512
2.2785794734954834,205,511,512,513
2.2829277515411377,205,511,512,513
2.2829277515411377,205,512,512,513
2.2829277515411377,205,512,512,512
2.2829277515411377,205,512,512,512
2.2829277515411377,205,512,512,512
2.2829277515411377,205,513,512,512
2.2829277515411377,205,513,512,512
2.2829277515411377,205,512,512,512
2.2898690700531006,205,513,512,512
2.2898690700531006,205,512,512,512
2.2938358783721924,205,512,512,512
2.2938358783721924,205,512,512,512
2.294278860092163,205,512,512,512
2.294278860092163,205,511,512,512
2.2951884269714355,205,511,512,512
2.2951884269714355,205,512,512,513
2.2951884269714355,205,511,512,512
2.2951884269714355,205,512,512,513
2.2951884269714355,205,512,512,512
2.2951884269714355,205,512,512,512
2.2951884269714355,204,513,512,512
2.2951884269714355,204,513,512,512
2.2951884269714355,204,513,512,512
2.2951884269714355,204,513,512,512
2.2951884269714355,205,512,512,512
2.305528163909912,205,512,512,512
2.305528163909912,204,512,512,512
2.305528163909912,204,512,512,512
2.3099348545074463,205,512,512,512
2.3099348545074463,205,512,512,512
2.3099348545074463,205,512,512,512
2.3099348545074463,205,512,512,512
2.311420202255249,204,512,512,512
2.311420202255249,204,511,512,512
2.311420202255249,204,511,512,513
2.311420202255249,204,511,512,513
2.311420202255249,204,512,512,513
2.311420202255249,204,512,512,513
2.311420202255249,204,512,512,513
2.311420202255249,204,513,512,512
2.311420202255249,204,513,512,512
2.311420202255249,204,514,512,512
2.3213534355163574,204,514,512,512
2.3213534355163574,204,514,512,512
2.3213534355163574,204,513,512,512
2.3213534355163574,204,513,512,512
2.3213534355163574,204,512,512,512
2.32700514793396,204,512,512,512
2.32700514793396,204,512,512,512
2.32700514793396,204,512,512,512
2.32700514793396,204,511,512,512
2.3284332752227783,204,511,512,512
2.3284332752227783,204,512,512,512
2.3284332752227783,204,512,512,512
2.3284332752227783,204,512,512,512
2.3284332752227783,204,512,512,512
2.3284332752227783,204,512,512,512
2.3284332752227783,204,512,512,512
2.3284332752227783,204,512,512,512
2.3284332752227783,204,512,512,512
2.3372106552124023,204,512,512,512
2.3372106552124023,204,512,512,512
2.3372106552124023,204,513,512,512
2.3372106552124023,204,512,512,512
2.3372106552124023,204,512,512,512
2.3372106552124023,204,512,512,512
2.343947649002075,204,512,512,512
2.343947649002075,204,512,512,512
2.343947649002075,204,512,512,512
2.343947649002075,204,512,512,512
2.3450329303741455,204,512,512,512
2.3450329303741455,204,512,512,512
2.3450329303741455,204,512,512,512
2.3450329303741455,204,512,512,512
2.3450329303741455,204,512,512,512
2.3450329303741455,204,512,512,512
2.3450329303741455,204,512,512,512
2.3450329303741455,204,512,512,512
2.3533241748809814,204,512,512,512
2.3533241748809814,204,512,512,512
2.3543541431427,204,512,512,512
2.3543541431427,204,512,512,512
2.3559060096740723,204,512,512,512
2.3559060096740723,204,512,512,512
2.3574562072753906,205,512,512,512
2.3604071140289307,205,512,512,512
2.3604071140289307,205,512,512,512
2.3604071140289307,205,512,512,512
2.3614141941070557,205,512,512,512
2.3625035285949707,205,512,512,512
2.3625035285949707,205,512,512,512
2.3625035285949707,205,511,512,512
2.3625035285949707,205,512,512,512
2.3625035285949707,204,512,512,512
2.3625035285949707,204,511,512,512
2.3625035285949707,204,512,512,512
2.3625035285949707,204,512,512,512
2.3625035285949707,204,512,512,512
2.3625035285949707,205,512,512,512
2.3625035285949707,205,512,512,512
2.3625035285949707,205,512,512,512
2.3625035285949707,205,512,512,512
2.3625035285949707,205,512,512,512
2.3625035285949707,205,512,512,512
2.3769848346710205,205,512,512,512
2.3769848346710205,205,512,512,512
2.3769848346710205,205,512,512,512
2.3769848346710205,205,512,512,512
2.3787479400634766,205,512,512,512
2.3787479400634766,205,512,512,512
2.3787479400634766,205,512,512,512
2.3787479400634766,205,512,512,512
2.382861852645874,205,512,512,512
2.382861852645874,205,512,512,512
2.382861852645874,205,512,512,512
2.382861852645874,205,512,512,512
2.382861852645874,205,512,512,512
2.382861852645874,205,512,512,512
2.382861852645874,205,512,512,512
2.382861852645874,205,512,512,512
2.382861852645874,205,512,512,512
2.382861852645874,205,512,512,512
2.382861852645874,205,512,512,512
2.3931691646575928,205,512,512,512
2.3931691646575928,205,512,512,512
2.3931691646575928,205,512,512,512
2.3947489261627197,205,512,512,512
2.3947489261627197,205,512,512,512
2.3947489261627197,205,512,512,512
2.3947489261627197,205,512,512,512
2.3947489261627197,205,512,512,512
2.3947489261627197,205,512,512,512
2.3947489261627197,205,512,512,512
2.3947489261627197,205,512,512,512
2.3947489261627197,205,512,512,512
2.3947489261627197,205,512,512,512
2.3947489261627197,205,512,512,512
2.3947489261627197,205,512,512,512
2.3947489261627197,205,512,512,512
2.3947489261627197,205,512,512,512
2.3947489261627197,205,511,512,512
2.408416509628296,205,512,512,512
2.4104270935058594,205,511,512,512
2.4104270935058594,204,511,512,512
2.4104270935058594,204,512,512,512
2.411162853240967,204,512,512,512
2.411162853240967,204,512,512,512
2.411162853240967,204,512,512,512
2.411162853240967,204,512,512,512
2.411162853240967,204,512,512,512
2.411162853240967,204,512,512,512
2.411162853240967,204,512,512,512
2.411162853240967,204,512,512,512
2.411162853240967,204,512,512,512
2.411162853240967,204,512,512,512
2.411162853240967,204,512,512,512
2.411162853240967,204,512,512,512
2.411162853240967,204,512,512,512
2.411162853240967,204,513,512,512
2.4240615367889404,204,512,512,512
2.4240615367889404,204,512,512,512
2.426654100418091,204,512,512,512
2.426654100418091,204,512,512,512
2.426654100418091,204,512,512,512
2.426654100418091,204,512,512,512
2.428546667098999,204,512,512,512
2.428546667098999,204,512,512,512
2.428546667098999,204,512,512,512
2.428546667098999,204,512,512,512
2.428546667098999,204,512,512,512
2.428546667098999,204,512,512,512
2.428546667098999,204,512,512,512
2.428546667098999,204,512,512,512
2.428546667098999,204,512,512,512
2.428546667098999,204,512,512,512
2.428546667098999,204,512,512,512
2.428546667098999,204,512,512,512
2.439847469329834,204,512,512,512
2.441124677658081,204,512,512,512
2.4438376426696777,204,512,512,512
2.4438376426696777,204,512,512,512
2.4438376426696777,204,512,512,512
2.4438376426696777,204,512,512,512
2.444977283477783,204,511,512,513
2.4465816020965576,204,511,512,513
2.4465816020965576,204,512,512,512
2.4483165740966797,204,512,512,512
2.4483165740966797,204,512,512,512
2.449950933456421,204,512,512,512
2.449950933456421,204,513,512,512
2.4514923095703125,204,513,512,512
2.4514923095703125,204,513,512,512
2.4531455039978027,204,513,512,512
2.4531455039978027,204,513,512,512
2.45473575592041,204,512,512,512
2.456347942352295,204,512,512,512
2.456347942352295,204,512,512,512
2.458078622817993,204,512,512,512
2.459779739379883,204,512,512,512
2.459779739379883,204,512,512,512
2.459779739379883,204,512,512,512
2.4615509510040283,204,512,512,512
2.4615509510040283,204,512,512,512
2.4615509510040283,204,512,512,512
2.4633705615997314,205,512,512,512
2.4649386405944824,205,512,512,512
2.4649386405944824,205,512,512,512
2.4665205478668213,205,512,512,512
2.4665205478668213,205,512,512,512
2.468111038208008,205,512,512,512
2.4696907997131348,205,512,512,512
2.4696907997131348,205,512,512,512
2.4712889194488525,205,512,512,512
2.4712889194488525,205,513,512,512
2.4729061126708984,205,512,512,512
2.4729061126708984,205,512,512,512
2.4745428562164307,205,512,512,512
2.4764211177825928,205,512,512,512
2.4774296283721924,205,512,512,512
2.4774296283721924,205,512,512,512
2.4782965183258057,205,512,512,512
2.4782965183258057,205,512,512,512
2.4801676273345947,205,512,512,512
2.4808263778686523,205,512,512,512
2.4816501140594482,205,512,512,512
2.482445240020752,205,512,512,512
2.483458995819092,205,512,512,512
2.483458995819092,205,512,512,512
2.485468864440918,205,512,512,512
2.486173629760742,205,512,512,512
2.486847400665283,205,512,512,512
2.4873530864715576,205,512,512,512
2.488225221633911,205,512,512,512
2.488225221633911,205,512,512,512
2.488225221633911,205,512,512,512
2.488225221633911,205,512,512,512
2.4927611351013184,205,512,512,512
2.4927611351013184,205,512,512,512
2.4941420555114746,205,512,512,512
2.4941420555114746,205,512,512,512
2.495800733566284,205,512,512,512
2.4966347217559814,205,512,512,512
2.4973864555358887,205,511,512,512
2.498189926147461,205,512,512,512
2.4992146492004395,205,512,512,512
2.4992146492004395,205,512,512,512
2.5005342960357666,205,512,512,512
2.5005342960357666,205,512,512,512
2.5005342960357666,205,512,512,512
2.503396987915039,205,512,512,512
2.5044431686401367,205,512,512,512
2.5044431686401367,205,512,512,512
2.5044431686401367,205,512,512,512
2.5044431686401367,205,512,512,512
2.5044431686401367,205,512,512,512
2.509392023086548,205,512,512,512
2.5102574825286865,204,512,512,512
2.510721445083618,204,512,512,512
2.511820077896118,204,512,512,512
2.511820077896118,204,512,512,512
2.511820077896118,204,512,512,512
2.511820077896118,204,512,512,512
2.511820077896118,204,512,512,512
2.511820077896118,204,511,512,512
2.511820077896118,204,512,512,512
2.511820077896118,204,512,512,512
2.511820077896118,204,512,512,512
2.519230365753174,204,512,512,512
2.519230365753174,204,512,512,512
2.519230365753174,204,512,512,512
2.519230365753174,204,512,512,512
2.519230365753174,204,513,512,512
2.519230365753174,204,512,512,512
2.519230365753174,204,512,512,512
2.526945114135742,205,512,512,512
2.526945114135742,205,512,512,512
2.527813673019409,205,512,512,512
2.5283188819885254,204,511,512,512
2.5294008255004883,204,511,512,512
2.530170440673828,204,511,512,512
2.530170440673828,204,511,512,512
2.5321807861328125,204,512,512,512
2.5321807861328125,204,512,512,512
2.533879041671753,204,512,512,512
2.534696578979492,204,512,512,512
2.5354511737823486,204,512,512,512
2.5354511737823486,204,512,512,512
2.5374629497528076,204,513,512,512
2.538074254989624,204,513,512,512
2.5385830402374268,204,512,512,512
2.5385830402374268,204,512,512,512
2.5410962104797363,204,512,512,512
2.542642116546631,204,512,512,512
2.542642116546631,204,512,512,512
2.542642116546631,204,512,512,512
2.5440220832824707,204,512,512,512
2.5440220832824707,204,512,512,512
2.546426296234131,204,512,512,512
2.546426296234131,204,512,512,512
2.546426296234131,204,512,512,512
2.5484354496002197,204,512,512,512
2.5484354496002197,204,512,512,512
2.550446033477783,204,512,512,512
2.550446033477783,204,512,512,512
2.550446033477783,204,512,512,512
2.550446033477783,204,512,512,512
2.550446033477783,204,512,512,512
2.550446033477783,204,512,512,512
2.550446033477783,204,512,512,512
2.550446033477783,204,513,512,512
2.550446033477783,205,512,512,512
2.5582799911499023,205,512,512,512
2.559907913208008,205,512,512,512
2.559907913208008,205,511,512,512
2.5611913204193115,204,511,512,512
2.5611913204193115,204,512,512,512
2.5630483627319336,204,512,512,512
2.5636990070343018,204,512,512,512
2.5636990070343018,204,512,512,513
2.5636990070343018,204,512,512,512
2.5636990070343018,204,512,512,512
2.5636990070343018,204,512,512,512
2.5636990070343018,204,513,512,512
2.5636990070343018,204,513,512,512
2.5636990070343018,204,512,512,512
2.5636990070343018,204,512,512,512
2.5636990070343018,205,512,512,512
2.5636990070343018,205,512,512,512
2.5636990070343018,205,512,512,512
2.574404716491699,205,512,512,512
2.576099157333374,205,512,512,512
2.576099157333374,205,512,512,512
2.576099157333374,205,512,512,512
2.576099157333374,205,512,512,512
2.5783514976501465,205,512,512,512
2.5783514976501465,205,512,512,512
2.580592393875122,205,512,512,512
2.581563711166382,205,512,512,512
2.581563711166382,205,512,512,512
2.5830719470977783,205,512,512,512
2.5830719470977783,205,512,512,512
2.5830719470977783,205,512,512,512
2.5830719470977783,205,512,512,512
2.5830719470977783,205,512,512,512
2.5830719470977783,205,512,512,512
2.5830719470977783,205,512,512,512
2.5893425941467285,205,512,512,512
2.5893425941467285,205,512,512,512
2.590352773666382,205,512,512,512
2.5926597118377686,205,512,512,512
2.5926597118377686,205,512,512,512
2.5926597118377686,205,512,512,512
2.5942342281341553,205,512,512,512
2.595289945602417,205,512,512,512
2.595289945602417,205,512,512,512
2.595289945602417,205,512,512,512
2.595289945602417,205,512,512,512
2.59915828704834,205,512,512,512
2.59915828704834,204,512,512,512
2.59915828704834,204,511,512,512
2.6016132831573486,205,512,512,512
2.6016132831573486,205,512,512,512
2.6016132831573486,205,512,512,512
2.604558229446411,205,512,512,512
2.6063144207000732,205,512,512,512
2.6063144207000732,205,512,512,512
2.6063144207000732,205,512,512,512
2.6063144207000732,205,512,512,512
2.6093149185180664,205,512,512,512
2.6093149185180664,205,512,512,512
2.610623598098755,205,512,512,512
2.610623598098755,205,512,512,512
2.611853837966919,205,512,512,512
2.611853837966919,205,512,512,512
2.611853837966919,205,512,512,512
2.611853837966919,205,512,512,512
2.611853837966919,204,512,512,512
2.611853837966919,204,512,512,512
2.611853837966919,204,512,512,512
2.611853837966919,204,512,512,512
2.611853837966919,204,512,512,512
2.611853837966919,204,512,512,512
2.611853837966919,204,512,512,512
2.6219522953033447,204,512,512,512
2.6219522953033447,204,512,512,512
2.623647928237915,204,512,512,512
2.623647928237915,204,512,512,512
2.6266934871673584,204,512,512,512
2.6266934871673584,204,512,512,512
2.6266934871673584,205,512,512,512
2.6278159618377686,205,512,512,512
2.6278159618377686,205,512,512,512
2.629330635070801,205,512,512,512
2.6308414936065674,204,512,512,512
2.6308414936065674,204,512,512,512
2.6308414936065674,204,512,512,512
2.6308414936065674,204,512,512,512
2.6308414936065674,204,512,512,512
2.6308414936065674,204,512,512,512
2.6308414936065674,204,512,512,512
2.6308414936065674,204,512,512,512
2.637629508972168,204,512,512,512
2.637629508972168,204,512,512,512
2.637629508972168,204,512,512,512
2.637629508972168,204,512,512,512
2.637629508972168,204,512,512,512
2.6438148021698,204,511,512,512
2.6438148021698,204,511,512,513
2.6438148021698,204,511,512,513
2.644869804382324,204,512,512,512
2.644869804382324,204,512,512,512
2.644869804382324,204,513,512,512
2.644869804382324,204,513,512,512
2.644869804382324,204,513,512,512
2.644869804382324,204,513,512,512
2.644869804382324,204,513,512,512
2.644869804382324,204,512,512,512
2.644869804382324,204,512,512,512
2.644869804382324,204,512,512,512
2.6533095836639404,204,512,512,512
2.654604911804199,204,512,512,512
2.655616521835327,204,512,512,512
2.655616521835327,204,512,512,512
2.6571602821350098,204,512,512,512
2.6571602821350098,205,512,512,512
2.661541223526001,204,512,512,512
2.661541223526001,204,512,512,512
2.661541223526001,204,512,512,512
2.661541223526001,204,512,512,512
2.662989854812622,204,512,512,512
2.662989854812622,205,511,512,512
2.664527416229248,204,512,512,512
2.664527416229248,204,512,512,512
2.6660654544830322,204,512,512,512
2.6660654544830322,204,512,512,512
2.667693614959717,204,512,512,512
2.667693614959717,204,512,512,512
2.6692416667938232,204,512,512,512
2.6707723140716553,204,513,512,512
2.6707723140716553,204,513,512,512
2.6723084449768066,204,512,512,512
2.6723084449768066,205,512,512,512
2.673846483230591,205,512,512,512
2.673846483230591,205,512,512,512
2.6779427528381348,205,512,512,512
2.678457021713257,205,512,512,512
2.678457021713257,205,512,512,512
2.678457021713257,205,512,512,512
2.6796047687530518,205,512,512,512
2.6796047687530518,205,511,512,512
2.6811511516571045,205,511,512,512
2.6811511516571045,205,511,512,512
2.6832027435302734,205,512,512,513
2.684218645095825,205,512,512,512
2.684218645095825,205,512,512,512
2.685739517211914,205,512,512,512
2.685739517211914,205,513,512,512
2.6872622966766357,205,513,512,512
2.6872622966766357,205,513,512,512
2.688788414001465,205,513,512,512
2.690364122390747,205,512,512,512
2.690364122390747,205,512,512,512
2.695368528366089,205,512,512,512
2.695368528366089,205,512,512,512
2.695368528366089,205,512,512,512
2.695368528366089,205,512,512,512
2.695368528366089,205,512,512,512
2.696524143218994,205,512,512,512
2.696524143218994,205,512,512,512
2.696524143218994,205,512,512,512
2.696524143218994,205,512,512,512
2.696524143218994,205,512,512,512
2.696524143218994,205,512,512,512
2.696524143218994,205,512,512,512
2.696524143218994,205,512,512,512
2.696524143218994,205,512,512,512
2.696524143218994,205,512,512,512
2.696524143218994,205,512,512,512
2.696524143218994,205,512,512,512
2.696524143218994,205,512,512,512
2.696524143218994,205,512,512,512
2.710123062133789,205,512,512,512
2.710123062133789,205,512,512,512
2.710123062133789,204,512,512,512
2.710123062133789,204,512,512,512
2.7125296592712402,204,512,512,512
2.7125296592712402,204,512,512,512
2.7125296592712402,204,512,512,512
2.7125296592712402,204,512,512,512
2.7125296592712402,204,512,512,512
2.7125296592712402,204,512,512,512
2.7125296592712402,204,512,512,512
2.7125296592712402,205,512,512,512
2.7125296592712402,205,512,512,512
2.7125296592712402,204,512,512,512
2.7125296592712402,204,512,512,512
2.7125296592712402,204,512,512,512
2.7125296592712402,204,512,512,512
2.7125296592712402,204,512,512,512
2.7243096828460693,204,512,512,512
2.727473020553589,204,512,512,512
2.727473020553589,204,512,512,512
2.727473020553589,204,512,512,512
2.727473020553589,204,512,512,512
2.727473020553589,204,512,512,512
2.727473020553589,204,512,512,512
2.727473020553589,204,512,512,512
2.727473020553589,204,512,512,512
2.732501268386841,204,512,512,512
2.7329185009002686,204,512,512,512
2.7329185009002686,204,512,512,512
2.7329185009002686,204,512,512,512
2.7329185009002686,204,512,512,512
2.7329185009002686,204,512,512,512
2.7329185009002686,204,512,512,512
2.7329185009002686,204,512,512,512
2.7329185009002686,204,512,512,512
2.7329185009002686,205,512,512,512
2.7329185009002686,205,512,512,512
2.744854688644409,204,512,512,512
2.744854688644409,204,512,512,512
2.744854688644409,204,512,512,512
2.744854688644409,204,512,512,512
2.744854688644409,204,512,512,512
2.7466628551483154,204,512,512,512
2.7466628551483154,204,512,512,512
2.7466628551483154,204,512,512,512
2.7466628551483154,204,512,512,512
2.7466628551483154,205,512,512,512
2.7466628551483154,205,512,512,512
2.7466628551483154,205,512,512,512
2.7466628551483154,205,512,512,512
2.7466628551483154,205,512,512,512
2.7466628551483154,205,512,512,512
2.7466628551483154,205,512,512,512
2.7466628551483154,205,512,512,512
2.7466628551483154,205,512,512,512
2.7466628551483154,205,512,512,512
2.7621634006500244,205,511,512,512
2.7621634006500244,204,511,512,512
2.7621634006500244,205,512,512,512
2.7621634006500244,205,512,512,512
2.7621634006500244,205,512,512,512
2.763296365737915,205,512,512,512
2.763296365737915,205,512,512,512
2.763296365737915,205,511,512,512
2.763296365737915,205,511,512,512
2.763296365737915,205,511,512,513
2.763296365737915,205,512,512,512
2.763296365737915,205,512,512,512
2.763296365737915,205,512,512,512
2.763296365737915,205,512,512,512
2.763296365737915,205,512,512,512
2.763296365737915,205,512,512,512
2.763296365737915,205,512,512,512
2.763296365737915,205,512,512,512
2.763296365737915,205,512,512,512
2.7788805961608887,205,512,512,512
2.7788805961608887,205,512,512,512
2.7788805961608887,205,512,512,512
2.7788805961608887,205,511,512,513
2.7798070907592773,205,511,512,513
2.7801597118377686,205,511,512,513
2.7801597118377686,204,511,512,513
2.7801597118377686,205,512,512,513
2.7833292484283447,205,512,512,513
2.7833292484283447,205,513,512,513
2.7833292484283447,205,513,512,512
2.7833292484283447,205,514,512,512
2.7833292484283447,205,514,512,512
2.7833292484283447,205,513,512,512
2.7833292484283447,205,513,512,512
2.7833292484283447,205,513,512,512
2.7833292484283447,205,512,512,512
2.7911720275878906,205,512,512,512
2.7932546138763428,205,512,512,512
2.7932546138763428,205,512,512,512
2.7932546138763428,205,511,512,512
2.7932546138763428,205,511,512,512
2.795820713043213,205,511,512,512
2.795820713043213,205,511,512,512
2.795820713043213,204,511,512,513
2.795820713043213,204,511,512,513
2.795820713043213,204,511,512,513
2.795820713043213,204,511,512,513
2.795820713043213,205,512,512,513
2.795820713043213,205,513,512,513
2.795820713043213,205,513,512,512
2.795820713043213,205,514,512,512
2.795820713043213,205,514,512,512
2.795820713043213,205,514,512,512
2.795820713043213,205,513,512,512
2.807068109512329,205,513,512,512
2.807068109512329,205,512,512,512
2.810059070587158,205,512,512,512
2.812072277069092,205,512,512,512
2.812072277069092,205,512,512,512
2.812072277069092,205,511,512,512
2.812072277069092,205,511,512,512
2.8128983974456787,204,512,512,512
2.8128983974456787,204,512,512,512
2.8128983974456787,204,512,512,512
2.8128983974456787,204,512,512,512
2.8128983974456787,204,512,512,512
2.8128983974456787,204,512,512,512
2.8128983974456787,205,512,512,512
2.8128983974456787,205,512,512,512
2.8128983974456787,204,512,512,512
2.8128983974456787,204,512,512,512
2.8227977752685547,204,512,512,512
2.8227977752685547,204,512,512,512
2.8227977752685547,204,512,512,512
2.8273887634277344,205,512,512,512
2.8273887634277344,205,512,512,512
2.8273887634277344,205,512,512,512
2.8273887634277344,205,512,512,512
2.8273887634277344,205,512,512,512
2.8289475440979004,204,512,512,512
2.8299062252044678,205,511,512,512
2.8299062252044678,204,512,512,512
2.8299062252044678,204,512,512,512
2.8299062252044678,204,512,512,512
2.8299062252044678,205,512,512,512
2.8299062252044678,204,512,512,512
2.8299062252044678,205,511,512,512
2.8299062252044678,205,512,512,512
2.8299062252044678,204,512,512,512
2.838566303253174,204,511,512,512
2.838566303253174,204,512,512,512
2.839592218399048,205,512,512,512
2.839592218399048,205,512,512,512
2.844071865081787,205,512,512,512
2.844071865081787,205,512,512,512
2.844071865081787,205,512,512,512
2.844071865081787,205,512,512,512
2.844071865081787,205,512,512,512
2.846372365951538,205,512,512,512
2.846372365951538,205,512,512,512
2.846372365951538,205,512,512,512
2.846372365951538,205,512,512,512
2.846372365951538,205,512,512,512
2.846372365951538,205,512,512,512
2.846372365951538,205,512,512,512
2.846372365951538,205,512,512,512
2.846372365951538,204,512,512,512
2.8543848991394043,205,512,512,512
2.8543848991394043,205,512,512,512
2.8543848991394043,205,512,512,512
2.8543848991394043,205,512,512,512
2.8543848991394043,205,512,512,512
2.861254930496216,205,512,512,512
2.861254930496216,205,512,512,512
2.861254930496216,205,512,512,512
2.861254930496216,205,511,512,512
2.8620858192443848,205,512,512,513
2.8620858192443848,205,512,512,512
2.8620858192443848,205,512,512,512
2.8620858192443848,205,512,512,512
2.8620858192443848,205,512,512,512
2.8620858192443848,205,512,512,512
2.8620858192443848,205,512,512,512
2.8620858192443848,205,512,512,512
2.8620858192443848,205,512,512,512
2.870105504989624,205,512,512,512
2.870105504989624,205,512,512,512
2.8721272945404053,205,512,512,512
2.872638463973999,205,512,512,512
2.873561143875122,205,512,512,512
2.873561143875122,205,512,512,512
2.8764829635620117,205,511,512,512
2.8764829635620117,205,511,512,513
2.8764829635620117,205,511,512,513
2.8782365322113037,205,511,512,513
2.8782365322113037,205,511,512,513
2.8782365322113037,205,511,512,513
2.8782365322113037,205,512,512,513
2.8782365322113037,205,513,512,513
2.8782365322113037,205,513,512,512
2.8833298683166504,205,514,512,512
2.8833298683166504,205,513,512,512
2.8833298683166504,205,514,512,512
2.8833298683166504,205,513,512,512
2.8833298683166504,205,513,512,512
2.8833298683166504,205,513,512,512
2.8833298683166504,205,512,512,512
2.8833298683166504,205,512,512,512
2.8833298683166504,205,512,512,512
2.8953018188476562,205,512,512,512
2.8953018188476562,205,511,512,512
2.8953018188476562,205,511,512,512
2.8953018188476562,205,511,512,512
2.8953018188476562,205,512,512,512
2.8953018188476562,205,512,512,512
2.8953018188476562,205,512,512,512
2.8975942134857178,205,512,512,512
2.8975942134857178,205,511,512,512
2.8975942134857178,205,512,512,512
2.8975942134857178,204,512,512,512
2.8975942134857178,204,512,512,512
2.8975942134857178,204,512,512,512
2.8975942134857178,204,512,512,512
2.8975942134857178,204,512,512,512
2.8975942134857178,204,512,512,512
2.8975942134857178,205,512,512,512
2.8975942134857178,205,512,512,512
2.8975942134857178,205,512,512,512
2.911813974380493,205,512,512,512
2.911813974380493,205,512,512,512
2.911813974380493,205,512,512,512
2.911813974380493,205,512,512,512
2.911813974380493,204,512,512,512
2.9131717681884766,204,512,512,512
2.9131717681884766,204,512,512,512
2.9131717681884766,204,512,512,512
2.9131717681884766,204,511,512,512
2.9131717681884766,204,511,512,512
2.9131717681884766,205,511,512,513
2.9131717681884766,205,512,512,512
2.9131717681884766,205,512,512,512
2.9131717681884766,205,512,512,512
2.9131717681884766,205,512,512,512
2.9131717681884766,205,512,512,512
2.9131717681884766,204,512,512,512
2.9131717681884766,204,512,512,512
2.9131717681884766,205,512,512,512
2.9272022247314453,205,512,512,512
2.9272022247314453,205,512,512,512
2.9272022247314453,205,511,512,512
2.9272022247314453,205,511,512,513
2.929138660430908,205,511,512,513
2.929138660430908,205,511,512,513
2.929138660430908,205,512,512,513
2.929138660430908,205,512,512,513
2.929138660430908,205,513,512,513
2.929138660430908,205,513,512,512
2.929138660430908,205,513,512,512
2.929138660430908,205,514,512,512
2.929138660430908,205,514,512,512
2.929138660430908,205,514,512,512
2.929138660430908,205,513,512,512
2.929138660430908,205,513,512,512
2.929138660430908,205,512,512,512
2.940817356109619,205,512,512,512
2.940817356109619,205,512,512,512
2.9449777603149414,205,512,512,512
2.9449777603149414,205,512,512,512
2.9449777603149414,205,511,512,512
2.945491075515747,205,511,512,512
2.946120023727417,205,512,512,512
2.946120023727417,205,512,512,512
2.946120023727417,205,511,512,512
2.946120023727417,205,512,512,512
2.946120023727417,205,512,512,512
2.946120023727417,205,511,512,512
2.946120023727417,205,511,512,512
2.946120023727417,204,511,512,512
2.946120023727417,204,511,512,512
2.946120023727417,205,512,512,513
2.946120023727417,205,512,512,512
2.946120023727417,205,512,512,512
2.95664119720459,205,512,512,512
2.9577620029449463,205,512,512,512
2.961137533187866,205,512,512,512
2.961137533187866,205,512,512,512
2.961137533187866,205,512,512,512
2.961137533187866,205,512,512,512
2.961137533187866,205,512,512,512
2.9628305435180664,205,511,512,512
2.9628305435180664,205,511,512,513
2.9628305435180664,205,511,512,512
2.9628305435180664,205,512,512,513
2.9628305435180664,205,512,512,513
2.9628305435180664,205,513,512,513
2.9628305435180664,205,513,512,512
2.9628305435180664,205,513,512,512
2.9628305435180664,205,513,512,512
2.971186876296997,205,513,512,512
2.972001075744629,205,513,512,512
2.972001075744629,205,513,512,512
2.972001075744629,205,513,512,512
2.972001075744629,205,512,512,512
2.97641921043396,205,512,512,512
2.97641921043396,205,512,512,512
2.97641921043396,205,511,512,512
2.9786784648895264,205,511,512,512
2.9786784648895264,205,512,512,512
2.9786784648895264,205,512,512,512
2.9786784648895264,205,511,512,512
2.9786784648895264,205,511,512,513
2.983421564102173,205,512,512,513
2.983421564102173,205,512,512,513
2.983421564102173,205,512,512,513
2.983421564102173,205,513,512,512
2.983421564102173,205,513,512,512
2.983421564102173,205,513,512,512
2.9877986907958984,205,513,512,512
2.9877986907958984,205,513,512,512
2.9877986907958984,205,512,512,512
2.9877986907958984,205,512,512,512
2.9933297634124756,205,512,512,512
2.9953441619873047,205,511,512,512
2.9953441619873047,205,511,512,512
2.9953441619873047,205,511,512,513
2.9953441619873047,205,511,512,513
2.9953441619873047,205,512,512,513
2.9973559379577637,205,512,512,513
2.9973559379577637,204,512,512,513
2.9993793964385986,204,513,512,513
2.9993793964385986,204,513,512,512
2.9993793964385986,204,513,512,512
3.0013859272003174,204,513,512,512
3.0013859272003174,204,514,512,512
3.0033915042877197,204,513,512,512
3.0033915042877197,204,513,512,512
3.0053982734680176,204,512,512,512
3.0053982734680176,205,512,512,512
3.007403612136841,205,511,512,512
3.0109245777130127,205,511,512,512
3.0109245777130127,204,512,512,512
3.0109245777130127,204,512,512,512
3.0109245777130127,204,512,512,512
3.0118911266326904,204,511,512,512
3.0118911266326904,204,511,512,512
3.0118911266326904,204,511,512,512
3.0118911266326904,204,512,512,512
3.0118911266326904,204,512,512,512
3.0118911266326904,204,512,512,512
3.0118911266326904,204,512,512,512
3.0118911266326904,204,512,512,512
3.0118911266326904,204,512,512,512
3.0118911266326904,204,512,512,512
3.0118911266326904,204,512,512,512
3.0118911266326904,204,512,512,512
3.0118911266326904,204,512,512,512
3.0118911266326904,204,512,512,512
3.0118911266326904,204,512,512,512
3.0118911266326904,204,512,512,512
3.0286524295806885,205,512,512,512
3.0286524295806885,205,512,512,512
3.0286524295806885,205,512,512,512
3.0286524295806885,205,511,512,512
3.029733657836914,205,511,512,513
3.0308616161346436,205,511,512,513
3.031590700149536,205,511,512,513
3.031590700149536,205,511,512,513
3.031590700149536,205,512,512,513
3.0346717834472656,205,512,512,513
3.0346717834472656,205,513,512,512
3.0346717834472656,205,513,512,512
3.0346717834472656,205,514,512,512
3.0346717834472656,205,514,512,512
3.0346717834472656,205,513,512,512
3.0346717834472656,205,513,512,512
3.0346717834472656,205,513,512,512
3.0346717834472656,205,512,512,512
3.044809341430664,205,512,512,512
3.044809341430664,205,512,512,512
3.044809341430664,205,511,512,512
3.0458614826202393,205,511,512,512
3.0458614826202393,205,512,512,512
3.0458614826202393,205,512,512,512
3.0458614826202393,205,512,512,512
3.0458614826202393,205,512,512,512
3.0458614826202393,205,512,512,512
3.0458614826202393,205,512,512,512
3.051048755645752,205,512,512,512
3.051048755645752,205,512,512,512
3.051048755645752,205,512,512,512
3.051048755645752,205,512,512,512
3.051048755645752,205,512,512,512
3.051048755645752,205,512,512,512
3.051048755645752,205,512,512,512
3.051048755645752,205,512,512,512
3.051048755645752,205,512,512,512
3.0610268115997314,205,512,512,512
3.0616111755371094,205,511,512,512
3.0616111755371094,205,512,512,512
3.0616111755371094,205,511,512,512
3.0627353191375732,205,512,512,512
3.0627353191375732,205,512,512,512
3.0627353191375732,205,512,512,512
3.0627353191375732,205,512,512,512
3.0627353191375732,205,512,512,512
3.067213535308838,205,512,512,512
3.067213535308838,205,512,512,512
3.067213535308838,205,512,512,512
3.067213535308838,205,512,512,512
3.067213535308838,205,512,512,512
3.067213535308838,205,512,512,512
3.067213535308838,205,512,512,512
3.067213535308838,205,512,512,512
3.067213535308838,205,511,512,512
3.0769941806793213,205,511,512,513
3.0769941806793213,205,512,512,513
3.0769941806793213,205,512,512,512
3.0769941806793213,206,512,512,512
3.0769941806793213,205,512,512,512
3.0769941806793213,205,512,512,512
3.0769941806793213,205,513,512,512
3.0769941806793213,205,513,512,512
3.0769941806793213,205,513,512,512
3.0769941806793213,205,512,512,512
3.0838539600372314,205,512,512,512
3.0838539600372314,205,512,512,512
3.0838539600372314,205,512,512,512
3.0838539600372314,205,512,512,512
3.0838539600372314,204,512,512,512
3.0838539600372314,204,512,512,512
3.0838539600372314,204,512,512,512
3.0838539600372314,204,512,512,512
3.0838539600372314,204,512,512,512
3.0838539600372314,204,512,512,512
3.093831777572632,205,512,512,512
3.093831777572632,205,512,512,512
3.093831777572632,205,512,512,512
3.0957186222076416,205,512,512,512
3.0957186222076416,205,511,512,512
3.0957186222076416,204,512,512,513
3.0957186222076416,204,512,512,512
3.0957186222076416,204,512,512,512
3.0957186222076416,205,512,512,512
3.0957186222076416,204,513,512,512
3.0957186222076416,204,513,512,512
3.0957186222076416,204,513,512,512
3.0957186222076416,204,513,512,512
3.0957186222076416,204,512,512,512
3.0957186222076416,204,512,512,512
3.0957186222076416,204,512,512,512
3.0957186222076416,205,512,512,512
3.0957186222076416,205,512,512,512
3.1098852157592773,205,512,512,512
3.1098852157592773,205,512,512,512
3.1098852157592773,205,511,512,512
3.1113364696502686,205,511,512,512
3.1113364696502686,205,512,512,512
3.1113364696502686,205,511,512,512
3.1113364696502686,205,511,512,512
3.1113364696502686,204,511,512,513
3.1113364696502686,204,512,512,513
3.1113364696502686,204,512,512,512
3.117997407913208,204,513,512,512
3.117997407913208,204,513,512,512
3.117997407913208,204,513,512,512
3.117997407913208,205,513,512,512
3.117997407913208,205,513,512,512
3.117997407913208,205,513,512,512
3.117997407913208,205,512,512,512
3.117997407913208,205,512,512,512
3.126091718673706,205,512,512,512
3.126091718673706,205,512,512,512
3.126091718673706,205,512,512,512
3.127854585647583,205,512,512,512
3.127854585647583,205,512,512,512
3.127854585647583,205,512,512,512
3.127854585647583,205,512,512,512
3.127854585647583,205,512,512,512
3.127854585647583,205,512,512,512
3.127854585647583,205,512,512,512
3.134125232696533,205,512,512,512
3.134125232696533,205,512,512,512
3.134125232696533,205,512,512,512
3.134125232696533,205,512,512,512
3.134125232696533,205,512,512,512
3.134125232696533,205,512,512,512
3.134125232696533,205,512,512,512
3.134125232696533,205,512,512,512
3.134125232696533,205,512,512,512
3.1428604125976562,205,512,512,512
3.1433708667755127,205,512,512,512
3.1433708667755127,205,512,512,512
3.144073247909546,205,512,512,512
3.144073247909546,205,512,512,512
3.144073247909546,205,512,512,512
3.144073247909546,205,512,512,512
3.144073247909546,205,512,512,512
3.144073247909546,205,512,512,512
3.144073247909546,205,512,512,512
3.15069317817688,205,512,512,512
3.15069317817688,205,512,512,512
3.15069317817688,205,512,512,512
3.15069317817688,205,512,512,512
3.15069317817688,205,512,512,512
3.15069317817688,205,512,512,512
3.15069317817688,205,512,512,512
3.15069317817688,205,512,512,512
3.15069317817688,205,512,512,512
3.15069317817688,205,512,512,512
3.15069317817688,205,512,512,512
3.1603026390075684,205,512,512,512
3.1603026390075684,205,512,512,512
3.1603026390075684,205,512,512,512
3.1603026390075684,205,512,512,512
3.1603026390075684,205,512,512,512
3.1603026390075684,205,511,512,512
3.1603026390075684,205,511,512,512
3.1603026390075684,205,512,512,512
3.166700839996338,205,512,512,512
3.166700839996338,205,512,512,512
3.1688103675842285,205,512,512,512
3.170822858810425,205,512,512,512
3.170822858810425,205,512,512,512
3.170822858810425,205,512,512,512
3.170822858810425,205,512,512,512
3.170822858810425,205,512,512,512
3.170822858810425,205,512,512,512
3.170822858810425,205,512,512,512
3.170822858810425,205,512,512,512
3.170822858810425,205,512,512,512
3.170822858810425,205,512,512,512
3.170822858810425,205,512,512,512
3.170822858810425,205,512,512,512
3.170822858810425,205,512,512,512
3.170822858810425,205,512,512,512
3.170822858810425,205,512,512,512
3.182701349258423,205,512,512,512
3.184448480606079,205,512,512,512
3.184448480606079,205,512,512,512
3.184448480606079,205,512,512,512
3.184448480606079,205,511,512,513
3.184448480606079,204,511,512,513
3.184448480606079,204,512,512,513
3.184448480606079,204,512,512,512
3.184448480606079,204,512,512,512
3.184448480606079,205,513,512,512
3.184448480606079,205,513,512,512
3.193875551223755,205,513,512,512
3.193875551223755,205,513,512,512
3.193875551223755,205,512,512,512
3.193875551223755,204,512,512,512
3.193875551223755,204,512,512,512
3.193875551223755,204,512,512,512
3.193875551223755,204,511,512,512
3.1984670162200928,204,511,512,512
3.1984670162200928,204,512,512,512
3.2004826068878174,204,512,512,512
3.2004826068878174,204,512,512,512
3.2004826068878174,204,512,512,512
3.2004826068878174,205,512,512,512
3.2004826068878174,205,512,512,512
3.2004826068878174,205,512,512,512
3.2004826068878174,204,512,512,512
3.2004826068878174,204,512,512,512
3.2004826068878174,204,512,512,512
3.2004826068878174,204,512,512,512
3.2004826068878174,204,512,512,512
3.2004826068878174,204,512,512,512
3.2004826068878174,204,512,512,512
3.2004826068878174,204,512,512,512
3.2004826068878174,204,512,512,512
3.2004826068878174,204,512,512,512
3.214477062225342,204,512,512,512
3.214477062225342,204,512,512,512
3.217057943344116,204,512,512,512
3.217787265777588,204,512,512,512
3.217787265777588,204,512,512,512
3.217787265777588,204,512,512,512
3.217787265777588,205,512,512,512
3.217787265777588,205,513,512,512
3.217787265777588,205,513,512,512
3.217787265777588,204,513,512,512
3.217787265777588,204,512,512,512
3.217787265777588,204,512,512,512
3.217787265777588,204,512,512,512
3.217787265777588,204,512,512,512
3.217787265777588,204,512,512,512
3.217787265777588,204,512,512,512
3.217787265777588,204,511,512,512
3.217787265777588,204,512,512,512
3.2313191890716553,204,512,512,512
3.232010841369629,204,512,512,512
3.232010841369629,204,512,512,512
3.2331044673919678,204,512,512,512
3.2331044673919678,204,512,512,512
3.2331044673919678,204,512,512,512
3.2331044673919678,204,512,512,512
3.2331044673919678,205,512,512,512
3.2331044673919678,205,512,512,512
3.2393300533294678,204,512,512,512
3.2400002479553223,204,512,512,512
3.2400002479553223,204,512,512,512
3.2400002479553223,204,512,512,512
3.2400002479553223,204,512,512,512
3.2436959743499756,204,512,512,512
3.244220495223999,204,512,512,512
3.244617223739624,204,512,512,512
3.244617223739624,204,512,512,512
3.2468154430389404,204,512,512,512
3.2468154430389404,204,512,512,512
3.2468154430389404,204,512,512,512
3.2468154430389404,204,512,512,512
3.2468154430389404,204,512,512,512
3.2468154430389404,204,512,512,512
3.2468154430389404,205,512,512,512
3.2468154430389404,205,512,512,512
3.2468154430389404,205,512,512,512
3.2468154430389404,205,512,512,512
3.2553024291992188,204,512,512,512
3.2553024291992188,204,512,512,512
3.2553024291992188,204,513,512,512
3.2553024291992188,204,512,512,512
3.2603759765625,205,512,512,512
3.2603759765625,205,512,512,512
3.2608377933502197,205,512,512,512
3.2621448040008545,205,512,512,512
3.2625644207000732,205,512,512,512
3.2635762691497803,205,512,512,512
3.2635762691497803,205,512,512,512
3.2635762691497803,205,512,512,512
3.2635762691497803,205,512,512,512
3.2635762691497803,205,512,512,512
3.2635762691497803,205,512,512,512
3.2635762691497803,205,512,512,512
3.2635762691497803,205,512,512,512
3.2635762691497803,205,512,512,512
3.271784543991089,204,512,512,512
3.271784543991089,204,512,512,512
3.271784543991089,204,512,512,512
3.271784543991089,204,512,512,512
3.271784543991089,205,512,512,512
3.2775678634643555,204,512,512,512
3.2775678634643555,204,512,512,512
3.2775678634643555,204,512,512,512
3.2775678634643555,205,512,512,512
3.2775678634643555,205,512,512,512
3.2775678634643555,205,512,512,512
3.2775678634643555,205,512,512,512
3.2775678634643555,205,512,512,512
3.2775678634643555,204,512,512,512
3.2839765548706055,204,512,512,512
3.2839765548706055,205,512,512,512
3.2839765548706055,205,512,512,512
3.2839765548706055,205,512,512,512
3.2839765548706055,204,512,512,512
3.2878835201263428,204,513,512,512
3.2878835201263428,204,512,512,512
3.2878835201263428,204,512,512,512
3.2878835201263428,205,512,512,512
3.2878835201263428,205,512,512,512
3.2878835201263428,205,512,512,512
3.2936956882476807,205,512,512,512
3.2936956882476807,205,512,512,512
3.2936956882476807,205,512,512,512
3.2936956882476807,205,512,512,512
3.2936956882476807,204,512,512,512
3.2936956882476807,204,512,512,512
3.2936956882476807,204,512,512,512
3.2936956882476807,204,512,512,512
3.2936956882476807,204,512,512,512
3.2936956882476807,204,512,512,512
3.2936956882476807,204,512,512,512
3.2936956882476807,204,512,512,512
3.3042232990264893,204,512,512,512
3.3042232990264893,205,512,512,512
3.3042232990264893,205,512,512,512
3.3042232990264893,205,512,512,512
3.3042232990264893,205,512,512,512
3.3042232990264893,204,512,512,512
3.3042232990264893,204,512,512,512
3.310584545135498,204,511,512,512
3.310584545135498,204,512,512,512
3.310584545135498,204,512,512,512
3.310584545135498,204,512,512,512
3.310584545135498,204,512,512,512
3.310584545135498,204,512,512,512
3.310584545135498,204,512,512,512
3.310584545135498,204,512,512,512
3.310584545135498,204,512,512,512
3.310584545135498,204,512,512,512
3.310584545135498,204,512,512,512
3.319530963897705,204,512,512,512
3.3210220336914062,205,512,512,512
3.3210220336914062,204,512,512,512
3.3210220336914062,204,512,512,512
3.3210220336914062,204,512,512,512
3.3210220336914062,204,512,512,512
3.3210220336914062,204,512,512,512
3.3210220336914062,204,512,512,512
3.3270602226257324,204,512,512,512
3.3270602226257324,204,512,512,512
3.3270602226257324,204,512,512,512
3.3270602226257324,204,512,512,512
3.3270602226257324,204,512,512,512
3.3270602226257324,204,512,512,512
3.3270602226257324,205,512,512,512
3.3270602226257324,205,512,512,512
3.3270602226257324,205,512,512,512
3.3352034091949463,205,512,512,512
3.3352034091949463,205,512,512,512
3.3352034091949463,205,512,512,512
3.3352034091949463,205,512,512,512
3.3352034091949463,204,512,512,512
3.3352034091949463,204,512,512,512
3.3352034091949463,204,512,512,512
3.3352034091949463,205,512,512,512
3.3352034091949463,205,512,512,512
3.3352034091949463,205,512,512,512
3.3437628746032715,205,512,512,512
3.3437628746032715,205,512,512,512
3.3437628746032715,205,512,512,512
3.3437628746032715,205,512,512,512
3.3437628746032715,205,511,512,512
3.3437628746032715,205,512,512,512
3.3437628746032715,205,512,512,512
3.3437628746032715,205,511,512,512
3.3511204719543457,205,511,512,513
3.3511204719543457,205,512,512,513
3.3511204719543457,205,512,512,512
3.3511204719543457,205,512,512,512
3.3511204719543457,205,513,512,512
3.3511204719543457,205,513,512,512
3.3511204719543457,205,512,512,512
3.3511204719543457,205,512,512,512
3.3511204719543457,205,512,512,512
3.3511204719543457,205,512,512,512
3.3511204719543457,205,512,512,512
3.3602724075317383,205,512,512,512
3.3602724075317383,205,512,512,512
3.3602724075317383,205,512,512,512
3.3602724075317383,205,512,512,512
3.3602724075317383,205,512,512,512
3.3602724075317383,205,512,512,512
3.3602724075317383,205,512,512,512
3.3602724075317383,205,512,512,512
3.3670144081115723,205,512,512,512
3.3687634468078613,205,512,512,512
3.3687634468078613,205,512,512,512
3.3687634468078613,205,512,512,512
3.3687634468078613,205,512,512,512
3.3687634468078613,205,512,512,512
3.3687634468078613,205,512,512,512
3.3687634468078613,205,512,512,512
3.3687634468078613,205,512,512,512
3.3687634468078613,205,512,512,512
3.3687634468078613,205,512,512,512
3.3687634468078613,205,512,512,512
3.3687634468078613,205,512,512,512
3.3687634468078613,205,512,512,512
3.3687634468078613,205,512,512,512
3.3687634468078613,205,511,512,512
3.3687634468078613,205,511,512,512
3.3828840255737305,204,511,512,513
3.3828840255737305,204,512,512,513
3.3843977451324463,204,512,512,512
3.3843977451324463,204,512,512,512
3.3843977451324463,204,513,512,512
3.3843977451324463,205,513,512,512
3.3843977451324463,204,513,512,512
3.3843977451324463,204,513,512,512
3.3843977451324463,204,513,512,512
3.3843977451324463,204,513,512,512
3.3843977451324463,204,512,512,512
3.3843977451324463,204,512,512,512
3.393563747406006,204,512,512,512
3.393563747406006,204,512,512,512
3.393563747406006,204,512,512,512
3.393563747406006,204,512,512,512
3.393563747406006,204,512,512,512
3.393563747406006,204,512,512,512
3.393563747406006,204,512,512,512
3.3989815711975098,204,512,512,512
3.400714635848999,204,512,512,512
3.4014534950256348,204,512,512,512
3.4014534950256348,204,512,512,512
3.4014534950256348,204,512,512,512
3.4014534950256348,204,512,512,512
3.4014534950256348,204,512,512,512
3.4014534950256348,204,512,512,512
3.4014534950256348,204,512,512,512
3.407130718231201,204,512,512,512
3.407130718231201,204,512,512,512
3.4106223583221436,204,512,512,512
3.4106223583221436,204,512,512,512
3.410975933074951,204,512,512,512
3.410975933074951,204,512,512,512
3.410975933074951,204,511,512,512
3.410975933074951,204,512,512,512
3.410975933074951,204,512,512,512
3.415468692779541,204,512,512,512
3.415468692779541,204,512,512,512
3.415468692779541,204,512,512,512
3.415468692779541,204,512,512,512
3.415468692779541,204,512,512,512
3.415468692779541,204,512,512,512
3.415468692779541,204,512,512,512
3.415468692779541,204,512,512,512
3.415468692779541,204,512,512,512
3.423557996749878,205,511,512,512
3.4243035316467285,205,511,512,512
3.427077531814575,205,511,512,512
3.427077531814575,205,512,512,513
3.4277184009552,204,512,512,512
3.4277184009552,204,512,512,512
3.4277184009552,204,512,512,512
3.4277184009552,204,512,512,512
3.4277184009552,204,512,512,512
3.4277184009552,204,512,512,512
3.4277184009552,205,512,512,512
3.4277184009552,205,513,512,512
3.4277184009552,205,512,512,512
3.4277184009552,205,512,512,512
3.4277184009552,205,512,512,512
3.4277184009552,204,512,512,512
3.4277184009552,204,512,512,512
3.4277184009552,204,512,512,512
3.4277184009552,204,512,512,512
3.440419912338257,204,512,512,512
3.441071033477783,204,512,512,512
3.443655490875244,205,512,512,512
3.443655490875244,204,512,512,512
3.444765090942383,204,512,512,512
3.444765090942383,204,512,512,512
3.444765090942383,204,512,512,512
3.444765090942383,204,512,512,512
3.444765090942383,205,512,512,512
3.444765090942383,205,512,512,512
3.444765090942383,205,512,512,512
3.444765090942383,205,512,512,512
3.444765090942383,204,512,512,512
3.444765090942383,204,512,512,512
3.444765090942383,205,512,512,512
3.444765090942383,205,512,512,512
3.444765090942383,205,512,512,512
3.444765090942383,205,512,512,512
3.455458402633667,205,512,512,512
3.455458402633667,205,512,512,512
3.455458402633667,205,512,512,512
3.455458402633667,205,512,512,512
3.455458402633667,205,512,512,512
3.4603302478790283,205,512,512,512
3.4603302478790283,205,511,512,513
3.4603302478790283,205,511,512,513
3.4603302478790283,205,512,512,512
3.4603302478790283,205,512,512,512
3.4603302478790283,204,512,512,512
3.4603302478790283,204,512,512,512
3.4603302478790283,205,513,512,512
3.4603302478790283,205,513,512,512
3.4603302478790283,205,513,512,512
3.4603302478790283,205,513,512,512
3.4603302478790283,204,513,512,512
3.471201181411743,204,512,512,512
3.471201181411743,204,512,512,512
3.471201181411743,204,512,512,512
3.471201181411743,205,512,512,512
3.471201181411743,205,512,512,512
3.471201181411743,205,512,512,512
3.471201181411743,205,512,512,512
3.471201181411743,205,512,512,512
3.471201181411743,205,512,512,512
3.471201181411743,205,511,512,512
3.471201181411743,205,512,512,512
3.471201181411743,205,512,512,512
3.471201181411743,205,512,512,512
3.471201181411743,204,512,512,512
3.471201181411743,204,512,512,512
3.471201181411743,205,512,512,512
3.4845080375671387,205,512,512,512
3.4845080375671387,205,512,512,512
3.4845080375671387,205,512,512,512
3.487415075302124,205,512,512,512
3.4885778427124023,204,512,512,512
3.48939847946167,204,512,512,512
3.48939847946167,205,512,512,512
3.48939847946167,205,512,512,512
3.48939847946167,205,512,512,512
3.48939847946167,205,512,512,512
3.4940459728240967,205,512,512,512
3.494690418243408,205,512,512,512
3.494690418243408,205,512,512,512
3.494690418243408,205,512,512,512
3.494690418243408,205,512,512,512
3.494690418243408,205,512,512,512
3.494690418243408,205,512,512,512
3.494690418243408,205,512,512,512
3.494690418243408,205,512,512,512
3.494690418243408,205,512,512,512
3.494690418243408,205,512,512,512
3.5033063888549805,205,512,512,512
3.5033063888549805,205,512,512,512
3.5033063888549805,204,512,512,512
3.5033063888549805,204,512,512,512
3.5033063888549805,204,511,512,512
3.5033063888549805,204,511,512,513
3.5033063888549805,204,512,512,513
3.5033063888549805,204,512,512,512
3.5033063888549805,204,512,512,512
3.5033063888549805,204,512,512,512
3.5033063888549805,204,512,512,512
3.5033063888549805,204,512,512,512
3.5033063888549805,204,512,512,512
3.5033063888549805,204,512,512,512
3.5033063888549805,205,512,512,512
3.5033063888549805,204,512,512,512
3.5033063888549805,204,512,512,512
3.5033063888549805,204,512,512,512
3.5190305709838867,204,512,512,512
3.5190305709838867,204,512,512,512
3.5190305709838867,204,512,512,512
3.5190305709838867,204,512,512,512
3.5190305709838867,204,513,512,512
3.5190305709838867,204,512,512,512
3.5190305709838867,204,512,512,512
3.5190305709838867,204,512,512,512
3.5190305709838867,204,512,512,512
3.5190305709838867,204,512,512,512
3.5190305709838867,204,512,512,512
3.5190305709838867,204,512,512,512
3.5190305709838867,204,512,512,512
3.5190305709838867,204,512,512,512
3.5190305709838867,205,512,512,512
3.5190305709838867,205,512,512,512
3.5190305709838867,204,512,512,512
3.5190305709838867,204,512,512,512
3.534912347793579,204,512,512,512
3.534912347793579,204,512,512,512
3.534912347793579,205,512,512,512
3.537853717803955,204,513,512,512
3.537853717803955,204,513,512,512
3.537853717803955,205,512,512,512
3.537853717803955,205,512,512,512
3.537853717803955,205,512,512,512
3.537853717803955,205,512,512,512
3.537853717803955,205,511,512,512
3.543813705444336,205,511,512,512
3.543813705444336,205,511,512,513
3.543813705444336,205,511,512,513
3.543813705444336,205,511,512,513
3.543813705444336,205,512,512,513
3.543813705444336,205,512,512,513
3.543813705444336,204,513,512,512
3.5506629943847656,205,514,512,512
3.5506629943847656,205,514,512,512
3.5523581504821777,205,513,512,512
3.5523581504821777,205,513,512,512
3.5523581504821777,205,513,512,512
3.5523581504821777,205,512,512,512
3.5523581504821777,205,512,512,512
3.5523581504821777,205,512,512,512
3.5523581504821777,205,512,512,512
3.5523581504821777,205,512,512,512
3.5523581504821777,205,512,512,512
3.5523581504821777,205,512,512,512
3.5523581504821777,205,512,512,512
3.5523581504821777,205,512,512,512
3.5523581504821777,205,511,512,512
3.5523581504821777,204,511,512,512
3.5523581504821777,204,512,512,512
3.5523581504821777,204,512,512,512
3.566364288330078,204,512,512,512
3.5678038597106934,204,512,512,512
3.5678038597106934,204,512,512,512
3.568814516067505,204,512,512,512
3.5703563690185547,205,512,512,512
3.5703563690185547,205,512,512,512
3.5719447135925293,205,512,512,512
3.5719447135925293,205,512,512,512
3.5736892223358154,205,512,512,512
3.5736892223358154,205,512,512,512
3.5753495693206787,205,512,512,512
3.5753495693206787,205,512,512,512
3.5770225524902344,205,512,512,512
3.578345537185669,205,512,512,512
3.578345537185669,204,511,512,512
3.579908609390259,204,511,512,512
3.579908609390259,204,511,512,512
3.5815887451171875,204,512,512,512
3.5815887451171875,204,512,512,512
3.5832395553588867,204,512,512,512
3.5832395553588867,204,512,512,512
3.584900379180908,204,512,512,512
3.584900379180908,204,512,512,512
3.586621046066284,204,512,512,512
3.586621046066284,204,512,512,512
3.5884506702423096,204,512,512,512
3.5884506702423096,205,512,512,512
3.5902011394500732,205,512,512,512
3.5902011394500732,205,512,512,512
3.5919430255889893,205,512,512,512
3.5919430255889893,204,512,512,512
3.5935614109039307,204,512,512,512
3.59480619430542,204,512,512,512
3.59480619430542,204,512,512,512
3.596601724624634,204,512,512,512
3.596601724624634,204,512,512,512
3.5977625846862793,204,512,512,512
3.599362373352051,205,512,512,512
3.599362373352051,205,512,512,512
3.601043224334717,205,512,512,512
3.601043224334717,205,512,512,512
3.6026930809020996,204,512,512,512
3.6026930809020996,204,512,512,512
3.604266405105591,204,512,512,512
3.604266405105591,204,512,512,512
3.604266405105591,205,512,512,512
3.604266405105591,205,512,512,512
3.604266405105591,204,512,512,512
3.604266405105591,204,512,512,512
3.604266405105591,205,512,512,512
3.6103017330169678,205,512,512,512
3.6103017330169678,205,512,512,512
3.6103017330169678,205,512,512,512
3.6103017330169678,205,512,512,512
3.613543748855591,205,512,512,512
3.6146955490112305,205,512,512,512
3.6146955490112305,204,512,512,512
3.6146955490112305,205,512,512,512
3.6146955490112305,204,512,512,512
3.6146955490112305,204,512,512,512
3.6146955490112305,205,512,512,512
3.6146955490112305,205,512,512,512
3.6146955490112305,204,512,512,512
3.6146955490112305,205,512,512,512
3.6146955490112305,205,512,512,512
3.6146955490112305,205,512,512,512
3.6146955490112305,205,512,512,512
3.626230478286743,205,512,512,512
3.626230478286743,205,512,512,512
3.626230478286743,205,512,512,512
3.626230478286743,205,512,512,512
3.626230478286743,205,512,512,512
3.626230478286743,205,512,512,512
3.626230478286743,205,512,512,512
3.626230478286743,205,512,512,512
3.626230478286743,205,512,512,512
3.626230478286743,205,512,512,512
3.6343705654144287,205,512,512,512
3.6343705654144287,205,512,512,512
3.6343705654144287,205,512,512,512
3.6343705654144287,205,512,512,512
3.6343705654144287,205,512,512,512
3.6343705654144287,205,513,512,512
3.6343705654144287,205,512,512,512
3.6343705654144287,205,512,512,512
3.6343705654144287,205,512,512,512
3.6424875259399414,205,512,512,512
3.6424875259399414,205,512,512,512
3.644134283065796,205,512,512,512
3.644134283065796,205,512,512,512
3.644134283065796,205,512,512,512
3.644134283065796,205,512,512,512
3.644134283065796,205,512,512,512
3.644134283065796,205,511,512,512
3.644134283065796,205,512,512,512
3.644134283065796,205,512,512,512
3.644134283065796,205,512,512,512
3.644134283065796,205,512,512,512
3.644134283065796,205,512,512,512
3.644134283065796,205,512,512,512
3.644134283065796,205,512,512,512
3.644134283065796,205,512,512,512
3.644134283065796,205,512,512,512
3.644134283065796,205,511,512,512
3.6581456661224365,205,511,512,512
3.6594064235687256,205,511,512,513
3.6594064235687256,205,511,512,513
3.6594064235687256,205,511,512,513
3.6594064235687256,205,512,512,513
3.6594064235687256,205,512,512,513
3.6594064235687256,205,512,512,513
3.6594064235687256,205,513,512,512
3.6594064235687256,205,513,512,512
3.6594064235687256,205,514,512,512
3.6594064235687256,205,513,512,512
3.6594064235687256,205,513,512,512
3.6594064235687256,205,513,512,512
3.6594064235687256,205,512,512,512
3.6594064235687256,205,512,512,512
3.6594064235687256,205,512,512,512
3.6594064235687256,205,512,512,512
3.6594064235687256,205,512,512,512
3.6741044521331787,205,512,512,512
3.6741044521331787,204,512,512,512
3.6741044521331787,205,512,512,512
3.6770215034484863,205,512,512,512
3.6770215034484863,205,512,512,512
3.6770215034484863,205,511,512,512
3.6770215034484863,205,511,512,512
3.6770215034484863,205,512,512,512
3.6770215034484863,205,511,512,512
3.6770215034484863,205,511,512,512
3.6770215034484863,205,512,512,512
3.6770215034484863,205,512,512,512
3.685305595397949,205,512,512,512
3.685305595397949,205,512,512,512
3.685305595397949,205,512,512,512
3.685305595397949,205,512,512,512
3.685305595397949,205,512,512,512
3.689790725708008,205,512,512,512
3.689790725708008,205,512,512,512
3.691433906555176,205,512,512,512
3.6937930583953857,205,512,512,512
3.6937930583953857,205,512,512,512
3.6937930583953857,205,512,512,512
3.6937930583953857,205,511,512,512
3.6937930583953857,205,512,512,512
3.6937930583953857,205,511,512,512
3.6937930583953857,205,511,512,512
3.6937930583953857,205,511,512,513
3.6937930583953857,205,511,512,513
3.6937930583953857,205,511,512,513
3.6937930583953857,205,511,512,513
3.6937930583953857,205,512,512,513
3.6937930583953857,205,512,512,513
3.6937930583953857,205,513,512,513
3.6937930583953857,204,514,512,512
3.705477714538574,205,514,512,512
3.705477714538574,205,514,512,512
3.705477714538574,205,514,512,512
3.705477714538574,205,513,512,512
3.705477714538574,205,513,512,512
3.710299015045166,205,512,512,512
3.710299015045166,205,512,512,512
3.710299015045166,205,512,512,512
3.710299015045166,205,511,512,512
3.710299015045166,205,511,512,512
3.710299015045166,205,511,512,512
3.710299015045166,205,511,512,512
3.710299015045166,205,512,512,512
3.710299015045166,205,512,512,512
3.710299015045166,205,512,512,512
3.710299015045166,205,512,512,512
3.710299015045166,205,512,512,512
3.710299015045166,205,512,512,512
3.721287965774536,205,512,512,512
3.722644329071045,205,512,512,512
3.7229666709899902,205,512,512,512
3.7237987518310547,205,512,512,512
3.727043628692627,205,512,512,512
3.7274200916290283,205,512,512,512
3.7274200916290283,205,512,512,512
3.727853536605835,205,512,512,512
3.729210376739502,205,512,512,512
3.729620933532715,205,512,512,512
3.729620933532715,205,511,512,512
3.729620933532715,205,511,512,512
3.729620933532715,205,511,512,512
3.729620933532715,204,511,512,513
3.729620933532715,204,512,512,512
3.729620933532715,204,512,512,512
3.729620933532715,204,512,512,512
3.729620933532715,204,512,512,512
3.7372188568115234,204,512,512,512
3.7372188568115234,204,512,512,512
3.7372188568115234,205,512,512,512
3.7372188568115234,205,512,512,512
3.7372188568115234,205,512,512,512
3.743640422821045,205,512,512,512
3.743640422821045,205,512,512,512
3.7446560859680176,205,511,512,512
3.7446560859680176,205,511,512,513
3.7461204528808594,204,511,512,513
3.746511936187744,204,512,512,513
3.746511936187744,205,512,512,513
3.746511936187744,205,512,512,513
3.746511936187744,205,513,512,512
3.746511936187744,205,513,512,512
3.746511936187744,205,514,512,512
3.746511936187744,205,514,512,512
3.746511936187744,205,514,512,512
3.7532732486724854,205,514,512,512
3.7532732486724854,205,513,512,512
3.7532732486724854,205,513,512,512
3.7532732486724854,205,512,512,512
3.7532732486724854,205,512,512,512
3.7532732486724854,205,511,512,512
3.7602040767669678,205,512,512,512
3.7602040767669678,205,512,512,512
3.7602040767669678,205,511,512,512
3.7602040767669678,205,512,512,512
3.7602040767669678,205,512,512,512
3.7602040767669678,205,511,512,512
3.7602040767669678,205,512,512,512
3.7602040767669678,205,512,512,512
3.7602040767669678,205,512,512,512
3.7602040767669678,205,512,512,512
3.7602040767669678,205,512,512,512
3.768937587738037,205,512,512,512
3.768937587738037,205,512,512,512
3.768937587738037,205,512,512,512
3.768937587738037,205,512,512,512
3.768937587738037,205,512,512,512
3.768937587738037,205,511,512,512
3.768937587738037,205,511,512,512
3.768937587738037,205,511,512,513
3.768937587738037,205,511,512,513
3.768937587738037,205,512,512,512
3.768937587738037,205,512,512,512
3.768937587738037,205,512,512,512
3.768937587738037,205,512,512,512
3.768937587738037,204,512,512,512
3.768937587738037,204,512,512,512
3.768937587738037,204,512,512,512
3.768937587738037,204,512,512,512
3.768937587738037,205,512,512,512
3.7847044467926025,205,512,512,512
3.785717725753784,205,512,512,512
3.785717725753784,205,512,512,512
3.785717725753784,205,512,512,512
3.785717725753784,205,512,512,512
3.785717725753784,205,512,512,512
3.785717725753784,205,512,512,512
3.785717725753784,205,512,512,512
3.785717725753784,205,512,512,512
3.785717725753784,205,512,512,512
3.793792247772217,205,512,512,512
3.793792247772217,205,512,512,512
3.793792247772217,205,512,512,512
3.793792247772217,204,511,512,512
3.793792247772217,204,511,512,513
3.793792247772217,204,511,512,513
3.793792247772217,204,511,512,513
3.793792247772217,205,512,512,513
3.8004848957061768,205,512,512,513
3.8021957874298096,205,513,512,513
3.8021957874298096,205,513,512,512
3.8021957874298096,205,513,512,512
3.8021957874298096,205,514,512,512
3.8021957874298096,205,513,512,512
3.8021957874298096,205,513,512,512
3.8021957874298096,205,513,512,512
3.8021957874298096,205,513,512,512
3.8021957874298096,205,512,512,512
3.810201406478882,205,512,512,512
3.810201406478882,205,511,512,512
3.810201406478882,205,511,512,512
3.810201406478882,205,511,512,512
3.810201406478882,205,511,512,512
3.810201406478882,205,511,512,512
3.810201406478882,205,511,512,513
3.81636381149292,205,511,512,513
3.81636381149292,205,512,512,513
3.81636381149292,205,512,512,513
3.81636381149292,204,513,512,513
3.81636381149292,204,513,512,512
3.81636381149292,204,513,512,512
3.81636381149292,204,513,512,512
3.81636381149292,205,514,512,512
3.81636381149292,204,513,512,512
3.81636381149292,204,513,512,512
3.81636381149292,205,513,512,512
3.81636381149292,205,512,512,512
3.8271217346191406,205,511,512,512
3.8271217346191406,205,511,512,512
3.8271217346191406,205,511,512,512
3.8271217346191406,205,511,512,512
3.8271217346191406,205,511,512,512
3.8321123123168945,205,512,512,512
3.832881212234497,205,512,512,512
3.8334083557128906,204,511,512,513
3.8334083557128906,204,512,512,512
3.8334083557128906,204,512,512,512
3.8334083557128906,204,512,512,512
3.8334083557128906,204,512,512,512
3.8334083557128906,204,512,512,512
3.8334083557128906,204,512,512,512
3.8334083557128906,204,512,512,512
3.8334083557128906,204,512,512,512
3.8334083557128906,204,512,512,512
3.8334083557128906,204,512,512,512
3.8334083557128906,205,512,512,512
3.8334083557128906,205,512,512,512
3.8334083557128906,205,512,512,512
3.8334083557128906,205,512,512,512
3.8334083557128906,205,511,512,512
3.8480429649353027,205,512,512,512
3.8480429649353027,205,512,512,512
3.8490982055664062,205,512,512,512
3.8490982055664062,205,512,512,512
3.8490982055664062,205,512,512,512
3.8490982055664062,205,512,512,512
3.8490982055664062,205,512,512,512
3.8490982055664062,205,512,512,512
3.8490982055664062,205,511,512,512
3.8490982055664062,205,512,512,512
3.8490982055664062,205,512,512,512
3.8490982055664062,205,512,512,512
3.8490982055664062,205,512,512,512
3.8490982055664062,205,512,512,512
3.8490982055664062,205,512,512,512
3.860302686691284,205,512,512,512
3.860302686691284,205,512,512,512
3.860302686691284,205,512,512,512
3.860302686691284,205,512,512,512
3.8638789653778076,205,512,512,512
3.865152359008789,205,512,512,512
3.865152359008789,205,512,512,512
3.8665237426757812,204,512,512,512
3.8676552772521973,204,512,512,512
3.8676552772521973,205,512,512,512
3.8693764209747314,205,512,512,512
3.8693764209747314,205,512,512,512
3.871080160140991,205,512,512,512
3.871080160140991,205,512,512,512
3.8726847171783447,205,512,512,512
3.8742475509643555,205,512,512,512
3.875904083251953,205,512,512,512
3.876490354537964,205,512,512,512
3.8769986629486084,205,512,512,512
3.8769986629486084,205,511,512,512
3.878587484359741,205,511,512,513
3.878587484359741,205,511,512,513
3.8803582191467285,205,512,512,513
3.8803582191467285,205,512,512,513
3.8820993900299072,204,512,512,513
3.8832805156707764,205,513,512,513
3.883833408355713,205,513,512,512
3.8843114376068115,205,513,512,512
3.885842800140381,205,514,512,512
3.885842800140381,205,514,512,512
3.8873977661132812,205,513,512,512
3.8873977661132812,205,513,512,512
3.8889291286468506,205,512,512,512
3.890566110610962,205,512,512,512
3.890566110610962,205,512,512,512
3.8937230110168457,205,512,512,512
3.894186496734619,205,511,512,512
3.894186496734619,205,511,512,512
3.894186496734619,205,511,512,512
3.89546275138855,205,511,512,512
3.89546275138855,205,511,512,512
3.8970766067504883,205,512,512,512
3.898677110671997,205,512,512,512
3.898677110671997,205,512,512,512
3.9003262519836426,205,512,512,512
3.9003262519836426,205,512,512,512
3.902069568634033,204,512,512,512
3.902845621109009,205,512,512,512
3.9038138389587402,204,512,512,512
3.9038138389587402,204,512,512,512
3.9038138389587402,205,512,512,512
3.9055724143981934,205,512,512,512
3.9055724143981934,205,512,512,512
3.9055724143981934,205,512,512,512
3.910301446914673,205,512,512,512
3.9111733436584473,205,512,512,512
3.9111733436584473,205,512,512,512
3.9111733436584473,205,511,512,512
3.9111733436584473,205,511,512,512
3.9111733436584473,205,511,512,513
3.9111733436584473,205,511,512,513
3.9111733436584473,205,512,512,513
3.9111733436584473,205,512,512,512
3.9111733436584473,205,513,512,512
3.9111733436584473,205,513,512,512
3.9111733436584473,205,513,512,512
3.9111733436584473,205,513,512,512
3.9111733436584473,205,513,512,512
3.9213125705718994,205,513,512,512
3.9227728843688965,205,513,512,512
3.923018455505371,205,512,512,512
3.923018455505371,205,512,512,512
3.923018455505371,205,511,512,512
3.923018455505371,205,511,512,512
3.9270310401916504,205,511,512,512
3.9270310401916504,205,511,512,512
3.9270310401916504,205,511,512,512
3.9270310401916504,205,511,512,513
3.9270310401916504,205,511,512,513
3.9270310401916504,205,512,512,513
3.9270310401916504,205,512,512,513
3.9270310401916504,205,512,512,513
3.9270310401916504,205,513,512,513
3.9270310401916504,205,513,512,512
3.9270310401916504,205,513,512,512
3.9371089935302734,205,514,512,512
3.9371089935302734,205,513,512,512
3.9371089935302734,205,513,512,512
3.9371089935302734,205,512,512,512
3.9371089935302734,205,512,512,512
3.9371089935302734,205,512,512,512
3.9371089935302734,205,512,512,512
3.943732738494873,205,512,512,512
3.943732738494873,205,512,512,512
3.943732738494873,205,512,512,512
3.943732738494873,205,512,512,512
3.943732738494873,205,512,512,512
3.943732738494873,205,512,512,512
3.943732738494873,205,512,512,512
3.943732738494873,205,512,512,512
3.943732738494873,205,512,512,512
3.943732738494873,205,511,512,512
3.943732738494873,205,512,512,512
3.9528989791870117,205,512,512,512
3.953791379928589,205,512,512,512
3.954714059829712,205,512,512,512
3.9552717208862305,205,512,512,512
3.9552717208862305,205,512,512,512
3.9552717208862305,205,512,512,512
3.9552717208862305,205,512,512,512
3.9552717208862305,205,512,512,512
3.9604718685150146,205,512,512,512
3.9604718685150146,205,512,512,512
3.9604718685150146,205,512,512,512
3.9604718685150146,205,512,512,512
3.9604718685150146,205,511,512,512
3.9604718685150146,205,512,512,512
3.9604718685150146,205,512,512,512
3.9604718685150146,205,511,512,512
3.9604718685150146,205,511,512,513
3.9604718685150146,205,512,512,513
3.9687130451202393,205,511,512,513
3.9687130451202393,205,512,512,513
3.9687130451202393,204,512,512,513
3.9687130451202393,204,513,512,512
3.9687130451202393,204,513,512,512
3.9687130451202393,205,514,512,512
3.9687130451202393,205,513,512,512
3.9687130451202393,205,513,512,512
3.9687130451202393,205,513,512,512
3.9687130451202393,205,513,512,512
3.9779748916625977,205,512,512,512
3.9779748916625977,205,512,512,512
3.9779748916625977,205,511,512,512
3.979987382888794,205,511,512,512
3.9810826778411865,205,511,512,512
3.9810826778411865,205,512,512,512
3.9810826778411865,205,512,512,512
3.9810826778411865,205,512,512,512
3.9845333099365234,205,512,512,512
3.9859166145324707,205,512,512,512
3.9859166145324707,205,512,512,512
3.9859166145324707,205,512,512,512
3.9859166145324707,205,512,512,512
3.9859166145324707,205,512,512,512
3.9859166145324707,205,512,512,512
3.9859166145324707,205,512,512,512
3.992607355117798,205,512,512,512
3.992607355117798,205,512,512,512
3.992607355117798,205,512,512,512
3.992607355117798,205,512,512,512
3.992607355117798,205,512,512,512
3.992607355117798,205,511,512,512
3.992607355117798,205,511,512,512
3.992607355117798,205,512,512,512
3.992607355117798,205,512,512,512
3.992607355117798,204,512,512,512
4.000274896621704,204,512,512,512
4.000274896621704,204,512,512,512
4.000274896621704,204,512,512,512
4.000274896621704,204,512,512,512
4.000274896621704,205,512,512,512
4.000274896621704,205,512,512,512
4.000274896621704,205,512,512,512
4.000274896621704,205,512,512,512
4.000274896621704,205,512,512,512
4.000274896621704,205,511,512,513
4.0104944705963135,205,511,512,513
4.0104944705963135,205,511,512,513
4.0104944705963135,205,512,512,513
4.0104944705963135,205,512,512,513
4.0104944705963135,205,512,512,513
4.0104944705963135,205,513,512,512
4.0104944705963135,205,513,512,512
4.015974998474121,205,513,512,512
4.0171825885772705,205,513,512,512
4.0171825885772705,205,513,512,512
4.0171825885772705,205,513,512,512
4.0171825885772705,205,512,512,512
4.0171825885772705,205,512,512,512
4.0171825885772705,205,512,512,512
4.0171825885772705,204,512,512,512
4.0171825885772705,204,512,512,512
4.0171825885772705,204,512,512,512
4.0171825885772705,205,512,512,512
4.0171825885772705,205,512,512,512
4.0171825885772705,205,511,512,512
4.0171825885772705,205,511,512,512
4.0171825885772705,205,511,512,512
4.0171825885772705,205,511,512,512
4.0171825885772705,205,511,512,513
4.0171825885772705,205,512,512,513
4.031812429428101,204,512,512,512
4.031812429428101,204,512,512,512
4.033607721328735,204,512,512,512
4.033607721328735,204,512,512,512
4.0351526737213135,204,512,512,512
4.0351526737213135,205,512,512,512
4.03675389289856,205,512,512,512
4.038320541381836,205,512,512,512
4.038320541381836,205,512,512,512
4.038320541381836,205,512,512,512
4.038320541381836,205,512,512,512
4.038320541381836,205,511,512,513
4.038320541381836,205,512,512,512
4.038320541381836,205,512,512,512
4.038320541381836,205,512,512,512
4.038320541381836,205,512,512,512
4.038320541381836,205,512,512,512
4.038320541381836,205,512,512,512
4.050610780715942,205,511,512,513
4.050610780715942,205,512,512,513
4.050610780715942,205,512,512,513
4.050610780715942,205,512,512,513
4.050610780715942,205,512,512,513
4.052620887756348,205,513,512,513
4.0531299114227295,205,513,512,512
4.054567098617554,205,514,512,512
4.0552191734313965,205,514,512,512
4.056284666061401,205,514,512,512
4.056284666061401,205,513,512,512
4.056284666061401,205,513,512,512
4.056284666061401,204,512,512,512
4.056284666061401,204,512,512,512
4.056284666061401,204,512,512,512
4.056284666061401,204,512,512,512
4.056284666061401,204,511,512,512
4.0634448528289795,204,511,512,512
4.064579248428345,204,511,512,512
4.064579248428345,204,511,512,512
4.064579248428345,205,512,512,512
4.064579248428345,205,512,512,512
4.064579248428345,205,512,512,512
4.064579248428345,205,512,512,512
4.064579248428345,205,512,512,512
4.064579248428345,204,512,512,512
4.064579248428345,204,512,512,512
4.064579248428345,205,512,512,512
4.064579248428345,205,512,512,512
4.064579248428345,205,512,512,512
4.064579248428345,205,512,512,512
4.064579248428345,205,512,512,512
4.064579248428345,205,512,512,512
4.076996088027954,205,511,512,512
4.076996088027954,205,512,512,512
4.079008102416992,205,512,512,512
4.079008102416992,205,511,512,512
4.079008102416992,205,511,512,513
4.079008102416992,204,511,512,513
4.079008102416992,204,511,512,513
4.079008102416992,204,512,512,513
4.079008102416992,204,513,512,513
4.0861406326293945,205,513,512,512
4.0861406326293945,205,514,512,512
4.0861406326293945,205,514,512,512
4.0861406326293945,205,513,512,512
4.0861406326293945,204,513,512,512
4.0861406326293945,204,513,512,512
4.0861406326293945,204,512,512,512
4.0861406326293945,204,512,512,512
4.0861406326293945,204,512,512,512
4.0861406326293945,204,512,512,512
4.0861406326293945,205,512,512,512
4.0950422286987305,205,511,512,512
4.0950422286987305,205,512,512,512
4.0950422286987305,205,512,512,512
4.0950422286987305,205,512,512,512
4.0950422286987305,204,512,512,512
4.0950422286987305,205,512,512,512
4.0950422286987305,204,512,512,512
4.0950422286987305,204,512,512,512
4.0950422286987305,204,512,512,512
4.0950422286987305,204,512,512,512
4.0950422286987305,204,512,512,512
4.0950422286987305,204,512,512,512
4.0950422286987305,204,512,512,512
4.0950422286987305,204,512,512,512
4.0950422286987305,204,512,512,512
4.0950422286987305,204,512,512,512
4.0950422286987305,205,512,512,512
4.110841512680054,205,512,512,512
4.110841512680054,204,512,512,512
4.112411022186279,204,512,512,512
4.112411022186279,204,512,512,512
4.112411022186279,204,512,512,512
4.112411022186279,204,512,512,512
4.112411022186279,204,512,512,512
4.112411022186279,204,512,512,512
4.112411022186279,204,512,512,512
4.112411022186279,204,512,512,512
4.112411022186279,205,512,512,512
4.112411022186279,205,512,512,512
4.112411022186279,204,512,512,512
4.112411022186279,204,512,512,512
4.112411022186279,204,512,512,512
4.112411022186279,204,511,512,512
4.112411022186279,204,512,512,512
4.126605987548828,204,512,512,512
4.126605987548828,204,512,512,512
4.126605987548828,204,512,512,512
4.126605987548828,204,512,512,512
4.126605987548828,204,512,512,512
4.126605987548828,204,512,512,512
4.126605987548828,204,512,512,512
4.126605987548828,204,512,512,512
4.126605987548828,204,512,512,512
4.126605987548828,204,512,512,512
4.126605987548828,204,512,512,512
4.126605987548828,204,512,512,512
4.126605987548828,204,512,512,512
4.126605987548828,204,512,512,512
4.126605987548828,204,512,512,512
4.126605987548828,204,512,512,512
4.126605987548828,204,512,512,512
4.126605987548828,205,512,512,512
4.126605987548828,204,512,512,512
4.1422953605651855,204,512,512,512
4.1422953605651855,205,512,512,512
4.1422953605651855,205,512,512,512
4.144308805465698,205,512,512,512
4.145010232925415,205,512,512,512
4.145010232925415,205,512,512,512
4.145010232925415,204,512,512,512
4.145010232925415,204,512,512,512
4.145010232925415,204,512,512,512
4.145010232925415,204,512,512,512
4.145010232925415,204,512,512,512
4.145010232925415,205,512,512,512
4.145010232925415,205,512,512,512
4.145010232925415,205,512,512,512
4.145010232925415,205,512,512,512
4.145010232925415,205,512,512,512
4.145010232925415,205,512,512,512
4.145010232925415,205,513,512,512
4.157962083816528,205,512,512,512
4.159493446350098,205,512,512,512
4.159493446350098,205,512,512,512
4.161003351211548,205,512,512,512
4.161837100982666,205,511,512,512
4.161837100982666,205,511,512,512
4.161837100982666,204,512,512,512
4.161837100982666,204,512,512,512
4.161837100982666,204,512,512,512
4.166187047958374,204,512,512,512
4.166187047958374,204,512,512,512
4.166187047958374,205,512,512,512
4.166187047958374,205,512,512,512
4.166187047958374,205,513,512,512
4.166187047958374,205,513,512,512
4.166187047958374,205,512,512,512
4.166187047958374,205,512,512,512
4.166187047958374,205,512,512,512
4.166187047958374,205,512,512,512
4.17437744140625,204,512,512,512
4.1763999462127686,204,512,512,512
4.1763999462127686,205,512,512,512
4.177482843399048,204,512,512,512
4.177482843399048,204,512,512,512
4.177482843399048,204,512,512,512
4.177482843399048,205,512,512,512
4.177482843399048,205,512,512,512
4.177482843399048,205,512,512,512
4.182490587234497,205,512,512,512
4.182490587234497,205,512,512,512
4.182490587234497,205,512,512,512
4.182490587234497,205,512,512,512
4.186404228210449,205,512,512,512
4.186404228210449,205,512,512,512
4.186404228210449,205,512,512,512
4.186404228210449,205,512,512,512
4.186404228210449,205,512,512,512
4.190545558929443,205,512,512,512
4.193800449371338,205,512,512,512
4.193800449371338,205,512,512,512
4.193800449371338,205,512,512,512
4.193800449371338,205,512,512,512
4.193800449371338,205,512,512,512
4.193800449371338,205,511,512,512
4.193800449371338,205,512,512,512
4.193800449371338,205,512,512,512
4.198599576950073,205,512,512,512
4.198599576950073,205,512,512,512
4.198599576950073,205,512,512,512
4.198599576950073,205,512,512,512
4.198599576950073,205,512,512,512
4.198599576950073,205,512,512,512
4.198599576950073,205,511,512,512
4.198599576950073,205,511,512,512
4.198599576950073,205,512,512,512
4.198599576950073,205,512,512,512
4.198599576950073,205,512,512,512
4.198599576950073,205,512,512,512
4.198599576950073,205,512,512,512
4.210397481918335,205,512,512,512
4.210906744003296,205,512,512,512
4.211876392364502,205,512,512,512
4.21288537979126,205,512,512,512
4.21288537979126,204,512,512,512
4.21465802192688,204,512,512,512
4.21465802192688,204,512,512,512
4.21637749671936,204,512,512,512
4.21637749671936,204,512,512,512
4.218002557754517,204,513,512,512
4.218002557754517,204,513,512,512
4.219614505767822,204,512,512,512
4.221154451370239,205,512,512,512
4.221154451370239,205,512,512,512
4.221154451370239,205,512,512,512
4.222763538360596,205,512,512,512
4.224390745162964,205,512,512,512
4.225944995880127,204,512,512,512
4.225944995880127,204,512,512,512
4.225944995880127,204,512,512,512
4.227547645568848,204,512,512,512
4.229184150695801,204,512,512,512
4.229184150695801,204,512,512,512
4.230843544006348,204,512,512,512
4.231621742248535,204,512,512,512
4.232499122619629,205,512,512,512
4.233253002166748,205,512,512,512
4.233253002166748,204,512,512,512
4.234807252883911,204,512,512,512
4.234807252883911,204,512,512,512
4.2363715171813965,204,512,512,512
4.237956762313843,205,512,512,512
4.237956762313843,205,512,512,512
4.239694595336914,205,512,512,512
4.239694595336914,205,512,512,512
4.2413530349731445,205,512,512,512
4.243014097213745,204,512,512,512
4.243014097213745,204,512,512,512
4.243887901306152,204,512,512,512
4.244561433792114,204,512,512,512
4.245657444000244,204,512,512,512
4.245657444000244,204,512,512,512
4.247376203536987,204,512,512,512
4.24839448928833,204,512,512,512
4.248911142349243,204,512,512,512
4.248911142349243,204,512,512,512
4.248911142349243,204,512,512,512
4.248911142349243,205,512,512,512
4.248911142349243,205,512,512,512
4.248911142349243,205,512,512,512
4.248911142349243,205,512,512,512
4.248911142349243,205,513,512,512
4.25567626953125,205,512,512,512
4.25567626953125,205,512,512,512
4.25567626953125,205,512,512,512
4.25567626953125,205,512,512,512
4.260431289672852,205,512,512,512
4.260431289672852,204,512,512,512
4.261030673980713,204,512,512,512
4.261030673980713,204,512,512,512
4.261030673980713,204,512,512,512
4.263731241226196,204,512,512,512
4.263731241226196,204,512,512,512
4.263731241226196,204,512,512,512
4.263731241226196,205,512,512,512
4.263731241226196,205,512,512,512
4.263731241226196,205,512,512,512
4.263731241226196,205,512,512,512
4.263731241226196,204,512,512,512
4.263731241226196,204,512,512,512
4.271756410598755,204,512,512,512
4.273004770278931,204,513,512,512
4.273004770278931,204,512,512,512
4.273004770278931,205,512,512,512
4.273004770278931,205,512,512,512
4.273004770278931,205,512,512,512
4.277494192123413,205,511,512,512
4.277494192123413,205,511,512,512
4.277494192123413,205,512,512,512
4.277494192123413,205,511,512,512
4.277494192123413,205,512,512,512
4.277494192123413,205,512,512,512
4.277494192123413,205,512,512,512
4.277494192123413,205,512,512,512
4.277494192123413,205,512,512,512
4.277494192123413,204,512,512,512
4.277494192123413,204,512,512,512
4.286617040634155,204,512,512,512
4.287642240524292,204,512,512,512
4.287642240524292,205,512,512,512
4.287642240524292,205,512,512,512
4.287642240524292,205,512,512,512
4.287642240524292,205,512,512,512
4.287642240524292,205,512,512,512
4.287642240524292,205,512,512,512
4.2937726974487305,205,512,512,512
4.2937726974487305,205,512,512,512
4.2937726974487305,204,511,512,512
4.2937726974487305,204,512,512,512
4.2937726974487305,204,512,512,512
4.2937726974487305,204,512,512,512
4.2937726974487305,204,512,512,512
4.2937726974487305,205,512,512,512
4.2937726974487305,205,512,512,512
4.2937726974487305,205,512,512,512
4.2937726974487305,205,512,512,512
4.303443908691406,205,512,512,512
4.3046181201934814,205,512,512,512
4.305388927459717,205,512,512,512
4.305388927459717,204,512,512,512
4.305388927459717,204,512,512,512
4.305388927459717,204,512,512,512
4.305388927459717,204,512,512,512
4.305388927459717,204,512,512,512
4.310449123382568,205,512,512,512
4.310449123382568,205,512,512,512
4.310449123382568,205,512,512,512
4.310449123382568,205,512,512,512
4.310449123382568,205,512,512,512
4.310449123382568,205,512,512,512
4.310449123382568,205,512,512,512
4.310449123382568,205,512,512,512
4.310449123382568,204,511,512,512
4.319251775741577,204,511,512,513
4.319251775741577,204,511,512,513
4.319251775741577,204,511,512,513
4.319251775741577,204,512,512,513
4.319251775741577,204,513,512,513
4.319251775741577,205,513,512,512
4.319251775741577,205,513,512,512
4.319251775741577,205,513,512,512
4.319251775741577,205,513,512,512
4.326983690261841,205,513,512,512
4.326983690261841,205,513,512,512
4.326983690261841,205,512,512,512
4.326983690261841,205,512,512,512
4.326983690261841,205,512,512,512
4.326983690261841,205,512,512,512
4.326983690261841,204,512,512,512
4.326983690261841,204,512,512,512
4.326983690261841,204,512,512,512
4.33507227897644,204,512,512,512
4.33507227897644,204,512,512,512
4.33507227897644,205,512,512,512
4.33507227897644,205,512,512,512
4.33507227897644,205,512,512,512
4.33507227897644,205,512,512,512
4.339641809463501,205,512,512,512
4.339641809463501,205,512,512,512
4.341651916503906,204,512,512,512
4.341651916503906,204,512,512,512
4.341651916503906,204,512,512,512
4.343660831451416,205,512,512,512
4.343660831451416,204,512,512,512
4.34569787979126,204,512,512,512
4.34569787979126,204,512,512,512
4.347706317901611,204,512,512,512
4.347706317901611,204,512,512,512
4.349711656570435,204,512,512,512
4.350716829299927,204,512,512,512
4.350716829299927,205,513,512,512
4.350716829299927,205,513,512,512
4.350716829299927,205,512,512,512
4.350716829299927,205,512,512,512
4.350716829299927,205,512,512,512
4.350716829299927,205,512,512,512
4.350716829299927,205,512,512,512
4.350716829299927,205,512,512,512
4.350716829299927,205,511,512,512
4.350716829299927,205,511,512,512
4.36039924621582,205,511,512,512
4.36039924621582,204,511,512,512
4.36039924621582,204,511,512,512
4.36039924621582,204,512,512,512
4.36039924621582,204,512,512,512
4.36039924621582,204,512,512,512
4.36039924621582,205,512,512,512
4.366445064544678,205,512,512,512
4.366445064544678,205,512,512,512
4.368178606033325,205,512,512,512
4.368178606033325,205,512,512,512
4.369706392288208,205,512,512,512
4.369706392288208,205,512,512,512
4.371233940124512,205,512,512,512
4.372758865356445,205,512,512,512
4.372758865356445,205,512,512,512
4.372758865356445,205,512,512,512
4.372758865356445,205,512,512,512
4.372758865356445,205,512,512,512
4.372758865356445,205,512,512,512
4.372758865356445,205,512,512,512
4.372758865356445,205,512,512,512
4.372758865356445,205,512,512,512
4.372758865356445,205,512,512,512
4.372758865356445,205,512,512,512
4.38212513923645,205,512,512,512
4.38212513923645,205,512,512,512
4.38212513923645,205,512,512,512
4.38212513923645,205,512,512,512
4.38212513923645,205,512,512,512
4.386568546295166,205,512,512,512
4.386568546295166,205,512,512,512
4.386568546295166,205,512,512,512
4.386568546295166,205,512,512,512
4.386568546295166,205,512,512,512
4.386568546295166,205,512,512,512
4.393679141998291,205,512,512,512
4.393679141998291,205,513,512,512
4.393679141998291,205,512,512,512
4.393679141998291,205,512,512,512
4.393679141998291,205,512,512,512
4.393679141998291,205,512,512,512
4.393679141998291,205,511,512,512
4.39781379699707,205,511,512,512
4.399314641952515,205,511,512,512
4.399884939193726,205,512,512,512
4.399884939193726,205,512,512,512
4.399884939193726,205,512,512,512
4.399884939193726,205,512,512,512
4.399884939193726,205,512,512,512
4.399884939193726,205,512,512,512
4.399884939193726,205,512,512,512
4.405887842178345,205,512,512,512
4.405887842178345,205,512,512,512
4.405887842178345,205,512,512,512
4.410346508026123,205,512,512,512
4.410346508026123,205,512,512,512
4.411464214324951,205,512,512,512
4.411464214324951,205,512,512,512
4.411851406097412,204,512,512,512
4.411851406097412,204,512,512,512
4.413926839828491,204,512,512,512
4.413926839828491,204,512,512,512
4.413926839828491,204,512,512,512
4.413926839828491,204,512,512,512
4.413926839828491,204,512,512,512
4.413926839828491,204,512,512,512
4.413926839828491,204,512,512,512
4.413926839828491,204,512,512,512
4.413926839828491,204,512,512,512
4.422497034072876,205,512,512,512
4.423060655593872,205,512,512,512
4.423775911331177,205,512,512,512
4.423775911331177,205,512,512,512
4.423775911331177,205,512,512,512
4.4270241260528564,205,512,512,512
4.4270241260528564,205,512,512,512
4.4275963306427,205,512,512,512
4.4275963306427,205,512,512,512
4.4275963306427,205,512,512,512
4.4275963306427,204,512,512,512
4.4275963306427,204,512,512,512
4.4275963306427,204,512,512,512
4.4275963306427,204,512,512,512
4.4275963306427,204,512,512,512
4.4275963306427,204,512,512,512
4.4275963306427,205,512,512,512
4.4275963306427,204,512,512,512
4.437810182571411,204,512,512,512
4.437810182571411,204,512,512,512
4.437810182571411,204,511,512,512
4.437810182571411,205,511,512,512
4.437810182571411,204,512,512,512
4.443433523178101,204,512,512,512
4.443433523178101,204,512,512,512
4.443433523178101,204,512,512,512
4.443433523178101,204,512,512,512
4.443433523178101,204,512,512,512
4.443433523178101,204,512,512,512
4.443433523178101,204,512,512,512
4.443433523178101,204,512,512,512
4.443433523178101,204,512,512,512
4.443433523178101,204,512,512,512
4.443433523178101,204,512,512,512
4.443433523178101,204,512,512,512
4.443433523178101,204,512,512,512
4.4542930126190186,204,512,512,512
4.455078840255737,204,512,512,512
4.455078840255737,204,512,512,512
4.455078840255737,204,512,512,512
4.455078840255737,205,512,512,512
4.455078840255737,205,512,512,512
4.455078840255737,205,512,512,512
4.455078840255737,204,512,512,512
4.460504531860352,204,512,512,512
4.460504531860352,204,512,512,512
4.460504531860352,204,512,512,512
4.460504531860352,204,512,512,512
4.460504531860352,204,512,512,512
4.460504531860352,204,512,512,512
4.460504531860352,204,512,512,512
4.460504531860352,204,512,512,512
4.460504531860352,205,512,512,512
4.460504531860352,205,512,512,512
4.469437122344971,205,512,512,512
4.469437122344971,205,512,512,512
4.469437122344971,205,512,512,512
4.469437122344971,205,512,512,512
4.469437122344971,205,512,512,512
4.469437122344971,204,512,512,512
4.469437122344971,204,512,512,512
4.469437122344971,204,512,512,512
4.469437122344971,205,512,512,512
4.477231502532959,205,512,512,512
4.477231502532959,205,512,512,512
4.477231502532959,205,512,512,512
4.477231502532959,205,512,512,512
4.477231502532959,204,512,512,512
4.477231502532959,205,512,512,512
4.477231502532959,205,512,512,512
4.477231502532959,205,512,512,512
4.477231502532959,205,512,512,512
4.485320329666138,205,512,512,512
4.485320329666138,205,512,512,512
4.486945152282715,205,512,512,512
4.486945152282715,205,512,512,512
4.486945152282715,205,512,512,512
4.486945152282715,204,512,512,512
4.486945152282715,205,512,512,512
4.486945152282715,205,512,512,512
4.486945152282715,205,512,512,512
4.486945152282715,205,512,512,512
4.486945152282715,205,512,512,512
4.486945152282715,205,512,512,512
4.486945152282715,205,512,512,512
4.486945152282715,204,512,512,512
4.486945152282715,205,512,512,512
4.486945152282715,205,512,512,512
4.486945152282715,205,512,512,512
4.486945152282715,205,512,512,512
4.501116037368774,205,512,512,512
4.501116037368774,205,512,512,512
4.503132343292236,205,512,512,512
4.503132343292236,204,512,512,512
4.503132343292236,204,512,512,512
4.503132343292236,205,512,512,512
4.503132343292236,205,512,512,512
4.503132343292236,205,512,512,512
4.503132343292236,205,512,512,512
4.503132343292236,205,512,512,512
4.503132343292236,204,512,512,512
4.503132343292236,204,511,512,512
4.503132343292236,205,511,512,513
4.503132343292236,204,511,512,513
4.503132343292236,204,511,512,513
4.503132343292236,204,512,512,513
4.503132343292236,204,512,512,513
4.503132343292236,204,512,512,513
4.517824649810791,204,513,512,513
4.5185346603393555,204,514,512,512
4.5185346603393555,205,514,512,512
4.5185346603393555,204,514,512,512
4.5185346603393555,204,514,512,512
4.5185346603393555,204,513,512,512
4.5185346603393555,204,513,512,512
4.5185346603393555,205,513,512,512
4.5185346603393555,204,512,512,512
4.5185346603393555,204,512,512,512
4.5185346603393555,204,512,512,512
4.5185346603393555,204,512,512,512
4.5185346603393555,204,512,512,512
4.5185346603393555,204,512,512,512
4.5185346603393555,204,512,512,512
4.5185346603393555,204,512,512,512
4.5185346603393555,204,512,512,512
4.5328474044799805,205,512,512,512
4.5328474044799805,205,512,512,512
4.5328474044799805,205,512,512,512
4.5328474044799805,204,512,512,512
4.5328474044799805,204,512,512,512
4.5328474044799805,204,512,512,512
4.5328474044799805,204,512,512,512
4.5328474044799805,205,512,512,512
4.5328474044799805,204,512,512,512
4.5328474044799805,204,512,512,512
4.5328474044799805,204,512,512,512
4.5328474044799805,204,512,512,512
4.543715715408325,204,512,512,512
4.543715715408325,205,512,512,512
4.543715715408325,205,512,512,512
4.543715715408325,205,512,512,512
4.543715715408325,205,512,512,512
4.543715715408325,205,512,512,512
4.543715715408325,205,512,512,512
4.549637794494629,205,512,512,512
4.549637794494629,205,512,512,512
4.549637794494629,205,512,512,512
4.549637794494629,205,511,512,512
4.549637794494629,205,511,512,512
4.549637794494629,204,512,512,512
4.549637794494629,204,512,512,512
4.549637794494629,204,512,512,512
4.549637794494629,204,512,512,512
4.549637794494629,204,512,512,512
4.549637794494629,205,512,512,512
4.549637794494629,205,512,512,512
4.549637794494629,205,512,512,512
4.549637794494629,205,512,512,512
4.549637794494629,205,512,512,512
4.549637794494629,205,512,512,512
4.549637794494629,205,512,512,512
4.549637794494629,205,512,512,512
4.564645051956177,205,512,512,512
4.564645051956177,205,512,512,512
4.564645051956177,205,512,512,512
4.564645051956177,205,512,512,512
4.564645051956177,205,512,512,512
4.564645051956177,205,512,512,512
4.564645051956177,205,512,512,512
4.564645051956177,205,512,512,512
4.564645051956177,205,512,512,512
4.564645051956177,205,511,512,512
4.564645051956177,205,511,512,512
4.564645051956177,205,512,512,512
4.564645051956177,205,512,512,512
4.564645051956177,205,512,512,512
4.564645051956177,205,512,512,512
4.564645051956177,205,512,512,512
4.564645051956177,205,511,512,512
4.580438613891602,205,512,512,512
4.580438613891602,205,512,512,512
4.580438613891602,205,512,512,512
4.580438613891602,205,512,512,512
4.580438613891602,205,512,512,512
4.580438613891602,205,512,512,512
4.580438613891602,205,512,512,512
4.586896657943726,205,512,512,512
4.586896657943726,205,513,512,512
4.586896657943726,205,513,512,512
4.586896657943726,205,512,512,512
4.586896657943726,205,512,512,512
4.586896657943726,205,511,512,512
4.586896657943726,205,511,512,512
4.593063116073608,205,511,512,512
4.593063116073608,205,511,512,512
4.593063116073608,205,511,512,512
4.593063116073608,205,511,512,512
4.596509695053101,205,511,512,512
4.596509695053101,205,511,512,513
4.596509695053101,205,511,512,513
4.596509695053101,205,512,512,512
4.596509695053101,205,512,512,512
4.596509695053101,205,513,512,512
4.596509695053101,205,513,512,512
4.596509695053101,205,513,512,512
4.596509695053101,205,513,512,512
4.596509695053101,205,513,512,512
4.596509695053101,205,513,512,512
4.596509695053101,205,512,512,512
4.596509695053101,205,512,512,512
4.596509695053101,205,512,512,512
4.596509695053101,205,512,512,512
4.596509695053101,205,512,512,512
4.61011815071106,204,512,512,512
4.61011815071106,205,512,512,512
4.612265586853027,205,511,512,512
4.613837003707886,205,511,512,512
4.613837003707886,205,511,512,512
4.613837003707886,205,512,512,512
4.613837003707886,204,512,512,512
4.613837003707886,204,512,512,512
4.613837003707886,204,512,512,512
4.613837003707886,205,512,512,512
4.613837003707886,204,512,512,512
4.613837003707886,204,512,512,512
4.613837003707886,204,512,512,512
4.613837003707886,204,512,512,512
4.613837003707886,204,512,512,512
4.613837003707886,204,512,512,512
4.613837003707886,204,512,512,512
4.62705659866333,204,512,512,512
4.62705659866333,204,512,512,512
4.62705659866333,204,512,512,512
4.628070831298828,205,512,512,512
4.628070831298828,205,512,512,512
4.628070831298828,205,512,512,512
4.628070831298828,205,511,512,513
4.628070831298828,204,511,512,513
4.628070831298828,204,512,512,513
4.628070831298828,204,512,512,513
4.628070831298828,204,513,512,513
4.628070831298828,204,513,512,512
4.628070831298828,204,513,512,512
4.628070831298828,204,513,512,512
4.628070831298828,204,513,512,512
4.628070831298828,204,513,512,512
4.628070831298828,204,513,512,512
4.628070831298828,204,513,512,512
4.628070831298828,205,513,512,512
4.628070831298828,205,512,512,512
4.643690586090088,205,512,512,512
4.643690586090088,205,512,512,512
4.643690586090088,205,512,512,512
4.643690586090088,204,512,512,512
4.643690586090088,204,512,512,512
4.643690586090088,204,512,512,512
4.643690586090088,204,512,512,512
4.643690586090088,204,512,512,512
4.643690586090088,204,512,512,512
4.643690586090088,204,512,512,512
4.643690586090088,204,512,512,512
4.643690586090088,205,512,512,512
4.643690586090088,205,512,512,512
4.643690586090088,205,512,512,512
4.643690586090088,205,512,512,512
4.643690586090088,205,512,512,512
4.643690586090088,205,512,512,512
4.659350633621216,205,512,512,512
4.659350633621216,205,512,512,512
4.659350633621216,205,512,512,512
4.659350633621216,205,512,512,512
4.659350633621216,205,512,512,512
4.659350633621216,205,512,512,512
4.659350633621216,205,512,512,512
4.659350633621216,205,511,512,512
4.659350633621216,205,511,512,512
4.659350633621216,204,511,512,512
4.659350633621216,204,511,512,512
4.659350633621216,204,512,512,513
4.659350633621216,204,512,512,513
4.659350633621216,204,512,512,512
4.659350633621216,205,512,512,512
4.659350633621216,205,513,512,512
4.659350633621216,205,512,512,512
4.659350633621216,205,512,512,512
4.677016258239746,205,512,512,512
4.677016258239746,205,512,512,512
4.677511930465698,205,512,512,512
4.677511930465698,205,512,512,512
4.678012371063232,205,512,512,512
4.678012371063232,205,511,512,512
4.678012371063232,205,511,512,513
4.678012371063232,205,512,512,513
4.678012371063232,205,512,512,512
4.678012371063232,205,512,512,512
4.678012371063232,205,513,512,512
4.678012371063232,205,513,512,512
4.678012371063232,205,513,512,512
4.678012371063232,205,513,512,512
4.6868672370910645,205,512,512,512
4.6868672370910645,205,512,512,512
4.6868672370910645,205,512,512,512
4.6868672370910645,205,512,512,512
4.6909191608428955,205,512,512,512
4.693682909011841,205,512,512,512
4.694564580917358,205,512,512,512
4.694564580917358,205,511,512,512
4.694564580917358,205,511,512,512
4.695815563201904,205,512,512,512
4.696218013763428,205,512,512,512
4.696218013763428,205,512,512,512
4.696218013763428,205,512,512,513
4.699044942855835,205,512,512,512
4.699044942855835,205,512,512,512
4.699044942855835,205,512,512,512
4.699044942855835,205,513,512,512
4.699044942855835,205,513,512,512
4.699044942855835,205,512,512,512
4.699044942855835,205,512,512,512
4.699044942855835,205,512,512,512
4.699044942855835,205,512,512,512
4.7071452140808105,205,512,512,512
4.7071452140808105,205,511,512,512
4.7101569175720215,205,511,512,513
4.7101569175720215,205,511,512,513
4.710842132568359,205,511,512,513
4.710842132568359,205,512,512,513
4.710842132568359,204,512,512,513
4.710842132568359,204,513,512,513
4.710842132568359,204,513,512,512
4.7151970863342285,204,513,512,512
4.7151970863342285,204,513,512,512
4.7151970863342285,204,513,512,512
4.7151970863342285,205,513,512,512
4.7151970863342285,205,513,512,512
4.7151970863342285,204,512,512,512
4.7151970863342285,204,512,512,512
4.7151970863342285,204,512,512,512
4.7151970863342285,204,512,512,512
4.723385572433472,204,512,512,512
4.723900318145752,204,512,512,512
4.727019548416138,204,512,512,512
4.727019548416138,204,512,512,512
4.727019548416138,204,512,512,512
4.727683067321777,204,511,512,512
4.728473663330078,204,511,512,512
4.729173421859741,204,511,512,512
4.729173421859741,204,511,512,512
4.731810092926025,204,512,512,512
4.732632160186768,204,512,512,512
4.732632160186768,204,512,512,512
4.732632160186768,204,512,512,512
4.732632160186768,204,512,512,512
4.732632160186768,204,512,512,512
4.732632160186768,204,512,512,512
4.732632160186768,204,512,512,512
4.732632160186768,204,512,512,512
4.732632160186768,204,512,512,512
4.740098476409912,204,512,512,512
4.740098476409912,204,512,512,512
4.740098476409912,204,512,512,512
4.743910312652588,204,512,512,512
4.743910312652588,204,512,512,512
4.744904041290283,205,512,512,512
4.744904041290283,205,511,512,512
4.744904041290283,205,511,512,513
4.744904041290283,205,511,512,513
4.748193979263306,204,511,512,513
4.748193979263306,204,512,512,513
4.748193979263306,204,512,512,513
4.748193979263306,204,513,512,512
4.748193979263306,204,513,512,512
4.748193979263306,204,514,512,512
4.748193979263306,204,514,512,512
4.748193979263306,204,513,512,512
4.748193979263306,205,513,512,512
4.756221771240234,205,513,512,512
4.756221771240234,205,512,512,512
4.75822639465332,205,512,512,512
4.75822639465332,205,512,512,512
4.75822639465332,205,512,512,512
4.761325359344482,205,511,512,512
4.761325359344482,205,512,512,512
4.761325359344482,205,512,512,512
4.761325359344482,205,512,512,512
4.764265298843384,205,511,512,512
4.764265298843384,205,512,512,512
4.764265298843384,205,512,512,512
4.764265298843384,205,512,512,512
4.764265298843384,205,512,512,512
4.764265298843384,205,512,512,512
4.764265298843384,205,512,512,512
4.764265298843384,205,512,512,512
4.764265298843384,205,512,512,512
4.764265298843384,205,512,512,512
4.772756576538086,205,512,512,512
4.772756576538086,205,512,512,512
4.772756576538086,205,512,512,512
4.777056694030762,205,512,512,512
4.777056694030762,205,512,512,512
4.777056694030762,205,512,512,512
4.777056694030762,205,511,512,512
4.777056694030762,205,511,512,512
4.777056694030762,205,511,512,512
4.777056694030762,205,512,512,512
4.777056694030762,205,512,512,512
4.777056694030762,205,512,512,512
4.777056694030762,205,512,512,512
4.777056694030762,205,512,512,512
4.777056694030762,205,512,512,512
4.777056694030762,205,512,512,512
4.787214994430542,205,512,512,512
4.787214994430542,205,512,512,512
4.7887282371521,206,511,512,512
4.789387464523315,206,511,512,512
4.789387464523315,206,511,512,513
4.789387464523315,205,512,512,513
4.789387464523315,205,512,512,512
4.793724298477173,205,512,512,512
4.793724298477173,205,512,512,512
4.793724298477173,205,512,512,512
4.793724298477173,205,512,512,512
4.793724298477173,205,512,512,512
4.793724298477173,205,512,512,512
4.793724298477173,205,512,512,512
4.793724298477173,205,512,512,512
4.793724298477173,205,512,512,512
4.793724298477173,205,512,512,512
4.793724298477173,205,512,512,512
4.793724298477173,205,512,512,512
4.793724298477173,205,512,512,512
4.805233955383301,205,512,512,512
4.8054022789001465,205,512,512,512
4.8054022789001465,205,512,512,512
4.8054022789001465,205,512,512,512
4.8054022789001465,205,512,512,512
4.8054022789001465,205,512,512,512
4.810297250747681,205,512,512,512
4.810297250747681,205,512,512,512
4.810297250747681,205,511,512,513
4.810297250747681,205,511,512,513
4.810297250747681,205,511,512,513
4.810297250747681,205,512,512,513
4.810297250747681,205,512,512,513
4.810297250747681,205,513,512,513
4.810297250747681,205,513,512,512
4.810297250747681,205,513,512,512
4.810297250747681,205,514,512,512
4.82021951675415,205,514,512,512
4.82021951675415,205,513,512,512
4.82021951675415,205,513,512,512
4.82021951675415,205,513,512,512
4.82021951675415,205,512,512,512
4.82021951675415,205,512,512,512
4.82021951675415,205,512,512,512
4.827087640762329,205,511,512,512
4.827087640762329,205,511,512,512
4.827087640762329,205,511,512,512
4.827087640762329,205,511,512,512
4.827087640762329,204,511,512,512
4.827087640762329,204,511,512,513
4.827087640762329,204,511,512,513
4.827087640762329,204,511,512,513
4.827087640762329,204,512,512,513
4.827087640762329,204,513,512,513
4.836045980453491,204,513,512,512
4.836045980453491,204,513,512,512
4.836045980453491,204,513,512,512
4.836045980453491,204,513,512,512
4.836045980453491,204,513,512,512
4.836045980453491,204,513,512,512
4.836045980453491,204,512,512,512
4.836045980453491,204,512,512,512
4.836045980453491,204,511,512,512
4.836045980453491,205,512,512,512
4.836045980453491,204,512,512,512
4.836045980453491,204,511,512,512
4.836045980453491,204,512,512,512
4.836045980453491,204,512,512,512
4.836045980453491,204,512,512,512
4.836045980453491,204,512,512,512
4.836045980453491,204,512,512,512
4.836045980453491,204,512,512,512
4.852074861526489,204,512,512,512
4.852074861526489,204,512,512,512
4.853551387786865,204,512,512,512
4.85377311706543,204,512,512,512
4.85377311706543,204,512,512,512
4.85377311706543,204,512,512,512
4.85377311706543,204,512,512,512
4.85377311706543,205,512,512,512
4.85377311706543,205,512,512,512
4.85377311706543,205,512,512,512
4.85377311706543,205,511,512,512
4.85377311706543,205,511,512,512
4.85377311706543,204,511,512,512
4.85377311706543,204,511,512,513
4.85377311706543,204,511,512,513
4.85377311706543,204,511,512,513
4.85377311706543,204,512,512,513
4.85377311706543,204,512,512,513
4.868181943893433,204,513,512,513
4.868181943893433,204,513,512,512
4.868181943893433,205,514,512,512
4.868181943893433,205,514,512,512
4.868181943893433,205,514,512,512
4.868181943893433,205,513,512,512
4.868181943893433,205,513,512,512
4.868181943893433,205,512,512,512
4.868181943893433,205,512,512,512
4.868181943893433,205,512,512,512
4.868181943893433,205,512,512,512
4.868181943893433,205,512,512,512
4.868181943893433,205,512,512,512
4.868181943893433,205,512,512,512
4.868181943893433,205,512,512,512
4.868181943893433,205,512,512,512
4.868181943893433,205,512,512,512
4.868181943893433,205,512,512,512
4.883832931518555,205,512,512,512
4.884659767150879,205,512,512,512
4.885574102401733,205,512,512,512
4.886387586593628,205,512,512,512
4.887404918670654,205,512,512,512
4.887404918670654,205,512,512,512
4.887404918670654,205,512,512,512
4.887404918670654,205,512,512,512
4.887404918670654,205,512,512,512
4.891868591308594,205,512,512,512
4.893669128417969,205,511,512,512
4.893669128417969,205,511,512,512
4.89411473274231,206,512,512,512
4.89411473274231,205,512,512,512
4.89411473274231,205,512,512,512
4.89411473274231,205,512,512,512
4.89411473274231,205,512,512,512
4.89411473274231,205,512,512,512
4.900003671646118,205,511,512,512
4.900003671646118,205,512,512,512
4.900003671646118,205,512,512,512
4.900003671646118,205,512,512,512
4.900003671646118,205,512,512,512
4.900003671646118,205,512,512,512
4.900003671646118,205,512,512,512
4.900003671646118,205,512,512,512
4.900003671646118,205,512,512,512
4.9080915451049805,205,512,512,512
4.9104533195495605,205,512,512,512
4.9104533195495605,205,512,512,512
4.9104533195495605,205,512,512,512
4.911440134048462,205,512,512,512
4.911440134048462,205,511,512,512
4.911440134048462,205,512,512,512
4.911440134048462,205,512,512,512
4.911440134048462,205,512,512,512
4.911440134048462,205,512,512,512
4.911440134048462,205,512,512,512
4.911440134048462,205,512,512,512
4.911440134048462,205,512,512,512
4.911440134048462,205,512,512,512
4.911440134048462,205,512,512,512
4.911440134048462,205,512,512,512
4.911440134048462,205,512,512,512
4.911440134048462,205,512,512,512
4.923729419708252,205,512,512,512
4.923729419708252,205,512,512,512
4.926729440689087,205,512,512,512
4.926729440689087,205,512,512,512
4.926729440689087,205,512,512,512
4.928267478942871,205,512,512,512
4.928267478942871,205,512,512,512
4.929934978485107,205,512,512,512
4.929934978485107,205,512,512,512
4.931589126586914,205,512,512,512
4.931589126586914,205,512,512,512
4.933448791503906,205,512,512,512
4.933448791503906,205,512,512,512
4.935114860534668,205,512,512,512
4.935114860534668,205,512,512,512
4.9368896484375,205,512,512,512
4.9368896484375,205,513,512,512
4.938649892807007,205,512,512,512
4.938649892807007,205,512,512,512
4.940328359603882,205,512,512,512
4.941555738449097,205,511,512,512
4.942582845687866,205,511,512,512
4.942582845687866,205,511,512,512
4.944120407104492,205,511,512,512
4.944120407104492,205,511,512,512
4.9456775188446045,205,511,512,513
4.9456775188446045,205,512,512,513
4.947300672531128,205,512,512,512
4.9488301277160645,205,512,512,512
4.9488301277160645,205,513,512,512
4.950477838516235,205,513,512,512
4.950477838516235,205,513,512,512
4.952080965042114,205,513,512,512
4.952080965042114,205,513,512,512
4.9536449909210205,204,512,512,512
4.9536449909210205,205,512,512,512
4.955174684524536,205,512,512,512
4.956855058670044,205,512,512,512
4.956855058670044,204,512,512,512
4.95855450630188,204,512,512,512
4.95855450630188,204,512,512,512
4.960250377655029,204,512,512,512
4.960250377655029,204,512,512,512
4.96191143989563,204,512,512,512
4.96191143989563,204,512,512,512
4.96191143989563,204,511,512,512
4.96191143989563,205,512,512,512
4.96191143989563,205,512,512,512
4.96191143989563,205,512,512,512
4.96191143989563,205,512,512,512
4.96191143989563,205,512,512,512
4.96191143989563,205,512,512,512
4.96191143989563,205,512,512,512
4.96191143989563,205,512,512,512
4.96191143989563,205,512,512,512
4.972640514373779,205,512,512,512
4.97354531288147,205,512,512,512
4.974608659744263,205,512,512,512
4.976943016052246,205,512,512,512
4.976943016052246,205,511,512,512
4.976943016052246,205,512,512,512
4.976943016052246,205,511,512,512
4.976943016052246,205,512,512,513
4.976943016052246,205,512,512,512
4.976943016052246,205,512,512,512
4.976943016052246,205,512,512,512
4.976943016052246,205,512,512,512
4.976943016052246,205,512,512,512
4.976943016052246,205,512,512,512
4.976943016052246,205,512,512,512
4.976943016052246,205,512,512,512
4.976943016052246,205,512,512,512
4.987509727478027,205,512,512,512
4.988591194152832,205,512,512,512
4.988591194152832,205,512,512,512
4.988591194152832,205,512,512,512
4.988591194152832,205,512,512,512
4.988591194152832,205,512,512,512
4.988591194152832,205,512,512,512
4.993705987930298,205,512,512,512
4.993705987930298,205,512,512,512
4.993705987930298,205,512,512,512
4.995716571807861,205,512,512,512
4.995716571807861,205,512,512,512
4.997723817825317,205,512,512,512
4.997723817825317,205,512,512,512
4.999729871749878,205,512,512,512
4.999729871749878,205,512,512,512
5.001735210418701,205,512,512,512
5.001735210418701,205,512,512,512
5.001735210418701,205,512,512,512
5.00425124168396,205,512,512,512
5.00425124168396,205,512,512,512
5.00425124168396,205,512,512,512
5.00425124168396,205,512,512,512
5.00425124168396,205,512,512,512
5.00425124168396,205,512,512,512
5.00425124168396,205,512,512,512
5.00425124168396,205,512,512,512
5.00425124168396,205,512,512,512
5.00425124168396,205,512,512,512
5.00425124168396,205,512,512,512
5.00425124168396,204,512,512,512
5.00425124168396,204,512,512,512
5.00425124168396,204,512,512,512
5.00425124168396,204,512,512,512
5.00425124168396,204,512,512,512
5.00425124168396,204,512,512,512
5.00425124168396,204,513,512,512
5.020023822784424,204,512,512,512
5.020023822784424,204,512,512,512
5.020023822784424,204,512,512,512
5.020023822784424,204,512,512,512
5.020023822784424,204,512,512,512
5.020023822784424,204,512,512,512
5.020023822784424,204,511,512,512
5.020023822784424,204,511,512,513
5.020023822784424,204,511,512,513
5.020023822784424,204,512,512,512
5.020023822784424,204,512,512,512
5.020023822784424,204,512,512,512
5.020023822784424,204,513,512,512
5.020023822784424,204,513,512,512
5.020023822784424,204,513,512,512
5.020023822784424,204,513,512,512
5.020023822784424,204,513,512,512
5.020023822784424,204,512,512,512
5.036085844039917,204,512,512,512
5.036085844039917,204,512,512,512
5.036085844039917,204,512,512,512
5.036085844039917,204,512,512,512
5.036085844039917,204,512,512,512
5.036085844039917,204,512,512,512
5.036085844039917,204,512,512,512
5.036085844039917,204,512,512,512
5.043490409851074,204,512,512,512
5.043490409851074,204,512,512,512
5.043490409851074,204,512,512,512
5.043490409851074,204,512,512,512
5.043490409851074,204,512,512,512
5.043490409851074,204,512,512,512
5.043490409851074,204,512,512,512
5.043490409851074,204,512,512,512
5.043490409851074,204,512,512,512
5.043490409851074,204,512,512,512
5.052196741104126,204,512,512,512
5.052196741104126,204,512,512,512
5.052196741104126,204,512,512,512
5.052196741104126,204,512,512,512
5.052196741104126,204,512,512,512
5.052196741104126,204,512,512,512
5.052196741104126,205,512,512,512
5.052196741104126,205,512,512,512
5.052196741104126,205,512,512,512
5.060174465179443,205,512,512,512
5.060174465179443,205,512,512,512
5.060174465179443,205,512,512,512
5.060174465179443,205,512,512,512
5.060174465179443,205,512,512,512
5.060174465179443,205,512,512,512
5.060174465179443,204,512,512,512
5.060174465179443,204,511,512,512
5.060174465179443,204,512,512,512
5.0682923793792725,204,512,512,512
5.0682923793792725,204,512,512,512
5.0694804191589355,205,512,512,512
5.0694804191589355,205,513,512,512
5.0694804191589355,205,513,512,512
5.0694804191589355,205,512,512,512
5.0694804191589355,205,512,512,512
5.0694804191589355,205,512,512,512
5.0694804191589355,205,512,512,512
5.0694804191589355,205,512,512,512
5.0694804191589355,205,512,512,512
5.0694804191589355,205,512,512,512
5.0694804191589355,205,512,512,512
5.0694804191589355,205,512,512,512
5.0694804191589355,205,512,512,512
5.0694804191589355,205,512,512,512
5.0694804191589355,205,512,512,512
5.0694804191589355,205,512,512,512
5.08414626121521,205,512,512,512
5.08414626121521,205,512,512,512
5.085960149765015,205,512,512,512
5.085960149765015,205,512,512,512
5.085960149765015,205,512,512,512
5.088169097900391,205,512,512,512
5.088169097900391,205,512,512,512
5.089860916137695,205,512,512,512
5.091406345367432,205,512,512,512
5.091406345367432,205,512,512,512
5.091406345367432,205,512,512,512
5.091406345367432,205,512,512,512
5.091406345367432,205,512,512,512
5.091406345367432,205,512,512,512
5.091406345367432,205,511,512,512
5.091406345367432,205,512,512,512
5.091406345367432,204,512,512,512
5.091406345367432,204,511,512,512
5.091406345367432,204,512,512,512
5.100153207778931,204,512,512,512
5.100153207778931,204,512,512,512
5.100153207778931,205,512,512,512
5.100153207778931,205,512,512,512
5.100153207778931,205,512,512,512
5.100153207778931,205,512,512,512
5.100153207778931,205,512,512,512
5.100153207778931,205,512,512,512
5.100153207778931,205,512,512,512
5.100153207778931,205,512,512,512
5.100153207778931,205,512,512,512
5.1103363037109375,205,512,512,512
5.1103363037109375,205,512,512,512
5.1103363037109375,205,512,512,512
5.1103363037109375,205,512,512,512
5.1103363037109375,204,512,512,512
5.1103363037109375,204,512,512,512
5.1103363037109375,204,512,512,512
5.115921497344971,204,512,512,512
5.1175854206085205,204,512,512,512
5.118072986602783,205,512,512,512
5.118072986602783,205,512,512,512
5.118072986602783,205,512,512,512
5.118072986602783,204,512,512,512
5.118072986602783,204,512,512,512
5.118072986602783,204,512,512,512
5.118072986602783,204,512,512,512
5.118072986602783,204,512,512,512
5.118072986602783,204,512,512,512
5.118072986602783,204,512,512,512
5.118072986602783,204,512,512,512
5.118072986602783,204,512,512,512
5.118072986602783,204,512,512,512
5.118072986602783,204,512,512,512
5.118072986602783,204,512,512,512
5.131751537322998,204,512,512,512
5.131751537322998,204,512,512,512
5.131751537322998,204,512,512,512
5.131751537322998,204,512,512,512
5.131751537322998,204,512,512,512
5.131751537322998,204,512,512,512
5.131751537322998,204,512,512,512
5.131751537322998,204,512,512,512
5.131751537322998,204,512,512,512
5.131751537322998,204,512,512,512
5.131751537322998,204,512,512,512
5.131751537322998,204,512,512,512
5.131751537322998,204,512,512,512
5.131751537322998,204,512,512,512
5.143780708312988,204,512,512,512
5.143780708312988,204,512,512,512
5.143780708312988,204,512,512,512
5.143780708312988,204,512,512,512
5.147554636001587,204,512,512,512
5.147554636001587,205,512,512,512
5.147554636001587,204,512,512,512
5.149570465087891,204,512,512,512
5.149570465087891,204,512,512,512
5.149570465087891,204,512,512,512
5.149570465087891,204,512,512,512
5.149570465087891,205,512,512,512
5.149570465087891,204,512,512,512
5.149570465087891,204,513,512,512
5.149570465087891,204,512,512,512
5.149570465087891,204,512,512,512
5.149570465087891,204,512,512,512
5.149570465087891,205,512,512,512
5.149570465087891,205,512,512,512
5.160348176956177,205,512,512,512
5.160348176956177,205,512,512,512
5.160348176956177,205,512,512,512
5.160348176956177,205,512,512,512
5.1634955406188965,205,512,512,512
5.1634955406188965,205,512,512,512
5.1634955406188965,205,512,512,512
5.1634955406188965,205,512,512,512
5.1634955406188965,205,513,512,512
5.1634955406188965,205,512,512,512
5.1634955406188965,205,512,512,512
5.1634955406188965,205,512,512,512
5.1634955406188965,205,512,512,512
5.1634955406188965,205,512,512,512
5.1634955406188965,205,513,512,512
5.1634955406188965,205,513,512,512
5.1634955406188965,205,512,512,512
5.1634955406188965,205,512,512,512
5.17680025100708,205,512,512,512
5.17680025100708,205,511,512,512
5.17680025100708,205,511,512,512
5.179241895675659,205,511,512,512
5.180372953414917,205,511,512,512
5.181155443191528,205,511,512,512
5.181155443191528,205,511,512,512
5.181155443191528,205,512,512,512
5.181155443191528,205,512,512,512
5.181155443191528,205,512,512,512
5.181155443191528,205,512,512,512
5.181155443191528,205,512,512,512
5.181155443191528,205,512,512,512
5.181155443191528,205,512,512,512
5.18834662437439,205,512,512,512
5.18834662437439,205,512,512,512
5.18834662437439,205,512,512,512
5.18834662437439,205,512,512,512
5.18834662437439,205,512,512,512
5.18834662437439,205,512,512,512
5.193730354309082,205,512,512,512
5.19524359703064,205,512,512,512
5.19524359703064,205,512,512,512
5.19524359703064,205,512,512,512
5.19524359703064,205,512,512,512
5.19524359703064,205,512,512,512
5.19524359703064,205,512,512,512
5.19524359703064,205,512,512,512
5.19524359703064,205,512,512,512
5.19524359703064,205,512,512,512
5.19524359703064,205,512,512,512
5.19524359703064,205,512,512,512
5.19524359703064,205,512,512,512
5.19524359703064,205,512,512,512
5.19524359703064,205,512,512,512
5.19524359703064,205,512,512,512
5.19524359703064,205,512,512,512
5.19524359703064,205,512,512,512
5.210373163223267,205,512,512,512
5.2110466957092285,205,512,512,512
5.211552619934082,205,511,512,512
5.211552619934082,205,512,512,512
5.211552619934082,204,512,512,512
5.211552619934082,204,512,512,512
5.211552619934082,204,512,512,512
5.211552619934082,204,512,512,512
5.211552619934082,204,512,512,512
5.211552619934082,204,512,512,512
5.211552619934082,204,512,512,512
5.211552619934082,204,512,512,512
5.211552619934082,204,512,512,512
5.211552619934082,204,512,512,512
5.211552619934082,204,512,512,512
5.211552619934082,204,512,512,512
5.211552619934082,204,512,512,512
5.226686716079712,204,512,512,512
5.226686716079712,204,512,512,512
5.226686716079712,204,512,512,512
5.227608680725098,204,512,512,512
5.227608680725098,204,512,512,512
5.227608680725098,204,512,512,512
5.227608680725098,204,512,512,512
5.227608680725098,204,512,512,512
5.227608680725098,204,512,512,512
5.227608680725098,204,512,512,512
5.234113931655884,204,512,512,512
5.234113931655884,204,512,512,512
5.234113931655884,204,512,512,512
5.234113931655884,204,512,512,512
5.234113931655884,204,512,512,512
5.234113931655884,204,512,512,512
5.234113931655884,204,512,512,512
5.234113931655884,204,512,512,512
5.234113931655884,204,512,512,512
5.24227237701416,204,512,512,512
5.24227237701416,204,512,512,512
5.24227237701416,204,512,512,512
5.2442827224731445,204,512,512,512
5.2442827224731445,204,512,512,512
5.2442827224731445,204,512,512,512
5.2442827224731445,204,512,512,512
5.2442827224731445,204,512,512,512
5.2442827224731445,204,512,512,512
5.2442827224731445,204,512,512,512
5.250458002090454,204,512,512,512
5.250458002090454,204,512,512,512
5.250458002090454,204,512,512,512
5.250458002090454,204,512,512,512
5.250458002090454,204,512,512,512
5.250458002090454,204,512,512,512
5.250458002090454,204,512,512,512
5.250458002090454,204,512,512,512
5.250458002090454,204,513,512,512
5.2584686279296875,204,512,512,512
5.2584686279296875,204,512,512,512
5.2584686279296875,204,512,512,512
5.261605262756348,204,512,512,512
5.262216567993164,204,512,512,512
5.262216567993164,204,512,512,512
5.262216567993164,204,512,512,512
5.262216567993164,204,512,512,512
5.262216567993164,205,512,512,512
5.266678810119629,205,512,512,512
5.266678810119629,205,512,512,512
5.266678810119629,205,512,512,512
5.266678810119629,205,512,512,512
5.266678810119629,205,513,512,512
5.266678810119629,205,512,512,512
5.266678810119629,205,512,512,512
5.266678810119629,205,512,512,512
5.266678810119629,205,512,512,512
5.266678810119629,205,512,512,512
5.274960041046143,205,512,512,512
5.277050256729126,205,512,512,512
5.277050256729126,205,512,512,512
5.277050256729126,205,512,512,512
5.277050256729126,205,512,512,512
5.277050256729126,205,512,512,512
5.277050256729126,205,512,512,512
5.277050256729126,205,512,512,512
5.277050256729126,205,512,512,512
5.277050256729126,205,512,512,512
5.277050256729126,204,512,512,512
5.277050256729126,205,512,512,512
5.277050256729126,205,512,512,512
5.277050256729126,204,513,512,512
5.277050256729126,205,513,512,512
5.288558006286621,205,513,512,512
5.288558006286621,205,512,512,512
5.290633678436279,205,512,512,512
5.290633678436279,205,512,512,512
5.290633678436279,205,512,512,512
5.293749094009399,205,512,512,512
5.293749094009399,205,512,512,512
5.293749094009399,204,512,512,512
5.293749094009399,204,512,512,512
5.293749094009399,204,512,512,512
5.293749094009399,205,512,512,512
5.293749094009399,205,512,512,512
5.293749094009399,205,512,512,512
5.293749094009399,204,512,512,512
5.293749094009399,204,512,512,512
5.293749094009399,204,512,512,512
5.293749094009399,204,512,512,512
5.293749094009399,204,512,512,512
5.293749094009399,204,512,512,512
5.293749094009399,204,512,512,512
5.306411981582642,204,512,512,512
5.307273864746094,204,512,512,512
5.307890176773071,204,512,512,512
5.307890176773071,204,512,512,512
5.3103063106536865,204,512,512,512
5.3103063106536865,204,512,512,512
5.3103063106536865,205,512,512,512
5.3103063106536865,205,512,512,512
5.3103063106536865,204,512,512,512
5.3103063106536865,204,512,512,512
5.3103063106536865,204,512,512,512
5.3103063106536865,204,512,512,512
5.3103063106536865,204,512,512,512
5.3103063106536865,205,512,512,512
5.3103063106536865,204,512,512,512
5.3103063106536865,204,512,512,512
5.3103063106536865,204,512,512,512
5.3103063106536865,204,512,512,512
5.322150230407715,204,512,512,512
5.322150230407715,204,512,512,512
5.322150230407715,204,512,512,512
5.322150230407715,204,512,512,512
5.326960563659668,204,512,512,512
5.326960563659668,204,512,512,512
5.326960563659668,204,512,512,512
5.326960563659668,204,512,512,512
5.326960563659668,204,512,512,512
5.326960563659668,204,512,512,512
5.326960563659668,204,512,512,512
5.326960563659668,204,511,512,512
5.326960563659668,204,512,512,512
5.326960563659668,204,512,512,512
5.326960563659668,204,512,512,512
5.326960563659668,204,512,512,512
5.326960563659668,204,512,512,512
5.326960563659668,204,512,512,512
5.338018178939819,204,512,512,512
5.338018178939819,204,512,512,512
5.338018178939819,204,512,512,512
5.338018178939819,204,512,512,512
5.338018178939819,204,512,512,512
5.343573808670044,204,512,512,512
5.343573808670044,204,512,512,512
5.343573808670044,204,512,512,512
5.343573808670044,204,512,512,512
5.343573808670044,204,512,512,512
5.343573808670044,204,512,512,512
5.343573808670044,204,512,512,512
5.343573808670044,204,512,512,512
5.343573808670044,204,512,512,512
5.343573808670044,204,512,512,512
5.343573808670044,204,512,512,512
5.343573808670044,204,512,512,512
5.343573808670044,204,512,512,512
5.353790521621704,204,513,512,512
5.354866981506348,204,513,512,512
5.355685472488403,204,512,512,512
5.355685472488403,204,512,512,512
5.355685472488403,204,512,512,512
5.355685472488403,205,512,512,512
5.355685472488403,205,512,512,512
5.355685472488403,205,512,512,512
5.360304832458496,205,512,512,512
5.360304832458496,205,512,512,512
5.360304832458496,205,512,512,512
5.360304832458496,205,512,512,512
5.360304832458496,205,512,512,512
5.360304832458496,205,512,512,512
5.360304832458496,204,512,512,512
5.360304832458496,204,512,512,512
5.360304832458496,205,512,512,512
5.360304832458496,205,512,512,512
5.369563341140747,205,512,512,512
5.369563341140747,205,512,512,512
5.369563341140747,205,512,512,512
5.369563341140747,205,512,512,512
5.369563341140747,205,512,512,512
5.369563341140747,205,512,512,512
5.369563341140747,204,512,512,512
5.369563341140747,204,512,512,512
5.369563341140747,204,512,512,512
5.369563341140747,205,512,512,512
5.369563341140747,205,512,512,512
5.369563341140747,205,512,512,512
5.369563341140747,205,512,512,512
5.369563341140747,205,512,512,512
5.369563341140747,205,512,512,512
5.369563341140747,205,512,512,512
5.369563341140747,205,512,512,512
5.369563341140747,205,512,512,512
5.385405540466309,205,512,512,512
5.386290550231934,205,512,512,512
5.3877599239349365,204,512,512,512
5.3877599239349365,204,512,512,512
5.388782501220703,204,512,512,512
5.388782501220703,205,512,512,512
5.388782501220703,205,512,512,512
5.388782501220703,205,512,512,512
5.3935112953186035,205,512,512,512
5.393958806991577,205,512,512,512
5.393958806991577,205,512,512,512
5.393958806991577,205,512,512,512
5.393958806991577,205,512,512,512
5.393958806991577,205,512,512,512
5.393958806991577,205,512,512,512
5.393958806991577,205,512,512,512
5.393958806991577,205,512,512,512
5.393958806991577,205,512,512,512
5.401609420776367,205,512,512,512
5.401609420776367,205,513,512,511
5.401609420776367,205,512,512,511
5.401609420776367,205,512,512,512
5.401609420776367,205,512,512,512
5.401609420776367,205,512,512,512
5.401609420776367,205,511,512,512
5.401609420776367,204,511,512,512
5.409851789474487,204,511,512,512
5.409851789474487,204,511,512,512
5.409851789474487,204,511,512,512
5.410650014877319,204,512,512,512
5.410650014877319,204,512,512,512
5.410650014877319,204,512,512,512
5.410650014877319,204,512,512,512
5.410650014877319,204,512,512,512
5.410650014877319,204,512,512,512
5.410650014877319,204,512,512,512
5.410650014877319,204,512,512,512
5.410650014877319,204,512,512,512
5.410650014877319,204,512,512,512
5.410650014877319,204,512,512,512
5.410650014877319,204,512,512,512
5.410650014877319,204,512,512,512
5.410650014877319,204,512,512,512
5.410650014877319,204,512,512,512
5.410650014877319,204,512,512,512
5.425755977630615,204,512,512,512
5.425755977630615,204,512,512,512
5.425755977630615,204,512,512,512
5.425755977630615,204,512,512,512
5.425755977630615,205,511,512,512
5.425755977630615,204,512,512,512
5.425755977630615,204,512,512,512
5.425755977630615,204,512,512,512
5.425755977630615,204,512,512,512
5.425755977630615,204,512,512,512
5.425755977630615,204,512,512,512
5.425755977630615,204,512,512,512
5.425755977630615,204,512,512,512
5.425755977630615,204,512,512,512
5.425755977630615,204,512,512,512
5.425755977630615,204,512,512,512
5.425755977630615,204,512,512,512
5.425755977630615,204,512,512,512
5.425755977630615,205,512,512,512
5.441809892654419,205,512,512,512
5.441809892654419,205,512,512,512
5.444295883178711,205,512,512,512
5.44501805305481,205,512,512,512
5.44501805305481,205,511,512,512
5.44501805305481,205,511,512,512
5.44501805305481,205,511,512,512
5.44501805305481,205,511,512,513
5.44501805305481,205,511,512,513
5.44501805305481,205,511,512,513
5.44501805305481,205,512,512,513
5.44501805305481,204,512,512,513
5.44501805305481,204,513,512,512
5.44501805305481,205,513,512,512
5.44501805305481,205,513,512,512
5.44501805305481,205,513,512,512
5.44501805305481,205,513,512,512
5.457563877105713,205,513,512,512
5.458545207977295,205,512,512,512
5.458545207977295,205,512,512,512
5.460302352905273,205,512,512,512
5.460302352905273,205,511,512,512
5.460302352905273,205,512,512,512
5.460302352905273,205,512,512,512
5.460302352905273,205,512,512,512
5.460302352905273,205,512,512,512
5.460302352905273,205,512,512,512
5.460302352905273,205,512,512,512
5.460302352905273,205,512,512,512
5.460302352905273,205,512,512,512
5.460302352905273,205,512,512,512
5.460302352905273,205,512,512,512
5.460302352905273,205,512,512,512
5.460302352905273,205,512,512,512
5.460302352905273,205,512,512,512
5.473333835601807,205,512,512,512
5.473333835601807,205,512,512,512
5.473333835601807,205,512,512,512
5.473333835601807,205,512,512,512
5.473333835601807,205,512,512,512
5.473333835601807,205,512,512,512
5.473333835601807,205,512,512,512
5.473333835601807,205,511,512,512
5.473333835601807,205,512,512,512
5.473333835601807,205,512,512,512
5.473333835601807,205,512,512,512
5.473333835601807,205,512,512,512
5.473333835601807,205,512,512,512
5.473333835601807,205,512,512,512
5.473333835601807,205,511,512,512
5.473333835601807,205,512,512,512
5.473333835601807,205,512,512,512
5.488726854324341,205,511,512,512
5.489773273468018,205,511,512,512
5.490056991577148,205,511,512,512
5.490056991577148,205,511,512,513
5.490056991577148,205,512,512,513
5.490056991577148,205,512,512,512
5.493689775466919,205,512,512,512
5.493689775466919,205,512,512,512
5.493689775466919,205,512,512,512
5.493689775466919,205,512,512,512
5.493689775466919,205,512,512,512
5.493689775466919,205,512,512,512
5.493689775466919,205,512,512,512
5.493689775466919,205,512,512,512
5.493689775466919,205,512,512,512
5.493689775466919,204,512,512,512
5.493689775466919,204,512,512,512
5.493689775466919,204,512,512,512
5.5044591426849365,204,512,512,512
5.5044591426849365,205,512,512,512
5.5044591426849365,205,512,512,512
5.5044591426849365,205,512,512,512
5.5044591426849365,205,512,512,512
5.5044591426849365,205,512,512,512
5.5044591426849365,205,511,512,512
5.5103020668029785,205,511,512,513
5.5103020668029785,205,512,512,513
5.5103020668029785,205,512,512,512
5.5103020668029785,205,512,512,512
5.5103020668029785,205,512,512,512
5.5103020668029785,205,512,512,512
5.5103020668029785,205,512,512,512
5.5103020668029785,205,512,512,512
5.5103020668029785,205,512,512,512
5.5103020668029785,205,512,512,512
5.5103020668029785,205,512,512,512
5.52030873298645,205,512,512,512
5.52155327796936,205,512,512,512
5.521857976913452,205,512,512,512
5.521857976913452,205,512,512,512
5.521857976913452,205,512,512,512
5.521857976913452,205,512,512,512
5.526939153671265,205,511,512,512
5.526939153671265,205,511,512,513
5.526939153671265,205,511,512,513
5.526939153671265,205,511,512,513
5.526939153671265,205,511,512,513
5.526939153671265,205,512,512,513
5.526939153671265,204,512,512,513
5.526939153671265,204,513,512,513
5.526939153671265,205,513,512,513
5.526939153671265,204,514,512,512
5.526939153671265,204,514,512,512
5.526939153671265,205,514,512,512
5.5361387729644775,204,514,512,512
5.5361387729644775,204,513,512,512
5.5361387729644775,205,513,512,512
5.5361387729644775,205,513,512,512
5.5361387729644775,205,512,512,512
5.5361387729644775,205,512,512,512
5.5361387729644775,205,512,512,512
5.5361387729644775,205,511,512,512
5.543727159500122,204,511,512,512
5.543727159500122,204,512,512,512
5.543727159500122,204,511,512,512
5.543727159500122,204,512,512,512
5.543727159500122,205,512,512,512
5.543727159500122,204,512,512,512
5.543727159500122,204,512,512,512
5.543727159500122,204,512,512,512
5.543727159500122,204,512,512,512
5.551794528961182,204,512,512,512
5.551794528961182,205,512,512,512
5.551794528961182,205,512,512,512
5.551794528961182,205,512,512,512
5.551794528961182,205,512,512,512
5.551794528961182,205,512,512,512
5.551794528961182,205,512,512,512
5.551794528961182,205,512,512,512
5.551794528961182,205,512,512,512
5.551794528961182,205,512,512,512
5.551794528961182,205,512,512,512
5.551794528961182,205,511,512,512
5.551794528961182,205,512,512,512
5.551794528961182,205,512,512,512
5.551794528961182,205,512,512,512
5.551794528961182,205,512,512,512
5.551794528961182,205,512,512,512
5.551794528961182,205,512,512,512
5.567626237869263,205,512,512,512
5.567626237869263,205,512,512,512
5.567626237869263,205,512,512,512
5.567626237869263,205,511,512,512
5.571747779846191,205,512,512,512
5.572259426116943,205,512,512,512
5.572259426116943,205,511,512,512
5.572259426116943,205,512,512,512
5.572259426116943,205,512,512,512
5.572259426116943,205,512,512,512
5.572259426116943,205,512,512,512
5.572259426116943,205,512,512,512
5.572259426116943,205,512,512,512
5.572259426116943,205,512,512,512
5.572259426116943,205,512,512,512
5.572259426116943,205,512,512,512
5.572259426116943,205,511,512,512
5.572259426116943,205,512,512,512
5.583616733551025,205,512,512,512
5.583616733551025,205,512,512,512
5.583616733551025,205,512,512,512
5.583616733551025,205,512,512,512
5.583616733551025,205,512,512,512
5.583616733551025,205,512,512,512
5.583616733551025,205,512,512,512
5.589782238006592,205,512,512,512
5.590471506118774,205,512,512,512
5.590471506118774,205,512,512,512
5.590471506118774,205,512,512,512
5.590471506118774,205,512,512,512
5.590471506118774,205,511,512,512
5.590471506118774,205,511,512,512
5.590471506118774,205,512,512,512
5.590471506118774,205,512,512,512
5.590471506118774,205,512,512,512
5.590471506118774,205,512,512,512
5.599483489990234,205,512,512,512
5.599483489990234,205,512,512,512
5.599483489990234,205,512,512,512
5.599483489990234,205,512,512,512
5.599483489990234,205,512,512,512
5.599483489990234,205,512,512,512
5.599483489990234,205,512,512,512
5.599483489990234,205,512,512,512
5.599483489990234,205,512,512,512
5.599483489990234,205,512,512,512
5.599483489990234,205,512,512,512
5.599483489990234,205,512,512,512
5.599483489990234,205,512,512,512
5.610520601272583,205,512,512,512
5.610520601272583,205,512,512,512
5.610520601272583,205,511,512,513
5.610520601272583,205,512,512,513
5.610520601272583,205,512,512,512
5.615271091461182,205,512,512,512
5.616101503372192,205,512,512,512
5.616101503372192,205,512,512,512
5.616101503372192,205,512,512,512
5.616101503372192,205,512,512,512
5.616101503372192,205,512,512,512
5.616101503372192,205,512,512,512
5.616101503372192,205,512,512,512
5.616101503372192,205,512,512,512
5.616101503372192,205,512,512,512
5.616101503372192,205,512,512,512
5.616101503372192,205,512,512,512
5.616101503372192,205,512,512,512
5.626844644546509,205,512,512,512
5.626844644546509,205,511,512,512
5.626844644546509,204,511,512,512
5.626844644546509,204,511,512,513
5.626844644546509,204,511,512,513
5.6309614181518555,204,512,512,513
5.6309614181518555,205,512,512,513
5.6309614181518555,205,513,512,512
5.6309614181518555,205,513,512,512
5.6309614181518555,205,513,512,512
5.6309614181518555,205,514,512,512
5.6309614181518555,205,514,512,512
5.6309614181518555,205,513,512,512
5.6309614181518555,205,513,512,512
5.6309614181518555,205,512,512,512
5.6309614181518555,205,512,512,512
5.6309614181518555,205,511,512,512
5.6309614181518555,205,511,512,512
5.6309614181518555,204,511,512,512
5.6309614181518555,204,511,512,512
5.6309614181518555,204,511,512,512
5.6309614181518555,204,511,512,512
5.646836280822754,204,511,512,513
5.6478025913238525,204,512,512,513
5.6478025913238525,204,511,512,512
5.6478025913238525,204,512,512,513
5.6478025913238525,204,512,512,512
5.6478025913238525,205,512,512,512
5.6478025913238525,205,513,512,512
5.6478025913238525,205,513,512,512
5.6478025913238525,205,513,512,512
5.6478025913238525,205,512,512,512
5.6478025913238525,205,512,512,512
5.6478025913238525,205,512,512,512
5.6478025913238525,205,512,512,512
5.6478025913238525,205,511,512,512
5.6478025913238525,205,511,512,512
5.6478025913238525,205,511,512,513
5.6478025913238525,205,511,512,513
5.6478025913238525,205,512,512,513
5.6626691818237305,205,512,512,513
5.6626691818237305,205,512,512,513
5.6626691818237305,205,513,512,513
5.665609359741211,205,513,512,512
5.665609359741211,205,513,512,512
5.665609359741211,205,514,512,512
5.665609359741211,205,514,512,512
5.665609359741211,205,513,512,512
5.665609359741211,205,513,512,512
5.665609359741211,204,512,512,512
5.665609359741211,205,512,512,512
5.665609359741211,205,512,512,512
5.665609359741211,205,512,512,512
5.665609359741211,205,512,512,512
5.665609359741211,205,512,512,512
5.665609359741211,205,512,512,512
5.665609359741211,205,512,512,512
5.677194356918335,205,512,512,512
5.678757905960083,205,511,512,512
5.678757905960083,205,512,512,512
5.678757905960083,205,512,512,512
5.678757905960083,205,511,512,512
5.678757905960083,205,511,512,512
5.678757905960083,205,511,512,512
5.678757905960083,205,511,512,512
5.678757905960083,205,511,512,512
5.678757905960083,205,512,512,512
5.678757905960083,205,512,512,512
5.678757905960083,205,512,512,512
5.678757905960083,205,512,512,512
5.689283847808838,205,512,512,512
5.689283847808838,205,512,512,512
5.689283847808838,205,512,512,512
5.689283847808838,205,512,512,512
5.689283847808838,205,512,512,512
5.689283847808838,205,512,512,512
5.69480037689209,205,512,512,512
5.69480037689209,205,512,512,512
5.69480037689209,205,511,512,512
5.69480037689209,205,512,512,512
5.69480037689209,205,512,512,512
5.69480037689209,205,512,512,512
5.69480037689209,205,512,512,512
5.69480037689209,205,512,512,512
5.69480037689209,205,512,512,512
5.69480037689209,205,512,512,512
5.69480037689209,205,512,512,512
5.69480037689209,205,512,512,512
5.69480037689209,205,512,512,512
5.69480037689209,205,512,512,512
5.69480037689209,205,512,512,512
5.69480037689209,205,512,512,512
5.69480037689209,205,512,512,512
5.69480037689209,205,512,512,512
5.710533380508423,205,512,512,512
5.711768627166748,205,512,512,512
5.711768627166748,205,511,512,512
5.711768627166748,205,512,512,513
5.711768627166748,205,512,512,512
5.711768627166748,205,512,512,512
5.711768627166748,205,512,512,512
5.711768627166748,205,513,512,512
5.711768627166748,205,512,512,512
5.711768627166748,205,512,512,512
5.711768627166748,205,512,512,512
5.711768627166748,205,512,512,512
5.711768627166748,205,512,512,512
5.711768627166748,205,512,512,512
5.711768627166748,205,512,512,512
5.711768627166748,205,511,512,512
5.711768627166748,205,511,512,513
5.726319789886475,205,512,512,512
5.726319789886475,205,512,512,512
5.726319789886475,205,512,512,512
5.727739572525024,205,513,512,512
5.729346752166748,205,512,512,512
5.730439186096191,205,512,512,512
5.730439186096191,204,512,512,512
5.730439186096191,204,512,512,512
5.730439186096191,204,512,512,512
5.730439186096191,204,512,512,512
5.734472751617432,204,512,512,512
5.734472751617432,205,512,512,512
5.734472751617432,205,512,512,512
5.734472751617432,205,512,512,512
5.734472751617432,205,512,512,512
5.734472751617432,205,512,512,512
5.734472751617432,205,512,512,512
5.734472751617432,204,512,512,512
5.742962837219238,204,512,512,512
5.742962837219238,204,512,512,512
5.743950366973877,204,512,512,512
5.744558334350586,204,512,512,512
5.744558334350586,205,511,512,512
5.744558334350586,204,512,512,513
5.744558334350586,204,512,512,512
5.744558334350586,204,512,512,512
5.744558334350586,204,512,512,512
5.744558334350586,204,512,512,512
5.744558334350586,205,512,512,512
5.744558334350586,205,512,512,512
5.744558334350586,205,512,512,512
5.744558334350586,205,512,512,512
5.744558334350586,205,512,512,512
5.744558334350586,205,512,512,512
5.744558334350586,205,512,512,512
5.744558334350586,205,512,512,512
5.744558334350586,205,512,512,512
5.760721206665039,205,512,512,512
5.760721206665039,205,512,512,512
5.760721206665039,205,512,512,512
5.760721206665039,205,511,512,513
5.760721206665039,205,511,512,513
5.760721206665039,205,511,512,513
5.760721206665039,205,511,512,513
5.760721206665039,204,512,512,513
5.760721206665039,205,512,512,513
5.760721206665039,205,513,512,513
5.766920804977417,204,513,512,512
5.766920804977417,204,514,512,512
5.766920804977417,204,514,512,512
5.766920804977417,204,514,512,512
5.766920804977417,204,514,512,512
5.766920804977417,205,513,512,512
5.766920804977417,204,512,512,512
5.766920804977417,204,512,512,512
5.766920804977417,204,512,512,512
5.775386333465576,204,512,512,512
5.777408838272095,204,512,512,512
5.777408838272095,204,512,512,512
5.777408838272095,204,512,512,512
5.777408838272095,204,512,512,512
5.777408838272095,204,512,512,512
5.777408838272095,205,512,512,512
5.777408838272095,205,512,512,512
5.777408838272095,205,512,512,512
5.783415079116821,204,512,512,512
5.783415079116821,204,512,512,512
5.783415079116821,204,512,512,512
5.783415079116821,204,512,512,512
5.783415079116821,205,512,512,512
5.783415079116821,205,512,512,512
5.783415079116821,205,512,512,512
5.789285898208618,205,512,512,512
5.789285898208618,205,512,512,512
5.789285898208618,205,512,512,512
5.7936320304870605,205,512,512,512
5.7936320304870605,205,512,512,512
5.7936320304870605,205,512,512,512
5.7936320304870605,205,512,512,512
5.7936320304870605,205,512,512,512
5.7936320304870605,205,512,512,512
5.7936320304870605,205,512,512,512
5.7936320304870605,205,512,512,512
5.7936320304870605,205,512,512,512
5.799663782119751,205,512,512,512
5.799663782119751,205,512,512,512
5.799663782119751,205,512,512,512
5.799663782119751,205,512,512,512
5.799663782119751,205,512,512,512
5.799663782119751,205,512,512,512
5.799663782119751,205,511,512,512
5.799663782119751,205,511,512,512
5.799663782119751,205,512,512,512
5.799663782119751,205,512,512,512
5.799663782119751,205,511,512,512
5.799663782119751,205,512,512,512
5.799663782119751,205,512,512,512
5.799663782119751,205,512,512,512
5.799663782119751,205,512,512,512
5.799663782119751,205,512,512,512
5.799663782119751,205,512,512,512
5.799663782119751,205,512,512,512
5.815551996231079,205,512,512,512
5.815551996231079,205,512,512,512
5.815551996231079,205,512,512,512
5.815551996231079,205,512,512,512
5.815551996231079,205,512,512,512
5.815551996231079,205,512,512,512
5.815551996231079,205,512,512,512
5.815551996231079,205,512,512,512
5.815551996231079,205,512,512,512
5.815551996231079,205,512,512,512
5.815551996231079,205,512,512,512
5.815551996231079,205,512,512,512
5.815551996231079,205,512,512,512
5.815551996231079,205,512,512,512
5.815551996231079,205,512,512,512
5.815551996231079,205,511,512,512
5.815551996231079,205,511,512,512
5.815551996231079,205,512,512,512
5.832220792770386,205,512,512,512
5.832722425460815,205,512,512,512
5.832722425460815,205,512,512,512
5.832722425460815,205,512,512,512
5.832722425460815,205,512,512,512
5.832722425460815,205,512,512,512
5.832722425460815,205,512,512,512
5.832722425460815,205,512,512,512
5.832722425460815,205,512,512,512
5.832722425460815,205,512,512,512
5.832722425460815,205,512,512,512
5.832722425460815,205,512,512,512
5.832722425460815,205,512,512,512
5.843466520309448,205,512,512,512
5.843466520309448,205,511,512,512
5.843466520309448,205,511,512,512
5.843466520309448,205,511,512,513
5.846966981887817,205,511,512,513
5.846966981887817,204,511,512,513
5.846966981887817,204,512,512,513
5.846966981887817,204,512,512,513
5.846966981887817,204,513,512,513
5.846966981887817,204,513,512,512
5.846966981887817,204,514,512,512
5.846966981887817,204,514,512,512
5.846966981887817,204,513,512,512
5.846966981887817,205,513,512,512
5.846966981887817,205,513,512,512
5.846966981887817,205,512,512,512
5.846966981887817,205,512,512,512
5.846966981887817,205,512,512,512
5.846966981887817,204,512,512,512
5.846966981887817,204,512,512,512
5.846966981887817,204,512,512,512
5.862719535827637,204,511,512,512
5.862719535827637,204,511,512,512
5.8643834590911865,204,511,512,512
5.8643834590911865,204,512,512,512
5.8643834590911865,204,512,512,512
5.8643834590911865,204,512,512,512
5.8643834590911865,204,513,512,512
5.8643834590911865,204,512,512,512
5.8643834590911865,204,512,512,512
5.8643834590911865,204,512,512,512
5.8643834590911865,204,512,512,512
5.8643834590911865,204,512,512,512
5.8643834590911865,204,512,512,512
5.8643834590911865,204,512,512,512
5.8643834590911865,204,512,512,512
5.8643834590911865,205,512,512,512
5.8643834590911865,205,512,512,512
5.876805782318115,204,511,512,512
5.876805782318115,204,511,512,512
5.878547668457031,204,511,512,512
5.878547668457031,204,512,512,512
5.878547668457031,204,512,512,512
5.878547668457031,204,512,512,512
5.878547668457031,204,512,512,512
5.878547668457031,204,512,512,512
5.878547668457031,204,512,512,512
5.878547668457031,204,513,512,512
5.878547668457031,204,513,512,512
5.878547668457031,204,512,512,512
5.878547668457031,204,512,512,512
5.878547668457031,204,512,512,512
5.889474630355835,204,512,512,512
5.889474630355835,204,512,512,512
5.889474630355835,204,512,512,512
5.889474630355835,204,512,512,512
5.893502473831177,204,512,512,512
5.894517183303833,204,512,512,512
5.894517183303833,204,512,512,512
5.896497011184692,204,512,512,512
5.8968775272369385,204,512,512,512
5.8968775272369385,204,512,512,512
5.8968775272369385,204,512,512,512
5.8968775272369385,204,512,512,512
5.8968775272369385,204,512,512,512
5.8968775272369385,204,512,512,512
5.8968775272369385,204,512,512,512
5.902828931808472,204,512,512,512
5.902828931808472,204,512,512,512
5.902828931808472,204,512,512,512
5.902828931808472,204,512,512,512
5.902828931808472,204,512,512,512
5.902828931808472,204,512,512,512
5.902828931808472,205,512,512,512
5.910400390625,205,512,512,512
5.910400390625,205,512,512,512
5.910400390625,205,512,512,512
5.911092281341553,205,512,512,512
5.911092281341553,204,512,512,512
5.911092281341553,204,512,512,512
5.911092281341553,204,512,512,512
5.911092281341553,204,512,512,512
5.911092281341553,204,512,512,512
5.911092281341553,204,512,512,512
5.911092281341553,204,512,512,512
5.918960809707642,205,512,512,512
5.920012474060059,205,512,512,512
5.9205474853515625,205,512,512,512
5.9205474853515625,205,512,512,512
5.9205474853515625,205,512,512,512
5.9205474853515625,205,512,512,512
5.9205474853515625,205,512,512,512
5.926769256591797,205,512,512,512
5.927408218383789,205,512,512,512
5.927408218383789,205,512,512,512
5.927408218383789,205,512,512,512
5.927408218383789,205,512,512,512
5.927408218383789,205,512,512,512
5.927408218383789,205,512,512,512
5.927408218383789,205,512,512,512
5.927408218383789,205,512,512,512
5.927408218383789,205,512,512,512
5.927408218383789,205,513,512,512
5.927408218383789,204,512,512,512
5.927408218383789,204,512,512,512
5.927408218383789,204,512,512,512
5.927408218383789,204,512,512,512
5.927408218383789,204,512,512,512
5.927408218383789,205,512,512,512
5.927408218383789,205,512,512,512
5.927408218383789,205,512,512,512
5.943634033203125,205,512,512,512
5.944164991378784,205,512,512,512
5.944164991378784,204,512,512,512
5.944164991378784,204,512,512,512
5.944164991378784,204,512,512,512
5.944164991378784,205,512,512,512
5.944164991378784,204,512,512,512
5.944164991378784,204,512,512,512
5.944164991378784,204,512,512,512
5.944164991378784,204,512,512,512
5.944164991378784,204,512,512,512
5.944164991378784,204,512,512,512
5.944164991378784,204,513,512,512
5.944164991378784,204,513,512,512
5.944164991378784,204,512,512,512
5.944164991378784,204,512,512,512
5.944164991378784,204,512,512,512
5.944164991378784,204,512,512,512
5.944164991378784,205,512,512,512
5.958307504653931,204,512,512,512
5.958307504653931,204,511,512,512
5.958307504653931,204,511,512,512
5.958307504653931,204,511,512,512
5.958307504653931,204,512,512,512
5.958307504653931,204,512,512,512
5.958307504653931,204,512,512,512
5.958307504653931,204,512,512,512
5.958307504653931,204,512,512,512
5.958307504653931,204,512,512,512
5.958307504653931,204,512,512,512
5.958307504653931,204,512,512,512
5.958307504653931,204,512,512,512
5.958307504653931,204,512,512,512
5.958307504653931,204,512,512,512
5.958307504653931,204,512,512,512
5.958307504653931,204,512,512,512
5.958307504653931,204,512,512,512
5.974139213562012,204,512,512,512
5.974139213562012,204,512,512,512
5.974139213562012,204,512,512,512
5.977034568786621,204,512,512,512
5.977034568786621,204,512,512,512
5.977034568786621,204,512,512,512
5.977034568786621,204,512,512,512
5.977034568786621,204,512,512,512
5.977034568786621,205,512,512,512
5.977034568786621,205,512,512,512
5.977034568786621,205,512,512,512
5.977034568786621,205,512,512,512
5.977034568786621,205,512,512,512
5.977034568786621,205,512,512,512
5.977034568786621,205,512,512,512
5.977034568786621,205,512,512,512
5.977034568786621,205,513,512,512
5.989669322967529,205,512,512,512
5.989669322967529,205,512,512,512
5.989669322967529,205,512,512,512
5.989669322967529,204,512,512,512
5.989669322967529,205,512,512,512
5.993551731109619,205,512,512,512
5.993551731109619,205,512,512,512
5.99556303024292,205,512,512,512
5.99556303024292,205,512,512,512
5.997571706771851,205,512,512,512
5.997571706771851,205,511,512,512
5.997571706771851,205,512,512,512
5.997571706771851,205,512,512,512
5.997571706771851,204,512,512,512
5.997571706771851,204,512,512,512
5.997571706771851,204,512,512,512
5.997571706771851,204,512,512,512
5.997571706771851,204,512,512,512
6.005585193634033,204,513,512,512
6.005585193634033,204,513,512,512
6.005585193634033,204,512,512,512
6.005585193634033,204,512,512,512
6.005585193634033,204,512,512,512
6.005585193634033,205,512,512,512
6.010735750198364,205,512,512,512
6.0112457275390625,205,512,512,512
6.0112457275390625,204,512,512,512
6.013257026672363,204,512,512,512
6.013257026672363,204,512,512,512
6.015265941619873,204,512,512,512
6.015265941619873,205,512,512,512
6.015265941619873,205,512,512,512
6.017777442932129,204,512,512,512
6.017777442932129,204,512,512,512
6.017777442932129,204,512,512,512
6.017777442932129,204,512,512,512
6.021334171295166,204,512,512,512
6.022339344024658,205,512,512,512
6.023004531860352,205,512,512,512
6.023004531860352,205,512,512,512
6.023004531860352,205,512,512,512
6.023004531860352,205,512,512,512
6.023004531860352,204,512,512,512
6.026907205581665,204,512,512,512
6.026907205581665,204,512,512,512
6.026907205581665,204,512,512,512
6.026907205581665,204,512,512,512
6.026907205581665,204,512,512,512
6.026907205581665,204,512,512,512
6.026907205581665,204,512,512,512
6.026907205581665,204,512,512,512
6.026907205581665,204,512,512,512
6.026907205581665,204,512,512,512
6.026907205581665,205,513,512,512
6.037170648574829,205,512,512,512
6.037170648574829,205,512,512,512
6.037170648574829,205,512,512,512
6.037170648574829,205,512,512,512
6.037170648574829,205,512,512,512
6.037170648574829,205,512,512,512
6.037170648574829,205,512,512,512
6.037170648574829,205,512,512,512
6.037170648574829,205,512,512,512
6.037170648574829,205,512,512,512
6.037170648574829,205,512,512,512
6.037170648574829,205,512,512,512
6.037170648574829,204,512,512,512
6.037170648574829,204,512,512,512
6.037170648574829,204,512,512,512
6.037170648574829,204,512,512,512
6.037170648574829,204,512,512,512
6.037170648574829,204,512,512,512
6.052895784378052,204,512,512,512
6.053945541381836,204,512,512,512
6.054971694946289,205,512,512,512
6.054971694946289,205,512,512,512
6.054971694946289,205,512,512,512
6.054971694946289,205,512,512,512
6.054971694946289,205,512,512,512
6.054971694946289,205,512,512,512
6.054971694946289,205,512,512,512
6.060165882110596,205,512,512,512
6.060165882110596,205,512,512,512
6.060165882110596,205,512,512,512
6.060165882110596,204,512,512,512
6.060165882110596,204,512,512,512
6.060165882110596,204,512,512,512
6.060165882110596,204,512,512,512
6.060165882110596,204,512,512,512
6.060165882110596,204,512,512,512
6.0685529708862305,204,512,512,512
6.0685529708862305,204,512,512,512
6.0685529708862305,204,512,512,512
6.0685529708862305,204,512,512,512
6.0685529708862305,204,512,512,512
6.0685529708862305,204,512,512,512
6.0685529708862305,205,512,512,512
6.0685529708862305,205,512,512,512
6.076932430267334,205,512,512,512
6.076932430267334,205,512,512,512
6.077642917633057,205,512,512,512
6.077642917633057,205,512,512,512
6.077642917633057,205,512,512,512
6.077642917633057,205,511,512,512
6.077642917633057,205,511,512,512
6.077642917633057,205,511,512,512
6.077642917633057,204,511,512,512
6.077642917633057,204,512,512,512
6.084407091140747,204,512,512,512
6.085691690444946,204,512,512,512
6.086739778518677,204,512,512,512
6.086739778518677,204,512,512,512
6.086739778518677,204,512,512,512
6.086739778518677,204,512,512,512
6.089894533157349,205,512,512,512
6.089894533157349,205,512,512,512
6.089894533157349,205,512,512,512
6.089894533157349,204,512,512,512
6.093643426895142,204,512,512,512
6.093643426895142,204,512,512,512
6.093643426895142,204,512,512,512
6.093643426895142,204,512,512,512
6.093643426895142,204,512,512,512
6.093643426895142,204,512,512,512
6.093643426895142,204,512,512,512
6.093643426895142,204,512,512,512
6.100075960159302,204,512,512,512
6.100075960159302,204,512,512,512
6.100075960159302,204,512,512,512
6.100075960159302,204,513,512,512
6.100075960159302,205,512,512,512
6.100075960159302,204,512,512,512
6.100075960159302,204,512,512,512
6.100075960159302,204,512,512,512
6.100075960159302,204,512,512,512
6.100075960159302,204,512,512,512
6.100075960159302,205,512,512,512
6.110365629196167,205,512,512,512
6.110365629196167,205,512,512,512
6.110365629196167,205,512,512,512
6.110365629196167,205,511,512,512
6.110365629196167,205,511,512,512
6.110365629196167,204,512,512,512
6.115929126739502,204,512,512,512
6.116767883300781,204,512,512,512
6.117546319961548,204,512,512,512
6.117546319961548,204,512,512,512
6.117546319961548,204,512,512,512
6.117546319961548,204,513,512,512
6.117546319961548,205,513,512,512
6.117546319961548,205,513,512,512
6.117546319961548,205,512,512,512
6.117546319961548,205,512,512,512
6.117546319961548,205,512,512,512
6.117546319961548,205,512,512,512
6.117546319961548,205,512,512,512
6.117546319961548,205,512,512,512
6.117546319961548,205,512,512,512
6.117546319961548,205,512,512,512
6.117546319961548,205,512,512,512
6.117546319961548,205,512,512,512
6.117546319961548,205,512,512,512
6.13203239440918,205,512,512,512
6.13203239440918,205,512,512,512
6.13203239440918,204,512,512,512
6.13203239440918,204,512,512,512
6.13203239440918,204,512,512,512
6.13203239440918,204,512,512,512
6.13203239440918,204,512,512,512
6.13203239440918,205,512,512,512
6.13203239440918,205,512,512,512
6.13203239440918,205,512,512,512
6.13203239440918,205,512,512,512
6.13203239440918,205,512,512,512
6.13203239440918,205,512,512,512
6.13203239440918,204,512,512,512
6.13203239440918,204,512,512,512
6.13203239440918,204,512,512,512
6.13203239440918,204,512,512,512
6.13203239440918,204,512,512,512
6.1479387283325195,204,512,512,512
6.149106502532959,205,512,512,512
6.1499342918396,205,512,512,512
6.1499342918396,205,513,512,512
6.1499342918396,205,513,512,512
6.1499342918396,204,512,512,512
6.1499342918396,204,512,512,512
6.1499342918396,204,512,512,512
6.1499342918396,205,512,512,512
6.1499342918396,205,512,512,512
6.1499342918396,205,512,512,512
6.1499342918396,205,512,512,512
6.1499342918396,205,512,512,512
6.1499342918396,205,512,512,512
6.1499342918396,205,512,512,512
6.1499342918396,205,512,512,512
6.1499342918396,205,512,512,512
6.1499342918396,205,512,512,512
6.163645505905151,205,512,512,512
6.163645505905151,205,512,512,512
6.163645505905151,205,512,512,512
6.163645505905151,204,512,512,512
6.163645505905151,204,512,512,512
6.163645505905151,204,512,512,512
6.163645505905151,204,513,512,512
6.163645505905151,204,512,512,512
6.163645505905151,204,512,512,512
6.163645505905151,204,512,512,512
6.163645505905151,204,512,512,512
6.163645505905151,204,512,512,512
6.163645505905151,204,512,512,512
6.163645505905151,204,512,512,512
6.163645505905151,204,512,512,512
6.177090167999268,204,512,512,512
6.177090167999268,204,512,512,512
6.179335594177246,204,512,512,512
6.179335594177246,204,512,512,512
6.179335594177246,204,512,512,512
6.179335594177246,204,512,512,512
6.179335594177246,204,512,512,512
6.179335594177246,204,512,512,512
6.179335594177246,204,512,512,512
6.179335594177246,204,512,512,512
6.179335594177246,204,512,512,512
6.179335594177246,204,512,512,512
6.179335594177246,204,512,512,512
6.179335594177246,204,512,512,512
6.179335594177246,204,512,512,512
6.1903486251831055,204,512,512,512
6.1903486251831055,204,512,512,512
6.193784713745117,205,512,512,512
6.193784713745117,205,512,512,512
6.193784713745117,204,512,512,512
6.195316791534424,204,512,512,512
6.195316791534424,204,511,512,512
6.195316791534424,204,511,512,512
6.195316791534424,204,511,512,512
6.195316791534424,204,512,512,512
6.195316791534424,204,512,512,512
6.195316791534424,205,512,512,512
6.195316791534424,204,512,512,512
6.195316791534424,204,512,512,512
6.195316791534424,204,512,512,512
6.195316791534424,204,512,512,512
6.195316791534424,204,512,512,512
6.195316791534424,204,512,512,512
6.195316791534424,204,512,512,512
6.195316791534424,204,512,512,512
6.195316791534424,204,512,512,512
6.195316791534424,204,512,512,512
6.195316791534424,204,512,512,512
6.211196184158325,204,512,512,512
6.211196184158325,204,512,512,512
6.211196184158325,204,512,512,512
6.211196184158325,204,512,512,512
6.211196184158325,204,512,512,512
6.211196184158325,204,512,512,512
6.211196184158325,204,512,512,512
6.211196184158325,204,512,512,512
6.211196184158325,204,512,512,512
6.211196184158325,204,512,512,512
6.211196184158325,204,512,512,512
6.211196184158325,204,512,512,512
6.211196184158325,204,512,512,512
6.211196184158325,204,512,512,512
6.211196184158325,205,512,512,512
6.211196184158325,205,512,512,512
6.211196184158325,205,512,512,512
6.211196184158325,205,512,512,512
6.2270190715789795,204,512,512,512
6.227805852890015,204,511,512,512
6.2286224365234375,204,512,512,512
6.229604721069336,205,512,512,512
6.230562210083008,205,512,512,512
6.230562210083008,205,512,512,512
6.230562210083008,205,512,512,512
6.230562210083008,205,512,512,512
6.230562210083008,205,512,512,512
6.235129117965698,205,512,512,512
6.235129117965698,204,512,512,512
6.235129117965698,204,512,512,512
6.235129117965698,204,512,512,512
6.235129117965698,204,512,512,512
6.235129117965698,204,512,512,512
6.235129117965698,204,512,512,512
6.235129117965698,204,512,512,512
6.243178367614746,204,512,512,512
6.243178367614746,205,512,512,512
6.243178367614746,204,512,512,512
6.244163990020752,204,512,512,512
6.24468731880188,204,512,512,512
6.24468731880188,204,512,512,512
6.24468731880188,204,512,512,512
6.24468731880188,204,512,512,512
6.24468731880188,204,512,512,512
6.24468731880188,204,512,512,512
6.24468731880188,204,512,512,512
6.251764535903931,204,512,512,512
6.251998424530029,204,512,512,512
6.251998424530029,205,513,512,512
6.251998424530029,204,512,512,512
6.251998424530029,204,512,512,512
6.251998424530029,204,512,512,512
6.251998424530029,204,512,512,512
6.251998424530029,204,512,512,512
6.259526252746582,205,512,512,512
6.259526252746582,205,512,512,512
6.259526252746582,205,512,512,512
6.261244058609009,205,511,512,512
6.261244058609009,205,512,512,512
6.261244058609009,205,512,512,512
6.261244058609009,205,512,512,512
6.261244058609009,205,512,512,512
6.261244058609009,205,512,512,512
6.261244058609009,205,512,512,512
6.261244058609009,205,512,512,512
6.268366098403931,205,512,512,512
6.268366098403931,204,512,512,512
6.268366098403931,204,512,512,512
6.268366098403931,204,512,512,512
6.268366098403931,204,512,512,512
6.268366098403931,204,512,512,512
6.268366098403931,204,512,512,512
6.268366098403931,204,512,512,512
6.275770664215088,204,512,512,512
6.275770664215088,204,512,512,512
6.27750563621521,205,512,512,512
6.27750563621521,204,512,512,512
6.27750563621521,204,512,512,512
6.27750563621521,204,512,512,512
6.27750563621521,204,512,512,512
6.27750563621521,204,512,512,512
6.27750563621521,204,512,512,512
6.27750563621521,204,512,512,512
6.27750563621521,204,512,512,512
6.27750563621521,204,512,512,512
6.27750563621521,204,512,512,512
6.27750563621521,204,512,512,512
6.27750563621521,204,512,512,512
6.27750563621521,204,512,512,512
6.27750563621521,204,513,512,512
6.290297508239746,204,512,512,512
6.290297508239746,204,512,512,512
6.293920993804932,204,512,512,512
6.293920993804932,205,512,512,512
6.293920993804932,205,512,512,512
6.2946367263793945,205,512,512,512
6.2946367263793945,205,512,512,512
6.2946367263793945,204,512,512,512
6.2946367263793945,204,512,512,512
6.2946367263793945,205,512,512,512
6.2946367263793945,205,512,512,512
6.2946367263793945,204,512,512,512
6.2946367263793945,205,512,512,512
6.2946367263793945,204,513,512,512
6.2946367263793945,204,513,512,512
6.2946367263793945,204,512,512,511
6.2946367263793945,204,513,512,512
6.2946367263793945,205,512,512,512
6.2946367263793945,205,511,512,512
6.2946367263793945,205,511,512,512
6.307777643203735,205,511,512,512
6.310397624969482,205,511,512,512
6.310397624969482,205,511,512,512
6.310854911804199,205,511,512,512
6.3120622634887695,205,511,512,512
6.3120622634887695,205,511,512,512
6.3120622634887695,205,512,512,512
6.3120622634887695,205,512,512,512
6.3120622634887695,205,512,512,512
6.315824747085571,205,512,512,512
6.315824747085571,205,512,512,512
6.315824747085571,205,512,512,512
6.315824747085571,205,512,512,512
6.315824747085571,205,512,512,512
6.315824747085571,205,512,512,512
6.315824747085571,205,512,512,512
6.315824747085571,205,512,512,512
6.315824747085571,205,512,512,512
6.324039936065674,205,512,512,512
6.327104091644287,205,512,512,512
6.327104091644287,205,512,512,512
6.327104091644287,205,512,512,512
6.327677965164185,205,512,512,512
6.327677965164185,205,512,512,512
6.327677965164185,205,512,512,512
6.327677965164185,205,511,512,512
6.327677965164185,205,512,512,512
6.332059860229492,205,512,512,512
6.332059860229492,205,512,512,512
6.332059860229492,205,512,512,512
6.332059860229492,205,512,512,512
6.332059860229492,205,512,512,512
6.332059860229492,205,512,512,512
6.332059860229492,205,512,512,512
6.332059860229492,205,512,512,512
6.332059860229492,205,512,512,512
6.340208292007446,205,512,512,512
6.340208292007446,205,512,512,512
6.343773603439331,205,511,512,512
6.343773603439331,205,511,512,512
6.343773603439331,205,512,512,512
6.343773603439331,205,512,512,512
6.344912052154541,205,512,512,512
6.344912052154541,205,512,512,512
6.344912052154541,205,511,512,513
6.344912052154541,205,511,512,513
6.34869122505188,205,511,512,513
6.34869122505188,205,512,512,513
6.34869122505188,205,512,512,513
6.34869122505188,205,512,512,513
6.34869122505188,205,513,512,512
6.34869122505188,205,513,512,512
6.34869122505188,205,514,512,512
6.34869122505188,205,514,512,512
6.34869122505188,205,513,512,512
6.34869122505188,205,513,512,512
6.34869122505188,205,512,512,512
6.34869122505188,205,512,512,512
6.34869122505188,205,512,512,512
6.34869122505188,205,511,512,512
6.34869122505188,205,511,512,512
6.34869122505188,205,512,512,512
6.34869122505188,205,511,512,512
6.36417818069458,205,512,512,512
6.365438222885132,205,512,512,512
6.3662590980529785,205,511,512,512
6.3662590980529785,204,511,512,512
6.3662590980529785,204,512,512,512
6.3662590980529785,204,512,512,512
6.3662590980529785,204,512,512,512
6.3662590980529785,205,512,512,512
6.3662590980529785,205,512,512,512
6.3662590980529785,205,512,512,512
6.3662590980529785,205,512,512,512
6.3662590980529785,205,512,512,512
6.3662590980529785,205,512,512,512
6.3662590980529785,205,511,512,512
6.3769447803497314,205,511,512,512
6.3769447803497314,205,511,512,513
6.3769447803497314,205,511,512,513
6.379900932312012,204,512,512,513
6.379900932312012,204,512,512,513
6.380915403366089,204,512,512,513
6.380915403366089,204,513,512,512
6.380915403366089,204,513,512,512
6.380915403366089,205,514,512,512
6.380915403366089,205,514,512,512
6.380915403366089,205,514,512,512
6.380915403366089,205,513,512,512
6.380915403366089,204,513,512,512
6.388751268386841,204,512,512,512
6.388926029205322,204,512,512,512
6.3904430866241455,204,511,512,512
6.3904430866241455,204,511,512,512
6.3904430866241455,204,511,512,512
6.393700361251831,204,511,512,512
6.393700361251831,204,511,512,512
6.39453911781311,204,511,512,512
6.39453911781311,204,512,512,512
6.396237134933472,204,512,512,512
6.396237134933472,204,512,512,512
6.396237134933472,204,512,512,512
6.396237134933472,204,512,512,512
6.396237134933472,204,512,512,512
6.396237134933472,204,512,512,512
6.396237134933472,204,512,512,512
6.396237134933472,204,512,512,512
6.396237134933472,204,512,512,512
6.404484748840332,204,512,512,512
6.404484748840332,204,512,512,512
6.404484748840332,204,512,512,512
6.404484748840332,204,512,512,512
6.404484748840332,204,512,512,512
6.410088777542114,204,512,512,512
6.4105565547943115,204,512,512,512
6.4105565547943115,204,512,512,512
6.411993980407715,204,512,512,512
6.412403106689453,204,511,512,513
6.412403106689453,204,511,512,513
6.412403106689453,204,511,512,513
6.412403106689453,205,512,512,513
6.412403106689453,205,512,512,513
6.412403106689453,205,513,512,513
6.412403106689453,205,513,512,512
6.412403106689453,205,513,512,512
6.412403106689453,205,514,512,512
6.420361757278442,205,513,512,512
6.420361757278442,205,513,512,512
6.420361757278442,205,513,512,512
6.420361757278442,205,512,512,512
6.420361757278442,205,512,512,512
6.420361757278442,205,512,512,512
6.427076816558838,205,512,512,512
6.427076816558838,205,512,512,512
6.427076816558838,205,512,512,512
6.427076816558838,205,512,512,512
6.427076816558838,205,511,512,512
6.427076816558838,205,511,512,512
6.427076816558838,205,511,512,512
6.427076816558838,205,511,512,512
6.427076816558838,205,511,512,512
6.427076816558838,205,512,512,512
6.427076816558838,205,512,512,512
6.427076816558838,205,512,512,512
6.436426639556885,205,512,512,512
6.436426639556885,205,512,512,512
6.436426639556885,205,512,512,512
6.436426639556885,205,512,512,512
6.436426639556885,205,512,512,512
6.436426639556885,205,512,512,512
6.443578004837036,205,512,512,512
6.443578004837036,205,512,512,512
6.443578004837036,205,512,512,512
6.443578004837036,205,511,512,512
6.443578004837036,205,511,512,513
6.443578004837036,205,512,512,512
6.443578004837036,205,512,512,512
6.443578004837036,205,512,512,512
6.443578004837036,205,512,512,512
6.443578004837036,205,512,512,512
6.443578004837036,205,512,512,512
6.45209002494812,205,512,512,512
6.45209002494812,205,512,512,512
6.45209002494812,205,512,512,512
6.45209002494812,205,512,512,512
6.45209002494812,205,512,512,512
6.45209002494812,205,511,512,512
6.45209002494812,205,511,512,512
6.45209002494812,205,512,512,513
6.45209002494812,205,512,512,512
6.45209002494812,205,512,512,512
6.45209002494812,205,512,512,512
6.45209002494812,205,512,512,512
6.45209002494812,205,512,512,512
6.45209002494812,205,512,512,512
6.45209002494812,205,512,512,512
6.45209002494812,205,512,512,512
6.45209002494812,205,512,512,512
6.45209002494812,205,512,512,512
6.45209002494812,205,512,512,512
6.468732595443726,205,512,512,512
6.469149112701416,205,512,512,512
6.469149112701416,205,512,512,512
6.469149112701416,205,512,512,512
6.469149112701416,205,512,512,512
6.469149112701416,205,511,512,512
6.469149112701416,205,512,512,513
6.469149112701416,205,512,512,513
6.469149112701416,205,512,512,513
6.469149112701416,204,513,512,513
6.476933717727661,204,513,512,512
6.476933717727661,205,513,512,512
6.476933717727661,205,513,512,512
6.476933717727661,205,513,512,512
6.476933717727661,205,513,512,512
6.476933717727661,205,513,512,512
6.476933717727661,205,513,512,512
6.483505487442017,205,512,512,512
6.483505487442017,204,512,512,512
6.483505487442017,204,512,512,512
6.483505487442017,204,512,512,512
6.483505487442017,204,512,512,512
6.483505487442017,204,512,512,512
6.483505487442017,204,512,512,512
6.483505487442017,204,512,512,512
6.490763187408447,204,512,512,512
6.490763187408447,204,512,512,512
6.490763187408447,204,512,512,512
6.490763187408447,205,512,512,512
6.490763187408447,205,512,512,512
6.490763187408447,205,512,512,512
6.490763187408447,204,511,512,512
6.490763187408447,204,511,512,512
6.490763187408447,204,512,512,512
6.490763187408447,204,512,512,512
6.49939489364624,204,512,512,512
6.49939489364624,204,512,512,512
6.49939489364624,205,512,512,512
6.49939489364624,205,512,512,512
6.49939489364624,205,512,512,512
6.49939489364624,205,512,512,512
6.49939489364624,205,512,512,512
6.49939489364624,205,512,512,512
6.49939489364624,205,512,512,512
6.49939489364624,205,512,512,512
6.49939489364624,205,512,512,512
6.49939489364624,205,512,512,512
6.49939489364624,205,511,512,512
6.49939489364624,205,511,512,512
6.49939489364624,205,511,512,512
6.49939489364624,204,512,512,512
6.49939489364624,204,512,512,512
6.49939489364624,204,511,512,512
6.5150651931762695,204,512,512,512
6.5150651931762695,204,512,512,512
6.517560005187988,205,512,512,512
6.518048048019409,205,512,512,512
6.518048048019409,205,512,512,512
6.518048048019409,205,512,512,512
6.518048048019409,205,512,512,512
6.518048048019409,205,512,512,512
6.518048048019409,205,512,512,512
6.518048048019409,205,512,512,512
6.518048048019409,205,512,512,512
6.518048048019409,205,512,512,512
6.518048048019409,205,512,512,512
6.518048048019409,205,512,512,512
6.526970624923706,205,512,512,512
6.526970624923706,205,512,512,512
6.526970624923706,205,512,512,512
6.526970624923706,205,512,512,512
6.530713081359863,205,512,512,512
6.530713081359863,205,512,512,512
6.530713081359863,205,512,512,512
6.530713081359863,205,512,512,512
6.530713081359863,205,512,512,512
6.530713081359863,205,512,512,512
6.530713081359863,205,512,512,512
6.530713081359863,205,512,512,512
6.530713081359863,205,512,512,512
6.530713081359863,205,512,512,512
6.530713081359863,205,512,512,512
6.530713081359863,205,512,512,512
6.530713081359863,205,512,512,512
6.530713081359863,205,512,512,512
6.530713081359863,205,511,512,512
6.530713081359863,205,511,512,513
6.530713081359863,205,511,512,513
6.546583890914917,205,511,512,513
6.547790050506592,205,511,512,513
6.54809045791626,205,512,512,513
6.54809045791626,205,513,512,512
6.54809045791626,205,513,512,512
6.54809045791626,205,514,512,512
6.54809045791626,205,514,512,512
6.54809045791626,205,514,512,512
6.54809045791626,205,513,512,512
6.54809045791626,205,513,512,512
6.54809045791626,205,513,512,512
6.54809045791626,205,512,512,512
6.54809045791626,205,512,512,512
6.54809045791626,205,512,512,512
6.560318231582642,205,511,512,512
6.560318231582642,205,511,512,512
6.560318231582642,205,512,512,512
6.560318231582642,205,512,512,512
6.562351703643799,205,511,512,512
6.562351703643799,205,511,512,512
6.562351703643799,205,512,512,512
6.562351703643799,205,512,512,512
6.562351703643799,204,512,512,512
6.562351703643799,204,512,512,512
6.562351703643799,204,512,512,512
6.562351703643799,204,512,512,512
6.562351703643799,204,512,512,512
6.562351703643799,204,512,512,512
6.562351703643799,205,512,512,512
6.562351703643799,205,512,512,512
6.562351703643799,205,512,512,512
6.562351703643799,205,512,512,512
6.562351703643799,205,512,512,512
6.562351703643799,205,512,512,512
6.562351703643799,205,512,512,512
6.576972246170044,204,512,512,512
6.5784876346588135,204,512,512,512
6.5784876346588135,204,512,512,512
6.5784876346588135,204,512,512,512
6.581588268280029,204,512,512,512
6.581588268280029,204,512,512,512
6.581588268280029,204,512,512,512
6.581588268280029,204,512,512,512
6.581588268280029,204,512,512,512
6.581588268280029,205,512,512,512
6.581588268280029,204,512,512,512
6.581588268280029,204,512,512,512
6.581588268280029,204,512,512,512
6.581588268280029,204,512,512,512
6.581588268280029,204,512,512,512
6.5908849239349365,204,512,512,512
6.5908849239349365,204,512,512,512
6.593645095825195,204,512,512,512
6.593645095825195,204,512,512,512
6.5948569774627686,204,512,512,512
6.595517873764038,204,511,512,512
6.595911026000977,204,511,512,512
6.595911026000977,204,512,512,512
6.595911026000977,204,512,512,512
6.595911026000977,204,512,512,512
6.595911026000977,204,512,512,512
6.595911026000977,204,512,512,512
6.595911026000977,205,512,512,512
6.595911026000977,205,512,512,512
6.595911026000977,205,512,512,512
6.595911026000977,205,512,512,512
6.595911026000977,205,512,512,512
6.595911026000977,205,512,512,512
6.595911026000977,205,512,512,512
6.595911026000977,205,512,512,512
6.6096296310424805,205,512,512,512
6.6096296310424805,205,512,512,512
6.6096296310424805,205,512,512,512
6.6096296310424805,205,512,512,512
6.6096296310424805,205,512,512,512
6.6096296310424805,205,512,512,512
6.6096296310424805,205,512,512,512
6.6096296310424805,205,512,512,512
6.6096296310424805,205,512,512,512
6.6096296310424805,205,512,512,512
6.6096296310424805,205,512,512,512
6.6096296310424805,205,512,512,512
6.6096296310424805,205,512,512,512
6.6096296310424805,205,512,512,512
6.6096296310424805,205,512,512,512
6.6096296310424805,205,513,512,512
6.6096296310424805,205,512,512,512
6.6096296310424805,205,512,512,512
6.6096296310424805,205,511,512,512
6.625614881515503,205,511,512,513
6.625614881515503,205,511,512,513
6.625614881515503,205,511,512,513
6.62762713432312,205,511,512,513
6.62762713432312,205,512,512,513
6.629611015319824,205,512,512,513
6.629611015319824,205,513,512,513
6.630990505218506,205,513,512,512
6.6322972774505615,205,514,512,512
6.6322972774505615,205,514,512,512
6.633944034576416,205,513,512,512
6.635486841201782,205,513,512,512
6.635486841201782,205,513,512,512
6.637139320373535,205,513,512,512
6.637139320373535,205,512,512,512
6.638809442520142,205,512,512,512
6.638809442520142,205,512,512,512
6.640552282333374,205,512,512,512
6.640552282333374,205,512,512,512
6.642138957977295,205,512,512,512
6.642138957977295,205,511,512,512
6.643702030181885,205,511,512,512
6.645312309265137,205,512,512,512
6.645312309265137,205,512,512,512
6.646898508071899,205,512,512,512
6.646898508071899,205,512,512,512
6.648457050323486,205,512,512,512
6.648985385894775,204,512,512,512
6.65003514289856,204,512,512,512
6.65003514289856,204,512,512,512
6.651765584945679,204,512,512,512
6.651765584945679,205,512,512,512
6.65340781211853,205,512,512,512
6.65340781211853,205,512,512,512
6.654979944229126,205,512,512,512
6.656630754470825,205,512,512,512
6.656630754470825,205,512,512,512
6.658453941345215,205,512,512,512
6.658453941345215,205,511,512,512
6.660136461257935,205,511,512,512
6.661348819732666,205,511,512,513
6.661348819732666,205,511,512,513
6.663009405136108,205,512,512,513
6.663009405136108,205,512,512,513
6.664608955383301,204,512,512,513
6.664608955383301,204,513,512,513
6.666382789611816,205,513,512,512
6.666382789611816,205,513,512,512
6.666382789611816,205,513,512,512
6.666382789611816,205,514,512,512
6.666382789611816,205,513,512,512
6.666382789611816,205,513,512,512
6.666382789611816,205,513,512,512
6.666382789611816,205,512,512,512
6.666382789611816,204,512,512,512
6.674262046813965,204,512,512,512
6.674262046813965,204,512,512,512
6.674262046813965,204,512,512,512
6.674262046813965,204,512,512,512
6.674262046813965,204,512,512,512
6.674262046813965,204,512,512,512
6.674262046813965,204,512,512,512
6.674262046813965,204,512,512,512
6.674262046813965,204,512,512,512
6.674262046813965,204,512,512,512
6.674262046813965,204,512,512,512
6.674262046813965,204,512,512,512
6.674262046813965,204,512,512,512
6.674262046813965,204,512,512,512
6.674262046813965,204,512,512,512
6.674262046813965,204,512,512,512
6.674262046813965,205,512,512,512
6.674262046813965,205,512,512,512
6.690014839172363,205,512,512,512
6.691028594970703,204,512,512,512
6.691028594970703,204,512,512,512
6.691028594970703,204,512,512,512
6.69370174407959,205,512,512,512
6.69370174407959,205,512,512,512
6.69370174407959,205,512,512,512
6.69370174407959,204,512,512,512
6.69370174407959,204,512,512,512
6.69370174407959,204,512,512,512
6.69370174407959,204,512,512,512
6.69370174407959,204,512,512,512
6.69370174407959,204,512,512,512
6.69370174407959,204,512,512,512
6.69370174407959,205,512,512,512
6.69370174407959,205,512,512,512
6.69370174407959,205,512,512,512
6.69370174407959,205,512,512,512
6.705888509750366,205,512,512,512
6.705888509750366,205,511,512,512
6.705888509750366,205,511,512,512
6.705888509750366,204,511,512,512
6.710270643234253,204,511,512,512
6.710270643234253,205,511,512,512
6.710270643234253,205,511,512,512
6.710270643234253,205,512,512,512
6.710270643234253,205,512,512,512
6.710270643234253,205,512,512,512
6.710270643234253,205,512,512,512
6.710270643234253,205,512,512,512
6.710270643234253,205,512,512,512
6.710270643234253,205,512,512,512
6.710270643234253,205,512,512,512
6.710270643234253,205,512,512,512
6.710270643234253,205,512,512,512
6.710270643234253,205,512,512,512
6.721657037734985,205,512,512,512
6.722569942474365,205,512,512,512
6.723412990570068,205,512,512,512
6.724461317062378,205,511,512,512
6.724461317062378,205,511,512,513
6.727007865905762,205,512,512,513
6.727702379226685,205,512,512,512
6.728694677352905,205,512,512,512
6.728694677352905,205,512,512,512
6.729705810546875,205,513,512,512
6.729705810546875,205,513,512,512
6.729705810546875,205,513,512,512
6.729705810546875,205,513,512,512
6.729705810546875,205,512,512,512
6.729705810546875,205,512,512,512
6.729705810546875,205,513,512,512
6.729705810546875,205,512,512,512
6.729705810546875,205,512,512,512
6.737748861312866,205,512,512,512
6.737748861312866,205,512,512,512
6.737748861312866,205,511,512,512
6.737748861312866,205,511,512,512
6.737748861312866,205,512,512,513
6.743876695632935,205,512,512,512
6.743876695632935,205,511,512,513
6.744260549545288,205,512,512,512
6.744260549545288,205,512,512,512
6.746562480926514,205,512,512,512
6.746979475021362,205,512,512,512
6.746979475021362,205,513,512,512
6.746979475021362,205,512,512,512
6.746979475021362,205,512,512,512
6.746979475021362,205,512,512,512
6.746979475021362,205,512,512,512
6.746979475021362,205,512,512,512
6.746979475021362,205,512,512,512
6.754319429397583,205,512,512,512
6.754319429397583,204,512,512,512
6.754319429397583,204,512,512,512
6.754319429397583,204,512,512,512
6.754319429397583,204,512,512,512
6.754319429397583,204,512,512,512
6.760626316070557,204,512,512,512
6.760626316070557,204,512,512,512
6.760626316070557,204,512,512,512
6.760626316070557,204,512,512,512
6.760626316070557,204,512,512,512
6.760626316070557,204,512,512,512
6.760626316070557,204,512,512,512
6.760626316070557,204,512,512,512
6.760626316070557,204,512,512,512
6.760626316070557,204,512,512,512
6.760626316070557,204,512,512,512
6.760626316070557,204,512,512,512
6.7700886726379395,204,512,512,512
6.7700886726379395,204,512,512,512
6.7700886726379395,204,512,512,512
6.7700886726379395,204,512,512,512
6.7700886726379395,204,512,512,512
6.7700886726379395,204,512,512,512
6.7700886726379395,204,512,512,512
6.7700886726379395,204,512,512,512
6.7770655155181885,204,512,512,512
6.7770655155181885,204,512,512,512
6.7770655155181885,204,512,512,512
6.7770655155181885,204,511,512,513
6.7770655155181885,204,512,512,512
6.7770655155181885,204,511,512,513
6.7770655155181885,204,512,512,513
6.7770655155181885,204,512,512,513
6.784158945083618,204,513,512,513
6.784158945083618,204,513,512,512
6.785897254943848,204,514,512,512
6.785897254943848,204,514,512,512
6.785897254943848,204,514,512,512
6.785897254943848,204,513,512,512
6.785897254943848,204,513,512,512
6.785897254943848,204,513,512,512
6.791175842285156,204,512,512,512
6.793709754943848,204,512,512,512
6.793709754943848,204,512,512,512
6.793709754943848,204,512,512,512
6.793709754943848,204,512,512,512
6.793709754943848,204,512,512,512
6.793709754943848,204,512,512,512
6.793709754943848,204,512,512,512
6.793709754943848,204,512,512,512
6.793709754943848,204,512,512,512
6.793709754943848,204,512,512,512
6.793709754943848,204,513,512,512
6.801770448684692,204,513,512,512
6.802971363067627,204,512,512,512
6.8041510581970215,204,512,512,512
6.8041510581970215,205,512,512,512
6.805716514587402,204,512,512,512
6.805716514587402,204,512,512,512
6.807296276092529,204,512,512,512
6.810120105743408,204,512,512,512
6.810120105743408,204,512,512,512
6.8104400634765625,205,512,512,512
6.8112170696258545,205,512,512,512
6.811791896820068,205,512,512,512
6.811791896820068,204,512,512,512
6.811791896820068,204,512,512,512
6.811791896820068,204,512,512,512
6.811791896820068,204,512,512,512
6.811791896820068,205,512,512,512
6.811791896820068,205,512,512,512
6.811791896820068,205,512,512,512
6.818470001220703,205,512,512,512
6.818470001220703,205,512,512,512
6.818470001220703,205,512,512,512
6.818470001220703,205,512,512,512
6.818470001220703,205,512,512,512
6.818470001220703,205,512,512,512
6.818470001220703,205,512,512,512
6.82664155960083,204,512,512,512
6.82664155960083,205,512,512,512
6.8273024559021,205,512,512,512
6.8273024559021,205,512,512,512
6.8273024559021,205,512,512,512
6.8273024559021,205,512,512,512
6.8273024559021,205,512,512,512
6.8273024559021,205,512,512,512
6.8273024559021,205,512,512,512
6.8273024559021,205,512,512,512
6.8273024559021,205,512,512,512
6.8348469734191895,205,512,512,512
6.8348469734191895,205,512,512,512
6.8348469734191895,205,512,512,512
6.8348469734191895,205,512,512,512
6.8348469734191895,205,512,512,512
6.8348469734191895,205,512,512,512
6.8348469734191895,205,512,512,512
6.8348469734191895,205,512,512,512
6.842743873596191,205,512,512,512
6.842743873596191,205,512,512,512
6.842743873596191,205,512,512,512
6.842743873596191,205,512,512,512
6.842743873596191,205,512,512,512
6.842743873596191,205,512,512,512
6.842743873596191,205,512,512,512
6.842743873596191,205,512,512,512
6.842743873596191,205,512,512,512
6.842743873596191,205,512,512,512
6.842743873596191,205,512,512,512
6.8510308265686035,204,512,512,512
6.8510308265686035,205,512,512,512
6.8510308265686035,205,512,512,512
6.8510308265686035,205,512,512,512
6.8510308265686035,205,512,512,512
6.8510308265686035,205,512,512,512
6.8510308265686035,205,512,512,512
6.8510308265686035,205,512,512,512
6.8510308265686035,205,512,512,512
6.8510308265686035,205,512,512,512
6.8510308265686035,205,511,512,512
6.8510308265686035,205,512,512,512
6.8510308265686035,204,512,512,512
6.8510308265686035,204,511,512,512
6.8510308265686035,204,511,512,512
6.8510308265686035,204,512,512,512
6.8510308265686035,204,512,512,512
6.8510308265686035,204,512,512,512
6.86765718460083,204,512,512,512
6.8679518699646,204,513,512,512
6.8679518699646,204,512,512,512
6.8679518699646,204,512,512,512
6.8679518699646,204,512,512,512
6.8679518699646,204,512,512,512
6.8679518699646,204,512,512,512
6.8679518699646,204,512,512,512
6.8679518699646,204,512,512,512
6.8679518699646,204,512,512,512
6.8679518699646,204,512,512,512
6.877211570739746,204,512,512,512
6.877211570739746,204,512,512,512
6.877211570739746,204,512,512,512
6.877211570739746,204,512,512,512
6.877211570739746,204,512,512,512
6.877211570739746,204,512,512,512
6.882619857788086,204,512,512,512
6.883497476577759,204,512,512,512
6.883497476577759,204,512,512,512
6.883497476577759,204,512,512,512
6.883497476577759,204,512,512,512
6.883497476577759,204,512,512,512
6.883497476577759,204,512,512,512
6.883497476577759,204,512,512,512
6.883497476577759,204,512,512,512
6.883497476577759,204,512,512,512
6.891592979431152,204,512,512,512
6.892709970474243,204,512,512,512
6.893945217132568,204,512,512,512
6.893945217132568,205,511,512,512
6.895191669464111,205,511,512,512
6.895191669464111,204,512,512,512
6.895191669464111,204,511,512,512
6.895191669464111,204,512,512,512
6.895191669464111,204,512,512,512
6.895191669464111,204,512,512,512
6.899676561355591,204,512,512,512
6.899676561355591,204,513,512,512
6.899676561355591,204,512,512,512
6.899676561355591,204,512,512,512
6.899676561355591,204,512,512,512
6.899676561355591,204,512,512,512
6.899676561355591,204,512,512,512
6.899676561355591,204,512,512,512
6.899676561355591,204,512,512,512
6.90776252746582,204,512,512,512
6.9099884033203125,204,512,512,512
6.9099884033203125,204,512,512,512
6.910582065582275,204,512,512,512
6.910582065582275,204,512,512,512
6.910582065582275,204,512,512,512
6.910582065582275,204,512,512,512
6.910582065582275,204,512,512,512
6.910582065582275,204,512,512,512
6.910582065582275,205,512,512,512
6.910582065582275,205,512,512,512
6.910582065582275,205,512,512,512
6.910582065582275,205,512,512,512
6.910582065582275,205,512,512,512
6.910582065582275,205,512,512,512
6.910582065582275,205,512,512,512
6.910582065582275,205,513,512,512
6.910582065582275,205,512,512,512
6.923616647720337,205,512,512,512
6.925023317337036,205,512,512,512
6.925023317337036,205,512,512,512
6.9270079135894775,205,512,512,512
6.9270079135894775,205,512,512,512
6.9270079135894775,205,512,512,512
6.9270079135894775,205,512,512,512
6.9270079135894775,205,512,512,512
6.9270079135894775,205,512,512,512
6.9270079135894775,205,512,512,512
6.9270079135894775,205,512,512,512
6.9270079135894775,205,512,512,512
6.9270079135894775,205,512,512,512
6.9270079135894775,205,512,512,512
6.9270079135894775,205,512,512,512
6.9270079135894775,205,512,512,512
6.9270079135894775,205,512,512,512
6.9270079135894775,205,512,512,512
6.939970970153809,205,512,512,512
6.939970970153809,205,512,512,512
6.939970970153809,205,512,512,512
6.939970970153809,205,512,512,512
6.939970970153809,205,512,512,512
6.9439756870269775,205,512,512,512
6.9439756870269775,205,512,512,512
6.9439756870269775,205,512,512,512
6.9439756870269775,205,512,512,512
6.9439756870269775,205,512,512,512
6.9439756870269775,205,512,512,512
6.9439756870269775,205,512,512,512
6.9439756870269775,205,512,512,512
6.9439756870269775,204,512,512,512
6.9439756870269775,204,512,512,512
6.9439756870269775,204,513,512,512
6.9439756870269775,205,512,512,512
6.9439756870269775,205,512,512,512
6.955507278442383,204,512,512,512
6.955507278442383,204,512,512,512
6.955507278442383,204,512,512,512
6.955507278442383,204,512,512,512
6.955507278442383,204,512,512,512
6.955507278442383,204,512,512,512
6.955507278442383,204,512,512,512
6.955507278442383,204,512,512,512
6.955507278442383,204,512,512,512
6.955507278442383,204,512,512,512
6.955507278442383,204,512,512,512
6.955507278442383,204,512,512,512
6.955507278442383,204,512,512,512
6.955507278442383,204,512,512,512
6.955507278442383,204,512,512,512
6.955507278442383,204,512,512,512
6.955507278442383,204,512,512,512
6.955507278442383,204,513,512,512
6.971553087234497,204,512,512,512
6.972556114196777,204,512,512,512
6.972556114196777,204,512,512,512
6.972556114196777,204,512,512,512
6.972556114196777,204,512,512,512
6.976993560791016,204,512,512,512
6.976993560791016,204,511,512,512
6.976993560791016,204,511,512,512
6.976993560791016,204,511,512,512
6.976993560791016,204,511,512,512
6.976993560791016,204,512,512,512
6.976993560791016,204,512,512,512
6.976993560791016,204,512,512,512
6.976993560791016,204,512,512,512
6.976993560791016,204,512,512,512
6.976993560791016,204,512,512,512
6.976993560791016,204,512,512,512
6.976993560791016,204,512,512,512
6.987214803695679,204,512,512,512
6.988328456878662,204,512,512,512
6.988328456878662,204,512,512,512
6.988328456878662,204,512,512,512
6.988328456878662,204,512,512,512
6.991883277893066,204,512,512,512
6.991883277893066,204,512,512,512
6.991883277893066,204,512,512,512
6.991883277893066,204,512,512,512
6.991883277893066,204,512,512,512
6.991883277893066,204,512,512,512
6.991883277893066,204,512,512,512
6.991883277893066,204,512,512,512
6.991883277893066,204,512,512,512
6.991883277893066,204,512,512,512
6.991883277893066,204,512,512,512
6.991883277893066,204,512,512,512
6.991883277893066,204,512,512,512
7.002949237823486,204,512,512,512
7.002949237823486,204,512,512,512
7.002949237823486,204,512,512,512
7.002949237823486,204,512,512,512
7.002949237823486,205,512,512,512
7.002949237823486,204,512,512,512
7.002949237823486,204,512,512,512
7.002949237823486,204,512,512,512
7.002949237823486,204,512,512,512
7.010389566421509,204,512,512,512
7.010389566421509,205,512,512,512
7.010389566421509,205,512,512,512
7.010389566421509,205,512,512,512
7.010389566421509,205,512,512,512
7.010389566421509,205,512,512,512
7.010389566421509,205,512,512,512
7.010389566421509,204,512,512,512
7.010389566421509,204,512,512,512
7.01869797706604,204,512,512,512
7.01869797706604,204,512,512,512
7.01869797706604,204,512,512,512
7.01869797706604,205,512,512,512
7.01869797706604,205,512,512,512
7.01869797706604,205,512,512,512
7.01869797706604,205,512,512,512
7.01869797706604,205,512,512,512
7.01869797706604,205,512,512,512
7.01869797706604,205,512,512,512
7.01869797706604,205,512,512,512
7.01869797706604,205,512,512,512
7.01869797706604,205,512,512,512
7.030200004577637,205,512,512,512
7.030200004577637,205,512,512,512
7.030200004577637,205,512,512,512
7.030200004577637,205,512,512,512
7.030200004577637,204,512,512,512
7.034533977508545,204,512,512,512
7.035294055938721,204,512,512,512
7.035294055938721,205,512,512,512
7.035294055938721,205,512,512,512
7.035294055938721,205,512,512,512
7.035294055938721,205,512,512,512
7.035294055938721,205,512,512,512
7.035294055938721,205,512,512,512
7.035294055938721,205,512,512,512
7.035294055938721,205,512,512,512
7.043544769287109,205,512,512,512
7.043544769287109,205,512,512,512
7.043544769287109,205,512,512,512
7.043544769287109,205,512,512,512
7.043544769287109,205,511,512,512
7.043544769287109,205,511,512,512
7.043544769287109,205,512,512,512
7.043544769287109,204,511,512,512
7.051206588745117,204,511,512,512
7.051206588745117,204,511,512,512
7.051206588745117,204,512,512,513
7.051206588745117,204,512,512,512
7.051206588745117,205,512,512,512
7.051206588745117,205,513,512,512
7.051206588745117,205,513,512,512
7.051206588745117,205,513,512,512
7.051206588745117,204,512,512,512
7.060292720794678,204,512,512,512
7.060292720794678,204,512,512,512
7.060292720794678,205,512,512,512
7.060292720794678,205,512,512,512
7.060292720794678,205,512,512,512
7.060292720794678,205,511,512,512
7.060292720794678,205,512,512,512
7.060292720794678,204,512,512,512
7.060292720794678,204,512,512,512
7.067034721374512,204,512,512,512
7.067034721374512,204,512,512,512
7.067034721374512,204,512,512,512
7.067034721374512,204,512,512,512
7.067034721374512,204,512,512,512
7.067034721374512,204,512,512,512
7.067034721374512,204,512,512,512
7.067034721374512,204,512,512,512
7.067034721374512,204,512,512,512
7.067034721374512,204,512,512,512
7.067034721374512,204,512,512,512
7.067034721374512,204,512,512,512
7.067034721374512,204,512,512,512
7.067034721374512,204,512,512,512
7.067034721374512,204,512,512,512
7.067034721374512,204,512,512,512
7.067034721374512,204,512,512,512
7.067034721374512,204,512,512,512
7.08200478553772,204,512,512,512
7.08200478553772,204,512,512,512
7.08200478553772,204,512,512,512
7.08200478553772,204,513,512,512
7.08200478553772,204,512,512,512
7.08200478553772,204,512,512,512
7.08200478553772,205,512,512,512
7.08200478553772,205,512,512,512
7.08200478553772,205,512,512,512
7.08200478553772,204,512,512,512
7.08200478553772,204,512,512,512
7.092263698577881,204,512,512,512
7.092263698577881,204,512,512,512
7.092263698577881,204,512,512,512
7.092263698577881,204,512,512,512
7.092263698577881,204,512,512,512
7.092263698577881,204,512,512,512
7.092263698577881,204,512,512,512
7.097722768783569,204,512,512,512
7.097722768783569,204,512,512,512
7.097722768783569,205,512,512,512
7.097722768783569,204,512,512,512
7.097722768783569,204,512,512,512
7.097722768783569,204,512,512,512
7.097722768783569,205,512,512,512
7.097722768783569,205,512,512,512
7.097722768783569,205,512,512,512
7.097722768783569,205,512,512,512
7.097722768783569,205,512,512,512
7.097722768783569,205,512,512,512
7.097722768783569,205,512,512,512
7.097722768783569,205,512,512,512
7.097722768783569,205,512,512,512
7.097722768783569,205,512,512,512
7.097722768783569,205,512,512,512
7.097722768783569,205,512,512,512
7.1144256591796875,205,512,512,512
7.115206480026245,205,512,512,512
7.115520715713501,205,512,512,512
7.115520715713501,205,512,512,512
7.115520715713501,205,512,512,512
7.115520715713501,205,512,512,512
7.115520715713501,205,512,512,512
7.115520715713501,205,512,512,512
7.115520715713501,205,512,512,512
7.115520715713501,205,512,512,512
7.115520715713501,205,512,512,512
7.115520715713501,205,512,512,512
7.115520715713501,205,512,512,512
7.115520715713501,205,512,512,512
7.115520715713501,205,512,512,512
7.126975059509277,205,512,512,512
7.126975059509277,205,512,512,512
7.126975059509277,205,511,512,512
7.129573345184326,205,512,512,512
7.129573345184326,205,512,512,512
7.129573345184326,205,512,512,512
7.129573345184326,205,512,512,512
7.129573345184326,205,512,512,512
7.129573345184326,205,512,512,512
7.129573345184326,205,512,512,512
7.129573345184326,205,512,512,512
7.129573345184326,205,512,512,512
7.129573345184326,205,512,512,512
7.129573345184326,205,512,512,512
7.129573345184326,205,512,512,512
7.129573345184326,205,512,512,512
7.129573345184326,205,512,512,512
7.129573345184326,205,512,512,512
7.129573345184326,205,512,512,512
7.129573345184326,205,512,512,512
7.129573345184326,205,512,512,512
7.1462836265563965,205,512,512,512
7.147112846374512,205,512,512,512
7.147112846374512,205,512,512,512
7.147112846374512,205,512,512,512
7.147112846374512,205,512,512,512
7.147112846374512,205,512,512,512
7.147112846374512,204,512,512,512
7.147112846374512,204,513,512,512
7.147112846374512,204,512,512,512
7.147112846374512,204,512,512,512
7.147112846374512,205,512,512,512
7.147112846374512,205,512,512,512
7.147112846374512,205,512,512,512
7.147112846374512,205,512,512,512
7.147112846374512,205,512,512,512
7.147112846374512,205,512,512,512
7.147112846374512,204,512,512,512
7.160484790802002,204,512,512,512
7.161515235900879,204,512,512,512
7.161515235900879,204,512,512,512
7.161515235900879,204,512,512,512
7.161515235900879,204,512,512,512
7.161515235900879,204,512,512,512
7.161515235900879,204,512,512,512
7.161515235900879,204,512,512,512
7.161515235900879,204,512,512,512
7.161515235900879,204,512,512,512
7.161515235900879,205,512,512,512
7.161515235900879,205,512,512,512
7.161515235900879,204,512,512,512
7.161515235900879,204,512,512,512
7.161515235900879,204,512,512,512
7.161515235900879,204,512,512,512
7.161515235900879,204,512,512,512
7.161515235900879,204,512,512,512
7.161515235900879,204,512,512,512
7.17764139175415,204,512,512,512
7.17764139175415,204,512,512,512
7.17764139175415,204,512,512,512
7.17764139175415,204,512,512,512
7.17764139175415,204,512,512,512
7.17764139175415,204,512,512,512
7.17764139175415,204,512,512,512
7.17764139175415,204,512,512,512
7.17764139175415,204,512,512,512
7.17764139175415,204,512,512,512
7.17764139175415,205,512,512,512
7.17764139175415,205,513,512,512
7.17764139175415,204,513,512,512
7.17764139175415,204,512,512,512
7.17764139175415,204,512,512,512
7.17764139175415,204,512,512,512
7.192614555358887,204,511,512,512
7.193631887435913,205,511,512,512
7.193631887435913,204,512,512,512
7.194812536239624,204,512,512,512
7.194812536239624,204,511,512,512
7.194812536239624,204,511,512,512
7.194812536239624,204,511,512,512
7.194812536239624,205,511,512,512
7.194812536239624,205,512,512,513
7.194812536239624,205,512,512,512
7.194812536239624,204,512,512,512
7.194812536239624,204,512,512,512
7.194812536239624,204,512,512,512
7.194812536239624,204,512,512,512
7.194812536239624,205,512,512,512
7.194812536239624,205,513,512,512
7.194812536239624,205,512,512,512
7.194812536239624,205,512,512,512
7.194812536239624,205,512,512,512
7.209474325180054,205,511,512,512
7.209474325180054,205,511,512,512
7.209474325180054,205,511,512,513
7.211489200592041,205,511,512,513
7.212620735168457,205,511,512,513
7.213379859924316,205,511,512,513
7.213900566101074,205,512,512,513
7.213900566101074,205,513,512,513
7.213900566101074,205,513,512,512
7.213900566101074,205,514,512,512
7.213900566101074,205,514,512,512
7.213900566101074,205,513,512,512
7.213900566101074,205,513,512,512
7.213900566101074,205,513,512,512
7.213900566101074,205,513,512,512
7.213900566101074,205,512,512,512
7.213900566101074,205,512,512,512
7.213900566101074,205,512,512,512
7.225338697433472,205,512,512,512
7.225338697433472,205,512,512,512
7.227349758148193,205,512,512,512
7.2276670932769775,205,512,512,512
7.2284674644470215,205,512,512,512
7.229835748672485,205,512,512,512
7.230203866958618,205,512,512,512
7.230203866958618,205,512,512,512
7.230203866958618,205,512,512,512
7.230203866958618,205,512,512,512
7.233569383621216,205,512,512,512
7.233569383621216,205,512,512,512
7.233569383621216,205,512,512,512
7.233569383621216,205,512,512,512
7.233569383621216,205,512,512,512
7.233569383621216,205,512,512,512
7.233569383621216,205,512,512,512
7.233569383621216,205,512,512,512
7.233569383621216,205,512,512,512
7.243744373321533,205,512,512,512
7.244158744812012,205,512,512,512
7.244158744812012,205,511,512,512
7.244840621948242,205,512,512,512
7.244840621948242,205,511,512,512
7.244840621948242,205,511,512,512
7.244840621948242,205,512,512,512
7.244840621948242,205,512,512,512
7.244840621948242,205,512,512,512
7.250303268432617,205,511,512,513
7.250962018966675,205,511,512,513
7.250962018966675,205,511,512,513
7.250962018966675,205,512,512,513
7.250962018966675,205,512,512,513
7.250962018966675,205,512,512,513
7.250962018966675,205,513,512,512
7.250962018966675,205,513,512,512
7.250962018966675,205,513,512,512
7.257975816726685,205,513,512,512
7.2599875926971436,205,513,512,512
7.2599875926971436,205,513,512,512
7.260887622833252,205,512,512,512
7.260887622833252,205,512,512,512
7.260887622833252,205,511,512,512
7.260887622833252,204,511,512,512
7.260887622833252,204,511,512,512
7.260887622833252,204,512,512,512
7.266159296035767,204,512,512,512
7.266159296035767,204,512,512,512
7.266159296035767,204,512,512,512
7.266159296035767,205,512,512,512
7.266159296035767,205,512,512,512
7.266159296035767,205,512,512,512
7.266159296035767,205,512,512,512
7.266159296035767,205,512,512,512
7.266159296035767,204,512,512,512
7.274234771728516,204,512,512,512
7.274234771728516,204,512,512,512
7.278053522109985,204,512,512,512
7.278053522109985,204,511,512,512
7.278053522109985,204,512,512,513
7.278053522109985,204,512,512,512
7.278053522109985,204,512,512,512
7.278053522109985,205,512,512,512
7.278053522109985,205,512,512,512
7.278053522109985,205,512,512,512
7.278053522109985,204,512,512,512
7.278053522109985,205,512,512,512
7.278053522109985,205,512,512,512
7.278053522109985,204,512,512,512
7.278053522109985,205,512,512,512
7.278053522109985,205,512,512,512
7.278053522109985,204,512,512,512
7.278053522109985,204,512,512,512
7.28989839553833,204,512,512,512
7.28989839553833,204,512,512,512
7.28989839553833,204,512,512,512
7.292874813079834,205,512,512,512
7.292874813079834,205,512,512,512
7.292874813079834,205,512,512,512
7.292874813079834,205,512,512,512
7.292874813079834,205,512,512,512
7.292874813079834,205,512,512,512
7.292874813079834,205,512,512,512
7.292874813079834,205,512,512,512
7.292874813079834,205,512,512,512
7.292874813079834,204,512,512,512
7.292874813079834,204,512,512,512
7.292874813079834,205,512,512,512
7.292874813079834,205,512,512,512
7.292874813079834,205,512,512,512
7.292874813079834,205,512,512,512
7.3056960105896,205,512,512,512
7.3056960105896,205,512,512,512
7.3056960105896,205,512,512,512
7.3056960105896,205,512,512,512
7.3056960105896,205,511,512,512
7.3056960105896,205,511,512,513
7.310374736785889,205,512,512,513
7.310374736785889,205,512,512,513
7.312530040740967,205,512,512,513
7.312530040740967,205,513,512,513
7.314540147781372,205,513,512,512
7.314540147781372,205,513,512,512
7.316547393798828,205,513,512,512
7.316547393798828,205,513,512,512
7.316547393798828,205,513,512,512
7.3185553550720215,205,513,512,512
7.3185553550720215,205,513,512,512
7.320579290390015,205,513,512,512
7.321597099304199,205,512,512,512
7.321597099304199,205,512,512,512
7.323605060577393,205,511,512,512
7.323605060577393,205,511,512,512
7.325611591339111,205,511,512,512
7.325611591339111,205,511,512,512
7.325611591339111,205,511,512,512
7.325611591339111,205,511,512,512
7.325611591339111,205,511,512,513
7.325611591339111,205,511,512,513
7.325611591339111,205,512,512,513
7.325611591339111,205,512,512,513
7.325611591339111,205,513,512,513
7.325611591339111,205,513,512,512
7.325611591339111,205,513,512,512
7.325611591339111,205,513,512,512
7.325611591339111,205,513,512,512
7.337360143661499,205,513,512,512
7.3386101722717285,205,513,512,512
7.3386101722717285,205,512,512,512
7.3386101722717285,205,512,512,512
7.3386101722717285,205,512,512,512
7.342733383178711,205,511,512,512
7.344038963317871,205,511,512,512
7.344038963317871,205,511,512,512
7.344905853271484,205,512,512,512
7.3453896045684814,205,511,512,512
7.3453896045684814,205,511,512,512
7.3453896045684814,205,511,512,513
7.3453896045684814,205,511,512,513
7.3453896045684814,205,512,512,513
7.3453896045684814,205,512,512,513
7.3453896045684814,205,513,512,512
7.3453896045684814,205,513,512,512
7.3531248569488525,205,513,512,512
7.3531248569488525,205,513,512,512
7.3531248569488525,205,513,512,512
7.3531248569488525,205,513,512,512
7.3531248569488525,205,513,512,512
7.3531248569488525,205,512,512,512
7.3531248569488525,205,511,512,512
7.361312389373779,205,511,512,512
7.361312389373779,205,511,512,512
7.361312389373779,205,511,512,512
7.362006902694702,205,512,512,512
7.362006902694702,205,512,512,512
7.362006902694702,205,511,512,512
7.362006902694702,205,511,512,512
7.362006902694702,205,511,512,513
7.362006902694702,205,511,512,513
7.362006902694702,204,512,512,513
7.362006902694702,204,512,512,513
7.369414806365967,204,513,512,513
7.369414806365967,204,513,512,512
7.369414806365967,204,513,512,512
7.369414806365967,204,514,512,512
7.369414806365967,204,513,512,512
7.369414806365967,204,513,512,512
7.369414806365967,204,513,512,512
7.3769659996032715,204,512,512,512
7.3769659996032715,205,511,512,512
7.3769659996032715,205,511,512,512
7.3769659996032715,204,511,512,512
7.3769659996032715,204,511,512,512
7.3769659996032715,204,512,512,512
7.3769659996032715,204,512,512,512
7.3769659996032715,204,511,512,512
7.3769659996032715,204,511,512,512
7.3769659996032715,204,512,512,513
7.3769659996032715,204,512,512,512
7.3769659996032715,204,512,512,512
7.3769659996032715,204,512,512,512
7.3769659996032715,205,513,512,512
7.3769659996032715,204,512,512,512
7.3769659996032715,204,512,512,512
7.3769659996032715,204,512,512,512
7.3769659996032715,204,512,512,512
7.3769659996032715,204,512,512,512
7.393020868301392,205,512,512,512
7.395040035247803,205,512,512,512
7.395040035247803,205,512,512,512
7.395040035247803,205,512,512,512
7.395773410797119,205,512,512,512
7.397028923034668,205,512,512,512
7.397708177566528,205,512,512,512
7.397708177566528,205,512,512,512
7.397708177566528,205,512,512,512
7.397708177566528,205,512,512,512
7.401057720184326,205,512,512,512
7.401057720184326,205,512,512,512
7.401057720184326,205,512,512,512
7.401057720184326,205,512,512,512
7.401057720184326,205,512,512,512
7.401057720184326,205,511,512,512
7.401057720184326,205,511,512,513
7.401057720184326,205,511,512,513
7.409902334213257,205,511,512,513
7.41191840171814,205,511,512,513
7.41191840171814,205,512,512,513
7.41191840171814,205,513,512,513
7.412289142608643,205,513,512,512
7.412782192230225,205,513,512,512
7.412782192230225,205,513,512,512
7.412782192230225,205,513,512,512
7.412782192230225,205,513,512,512
7.412782192230225,206,513,512,512
7.417756795883179,206,513,512,512
7.418118238449097,205,512,512,512
7.418118238449097,205,512,512,512
7.418118238449097,205,512,512,512
7.418118238449097,205,512,512,512
7.418118238449097,205,512,512,512
7.418118238449097,205,512,512,512
7.418118238449097,205,512,512,512
7.418118238449097,205,511,512,512
7.427463531494141,205,511,512,512
7.427463531494141,205,511,512,512
7.428044557571411,205,511,512,512
7.428044557571411,205,512,512,512
7.428044557571411,205,512,512,512
7.428044557571411,205,512,512,512
7.428044557571411,205,512,512,512
7.428044557571411,205,512,512,512
7.428044557571411,205,512,512,512
7.428044557571411,205,512,512,512
7.428044557571411,205,512,512,512
7.428044557571411,205,512,512,512
7.428044557571411,205,512,512,512
7.428044557571411,205,512,512,512
7.428044557571411,205,512,512,512
7.428044557571411,205,512,512,512
7.428044557571411,205,512,512,512
7.428044557571411,205,512,512,512
7.441252708435059,205,512,512,512
7.444237232208252,205,512,512,512
7.444237232208252,205,512,512,512
7.444237232208252,205,512,512,512
7.445160388946533,205,511,512,512
7.446049213409424,205,511,512,513
7.446049213409424,205,511,512,513
7.446049213409424,205,511,512,513
7.446049213409424,205,511,512,513
7.446049213409424,205,512,512,513
7.446049213409424,205,512,512,513
7.446049213409424,205,513,512,512
7.446049213409424,205,514,512,512
7.446049213409424,205,514,512,512
7.446049213409424,205,514,512,512
7.446049213409424,205,513,512,512
7.446049213409424,205,513,512,512
7.456981658935547,205,512,512,512
7.456981658935547,205,512,512,512
7.460341453552246,204,512,512,512
7.460341453552246,204,512,512,512
7.460341453552246,204,512,512,512
7.460341453552246,204,512,512,512
7.460341453552246,204,511,512,512
7.460341453552246,204,511,512,512
7.460341453552246,204,512,512,512
7.460341453552246,204,512,512,512
7.460341453552246,204,512,512,512
7.460341453552246,204,512,512,512
7.460341453552246,204,512,512,512
7.460341453552246,204,512,512,512
7.460341453552246,204,512,512,512
7.460341453552246,204,512,512,512
7.460341453552246,204,512,512,512
7.460341453552246,204,512,512,512
7.4727396965026855,205,512,512,512
7.4727396965026855,204,512,512,512
7.4727396965026855,204,512,512,512
7.4727396965026855,204,512,512,512
7.4727396965026855,204,512,512,512
7.476966142654419,205,512,512,512
7.476966142654419,205,511,512,512
7.476966142654419,205,511,512,512
7.476966142654419,205,511,512,512
7.476966142654419,204,511,512,512
7.476966142654419,204,511,512,512
7.476966142654419,204,512,512,513
7.476966142654419,205,512,512,512
7.476966142654419,204,512,512,512
7.476966142654419,205,513,512,512
7.476966142654419,204,513,512,512
7.476966142654419,204,512,512,512
7.476966142654419,204,513,512,512
7.488500595092773,204,512,512,512
7.488500595092773,204,512,512,512
7.488500595092773,205,512,512,512
7.488500595092773,205,512,512,512
7.493068218231201,205,512,512,512
7.493068218231201,205,511,512,512
7.493068218231201,205,512,512,512
7.493068218231201,205,512,512,512
7.493068218231201,205,512,512,512
7.493068218231201,204,511,512,512
7.493068218231201,204,512,512,512
7.493068218231201,204,512,512,512
7.493068218231201,205,512,512,512
7.493068218231201,205,512,512,512
7.493068218231201,205,512,512,512
7.493068218231201,205,512,512,512
7.493068218231201,205,512,512,512
7.493068218231201,205,512,512,512
7.504359483718872,205,512,512,512
7.504359483718872,205,512,512,512
7.504359483718872,205,512,512,512
7.504359483718872,205,512,512,512
7.504359483718872,205,512,512,512
7.504359483718872,205,512,512,512
7.504359483718872,205,512,512,512
7.510295629501343,205,512,512,512
7.510295629501343,205,511,512,512
7.510295629501343,205,512,512,512
7.510295629501343,205,512,512,512
7.510295629501343,205,512,512,512
7.510295629501343,205,512,512,512
7.510295629501343,205,512,512,512
7.510295629501343,205,512,512,512
7.510295629501343,205,512,512,512
7.510295629501343,205,512,512,512
7.510295629501343,205,512,512,512
7.520075798034668,205,512,512,512
7.520075798034668,205,511,512,512
7.522532224655151,205,512,512,512
7.522879123687744,205,512,512,512
7.522879123687744,205,512,512,512
7.522879123687744,205,512,512,512
7.522879123687744,205,512,512,512
7.52697491645813,205,512,512,512
7.52697491645813,205,512,512,512
7.52697491645813,205,511,512,512
7.52697491645813,205,511,512,513
7.52697491645813,205,512,512,513
7.52697491645813,205,512,512,512
7.52697491645813,205,512,512,512
7.52697491645813,205,512,512,512
7.52697491645813,205,513,512,512
7.52697491645813,205,513,512,512
7.535829067230225,205,513,512,512
7.535829067230225,205,513,512,512
7.535829067230225,205,513,512,512
7.535829067230225,205,512,512,512
7.535829067230225,205,512,512,512
7.535829067230225,205,512,512,512
7.535829067230225,205,512,512,512
7.535829067230225,205,512,512,512
7.535829067230225,205,512,512,512
7.535829067230225,205,512,512,512
7.535829067230225,205,511,512,512
7.535829067230225,205,511,512,512
7.535829067230225,205,511,512,513
7.535829067230225,205,511,512,513
7.535829067230225,205,512,512,512
7.535829067230225,205,512,512,512
7.535829067230225,205,512,512,512
7.535829067230225,205,513,512,512
7.551488637924194,205,513,512,512
7.551488637924194,205,513,512,512
7.551488637924194,205,513,512,512
7.551488637924194,205,512,512,512
7.551488637924194,205,512,512,512
7.551488637924194,205,512,512,512
7.551488637924194,205,512,512,512
7.551488637924194,205,512,512,512
7.551488637924194,205,511,512,512
7.551488637924194,205,511,512,512
7.551488637924194,205,511,512,512
7.551488637924194,205,511,512,513
7.551488637924194,204,511,512,513
7.551488637924194,204,511,512,513
7.551488637924194,204,512,512,513
7.551488637924194,204,512,512,513
7.551488637924194,204,513,512,512
7.56731104850769,204,514,512,512
7.56731104850769,204,514,512,512
7.56731104850769,204,514,512,512
7.56731104850769,204,514,512,512
7.56731104850769,204,513,512,512
7.56731104850769,204,513,512,512
7.56731104850769,204,512,512,512
7.56731104850769,204,512,512,512
7.56731104850769,204,512,512,512
7.56731104850769,204,511,512,512
7.56731104850769,204,511,512,512
7.56731104850769,204,511,512,512
7.56731104850769,204,511,512,512
7.56731104850769,204,512,512,512
7.56731104850769,204,512,512,512
7.56731104850769,204,512,512,512
7.56731104850769,204,512,512,512
7.56731104850769,204,512,512,512
7.583064079284668,204,512,512,512
7.583064079284668,204,512,512,512
7.583064079284668,204,512,512,512
7.583064079284668,205,512,512,512
7.585937261581421,204,512,512,512
7.585937261581421,204,512,512,512
7.585937261581421,204,512,512,512
7.585937261581421,204,512,512,512
7.585937261581421,205,512,512,512
7.585937261581421,205,512,512,512
7.59309458732605,205,512,512,512
7.59309458732605,205,512,512,512
7.59309458732605,205,512,512,512
7.59309458732605,205,512,512,512
7.59309458732605,205,512,512,512
7.59309458732605,205,512,512,512
7.59309458732605,205,512,512,512
7.59309458732605,205,512,512,512
7.59878396987915,205,512,512,512
7.599860906600952,205,511,512,512
7.599860906600952,205,511,512,512
7.599860906600952,205,511,512,512
7.599860906600952,205,512,512,512
7.599860906600952,205,512,512,512
7.599860906600952,205,512,512,512
7.599860906600952,205,512,512,512
7.599860906600952,205,512,512,512
7.599860906600952,205,512,512,512
7.599860906600952,205,512,512,512
7.599860906600952,205,512,512,512
7.599860906600952,205,512,512,512
7.599860906600952,205,512,512,512
7.599860906600952,205,512,512,512
7.599860906600952,205,512,512,512
7.599860906600952,205,512,512,512
7.599860906600952,205,512,512,512
7.614567756652832,205,512,512,512
7.614567756652832,205,512,512,512
7.614567756652832,205,512,512,512
7.614567756652832,205,512,512,512
7.614567756652832,205,512,512,512
7.614567756652832,205,512,512,512
7.614567756652832,205,512,512,512
7.614567756652832,205,512,512,512
7.614567756652832,205,512,512,512
7.614567756652832,205,512,512,512
7.614567756652832,205,512,512,512
7.614567756652832,205,512,512,512
7.614567756652832,205,511,512,512
7.614567756652832,205,512,512,513
7.614567756652832,205,512,512,512
7.614567756652832,205,512,512,512
7.614567756652832,205,512,512,512
7.614567756652832,205,512,512,512
7.630221843719482,205,512,512,512
7.630221843719482,205,512,512,512
7.630221843719482,205,512,512,512
7.630221843719482,205,512,512,512
7.630221843719482,205,512,512,512
7.630221843719482,205,512,512,512
7.630221843719482,205,512,512,512
7.630221843719482,205,512,512,512
7.630221843719482,205,512,512,512
7.630221843719482,205,512,512,512
7.630221843719482,205,512,512,512
7.630221843719482,205,512,512,512
7.630221843719482,205,511,512,512
7.630221843719482,205,512,512,513
7.630221843719482,205,511,512,512
7.643595933914185,205,511,512,512
7.643595933914185,205,512,512,513
7.646113634109497,205,512,512,513
7.646113634109497,205,512,512,513
7.646113634109497,204,513,512,513
7.646113634109497,204,513,512,512
7.649759292602539,204,514,512,512
