time,pos,cur,cmd_pos,cmd_cur
0.0,203,513,512,512
0.0,203,513,512,512
0.0048100948333740234,203,513,512,512
0.005671501159667969,203,513,512,512
0.006598711013793945,203,513,512,512
0.006598711013793945,203,513,512,512
0.006598711013793945,203,513,512,512
0.006598711013793945,203,513,512,512
0.006598711013793945,204,512,512,512
0.006598711013793945,204,512,512,512
0.006598711013793945,204,512,512,512
0.006598711013793945,204,512,512,512
0.006598711013793945,204,512,512,512
0.006598711013793945,204,512,512,512
0.006598711013793945,204,512,512,512
0.006598711013793945,204,512,512,512
0.006598711013793945,204,512,512,512
0.006598711013793945,204,512,512,512
0.006598711013793945,204,512,512,512
0.006598711013793945,204,512,512,512
0.006598711013793945,204,512,512,512
0.020654916763305664,204,512,512,512
0.020654916763305664,203,512,512,512
0.020654916763305664,203,512,512,512
0.020654916763305664,203,513,512,512
0.020654916763305664,203,512,512,512
0.020654916763305664,203,512,512,512
0.020654916763305664,203,512,512,512
0.020654916763305664,203,512,512,512
0.020654916763305664,203,512,512,512
0.020654916763305664,203,513,512,512
0.020654916763305664,203,512,512,512
0.020654916763305664,203,512,512,512
0.020654916763305664,203,512,512,512
0.020654916763305664,203,512,512,512
0.020654916763305664,203,512,512,512
0.020654916763305664,203,512,512,512
0.020654916763305664,203,512,512,512
0.020654916763305664,203,512,512,512
0.03661322593688965,203,512,512,512
0.03765559196472168,203,512,512,512
0.03844761848449707,203,512,512,512
0.03844761848449707,203,512,512,512
0.04206275939941406,203,512,512,512
0.04206275939941406,203,513,512,512
0.04206275939941406,203,512,512,512
0.04206275939941406,202,512,512,512
0.04206275939941406,202,512,512,512
0.044122934341430664,202,512,512,512
0.044122934341430664,202,512,512,512
0.046137094497680664,202,512,512,512
0.046137094497680664,202,513,512,512
0.046137094497680664,202,512,512,512
0.048888444900512695,202,512,512,512
0.048888444900512695,202,512,512,512
0.05090188980102539,202,512,512,512
0.05090188980102539,202,512,512,512
0.052419424057006836,202,512,512,512
0.052419424057006836,202,512,512,512
0.052419424057006836,202,512,512,512
0.05442953109741211,202,512,512,512
0.05442953109741211,202,512,512,512
0.05442953109741211,202,512,512,512
0.05745053291320801,201,512,512,512
0.05745053291320801,202,513,512,512
0.05745053291320801,202,513,512,512
0.05965709686279297,202,512,512,512
0.061248064041137695,202,512,512,512
0.06227755546569824,202,512,512,512
0.06227755546569824,202,512,512,512
0.06227755546569824,202,512,512,512
0.06227755546569824,202,512,512,512
0.06227755546569824,202,512,512,512
0.06227755546569824,202,512,512,512
0.06227755546569824,202,512,512,512
0.06227755546569824,202,512,512,512
0.06877684593200684,202,512,512,512
0.06877684593200684,202,512,512,512
0.07057595252990723,202,512,512,512
0.07143545150756836,202,513,512,512
0.07143545150756836,202,513,512,512
0.07373952865600586,202,512,512,512
0.07373952865600586,202,512,512,512
0.07373952865600586,202,512,512,512
0.07373952865600586,202,512,512,512
0.07373952865600586,202,513,512,512
0.07373952865600586,202,513,512,512
0.07373952865600586,202,512,512,512
0.07373952865600586,202,512,512,512
0.07373952865600586,202,512,512,512
0.07373952865600586,202,512,512,512
0.07373952865600586,202,512,512,512
0.07373952865600586,202,512,512,512
0.07373952865600586,202,512,512,512
0.08454370498657227,202,512,512,512
0.08454370498657227,202,512,512,512
0.08454370498657227,202,513,512,512
0.08454370498657227,202,513,512,512
0.08454370498657227,202,512,512,512
0.08454370498657227,203,512,512,512
0.08454370498657227,203,512,512,512
0.08454370498657227,203,512,512,512
0.0919187068939209,203,512,512,512
0.0919187068939209,203,512,512,512
0.0919187068939209,203,512,512,512
0.0939476490020752,203,512,512,512
0.0939476490020752,203,512,512,512
0.0960245132446289,203,512,512,512
0.0960245132446289,203,512,512,512
0.09803295135498047,203,512,512,512
0.09803295135498047,203,512,512,512
0.10004067420959473,203,512,512,512
0.10004067420959473,203,512,512,512
0.10004067420959473,203,512,512,512
0.10004067420959473,203,512,512,512
0.10004067420959473,203,512,512,512
0.10004067420959473,203,512,512,512
0.10004067420959473,203,512,512,512
0.10004067420959473,203,512,512,512
0.10004067420959473,203,512,512,512
0.10004067420959473,203,513,512,512
0.10004067420959473,203,513,512,512
0.10889840126037598,203,512,512,512
0.10889840126037598,203,512,512,512
0.10889840126037598,203,512,512,512
0.10889840126037598,203,512,512,512
0.10889840126037598,203,512,512,512
0.11372566223144531,204,512,512,512
0.11372566223144531,203,512,512,512
0.11574697494506836,204,512,512,512
0.11574697494506836,204,512,512,512
0.11574697494506836,204,512,512,512
0.11574697494506836,204,512,512,512
0.11574697494506836,204,512,512,512
0.11574697494506836,204,512,512,512
0.11574697494506836,203,512,512,512
0.11574697494506836,203,512,512,512
0.12257599830627441,203,512,512,512
0.12257599830627441,203,512,512,512
0.12257599830627441,203,512,512,512
0.12458682060241699,204,512,512,512
0.12458682060241699,203,512,512,512
0.12458682060241699,203,513,512,512
0.12458682060241699,203,512,512,512
0.12888264656066895,203,512,512,512
0.1294083595275879,203,512,512,512
0.1299152374267578,203,512,512,512
0.1299152374267578,203,512,512,512
0.1320488452911377,203,512,512,512
0.1329801082611084,203,512,512,512
0.1329801082611084,203,511,512,512
0.1329801082611084,203,511,512,512
0.13500523567199707,203,511,512,512
0.13500523567199707,203,512,512,512
0.13701343536376953,203,512,512,512
0.13701343536376953,203,512,512,512
0.1390211582183838,203,512,512,512
0.14002776145935059,203,512,512,512
0.1410083770751953,203,512,512,512
0.1410083770751953,203,512,512,512
0.1410083770751953,203,512,512,512
0.1430647373199463,203,512,512,512
0.1430647373199463,203,512,512,512
0.14507293701171875,202,512,512,512
0.14507293701171875,202,512,512,512
0.14708256721496582,202,512,512,512
0.14809012413024902,202,512,512,512
0.14809012413024902,202,512,512,512
0.14809012413024902,202,512,512,512
0.15009832382202148,202,512,512,512
0.15009832382202148,202,512,512,512
0.15210676193237305,202,512,512,512
0.15210676193237305,202,512,512,512
0.1541152000427246,202,512,512,512
0.1541152000427246,202,512,512,512
0.1541152000427246,202,512,512,512
0.15612411499023438,202,512,512,512
0.15736055374145508,202,512,512,512
0.15736055374145508,202,512,512,512
0.15736055374145508,202,512,512,512
0.15954875946044922,202,512,512,512
0.15954875946044922,202,512,512,512
0.16155648231506348,202,512,512,512
0.16155648231506348,202,513,512,512
0.16356301307678223,202,512,512,512
0.16456985473632812,202,512,512,512
0.16456985473632812,202,512,512,512
0.16456985473632812,202,512,512,512
0.16657519340515137,202,512,512,512
0.16657519340515137,202,512,512,512
0.16858220100402832,202,512,512,512
0.16858220100402832,202,512,512,512
0.16858220100402832,202,512,512,512
0.16858220100402832,202,512,512,512
0.16858220100402832,202,512,512,512
0.17261791229248047,202,512,512,512
0.17426180839538574,202,513,512,512
0.17426180839538574,202,513,512,512
0.17426180839538574,202,512,512,512
0.17622113227844238,202,512,512,512
0.17622113227844238,202,512,512,512
0.17622113227844238,202,512,512,512
0.17622113227844238,202,512,512,512
0.17622113227844238,202,512,512,512
0.17622113227844238,202,512,512,512
0.17622113227844238,202,512,512,512
0.17622113227844238,202,512,512,512
0.17622113227844238,202,512,512,512
0.17622113227844238,202,512,512,512
0.17622113227844238,203,512,512,512
0.17622113227844238,203,512,512,512
0.17622113227844238,203,512,512,512
0.17622113227844238,203,512,512,512
0.18923044204711914,203,512,512,512
0.1895301342010498,203,512,512,512
0.1895301342010498,203,512,512,512
0.19172072410583496,203,512,512,512
0.19172072410583496,203,512,512,512
0.19172072410583496,203,512,512,512
0.19172072410583496,203,512,512,512
0.19172072410583496,203,512,512,512
0.19172072410583496,203,512,512,512
0.19643926620483398,203,512,512,512
0.19643926620483398,203,512,512,512
0.19643926620483398,203,512,512,512
0.19643926620483398,203,512,512,512
0.20008039474487305,203,512,512,512
0.20008039474487305,203,512,512,512
0.20008039474487305,203,512,512,512
0.20008039474487305,203,512,512,512
0.20008039474487305,203,512,512,512
0.2045581340789795,203,512,512,512
0.2045581340789795,204,512,512,512
0.2045581340789795,203,511,512,512
0.2045581340789795,203,512,512,512
0.20798540115356445,203,512,512,512
0.20798540115356445,203,512,512,512
0.20798540115356445,203,512,512,512
0.20798540115356445,203,512,512,512
0.21151161193847656,203,513,512,512
0.21232199668884277,203,512,512,512
0.21232199668884277,203,512,512,512
0.21232199668884277,203,512,512,512
0.21232199668884277,203,512,512,512
0.21232199668884277,203,512,512,512
0.21232199668884277,203,512,512,512
0.21232199668884277,203,512,512,512
0.21232199668884277,203,512,512,512
0.21232199668884277,203,512,512,512
0.2203660011291504,203,512,512,512
0.2203660011291504,203,512,512,512
0.2203660011291504,203,512,512,512
0.2203660011291504,203,512,512,512
0.2203660011291504,203,512,512,512
0.2203660011291504,203,512,512,512
0.22511839866638184,203,512,512,512
0.22511839866638184,203,512,512,512
0.22511839866638184,203,512,512,512
0.22511839866638184,203,512,512,512
0.22511839866638184,203,512,512,512
0.22511839866638184,203,512,512,512
0.22511839866638184,203,512,512,512
0.22511839866638184,203,512,512,512
0.22511839866638184,203,512,512,512
0.22511839866638184,203,512,512,512
0.22511839866638184,203,512,512,512
0.22511839866638184,203,512,512,512
0.23605823516845703,203,512,512,512
0.23605823516845703,203,512,512,512
0.23605823516845703,203,512,512,512
0.23605823516845703,202,512,512,512
0.23605823516845703,202,512,512,512
0.23605823516845703,203,512,512,512
0.2417762279510498,203,512,512,512
0.2417762279510498,203,512,512,512
0.2417762279510498,203,512,512,512
0.2417762279510498,203,512,512,512
0.2417762279510498,203,512,512,512
0.2417762279510498,203,512,512,512
0.2417762279510498,203,511,512,512
0.2417762279510498,203,512,512,512
0.2417762279510498,203,512,512,512
0.2417762279510498,202,512,512,512
0.2417762279510498,202,512,512,512
0.2417762279510498,202,512,512,512
0.2517824172973633,202,512,512,512
0.2517824172973633,202,512,512,512
0.2517824172973633,202,513,512,512
0.2517824172973633,202,512,512,512
0.2517824172973633,202,512,512,512
0.2517824172973633,202,512,512,512
0.2517824172973633,202,512,512,512
0.2517824172973633,202,512,512,512
0.2517824172973633,202,512,512,512
0.2517824172973633,202,512,512,512
0.2517824172973633,202,512,512,512
0.2517824172973633,202,512,512,512
0.2517824172973633,202,512,512,512
0.2517824172973633,202,512,512,512
0.2517824172973633,202,512,512,512
0.2517824172973633,202,512,512,512
0.2517824172973633,202,512,512,512
0.2517824172973633,202,512,512,512
0.2675013542175293,202,512,512,512
0.2675013542175293,202,512,512,512
0.2675013542175293,202,512,512,512
0.2675013542175293,202,512,512,512
0.2675013542175293,202,512,512,512
0.2675013542175293,202,512,512,512
0.2675013542175293,202,512,512,512
0.2675013542175293,202,512,512,512
0.2675013542175293,202,512,512,512
0.2675013542175293,202,512,512,512
0.2675013542175293,202,512,512,512
0.2675013542175293,203,512,512,512
0.2675013542175293,202,512,512,512
0.2675013542175293,202,512,512,512
0.2675013542175293,203,511,512,512
0.2675013542175293,203,512,512,512
0.2675013542175293,203,512,512,512
0.2675013542175293,203,511,512,512
0.28317713737487793,203,512,512,512
0.28438615798950195,203,512,512,512
0.28438615798950195,203,512,512,512
0.28624916076660156,203,512,512,512
0.28624916076660156,203,512,512,512
0.2880091667175293,203,512,512,512
0.2886824607849121,203,512,512,512
0.2886824607849121,203,512,512,512
0.2886824607849121,203,512,512,512
0.2913198471069336,203,512,512,512
0.29163360595703125,203,512,512,512
0.29163360595703125,203,512,512,512
0.29163360595703125,203,512,512,512
0.29163360595703125,203,512,512,512
0.29163360595703125,203,512,512,512
0.29163360595703125,203,512,512,512
0.29163360595703125,203,512,512,512
0.29163360595703125,203,512,512,512
0.29940199851989746,203,512,512,512
0.29940199851989746,203,512,512,512
0.3004112243652344,203,512,512,512
0.3004112243652344,204,512,512,512
0.3004112243652344,204,512,512,512
0.3004112243652344,203,512,512,512
0.3004112243652344,203,512,512,512
0.3004112243652344,203,512,512,512
0.3004112243652344,203,512,512,512
0.3004112243652344,203,512,512,512
0.30759739875793457,203,512,512,512
0.30759739875793457,203,513,512,512
0.30759739875793457,203,512,512,512
0.30759739875793457,203,512,512,512
0.30759739875793457,204,512,512,512
0.30759739875793457,204,512,512,512
0.30759739875793457,204,512,512,512
0.30759739875793457,204,512,512,512
0.3152000904083252,204,512,512,512
0.3152000904083252,204,512,512,512
0.31620192527770996,204,512,512,512
0.317781925201416,204,512,512,512
0.318634033203125,203,512,512,512
0.3190925121307373,203,511,512,512
0.3190925121307373,203,512,512,512
0.3190925121307373,203,512,512,512
0.3190925121307373,203,512,512,512
0.3190925121307373,203,512,512,512
0.3190925121307373,203,512,512,512
0.3190925121307373,203,512,512,512
0.3190925121307373,203,512,512,512
0.3190925121307373,203,512,512,512
0.3190925121307373,203,512,512,512
0.3190925121307373,203,512,512,512
0.3190925121307373,203,512,512,512
0.3190925121307373,203,512,512,512
0.3308556079864502,203,512,512,512
0.3308556079864502,203,512,512,512
0.3308556079864502,203,512,512,512
0.3308556079864502,203,512,512,512
0.3308556079864502,203,512,512,512
0.3308556079864502,203,512,512,512
0.3308556079864502,203,512,512,512
0.3308556079864502,203,512,512,512
0.3308556079864502,203,512,512,512
0.3308556079864502,203,512,512,512
0.3308556079864502,203,512,512,512
0.3308556079864502,203,512,512,512
0.3308556079864502,203,512,512,512
0.3308556079864502,203,512,512,512
0.3308556079864502,203,512,512,512
0.3308556079864502,203,512,512,512
0.3308556079864502,202,512,512,512
0.3308556079864502,202,512,512,512
0.3467426300048828,202,512,512,512
0.3467426300048828,202,512,512,512
0.3467426300048828,202,512,512,512
0.3467426300048828,202,512,512,512
0.3467426300048828,202,512,512,512
0.3467426300048828,202,512,512,512
0.3467426300048828,202,512,512,512
0.3467426300048828,202,512,512,512
0.3467426300048828,202,512,512,512
0.3467426300048828,202,512,512,512
0.3467426300048828,202,512,512,512
0.3467426300048828,202,512,512,512
0.3467426300048828,202,512,512,512
0.3467426300048828,202,512,512,512
0.3467426300048828,202,512,512,512
0.3467426300048828,202,512,512,512
0.3467426300048828,202,512,512,512
0.3467426300048828,202,511,512,512
0.3624703884124756,202,511,512,512
0.3624703884124756,202,512,512,512
0.3624703884124756,202,512,512,512
0.3624703884124756,202,511,512,512
0.3624703884124756,202,512,512,512
0.3624703884124756,202,512,512,512
0.3624703884124756,202,512,512,512
0.3624703884124756,202,512,512,512
0.3624703884124756,202,513,512,512
0.3624703884124756,202,512,512,512
0.3624703884124756,202,512,512,512
0.3624703884124756,202,512,512,512
0.3624703884124756,202,512,512,512
0.3624703884124756,202,512,512,512
0.3624703884124756,202,512,512,512
0.3624703884124756,202,512,512,512
0.3624703884124756,202,512,512,512
0.3624703884124756,202,512,512,512
0.3781733512878418,202,512,512,512
0.3781733512878418,202,512,512,512
0.379361629486084,202,512,512,512
0.38074398040771484,202,512,512,512
0.38074398040771484,202,512,512,512
0.38074398040771484,203,512,512,512
0.38074398040771484,203,512,512,512
0.38074398040771484,203,512,512,512
0.38074398040771484,203,512,512,512
0.38074398040771484,203,512,512,512
0.38074398040771484,203,512,512,512
0.38074398040771484,203,512,512,512
0.38074398040771484,203,512,512,512
0.38074398040771484,203,512,512,512
0.38074398040771484,203,512,512,512
0.38074398040771484,203,512,512,512
0.38074398040771484,203,512,512,512
0.38074398040771484,203,512,512,512
0.3938133716583252,203,512,512,512
0.3938133716583252,203,512,512,512
0.3938133716583252,203,512,512,512
0.3938133716583252,203,512,512,512
0.3938133716583252,203,512,512,512
0.3938133716583252,203,512,512,512
0.3938133716583252,203,513,512,512
0.3938133716583252,203,512,512,512
0.4004628658294678,203,512,512,512
0.4004628658294678,203,512,512,512
0.4004628658294678,203,512,512,512
0.4004628658294678,203,512,512,512
0.4004628658294678,203,512,512,512
0.4004628658294678,203,512,512,512
0.4004628658294678,203,512,512,512
0.4004628658294678,203,512,512,512
0.4004628658294678,203,512,512,512
0.4004628658294678,203,512,512,512
0.40950942039489746,203,512,512,512
0.40950942039489746,203,512,512,512
0.40950942039489746,203,512,512,512
0.40950942039489746,203,513,512,512
0.40950942039489746,204,512,512,512
0.40950942039489746,203,512,512,512
0.40950942039489746,203,512,512,512
0.40950942039489746,203,512,512,512
0.40950942039489746,203,512,512,512
0.40950942039489746,203,512,512,512
0.40950942039489746,203,512,512,512
0.40950942039489746,203,512,512,512
0.40950942039489746,203,512,512,512
0.40950942039489746,203,512,512,512
0.40950942039489746,203,512,512,512
0.40950942039489746,203,512,512,512
0.40950942039489746,203,512,512,512
0.40950942039489746,203,512,512,512
0.4252200126647949,203,512,512,512
0.4267613887786865,203,512,512,512
0.4272642135620117,203,512,512,512
0.4272642135620117,203,512,512,512
0.4272642135620117,203,512,512,512
0.4272642135620117,203,512,512,512
0.4272642135620117,203,512,512,512
0.4272642135620117,203,512,512,512
0.4272642135620117,203,511,512,512
0.4272642135620117,203,511,512,512
0.4272642135620117,203,511,512,512
0.4272642135620117,203,511,512,512
0.4272642135620117,203,512,512,512
0.4272642135620117,203,512,512,512
0.4272642135620117,203,512,512,512
0.4272642135620117,202,512,512,512
0.4272642135620117,202,512,512,512
0.4272642135620117,202,512,512,512
0.4409668445587158,202,512,512,512
0.4409668445587158,202,513,512,512
0.4409668445587158,203,513,512,512
0.4409668445587158,203,512,512,512
0.4409668445587158,202,512,512,512
0.4409668445587158,202,512,512,512
0.4409668445587158,202,512,512,512
0.4409668445587158,202,512,512,512
0.4409668445587158,202,512,512,512
0.4409668445587158,203,512,512,512
0.4409668445587158,203,511,512,512
0.4409668445587158,203,511,512,512
0.4409668445587158,203,512,512,512
0.4409668445587158,203,511,512,512
0.4409668445587158,203,511,512,512
0.4409668445587158,202,512,512,512
0.4409668445587158,202,512,512,512
0.4409668445587158,202,512,512,512
0.45691561698913574,202,512,512,512
0.45691561698913574,202,512,512,512
0.45691561698913574,202,512,512,512
0.45691561698913574,202,512,512,512
0.45691561698913574,202,512,512,512
0.46144962310791016,202,512,512,512
0.46203041076660156,202,512,512,512
0.46203041076660156,202,512,512,512
0.46203041076660156,202,512,512,512
0.46203041076660156,202,512,512,512
0.46203041076660156,202,512,512,512
0.46203041076660156,202,512,512,512
0.46203041076660156,202,512,512,512
0.46203041076660156,202,512,512,512
0.46203041076660156,202,512,512,512
0.46203041076660156,202,512,512,512
0.46203041076660156,202,512,512,512
0.46203041076660156,202,512,512,512
0.47260212898254395,202,512,512,512
0.47260212898254395,202,512,512,512
0.47260212898254395,202,512,512,512
0.47260212898254395,203,512,512,512
0.47260212898254395,203,512,512,512
0.47260212898254395,203,512,512,512
0.47260212898254395,203,512,512,512
0.47260212898254395,202,512,512,512
0.47260212898254395,203,512,512,512
0.47260212898254395,203,512,512,512
0.47260212898254395,203,512,512,512
0.47260212898254395,203,512,512,512
0.47260212898254395,203,512,512,512
0.47260212898254395,203,512,512,512
0.47260212898254395,203,512,512,512
0.47260212898254395,203,512,512,512
0.47260212898254395,203,512,512,512
0.47260212898254395,203,512,512,512
0.48853254318237305,203,512,512,512
0.48853254318237305,203,512,512,512
0.48853254318237305,203,512,512,512
0.48853254318237305,203,512,512,512
0.48853254318237305,203,512,512,512
0.48853254318237305,203,512,512,512
0.49350523948669434,203,512,512,512
0.49350523948669434,203,512,512,512
0.49350523948669434,203,512,512,512
0.4961874485015869,203,512,512,512
0.4961874485015869,204,512,512,512
0.4961874485015869,204,512,512,512
0.4961874485015869,204,512,512,512
0.4961874485015869,204,512,512,512
0.5001108646392822,204,512,512,512
0.5014200210571289,203,512,512,512
0.5014200210571289,204,512,512,512
0.5014200210571289,204,512,512,512
0.5014200210571289,204,512,512,512
0.5014200210571289,204,512,512,512
0.5014200210571289,204,512,512,512
0.507603645324707,204,512,512,512
0.507603645324707,204,511,512,512
0.507603645324707,204,511,512,512
0.5094189643859863,204,512,512,512
0.5094189643859863,204,511,512,512
0.5094189643859863,204,511,512,512
0.5094189643859863,204,512,512,512
0.5094189643859863,204,512,512,512
0.5094189643859863,204,512,512,512
0.5094189643859863,203,512,512,512
0.5094189643859863,203,512,512,512
0.515697717666626,203,512,512,512
0.515697717666626,203,511,512,512
0.515697717666626,203,511,512,512
0.515697717666626,203,512,512,512
0.515697717666626,203,512,512,512
0.515697717666626,204,512,512,512
0.515697717666626,204,512,512,512
0.515697717666626,204,512,512,512
0.52390456199646,203,512,512,512
0.52390456199646,203,512,512,512
0.52390456199646,203,512,512,512
0.5259177684783936,203,512,512,512
0.5259177684783936,203,512,512,512
0.5259177684783936,203,512,512,512
0.5259177684783936,203,512,512,512
0.5259177684783936,203,512,512,512
0.5259177684783936,203,512,512,512
0.5259177684783936,203,512,512,512
0.5320675373077393,203,511,512,512
0.5320675373077393,203,512,512,512
0.5320675373077393,203,512,512,512
0.5320675373077393,203,512,512,512
0.5320675373077393,203,512,512,512
0.5320675373077393,203,512,512,512
0.5320675373077393,203,512,512,512
0.5320675373077393,203,512,512,512
0.5320675373077393,203,512,512,512
0.5320675373077393,203,512,512,512
0.5418567657470703,203,512,512,512
0.5418567657470703,203,512,512,512
0.5418567657470703,203,512,512,512
0.5418567657470703,203,512,512,512
0.5418567657470703,203,512,512,512
0.5418567657470703,203,512,512,512
0.5418567657470703,203,512,512,512
0.5418567657470703,203,511,512,512
0.5418567657470703,203,511,512,512
0.5418567657470703,202,511,512,512
0.5418567657470703,202,511,512,512
0.5418567657470703,202,511,512,512
0.5418567657470703,202,512,512,512
0.5418567657470703,202,512,512,512
0.5418567657470703,202,512,512,512
0.5418567657470703,202,512,512,512
0.5418567657470703,202,512,512,512
0.5418567657470703,202,512,512,512
0.5566940307617188,202,512,512,512
0.5566940307617188,202,512,512,512
0.5566940307617188,202,512,512,512
0.5588059425354004,202,512,512,512
0.5588059425354004,202,512,512,512
0.5588059425354004,202,512,512,512
0.5588059425354004,202,512,512,512
0.5588059425354004,202,512,512,512
0.5588059425354004,202,512,512,512
0.5588059425354004,202,512,512,512
0.5588059425354004,202,512,512,512
0.5588059425354004,202,512,512,512
0.5588059425354004,202,512,512,512
0.5588059425354004,202,512,512,512
0.5588059425354004,203,512,512,512
0.5588059425354004,203,512,512,512
0.5588059425354004,203,512,512,512
0.5588059425354004,203,512,512,512
0.5722427368164062,203,512,512,512
0.572613000869751,203,512,512,512
0.5746250152587891,203,512,512,512
0.5746250152587891,203,512,512,512
0.5746250152587891,203,512,512,512
0.5746250152587891,203,512,512,512
0.5766379833221436,203,512,512,512
0.5766379833221436,203,512,512,512
0.5766379833221436,203,512,512,512
0.5766379833221436,203,512,512,512
0.5766379833221436,203,512,512,512
0.5766379833221436,203,512,512,512
0.5766379833221436,203,512,512,512
0.5766379833221436,203,512,512,512
0.5766379833221436,203,512,512,512
0.5766379833221436,203,512,512,512
0.5766379833221436,203,511,512,512
0.5766379833221436,203,511,512,512
0.587315559387207,203,512,512,512
0.587315559387207,203,511,512,512
0.587315559387207,203,511,512,512
0.587315559387207,203,511,512,512
0.5914855003356934,203,512,512,512
0.5923829078674316,203,511,512,512
0.5929312705993652,204,512,512,512
0.5929312705993652,204,512,512,512
0.5929312705993652,204,512,512,512
0.5956447124481201,204,512,512,512
0.5956447124481201,204,512,512,512
0.5956447124481201,204,512,512,512
0.5956447124481201,204,511,512,512
0.5956447124481201,204,511,512,512
0.5956447124481201,204,512,512,512
0.6004133224487305,204,512,512,512
0.6004133224487305,204,512,512,512
0.6004133224487305,204,512,512,512
0.6038095951080322,204,512,512,512
0.6038095951080322,204,512,512,512
0.6038095951080322,204,512,512,512
0.6038095951080322,204,512,512,512
0.6038095951080322,204,512,512,512
0.6038095951080322,204,512,512,512
0.6084094047546387,204,512,512,512
0.6084094047546387,204,512,512,512
0.6084094047546387,204,512,512,512
0.6118836402893066,204,512,512,512
0.6126918792724609,204,512,512,512
0.6131927967071533,204,512,512,512
0.6131927967071533,204,512,512,512
0.6131927967071533,203,512,512,512
0.6131927967071533,203,512,512,512
0.6131927967071533,203,512,512,512
0.6131927967071533,203,512,512,512
0.6131927967071533,204,512,512,512
0.6131927967071533,204,512,512,512
0.6202178001403809,204,511,512,512
0.6202178001403809,204,511,512,512
0.6202178001403809,203,511,512,512
0.6202178001403809,203,511,512,512
0.6202178001403809,203,512,512,512
0.6249563694000244,203,512,512,512
0.6249563694000244,203,512,512,512
0.6264150142669678,203,512,512,512
0.6264150142669678,203,512,512,512
0.6264150142669678,203,512,512,512
0.628563404083252,203,512,512,512
0.628563404083252,203,512,512,512
0.628563404083252,203,512,512,512
0.628563404083252,203,512,512,512
0.628563404083252,203,512,512,512
0.628563404083252,203,512,512,512
0.628563404083252,203,512,512,512
0.628563404083252,203,512,512,512
0.628563404083252,203,512,512,512
0.6370410919189453,203,512,512,512
0.6380620002746582,203,512,512,512
0.6380620002746582,203,512,512,512
0.6380620002746582,203,512,512,512
0.6380620002746582,203,512,512,512
0.6380620002746582,203,512,512,512
0.6420128345489502,203,512,512,512
0.6420128345489502,203,512,512,512
0.6420128345489502,202,512,512,512
0.6420128345489502,202,512,512,512
0.6450746059417725,202,512,512,512
0.6450746059417725,202,512,512,512
0.6450746059417725,202,512,512,512
0.6450746059417725,203,512,512,512
0.6450746059417725,202,512,512,512
0.6450746059417725,202,512,512,512
0.6450746059417725,202,512,512,512
0.6450746059417725,202,512,512,512
0.6450746059417725,202,512,512,512
0.6549942493438721,202,512,512,512
0.6549942493438721,202,512,512,512
0.6549942493438721,202,512,512,512
0.6560389995574951,203,512,512,512
0.6569943428039551,203,512,512,512
0.6569943428039551,203,512,512,512
0.6585333347320557,203,512,512,512
0.6596846580505371,203,512,512,512
0.6596846580505371,203,512,512,512
0.661231517791748,203,512,512,512
0.661231517791748,203,511,512,512
0.6627781391143799,202,511,512,512
0.6627781391143799,202,511,512,512
0.6643192768096924,202,512,512,512
0.6643192768096924,202,512,512,512
0.6658651828765869,202,512,512,512
0.6675217151641846,202,512,512,512
0.6675217151641846,202,512,512,512
0.6691198348999023,202,512,512,512
0.6691198348999023,202,512,512,512
0.6708805561065674,202,512,512,512
0.6708805561065674,202,512,512,512
0.6724588871002197,203,512,512,512
0.6740219593048096,203,512,512,512
0.6746673583984375,203,512,512,512
0.6754024028778076,203,512,512,512
0.6754024028778076,203,512,512,512
0.6769576072692871,203,512,512,512
0.6769576072692871,203,512,512,512
0.6784999370574951,203,512,512,512
0.6800448894500732,203,512,512,512
0.6800448894500732,203,512,512,512
0.6816999912261963,203,512,512,512
0.6816999912261963,203,512,512,512
0.6832616329193115,203,512,512,512
0.6832616329193115,203,512,512,512
0.684847354888916,203,512,512,512
0.684847354888916,203,512,512,512
0.6864335536956787,203,512,512,512
0.6880121231079102,203,512,512,512
0.6880121231079102,203,512,512,512
0.689586877822876,203,512,512,512
0.6911427974700928,203,512,512,512
0.6911427974700928,203,512,512,512
0.6916983127593994,203,512,512,512
0.6916983127593994,203,512,512,512
0.6916983127593994,203,512,512,512
0.6916983127593994,203,512,512,512
0.6916983127593994,203,512,512,512
0.6916983127593994,203,512,512,512
0.6916983127593994,203,512,512,512
0.6916983127593994,203,512,512,512
0.6916983127593994,204,512,512,512
0.6916983127593994,204,511,512,512
0.7009749412536621,204,511,512,512
0.7018837928771973,204,511,512,512
0.7018837928771973,204,511,512,512
0.7018837928771973,203,512,512,512
0.7018837928771973,203,512,512,512
0.7018837928771973,203,512,512,512
0.7018837928771973,203,512,512,512
0.7018837928771973,203,512,512,512
0.7018837928771973,203,512,512,512
0.7018837928771973,203,512,512,512
0.7018837928771973,203,512,512,512
0.7018837928771973,203,512,512,512
0.7018837928771973,203,512,512,512
0.7018837928771973,203,511,512,512
0.7018837928771973,203,511,512,512
0.7018837928771973,203,511,512,512
0.7018837928771973,204,512,512,512
0.7018837928771973,203,512,512,512
0.7162222862243652,203,512,512,512
0.7173054218292236,203,512,512,512
0.7173054218292236,203,512,512,512
0.7198240756988525,203,512,512,512
0.7198240756988525,203,512,512,512
0.7198240756988525,203,512,512,512
0.7198240756988525,203,512,512,512
0.7198240756988525,203,512,512,512
0.7198240756988525,203,512,512,512
0.7198240756988525,203,512,512,512
0.7198240756988525,203,512,512,512
0.7198240756988525,203,512,512,512
0.7198240756988525,203,512,512,512
0.7198240756988525,203,512,512,512
0.7198240756988525,203,512,512,512
0.7198240756988525,203,512,512,512
0.7198240756988525,203,512,512,512
0.7198240756988525,203,512,512,512
0.7320353984832764,203,512,512,512
0.7330896854400635,203,511,512,512
0.7340946197509766,203,511,512,512
0.7346065044403076,203,511,512,512
0.7346065044403076,202,511,512,512
0.7346065044403076,202,511,512,512
0.7346065044403076,202,511,512,512
0.7346065044403076,202,511,512,512
0.7346065044403076,202,511,512,512
0.7346065044403076,202,512,512,512
0.7346065044403076,202,512,512,512
0.7346065044403076,203,512,512,512
0.7346065044403076,203,512,512,512
0.7346065044403076,203,512,512,512
0.7346065044403076,203,512,512,512
0.7346065044403076,203,512,512,512
0.7346065044403076,203,512,512,512
0.7346065044403076,203,512,512,512
0.7479074001312256,202,512,512,512
0.7479074001312256,202,512,512,512
0.7479074001312256,202,512,512,512
0.7479074001312256,202,511,512,512
0.7479074001312256,202,512,512,512
0.7479074001312256,202,512,512,512
0.7479074001312256,202,512,512,512
0.7479074001312256,202,512,512,512
0.7479074001312256,202,512,512,512
0.7479074001312256,202,512,512,512
0.7479074001312256,202,512,512,512
0.7479074001312256,202,512,512,512
0.7479074001312256,202,512,512,512
0.7479074001312256,202,512,512,512
0.7479074001312256,202,512,512,512
0.7479074001312256,202,512,512,512
0.7479074001312256,202,512,512,512
0.7479074001312256,202,512,512,512
0.7635478973388672,202,512,512,512
0.7635478973388672,202,512,512,512
0.7655761241912842,202,512,512,512
0.7666723728179932,202,512,512,512
0.7666723728179932,202,512,512,512
0.7666723728179932,202,512,512,512
0.7666723728179932,202,512,512,512
0.7666723728179932,203,512,512,512
0.7666723728179932,203,512,512,512
0.7666723728179932,203,512,512,512
0.7666723728179932,203,512,512,512
0.7666723728179932,203,512,512,512
0.7666723728179932,203,511,512,512
0.7666723728179932,203,511,512,512
0.7666723728179932,202,512,512,512
0.7666723728179932,202,512,512,512
0.7666723728179932,203,512,512,512
0.7666723728179932,203,512,512,512
0.7792806625366211,203,512,512,512
0.7792806625366211,203,512,512,512
0.7792806625366211,203,512,512,512
0.7792806625366211,203,512,512,512
0.7792806625366211,203,512,512,512
0.7792806625366211,203,512,512,512
0.7792806625366211,203,512,512,512
0.7792806625366211,203,512,512,512
0.7792806625366211,203,512,512,512
0.7792806625366211,203,512,512,512
0.7792806625366211,203,512,512,512
0.7792806625366211,203,512,512,512
0.7792806625366211,203,512,512,512
0.7792806625366211,203,512,512,512
0.7792806625366211,203,512,512,512
0.7792806625366211,203,512,512,512
0.7792806625366211,203,512,512,512
0.7792806625366211,203,512,512,512
0.7952144145965576,203,512,512,512
0.7952144145965576,203,512,512,512
0.7952144145965576,203,512,512,512
0.7952144145965576,203,512,512,512
0.7952144145965576,203,512,512,512
0.7952144145965576,203,512,512,512
0.7952144145965576,203,512,512,512
0.8007996082305908,203,512,512,512
0.8007996082305908,203,512,512,512
0.8007996082305908,203,512,512,512
0.8007996082305908,203,512,512,512
0.8007996082305908,203,512,512,512
0.8007996082305908,203,512,512,512
0.8007996082305908,203,512,512,512
0.8007996082305908,203,512,512,512
0.8007996082305908,203,512,512,512
0.8007996082305908,203,512,512,512
0.8007996082305908,203,512,512,512
0.8113369941711426,203,512,512,512
0.8121042251586914,203,512,512,512
0.8125553131103516,203,512,512,512
0.8139660358428955,204,512,512,512
0.8144505023956299,203,511,512,512
0.8144505023956299,203,511,512,512
0.8144505023956299,203,511,512,512
0.8144505023956299,203,511,512,512
0.8144505023956299,203,511,512,512
0.8144505023956299,203,511,512,512
0.8196651935577393,203,512,512,512
0.8196651935577393,203,511,512,512
0.8196651935577393,203,512,512,512
0.8196651935577393,203,512,512,512
0.8196651935577393,203,512,512,512
0.8196651935577393,203,512,512,512
0.8252065181732178,203,512,512,512
0.8256568908691406,203,512,512,512
0.8266737461090088,203,512,512,512
0.8266737461090088,203,512,512,512
0.828254222869873,203,512,512,512
0.828254222869873,203,512,512,512
0.8298294544219971,203,512,512,512
0.8313696384429932,203,512,512,512
0.8323197364807129,203,512,512,512
0.832848310470581,203,512,512,512
0.832848310470581,203,512,512,512
0.832848310470581,203,512,512,512
0.832848310470581,203,512,512,512
0.832848310470581,203,512,512,512
0.8366358280181885,203,512,512,512
0.8366358280181885,203,512,512,512
0.8366358280181885,203,512,512,512
0.8366358280181885,203,512,512,512
0.8366358280181885,203,512,512,512
0.8416318893432617,203,512,512,512
0.8416318893432617,203,512,512,512
0.8435964584350586,203,512,512,512
0.8435964584350586,203,512,512,512
0.8435964584350586,203,512,512,512
0.8435964584350586,203,512,512,512
0.8435964584350586,203,512,512,512
0.8435964584350586,203,512,512,512
0.8435964584350586,203,512,512,512
0.8435964584350586,202,512,512,512
0.8435964584350586,203,512,512,512
0.8435964584350586,203,512,512,512
0.8435964584350586,203,512,512,512
0.8524770736694336,203,512,512,512
0.8540859222412109,203,512,512,512
0.8546154499053955,203,512,512,512
0.8546154499053955,202,512,512,512
0.8546154499053955,202,512,512,512
0.8546154499053955,202,512,512,512
0.8546154499053955,202,511,512,512
0.8546154499053955,202,512,512,512
0.8546154499053955,202,512,512,512
0.8546154499053955,202,512,512,512
0.8546154499053955,203,512,512,512
0.8546154499053955,203,512,512,512
0.8546154499053955,203,512,512,512
0.8546154499053955,203,512,512,512
0.8546154499053955,203,512,512,512
0.8546154499053955,202,511,512,512
0.8546154499053955,202,512,512,512
0.8546154499053955,202,512,512,512
0.8682653903961182,202,512,512,512
0.8682653903961182,202,512,512,512
0.8682653903961182,203,512,512,512
0.8682653903961182,203,512,512,512
0.8682653903961182,203,512,512,512
0.8682653903961182,203,512,512,512
0.8682653903961182,203,512,512,512
0.8682653903961182,203,512,512,512
0.8682653903961182,203,512,512,512
0.8682653903961182,203,512,512,512
0.8682653903961182,203,512,512,512
0.8682653903961182,203,512,512,512
0.8682653903961182,203,512,512,512
0.8682653903961182,203,512,512,512
0.8682653903961182,203,512,512,512
0.8682653903961182,203,512,512,512
0.8682653903961182,203,512,512,512
0.8682653903961182,203,512,512,512
0.8841729164123535,203,512,512,512
0.8841729164123535,203,512,512,512
0.8841729164123535,203,512,512,512
0.8841729164123535,203,512,512,512
0.8841729164123535,203,512,512,512
0.8888199329376221,203,512,512,512
0.8888199329376221,203,512,512,512
0.8888199329376221,203,511,512,512
0.8888199329376221,203,512,512,512
0.8888199329376221,203,512,512,512
0.8888199329376221,203,512,512,512
0.8935201168060303,203,512,512,512
0.8935201168060303,203,512,512,512
0.8955297470092773,203,512,512,512
0.8955297470092773,203,512,512,512
0.8975386619567871,203,512,512,512
0.8975386619567871,203,512,512,512
0.8975386619567871,203,512,512,512
0.899545431137085,203,512,512,512
0.9010543823242188,203,512,512,512
0.9010543823242188,203,512,512,512
0.9010543823242188,203,512,512,512
0.9037582874298096,203,512,512,512
0.9037582874298096,203,512,512,512
0.9037582874298096,203,512,512,512
0.9060356616973877,203,512,512,512
0.9060356616973877,203,512,512,512
0.9060356616973877,203,512,512,512
0.9060356616973877,203,512,512,512
0.9060356616973877,203,513,512,512
0.9060356616973877,203,513,512,512
0.9060356616973877,203,513,512,512
0.9060356616973877,203,512,512,512
0.9060356616973877,203,512,512,512
0.9060356616973877,203,512,512,512
0.9060356616973877,203,512,512,512
0.9155280590057373,203,512,512,512
0.9155280590057373,203,512,512,512
0.9155280590057373,203,512,512,512
0.9155280590057373,203,512,512,512
0.9155280590057373,203,512,512,512
0.9155280590057373,203,512,512,512
0.9155280590057373,203,512,512,512
0.9155280590057373,203,512,512,512
0.9155280590057373,203,512,512,512
0.9155280590057373,203,512,512,512
0.9155280590057373,203,512,512,512
0.9155280590057373,203,512,512,512
0.9155280590057373,203,512,512,512
0.9155280590057373,203,512,512,512
0.9155280590057373,203,512,512,512
0.9155280590057373,203,512,512,512
0.9155280590057373,203,512,512,512
0.9155280590057373,203,512,512,512
0.9312078952789307,202,512,512,512
0.9312078952789307,202,512,512,512
0.9312078952789307,202,512,512,512
0.9312078952789307,202,512,512,512
0.9312078952789307,202,512,512,512
0.9312078952789307,202,512,512,512
0.9312078952789307,202,512,512,512
0.9312078952789307,202,512,512,512
0.9312078952789307,202,512,512,512
0.9312078952789307,202,512,512,512
0.9312078952789307,202,512,512,512
0.9312078952789307,202,512,512,512
0.9312078952789307,202,512,512,512
0.9312078952789307,202,512,512,512
0.9312078952789307,202,512,512,512
0.9312078952789307,202,512,512,512
0.9312078952789307,202,512,512,512
0.9312078952789307,202,512,512,512
0.9470162391662598,202,512,512,512
0.9482865333557129,202,512,512,512
0.9488754272460938,202,512,512,512
0.9488754272460938,202,512,512,512
0.9503693580627441,202,512,512,512
0.9503693580627441,202,512,512,512
0.9503693580627441,202,512,512,512
0.9503693580627441,202,512,512,512
0.9503693580627441,202,512,512,512
0.9503693580627441,202,512,512,512
0.9503693580627441,202,512,512,512
0.9503693580627441,202,512,512,512
0.9503693580627441,202,512,512,512
0.9503693580627441,202,513,512,512
0.9503693580627441,202,512,512,512
0.9503693580627441,202,512,512,512
0.9503693580627441,202,512,512,512
0.9503693580627441,203,512,512,512
0.9629383087158203,203,512,512,512
0.9629383087158203,202,512,512,512
0.9649527072906494,202,513,512,512
0.9649527072906494,202,512,512,512
0.9649527072906494,202,512,512,512
0.9669651985168457,202,512,512,512
0.9669651985168457,203,512,512,512
0.9689726829528809,203,512,512,512
0.9689726829528809,203,512,512,512
0.9689726829528809,203,512,512,512
0.9689726829528809,203,512,512,512
0.9689726829528809,203,512,512,512
0.9689726829528809,203,512,512,512
0.9689726829528809,203,512,512,512
0.9689726829528809,203,512,512,512
0.9689726829528809,203,512,512,512
0.9689726829528809,203,513,512,512
0.9689726829528809,203,512,512,512
0.9787440299987793,203,512,512,512
0.9787440299987793,203,512,512,512
0.9787440299987793,203,512,512,512
0.9787440299987793,203,512,512,512
0.9787440299987793,203,512,512,512
0.9787440299987793,203,512,512,512
0.9787440299987793,203,512,512,512
0.9787440299987793,203,512,512,512
0.9787440299987793,203,512,512,512
0.9787440299987793,203,512,512,512
0.9787440299987793,203,512,512,512
0.9787440299987793,203,512,512,512
0.9787440299987793,203,512,512,512
0.9787440299987793,203,512,512,512
0.9787440299987793,203,512,512,512
0.99186110496521,203,512,512,512
0.99186110496521,203,512,512,512
0.99186110496521,203,512,512,512
0.9948220252990723,203,512,512,512
0.9956071376800537,203,513,512,512
0.9956071376800537,203,512,512,512
0.9956071376800537,203,512,512,512
0.9956071376800537,203,512,512,512
0.9956071376800537,203,512,512,512
0.9956071376800537,203,512,512,512
0.9956071376800537,203,512,512,512
1.0009818077087402,203,512,512,512
1.0009818077087402,203,512,512,512
1.0009818077087402,203,512,512,512
1.0009818077087402,203,512,512,512
1.0009818077087402,203,512,512,512
1.0009818077087402,203,512,512,512
1.0009818077087402,203,512,512,512
1.0009818077087402,203,512,512,512
1.0085546970367432,203,512,512,512
1.0085546970367432,203,512,512,512
1.010284662246704,203,512,512,512
1.010284662246704,203,512,512,512
1.010284662246704,203,512,512,512
1.010284662246704,203,512,512,512
1.010284662246704,203,512,512,512
1.010284662246704,203,512,512,512
1.010284662246704,203,512,512,512
1.010284662246704,203,512,512,512
1.010284662246704,203,512,512,512
1.010284662246704,203,512,512,512
1.010284662246704,203,512,512,512
1.010284662246704,203,512,512,512
1.010284662246704,202,512,512,512
1.010284662246704,202,512,512,512
1.010284662246704,203,512,512,512
1.010284662246704,203,512,512,512
1.010284662246704,203,512,512,512
1.0252223014831543,203,512,512,512
1.0262389183044434,203,512,512,512
1.0262389183044434,203,512,512,512
1.0262389183044434,202,512,512,512
1.0262389183044434,202,512,512,512
1.0262389183044434,202,512,512,512
1.0262389183044434,202,512,512,512
1.0262389183044434,202,512,512,512
1.0262389183044434,202,512,512,512
1.0262389183044434,203,512,512,512
1.0262389183044434,202,512,512,512
1.0262389183044434,202,512,512,512
1.0262389183044434,202,512,512,512
1.0262389183044434,202,512,512,512
1.0262389183044434,202,513,512,512
1.0262389183044434,202,513,512,512
1.0262389183044434,202,512,512,512
1.0414843559265137,202,512,512,512
1.0414843559265137,202,512,512,512
1.0414843559265137,202,512,512,512
1.0414843559265137,202,512,512,512
1.0414843559265137,202,512,512,512
1.0414843559265137,203,512,512,512
1.0414843559265137,203,511,512,512
1.0414843559265137,203,511,512,512
1.0414843559265137,203,511,512,512
1.0414843559265137,203,512,512,512
1.0414843559265137,202,512,512,512
1.0414843559265137,202,512,512,512
1.0414843559265137,202,512,512,512
1.0414843559265137,202,512,512,512
1.0414843559265137,202,512,512,512
1.0414843559265137,202,512,512,512
1.0414843559265137,202,512,512,512
1.0414843559265137,202,512,512,512
1.0414843559265137,202,512,512,512
1.0572185516357422,202,512,512,512
1.059234380722046,202,512,512,512
1.059234380722046,202,512,512,512
1.059234380722046,202,512,512,512
1.059234380722046,202,512,512,512
1.059234380722046,202,512,512,512
1.059234380722046,202,512,512,512
1.059234380722046,203,513,512,512
1.059234380722046,203,512,512,512
1.059234380722046,203,512,512,512
1.059234380722046,203,512,512,512
1.059234380722046,203,512,512,512
1.059234380722046,203,512,512,512
1.059234380722046,203,512,512,512
1.059234380722046,203,512,512,512
1.059234380722046,203,512,512,512
1.059234380722046,203,512,512,512
1.059234380722046,203,512,512,512
1.059234380722046,203,512,512,512
1.0730791091918945,203,512,512,512
1.0730791091918945,203,512,512,512
1.0750961303710938,203,512,512,512
1.0757715702056885,203,512,512,512
1.0757715702056885,203,512,512,512
1.0757715702056885,203,512,512,512
1.0785577297210693,203,512,512,512
1.0797019004821777,203,512,512,512
1.0804691314697266,203,512,512,512
1.0804691314697266,203,512,512,512
1.0804691314697266,203,512,512,512
1.0804691314697266,203,512,512,512
1.0804691314697266,203,512,512,512
1.0804691314697266,203,512,512,512
1.0804691314697266,203,512,512,512
1.0804691314697266,203,512,512,512
1.0804691314697266,203,512,512,512
1.0804691314697266,203,512,512,512
1.0888433456420898,203,512,512,512
1.0888433456420898,203,512,512,512
1.0888433456420898,203,512,512,512
1.0888433456420898,203,512,512,512
1.0888433456420898,203,513,512,512
1.0888433456420898,203,513,512,512
1.0939061641693115,203,512,512,512
1.0939061641693115,203,512,512,512
1.0939061641693115,203,512,512,512
1.0939061641693115,203,512,512,512
1.0939061641693115,203,512,512,512
1.0939061641693115,203,512,512,512
1.0939061641693115,203,512,512,512
1.0939061641693115,203,512,512,512
1.1010582447052002,203,512,512,512
1.1010582447052002,203,512,512,512
1.1010582447052002,203,512,512,512
1.1010582447052002,203,512,512,512
1.1046192646026611,203,512,512,512
1.1053836345672607,203,512,512,512
1.105769395828247,203,512,512,512
1.1103098392486572,203,512,512,512
1.1103098392486572,203,512,512,512
1.1103098392486572,203,512,512,512
1.1103098392486572,203,512,512,512
1.1103098392486572,203,512,512,512
1.1103098392486572,203,512,512,512
1.1103098392486572,203,512,512,512
1.1130039691925049,203,512,512,512
1.1130039691925049,203,512,512,512
1.1130039691925049,203,512,512,512
1.1130039691925049,203,511,512,512
1.1130039691925049,203,512,512,512
1.1130039691925049,203,512,512,512
1.1130039691925049,203,511,512,512
1.1130039691925049,203,511,512,512
1.1130039691925049,203,511,512,512
1.1130039691925049,203,511,512,512
1.1210827827453613,203,511,512,512
1.1210827827453613,203,512,512,512
1.1210827827453613,203,512,512,512
1.1210827827453613,203,512,512,512
1.1210827827453613,203,512,512,512
1.125356912612915,203,512,512,512
1.125356912612915,203,512,512,512
1.125356912612915,203,512,512,512
1.125356912612915,202,512,512,512
1.125356912612915,203,512,512,512
1.1295568943023682,203,512,512,512
1.1295568943023682,203,512,512,512
1.1295568943023682,203,512,512,512
1.1295568943023682,203,512,512,512
1.1295568943023682,203,512,512,512
1.1295568943023682,203,512,512,512
1.1295568943023682,203,512,512,512
1.1295568943023682,203,512,512,512
1.1295568943023682,203,512,512,512
1.1377551555633545,202,512,512,512
1.1377551555633545,202,512,512,512
1.1377551555633545,202,512,512,512
1.1377551555633545,202,512,512,512
1.1377551555633545,202,512,512,512
1.1418566703796387,202,512,512,512
1.1418566703796387,202,512,512,512
1.1418566703796387,202,512,512,512
1.1418566703796387,202,512,512,512
1.1418566703796387,202,512,512,512
1.1464805603027344,202,512,512,512
1.1472437381744385,202,512,512,512
1.1472437381744385,202,512,512,512
1.1472437381744385,202,512,512,512
1.1472437381744385,202,512,512,512
1.1472437381744385,202,512,512,512
1.1472437381744385,203,512,512,512
1.1472437381744385,203,512,512,512
1.1472437381744385,203,512,512,512
1.153898000717163,203,512,512,512
1.153898000717163,203,512,512,512
1.153898000717163,202,512,512,512
1.153898000717163,202,512,512,512
1.153898000717163,202,512,512,512
1.158245325088501,202,512,512,512
1.158245325088501,202,512,512,512
1.158245325088501,202,512,512,512
1.158245325088501,202,512,512,512
1.158245325088501,202,512,512,512
1.158245325088501,203,512,512,512
1.158245325088501,202,512,512,512
1.158245325088501,202,512,512,512
1.158245325088501,202,512,512,512
1.158245325088501,202,512,512,512
1.158245325088501,203,512,512,512
1.158245325088501,203,512,512,512
1.158245325088501,203,512,512,512
1.158245325088501,203,512,512,512
1.1702096462249756,203,512,512,512
1.1712303161621094,203,512,512,512
1.1712303161621094,202,512,512,512
1.1712303161621094,202,512,512,512
1.1712303161621094,202,512,512,512
1.1712303161621094,203,512,512,512
1.1712303161621094,203,512,512,512
1.1712303161621094,203,512,512,512
1.1712303161621094,203,512,512,512
1.1712303161621094,203,512,512,512
1.1712303161621094,203,512,512,512
1.1712303161621094,203,512,512,512
1.1712303161621094,203,512,512,512
1.1712303161621094,203,512,512,512
1.1712303161621094,203,512,512,512
1.1712303161621094,203,512,512,512
1.1712303161621094,203,512,512,512
1.1712303161621094,203,512,512,512
1.185561180114746,203,512,512,512
1.185561180114746,203,512,512,512
1.185561180114746,203,512,512,512
1.185561180114746,203,512,512,512
1.1898291110992432,203,512,512,512
1.1898291110992432,203,513,512,512
1.1902234554290771,203,512,512,512
1.1916182041168213,203,512,512,512
1.192394495010376,203,512,512,512
1.192394495010376,203,512,512,512
1.194206714630127,203,512,512,512
1.194206714630127,203,512,512,512
1.194206714630127,203,512,512,512
1.194206714630127,203,512,512,512
1.194206714630127,203,512,512,512
1.194206714630127,203,512,512,512
1.194206714630127,203,512,512,512
1.194206714630127,203,511,512,512
1.201033115386963,203,512,512,512
1.201033115386963,203,512,512,512
1.2030935287475586,203,512,512,512
1.2030935287475586,203,512,512,512
1.2048008441925049,203,512,512,512
1.205932855606079,203,512,512,512
1.205932855606079,203,512,512,512
1.205932855606079,203,512,512,512
1.2085883617401123,203,512,512,512
1.2085883617401123,203,512,512,512
1.2085883617401123,203,512,512,512
1.2128229141235352,203,512,512,512
1.2128229141235352,203,512,512,512
1.2128229141235352,203,512,512,512
1.2128229141235352,203,512,512,512
1.2128229141235352,203,512,512,512
1.2149021625518799,203,512,512,512
1.2149021625518799,203,512,512,512
1.2149021625518799,203,512,512,512
1.2149021625518799,203,512,512,512
1.2149021625518799,203,512,512,512
1.2149021625518799,203,512,512,512
1.2149021625518799,203,512,512,512
1.2149021625518799,203,512,512,512
1.2149021625518799,203,512,512,512
1.2149021625518799,202,512,512,512
1.224311113357544,202,512,512,512
1.224311113357544,202,512,512,512
1.2254254817962646,203,512,512,512
1.2254254817962646,203,512,512,512
1.2254254817962646,203,512,512,512
1.2279431819915771,203,512,512,512
1.229175090789795,203,512,512,512
1.2299563884735107,203,512,512,512
1.2300949096679688,203,511,512,512
1.2300949096679688,203,512,512,512
1.2300949096679688,202,512,512,512
1.2326209545135498,202,512,512,512
1.2326209545135498,202,512,512,512
1.2326209545135498,202,512,512,512
1.2326209545135498,202,512,512,512
1.2326209545135498,203,512,512,512
1.2326209545135498,202,512,512,512
1.2326209545135498,202,512,512,512
1.2326209545135498,202,512,512,512
1.2410755157470703,202,512,512,512
1.2410755157470703,203,512,512,512
1.2410755157470703,202,512,512,512
1.2410755157470703,202,512,512,512
1.2430882453918457,202,512,512,512
1.2447173595428467,202,512,512,512
1.2447173595428467,202,512,512,512
1.2447173595428467,202,512,512,512
1.2447173595428467,202,512,512,512
1.2447173595428467,202,512,512,512
1.2447173595428467,202,512,512,512
1.2447173595428467,202,512,512,512
1.2447173595428467,202,512,512,512
1.2447173595428467,202,512,512,512
1.2447173595428467,202,512,512,512
1.2447173595428467,202,512,512,512
1.2447173595428467,203,512,512,512
1.2447173595428467,203,512,512,512
1.2447173595428467,203,512,512,512
1.2447173595428467,202,512,512,512
1.2583746910095215,202,512,512,512
1.2583746910095215,202,512,512,512
1.2583746910095215,202,512,512,512
1.2605323791503906,202,512,512,512
1.2605323791503906,202,512,512,512
1.2605323791503906,202,512,512,512
1.2605323791503906,202,512,512,512
1.2630515098571777,202,512,512,512
1.2635607719421387,202,512,512,512
1.2635607719421387,203,512,512,512
1.264845371246338,203,512,512,512
1.2662017345428467,203,512,512,512
1.2662017345428467,203,512,512,512
1.2662017345428467,203,512,512,512
1.2662017345428467,203,512,512,512
1.2662017345428467,203,512,512,512
1.2662017345428467,203,512,512,512
1.271393060684204,203,512,512,512
1.271393060684204,203,512,512,512
1.2729003429412842,203,512,512,512
1.2747254371643066,202,512,512,512
1.2747254371643066,202,512,512,512
1.2761268615722656,202,512,512,512
1.2761268615722656,202,512,512,512
1.2761268615722656,203,512,512,512
1.2761268615722656,203,512,512,512
1.2761268615722656,203,512,512,512
1.2761268615722656,203,512,512,512
1.2761268615722656,203,512,512,512
1.2761268615722656,203,512,512,512
1.2761268615722656,203,512,512,512
1.2761268615722656,203,512,512,512
1.2761268615722656,203,512,512,512
1.2761268615722656,203,512,512,512
1.2761268615722656,203,512,512,512
1.2761268615722656,203,512,512,512
1.2761268615722656,203,512,512,512
1.2761268615722656,203,512,512,512
1.2887940406799316,203,512,512,512
1.2909648418426514,203,512,512,512
1.2909648418426514,203,512,512,512
1.2909648418426514,203,512,512,512
1.2930066585540771,203,512,512,512
1.2930066585540771,203,512,512,512
1.2930066585540771,203,512,512,512
1.2930066585540771,203,512,512,512
1.2930066585540771,203,512,512,512
1.2930066585540771,203,512,512,512
1.2930066585540771,203,512,512,512
1.2930066585540771,203,512,512,512
1.2930066585540771,203,512,512,512
1.2930066585540771,203,512,512,512
1.3010268211364746,203,512,512,512
1.3010268211364746,203,512,512,512
1.3010268211364746,203,512,512,512
1.3010268211364746,203,512,512,512
1.3045933246612549,203,512,512,512
1.3045933246612549,203,512,512,512
1.3045933246612549,203,512,512,512
1.3085730075836182,203,512,512,512
1.3089599609375,203,512,512,512
1.3089599609375,203,512,512,512
1.3089599609375,203,512,512,512
1.3089599609375,203,512,512,512
1.3109745979309082,203,512,512,512
1.3109745979309082,203,512,512,512
1.312727928161621,203,512,512,512
1.312727928161621,203,511,512,512
1.3147392272949219,203,511,512,512
1.3147392272949219,203,511,512,512
1.3164043426513672,203,511,512,512
1.3164043426513672,203,512,512,512
1.3164043426513672,203,512,512,512
1.3164043426513672,203,511,512,512
1.3164043426513672,203,512,512,512
1.3164043426513672,203,512,512,512
1.3164043426513672,203,512,512,512
1.3164043426513672,203,512,512,512
1.3251349925994873,203,512,512,512
1.3251349925994873,203,512,512,512
1.3251349925994873,203,512,512,512
1.3251349925994873,203,512,512,512
1.3251349925994873,203,512,512,512
1.3271489143371582,203,512,512,512
1.3271489143371582,203,511,512,512
1.3271489143371582,203,512,512,512
1.3271489143371582,203,512,512,512
1.3271489143371582,203,512,512,512
1.3271489143371582,203,512,512,512
1.3271489143371582,203,512,512,512
1.3332345485687256,203,511,512,512
1.3332345485687256,203,511,512,512
1.3332345485687256,203,512,512,512
1.3332345485687256,203,512,512,512
1.3332345485687256,203,512,512,512
1.3332345485687256,203,512,512,512
1.3332345485687256,203,512,512,512
1.3332345485687256,203,512,512,512
1.341367244720459,203,512,512,512
1.341367244720459,203,512,512,512
1.341367244720459,203,512,512,512
1.341367244720459,203,512,512,512
1.3433969020843506,203,511,512,512
1.3433969020843506,203,511,512,512
1.3433969020843506,203,511,512,512
1.3433969020843506,203,511,512,512
1.3433969020843506,203,511,512,512
1.3433969020843506,203,512,512,512
1.3433969020843506,203,512,512,512
1.3495149612426758,203,512,512,512
1.3495149612426758,203,512,512,512
1.3495149612426758,203,512,512,512
1.3495149612426758,203,512,512,512
1.3495149612426758,203,512,512,512
1.3495149612426758,203,512,512,512
1.3495149612426758,203,512,512,512
1.3495149612426758,203,512,512,512
1.3495149612426758,203,512,512,512
1.3591396808624268,203,512,512,512
1.3591396808624268,203,512,512,512
1.3591396808624268,203,512,512,512
1.3601090908050537,203,512,512,512
1.3601090908050537,203,512,512,512
1.3601090908050537,203,512,512,512
1.3601090908050537,203,512,512,512
1.3601090908050537,203,512,512,512
1.3601090908050537,203,512,512,512
1.3601090908050537,203,512,512,512
1.3601090908050537,203,512,512,512
1.3601090908050537,203,512,512,512
1.3601090908050537,203,512,512,512
1.3601090908050537,203,512,512,512
1.3601090908050537,203,512,512,512
1.3601090908050537,203,512,512,512
1.3601090908050537,203,511,512,512
1.3601090908050537,203,512,512,512
1.3601090908050537,203,512,512,512
1.3733479976654053,203,512,512,512
1.3733479976654053,203,512,512,512
1.375364065170288,203,512,512,512
1.375364065170288,203,512,512,512
1.3769645690917969,203,512,512,512
1.3769645690917969,203,512,512,512
1.3769645690917969,203,512,512,512
1.3769645690917969,203,512,512,512
1.3769645690917969,203,512,512,512
1.3769645690917969,203,512,512,512
1.3769645690917969,204,512,512,512
1.3769645690917969,204,511,512,512
1.3769645690917969,204,511,512,512
1.3769645690917969,204,511,512,512
1.3769645690917969,204,511,512,512
1.3769645690917969,203,511,512,512
1.3769645690917969,203,512,512,512
1.3769645690917969,203,512,512,512
1.3890111446380615,203,512,512,512
1.3890111446380615,203,512,512,512
1.3910439014434814,203,512,512,512
1.3910439014434814,203,512,512,512
1.3910439014434814,203,512,512,512
1.3910439014434814,203,512,512,512
1.3910439014434814,203,512,512,512
1.3910439014434814,203,512,512,512
1.3910439014434814,203,512,512,512
1.3910439014434814,203,512,512,512
1.3910439014434814,203,512,512,512
1.3910439014434814,203,512,512,512
1.3910439014434814,203,512,512,512
1.3910439014434814,203,512,512,512
1.3910439014434814,203,511,512,512
1.4011726379394531,203,511,512,512
1.4011726379394531,203,512,512,512
1.4011726379394531,203,512,512,512
1.4011726379394531,203,511,512,512
1.405202865600586,203,512,512,512
1.4061086177825928,203,512,512,512
1.4061086177825928,203,511,512,512
1.4061086177825928,203,512,512,512
1.4085547924041748,203,512,512,512
1.4085547924041748,203,512,512,512
1.4085547924041748,203,512,512,512
1.4085547924041748,203,512,512,512
1.4085547924041748,203,512,512,512
1.4085547924041748,203,512,512,512
1.4085547924041748,203,512,512,512
1.4085547924041748,203,512,512,512
1.4085547924041748,203,512,512,512
1.4085547924041748,203,512,512,512
1.4085547924041748,203,512,512,512
1.4085547924041748,203,512,512,512
1.4085547924041748,203,512,512,512
1.4085547924041748,203,511,512,512
1.4203343391418457,203,512,512,512
1.4203343391418457,203,512,512,512
1.4203343391418457,203,512,512,512
1.4203343391418457,203,512,512,512
1.4203343391418457,203,512,512,512
1.4203343391418457,203,511,512,512
1.4203343391418457,203,511,512,512
1.4203343391418457,203,512,512,512
1.4203343391418457,203,511,512,512
1.4203343391418457,203,511,512,512
1.4203343391418457,203,511,512,512
1.4203343391418457,203,511,512,512
1.4203343391418457,203,512,512,512
1.4203343391418457,203,512,512,512
1.4203343391418457,203,512,512,512
1.4203343391418457,203,512,512,512
1.4203343391418457,203,512,512,512
1.4203343391418457,203,512,512,512
1.4203343391418457,203,512,512,512
1.436124563217163,203,512,512,512
1.437270164489746,202,512,512,512
1.437270164489746,202,512,512,512
1.4391329288482666,202,512,512,512
1.439734697341919,203,512,512,512
1.4413952827453613,203,512,512,512
1.4416866302490234,203,512,512,512
1.4416866302490234,203,512,512,512
1.4416866302490234,203,512,512,512
1.4443531036376953,203,512,512,512
1.4443531036376953,203,512,512,512
1.4443531036376953,203,512,512,512
1.4443531036376953,203,512,512,512
1.4443531036376953,203,512,512,512
1.4443531036376953,203,512,512,512
1.4443531036376953,203,512,512,512
1.4443531036376953,203,512,512,512
1.4443531036376953,203,512,512,512
1.4443531036376953,203,512,512,512
1.452507495880127,203,512,512,512
1.452507495880127,203,512,512,512
1.452507495880127,203,512,512,512
1.452507495880127,203,512,512,512
1.452507495880127,203,512,512,512
1.452507495880127,203,512,512,512
1.4582183361053467,203,512,512,512
1.4582183361053467,203,512,512,512
1.4582183361053467,203,512,512,512
1.4582183361053467,203,512,512,512
1.4582183361053467,203,511,512,512
1.4582183361053467,203,512,512,512
1.4582183361053467,203,512,512,512
1.4582183361053467,203,512,512,512
1.4582183361053467,203,512,512,512
1.4582183361053467,203,512,512,512
1.4582183361053467,203,512,512,512
1.4582183361053467,203,512,512,512
1.4582183361053467,203,512,512,512
1.4690606594085693,203,512,512,512
1.4698286056518555,203,512,512,512
1.4703612327575684,203,512,512,512
1.4703612327575684,203,512,512,512
1.4703612327575684,203,512,512,512
1.4703612327575684,203,512,512,512
1.4703612327575684,203,512,512,512
1.4703612327575684,203,512,512,512
1.4703612327575684,203,512,512,512
1.4703612327575684,203,512,512,512
1.4703612327575684,203,512,512,512
1.4703612327575684,203,512,512,512
1.4703612327575684,203,512,512,512
1.4703612327575684,203,512,512,512
1.4703612327575684,203,512,512,512
1.4703612327575684,203,512,512,512
1.4703612327575684,203,512,512,512
1.4703612327575684,203,512,512,512
1.484130859375,203,512,512,512
1.484130859375,203,512,512,512
1.484130859375,203,512,512,512
1.484130859375,203,512,512,512
1.484130859375,203,512,512,512
1.484130859375,203,512,512,512
1.484130859375,203,512,512,512
1.484130859375,203,512,512,512
1.484130859375,203,512,512,512
1.484130859375,203,512,512,512
1.484130859375,203,512,512,512
1.484130859375,203,512,512,512
1.484130859375,203,512,512,512
1.484130859375,203,512,512,512
1.484130859375,203,512,512,512
1.484130859375,203,512,512,512
1.484130859375,203,511,512,512
1.484130859375,203,511,512,512
1.484130859375,203,511,512,512
1.499891757965088,203,511,512,512
1.5012426376342773,203,511,512,512
1.501741886138916,203,511,512,512
1.501741886138916,203,511,512,512
1.501741886138916,203,511,512,512
1.501741886138916,203,511,512,512
1.501741886138916,203,512,512,512
1.501741886138916,203,512,512,512
1.501741886138916,203,512,512,512
1.501741886138916,203,512,512,512
1.501741886138916,203,512,512,512
1.501741886138916,203,512,512,512
1.501741886138916,203,512,512,512
1.501741886138916,203,512,512,512
1.501741886138916,203,512,512,512
1.501741886138916,203,512,512,512
1.501741886138916,203,512,512,512
1.501741886138916,203,512,512,512
1.501741886138916,203,512,512,512
1.515986442565918,203,512,512,512
1.515986442565918,203,512,512,512
1.515986442565918,203,512,512,512
1.515986442565918,203,512,512,512
1.515986442565918,203,512,512,512
1.515986442565918,203,512,512,512
1.515986442565918,203,512,512,512
1.515986442565918,203,512,512,512
1.515986442565918,203,512,512,512
1.515986442565918,203,512,512,512
1.515986442565918,203,512,512,512
1.515986442565918,202,512,512,512
1.515986442565918,202,512,512,512
1.515986442565918,202,512,512,512
1.515986442565918,202,512,512,512
1.515986442565918,203,512,512,512
1.515986442565918,203,512,512,512
1.515986442565918,203,512,512,512
1.5316338539123535,203,512,512,512
1.5328779220581055,203,512,512,512
1.5333821773529053,203,512,512,512
1.5333821773529053,203,512,512,512
1.5333821773529053,203,512,512,512
1.5333821773529053,203,512,512,512
1.5333821773529053,203,512,512,512
1.5333821773529053,203,511,512,512
1.5333821773529053,203,511,512,512
1.5333821773529053,203,511,512,512
1.5333821773529053,203,512,512,512
1.5333821773529053,202,512,512,512
1.5333821773529053,202,512,512,512
1.5333821773529053,202,512,512,512
1.5333821773529053,202,512,512,512
1.5333821773529053,202,512,512,512
1.5333821773529053,203,512,512,512
1.5333821773529053,203,512,512,512
1.5333821773529053,203,512,512,512
1.5474703311920166,203,512,512,512
1.5474703311920166,203,512,512,512
1.5474703311920166,203,512,512,512
1.5474703311920166,203,512,512,512
1.5474703311920166,203,512,512,512
1.5474703311920166,203,512,512,512
1.5474703311920166,203,512,512,512
1.5474703311920166,203,512,512,512
1.5474703311920166,203,512,512,512
1.5474703311920166,203,512,512,512
1.5474703311920166,203,512,512,512
1.5474703311920166,203,512,512,512
1.5474703311920166,203,512,512,512
1.5474703311920166,203,512,512,512
1.5474703311920166,203,512,512,512
1.5474703311920166,203,512,512,512
1.5474703311920166,203,512,512,512
1.5474703311920166,203,512,512,512
1.563288688659668,203,512,512,512
1.5642731189727783,203,512,512,512
1.5650410652160645,203,511,512,512
1.5650410652160645,203,511,512,512
1.5650410652160645,203,512,512,512
1.5650410652160645,203,512,512,512
1.5650410652160645,203,512,512,512
1.5650410652160645,203,512,512,512
1.5650410652160645,203,512,512,512
1.5650410652160645,203,511,512,512
1.5650410652160645,203,511,512,512
1.5650410652160645,203,512,512,512
1.5650410652160645,203,512,512,512
1.5650410652160645,203,511,512,512
1.5650410652160645,203,511,512,512
1.5650410652160645,203,512,512,512
1.5650410652160645,203,512,512,512
1.5650410652160645,203,512,512,512
1.5650410652160645,203,512,512,512
1.579014539718628,203,512,512,512
1.579014539718628,203,512,512,512
1.579014539718628,203,512,512,512
1.579014539718628,203,512,512,512
1.579014539718628,203,512,512,512
1.579014539718628,203,512,512,512
1.579014539718628,203,512,512,512
1.579014539718628,203,512,512,512
1.579014539718628,203,512,512,512
1.579014539718628,203,511,512,512
1.579014539718628,203,512,512,512
1.579014539718628,203,512,512,512
1.579014539718628,203,512,512,512
1.579014539718628,203,512,512,512
1.579014539718628,203,512,512,512
1.579014539718628,203,512,512,512
1.579014539718628,203,512,512,512
1.579014539718628,203,512,512,512
1.5947227478027344,203,512,512,512
1.5947227478027344,203,512,512,512
1.5964012145996094,203,512,512,512
1.5964012145996094,203,512,512,512
1.5964012145996094,203,512,512,512
1.5992655754089355,203,512,512,512
1.6000103950500488,203,512,512,512
1.6000103950500488,203,512,512,512
1.6015379428863525,203,512,512,512
1.6015379428863525,203,512,512,512
1.6015379428863525,203,512,512,512
1.6015379428863525,203,512,512,512
1.6015379428863525,203,512,512,512
1.6015379428863525,202,512,512,512
1.6015379428863525,202,512,512,512
1.6015379428863525,202,512,512,512
1.6015379428863525,202,512,512,512
1.6015379428863525,203,512,512,512
1.6015379428863525,203,512,512,512
1.610414981842041,203,511,512,512
1.610414981842041,203,511,512,512
1.610414981842041,203,511,512,512
1.610414981842041,203,511,512,512
1.610414981842041,202,511,512,512
1.610414981842041,202,512,512,512
1.610414981842041,202,512,512,512
1.610414981842041,202,512,512,512
1.610414981842041,202,512,512,512
1.610414981842041,203,512,512,512
1.610414981842041,203,512,512,512
1.610414981842041,203,512,512,512
1.610414981842041,203,512,512,512
1.610414981842041,203,512,512,512
1.610414981842041,203,512,512,512
1.610414981842041,203,512,512,512
1.610414981842041,203,512,512,512
1.610414981842041,203,512,512,512
1.6263706684112549,203,512,512,512
1.627211093902588,203,512,512,512
1.6278252601623535,203,512,512,512
1.6278252601623535,203,512,512,512
1.6278252601623535,203,512,512,512
1.6278252601623535,203,512,512,512
1.6278252601623535,203,512,512,512
1.6278252601623535,203,512,512,512
1.6278252601623535,203,512,512,512
1.6278252601623535,203,512,512,512
1.6278252601623535,203,512,512,512
1.6278252601623535,203,512,512,512
1.6278252601623535,203,512,512,512
1.6278252601623535,203,512,512,512
1.6278252601623535,203,512,512,512
1.6278252601623535,203,512,512,512
1.6416077613830566,203,512,512,512
1.6416077613830566,203,512,512,512
1.6416077613830566,203,512,512,512
1.6423184871673584,203,512,512,512
1.6423184871673584,203,512,512,512
1.6423184871673584,203,512,512,512
1.6423184871673584,203,512,512,512
1.6423184871673584,203,512,512,512
1.6423184871673584,203,512,512,512
1.6423184871673584,203,512,512,512
1.6423184871673584,203,512,512,512
1.6423184871673584,203,512,512,512
1.6497745513916016,203,512,512,512
1.6497745513916016,203,512,512,512
1.6497745513916016,203,512,512,512
1.6497745513916016,203,511,512,512
1.6497745513916016,203,511,512,512
1.6497745513916016,203,511,512,512
1.6497745513916016,203,511,512,512
1.6497745513916016,203,511,512,512
1.6581346988677979,203,511,512,512
1.6581346988677979,203,511,512,512
1.6581346988677979,203,512,512,512
1.6581346988677979,203,512,512,512
1.6581346988677979,203,512,512,512
1.6581346988677979,203,512,512,512
1.6581346988677979,203,512,512,512
1.6581346988677979,203,512,512,512
1.6581346988677979,203,512,512,512
1.6581346988677979,203,512,512,512
1.6581346988677979,203,512,512,512
1.666402816772461,203,512,512,512
1.6671254634857178,203,512,512,512
1.667877197265625,203,512,512,512
1.667877197265625,203,511,512,512
1.667877197265625,203,512,512,512
1.667877197265625,203,512,512,512
1.667877197265625,203,512,512,512
1.667877197265625,203,512,512,512
1.667877197265625,203,512,512,512
1.6744747161865234,203,512,512,512
1.674928903579712,203,512,512,512
1.674928903579712,203,512,512,512
1.6758053302764893,203,512,512,512
1.6758053302764893,203,512,512,512
1.6758053302764893,203,512,512,512
1.6758053302764893,203,512,512,512
1.6758053302764893,203,512,512,512
1.6758053302764893,203,512,512,512
1.6758053302764893,203,512,512,512
1.6758053302764893,203,512,512,512
1.6758053302764893,203,512,512,512
1.6758053302764893,203,512,512,512
1.6758053302764893,203,512,512,512
1.6758053302764893,203,511,512,512
1.6758053302764893,203,511,512,512
1.6758053302764893,203,511,512,512
1.6758053302764893,203,512,512,512
1.6758053302764893,203,512,512,512
1.690124750137329,203,512,512,512
1.690124750137329,203,512,512,512
1.690124750137329,203,512,512,512
1.690124750137329,203,512,512,512
1.690124750137329,203,512,512,512
1.690124750137329,203,512,512,512
1.690124750137329,203,512,512,512
1.690124750137329,203,512,512,512
1.690124750137329,203,512,512,512
1.690124750137329,203,512,512,512
1.690124750137329,203,512,512,512
1.690124750137329,203,512,512,512
1.690124750137329,203,512,512,512
1.690124750137329,203,512,512,512
1.7015211582183838,203,512,512,512
1.7015211582183838,203,512,512,512
1.7015211582183838,203,512,512,512
1.7015211582183838,203,512,512,512
1.7015211582183838,203,512,512,512
1.7059171199798584,203,512,512,512
1.7069363594055176,203,512,512,512
1.7069363594055176,203,512,512,512
1.7087585926055908,203,512,512,512
1.7087585926055908,203,512,512,512
1.7087585926055908,203,512,512,512
1.7087585926055908,203,512,512,512
1.7087585926055908,203,512,512,512
1.7087585926055908,203,512,512,512
1.7087585926055908,203,512,512,512
1.7087585926055908,203,512,512,512
1.7087585926055908,203,512,512,512
1.7087585926055908,203,512,512,512
1.7087585926055908,203,512,512,512
1.7087585926055908,203,512,512,512
1.7087585926055908,203,512,512,512
1.7087585926055908,203,512,512,512
1.7087585926055908,203,512,512,512
1.7217717170715332,203,512,512,512
1.7217717170715332,203,512,512,512
1.7217717170715332,203,512,512,512
1.724013328552246,203,512,512,512
1.724013328552246,203,512,512,512
1.724013328552246,203,512,512,512
1.724013328552246,203,511,512,512
1.724013328552246,203,511,512,512
1.724013328552246,203,511,512,512
1.724013328552246,203,511,512,512
1.724013328552246,203,512,512,512
1.724013328552246,203,512,512,512
1.724013328552246,203,512,512,512
1.724013328552246,203,512,512,512
1.724013328552246,203,512,512,512
1.724013328552246,203,512,512,512
1.724013328552246,203,511,512,512
1.724013328552246,203,511,512,512
1.724013328552246,203,512,512,512
1.7375657558441162,203,512,512,512
1.738330364227295,203,512,512,512
1.738330364227295,203,512,512,512
1.7398300170898438,203,512,512,512
1.7415506839752197,203,512,512,512
1.7415506839752197,203,512,512,512
1.7415506839752197,203,512,512,512
1.7415506839752197,203,512,512,512
1.7415506839752197,203,512,512,512
1.7450919151306152,203,512,512,512
1.7450919151306152,203,512,512,512
1.7450919151306152,203,512,512,512
1.7450919151306152,203,512,512,512
1.7450919151306152,203,512,512,512
1.7450919151306152,203,512,512,512
1.7450919151306152,203,512,512,512
1.7450919151306152,203,512,512,512
1.7450919151306152,203,512,512,512
1.7450919151306152,203,512,512,512
1.7536900043487549,203,512,512,512
1.7536900043487549,203,512,512,512
1.7536900043487549,203,512,512,512
1.7536900043487549,203,512,512,512
1.7581305503845215,203,512,512,512
1.7581305503845215,203,512,512,512
1.7588222026824951,203,512,512,512
1.7588222026824951,203,512,512,512
1.7588222026824951,203,512,512,512
1.7588222026824951,203,512,512,512
1.7588222026824951,203,512,512,512
1.7588222026824951,203,512,512,512
1.7588222026824951,203,512,512,512
1.7588222026824951,203,512,512,512
1.7588222026824951,203,512,512,512
1.7588222026824951,203,512,512,512
1.7588222026824951,203,512,512,512
1.7588222026824951,203,512,512,512
1.7588222026824951,203,511,512,512
1.7693812847137451,203,512,512,512
1.7693812847137451,203,512,512,512
1.7693812847137451,203,512,512,512
1.7693812847137451,203,512,512,512
1.774904489517212,203,513,512,512
1.774904489517212,203,512,512,512
1.774904489517212,203,512,512,512
1.7755522727966309,203,512,512,512
1.7755522727966309,203,512,512,512
1.7755522727966309,203,512,512,512
1.7755522727966309,203,512,512,512
1.7755522727966309,203,512,512,512
1.7755522727966309,203,512,512,512
1.7755522727966309,203,512,512,512
1.7755522727966309,203,512,512,512
1.7755522727966309,203,512,512,512
1.7755522727966309,203,512,512,512
1.7755522727966309,203,512,512,512
1.785153865814209,203,512,512,512
1.785153865814209,203,512,512,512
1.785153865814209,203,512,512,512
1.785153865814209,203,512,512,512
1.785153865814209,203,512,512,512
1.785153865814209,203,512,512,512
1.7910332679748535,203,512,512,512
1.7910332679748535,202,512,512,512
1.7910332679748535,202,513,512,512
1.793046236038208,202,512,512,512
1.7936511039733887,202,512,512,512
1.7936511039733887,202,512,512,512
1.7936511039733887,203,512,512,512
1.7936511039733887,203,512,512,512
1.7936511039733887,203,512,512,512
1.7936511039733887,203,513,512,512
1.7936511039733887,203,512,512,512
1.7936511039733887,203,512,512,512
1.7936511039733887,203,512,512,512
1.7936511039733887,202,511,512,512
1.801795244216919,202,511,512,512
1.801795244216919,202,511,512,512
1.801795244216919,202,512,512,512
1.801795244216919,202,512,512,512
1.801795244216919,203,512,512,512
1.801795244216919,203,512,512,512
1.8083698749542236,203,512,512,512
1.8083698749542236,203,512,512,512
1.8083698749542236,203,512,512,512
1.8098735809326172,203,512,512,512
1.8098735809326172,203,512,512,512
1.8098735809326172,202,512,512,512
1.8098735809326172,202,512,512,512
1.8098735809326172,202,512,512,512
1.8098735809326172,202,512,512,512
1.8098735809326172,202,512,512,512
1.8098735809326172,203,512,512,512
1.8098735809326172,203,512,512,512
1.8098735809326172,203,512,512,512
1.8098735809326172,203,512,512,512
1.8098735809326172,202,512,512,512
1.8098735809326172,202,512,512,512
1.8098735809326172,202,512,512,512
1.8098735809326172,202,512,512,512
1.8098735809326172,202,512,512,512
1.8245916366577148,202,512,512,512
1.8245916366577148,203,512,512,512
1.8245916366577148,203,512,512,512
1.8259968757629395,202,512,512,512
1.8259968757629395,202,512,512,512
1.8259968757629395,202,512,512,512
1.8259968757629395,202,512,512,512
1.8259968757629395,202,512,512,512
1.8259968757629395,203,512,512,512
1.8259968757629395,203,512,512,512
1.8259968757629395,203,512,512,512
1.8259968757629395,203,512,512,512
1.8259968757629395,203,512,512,512
1.8259968757629395,203,512,512,512
1.8259968757629395,203,512,512,512
1.8259968757629395,203,512,512,512
1.8259968757629395,203,512,512,512
1.8259968757629395,203,512,512,512
1.8259968757629395,203,512,512,512
1.8259968757629395,203,512,512,512
1.841597557067871,203,512,512,512
1.841597557067871,203,512,512,512
1.8423473834991455,202,512,512,512
1.8423473834991455,202,512,512,512
1.8423473834991455,202,512,512,512
1.8423473834991455,202,512,512,512
1.8423473834991455,203,512,512,512
1.8423473834991455,203,512,512,512
1.8423473834991455,203,512,512,512
1.8423473834991455,203,512,512,512
1.8423473834991455,203,512,512,512
1.8423473834991455,203,512,512,512
1.8423473834991455,203,512,512,512
1.8423473834991455,203,512,512,512
1.8423473834991455,202,512,512,512
1.8423473834991455,202,512,512,512
1.8423473834991455,202,512,512,512
1.8423473834991455,202,512,512,512
1.8423473834991455,202,512,512,512
1.8582887649536133,203,512,512,512
1.8582887649536133,203,512,512,512
1.8582887649536133,203,512,512,512
1.8590378761291504,203,512,512,512
1.8590378761291504,203,512,512,512
1.8590378761291504,203,512,512,512
1.8590378761291504,203,512,512,512
1.8590378761291504,203,512,512,512
1.8590378761291504,203,512,512,512
1.8590378761291504,203,512,512,512
1.8590378761291504,203,512,512,512
1.8590378761291504,203,512,512,512
1.8590378761291504,203,512,512,512
1.8590378761291504,203,512,512,512
1.8590378761291504,203,512,512,512
1.8590378761291504,203,512,512,512
1.8590378761291504,203,512,512,512
1.8590378761291504,203,512,512,512
1.87202787399292,203,512,512,512
1.87202787399292,203,512,512,512
1.8750207424163818,203,512,512,512
1.8750207424163818,203,512,512,512
1.8750207424163818,203,512,512,512
1.8757686614990234,203,513,512,512
1.8757686614990234,203,512,512,512
1.8757686614990234,203,512,512,512
1.8757686614990234,203,512,512,512
1.8757686614990234,203,512,512,512
1.8757686614990234,203,511,512,512
1.8757686614990234,203,511,512,512
1.8757686614990234,203,512,512,512
1.8757686614990234,202,512,512,512
1.8757686614990234,202,512,512,512
1.8757686614990234,202,512,512,512
1.8757686614990234,202,512,512,512
1.8757686614990234,203,512,512,512
1.8757686614990234,203,512,512,512
1.8878166675567627,203,512,512,512
1.8878166675567627,203,512,512,512
1.8878166675567627,203,512,512,512
1.8919274806976318,203,512,512,512
1.8919274806976318,203,512,512,512
1.892665147781372,203,512,512,512
1.892665147781372,203,512,512,512
1.892665147781372,202,512,512,512
1.892665147781372,202,513,512,512
1.892665147781372,202,512,512,512
1.892665147781372,202,512,512,512
1.892665147781372,202,512,512,512
1.892665147781372,203,512,512,512
1.892665147781372,203,512,512,512
1.892665147781372,203,512,512,512
1.892665147781372,203,512,512,512
1.901733636856079,203,512,512,512
1.901733636856079,203,512,512,512
1.9035091400146484,203,512,512,512
1.9035091400146484,203,512,512,512
1.905179738998413,203,512,512,512
1.9056906700134277,203,512,512,512
1.9082872867584229,203,512,512,512
1.9082872867584229,203,512,512,512
1.9093081951141357,203,512,512,512
1.9093081951141357,203,512,512,512
1.9106781482696533,203,512,512,512
1.9106781482696533,203,512,512,512
1.9106781482696533,203,512,512,512
1.9106781482696533,203,512,512,512
1.9106781482696533,202,512,512,512
1.9145970344543457,202,512,512,512
1.9145970344543457,202,512,512,512
1.9145970344543457,202,512,512,512
1.9166076183319092,202,512,512,512
1.9166076183319092,203,512,512,512
1.9186160564422607,203,512,512,512
1.9196221828460693,203,512,512,512
1.9196221828460693,203,512,512,512
1.9196221828460693,203,512,512,512
1.9196221828460693,203,512,512,512
1.9196221828460693,203,512,512,512
1.9247519969940186,203,512,512,512
1.9247519969940186,202,512,512,512
1.9252164363861084,202,512,512,512
1.9252164363861084,202,512,512,512
1.9252164363861084,202,512,512,512
1.9252164363861084,202,512,512,512
1.9252164363861084,203,512,512,512
1.9252164363861084,203,512,512,512
1.9252164363861084,203,512,512,512
1.9252164363861084,203,512,512,512
1.9252164363861084,203,512,512,512
1.9252164363861084,203,512,512,512
1.9252164363861084,203,512,512,512
1.9252164363861084,203,512,512,512
1.9354066848754883,203,512,512,512
1.9354066848754883,203,512,512,512
1.9354066848754883,203,512,512,512
1.9354066848754883,203,512,512,512
1.9354066848754883,203,512,512,512
1.9354066848754883,203,512,512,512
1.9415156841278076,203,512,512,512
1.9415156841278076,203,512,512,512
1.9421987533569336,203,512,512,512
1.9421987533569336,203,512,512,512
1.9421987533569336,203,512,512,512
1.9446992874145508,203,512,512,512
1.9446992874145508,203,512,512,512
1.9446992874145508,203,512,512,512
1.9446992874145508,203,512,512,512
1.9446992874145508,203,512,512,512
1.9446992874145508,203,512,512,512
1.9446992874145508,203,512,512,512
1.951050043106079,203,512,512,512
1.951050043106079,203,512,512,512
1.951050043106079,203,512,512,512
1.951050043106079,203,512,512,512
1.951050043106079,203,512,512,512
1.951050043106079,203,512,512,512
1.951050043106079,202,512,512,512
1.9583806991577148,202,512,512,512
1.9583806991577148,202,512,512,512
1.9583806991577148,202,512,512,512
1.95939302444458,202,512,512,512
1.959944725036621,203,512,512,512
1.959944725036621,203,512,512,512
1.959944725036621,203,512,512,512
1.959944725036621,203,512,512,512
1.959944725036621,203,512,512,512
1.959944725036621,203,512,512,512
1.959944725036621,203,512,512,512
1.959944725036621,203,512,512,512
1.959944725036621,203,512,512,512
1.959944725036621,203,512,512,512
1.959944725036621,203,512,512,512
1.959944725036621,203,512,512,512
1.959944725036621,203,512,512,512
1.959944725036621,203,512,512,512
1.959944725036621,203,512,512,512
1.959944725036621,203,512,512,512
1.9750785827636719,203,512,512,512
1.9750785827636719,203,512,512,512
1.9750785827636719,203,512,512,512
1.9771010875701904,203,512,512,512
1.9771010875701904,203,512,512,512
1.9771010875701904,203,512,512,512
1.979121446609497,203,512,512,512
1.979121446609497,203,512,512,512
1.979121446609497,203,512,512,512
1.9811336994171143,203,512,512,512
1.9824013710021973,203,512,512,512
1.9824013710021973,203,512,512,512
1.9844601154327393,203,512,512,512
1.9844601154327393,203,512,512,512
1.9844601154327393,203,512,512,512
1.9844601154327393,203,512,512,512
1.9844601154327393,203,512,512,512
1.9844601154327393,203,512,512,512
1.9844601154327393,203,512,512,512
1.9909210205078125,203,512,512,512
1.991929292678833,203,512,512,512
1.991929292678833,203,512,512,512
1.9930200576782227,203,512,512,512
1.9930200576782227,203,512,512,512
1.9930200576782227,203,512,512,512
1.9930200576782227,203,512,512,512
1.9930200576782227,203,511,512,512
1.9930200576782227,203,511,512,512
1.9930200576782227,203,511,512,512
1.9930200576782227,203,512,512,512
1.9930200576782227,203,512,512,512
1.9930200576782227,203,512,512,512
1.9930200576782227,203,512,512,512
2.001858711242676,203,512,512,512
2.001858711242676,203,512,512,512
2.001858711242676,203,512,512,512
2.001858711242676,203,512,512,512
2.001858711242676,203,512,512,512
2.001858711242676,203,512,512,512
2.008762836456299,203,512,512,512
2.008762836456299,203,512,512,512
2.0096962451934814,203,512,512,512
2.0096962451934814,203,512,512,512
2.0108823776245117,203,512,512,512
2.0108823776245117,203,512,512,512
2.0108823776245117,203,512,512,512
2.0108823776245117,203,512,512,512
2.0108823776245117,203,512,512,512
2.0108823776245117,203,512,512,512
2.0108823776245117,203,512,512,512
2.0108823776245117,203,512,512,512
2.0108823776245117,203,512,512,512
2.0108823776245117,203,512,512,512
2.0108823776245117,203,512,512,512
2.0108823776245117,203,512,512,512
2.0108823776245117,203,512,512,512
2.0108823776245117,203,512,512,512
2.0225324630737305,203,512,512,512
2.024553060531616,203,512,512,512
2.0260813236236572,203,512,512,512
2.0260813236236572,203,512,512,512
2.0260813236236572,203,512,512,512
2.0272250175476074,203,512,512,512
2.0272250175476074,203,512,512,512
2.0272250175476074,203,512,512,512
2.02923846244812,202,512,512,512
2.02923846244812,202,512,512,512
2.02923846244812,202,512,512,512
2.02923846244812,202,512,512,512
2.02923846244812,202,512,512,512
2.02923846244812,203,512,512,512
2.02923846244812,203,512,512,512
2.02923846244812,203,512,512,512
2.02923846244812,203,512,512,512
2.02923846244812,203,512,512,512
2.02923846244812,203,512,512,512
2.038201332092285,203,512,512,512
2.038201332092285,203,512,512,512
2.041553020477295,203,512,512,512
2.041553020477295,203,513,512,512
2.042234420776367,203,512,512,512
2.042234420776367,203,512,512,512
2.042234420776367,203,512,512,512
2.042234420776367,203,512,512,512
2.042234420776367,202,512,512,512
2.042234420776367,202,512,512,512
2.042234420776367,202,512,512,512
2.042234420776367,203,512,512,512
2.042234420776367,203,512,512,512
2.042234420776367,203,512,512,512
2.042234420776367,203,512,512,512
2.042234420776367,203,512,512,512
2.042234420776367,203,512,512,512
2.042234420776367,203,512,512,512
2.0539050102233887,203,512,512,512
2.0539050102233887,203,512,512,512
2.0539050102233887,203,512,512,512
2.0539050102233887,203,512,512,512
2.0589334964752197,203,512,512,512
2.0589334964752197,203,512,512,512
2.0589334964752197,203,512,512,512
2.0599329471588135,203,512,512,512
2.0599329471588135,203,512,512,512
2.0599329471588135,203,512,512,512
2.0599329471588135,203,512,512,512
2.0599329471588135,203,512,512,512
2.0599329471588135,203,512,512,512
2.0599329471588135,203,512,512,512
2.0599329471588135,203,512,512,512
2.0599329471588135,203,512,512,512
2.0599329471588135,203,512,512,512
2.0599329471588135,203,512,512,512
2.0599329471588135,203,511,512,512
2.0697786808013916,203,511,512,512
2.0710160732269287,203,512,512,512
2.0715384483337402,203,512,512,512
2.072190761566162,203,512,512,512
2.075435161590576,203,512,512,512
2.075435161590576,203,512,512,512
2.075435161590576,203,512,512,512
2.0765933990478516,203,512,512,512
2.0765933990478516,203,512,512,512
2.0765933990478516,203,512,512,512
2.0765933990478516,203,512,512,512
2.0765933990478516,203,512,512,512
2.0765933990478516,203,512,512,512
2.0765933990478516,203,512,512,512
2.0765933990478516,203,512,512,512
2.0765933990478516,203,512,512,512
2.0765933990478516,203,512,512,512
2.0765933990478516,203,512,512,512
2.0855603218078613,203,512,512,512
2.0855603218078613,203,512,512,512
2.0855603218078613,203,512,512,512
2.0855603218078613,203,512,512,512
2.0855603218078613,203,512,512,512
2.0855603218078613,203,512,512,512
2.092733144760132,203,512,512,512
2.092733144760132,203,512,512,512
2.092733144760132,202,512,512,512
2.092733144760132,202,512,512,512
2.0937561988830566,202,512,512,512
2.0937561988830566,202,512,512,512
2.0937561988830566,202,512,512,512
2.0937561988830566,202,512,512,512
2.0937561988830566,203,511,512,512
2.0937561988830566,203,512,512,512
2.0937561988830566,203,512,512,512
2.0937561988830566,203,512,512,512
2.0937561988830566,203,512,512,512
2.101959705352783,203,512,512,512
2.101959705352783,203,512,512,512
2.101959705352783,203,512,512,512
2.101959705352783,203,512,512,512
2.101959705352783,203,512,512,512
2.101959705352783,203,512,512,512
2.1086337566375732,203,512,512,512
2.1086337566375732,203,512,512,512
2.1096553802490234,203,512,512,512
2.1096553802490234,203,512,512,512
2.1096553802490234,203,512,512,512
2.111039876937866,202,512,512,512
2.111039876937866,202,511,512,512
2.111039876937866,202,512,512,512
2.1137170791625977,202,512,512,512
2.1137170791625977,203,512,512,512
2.1137170791625977,203,512,512,512
2.1137170791625977,203,512,512,512
2.1137170791625977,203,512,512,512
2.1137170791625977,203,512,512,512
2.1137170791625977,203,512,512,512
2.1137170791625977,203,512,512,512
2.1137170791625977,203,513,512,512
2.1137170791625977,203,512,512,512
2.1137170791625977,203,512,512,512
2.1137170791625977,203,512,512,512
2.1137170791625977,203,512,512,512
2.1253437995910645,202,512,512,512
2.1253437995910645,202,512,512,512
2.1263153553009033,202,512,512,512
2.1263153553009033,202,512,512,512
2.1283271312713623,203,512,512,512
2.1283271312713623,203,512,512,512
2.1283271312713623,203,512,512,512
2.1283271312713623,203,512,512,512
2.1283271312713623,203,512,512,512
2.1283271312713623,203,512,512,512
2.1283271312713623,203,512,512,512
2.1283271312713623,203,512,512,512
2.1283271312713623,203,512,512,512
2.1283271312713623,203,512,512,512
2.1283271312713623,203,512,512,512
2.1283271312713623,203,512,512,512
2.1283271312713623,203,512,512,512
2.1283271312713623,203,512,512,512
2.1283271312713623,203,512,512,512
2.1430342197418213,203,512,512,512
2.1430342197418213,203,512,512,512
2.1430342197418213,203,512,512,512
2.1430342197418213,203,512,512,512
2.1430342197418213,203,512,512,512
2.1430342197418213,203,512,512,512
2.1430342197418213,203,512,512,512
2.1464145183563232,203,512,512,512
2.1464145183563232,203,512,512,512
2.1464145183563232,203,512,512,512
2.1464145183563232,203,512,512,512
2.1464145183563232,203,512,512,512
2.1464145183563232,203,512,512,512
2.1464145183563232,202,512,512,512
2.1464145183563232,203,512,512,512
2.1464145183563232,203,512,512,512
2.1464145183563232,203,512,512,512
2.1464145183563232,203,512,512,512
2.1464145183563232,203,513,512,512
2.1588382720947266,203,513,512,512
2.1588382720947266,203,512,512,512
2.1594152450561523,203,512,512,512
2.1594152450561523,203,512,512,512
2.1594152450561523,203,512,512,512
2.161428213119507,203,512,512,512
2.161428213119507,203,512,512,512
2.161428213119507,203,512,512,512
2.161428213119507,203,512,512,512
2.161428213119507,203,512,512,512
2.161428213119507,203,512,512,512
2.161428213119507,203,512,512,512
2.161428213119507,203,512,512,512
2.161428213119507,203,512,512,512
2.161428213119507,203,512,512,512
2.161428213119507,203,512,512,512
2.161428213119507,203,512,512,512
2.161428213119507,203,512,512,512
2.161428213119507,203,512,512,512
2.1726181507110596,203,511,512,512
2.1753175258636475,203,512,512,512
2.17619252204895,203,512,512,512
2.17619252204895,203,512,512,512
2.17619252204895,203,512,512,512
2.1773271560668945,203,512,512,512
2.1773271560668945,203,512,512,512
2.1773271560668945,203,512,512,512
2.1773271560668945,203,512,512,512
2.1773271560668945,203,512,512,512
2.1773271560668945,203,511,512,512
2.1773271560668945,203,511,512,512
2.1773271560668945,203,511,512,512
2.1773271560668945,203,511,512,512
2.1773271560668945,203,511,512,512
2.1773271560668945,203,511,512,512
2.1773271560668945,203,511,512,512
2.1773271560668945,203,511,512,512
2.1882760524749756,203,512,512,512
2.1882760524749756,203,512,512,512
2.1882760524749756,203,512,512,512
2.1919751167297363,203,512,512,512
2.1919751167297363,203,512,512,512
2.1928999423980713,203,512,512,512
2.193906545639038,203,512,512,512
2.193906545639038,203,511,512,512
2.193906545639038,203,511,512,512
2.193906545639038,203,511,512,512
2.193906545639038,203,511,512,512
2.193906545639038,203,511,512,512
2.193906545639038,203,512,512,512
2.193906545639038,203,512,512,512
2.193906545639038,203,512,512,512
2.193906545639038,203,512,512,512
2.201937437057495,203,512,512,512
2.201937437057495,203,512,512,512
2.2039475440979004,203,512,512,512
2.2039475440979004,203,512,512,512
2.2039475440979004,203,512,512,512
2.2039475440979004,203,512,512,512
2.2086410522460938,203,512,512,512
2.2094662189483643,203,512,512,512
2.2094662189483643,203,512,512,512
2.2094662189483643,203,512,512,512
2.210726499557495,203,512,512,512
2.210726499557495,203,512,512,512
2.210726499557495,203,512,512,512
2.210726499557495,203,511,512,512
2.210726499557495,203,512,512,512
2.210726499557495,203,512,512,512
2.210726499557495,203,512,512,512
2.210726499557495,203,512,512,512
2.210726499557495,203,512,512,512
2.210726499557495,203,512,512,512
2.210726499557495,203,512,512,512
2.219625473022461,203,512,512,512
2.219625473022461,203,512,512,512
2.219625473022461,203,511,512,512
2.219625473022461,203,511,512,512
2.219625473022461,203,512,512,512
2.225977659225464,203,512,512,512
2.225977659225464,203,512,512,512
2.225977659225464,203,512,512,512
2.2269864082336426,203,512,512,512
2.2269864082336426,203,511,512,512
2.2269864082336426,203,512,512,512
2.2269864082336426,203,512,512,512
2.2269864082336426,203,512,512,512
2.2269864082336426,203,512,512,512
2.2269864082336426,203,512,512,512
2.2269864082336426,203,512,512,512
2.2269864082336426,203,512,512,512
2.2269864082336426,203,512,512,512
2.2353758811950684,203,512,512,512
2.2353758811950684,203,512,512,512
2.2353758811950684,203,512,512,512
2.2353758811950684,203,512,512,512
2.2353758811950684,203,512,512,512
2.2353758811950684,203,512,512,512
2.242799997329712,203,512,512,512
2.242799997329712,203,512,512,512
2.242799997329712,203,512,512,512
2.242799997329712,203,512,512,512
2.24381685256958,203,511,512,512
2.24381685256958,203,512,512,512
2.24381685256958,203,512,512,512
2.24381685256958,203,512,512,512
2.24381685256958,203,512,512,512
2.24381685256958,203,512,512,512
2.24381685256958,203,511,512,512
2.24381685256958,203,511,512,512
2.24381685256958,203,512,512,512
2.24381685256958,203,512,512,512
2.24381685256958,203,512,512,512
2.24381685256958,203,512,512,512
2.24381685256958,203,512,512,512
2.24381685256958,203,512,512,512
2.24381685256958,203,512,512,512
2.24381685256958,203,512,512,512
2.2592220306396484,203,512,512,512
2.2592220306396484,204,512,512,512
2.2592220306396484,204,512,512,512
2.2592220306396484,204,512,512,512
2.2606444358825684,203,512,512,512
2.2606444358825684,203,512,512,512
2.262662649154663,203,511,512,512
2.262662649154663,203,511,512,512
2.262662649154663,203,511,512,512
2.262662649154663,203,511,512,512
2.262662649154663,203,511,512,512
2.262662649154663,203,511,512,512
2.262662649154663,203,511,512,512
2.262662649154663,203,512,512,512
2.262662649154663,203,512,512,512
2.262662649154663,203,512,512,512
2.262662649154663,203,512,512,512
2.262662649154663,203,512,512,512
2.262662649154663,204,512,512,512
2.2753591537475586,204,512,512,512
2.2753591537475586,203,512,512,512
2.2753591537475586,203,512,512,512
2.2753591537475586,203,512,512,512
2.2772164344787598,203,512,512,512
2.2772164344787598,203,512,512,512
2.2772164344787598,203,512,512,512
2.2792294025421143,203,512,512,512
2.2804172039031982,203,512,512,512
2.2817554473876953,203,512,512,512
2.2817554473876953,203,512,512,512
2.2817554473876953,203,512,512,512
2.2817554473876953,203,512,512,512
2.2817554473876953,203,512,512,512
2.2854514122009277,203,512,512,512
2.2859582901000977,203,512,512,512
2.2859582901000977,203,512,512,512
2.287968873977661,203,511,512,512
2.287968873977661,203,512,512,512
2.287968873977661,203,512,512,512
2.29099178314209,203,512,512,512
2.29099178314209,203,512,512,512
2.292377471923828,203,512,512,512
2.293532609939575,203,512,512,512
2.293532609939575,203,512,512,512
2.294795036315918,203,512,512,512
2.294795036315918,203,512,512,512
2.294795036315918,203,512,512,512
2.294795036315918,203,511,512,512
2.294795036315918,203,511,512,512
2.294795036315918,203,511,512,512
2.294795036315918,203,511,512,512
2.294795036315918,203,511,512,512
2.294795036315918,203,512,512,512
2.301966905593872,203,512,512,512
2.301966905593872,203,512,512,512
2.301966905593872,203,512,512,512
2.301966905593872,203,512,512,512
2.301966905593872,203,512,512,512
2.309415102005005,203,512,512,512
2.309415102005005,203,512,512,512
2.309415102005005,203,512,512,512
2.309415102005005,203,512,512,512
2.309415102005005,203,512,512,512
2.3108718395233154,203,512,512,512
2.3114616870880127,203,512,512,512
2.3114616870880127,203,512,512,512
2.3114616870880127,203,512,512,512
2.3114616870880127,203,512,512,512
2.3114616870880127,203,512,512,512
2.3114616870880127,203,512,512,512
2.3114616870880127,203,512,512,512
2.3114616870880127,203,512,512,512
2.3114616870880127,203,512,512,512
2.3114616870880127,203,512,512,512
2.3114616870880127,203,512,512,512
2.3114616870880127,203,512,512,512
2.3114616870880127,203,511,512,512
2.3227217197418213,203,511,512,512
2.3261985778808594,203,511,512,512
2.3261985778808594,203,511,512,512
2.3261985778808594,203,512,512,512
2.3261985778808594,203,512,512,512
2.327500820159912,203,512,512,512
2.327500820159912,203,512,512,512
2.327500820159912,203,512,512,512
2.327500820159912,203,512,512,512
2.327500820159912,203,512,512,512
2.327500820159912,203,512,512,512
2.327500820159912,203,512,512,512
2.327500820159912,203,512,512,512
2.327500820159912,203,512,512,512
2.327500820159912,203,512,512,512
2.327500820159912,203,512,512,512
2.327500820159912,203,512,512,512
2.327500820159912,203,512,512,512
2.327500820159912,203,512,512,512
2.338515281677246,203,512,512,512
2.338515281677246,203,511,512,512
2.3425469398498535,203,511,512,512
2.3425469398498535,203,512,512,512
2.3425469398498535,203,512,512,512
2.3437156677246094,203,512,512,512
2.3437156677246094,203,512,512,512
2.3437156677246094,203,512,512,512
2.345735549926758,203,512,512,512
2.345735549926758,203,512,512,512
2.345735549926758,203,512,512,512
2.345735549926758,203,512,512,512
2.345735549926758,203,512,512,512
2.345735549926758,203,512,512,512
2.345735549926758,203,512,512,512
2.345735549926758,203,512,512,512
2.345735549926758,203,512,512,512
2.345735549926758,203,512,512,512
2.3543238639831543,203,512,512,512
2.3543238639831543,203,512,512,512
2.3556199073791504,203,512,512,512
2.3586320877075195,203,512,512,512
2.3589766025543213,203,512,512,512
2.3589766025543213,203,512,512,512
2.3598227500915527,203,512,512,512
2.3598227500915527,203,512,512,512
2.3598227500915527,203,512,512,512
2.3598227500915527,203,512,512,512
2.3598227500915527,203,512,512,512
2.3598227500915527,203,512,512,512
2.3598227500915527,203,512,512,512
2.3598227500915527,203,512,512,512
2.3598227500915527,203,512,512,512
2.3598227500915527,203,512,512,512
2.3598227500915527,203,512,512,512
2.3598227500915527,203,512,512,512
2.3598227500915527,203,512,512,512
2.3702123165130615,203,512,512,512
2.3702123165130615,203,512,512,512
2.3702123165130615,203,512,512,512
2.3702123165130615,203,512,512,512
2.3757565021514893,203,512,512,512
2.3757565021514893,203,512,512,512
2.3757565021514893,203,512,512,512
2.3757565021514893,203,511,512,512
2.3772737979888916,203,511,512,512
2.3772737979888916,203,511,512,512
2.3772737979888916,203,511,512,512
2.3772737979888916,203,511,512,512
2.3772737979888916,203,512,512,512
2.3772737979888916,203,512,512,512
2.3772737979888916,203,512,512,512
2.3772737979888916,203,512,512,512
2.3772737979888916,203,512,512,512
2.3772737979888916,203,512,512,512
2.385958194732666,203,512,512,512
2.385958194732666,203,512,512,512
2.385958194732666,203,512,512,512
2.385958194732666,203,512,512,512
2.385958194732666,203,512,512,512
2.3924713134765625,203,512,512,512
2.3924713134765625,203,512,512,512
2.3924713134765625,203,512,512,512
2.3924713134765625,203,512,512,512
2.3938660621643066,203,512,512,512
2.3938660621643066,203,512,512,512
2.3938660621643066,203,512,512,512
2.3938660621643066,203,512,512,512
2.3938660621643066,203,512,512,512
2.3938660621643066,203,511,512,512
2.3938660621643066,203,512,512,512
2.3938660621643066,203,512,512,512
2.3938660621643066,203,512,512,512
2.3938660621643066,203,512,512,512
2.4020743370056152,203,512,512,512
2.4020743370056152,203,512,512,512
2.4020743370056152,203,511,512,512
2.4020743370056152,203,512,512,512
2.4020743370056152,203,512,512,512
2.4020743370056152,203,512,512,512
2.409297227859497,203,512,512,512
2.409297227859497,203,512,512,512
2.409297227859497,203,512,512,512
2.409297227859497,203,512,512,512
2.4108293056488037,203,512,512,512
2.4108293056488037,203,512,512,512
2.4108293056488037,203,512,512,512
2.4108293056488037,203,512,512,512
2.4108293056488037,203,512,512,512
2.4108293056488037,203,512,512,512
2.4108293056488037,202,512,512,512
2.4108293056488037,203,512,512,512
2.4108293056488037,203,512,512,512
2.4108293056488037,203,512,512,512
2.4108293056488037,203,512,512,512
2.4108293056488037,203,512,512,512
2.4108293056488037,203,512,512,512
2.4108293056488037,203,512,512,512
2.4108293056488037,203,512,512,512
2.4108293056488037,203,512,512,512
2.4257419109344482,203,512,512,512
2.4257419109344482,203,512,512,512
2.4257419109344482,203,512,512,512
2.4257419109344482,203,512,512,512
2.4273314476013184,203,512,512,512
2.4273314476013184,203,512,512,512
2.4273314476013184,203,512,512,512
2.4273314476013184,203,512,512,512
2.4273314476013184,203,512,512,512
2.4273314476013184,203,512,512,512
2.4273314476013184,203,512,512,512
2.4273314476013184,203,512,512,512
2.4273314476013184,203,511,512,512
2.4273314476013184,203,512,512,512
2.4273314476013184,203,512,512,512
2.4273314476013184,203,512,512,512
2.4273314476013184,203,512,512,512
2.4273314476013184,203,512,512,512
2.4273314476013184,203,512,512,512
2.4418296813964844,203,512,512,512
2.4418296813964844,203,512,512,512
2.4418296813964844,203,512,512,512
2.4418296813964844,203,512,512,512
2.443849563598633,203,512,512,512
2.444284677505493,203,512,512,512
2.444284677505493,203,512,512,512
2.4462993144989014,203,512,512,512
2.4462993144989014,203,512,512,512
2.4462993144989014,203,512,512,512
2.4462993144989014,203,512,512,512
2.4462993144989014,203,511,512,512
2.4462993144989014,203,511,512,512
2.4462993144989014,203,511,512,512
2.4462993144989014,203,511,512,512
2.4462993144989014,203,511,512,512
2.4462993144989014,203,511,512,512
2.4462993144989014,203,512,512,512
2.4462993144989014,203,512,512,512
2.4462993144989014,203,512,512,512
2.4591896533966064,203,512,512,512
2.4591896533966064,203,512,512,512
2.4591896533966064,203,512,512,512
2.4591896533966064,203,512,512,512
2.460620641708374,203,512,512,512
2.460620641708374,203,512,512,512
2.460620641708374,203,512,512,512
2.460620641708374,203,512,512,512
2.460620641708374,203,512,512,512
2.460620641708374,203,512,512,512
2.460620641708374,203,512,512,512
2.460620641708374,203,512,512,512
2.460620641708374,203,512,512,512
2.460620641708374,203,512,512,512
2.460620641708374,203,512,512,512
2.460620641708374,203,512,512,512
2.460620641708374,203,511,512,512
2.460620641708374,203,512,512,512
2.460620641708374,203,512,512,512
2.4765264987945557,203,512,512,512
2.4765264987945557,203,512,512,512
2.4765264987945557,203,512,512,512
2.4772286415100098,203,512,512,512
2.4772286415100098,203,512,512,512
2.4772286415100098,203,512,512,512
2.4784300327301025,203,512,512,512
2.4799699783325195,203,512,512,512
2.4799699783325195,203,511,512,512
2.4799699783325195,203,512,512,512
2.4815399646759033,203,512,512,512
2.4815399646759033,203,511,512,512
2.483062982559204,203,512,512,512
2.484576463699341,203,512,512,512
2.484576463699341,203,512,512,512
2.486090898513794,203,512,512,512
2.486090898513794,203,512,512,512
2.4876062870025635,203,512,512,512
2.4876062870025635,203,512,512,512
2.4891321659088135,203,512,512,512
2.4923148155212402,203,512,512,512
2.4926600456237793,203,512,512,512
2.4926600456237793,203,512,512,512
2.4926600456237793,203,511,512,512
2.49367618560791,203,512,512,512
2.4953088760375977,203,512,512,512
2.4953088760375977,203,512,512,512
2.4953088760375977,203,512,512,512
2.4968676567077637,203,512,512,512
2.4968676567077637,203,512,512,512
2.498399496078491,203,512,512,512
2.4999866485595703,203,512,512,512
2.4999866485595703,203,512,512,512
2.501506805419922,203,512,512,512
2.5025362968444824,203,512,512,512
2.5025362968444824,203,512,512,512
2.5040528774261475,203,512,512,512
2.5040528774261475,203,512,512,512
2.505570888519287,203,512,512,512
2.505570888519287,203,512,512,512
2.5086605548858643,203,512,512,512
2.509507179260254,203,512,512,512
2.509507179260254,203,512,512,512
2.510025978088379,203,512,512,512
2.510025978088379,203,512,512,512
2.5116090774536133,203,512,512,512
2.5116090774536133,203,512,512,512
2.5116090774536133,203,512,512,512
2.5116090774536133,203,512,512,512
2.5116090774536133,203,512,512,512
2.5116090774536133,203,512,512,512
2.5116090774536133,203,511,512,512
2.5116090774536133,203,512,512,512
2.5116090774536133,203,511,512,512
2.5116090774536133,203,512,512,512
2.5116090774536133,203,512,512,512
2.5212297439575195,203,512,512,512
2.5212297439575195,203,512,512,512
2.5212297439575195,203,512,512,512
2.5253140926361084,203,512,512,512
2.5260725021362305,203,512,512,512
2.5260725021362305,203,511,512,512
2.5260725021362305,203,511,512,512
2.5260725021362305,203,512,512,512
2.528043270111084,203,511,512,512
2.528043270111084,203,511,512,512
2.528043270111084,203,512,512,512
2.528043270111084,203,512,512,512
2.528043270111084,203,512,512,512
2.528043270111084,203,512,512,512
2.528043270111084,203,512,512,512
2.528043270111084,203,512,512,512
2.528043270111084,203,512,512,512
2.528043270111084,203,512,512,512
2.528043270111084,203,512,512,512
2.5370290279388428,203,512,512,512
2.5370290279388428,203,512,512,512
2.5370290279388428,203,512,512,512
2.5370290279388428,203,512,512,512
2.542414903640747,203,512,512,512
2.542414903640747,203,512,512,512
2.542414903640747,203,512,512,512
2.542414903640747,203,512,512,512
2.542414903640747,203,512,512,512
2.542414903640747,203,512,512,512
2.545055866241455,203,512,512,512
2.545055866241455,203,512,512,512
2.545055866241455,203,512,512,512
2.545055866241455,203,512,512,512
2.545055866241455,203,512,512,512
2.549816846847534,203,512,512,512
2.549816846847534,203,512,512,512
2.549816846847534,203,512,512,512
2.549816846847534,203,512,512,512
2.549816846847534,203,512,512,512
2.549816846847534,203,512,512,512
2.549816846847534,203,512,512,512
2.549816846847534,203,512,512,512
2.5579800605773926,203,512,512,512
2.5579800605773926,203,512,512,512
2.5579800605773926,203,512,512,512
2.5594775676727295,203,512,512,512
2.5594775676727295,203,512,512,512
2.5594775676727295,203,512,512,512
2.5594775676727295,203,512,512,512
2.5594775676727295,203,512,512,512
2.5594775676727295,203,512,512,512
2.5594775676727295,203,511,512,512
2.5594775676727295,203,511,512,512
2.5656967163085938,203,511,512,512
2.5656967163085938,203,511,512,512
2.5656967163085938,203,511,512,512
2.5656967163085938,203,511,512,512
2.5656967163085938,203,512,512,512
2.5656967163085938,203,512,512,512
2.5656967163085938,203,512,512,512
2.5656967163085938,203,512,512,512
2.5656967163085938,203,512,512,512
2.5758213996887207,203,512,512,512
2.576817274093628,203,512,512,512
2.576817274093628,203,512,512,512
2.576817274093628,203,512,512,512
2.576817274093628,203,512,512,512
2.576817274093628,203,512,512,512
2.576817274093628,203,512,512,512
2.576817274093628,203,512,512,512
2.576817274093628,203,512,512,512
2.576817274093628,203,512,512,512
2.5819594860076904,203,512,512,512
2.5819594860076904,203,512,512,512
2.5819594860076904,203,511,512,512
2.5819594860076904,203,512,512,512
2.5819594860076904,203,512,512,512
2.5819594860076904,203,512,512,512
2.5819594860076904,203,512,512,512
2.5819594860076904,203,512,512,512
2.5819594860076904,203,512,512,512
2.5921781063079834,203,512,512,512
2.5921781063079834,203,512,512,512
2.5927774906158447,203,512,512,512
2.5927774906158447,203,512,512,512
2.5927774906158447,203,512,512,512
2.5927774906158447,203,512,512,512
2.5927774906158447,203,512,512,512
2.5927774906158447,203,512,512,512
2.5927774906158447,203,512,512,512
2.5927774906158447,203,512,512,512
2.5927774906158447,203,512,512,512
2.5927774906158447,203,512,512,512
2.5927774906158447,203,512,512,512
2.5927774906158447,203,512,512,512
2.6021182537078857,203,512,512,512
2.6021182537078857,203,512,512,512
2.6021182537078857,203,512,512,512
2.6021182537078857,203,512,512,512
2.6021182537078857,203,512,512,512
2.605813503265381,203,512,512,512
2.605813503265381,203,512,512,512
2.6087121963500977,203,512,512,512
2.6087121963500977,203,512,512,512
2.6087121963500977,203,512,512,512
2.6087121963500977,203,512,512,512
2.6087121963500977,203,512,512,512
2.6087121963500977,203,512,512,512
2.6087121963500977,203,512,512,512
2.6087121963500977,203,512,512,512
2.6087121963500977,203,512,512,512
2.6087121963500977,203,512,512,512
2.6087121963500977,203,512,512,512
2.6087121963500977,203,512,512,512
2.6087121963500977,202,512,512,512
2.6087121963500977,202,512,512,512
2.6087121963500977,202,512,512,512
2.6087121963500977,202,512,512,512
2.6217122077941895,203,512,512,512
2.6217122077941895,203,512,512,512
2.6229543685913086,203,512,512,512
2.624969720840454,203,512,512,512
2.624969720840454,203,512,512,512
2.6259796619415283,203,512,512,512
2.626356840133667,203,512,512,512
2.6267523765563965,203,512,512,512
2.6267523765563965,203,512,512,512
2.6267523765563965,203,512,512,512
2.63033390045166,203,512,512,512
2.630995273590088,203,512,512,512
2.630995273590088,202,512,512,512
2.630995273590088,202,512,512,512
2.630995273590088,203,512,512,512
2.630995273590088,203,512,512,512
2.630995273590088,203,512,512,512
2.630995273590088,203,512,512,512
2.630995273590088,203,512,512,512
2.630995273590088,202,512,512,512
2.638169050216675,202,512,512,512
2.638169050216675,203,512,512,512
2.638169050216675,202,512,512,512
2.641761064529419,202,512,512,512
2.641761064529419,202,512,512,512
2.6421375274658203,202,512,512,512
2.6421375274658203,202,512,512,512
2.6421375274658203,202,512,512,512
2.6421375274658203,203,512,512,512
2.6464216709136963,203,512,512,512
2.6464216709136963,203,512,512,512
2.6464216709136963,203,512,512,512
2.6464216709136963,203,512,512,512
2.6464216709136963,203,512,512,512
2.6464216709136963,203,512,512,512
2.6464216709136963,203,512,512,512
2.6464216709136963,203,512,512,512
2.6464216709136963,203,512,512,512
2.6464216709136963,203,512,512,512
2.6545605659484863,203,512,512,512
2.6545605659484863,203,512,512,512
2.6563544273376465,203,512,512,512
2.657939910888672,203,512,512,512
2.657939910888672,203,512,512,512
2.6584715843200684,203,512,512,512
2.6594879627227783,203,512,512,512
2.6594879627227783,203,512,512,512
2.6610538959503174,203,512,512,512
2.6610538959503174,203,512,512,512
2.6626198291778564,203,512,512,512
2.6626198291778564,203,512,512,512
2.6626198291778564,203,512,512,512
2.6626198291778564,203,512,512,512
2.6626198291778564,203,512,512,512
2.6626198291778564,203,512,512,512
2.6626198291778564,203,512,512,512
2.6626198291778564,203,512,512,512
2.6626198291778564,203,512,512,512
2.671154022216797,203,512,512,512
2.671656608581543,203,512,512,512
2.671656608581543,203,512,512,512
2.671656608581543,203,512,512,512
2.671656608581543,203,512,512,512
2.671656608581543,203,512,512,512
2.671656608581543,203,512,512,512
2.671656608581543,203,512,512,512
2.671656608581543,203,512,512,512
2.671656608581543,203,512,512,512
2.671656608581543,203,512,512,512
2.671656608581543,203,512,512,512
2.671656608581543,203,512,512,512
2.671656608581543,203,512,512,512
2.671656608581543,203,512,512,512
2.671656608581543,203,512,512,512
2.671656608581543,203,512,512,512
2.671656608581543,203,512,512,512
2.6861343383789062,203,512,512,512
2.686948776245117,203,512,512,512
2.6873533725738525,203,512,512,512
2.6873533725738525,203,512,512,512
2.6873533725738525,203,512,512,512
2.6915462017059326,203,512,512,512
2.6915462017059326,203,512,512,512
2.6922314167022705,203,512,512,512
2.693070650100708,203,512,512,512
2.693070650100708,203,512,512,512
2.6946916580200195,203,512,512,512
2.6946916580200195,203,512,512,512
2.6946916580200195,203,512,512,512
2.6946916580200195,203,512,512,512
2.6946916580200195,203,512,512,512
2.6946916580200195,203,512,512,512
2.6946916580200195,203,512,512,512
2.6946916580200195,203,512,512,512
2.6946916580200195,203,512,512,512
2.702314615249634,203,512,512,512
2.702314615249634,203,512,512,512
2.702314615249634,203,512,512,512
2.702314615249634,203,512,512,512
2.702314615249634,203,512,512,512
2.702314615249634,203,512,512,512
2.702314615249634,203,512,512,512
2.702314615249634,203,512,512,512
2.7089147567749023,203,512,512,512
2.7089147567749023,203,512,512,512
2.710766553878784,203,512,512,512
2.710766553878784,203,512,512,512
2.710766553878784,203,512,512,512
2.710766553878784,203,512,512,512
2.710766553878784,203,512,512,512
2.710766553878784,203,512,512,512
2.710766553878784,203,512,512,512
2.710766553878784,203,512,512,512
2.710766553878784,203,512,512,512
2.710766553878784,203,512,512,512
2.7191381454467773,203,512,512,512
2.7191381454467773,203,512,512,512
2.7191381454467773,202,512,512,512
2.7191381454467773,202,512,512,512
2.7191381454467773,202,512,512,512
2.7191381454467773,202,512,512,512
2.7191381454467773,202,512,512,512
2.7191381454467773,203,512,512,512
2.7191381454467773,203,512,512,512
2.727341413497925,203,512,512,512
2.727341413497925,203,512,512,512
2.727341413497925,203,512,512,512
2.727341413497925,203,512,512,512
2.727341413497925,203,512,512,512
2.727341413497925,203,512,512,512
2.727341413497925,203,512,512,512
2.727341413497925,203,512,512,512
2.727341413497925,203,512,512,512
2.727341413497925,203,512,512,512
2.727341413497925,203,512,512,512
2.727341413497925,203,512,512,512
2.727341413497925,203,512,512,512
2.727341413497925,203,512,512,512
2.727341413497925,203,512,512,512
2.727341413497925,203,512,512,512
2.727341413497925,203,512,512,512
2.727341413497925,203,512,512,512
2.727341413497925,203,512,512,512
2.7434332370758057,203,512,512,512
2.7434332370758057,203,512,512,512
2.7448694705963135,203,512,512,512
2.745378255844116,203,512,512,512
2.745378255844116,203,512,512,512
2.745378255844116,203,512,512,512
2.745378255844116,203,512,512,512
2.745378255844116,203,512,512,512
2.745378255844116,203,512,512,512
2.745378255844116,203,512,512,512
2.745378255844116,203,512,512,512
2.745378255844116,203,512,512,512
2.745378255844116,203,512,512,512
2.745378255844116,203,511,512,512
2.745378255844116,203,511,512,512
2.745378255844116,203,512,512,512
2.745378255844116,203,512,512,512
2.745378255844116,203,512,512,512
2.745378255844116,203,512,512,512
2.7592175006866455,203,512,512,512
2.7592175006866455,203,512,512,512
2.7592175006866455,203,512,512,512
2.7592175006866455,203,512,512,512
2.7592175006866455,203,512,512,512
2.7592175006866455,203,512,512,512
2.7592175006866455,203,512,512,512
2.7592175006866455,203,512,512,512
2.7592175006866455,203,512,512,512
2.7592175006866455,203,512,512,512
2.7592175006866455,203,512,512,512
2.7592175006866455,203,512,512,512
2.7592175006866455,203,512,512,512
2.7592175006866455,203,512,512,512
2.7592175006866455,203,512,512,512
2.7592175006866455,203,512,512,512
2.7592175006866455,203,512,512,512
2.7592175006866455,203,512,512,512
2.7592175006866455,203,512,512,512
2.775071382522583,203,512,512,512
2.775071382522583,203,513,512,512
2.775071382522583,203,513,512,512
2.775071382522583,203,512,512,512
2.775071382522583,203,512,512,512
2.775071382522583,203,512,512,512
2.775071382522583,203,512,512,512
2.775071382522583,203,512,512,512
2.775071382522583,203,512,512,512
2.775071382522583,203,512,512,512
2.775071382522583,203,512,512,512
2.775071382522583,203,512,512,512
2.775071382522583,203,512,512,512
2.775071382522583,203,512,512,512
2.775071382522583,203,512,512,512
2.775071382522583,203,513,512,512
2.775071382522583,203,512,512,512
2.775071382522583,203,512,512,512
2.7907793521881104,203,512,512,512
2.7907793521881104,203,512,512,512
2.792470693588257,203,512,512,512
2.793675184249878,203,512,512,512
2.793675184249878,203,512,512,512
2.793675184249878,203,512,512,512
2.793675184249878,203,512,512,512
2.793675184249878,203,512,512,512
2.793675184249878,203,512,512,512
2.793675184249878,203,512,512,512
2.798959493637085,203,512,512,512
2.798959493637085,203,512,512,512
2.798959493637085,203,512,512,512
2.798959493637085,203,512,512,512
2.8022429943084717,203,512,512,512
2.8022429943084717,203,512,512,512
2.8022429943084717,203,512,512,512
2.8022429943084717,202,512,512,512
2.8022429943084717,202,512,512,512
2.8073818683624268,203,512,512,512
2.8073818683624268,203,512,512,512
2.8083720207214355,203,512,512,512
2.8083720207214355,203,512,512,512
2.8083720207214355,203,512,512,512
2.8083720207214355,203,512,512,512
2.8083720207214355,203,512,512,512
2.8083720207214355,203,512,512,512
2.8083720207214355,203,512,512,512
2.8083720207214355,203,512,512,512
2.8156092166900635,203,512,512,512
2.8166279792785645,203,512,512,512
2.817390203475952,203,512,512,512
2.817390203475952,203,512,512,512
2.817390203475952,203,512,512,512
2.817390203475952,203,512,512,512
2.817390203475952,203,512,512,512
2.817390203475952,203,512,512,512
2.817390203475952,203,512,512,512
2.817390203475952,203,512,512,512
2.8237366676330566,203,512,512,512
2.8237366676330566,203,513,512,512
2.825515031814575,203,512,512,512
2.825515031814575,203,512,512,512
2.825515031814575,203,512,512,512
2.825515031814575,203,512,512,512
2.825515031814575,203,512,512,512
2.825515031814575,203,512,512,512
2.825515031814575,203,512,512,512
2.825515031814575,203,512,512,512
2.825515031814575,203,511,512,512
2.825515031814575,203,511,512,512
2.825515031814575,203,511,512,512
2.825515031814575,202,511,512,512
2.825515031814575,202,511,512,512
2.825515031814575,202,512,512,512
2.825515031814575,202,512,512,512
2.825515031814575,203,512,512,512
2.825515031814575,203,512,512,512
2.840278387069702,203,512,512,512
2.840278387069702,203,512,512,512
2.840278387069702,203,512,512,512
2.840278387069702,203,512,512,512
2.840278387069702,203,512,512,512
2.840278387069702,203,512,512,512
2.840278387069702,203,512,512,512
2.840278387069702,203,512,512,512
2.840278387069702,203,512,512,512
2.840278387069702,203,512,512,512
2.840278387069702,203,512,512,512
2.840278387069702,203,512,512,512
2.840278387069702,203,512,512,512
2.840278387069702,203,512,512,512
2.840278387069702,203,512,512,512
2.840278387069702,203,512,512,512
2.840278387069702,203,512,512,512
2.840278387069702,203,512,512,512
2.840278387069702,203,512,512,512
2.8558666706085205,203,512,512,512
2.8569326400756836,203,512,512,512
2.8569326400756836,203,512,512,512
2.8569326400756836,203,512,512,512
2.8569326400756836,203,512,512,512
2.8569326400756836,203,512,512,512
2.8569326400756836,203,512,512,512
2.8569326400756836,203,512,512,512
2.8569326400756836,203,512,512,512
2.8569326400756836,203,512,512,512
2.8569326400756836,203,512,512,512
2.8569326400756836,203,511,512,512
2.8569326400756836,203,511,512,512
2.8569326400756836,203,512,512,512
2.8569326400756836,203,512,512,512
2.8569326400756836,203,512,512,512
2.8569326400756836,203,512,512,512
2.8569326400756836,203,512,512,512
2.8569326400756836,203,512,512,512
2.871971607208252,203,512,512,512
2.871971607208252,203,512,512,512
2.871971607208252,203,512,512,512
2.871971607208252,203,512,512,512
2.871971607208252,203,512,512,512
2.871971607208252,203,512,512,512
2.871971607208252,203,512,512,512
2.871971607208252,203,512,512,512
2.871971607208252,203,512,512,512
2.871971607208252,203,512,512,512
2.871971607208252,203,512,512,512
2.871971607208252,203,512,512,512
2.871971607208252,203,512,512,512
2.871971607208252,203,512,512,512
2.871971607208252,203,512,512,512
2.871971607208252,203,512,512,512
2.871971607208252,203,512,512,512
2.871971607208252,203,512,512,512
2.8879151344299316,203,512,512,512
2.8888988494873047,203,512,512,512
2.8888988494873047,203,512,512,512
2.8888988494873047,203,512,512,512
2.8888988494873047,203,512,512,512
2.8888988494873047,203,512,512,512
2.8888988494873047,203,512,512,512
2.8888988494873047,203,512,512,512
2.8888988494873047,203,512,512,512
2.8888988494873047,203,512,512,512
2.8888988494873047,203,512,512,512
2.8888988494873047,203,512,512,512
2.8888988494873047,203,512,512,512
2.8888988494873047,203,512,512,512
2.8888988494873047,203,512,512,512
2.8888988494873047,203,512,512,512
2.8888988494873047,203,512,512,512
2.8888988494873047,203,512,512,512
2.902623414993286,203,512,512,512
2.9041695594787598,203,512,512,512
2.90468692779541,203,512,512,512
2.90468692779541,203,512,512,512
2.90468692779541,203,512,512,512
2.90468692779541,203,512,512,512
2.90468692779541,203,512,512,512
2.90468692779541,203,512,512,512
2.90468692779541,203,512,512,512
2.90468692779541,202,512,512,512
2.90468692779541,203,512,512,512
2.90468692779541,203,512,512,512
2.90468692779541,203,512,512,512
2.90468692779541,203,512,512,512
2.90468692779541,203,512,512,512
2.90468692779541,203,512,512,512
2.90468692779541,203,512,512,512
2.90468692779541,203,512,512,512
2.90468692779541,203,512,512,512
2.90468692779541,203,512,512,512
2.919673204421997,203,512,512,512
2.919673204421997,203,512,512,512
2.919673204421997,203,512,512,512
2.919673204421997,203,512,512,512
2.919673204421997,203,512,512,512
2.919673204421997,203,512,512,512
2.919673204421997,203,512,512,512
2.919673204421997,203,512,512,512
2.919673204421997,203,512,512,512
2.919673204421997,203,512,512,512
2.919673204421997,203,512,512,512
2.919673204421997,203,512,512,512
2.919673204421997,203,512,512,512
2.919673204421997,203,512,512,512
2.919673204421997,203,512,512,512
2.919673204421997,203,512,512,512
2.919673204421997,203,512,512,512
2.919673204421997,203,512,512,512
2.919673204421997,203,512,512,512
2.9357686042785645,202,512,512,512
2.9357686042785645,202,512,512,512
2.9357686042785645,203,512,512,512
2.9357686042785645,203,512,512,512
2.9357686042785645,203,512,512,512
2.9357686042785645,203,513,512,512
2.9357686042785645,203,512,512,512
2.9357686042785645,203,512,512,512
2.9357686042785645,203,512,512,512
2.9357686042785645,203,512,512,512
2.9357686042785645,203,512,512,512
2.9357686042785645,203,512,512,512
2.9357686042785645,203,512,512,512
2.947434663772583,203,512,512,512
2.947434663772583,203,511,512,512
2.947434663772583,203,511,512,512
2.949448585510254,203,512,512,512
2.949448585510254,203,511,512,512
2.95145583152771,203,512,512,512
2.95145583152771,202,512,512,512
2.953463315963745,203,512,512,512
2.953463315963745,203,512,512,512
2.953463315963745,203,512,512,512
2.953463315963745,203,512,512,512
2.953463315963745,203,512,512,512
2.953463315963745,203,512,512,512
2.953463315963745,203,512,512,512
2.953463315963745,203,512,512,512
2.953463315963745,203,512,512,512
2.953463315963745,203,512,512,512
2.953463315963745,203,512,512,512
2.953463315963745,203,512,512,512
2.953463315963745,203,512,512,512
2.953463315963745,203,512,512,512
2.953463315963745,203,512,512,512
2.953463315963745,203,512,512,512
2.953463315963745,203,512,512,512
2.967349052429199,203,512,512,512
2.967349052429199,203,512,512,512
2.967349052429199,203,512,512,512
2.967349052429199,203,512,512,512
2.967349052429199,203,512,512,512
2.967349052429199,203,512,512,512
2.967349052429199,203,512,512,512
2.967349052429199,203,512,512,512
2.967349052429199,203,512,512,512
2.967349052429199,203,512,512,512
2.967349052429199,203,512,512,512
2.967349052429199,203,513,512,512
2.967349052429199,203,512,512,512
2.967349052429199,203,512,512,512
2.967349052429199,203,512,512,512
2.967349052429199,203,512,512,512
2.967349052429199,203,511,512,512
2.967349052429199,203,511,512,512
2.9830825328826904,203,512,512,512
2.9830825328826904,203,512,512,512
2.9830825328826904,203,512,512,512
2.985093593597412,203,512,512,512
2.985093593597412,203,512,512,512
2.985093593597412,203,512,512,512
2.985093593597412,203,512,512,512
2.985093593597412,203,512,512,512
2.985093593597412,203,512,512,512
2.985093593597412,203,512,512,512
2.985093593597412,203,512,512,512
2.985093593597412,203,512,512,512
2.985093593597412,203,512,512,512
2.985093593597412,203,512,512,512
2.985093593597412,203,512,512,512
2.985093593597412,203,512,512,512
2.985093593597412,203,512,512,512
2.985093593597412,203,512,512,512
2.985093593597412,203,512,512,512
2.9988021850585938,203,512,512,512
2.9988021850585938,203,512,512,512
2.9988021850585938,203,512,512,512
2.9988021850585938,203,512,512,512
3.0027527809143066,203,512,512,512
3.0027527809143066,203,512,512,512
3.0027527809143066,203,512,512,512
3.0027527809143066,203,512,512,512
3.0027527809143066,203,512,512,512
3.0027527809143066,203,512,512,512
3.0027527809143066,203,512,512,512
3.0027527809143066,203,512,512,512
3.0027527809143066,203,512,512,512
3.0027527809143066,203,512,512,512
3.0027527809143066,203,512,512,512
3.0027527809143066,203,512,512,512
3.0027527809143066,203,512,512,512
3.0027527809143066,203,513,512,512
3.0027527809143066,203,512,512,512
3.0148603916168213,203,512,512,512
3.0148603916168213,203,512,512,512
3.0148603916168213,203,512,512,512
3.0148603916168213,203,512,512,512
3.0148603916168213,203,512,512,512
3.0148603916168213,203,512,512,512
3.0148603916168213,203,511,512,512
3.0148603916168213,203,511,512,512
3.0148603916168213,203,511,512,512
3.0148603916168213,202,511,512,512
3.0148603916168213,202,511,512,512
3.0148603916168213,202,512,512,512
3.0148603916168213,202,512,512,512
3.0148603916168213,202,512,512,512
3.0148603916168213,202,512,512,512
3.0148603916168213,203,512,512,512
3.0148603916168213,203,512,512,512
3.0148603916168213,203,512,512,512
3.0307631492614746,203,511,512,512
3.0307631492614746,203,512,512,512
3.0307631492614746,203,512,512,512
3.0307631492614746,203,511,512,512
3.0307631492614746,203,512,512,512
3.0307631492614746,203,512,512,512
3.0307631492614746,203,512,512,512
3.0307631492614746,203,512,512,512
3.0307631492614746,203,512,512,512
3.0307631492614746,203,512,512,512
3.0307631492614746,203,512,512,512
3.0307631492614746,203,512,512,512
3.0307631492614746,203,512,512,512
3.0307631492614746,203,512,512,512
3.0307631492614746,203,512,512,512
3.0307631492614746,203,512,512,512
3.0307631492614746,203,512,512,512
3.0307631492614746,203,512,512,512
3.0307631492614746,203,512,512,512
3.0470640659332275,203,512,512,512
3.047926902770996,203,512,512,512
3.048384189605713,203,512,512,512
3.048384189605713,203,512,512,512
3.048384189605713,203,512,512,512
3.048384189605713,203,512,512,512
3.048384189605713,203,512,512,512
3.048384189605713,203,512,512,512
3.048384189605713,203,512,512,512
3.048384189605713,203,512,512,512
3.048384189605713,203,512,512,512
3.048384189605713,204,512,512,512
3.048384189605713,203,512,512,512
3.048384189605713,203,512,512,512
3.048384189605713,204,512,512,512
3.048384189605713,203,512,512,512
3.048384189605713,203,511,512,512
3.048384189605713,203,512,512,512
3.062152147293091,203,512,512,512
3.062152147293091,203,512,512,512
3.062152147293091,203,511,512,512
3.062152147293091,203,511,512,512
3.062152147293091,203,511,512,512
3.062152147293091,203,511,512,512
3.062152147293091,203,512,512,512
3.062152147293091,203,512,512,512
3.062152147293091,203,512,512,512
3.062152147293091,203,512,512,512
3.062152147293091,203,512,512,512
3.062152147293091,204,512,512,512
3.062152147293091,203,512,512,512
3.062152147293091,203,512,512,512
3.062152147293091,203,512,512,512
3.062152147293091,203,512,512,512
3.062152147293091,203,512,512,512
3.062152147293091,204,512,512,512
3.062152147293091,203,512,512,512
3.077873706817627,203,512,512,512
3.077873706817627,203,512,512,512
3.080258369445801,203,512,512,512
3.0810012817382812,203,512,512,512
3.0812666416168213,203,512,512,512
3.0812666416168213,203,512,512,512
3.0812666416168213,203,512,512,512
3.0812666416168213,203,512,512,512
3.0812666416168213,203,512,512,512
3.0812666416168213,203,512,512,512
3.0812666416168213,203,512,512,512
3.0812666416168213,203,512,512,512
3.0812666416168213,203,512,512,512
3.0812666416168213,203,512,512,512
3.0812666416168213,203,512,512,512
3.0812666416168213,203,512,512,512
3.0812666416168213,203,512,512,512
3.0812666416168213,203,512,512,512
3.093555450439453,203,512,512,512
3.093555450439453,203,511,512,512
3.093555450439453,203,511,512,512
3.093555450439453,203,511,512,512
3.093555450439453,203,511,512,512
3.093555450439453,203,511,512,512
3.093555450439453,203,511,512,512
3.093555450439453,203,512,512,512
3.093555450439453,203,512,512,512
3.093555450439453,203,512,512,512
3.093555450439453,203,512,512,512
3.1026313304901123,203,512,512,512
3.1026313304901123,203,512,512,512
3.1026313304901123,203,512,512,512
3.1026313304901123,203,512,512,512
3.1026313304901123,203,512,512,512
3.1026313304901123,203,512,512,512
3.1026313304901123,203,512,512,512
3.1026313304901123,202,512,512,512
3.109409809112549,203,512,512,512
3.109409809112549,203,512,512,512
3.109409809112549,203,512,512,512
3.109409809112549,203,511,512,512
3.109409809112549,203,511,512,512
3.109409809112549,203,512,512,512
3.109409809112549,203,512,512,512
3.109409809112549,203,512,512,512
3.109409809112549,203,512,512,512
3.109409809112549,203,512,512,512
3.109409809112549,203,512,512,512
3.109409809112549,203,512,512,512
3.109409809112549,203,512,512,512
3.109409809112549,203,512,512,512
3.109409809112549,203,512,512,512
3.109409809112549,203,512,512,512
3.109409809112549,203,512,512,512
3.109409809112549,203,512,512,512
3.1251869201660156,203,512,512,512
3.1260054111480713,203,512,512,512
3.1269733905792236,203,512,512,512
3.128002882003784,203,512,512,512
3.1287736892700195,203,512,512,512
3.1287736892700195,203,512,512,512
3.1287736892700195,203,512,512,512
3.1287736892700195,203,512,512,512
3.1287736892700195,203,512,512,512
3.1287736892700195,203,511,512,512
3.1332905292510986,203,511,512,512
3.1332905292510986,203,511,512,512
3.1332905292510986,203,512,512,512
3.1332905292510986,203,511,512,512
3.1332905292510986,203,511,512,512
3.1332905292510986,203,511,512,512
3.1332905292510986,203,511,512,512
3.1332905292510986,203,511,512,512
3.1332905292510986,203,512,512,512
3.1332905292510986,203,512,512,512
3.142136335372925,203,512,512,512
3.143176555633545,203,512,512,512
3.1439127922058105,203,512,512,512
3.1446890830993652,203,512,512,512
3.1454758644104004,203,512,512,512
3.1454758644104004,203,512,512,512
3.1473681926727295,203,512,512,512
3.148430347442627,203,512,512,512
3.148430347442627,203,511,512,512
3.148430347442627,203,512,512,512
3.1501903533935547,203,512,512,512
3.1501903533935547,203,511,512,512
3.1501903533935547,203,512,512,512
3.1501903533935547,203,512,512,512
3.1501903533935547,203,512,512,512
3.1501903533935547,203,512,512,512
3.1501903533935547,203,512,512,512
3.1501903533935547,203,512,512,512
3.1583006381988525,203,512,512,512
3.1587460041046143,203,512,512,512
3.159104108810425,203,512,512,512
3.159104108810425,203,512,512,512
3.159104108810425,203,512,512,512
3.159104108810425,203,512,512,512
3.159104108810425,203,512,512,512
3.159104108810425,203,512,512,512
3.159104108810425,203,512,512,512
3.159104108810425,204,512,512,512
3.1663260459899902,203,512,512,512
3.1670444011688232,203,512,512,512
3.1678128242492676,203,512,512,512
3.1678128242492676,203,512,512,512
3.1678128242492676,203,512,512,512
3.1678128242492676,203,512,512,512
3.1678128242492676,203,512,512,512
3.1678128242492676,203,512,512,512
3.1678128242492676,203,512,512,512
3.174381971359253,204,511,512,512
3.174381971359253,203,511,512,512
3.175086736679077,203,512,512,512
3.175086736679077,203,511,512,512
3.175086736679077,203,511,512,512
3.175086736679077,203,512,512,512
3.175086736679077,203,512,512,512
3.175086736679077,203,511,512,512
3.175086736679077,203,512,512,512
3.175086736679077,203,512,512,512
3.175086736679077,203,512,512,512
3.175086736679077,203,512,512,512
3.175086736679077,203,512,512,512
3.175086736679077,203,512,512,512
3.175086736679077,203,512,512,512
3.175086736679077,203,512,512,512
3.175086736679077,203,512,512,512
3.175086736679077,203,512,512,512
3.175086736679077,203,512,512,512
3.175086736679077,203,512,512,512
3.1902167797088623,203,512,512,512
3.1917707920074463,203,512,512,512
3.1917707920074463,203,512,512,512
3.1917707920074463,203,512,512,512
3.1917707920074463,203,512,512,512
3.1917707920074463,203,512,512,512
3.1917707920074463,203,512,512,512
3.1917707920074463,203,512,512,512
3.1917707920074463,203,512,512,512
3.1917707920074463,203,512,512,512
3.1917707920074463,203,512,512,512
3.1917707920074463,202,512,512,512
3.1917707920074463,203,512,512,512
3.1917707920074463,203,512,512,512
3.1917707920074463,203,512,512,512
3.202971935272217,203,512,512,512
3.202971935272217,203,512,512,512
3.202971935272217,203,512,512,512
3.20587158203125,203,512,512,512
3.2069039344787598,203,512,512,512
3.2069039344787598,203,512,512,512
3.2083730697631836,203,512,512,512
3.2083730697631836,203,511,512,512
3.2083730697631836,203,511,512,512
3.2083730697631836,203,511,512,512
3.2083730697631836,203,511,512,512
3.2083730697631836,203,511,512,512
3.2083730697631836,202,512,512,512
3.2083730697631836,202,512,512,512
3.2083730697631836,202,512,512,512
3.2083730697631836,202,512,512,512
3.2083730697631836,203,512,512,512
3.2083730697631836,203,512,512,512
3.2083730697631836,203,512,512,512
3.2083730697631836,202,512,512,512
3.2083730697631836,202,512,512,512
3.2083730697631836,202,512,512,512
3.2217133045196533,202,512,512,512
3.2250301837921143,203,512,512,512
3.2250301837921143,203,512,512,512
3.2250301837921143,203,512,512,512
3.225867986679077,203,512,512,512
3.2262039184570312,203,512,512,512
3.2262039184570312,203,512,512,512
3.228355646133423,203,512,512,512
3.2287566661834717,203,512,512,512
3.230121374130249,203,512,512,512
3.230121374130249,203,512,512,512
3.230121374130249,203,512,512,512
3.230121374130249,203,512,512,512
3.230121374130249,203,512,512,512
3.230121374130249,203,512,512,512
3.230121374130249,203,512,512,512
3.230121374130249,203,512,512,512
3.230121374130249,203,512,512,512
3.237443685531616,203,512,512,512
3.237443685531616,203,512,512,512
3.237443685531616,203,512,512,512
3.237443685531616,203,512,512,512
3.237443685531616,203,512,512,512
3.237443685531616,203,512,512,512
3.2419450283050537,203,512,512,512
3.2419450283050537,203,512,512,512
3.2419450283050537,203,512,512,512
3.2419450283050537,203,512,512,512
3.245553731918335,203,512,512,512
3.245553731918335,203,511,512,512
3.245553731918335,203,511,512,512
3.245553731918335,203,511,512,512
3.245553731918335,203,511,512,512
3.245553731918335,203,511,512,512
3.245553731918335,203,512,512,512
3.245553731918335,203,512,512,512
3.245553731918335,203,512,512,512
3.245553731918335,203,512,512,512
3.254011392593384,203,512,512,512
3.254011392593384,203,512,512,512
3.254011392593384,203,512,512,512
3.257486581802368,203,512,512,512
3.257486581802368,204,512,512,512
3.258523464202881,204,512,512,512
3.258523464202881,204,512,512,512
3.2603952884674072,204,512,512,512
3.2603952884674072,204,512,512,512
3.262165069580078,204,512,512,512
3.262165069580078,203,512,512,512
3.262165069580078,203,512,512,512
3.262165069580078,203,511,512,512
3.262165069580078,203,511,512,512
3.262165069580078,203,511,512,512
3.262165069580078,203,511,512,512
3.262165069580078,203,512,512,512
3.262165069580078,204,512,512,512
3.262165069580078,204,512,512,512
3.2704005241394043,204,512,512,512
3.2704005241394043,204,512,512,512
3.2704005241394043,204,512,512,512
3.2704005241394043,204,512,512,512
3.2704005241394043,204,512,512,512
3.2704005241394043,204,512,512,512
3.2704005241394043,204,512,512,512
3.2704005241394043,204,512,512,512
3.2704005241394043,204,512,512,512
3.2784929275512695,204,512,512,512
3.2784929275512695,204,512,512,512
3.2784929275512695,203,512,512,512
3.280611276626587,203,512,512,512
3.280611276626587,203,512,512,512
3.2823727130889893,203,512,512,512
3.2823727130889893,203,512,512,512
3.2823727130889893,203,512,512,512
3.284574270248413,203,512,512,512
3.284574270248413,203,512,512,512
3.284574270248413,203,512,512,512
3.284574270248413,203,512,512,512
3.284574270248413,203,511,512,512
3.284574270248413,203,511,512,512
3.284574270248413,203,511,512,512
3.284574270248413,203,511,512,512
3.2919700145721436,203,511,512,512
3.2928574085235596,203,512,512,512
3.2935984134674072,203,512,512,512
3.2944817543029785,203,512,512,512
3.2957253456115723,203,512,512,512
3.296234130859375,203,512,512,512
3.296234130859375,203,512,512,512
3.296234130859375,203,512,512,512
3.2986950874328613,203,512,512,512
3.2986950874328613,203,512,512,512
3.2986950874328613,203,512,512,512
3.30072021484375,203,511,512,512
3.30072021484375,203,512,512,512
3.30072021484375,203,512,512,512
3.303736925125122,203,511,512,512
3.304821014404297,203,512,512,512
3.3056020736694336,203,512,512,512
3.305818796157837,202,512,512,512
3.305818796157837,202,512,512,512
3.308154821395874,202,512,512,512
3.308154821395874,202,512,512,512
3.309387683868408,202,512,512,512
3.309387683868408,203,512,512,512
3.309387683868408,203,512,512,512
3.309387683868408,203,512,512,512
3.309387683868408,202,512,512,512
3.309387683868408,203,512,512,512
3.309387683868408,203,512,512,512
3.309387683868408,203,512,512,512
3.309387683868408,203,512,512,512
3.317509174346924,203,512,512,512
3.317509174346924,203,512,512,512
3.317509174346924,203,512,512,512
3.317509174346924,203,512,512,512
3.317509174346924,203,512,512,512
3.317509174346924,203,511,512,512
3.317509174346924,203,511,512,512
3.317509174346924,203,512,512,512
3.317509174346924,203,512,512,512
3.317509174346924,202,512,512,512
3.325530767440796,202,512,512,512
3.325530767440796,202,512,512,512
3.325530767440796,203,512,512,512
3.325530767440796,203,512,512,512
3.325530767440796,203,512,512,512
3.325530767440796,203,512,512,512
3.325530767440796,203,512,512,512
3.325530767440796,203,512,512,512
3.325530767440796,203,512,512,512
3.325530767440796,203,512,512,512
3.325530767440796,203,512,512,512
3.325530767440796,203,512,512,512
3.325530767440796,203,512,512,512
3.325530767440796,203,512,512,512
3.325530767440796,203,512,512,512
3.325530767440796,203,512,512,512
3.325530767440796,203,512,512,512
3.341275215148926,203,512,512,512
3.341275215148926,203,512,512,512
3.341275215148926,203,512,512,512
3.341275215148926,203,512,512,512
3.341275215148926,203,512,512,512
3.341275215148926,203,512,512,512
3.341275215148926,203,512,512,512
3.341275215148926,203,512,512,512
3.341275215148926,203,512,512,512
3.341275215148926,203,512,512,512
3.341275215148926,203,512,512,512
3.341275215148926,203,512,512,512
3.341275215148926,203,512,512,512
3.341275215148926,203,512,512,512
3.341275215148926,203,512,512,512
3.341275215148926,203,512,512,512
3.341275215148926,203,512,512,512
3.341275215148926,203,512,512,512
3.341275215148926,203,512,512,512
3.341275215148926,203,512,512,512
3.3590950965881348,203,512,512,512
3.3590950965881348,204,512,512,512
3.3590950965881348,204,512,512,512
3.3590950965881348,204,512,512,512
3.3590950965881348,203,512,512,512
3.3590950965881348,203,511,512,512
3.3590950965881348,203,511,512,512
3.3590950965881348,204,511,512,512
3.3590950965881348,204,511,512,512
3.3590950965881348,204,511,512,512
3.3590950965881348,204,512,512,512
3.3590950965881348,204,512,512,512
3.3590950965881348,203,512,512,512
3.3590950965881348,203,512,512,512
3.3590950965881348,203,512,512,512
3.3590950965881348,203,512,512,512
3.3590950965881348,203,512,512,512
3.3590950965881348,203,512,512,512
3.3728368282318115,203,512,512,512
3.3748559951782227,203,512,512,512
3.3748559951782227,203,512,512,512
3.3748559951782227,203,512,512,512
3.3748559951782227,203,512,512,512
3.3748559951782227,203,512,512,512
3.3748559951782227,203,512,512,512
3.3748559951782227,203,512,512,512
3.3748559951782227,203,512,512,512
3.3748559951782227,203,512,512,512
3.3748559951782227,203,512,512,512
3.3748559951782227,203,512,512,512
3.3748559951782227,203,511,512,512
3.3748559951782227,203,512,512,512
3.3748559951782227,203,512,512,512
3.3748559951782227,203,512,512,512
3.3748559951782227,203,511,512,512
3.3748559951782227,203,511,512,512
3.3748559951782227,203,512,512,512
3.388686180114746,203,511,512,512
3.389831781387329,203,512,512,512
3.3903419971466064,203,512,512,512
3.3903419971466064,203,512,512,512
3.3903419971466064,203,512,512,512
3.3903419971466064,203,512,512,512
3.3903419971466064,203,512,512,512
3.3903419971466064,203,512,512,512
3.3903419971466064,203,512,512,512
3.3903419971466064,203,512,512,512
3.3903419971466064,203,512,512,512
3.3903419971466064,203,512,512,512
3.3903419971466064,203,512,512,512
3.3903419971466064,203,512,512,512
3.3903419971466064,203,511,512,512
3.3903419971466064,203,511,512,512
3.3903419971466064,203,511,512,512
3.4034054279327393,203,511,512,512
3.4044177532196045,202,511,512,512
3.4044177532196045,202,511,512,512
3.4044177532196045,202,511,512,512
3.4044177532196045,202,511,512,512
3.4044177532196045,202,511,512,512
3.4044177532196045,202,512,512,512
3.4044177532196045,202,512,512,512
3.4044177532196045,202,512,512,512
3.4044177532196045,203,512,512,512
3.4044177532196045,203,512,512,512
3.4044177532196045,203,512,512,512
3.4044177532196045,202,512,512,512
3.4044177532196045,202,512,512,512
3.4044177532196045,202,512,512,512
3.4044177532196045,203,512,512,512
3.4044177532196045,203,511,512,512
3.4044177532196045,202,511,512,512
3.4044177532196045,202,512,512,512
3.4044177532196045,202,512,512,512
3.420236110687256,202,512,512,512
3.420236110687256,202,512,512,512
3.420236110687256,202,512,512,512
3.420236110687256,202,512,512,512
3.420236110687256,202,512,512,512
3.420236110687256,203,512,512,512
3.420236110687256,203,512,512,512
3.420236110687256,203,512,512,512
3.420236110687256,203,512,512,512
3.420236110687256,203,512,512,512
3.420236110687256,203,512,512,512
3.420236110687256,203,512,512,512
3.420236110687256,203,512,512,512
3.420236110687256,203,512,512,512
3.420236110687256,203,512,512,512
3.420236110687256,203,512,512,512
3.420236110687256,203,512,512,512
3.420236110687256,203,511,512,512
3.420236110687256,203,511,512,512
3.4360909461975098,203,511,512,512
3.4360909461975098,203,511,512,512
3.4360909461975098,203,511,512,512
3.4360909461975098,202,512,512,512
3.4360909461975098,203,512,512,512
3.4360909461975098,203,512,512,512
3.4360909461975098,203,512,512,512
3.4360909461975098,203,512,512,512
3.4360909461975098,203,512,512,512
3.4360909461975098,203,512,512,512
3.4360909461975098,203,512,512,512
3.4360909461975098,203,512,512,512
3.4360909461975098,203,512,512,512
3.4360909461975098,203,512,512,512
3.4360909461975098,203,512,512,512
3.4360909461975098,203,512,512,512
3.4360909461975098,203,512,512,512
3.4360909461975098,203,512,512,512
3.4519295692443848,203,512,512,512
3.4529473781585693,203,512,512,512
3.453646421432495,203,512,512,512
3.453646421432495,203,512,512,512
3.453646421432495,203,512,512,512
3.453646421432495,203,512,512,512
3.453646421432495,203,512,512,512
3.453646421432495,203,512,512,512
3.453646421432495,203,512,512,512
3.453646421432495,203,512,512,512
3.453646421432495,203,512,512,512
3.453646421432495,203,512,512,512
3.453646421432495,203,512,512,512
3.453646421432495,203,512,512,512
3.453646421432495,203,512,512,512
3.453646421432495,203,512,512,512
3.453646421432495,203,512,512,512
3.453646421432495,203,512,512,512
3.453646421432495,203,512,512,512
3.4676434993743896,203,512,512,512
3.4676434993743896,203,512,512,512
3.4676434993743896,203,512,512,512
3.4676434993743896,203,512,512,512
3.4676434993743896,203,512,512,512
3.4676434993743896,203,512,512,512
3.4676434993743896,203,512,512,512
3.4676434993743896,203,512,512,512
3.4676434993743896,203,512,512,512
3.4676434993743896,203,512,512,512
3.4676434993743896,203,512,512,512
3.4676434993743896,203,512,512,512
3.4676434993743896,203,512,512,512
3.4676434993743896,203,512,512,512
3.4676434993743896,203,512,512,512
3.4676434993743896,203,512,512,512
3.4676434993743896,203,512,512,512
3.4676434993743896,203,512,512,512
3.4676434993743896,203,512,512,512
3.483696222305298,203,512,512,512
3.485275983810425,203,512,512,512
3.4858052730560303,202,512,512,512
3.4858052730560303,202,512,512,512
3.4858052730560303,202,512,512,512
3.4858052730560303,202,512,512,512
3.4858052730560303,202,512,512,512
3.4858052730560303,202,512,512,512
3.4858052730560303,203,512,512,512
3.4858052730560303,203,512,512,512
3.4858052730560303,203,512,512,512
3.4858052730560303,203,512,512,512
3.4858052730560303,203,512,512,512
3.4858052730560303,203,512,512,512
3.4858052730560303,203,512,512,512
3.4858052730560303,203,512,512,512
3.4858052730560303,203,512,512,512
3.4858052730560303,202,512,512,512
3.499361038208008,202,512,512,512
3.499361038208008,202,512,512,512
3.499361038208008,202,512,512,512
3.499361038208008,202,512,512,512
3.499361038208008,202,512,512,512
3.5037105083465576,202,512,512,512
3.5037105083465576,202,512,512,512
3.5037105083465576,202,512,512,512
3.5037105083465576,202,512,512,512
3.5037105083465576,202,512,512,512
3.5037105083465576,202,512,512,512
3.5037105083465576,202,512,512,512
3.5037105083465576,202,512,512,512
3.5037105083465576,202,512,512,512
3.5037105083465576,202,512,512,512
3.5037105083465576,203,512,512,512
3.5037105083465576,203,512,512,512
3.5037105083465576,203,512,512,512
3.5037105083465576,203,512,512,512
3.5159409046173096,203,512,512,512
3.516697883605957,203,511,512,512
3.516697883605957,203,512,512,512
3.516697883605957,202,512,512,512
3.516697883605957,202,512,512,512
3.516697883605957,202,512,512,512
3.516697883605957,202,512,512,512
3.516697883605957,202,512,512,512
3.516697883605957,202,512,512,512
3.516697883605957,202,512,512,512
3.516697883605957,203,513,512,512
3.516697883605957,202,513,512,512
3.516697883605957,202,512,512,512
3.516697883605957,203,512,512,512
3.516697883605957,203,512,512,512
3.516697883605957,203,512,512,512
3.516697883605957,203,512,512,512
3.516697883605957,203,512,512,512
3.530914783477783,203,512,512,512
3.530914783477783,203,512,512,512
3.530914783477783,203,512,512,512
3.530914783477783,203,512,512,512
3.530914783477783,203,512,512,512
3.530914783477783,203,512,512,512
3.530914783477783,203,512,512,512
3.530914783477783,203,512,512,512
3.530914783477783,203,512,512,512
3.530914783477783,203,512,512,512
3.530914783477783,203,512,512,512
3.530914783477783,203,512,512,512
3.530914783477783,203,512,512,512
3.530914783477783,203,512,512,512
3.530914783477783,203,513,512,512
3.530914783477783,203,512,512,512
3.530914783477783,203,512,512,512
3.530914783477783,203,512,512,512
3.530914783477783,203,512,512,512
3.5467209815979004,203,512,512,512
3.5467209815979004,203,512,512,512
3.549121618270874,203,512,512,512
3.549121618270874,203,512,512,512
3.549121618270874,203,512,512,512
3.549121618270874,203,512,512,512
3.549121618270874,203,512,512,512
3.549121618270874,203,512,512,512
3.549121618270874,203,512,512,512
3.549121618270874,203,512,512,512
3.549121618270874,203,513,512,512
3.549121618270874,203,512,512,512
3.549121618270874,203,512,512,512
3.549121618270874,203,512,512,512
3.549121618270874,203,512,512,512
3.549121618270874,203,512,512,512
3.549121618270874,203,512,512,512
3.549121618270874,203,512,512,512
3.549121618270874,203,512,512,512
3.5633983612060547,203,512,512,512
3.5633983612060547,203,512,512,512
3.5633983612060547,203,512,512,512
3.5633983612060547,203,512,512,512
3.5633983612060547,203,512,512,512
3.5633983612060547,203,512,512,512
3.5633983612060547,203,512,512,512
3.5633983612060547,203,512,512,512
3.5633983612060547,203,512,512,512
3.5633983612060547,203,512,512,512
3.5633983612060547,203,512,512,512
3.5633983612060547,203,512,512,512
3.5633983612060547,203,512,512,512
3.5633983612060547,203,512,512,512
3.5633983612060547,203,512,512,512
3.5633983612060547,203,512,512,512
3.5633983612060547,203,512,512,512
3.5633983612060547,203,512,512,512
3.5784823894500732,203,512,512,512
3.5784823894500732,203,512,512,512
3.5784823894500732,203,512,512,512
3.5784823894500732,203,512,512,512
3.5784823894500732,203,512,512,512
3.5784823894500732,203,512,512,512
3.5784823894500732,203,512,512,512
3.5784823894500732,203,512,512,512
3.5784823894500732,203,512,512,512
3.5784823894500732,203,512,512,512
3.5784823894500732,203,512,512,512
3.5784823894500732,203,512,512,512
3.5784823894500732,203,512,512,512
3.5784823894500732,203,512,512,512
3.5784823894500732,203,512,512,512
3.5784823894500732,203,512,512,512
3.5784823894500732,203,512,512,512
3.5784823894500732,203,512,512,512
3.5784823894500732,203,512,512,512
3.595034122467041,203,512,512,512
3.5958168506622314,202,512,512,512
3.5958168506622314,202,512,512,512
3.5958168506622314,202,512,512,512
3.5958168506622314,202,512,512,512
3.5958168506622314,202,512,512,512
3.5958168506622314,202,512,512,512
3.5958168506622314,202,512,512,512
3.5958168506622314,202,512,512,512
3.5958168506622314,202,512,512,512
3.5958168506622314,203,512,512,512
3.6036903858184814,203,512,512,512
3.6036903858184814,202,512,512,512
3.6036903858184814,202,512,512,512
3.6036903858184814,202,512,512,512
3.6036903858184814,202,512,512,512
3.6036903858184814,202,512,512,512
3.6036903858184814,202,512,512,512
3.6099557876586914,202,512,512,512
3.6099557876586914,202,512,512,512
3.6099557876586914,202,512,512,512
3.6099557876586914,202,512,512,512
3.6099557876586914,202,512,512,512
3.6099557876586914,202,512,512,512
3.6149954795837402,202,512,512,512
3.6149954795837402,203,512,512,512
3.6168901920318604,203,512,512,512
3.6179006099700928,203,512,512,512
3.6179006099700928,203,512,512,512
3.619431734085083,203,512,512,512
3.619431734085083,203,512,512,512
3.6211578845977783,203,512,512,512
3.6211578845977783,203,512,512,512
3.62272572517395,203,512,512,512
3.6242549419403076,203,512,512,512
3.6242549419403076,203,512,512,512
3.6242549419403076,203,512,512,512
3.6257922649383545,203,512,512,512
3.626999616622925,203,512,512,512
3.6282546520233154,203,512,512,512
3.6282546520233154,203,512,512,512
3.629836320877075,203,512,512,512
3.629836320877075,203,512,512,512
3.631434202194214,203,512,512,512
3.631434202194214,203,512,512,512
3.632995367050171,203,512,512,512
3.632995367050171,203,512,512,512
3.634629011154175,203,512,512,512
3.634629011154175,203,512,512,512
3.6363277435302734,203,512,512,512
3.6363277435302734,203,512,512,512
3.637908935546875,203,512,512,512
3.637908935546875,203,512,512,512
3.6395037174224854,203,512,512,512
3.641033887863159,203,512,512,512
3.641033887863159,203,512,512,512
3.642122507095337,203,512,512,512
3.643608331680298,203,512,512,512
3.643608331680298,203,512,512,512
3.645172119140625,203,512,512,512
3.645172119140625,203,512,512,512
3.6467294692993164,203,512,512,512
3.6467294692993164,203,512,512,512
3.648267984390259,203,512,512,512
3.648267984390259,203,512,512,512
3.649935007095337,203,512,512,512
3.649935007095337,203,512,512,512
3.6515283584594727,203,512,512,512
3.6515283584594727,203,512,512,512
3.6535048484802246,203,512,512,512
3.6535048484802246,203,512,512,512
3.6535048484802246,203,512,512,512
3.6535048484802246,203,512,512,512
3.6535048484802246,203,512,512,512
3.6535048484802246,203,512,512,512
3.658484935760498,203,512,512,512
3.65895676612854,203,512,512,512
3.659976005554199,203,512,512,512
3.659976005554199,203,512,512,512
3.659976005554199,203,512,512,512
3.659976005554199,203,512,512,512
3.659976005554199,203,512,512,512
3.659976005554199,203,512,512,512
3.659976005554199,203,512,512,512
3.659976005554199,203,512,512,512
3.659976005554199,203,512,512,512
3.659976005554199,203,512,512,512
3.6682143211364746,203,512,512,512
3.6682143211364746,203,512,512,512
3.6682143211364746,203,512,512,512
3.6682143211364746,203,512,512,512
3.6682143211364746,203,512,512,512
3.6682143211364746,203,512,512,512
3.6682143211364746,203,512,512,512
3.675048828125,203,512,512,512
3.675048828125,203,512,512,512
3.675048828125,203,512,512,512
3.675048828125,203,512,512,512
3.675048828125,203,512,512,512
3.675048828125,203,512,512,512
3.675048828125,203,512,512,512
3.675048828125,203,512,512,512
3.675048828125,203,512,512,512
3.675048828125,203,512,512,512
3.675048828125,203,512,512,512
3.683922290802002,203,512,512,512
3.683922290802002,203,512,512,512
3.683922290802002,203,512,512,512
3.6868858337402344,203,512,512,512
3.6868858337402344,203,512,512,512
3.6868858337402344,203,512,512,512
3.6868858337402344,203,512,512,512
3.6868858337402344,203,512,512,512
3.6868858337402344,203,512,512,512
3.6868858337402344,202,512,512,512
3.6868858337402344,202,512,512,512
3.6868858337402344,202,512,512,512
3.6868858337402344,203,512,512,512
3.6868858337402344,202,512,512,512
3.6868858337402344,202,512,512,512
3.6868858337402344,202,512,512,512
3.6868858337402344,202,512,512,512
3.6868858337402344,202,512,512,512
3.6868858337402344,203,512,512,512
3.700443983078003,203,512,512,512
3.701225996017456,203,513,512,512
3.7017405033111572,203,513,512,512
3.7017405033111572,203,512,512,512
3.7037854194641113,202,512,512,512
3.7037854194641113,202,512,512,512
3.7037854194641113,202,512,512,512
3.7037854194641113,202,511,512,512
3.7037854194641113,202,512,512,512
3.7037854194641113,202,512,512,512
3.7037854194641113,202,512,512,512
3.7037854194641113,202,512,512,512
3.7037854194641113,202,512,512,512
3.7037854194641113,202,512,512,512
3.7037854194641113,202,512,512,512
3.7037854194641113,202,512,512,512
3.7037854194641113,202,512,512,512
3.7037854194641113,202,512,512,512
3.7155282497406006,202,512,512,512
3.7155282497406006,203,512,512,512
3.7155282497406006,202,512,512,512
3.7155282497406006,202,512,512,512
3.7155282497406006,202,512,512,512
3.7155282497406006,203,512,512,512
3.7155282497406006,203,512,512,512
3.7155282497406006,203,512,512,512
3.7155282497406006,203,512,512,512
3.7155282497406006,203,512,512,512
3.7155282497406006,203,512,512,512
3.7155282497406006,203,512,512,512
3.7155282497406006,203,512,512,512
3.7155282497406006,203,512,512,512
3.7155282497406006,203,512,512,512
3.7155282497406006,203,512,512,512
3.7155282497406006,203,512,512,512
3.7155282497406006,203,512,512,512
3.7155282497406006,203,512,512,512
3.7312843799591064,203,512,512,512
3.7328572273254395,203,512,512,512
3.7333571910858154,203,512,512,512
3.7333571910858154,203,512,512,512
3.7333571910858154,203,512,512,512
3.7333571910858154,203,512,512,512
3.7333571910858154,203,512,512,512
3.7333571910858154,203,512,512,512
3.7333571910858154,203,512,512,512
3.7333571910858154,203,512,512,512
3.7333571910858154,203,513,512,512
3.7333571910858154,203,512,512,512
3.7333571910858154,203,512,512,512
3.7333571910858154,203,512,512,512
3.7333571910858154,203,512,512,512
3.7333571910858154,203,512,512,512
3.7333571910858154,203,512,512,512
3.7333571910858154,203,512,512,512
3.7333571910858154,203,512,512,512
3.747804880142212,203,512,512,512
3.7482008934020996,203,512,512,512
3.7482008934020996,203,512,512,512
3.750211238861084,203,512,512,512
3.751077651977539,203,512,512,512
3.751077651977539,204,512,512,512
3.752962589263916,203,512,512,512
3.752962589263916,203,512,512,512
3.752962589263916,203,512,512,512
3.752962589263916,203,512,512,512
3.752962589263916,203,512,512,512
3.758554458618164,203,512,512,512
3.758554458618164,203,512,512,512
3.7588846683502197,203,512,512,512
3.7588846683502197,203,512,512,512
3.7588846683502197,203,512,512,512
3.7588846683502197,203,512,512,512
3.7588846683502197,203,512,512,512
3.7588846683502197,203,512,512,512
3.7588846683502197,203,512,512,512
3.7588846683502197,203,512,512,512
3.7588846683502197,203,512,512,512
3.7665884494781494,203,512,512,512
3.7665884494781494,203,512,512,512
3.7665884494781494,203,512,512,512
3.7665884494781494,203,512,512,512
3.7665884494781494,203,512,512,512
3.7665884494781494,203,512,512,512
3.7665884494781494,203,512,512,512
3.7665884494781494,203,512,512,512
3.7748520374298096,203,512,512,512
3.7748520374298096,203,512,512,512
3.7748520374298096,203,512,512,512
3.775491714477539,203,512,512,512
3.775491714477539,203,512,512,512
3.775491714477539,203,512,512,512
3.775491714477539,202,512,512,512
3.775491714477539,202,512,512,512
3.775491714477539,203,512,512,512
3.775491714477539,203,512,512,512
3.775491714477539,203,512,512,512
3.7829244136810303,203,512,512,512
3.783254623413086,203,512,512,512
3.784355401992798,203,511,512,512
3.7854769229888916,203,511,512,512
3.7854769229888916,203,512,512,512
3.7870588302612305,203,512,512,512
3.7870588302612305,203,511,512,512
3.7886273860931396,203,512,512,512
3.7886273860931396,203,512,512,512
3.79109787940979,203,512,512,512
3.79109787940979,203,512,512,512
3.7921736240386963,203,512,512,512
3.7926743030548096,203,513,512,512
3.7938969135284424,203,512,512,512
3.7938969135284424,203,512,512,512
3.795466423034668,203,512,512,512
3.795466423034668,203,512,512,512
3.7970170974731445,203,512,512,512
3.7970170974731445,203,512,512,512
3.7985739707946777,203,512,512,512
3.7996408939361572,203,512,512,512
3.7996408939361572,203,512,512,512
3.801208019256592,203,512,512,512
3.801208019256592,202,512,512,512
3.802738904953003,202,512,512,512
3.803826332092285,202,512,512,512
3.803826332092285,202,512,512,512
3.8054068088531494,202,512,512,512
3.8069450855255127,203,512,512,512
3.8069450855255127,203,512,512,512
3.8081862926483154,203,512,512,512
3.808514356613159,203,512,512,512
3.8095366954803467,202,512,512,512
3.8095366954803467,202,512,512,512
3.8111050128936768,202,512,512,512
3.8111050128936768,202,512,512,512
3.8126988410949707,202,512,512,512
3.814234972000122,203,512,512,512
3.814234972000122,203,512,512,512
3.815842866897583,203,512,512,512
3.815842866897583,203,512,512,512
3.8173978328704834,203,512,512,512
3.8173978328704834,203,512,512,512
3.8189432621002197,203,512,512,512
3.8189432621002197,203,512,512,512
3.8205671310424805,203,512,512,512
3.8221096992492676,203,512,512,512
3.8221096992492676,203,513,512,512
3.8236477375030518,203,513,512,512
3.8236477375030518,203,512,512,512
3.8248322010040283,203,512,512,512
3.8248322010040283,203,512,512,512
3.8263907432556152,203,512,512,512
3.8279306888580322,203,511,512,512
3.8279306888580322,203,512,512,512
3.829843759536743,203,512,512,512
3.830578088760376,203,512,512,512
3.8308839797973633,203,512,512,512
3.8308839797973633,203,512,512,512
3.833212375640869,203,512,512,512
3.833212375640869,203,512,512,512
3.833212375640869,203,512,512,512
3.833212375640869,203,512,512,512
3.833212375640869,203,512,512,512
3.833212375640869,203,512,512,512
3.833212375640869,203,512,512,512
3.833212375640869,203,512,512,512
3.833212375640869,203,512,512,512
3.833212375640869,203,512,512,512
3.833212375640869,203,512,512,512
3.833212375640869,203,512,512,512
3.833212375640869,203,512,512,512
3.833212375640869,203,512,512,512
3.833212375640869,203,512,512,512
3.833212375640869,203,512,512,512
3.833212375640869,203,512,512,512
3.833212375640869,203,512,512,512
3.833212375640869,203,512,512,512
3.8489696979522705,203,512,512,512
3.8498125076293945,203,512,512,512
3.8498125076293945,203,512,512,512
3.8498125076293945,203,512,512,512
3.8498125076293945,203,512,512,512
3.8498125076293945,203,512,512,512
3.8498125076293945,203,512,512,512
3.8498125076293945,203,512,512,512
3.8498125076293945,203,512,512,512
3.8498125076293945,203,512,512,512
3.8498125076293945,203,512,512,512
3.8498125076293945,203,512,512,512
3.8498125076293945,203,512,512,512
3.8498125076293945,203,512,512,512
3.8498125076293945,203,511,512,512
3.8498125076293945,203,512,512,512
3.8498125076293945,203,512,512,512
3.8498125076293945,203,512,512,512
3.8498125076293945,203,512,512,512
3.864737033843994,203,512,512,512
3.864737033843994,203,512,512,512
3.864737033843994,203,512,512,512
3.864737033843994,203,512,512,512
3.864737033843994,203,512,512,512
3.864737033843994,203,512,512,512
3.864737033843994,203,512,512,512
3.864737033843994,203,512,512,512
3.864737033843994,203,512,512,512
3.864737033843994,203,512,512,512
3.864737033843994,203,512,512,512
3.864737033843994,203,512,512,512
3.864737033843994,203,512,512,512
3.864737033843994,203,512,512,512
3.864737033843994,203,512,512,512
3.864737033843994,203,512,512,512
3.864737033843994,203,512,512,512
3.864737033843994,203,512,512,512
3.8805789947509766,203,512,512,512
3.8816680908203125,203,512,512,512
3.8816680908203125,203,511,512,512
3.8816680908203125,203,512,512,512
3.8816680908203125,203,512,512,512
3.8816680908203125,203,512,512,512
3.8816680908203125,203,512,512,512
3.8816680908203125,203,512,512,512
3.8816680908203125,203,512,512,512
3.8816680908203125,202,512,512,512
3.8816680908203125,202,512,512,512
3.8816680908203125,202,512,512,512
3.8816680908203125,202,512,512,512
3.8816680908203125,202,512,512,512
3.8816680908203125,202,512,512,512
3.8816680908203125,203,512,512,512
3.8816680908203125,203,512,512,512
3.8816680908203125,203,512,512,512
3.896232843399048,203,512,512,512
3.8970038890838623,203,512,512,512
3.897324800491333,203,511,512,512
3.897324800491333,203,511,512,512
3.897324800491333,203,511,512,512
3.897324800491333,203,511,512,512
3.897324800491333,203,511,512,512
3.897324800491333,203,511,512,512
3.897324800491333,203,511,512,512
3.897324800491333,203,511,512,512
3.904062271118164,203,512,512,512
3.904062271118164,203,512,512,512
3.904062271118164,203,512,512,512
3.904062271118164,203,512,512,512
3.904062271118164,203,512,512,512
3.904062271118164,203,512,512,512
3.904062271118164,203,512,512,512
3.904062271118164,203,512,512,512
3.904062271118164,203,512,512,512
3.912014961242676,203,512,512,512
3.912014961242676,203,512,512,512
3.912014961242676,203,512,512,512
3.912014961242676,203,512,512,512
3.912014961242676,203,512,512,512
3.912014961242676,203,512,512,512
3.912014961242676,203,512,512,512
3.912014961242676,203,512,512,512
3.912014961242676,203,512,512,512
3.912014961242676,203,512,512,512
3.912014961242676,203,512,512,512
3.912014961242676,203,512,512,512
3.912014961242676,203,512,512,512
3.912014961242676,203,512,512,512
3.912014961242676,203,512,512,512
3.912014961242676,203,512,512,512
3.912014961242676,204,512,512,512
3.912014961242676,204,512,512,512
3.912014961242676,203,512,512,512
3.928316116333008,203,512,512,512
3.92911958694458,203,512,512,512
3.92911958694458,203,512,512,512
3.92911958694458,203,512,512,512
3.92911958694458,203,512,512,512
3.92911958694458,203,512,512,512
3.92911958694458,203,512,512,512
3.92911958694458,204,512,512,512
3.92911958694458,204,512,512,512
3.92911958694458,204,512,512,512
3.92911958694458,204,512,512,512
3.92911958694458,204,512,512,512
3.92911958694458,204,512,512,512
3.92911958694458,204,512,512,512
3.92911958694458,204,511,512,512
3.92911958694458,204,511,512,512
3.92911958694458,203,512,512,512
3.92911958694458,203,511,512,512
3.9434666633605957,203,512,512,512
3.9434666633605957,203,512,512,512
3.9434666633605957,203,512,512,512
3.9434666633605957,203,512,512,512
3.9434666633605957,203,512,512,512
3.9434666633605957,203,512,512,512
3.9434666633605957,203,512,512,512
3.9434666633605957,203,512,512,512
3.9434666633605957,203,512,512,512
3.9434666633605957,203,512,512,512
3.9434666633605957,203,511,512,512
3.9434666633605957,203,512,512,512
3.9434666633605957,203,512,512,512
3.9434666633605957,203,512,512,512
3.9434666633605957,203,512,512,512
3.9434666633605957,203,512,512,512
3.9434666633605957,203,512,512,512
3.9434666633605957,203,512,512,512
3.9434666633605957,203,512,512,512
3.9591848850250244,203,512,512,512
3.9591848850250244,203,512,512,512
3.960869312286377,203,512,512,512
3.9619951248168945,203,512,512,512
3.9632482528686523,203,512,512,512
3.9637954235076904,203,512,512,512
3.964305877685547,203,512,512,512
3.964305877685547,203,512,512,512
3.965836763381958,203,511,512,512
3.965836763381958,203,511,512,512
3.967845916748047,203,512,512,512
3.967845916748047,203,512,512,512
3.969855308532715,203,512,512,512
3.969855308532715,203,512,512,512
3.969855308532715,203,512,512,512
3.9718642234802246,203,511,512,512
3.9718642234802246,203,511,512,512
3.9738709926605225,203,511,512,512
3.9748804569244385,203,511,512,512
3.9748804569244385,202,511,512,512
3.9748804569244385,202,511,512,512
3.9748804569244385,203,511,512,512
3.9748804569244385,203,512,512,512
3.9748804569244385,203,512,512,512
3.9748804569244385,203,512,512,512
3.9748804569244385,203,512,512,512
3.9748804569244385,203,512,512,512
3.9748804569244385,203,511,512,512
3.9748804569244385,203,511,512,512
3.9748804569244385,203,512,512,512
3.9748804569244385,203,512,512,512
3.9748804569244385,203,512,512,512
3.9748804569244385,203,512,512,512
3.9748804569244385,203,512,512,512
3.9748804569244385,203,512,512,512
3.9748804569244385,202,512,512,512
3.9907963275909424,202,512,512,512
3.9907963275909424,202,512,512,512
3.9907963275909424,202,512,512,512
3.992811679840088,202,512,512,512
3.992811679840088,203,512,512,512
3.992811679840088,203,512,512,512
3.992811679840088,203,512,512,512
3.992811679840088,203,512,512,512
3.992811679840088,203,512,512,512
3.992811679840088,203,512,512,512
3.992811679840088,203,512,512,512
3.992811679840088,203,512,512,512
3.992811679840088,203,512,512,512
3.992811679840088,203,512,512,512
3.992811679840088,203,512,512,512
3.992811679840088,203,512,512,512
4.004263162612915,203,512,512,512
4.004263162612915,203,512,512,512
4.004263162612915,203,512,512,512
4.00647497177124,203,512,512,512
4.007020473480225,203,512,512,512
4.008541822433472,203,512,512,512
4.009280443191528,203,512,512,512
4.009280443191528,203,512,512,512
4.009280443191528,203,512,512,512
4.009280443191528,203,512,512,512
4.009280443191528,203,512,512,512
4.009280443191528,203,511,512,512
4.009280443191528,203,511,512,512
4.009280443191528,203,511,512,512
4.009280443191528,203,511,512,512
4.009280443191528,203,512,512,512
4.009280443191528,203,512,512,512
4.009280443191528,203,512,512,512
4.009280443191528,203,512,512,512
4.009280443191528,203,512,512,512
4.009280443191528,203,512,512,512
4.009280443191528,203,512,512,512
4.02222466468811,203,512,512,512
4.02222466468811,203,512,512,512
4.02222466468811,203,512,512,512
4.02222466468811,203,512,512,512
4.02222466468811,203,512,512,512
4.02222466468811,203,512,512,512
4.02222466468811,203,512,512,512
4.02222466468811,203,512,512,512
4.02222466468811,203,512,512,512
4.02222466468811,203,512,512,512
4.02222466468811,203,512,512,512
4.02222466468811,203,512,512,512
4.02222466468811,203,512,512,512
4.02222466468811,203,512,512,512
4.02222466468811,204,512,512,512
4.02222466468811,204,512,512,512
4.02222466468811,204,512,512,512
4.02222466468811,203,512,512,512
4.037890195846558,203,512,512,512
4.039128541946411,203,512,512,512
4.039630889892578,203,512,512,512
4.039630889892578,204,512,512,512
4.039630889892578,203,512,512,512
4.039630889892578,203,512,512,512
4.039630889892578,203,512,512,512
4.039630889892578,203,512,512,512
4.039630889892578,203,512,512,512
4.039630889892578,203,512,512,512
4.039630889892578,203,512,512,512
4.039630889892578,203,512,512,512
4.039630889892578,203,512,512,512
4.039630889892578,203,512,512,512
4.039630889892578,203,512,512,512
4.039630889892578,203,512,512,512
4.039630889892578,203,512,512,512
4.039630889892578,203,511,512,512
4.039630889892578,203,511,512,512
4.053713321685791,203,512,512,512
4.053713321685791,203,512,512,512
4.053713321685791,203,511,512,512
4.053713321685791,203,511,512,512
4.053713321685791,203,511,512,512
4.053713321685791,203,512,512,512
4.053713321685791,203,512,512,512
4.053713321685791,203,512,512,512
4.053713321685791,203,512,512,512
4.053713321685791,203,512,512,512
4.053713321685791,203,512,512,512
4.053713321685791,203,512,512,512
4.053713321685791,203,512,512,512
4.053713321685791,203,512,512,512
4.053713321685791,203,512,512,512
4.053713321685791,203,512,512,512
4.053713321685791,203,512,512,512
4.053713321685791,202,512,512,512
4.069496393203735,202,512,512,512
4.069496393203735,202,511,512,512
4.069496393203735,202,512,512,512
4.069496393203735,203,512,512,512
4.069496393203735,203,512,512,512
4.069496393203735,203,512,512,512
4.069496393203735,203,512,512,512
4.069496393203735,203,512,512,512
4.069496393203735,203,512,512,512
4.069496393203735,203,512,512,512
4.069496393203735,203,512,512,512
4.069496393203735,203,512,512,512
4.069496393203735,203,512,512,512
4.069496393203735,203,512,512,512
4.069496393203735,203,512,512,512
4.069496393203735,203,512,512,512
4.069496393203735,203,512,512,512
4.069496393203735,203,512,512,512
4.069496393203735,203,512,512,512
4.085287094116211,203,512,512,512
4.085287094116211,203,511,512,512
4.087622880935669,203,511,512,512
4.088398218154907,202,511,512,512
4.088902235031128,202,511,512,512
4.088902235031128,202,512,512,512
4.088902235031128,202,512,512,512
4.088902235031128,202,512,512,512
4.088902235031128,203,512,512,512
4.088902235031128,203,512,512,512
4.088902235031128,203,512,512,512
4.088902235031128,203,512,512,512
4.088902235031128,203,512,512,512
4.088902235031128,203,512,512,512
4.088902235031128,203,512,512,512
4.088902235031128,203,512,512,512
4.088902235031128,203,512,512,512
4.088902235031128,203,512,512,512
4.088902235031128,203,512,512,512
4.101336240768433,203,512,512,512
4.101336240768433,203,512,512,512
4.101336240768433,203,512,512,512
4.10451340675354,203,512,512,512
4.10451340675354,203,512,512,512
4.10451340675354,203,512,512,512
4.10451340675354,203,512,512,512
4.10451340675354,203,512,512,512
4.10451340675354,203,512,512,512
4.10451340675354,203,512,512,512
4.10451340675354,203,512,512,512
4.10451340675354,203,512,512,512
4.10451340675354,203,512,512,512
4.10451340675354,203,512,512,512
4.10451340675354,203,512,512,512
4.10451340675354,203,512,512,512
4.10451340675354,203,512,512,512
4.10451340675354,203,512,512,512
4.117239236831665,203,512,512,512
4.117239236831665,203,512,512,512
4.117239236831665,203,512,512,512
4.117239236831665,203,512,512,512
4.117239236831665,203,512,512,512
4.117239236831665,203,512,512,512
4.117239236831665,203,512,512,512
4.117239236831665,203,512,512,512
4.117239236831665,204,512,512,512
4.117239236831665,204,512,512,512
4.117239236831665,203,512,512,512
4.117239236831665,204,512,512,512
4.117239236831665,204,512,512,512
4.117239236831665,203,512,512,512
4.117239236831665,203,511,512,512
4.117239236831665,203,511,512,512
4.117239236831665,203,511,512,512
4.117239236831665,203,511,512,512
4.117239236831665,203,511,512,512
4.133058786392212,203,512,512,512
4.134012699127197,203,512,512,512
4.134883165359497,203,512,512,512
4.13610053062439,203,512,512,512
4.136912822723389,203,512,512,512
4.136912822723389,203,512,512,512
4.136912822723389,203,512,512,512
4.136912822723389,203,512,512,512
4.136912822723389,203,512,512,512
4.141813039779663,203,512,512,512
4.141813039779663,203,512,512,512
4.142326593399048,203,512,512,512
4.142326593399048,203,512,512,512
4.142326593399048,203,512,512,512
4.142326593399048,203,512,512,512
4.142326593399048,203,512,512,512
4.142326593399048,203,512,512,512
4.142326593399048,203,512,512,512
4.142326593399048,203,512,512,512
4.149370193481445,203,512,512,512
4.149370193481445,203,512,512,512
4.149370193481445,203,512,512,512
4.149370193481445,203,512,512,512
4.149370193481445,203,512,512,512
4.149370193481445,203,512,512,512
4.149370193481445,203,512,512,512
4.149370193481445,203,512,512,512
4.149370193481445,203,512,512,512
4.157498359680176,203,512,512,512
4.15844202041626,203,512,512,512
4.158769607543945,203,512,512,512
4.159677028656006,203,512,512,512
4.159677028656006,203,512,512,512
4.161684274673462,203,512,512,512
4.162405252456665,203,512,512,512
4.162405252456665,203,512,512,512
4.162405252456665,203,512,512,512
4.162405252456665,203,512,512,512
4.162405252456665,203,512,512,512
4.165891885757446,203,511,512,512
4.165891885757446,203,511,512,512
4.165891885757446,203,511,512,512
4.165891885757446,203,511,512,512
4.165891885757446,202,512,512,512
4.165891885757446,202,511,512,512
4.165891885757446,203,511,512,512
4.165891885757446,203,511,512,512
4.165891885757446,203,512,512,512
4.175265550613403,203,512,512,512
4.175265550613403,203,512,512,512
4.175265550613403,203,512,512,512
4.175265550613403,203,512,512,512
4.177278995513916,203,512,512,512
4.178328990936279,203,512,512,512
4.179041862487793,203,512,512,512
4.1795735359191895,203,512,512,512
4.1795735359191895,203,512,512,512
4.1795735359191895,203,512,512,512
4.1795735359191895,203,512,512,512
4.183394432067871,203,512,512,512
4.183394432067871,203,512,512,512
4.183394432067871,203,512,512,512
4.185401678085327,203,512,512,512
4.185401678085327,203,512,512,512
4.187407493591309,203,512,512,512
4.187407493591309,203,512,512,512
4.189411640167236,203,512,512,512
4.189411640167236,203,512,512,512
4.189411640167236,203,512,512,512
4.189411640167236,203,512,512,512
4.189411640167236,203,512,512,512
4.189411640167236,203,512,512,512
4.189411640167236,203,512,512,512
4.189411640167236,203,512,512,512
4.189411640167236,203,512,512,512
4.189411640167236,203,512,512,512
4.189411640167236,203,512,512,512
4.189411640167236,203,512,512,512
4.189411640167236,203,512,512,512
4.189411640167236,203,511,512,512
4.189411640167236,203,511,512,512
4.189411640167236,203,511,512,512
4.189411640167236,203,511,512,512
4.189411640167236,203,511,512,512
4.204752683639526,203,512,512,512
4.205520391464233,203,512,512,512
4.205520391464233,203,512,512,512
4.205520391464233,203,512,512,512
4.205520391464233,203,512,512,512
4.205520391464233,203,512,512,512
4.205520391464233,203,512,512,512
4.205520391464233,203,512,512,512
4.205520391464233,203,512,512,512
4.205520391464233,203,512,512,512
4.205520391464233,203,512,512,512
4.205520391464233,203,512,512,512
4.205520391464233,203,512,512,512
4.205520391464233,203,512,512,512
4.205520391464233,203,512,512,512
4.205520391464233,203,512,512,512
4.205520391464233,203,512,512,512
4.205520391464233,203,512,512,512
4.205520391464233,203,512,512,512
4.221085071563721,203,512,512,512
4.22162127494812,203,512,512,512
4.22162127494812,203,512,512,512
4.22162127494812,203,512,512,512
4.22162127494812,203,512,512,512
4.22162127494812,203,512,512,512
4.22162127494812,203,512,512,512
4.22162127494812,203,512,512,512
4.22162127494812,203,512,512,512
4.22162127494812,203,512,512,512
4.22162127494812,203,512,512,512
4.22162127494812,203,512,512,512
4.22162127494812,203,512,512,512
4.22162127494812,203,512,512,512
4.22162127494812,203,512,512,512
4.22162127494812,203,512,512,512
4.22162127494812,203,512,512,512
4.22162127494812,203,511,512,512
4.236205816268921,203,512,512,512
4.236205816268921,203,512,512,512
4.237870693206787,203,512,512,512
4.2388832569122314,203,512,512,512
4.2388832569122314,203,512,512,512
4.240487575531006,203,511,512,512
4.240487575531006,203,511,512,512
4.242154836654663,203,512,512,512
4.242154836654663,203,512,512,512
4.243865251541138,203,512,512,512
4.243865251541138,203,512,512,512
4.2454445362091064,203,512,512,512
4.2454445362091064,203,512,512,512
4.247091770172119,203,512,512,512
4.247091770172119,203,512,512,512
4.248676300048828,203,512,512,512
4.248676300048828,203,512,512,512
4.25020956993103,203,512,512,512
4.251753568649292,203,512,512,512
4.251753568649292,203,512,512,512
4.253366231918335,203,512,512,512
4.253366231918335,203,512,512,512
4.254905700683594,203,512,512,512
4.254905700683594,203,512,512,512
4.256546497344971,203,512,512,512
4.256546497344971,203,512,512,512
4.258152008056641,203,512,512,512
4.258152008056641,203,512,512,512
4.259686470031738,203,512,512,512
4.259686470031738,203,512,512,512
4.261232376098633,203,512,512,512
4.262800693511963,203,512,512,512
4.262800693511963,203,512,512,512
4.264371633529663,203,512,512,512
4.264371633529663,203,511,512,512
4.266014337539673,203,512,512,512
4.266014337539673,203,512,512,512
4.2676100730896,203,512,512,512
4.2676100730896,203,512,512,512
4.269372463226318,203,512,512,512
4.269372463226318,203,512,512,512
4.271000385284424,203,512,512,512
4.271000385284424,203,512,512,512
4.272641897201538,203,512,512,512
4.274228572845459,203,512,512,512
4.274228572845459,203,512,512,512
4.274228572845459,203,511,512,512
4.274228572845459,203,512,512,512
4.274228572845459,203,511,512,512
4.274228572845459,203,512,512,512
4.274228572845459,203,512,512,512
4.274228572845459,203,512,512,512
4.274228572845459,203,512,512,512
4.274228572845459,203,512,512,512
4.274228572845459,203,512,512,512
4.274228572845459,203,512,512,512
4.2841150760650635,203,512,512,512
4.284499406814575,203,512,512,512
4.284499406814575,203,512,512,512
4.287024736404419,203,512,512,512
4.287024736404419,203,511,512,512
4.287024736404419,203,511,512,512
4.287024736404419,203,511,512,512
4.287024736404419,203,511,512,512
4.287024736404419,203,511,512,512
4.292008876800537,203,512,512,512
4.292008876800537,203,512,512,512
4.292008876800537,203,512,512,512
4.292008876800537,203,512,512,512
4.292008876800537,203,512,512,512
4.292008876800537,203,512,512,512
4.292008876800537,203,512,512,512
4.292008876800537,203,512,512,512
4.292008876800537,203,512,512,512
4.292008876800537,203,512,512,512
4.300376892089844,203,512,512,512
4.300376892089844,203,512,512,512
4.300376892089844,203,512,512,512
4.302395343780518,203,512,512,512
4.302395343780518,203,512,512,512
4.302395343780518,203,512,512,512
4.305091142654419,203,512,512,512
4.305091142654419,203,512,512,512
4.305091142654419,203,512,512,512
4.305091142654419,203,512,512,512
4.3084611892700195,203,512,512,512
4.308850288391113,203,512,512,512
4.308850288391113,203,513,512,512
4.308850288391113,203,512,512,512
4.308850288391113,203,512,512,512
4.308850288391113,203,512,512,512
4.308850288391113,203,512,512,512
4.308850288391113,203,512,512,512
4.308850288391113,203,512,512,512
4.308850288391113,203,512,512,512
4.3167970180511475,203,512,512,512
4.3167970180511475,203,512,512,512
4.3167970180511475,203,512,512,512
4.319559812545776,203,512,512,512
4.320068359375,203,512,512,512
4.320068359375,203,512,512,512
4.322076082229614,203,512,512,512
4.322076082229614,203,512,512,512
4.324086666107178,203,512,512,512
4.324086666107178,203,512,512,512
4.3250977993011475,203,512,512,512
4.3250977993011475,203,512,512,512
4.3250977993011475,203,512,512,512
4.32813286781311,203,512,512,512
4.32813286781311,203,512,512,512
4.32813286781311,203,512,512,512
4.32813286781311,203,512,512,512
4.32813286781311,203,512,512,512
4.32813286781311,203,512,512,512
4.32813286781311,203,512,512,512
4.32813286781311,203,512,512,512
4.32813286781311,203,512,512,512
4.32813286781311,203,512,512,512
4.32813286781311,203,512,512,512
4.32813286781311,203,512,512,512
4.32813286781311,203,512,512,512
4.32813286781311,203,512,512,512
4.3411784172058105,203,512,512,512
4.3411784172058105,203,512,512,512
4.3411784172058105,203,512,512,512
4.342820882797241,203,512,512,512
4.342820882797241,202,512,512,512
4.342820882797241,202,512,512,512
4.342820882797241,202,512,512,512
4.342820882797241,202,512,512,512
4.342820882797241,202,512,512,512
4.342820882797241,203,512,512,512
4.342820882797241,203,512,512,512
4.342820882797241,203,512,512,512
4.342820882797241,203,512,512,512
4.342820882797241,203,512,512,512
4.342820882797241,203,512,512,512
4.342820882797241,203,512,512,512
4.342820882797241,203,512,512,512
4.342820882797241,203,512,512,512
4.342820882797241,203,512,512,512
4.342820882797241,203,512,512,512
4.356876850128174,203,511,512,512
4.356876850128174,203,512,512,512
4.356876850128174,203,512,512,512
4.356876850128174,203,512,512,512
4.356876850128174,203,512,512,512
4.356876850128174,203,512,512,512
4.356876850128174,203,512,512,512
4.356876850128174,202,512,512,512
4.356876850128174,202,512,512,512
4.356876850128174,202,512,512,512
4.356876850128174,202,512,512,512
4.356876850128174,202,512,512,512
4.356876850128174,202,512,512,512
4.356876850128174,202,512,512,512
4.356876850128174,202,512,512,512
4.356876850128174,202,512,512,512
4.356876850128174,202,512,512,512
4.356876850128174,202,512,512,512
4.356876850128174,202,512,512,512
4.374755382537842,202,512,512,512
4.374755382537842,203,512,512,512
4.374755382537842,203,512,512,512
4.374755382537842,203,512,512,512
4.376769781112671,203,512,512,512
4.376769781112671,203,512,512,512
4.376769781112671,203,512,512,512
4.376769781112671,202,512,512,512
4.376769781112671,203,512,512,512
4.376769781112671,202,512,512,512
4.376769781112671,202,512,512,512
4.376769781112671,202,512,512,512
4.376769781112671,202,512,512,512
4.376769781112671,202,512,512,512
4.376769781112671,203,512,512,512
4.376769781112671,203,512,512,512
4.376769781112671,203,512,512,512
4.376769781112671,203,512,512,512
4.388445854187012,203,512,512,512
4.3894360065460205,203,512,512,512
4.390316963195801,203,512,512,512
4.390316963195801,203,512,512,512
4.390316963195801,203,512,512,512
4.390316963195801,203,512,512,512
4.390316963195801,203,512,512,512
4.390316963195801,203,512,512,512
4.390316963195801,203,512,512,512
4.390316963195801,203,512,512,512
4.390316963195801,203,512,512,512
4.390316963195801,203,512,512,512
4.390316963195801,203,512,512,512
4.390316963195801,203,512,512,512
4.390316963195801,203,512,512,512
4.390316963195801,203,512,512,512
4.390316963195801,203,512,512,512
4.390316963195801,203,512,512,512
4.404090642929077,203,512,512,512
4.404090642929077,203,512,512,512
4.405634880065918,203,512,512,512
4.405634880065918,203,512,512,512
4.407213926315308,203,513,512,512
4.407213926315308,203,512,512,512
4.408816337585449,203,512,512,512
4.408816337585449,203,512,512,512
4.410373687744141,203,512,512,512
4.410373687744141,203,512,512,512
4.410373687744141,203,512,512,512
4.410373687744141,203,512,512,512
4.410373687744141,203,512,512,512
4.410373687744141,203,512,512,512
4.410373687744141,203,512,512,512
4.410373687744141,204,512,512,512
4.410373687744141,204,512,512,512
4.410373687744141,204,512,512,512
4.410373687744141,204,512,512,512
4.419912338256836,204,512,512,512
4.419912338256836,204,512,512,512
4.419912338256836,204,512,512,512
4.419912338256836,204,513,512,512
4.419912338256836,204,513,512,512
4.419912338256836,204,513,512,512
4.419912338256836,205,514,512,512
4.419912338256836,205,514,512,512
4.419912338256836,205,514,512,512
4.419912338256836,205,514,512,512
4.419912338256836,206,514,512,512
4.419912338256836,206,513,512,512
4.419912338256836,207,513,512,512
4.419912338256836,208,514,512,512
4.419912338256836,209,514,512,512
4.419912338256836,210,513,512,512
4.419912338256836,211,513,512,512
4.419912338256836,213,514,512,512
4.419912338256836,214,514,512,512
4.435707092285156,215,514,512,512
4.435707092285156,217,514,512,512
4.437936782836914,218,515,512,512
4.4388108253479,220,515,512,512
4.4388108253479,221,515,512,512
4.4388108253479,222,515,512,512
4.4388108253479,223,515,512,512
4.4388108253479,225,515,512,512
4.4388108253479,226,515,512,512
4.4388108253479,227,515,512,512
4.4388108253479,228,515,512,512
4.4388108253479,230,515,512,512
4.4388108253479,231,515,512,512
4.4388108253479,232,515,512,512
4.4388108253479,233,515,512,512
4.4388108253479,234,515,512,512
4.4388108253479,236,515,512,512
4.4388108253479,237,515,512,512
4.4388108253479,238,515,512,512
4.451763153076172,240,515,512,512
4.451763153076172,242,515,512,512
4.451763153076172,243,514,512,512
4.451763153076172,245,514,512,512
4.451763153076172,246,515,512,512
4.451763153076172,248,515,512,512
4.451763153076172,249,514,512,512
4.451763153076172,251,514,512,512
4.451763153076172,252,514,512,512
4.451763153076172,253,514,512,512
4.451763153076172,254,514,512,512
4.451763153076172,255,514,512,512
4.451763153076172,256,514,512,512
4.451763153076172,257,514,512,512
4.451763153076172,258,514,512,512
4.451763153076172,259,514,512,512
4.451763153076172,260,514,512,512
4.451763153076172,261,514,512,512
4.467641353607178,262,513,512,512
4.467641353607178,262,513,512,512
4.467641353607178,263,513,512,512
4.467641353607178,264,513,512,512
4.467641353607178,264,513,512,512
4.467641353607178,265,512,512,512
4.467641353607178,266,512,512,512
4.467641353607178,267,513,512,512
4.467641353607178,267,513,512,512
4.467641353607178,268,513,512,512
4.467641353607178,268,513,512,512
4.467641353607178,268,513,512,512
4.467641353607178,269,512,512,512
4.467641353607178,269,512,512,512
4.467641353607178,269,512,512,512
4.467641353607178,269,512,512,512
4.467641353607178,270,512,512,512
4.467641353607178,270,512,512,512
4.467641353607178,270,512,512,512
4.48374342918396,269,512,512,512
4.484079837799072,269,512,512,512
4.484079837799072,269,512,512,512
4.484079837799072,269,512,512,512
4.484079837799072,268,512,512,512
4.484079837799072,268,511,512,512
4.484079837799072,268,511,512,512
4.484079837799072,268,511,512,512
4.484079837799072,268,511,512,512
4.484079837799072,267,512,512,512
4.484079837799072,267,512,512,512
4.484079837799072,267,511,512,512
4.484079837799072,267,511,512,512
4.484079837799072,267,511,512,512
4.484079837799072,267,511,512,512
4.484079837799072,266,512,512,512
4.484079837799072,266,512,512,512
4.484079837799072,266,512,512,512
4.484079837799072,266,512,512,512
4.4997878074646,265,511,512,512
4.501056671142578,265,511,512,512
4.501560926437378,265,511,512,512
4.501560926437378,264,511,512,512
4.501560926437378,264,511,512,512
4.501560926437378,264,511,512,512
4.501560926437378,263,511,512,512
4.505353212356567,263,511,512,512
4.505353212356567,263,511,512,512
4.505353212356567,263,512,512,512
4.505353212356567,262,512,512,512
4.505353212356567,262,512,512,512
4.505353212356567,262,512,512,512
4.505353212356567,262,512,512,512
4.505353212356567,262,512,512,512
4.505353212356567,262,512,512,512
4.505353212356567,262,512,512,512
4.505353212356567,262,512,512,512
4.505353212356567,262,511,512,512
4.515563011169434,262,512,512,512
4.515563011169434,261,512,512,512
4.515563011169434,261,511,512,512
4.515563011169434,261,512,512,512
4.515563011169434,261,512,512,512
4.515563011169434,261,512,512,512
4.515563011169434,261,512,512,512
4.515563011169434,260,512,512,512
4.515563011169434,260,512,512,512
4.515563011169434,260,512,512,512
4.515563011169434,260,512,512,512
4.515563011169434,260,512,512,512
4.515563011169434,260,512,512,512
4.515563011169434,260,512,512,512
4.515563011169434,260,512,512,512
4.515563011169434,260,512,512,512
4.515563011169434,260,512,512,512
4.515563011169434,260,511,512,512
4.531440734863281,259,511,512,512
4.53248405456543,259,511,512,512
4.533136606216431,259,511,512,512
4.533475399017334,259,511,512,512
4.533475399017334,259,512,512,512
4.533475399017334,259,512,512,512
4.533475399017334,259,512,512,512
4.533475399017334,259,512,512,512
4.533475399017334,258,512,512,512
4.533475399017334,258,512,512,512
4.533475399017334,258,512,512,512
4.533475399017334,257,512,512,512
4.533475399017334,257,512,512,512
4.533475399017334,257,512,512,512
4.533475399017334,256,512,512,512
4.533475399017334,256,512,512,512
4.533475399017334,256,512,512,512
4.533475399017334,256,512,512,512
4.533475399017334,256,512,512,512
4.547210454940796,255,512,512,512
4.547210454940796,255,511,512,512
4.547210454940796,255,511,512,512
4.547210454940796,255,512,512,512
4.547210454940796,255,511,512,512
4.547210454940796,256,511,512,512
4.547210454940796,256,512,512,512
4.547210454940796,256,512,512,512
4.547210454940796,255,512,512,512
4.547210454940796,255,512,512,512
4.547210454940796,255,512,512,512
4.547210454940796,255,512,512,512
4.547210454940796,255,512,512,512
4.547210454940796,255,512,512,512
4.547210454940796,255,512,512,512
4.547210454940796,255,512,512,512
4.547210454940796,254,512,512,512
4.547210454940796,254,512,512,512
4.563111305236816,254,512,512,512
4.563111305236816,254,512,512,512
4.563111305236816,253,512,512,512
4.563111305236816,253,512,512,512
4.563111305236816,253,512,512,512
4.563111305236816,253,512,512,512
4.563111305236816,253,512,512,512
4.563111305236816,253,512,512,512
4.563111305236816,253,512,512,512
4.563111305236816,254,512,512,512
4.563111305236816,254,512,512,512
4.563111305236816,254,512,512,512
4.563111305236816,254,512,512,512
4.563111305236816,254,512,512,512
4.563111305236816,255,512,512,512
4.563111305236816,255,512,512,512
4.563111305236816,255,512,512,512
4.563111305236816,255,513,512,512
4.563111305236816,255,513,512,512
4.578930616378784,256,512,512,512
4.578930616378784,256,512,512,512
4.580957651138306,256,512,512,512
4.580957651138306,256,512,512,512
4.580957651138306,256,512,512,512
4.580957651138306,256,512,512,512
4.580957651138306,256,512,512,512
4.580957651138306,256,512,512,512
4.580957651138306,256,512,512,512
4.580957651138306,256,512,512,512
4.580957651138306,256,512,512,512
4.580957651138306,256,512,512,512
4.580957651138306,256,513,512,512
4.580957651138306,257,513,512,512
4.580957651138306,257,512,512,512
4.580957651138306,257,512,512,512
4.580957651138306,257,512,512,512
4.580957651138306,258,512,512,512
4.594574689865112,258,512,512,512
4.595486640930176,258,512,512,512
4.595486640930176,258,512,512,512
4.595486640930176,259,512,512,512
4.595486640930176,259,512,512,512
4.595486640930176,259,512,512,512
4.595486640930176,259,512,512,512
4.595486640930176,259,512,512,512
4.595486640930176,259,512,512,512
4.595486640930176,259,512,512,512
4.595486640930176,259,512,512,512
4.595486640930176,259,512,512,512
4.595486640930176,259,512,512,512
4.605480194091797,259,512,512,512
4.605480194091797,259,512,512,512
4.605480194091797,259,513,512,512
4.605480194091797,260,513,512,512
4.605480194091797,260,512,512,512
4.605480194091797,260,512,512,512
4.610419273376465,260,512,512,512
4.610419273376465,260,512,512,512
4.610419273376465,261,512,512,512
4.610419273376465,261,512,512,512
4.610419273376465,261,512,512,512
4.610419273376465,261,512,512,512
4.610419273376465,262,512,512,512
4.610419273376465,262,512,512,512
4.610419273376465,261,512,512,512
4.610419273376465,261,512,512,512
4.610419273376465,261,512,512,512
4.610419273376465,261,512,512,512
4.610419273376465,261,512,512,512
4.610419273376465,262,512,512,512
4.610419273376465,262,512,512,512
4.610419273376465,262,512,512,512
4.610419273376465,261,512,512,512
4.610419273376465,261,512,512,512
4.610419273376465,261,513,512,512
4.626426458358765,261,512,512,512
4.6273064613342285,261,512,512,512
4.628537178039551,261,512,512,512
4.628875017166138,260,512,512,512
4.629431247711182,260,512,512,512
4.6312432289123535,261,511,512,512
4.632057189941406,261,512,512,512
4.632057189941406,260,512,512,512
4.632057189941406,260,512,512,512
4.634596347808838,260,512,512,512
4.634596347808838,260,512,512,512
4.634596347808838,260,512,512,512
4.634596347808838,260,512,512,512
4.634596347808838,260,512,512,512
4.634596347808838,260,512,512,512
4.634596347808838,260,512,512,512
4.634596347808838,260,512,512,512
4.64179253578186,260,512,512,512
4.64179253578186,260,512,512,512
4.642263889312744,259,512,512,512
4.642263889312744,259,512,512,512
4.642263889312744,259,512,512,512
4.642263889312744,259,512,512,512
4.642263889312744,259,512,512,512
4.642263889312744,258,512,512,512
4.642263889312744,258,512,512,512
4.642263889312744,258,512,512,512
4.642263889312744,257,512,512,512
4.650601387023926,257,512,512,512
4.651407957077026,257,512,512,512
4.651407957077026,257,511,512,512
4.651407957077026,257,512,512,512
4.651407957077026,257,512,512,512
4.651407957077026,257,511,512,512
4.651407957077026,257,511,512,512
4.651407957077026,257,511,512,512
4.651407957077026,257,511,512,512
4.651407957077026,257,511,512,512
4.658920526504517,257,511,512,512
4.658920526504517,257,512,512,512
4.658920526504517,256,512,512,512
4.658920526504517,256,512,512,512
4.658920526504517,256,512,512,512
4.658920526504517,256,512,512,512
4.658920526504517,256,512,512,512
4.658920526504517,256,512,512,512
4.658920526504517,255,512,512,512
4.666651964187622,255,512,512,512
4.666651964187622,255,512,512,512
4.666651964187622,255,512,512,512
4.666651964187622,254,512,512,512
4.666651964187622,254,512,512,512
4.666651964187622,254,512,512,512
4.666651964187622,254,512,512,512
4.666651964187622,255,512,512,512
4.666651964187622,255,512,512,512
4.674813747406006,255,512,512,512
4.674813747406006,255,512,512,512
4.674813747406006,255,512,512,512
4.674813747406006,255,512,512,512
4.674813747406006,255,512,512,512
4.674813747406006,255,512,512,512
4.674813747406006,255,512,512,512
4.674813747406006,255,512,512,512
4.674813747406006,255,512,512,512
4.674813747406006,255,512,512,512
4.674813747406006,255,512,512,512
4.674813747406006,255,512,512,512
4.674813747406006,255,512,512,512
4.674813747406006,255,512,512,512
4.674813747406006,255,512,512,512
4.674813747406006,255,512,512,512
4.674813747406006,255,512,512,512
4.674813747406006,255,512,512,512
4.674813747406006,255,512,512,512
4.690885782241821,255,512,512,512
4.690885782241821,255,512,512,512
4.690885782241821,255,512,512,512
4.690885782241821,256,513,512,512
4.690885782241821,256,512,512,512
4.694739818572998,256,512,512,512
4.6957175731658936,256,512,512,512
4.696504354476929,256,512,512,512
4.696504354476929,256,512,512,512
4.696504354476929,257,512,512,512
4.696504354476929,257,512,512,512
4.696504354476929,257,512,512,512
4.696504354476929,257,512,512,512
4.696504354476929,257,512,512,512
4.696504354476929,257,512,512,512
4.696504354476929,257,512,512,512
4.696504354476929,257,512,512,512
4.696504354476929,257,513,512,512
4.70551061630249,257,513,512,512
4.70551061630249,257,512,512,512
4.707019329071045,258,512,512,512
4.707019329071045,258,512,512,512
4.707019329071045,258,512,512,512
4.707019329071045,258,512,512,512
4.707019329071045,258,513,512,512
4.707019329071045,258,512,512,512
4.707019329071045,259,512,512,512
4.707019329071045,259,512,512,512
4.707019329071045,259,512,512,512
4.707019329071045,259,512,512,512
4.707019329071045,259,512,512,512
4.707019329071045,260,512,512,512
4.707019329071045,260,512,512,512
4.707019329071045,260,512,512,512
4.707019329071045,260,512,512,512
4.707019329071045,261,512,512,512
4.707019329071045,261,512,512,512
4.707019329071045,260,512,512,512
4.722850322723389,261,512,512,512
4.723842144012451,261,512,512,512
4.723842144012451,261,512,512,512
4.723842144012451,261,512,512,512
4.723842144012451,261,512,512,512
4.723842144012451,261,512,512,512
4.723842144012451,261,512,512,512
4.723842144012451,261,512,512,512
4.723842144012451,261,512,512,512
4.723842144012451,261,512,512,512
4.723842144012451,261,511,512,512
4.723842144012451,261,511,512,512
4.723842144012451,261,511,512,512
4.723842144012451,261,511,512,512
4.723842144012451,261,511,512,512
4.723842144012451,262,512,512,512
4.723842144012451,262,512,512,512
4.723842144012451,262,512,512,512
4.723842144012451,262,512,512,512
4.738620758056641,262,512,512,512
4.738620758056641,262,511,512,512
4.738620758056641,262,511,512,512
4.738620758056641,262,512,512,512
4.738620758056641,261,512,512,512
4.738620758056641,261,512,512,512
4.738620758056641,261,511,512,512
4.738620758056641,261,512,512,512
4.738620758056641,261,511,512,512
4.738620758056641,261,512,512,512
4.738620758056641,261,512,512,512
4.738620758056641,261,512,512,512
4.738620758056641,261,511,512,512
4.738620758056641,260,511,512,512
4.738620758056641,260,511,512,512
4.738620758056641,260,511,512,512
4.738620758056641,260,511,512,512
4.738620758056641,260,511,512,512
4.738620758056641,260,512,512,512
4.754679203033447,260,511,512,512
4.754679203033447,259,511,512,512
4.756964445114136,259,511,512,512
4.756964445114136,259,511,512,512
4.758846759796143,259,511,512,512
4.759347915649414,259,511,512,512
4.759347915649414,259,512,512,512
4.759347915649414,259,511,512,512
4.759347915649414,259,511,512,512
4.759347915649414,259,511,512,512
4.759347915649414,258,511,512,512
4.759347915649414,258,511,512,512
4.759347915649414,258,511,512,512
4.759347915649414,258,511,512,512
4.759347915649414,258,511,512,512
4.759347915649414,257,511,512,512
4.759347915649414,257,511,512,512
4.759347915649414,257,511,512,512
4.770379543304443,257,511,512,512
4.770379543304443,257,511,512,512
4.770379543304443,257,511,512,512
4.770379543304443,257,511,512,512
4.770379543304443,256,511,512,512
4.770379543304443,256,511,512,512
4.770379543304443,256,511,512,512
4.770379543304443,256,511,512,512
4.770379543304443,256,512,512,512
4.770379543304443,256,512,512,512
4.770379543304443,256,512,512,512
4.770379543304443,256,512,512,512
4.770379543304443,256,512,512,512
4.770379543304443,256,512,512,512
4.770379543304443,256,512,512,512
4.770379543304443,256,512,512,512
4.770379543304443,256,512,512,512
4.770379543304443,256,512,512,512
4.770379543304443,256,512,512,512
4.786195278167725,256,512,512,512
4.7874298095703125,255,512,512,512
4.78843879699707,255,512,512,512
4.7889628410339355,255,512,512,512
4.7889628410339355,255,512,512,512
4.791584253311157,255,512,512,512
4.791887521743774,255,512,512,512
4.791887521743774,255,512,512,512
4.791887521743774,255,512,512,512
4.7943291664123535,255,512,512,512
4.7943291664123535,255,512,512,512
4.7943291664123535,255,512,512,512
4.7943291664123535,255,512,512,512
4.7943291664123535,256,512,512,512
4.7943291664123535,256,511,512,512
4.7943291664123535,256,512,512,512
4.7943291664123535,256,512,512,512
4.7943291664123535,256,512,512,512
4.7943291664123535,256,512,512,512
4.802436828613281,256,512,512,512
4.802436828613281,256,512,512,512
4.802436828613281,256,512,512,512
4.802436828613281,256,512,512,512
4.806319713592529,256,512,512,512
4.806319713592529,256,512,512,512
4.808393239974976,256,512,512,512
4.808393239974976,256,512,512,512
4.808393239974976,256,512,512,512
4.808393239974976,257,512,512,512
4.808393239974976,257,512,512,512
4.808393239974976,256,512,512,512
4.808393239974976,257,511,512,512
4.808393239974976,257,512,512,512
4.808393239974976,257,512,512,512
4.808393239974976,257,512,512,512
4.808393239974976,257,512,512,512
4.808393239974976,258,512,512,512
4.808393239974976,258,512,512,512
4.8185038566589355,258,512,512,512
4.819831132888794,258,512,512,512
4.819831132888794,258,512,512,512
4.819831132888794,258,512,512,512
4.819831132888794,259,512,512,512
4.819831132888794,259,512,512,512
4.819831132888794,259,512,512,512
4.819831132888794,259,512,512,512
4.825566291809082,259,512,512,512
4.8260650634765625,259,512,512,512
4.8260650634765625,259,512,512,512
4.8260650634765625,259,512,512,512
4.8260650634765625,259,512,512,512
4.8260650634765625,259,512,512,512
4.8260650634765625,260,512,512,512
4.8260650634765625,260,512,512,512
4.8260650634765625,260,512,512,512
4.8260650634765625,260,512,512,512
4.834214210510254,260,512,512,512
4.834214210510254,260,512,512,512
4.834214210510254,260,512,512,512
4.834214210510254,260,512,512,512
4.834214210510254,260,512,512,512
4.834214210510254,261,512,512,512
4.834214210510254,261,512,512,512
4.834214210510254,261,512,512,512
4.834214210510254,261,512,512,512
4.834214210510254,261,512,512,512
4.843079566955566,261,512,512,512
4.843079566955566,261,511,512,512
4.843079566955566,261,512,512,512
4.843079566955566,261,512,512,512
4.843079566955566,261,512,512,512
4.843079566955566,261,512,512,512
4.843079566955566,261,512,512,512
4.843079566955566,261,512,512,512
4.843079566955566,261,512,512,512
4.850430488586426,261,512,512,512
4.850430488586426,261,512,512,512
4.850430488586426,261,512,512,512
4.850430488586426,260,511,512,512
4.850430488586426,260,511,512,512
4.850430488586426,260,511,512,512
4.850430488586426,261,511,512,512
4.850430488586426,261,511,512,512
4.850430488586426,261,512,512,512
4.850430488586426,261,512,512,512
4.859039306640625,261,512,512,512
4.859039306640625,261,512,512,512
4.859039306640625,261,512,512,512
4.859039306640625,261,512,512,512
4.859039306640625,260,512,512,512
4.859039306640625,260,512,512,512
4.859039306640625,260,512,512,512
4.859039306640625,260,511,512,512
4.859039306640625,260,511,512,512
4.859039306640625,260,512,512,512
4.867565631866455,259,511,512,512
4.86858606338501,259,511,512,512
4.86858606338501,259,512,512,512
4.86858606338501,259,512,512,512
4.86858606338501,259,511,512,512
4.86858606338501,259,511,512,512
4.86858606338501,258,512,512,512
4.86858606338501,258,512,512,512
4.86858606338501,258,512,512,512
4.8750715255737305,258,512,512,512
4.8750715255737305,258,512,512,512
4.8750715255737305,258,512,512,512
4.8750715255737305,258,511,512,512
4.8750715255737305,258,512,512,512
4.8750715255737305,258,512,512,512
4.8750715255737305,258,512,512,512
4.8750715255737305,258,512,512,512
4.8750715255737305,258,512,512,512
4.8750715255737305,257,511,512,512
4.8750715255737305,257,511,512,512
4.8750715255737305,257,511,512,512
4.8750715255737305,257,511,512,512
4.8750715255737305,257,511,512,512
4.8750715255737305,257,511,512,512
4.8750715255737305,257,512,512,512
4.8750715255737305,256,512,512,512
4.8750715255737305,256,512,512,512
4.890727996826172,256,512,512,512
4.890727996826172,256,512,512,512
4.892327070236206,256,512,512,512
4.893091201782227,256,512,512,512
4.8935863971710205,256,512,512,512
4.8935863971710205,256,512,512,512
4.8935863971710205,256,512,512,512
4.8935863971710205,256,512,512,512
4.8935863971710205,256,512,512,512
4.8935863971710205,256,511,512,512
4.8935863971710205,256,512,512,512
4.8935863971710205,256,512,512,512
4.8935863971710205,256,512,512,512
4.8935863971710205,256,511,512,512
4.8935863971710205,256,511,512,512
4.8935863971710205,256,512,512,512
4.8935863971710205,256,511,512,512
4.8935863971710205,256,512,512,512
4.8935863971710205,256,512,512,512
4.905968427658081,256,512,512,512
4.905968427658081,256,512,512,512
4.905968427658081,256,512,512,512
4.905968427658081,256,512,512,512
4.905968427658081,256,512,512,512
4.905968427658081,256,512,512,512
4.905968427658081,256,512,512,512
4.905968427658081,256,512,512,512
4.905968427658081,256,512,512,512
4.905968427658081,256,512,512,512
4.905968427658081,256,512,512,512
4.905968427658081,256,512,512,512
4.905968427658081,256,512,512,512
4.905968427658081,256,512,512,512
4.905968427658081,256,512,512,512
4.905968427658081,257,512,512,512
4.905968427658081,257,512,512,512
4.905968427658081,257,512,512,512
4.922106027603149,257,512,512,512
4.922732591629028,257,512,512,512
4.922732591629028,257,512,512,512
4.922732591629028,257,512,512,512
4.922732591629028,257,512,512,512
4.922732591629028,258,511,512,512
4.922732591629028,258,512,512,512
4.922732591629028,258,512,512,512
4.922732591629028,258,512,512,512
4.922732591629028,258,512,512,512
4.922732591629028,258,513,512,512
4.922732591629028,258,512,512,512
4.922732591629028,258,512,512,512
4.922732591629028,258,512,512,512
4.922732591629028,258,512,512,512
4.922732591629028,258,512,512,512
4.922732591629028,258,512,512,512
4.922732591629028,258,512,512,512
4.922732591629028,259,512,512,512
4.9376866817474365,259,512,512,512
4.9376866817474365,259,512,512,512
4.9376866817474365,259,512,512,512
4.9376866817474365,259,512,512,512
4.9376866817474365,260,512,512,512
4.9376866817474365,260,512,512,512
4.9376866817474365,260,512,512,512
4.9376866817474365,260,512,512,512
4.9376866817474365,260,512,512,512
4.9376866817474365,260,512,512,512
4.9376866817474365,260,512,512,512
4.9376866817474365,260,512,512,512
4.9376866817474365,260,512,512,512
4.9376866817474365,260,512,512,512
4.9376866817474365,261,512,512,512
4.9376866817474365,261,512,512,512
4.9376866817474365,260,512,512,512
4.9376866817474365,260,512,512,512
4.953357934951782,260,512,512,512
4.954107999801636,260,512,512,512
4.954107999801636,260,512,512,512
4.954107999801636,261,512,512,512
4.954107999801636,261,511,512,512
4.954107999801636,261,511,512,512
4.954107999801636,260,511,512,512
4.954107999801636,260,511,512,512
4.954107999801636,260,512,512,512
4.954107999801636,261,512,512,512
4.954107999801636,260,512,512,512
4.954107999801636,261,512,512,512
4.954107999801636,261,512,512,512
4.954107999801636,261,512,512,512
4.954107999801636,260,512,512,512
4.954107999801636,261,512,512,512
4.954107999801636,261,512,512,512
4.954107999801636,261,512,512,512
4.954107999801636,261,511,512,512
4.969014644622803,260,511,512,512
4.970187187194824,260,511,512,512
4.970187187194824,260,511,512,512
4.970187187194824,260,511,512,512
4.970187187194824,260,512,512,512
4.970187187194824,260,512,512,512
4.970187187194824,260,512,512,512
4.970187187194824,260,512,512,512
4.970187187194824,260,512,512,512
4.970187187194824,260,512,512,512
4.970187187194824,260,512,512,512
4.970187187194824,260,512,512,512
4.970187187194824,259,512,512,512
4.970187187194824,259,512,512,512
4.970187187194824,259,511,512,512
4.970187187194824,259,511,512,512
4.970187187194824,259,511,512,512
4.970187187194824,259,511,512,512
4.984730958938599,259,511,512,512
4.984730958938599,259,512,512,512
4.984730958938599,259,511,512,512
4.984730958938599,258,512,512,512
4.984730958938599,258,512,512,512
4.989169597625732,258,511,512,512
4.989169597625732,258,511,512,512
4.991182804107666,258,512,512,512
4.991182804107666,258,512,512,512
4.991182804107666,258,512,512,512
4.991182804107666,258,512,512,512
4.991182804107666,258,512,512,512
4.991182804107666,258,511,512,512
4.991182804107666,257,511,512,512
4.991182804107666,257,511,512,512
4.991182804107666,257,511,512,512
4.991182804107666,257,511,512,512
4.991182804107666,257,511,512,512
4.991182804107666,257,511,512,512
5.000432014465332,257,511,512,512
5.000432014465332,257,511,512,512
5.002866744995117,257,511,512,512
5.003380298614502,256,512,512,512
5.003380298614502,256,512,512,512
5.003380298614502,256,512,512,512
5.006116151809692,256,512,512,512
5.006116151809692,256,512,512,512
5.006116151809692,256,512,512,512
5.006116151809692,256,512,512,512
5.006116151809692,256,512,512,512
5.006116151809692,256,512,512,512
5.006116151809692,256,512,512,512
5.006116151809692,256,512,512,512
5.006116151809692,256,512,512,512
5.006116151809692,256,512,512,512
5.006116151809692,256,512,512,512
5.006116151809692,256,512,512,512
5.0160746574401855,256,512,512,512
5.0160746574401855,256,511,512,512
5.0160746574401855,256,512,512,512
5.0160746574401855,256,512,512,512
5.0160746574401855,256,512,512,512
5.0160746574401855,256,512,512,512
5.0160746574401855,256,512,512,512
5.0160746574401855,256,512,512,512
5.0160746574401855,256,512,512,512
5.0160746574401855,256,512,512,512
5.0160746574401855,256,512,512,512
5.0160746574401855,256,512,512,512
5.0160746574401855,257,512,512,512
5.0160746574401855,257,512,512,512
5.0160746574401855,257,512,512,512
5.0160746574401855,257,512,512,512
5.0160746574401855,257,512,512,512
5.0160746574401855,257,512,512,512
5.0160746574401855,257,512,512,512
5.032679557800293,257,512,512,512
5.033432960510254,257,512,512,512
5.033966541290283,257,512,512,512
5.033966541290283,257,512,512,512
5.033966541290283,257,512,512,512
5.033966541290283,257,512,512,512
5.033966541290283,257,511,512,512
5.033966541290283,257,511,512,512
5.033966541290283,258,512,512,512
5.033966541290283,257,512,512,512
5.033966541290283,258,512,512,512
5.033966541290283,258,512,512,512
5.033966541290283,258,512,512,512
5.033966541290283,258,512,512,512
5.033966541290283,259,512,512,512
5.033966541290283,259,512,512,512
5.033966541290283,259,513,512,512
5.033966541290283,259,512,512,512
5.033966541290283,259,512,512,512
5.048132658004761,259,512,512,512
5.048132658004761,259,512,512,512
5.048132658004761,259,512,512,512
5.048132658004761,259,512,512,512
5.048132658004761,259,512,512,512
5.048132658004761,259,512,512,512
5.048132658004761,259,512,512,512
5.048132658004761,259,512,512,512
5.048132658004761,259,512,512,512
5.048132658004761,259,512,512,512
5.048132658004761,260,512,512,512
5.048132658004761,260,512,512,512
5.048132658004761,260,512,512,512
5.048132658004761,260,512,512,512
5.048132658004761,260,512,512,512
5.048132658004761,260,512,512,512
5.048132658004761,260,512,512,512
5.048132658004761,260,512,512,512
5.063836574554443,260,512,512,512
5.065117597579956,260,512,512,512
5.065532207489014,260,512,512,512
5.065532207489014,261,512,512,512
5.065532207489014,261,512,512,512
5.065532207489014,261,511,512,512
5.065532207489014,261,511,512,512
5.065532207489014,261,512,512,512
5.065532207489014,261,512,512,512
5.065532207489014,261,511,512,512
5.065532207489014,260,511,512,512
5.065532207489014,260,511,512,512
5.065532207489014,260,511,512,512
5.065532207489014,260,512,512,512
5.065532207489014,260,512,512,512
5.065532207489014,260,512,512,512
5.065532207489014,260,512,512,512
5.065532207489014,260,512,512,512
5.079480171203613,260,512,512,512
5.079480171203613,260,512,512,512
5.079480171203613,260,512,512,512
5.079480171203613,260,512,512,512
5.079480171203613,260,512,512,512
5.079480171203613,260,511,512,512
5.079480171203613,260,511,512,512
5.079480171203613,260,511,512,512
5.079480171203613,260,511,512,512
5.079480171203613,260,511,512,512
5.079480171203613,260,512,512,512
5.079480171203613,260,512,512,512
5.079480171203613,259,512,512,512
5.079480171203613,259,512,512,512
5.079480171203613,259,512,512,512
5.079480171203613,259,512,512,512
5.092188119888306,259,512,512,512
5.092188119888306,259,512,512,512
5.092188119888306,259,512,512,512
5.09514045715332,259,512,512,512
5.09514045715332,259,512,512,512
5.097233533859253,259,512,512,512
5.098135232925415,258,511,512,512
5.098135232925415,258,511,512,512
5.098135232925415,258,511,512,512
5.098135232925415,258,512,512,512
5.098135232925415,258,512,512,512
5.098135232925415,258,511,512,512
5.098135232925415,258,511,512,512
5.098135232925415,258,511,512,512
5.098135232925415,257,511,512,512
5.098135232925415,258,511,512,512
5.106546640396118,258,512,512,512
5.106546640396118,258,512,512,512
5.106546640396118,257,512,512,512
5.106546640396118,257,512,512,512
5.106546640396118,257,512,512,512
5.11121678352356,257,511,512,512
5.11121678352356,257,511,512,512
5.11121678352356,257,512,512,512
5.11121678352356,257,512,512,512
5.11121678352356,257,512,512,512
5.11121678352356,257,512,512,512
5.11121678352356,256,512,512,512
5.11121678352356,256,512,512,512
5.11121678352356,256,512,512,512
5.11121678352356,256,512,512,512
5.11121678352356,256,512,512,512
5.11121678352356,256,512,512,512
5.11121678352356,256,512,512,512
5.11121678352356,256,512,512,512
5.11121678352356,256,512,512,512
5.11121678352356,256,512,512,512
5.11121678352356,256,512,512,512
5.11121678352356,257,512,512,512
5.11121678352356,257,512,512,512
5.127181053161621,257,512,512,512
5.127181053161621,257,512,512,512
5.128754615783691,257,512,512,512
5.12985372543335,257,512,512,512
5.1304872035980225,257,512,512,512
5.131247043609619,257,512,512,512
5.131247043609619,257,512,512,512
5.131247043609619,257,512,512,512
5.131247043609619,257,512,512,512
5.131247043609619,257,512,512,512
5.1354076862335205,257,512,512,512
5.1354076862335205,256,512,512,512
5.1354076862335205,256,512,512,512
5.1354076862335205,256,512,512,512
5.1354076862335205,256,512,512,512
5.1354076862335205,257,512,512,512
5.1354076862335205,257,512,512,512
5.1354076862335205,257,512,512,512
5.142143964767456,257,512,512,512
5.1428961753845215,257,512,512,512
5.144129753112793,257,512,512,512
5.144129753112793,257,512,512,512
5.144129753112793,257,512,512,512
5.144129753112793,257,512,512,512
5.144129753112793,257,512,512,512
5.144129753112793,257,512,512,512
5.144129753112793,258,513,512,512
5.144129753112793,258,512,512,512
5.144129753112793,258,512,512,512
5.144129753112793,258,512,512,512
5.152545928955078,258,512,512,512
5.153177738189697,258,512,512,512
5.153177738189697,258,512,512,512
5.153177738189697,258,512,512,512
5.153177738189697,258,512,512,512
5.153177738189697,258,512,512,512
5.158740758895874,258,512,512,512
5.158740758895874,258,512,512,512
5.159142017364502,258,513,512,512
5.159142017364502,258,512,512,512
5.1606526374816895,259,512,512,512
5.1606526374816895,259,513,512,512
5.1606526374816895,259,512,512,512
5.1606526374816895,259,512,512,512
5.1606526374816895,259,512,512,512
5.1606526374816895,259,512,512,512
5.1606526374816895,259,512,512,512
5.1606526374816895,259,512,512,512
5.1606526374816895,259,512,512,512
5.1606526374816895,259,512,512,512
5.1691694259643555,259,512,512,512
5.170378684997559,259,512,512,512
5.171112537384033,259,512,512,512
5.172313690185547,259,512,512,512
5.173079490661621,259,512,512,512
5.173647403717041,259,513,512,512
5.175337314605713,259,512,512,512
5.175337314605713,259,512,512,512
5.175337314605713,259,512,512,512
5.175337314605713,259,512,512,512
5.175337314605713,260,512,512,512
5.175337314605713,260,512,512,512
5.175337314605713,260,512,512,512
5.175337314605713,260,512,512,512
5.175337314605713,260,512,512,512
5.175337314605713,260,512,512,512
5.175337314605713,260,512,512,512
5.175337314605713,260,512,512,512
5.1849048137664795,260,512,512,512
5.1849048137664795,260,512,512,512
5.1849048137664795,260,512,512,512
5.1849048137664795,260,512,512,512
5.1849048137664795,260,512,512,512
5.1849048137664795,260,512,512,512
5.1849048137664795,260,512,512,512
5.1849048137664795,260,512,512,512
5.1849048137664795,260,512,512,512
5.1849048137664795,260,512,512,512
5.1849048137664795,260,512,512,512
5.1849048137664795,259,512,512,512
5.1849048137664795,259,512,512,512
5.1849048137664795,259,512,512,512
5.1849048137664795,259,512,512,512
5.1849048137664795,259,512,512,512
5.1849048137664795,259,512,512,512
5.1849048137664795,258,512,512,512
5.1849048137664795,258,512,512,512
5.200925588607788,258,512,512,512
5.200925588607788,258,512,512,512
5.2021849155426025,258,512,512,512
5.2021849155426025,258,512,512,512
5.2044196128845215,258,512,512,512
5.2044196128845215,258,512,512,512
5.206271648406982,258,512,512,512
5.206984043121338,258,512,512,512
5.206984043121338,258,512,512,512
5.206984043121338,258,512,512,512
5.206984043121338,258,512,512,512
5.206984043121338,258,512,512,512
5.206984043121338,258,512,512,512
5.206984043121338,258,512,512,512
5.206984043121338,258,512,512,512
5.206984043121338,258,512,512,512
5.206984043121338,257,512,512,512
5.206984043121338,257,512,512,512
5.206984043121338,257,512,512,512
5.216956377029419,257,512,512,512
5.21780252456665,257,512,512,512
5.21780252456665,257,512,512,512
5.21780252456665,257,512,512,512
5.21780252456665,257,512,512,512
5.21780252456665,257,512,512,512
5.21780252456665,257,513,512,512
5.21780252456665,257,512,512,512
5.21780252456665,257,512,512,512
5.21780252456665,256,512,512,512
5.21780252456665,256,512,512,512
5.21780252456665,256,511,512,512
5.21780252456665,256,511,512,512
5.21780252456665,256,512,512,512
5.21780252456665,256,512,512,512
5.21780252456665,256,512,512,512
5.21780252456665,256,511,512,512
5.21780252456665,256,512,512,512
5.21780252456665,256,512,512,512
5.232932806015015,256,512,512,512
5.232932806015015,256,512,512,512
5.232932806015015,256,512,512,512
5.232932806015015,256,512,512,512
5.232932806015015,256,512,512,512
5.232932806015015,256,512,512,512
5.232932806015015,256,512,512,512
5.232932806015015,256,512,512,512
5.232932806015015,256,512,512,512
5.232932806015015,256,512,512,512
5.232932806015015,256,512,512,512
5.232932806015015,256,512,512,512
5.232932806015015,256,512,512,512
5.232932806015015,256,512,512,512
5.232932806015015,256,512,512,512
5.232932806015015,256,512,512,512
5.232932806015015,256,512,512,512
5.232932806015015,256,512,512,512
5.232932806015015,256,512,512,512
5.249587535858154,257,512,512,512
5.250334024429321,257,512,512,512
5.250334024429321,257,512,512,512
5.250334024429321,257,512,512,512
5.250334024429321,257,512,512,512
5.250334024429321,257,512,512,512
5.250334024429321,257,512,512,512
5.250334024429321,257,512,512,512
5.250334024429321,257,512,512,512
5.250334024429321,257,512,512,512
5.250334024429321,257,512,512,512
5.258820056915283,257,512,512,512
5.258820056915283,257,512,512,512
5.258820056915283,257,512,512,512
5.258820056915283,257,512,512,512
5.258820056915283,257,513,512,512
5.258820056915283,257,512,512,512
5.258820056915283,258,512,512,512
5.258820056915283,258,512,512,512
5.265127182006836,258,512,512,512
5.265127182006836,258,512,512,512
5.265127182006836,258,512,512,512
5.265127182006836,258,512,512,512
5.265127182006836,258,512,512,512
5.265127182006836,258,512,512,512
5.265127182006836,258,512,512,512
5.265127182006836,258,513,512,512
5.265127182006836,258,512,512,512
5.265127182006836,258,513,512,512
5.265127182006836,258,513,512,512
5.265127182006836,258,512,512,512
5.275668382644653,258,512,512,512
5.275668382644653,259,512,512,512
5.275668382644653,259,513,512,512
5.275668382644653,259,512,512,512
5.275668382644653,259,512,512,512
5.275668382644653,259,512,512,512
5.2808592319488525,259,512,512,512
5.281986474990845,259,512,512,512
5.282994747161865,259,512,512,512
5.283609867095947,259,512,512,512
5.284133434295654,259,512,512,512
5.284133434295654,259,512,512,512
5.284133434295654,259,512,512,512
5.284133434295654,260,512,512,512
5.284133434295654,260,512,512,512
5.284133434295654,260,512,512,512
5.288878440856934,260,512,512,512
5.288878440856934,260,512,512,512
5.292120456695557,260,512,512,512
5.292120456695557,260,512,512,512
5.292420864105225,260,512,512,512
5.292420864105225,260,512,512,512
5.292420864105225,260,512,512,512
5.292420864105225,260,512,512,512
5.292420864105225,260,512,512,512
5.297126770019531,260,512,512,512
5.297126770019531,260,512,512,512
5.297126770019531,260,512,512,512
5.297126770019531,260,512,512,512
5.297126770019531,260,512,512,512
5.297126770019531,260,512,512,512
5.297126770019531,260,512,512,512
5.297126770019531,260,512,512,512
5.297126770019531,260,512,512,512
5.297126770019531,260,512,512,512
5.305410623550415,260,512,512,512
5.306391000747681,259,512,512,512
5.306905031204224,259,512,512,512
5.308680057525635,259,512,512,512
5.308680057525635,259,512,512,512
5.309592962265015,259,512,512,512
5.309592962265015,259,512,512,512
5.309592962265015,259,512,512,512
5.309592962265015,259,512,512,512
5.309592962265015,259,512,512,512
5.309592962265015,259,512,512,512
5.309592962265015,259,512,512,512
5.309592962265015,259,512,512,512
5.309592962265015,258,512,512,512
5.309592962265015,258,512,512,512
5.309592962265015,258,512,512,512
5.309592962265015,258,512,512,512
5.309592962265015,258,512,512,512
5.321216106414795,258,512,512,512
5.321216106414795,258,512,512,512
5.3228654861450195,258,512,512,512
5.3234193325042725,258,512,512,512
5.3234193325042725,258,512,512,512
5.3234193325042725,258,512,512,512
5.325440168380737,258,512,512,512
5.325440168380737,258,512,512,512
5.325440168380737,257,512,512,512
5.325440168380737,257,512,512,512
5.325440168380737,257,512,512,512
5.325440168380737,257,512,512,512
5.325440168380737,257,512,512,512
5.325440168380737,257,512,512,512
5.325440168380737,257,512,512,512
5.325440168380737,257,512,512,512
5.325440168380737,257,512,512,512
5.325440168380737,257,512,512,512
5.325440168380737,257,512,512,512
5.336954593658447,257,512,512,512
5.337899208068848,257,512,512,512
5.338334321975708,257,512,512,512
5.338334321975708,257,512,512,512
5.341983318328857,257,512,512,512
5.341983318328857,257,511,512,512
5.341983318328857,257,511,512,512
5.341983318328857,256,511,512,512
5.34334135055542,256,512,512,512
5.34334135055542,256,512,512,512
5.345311403274536,256,512,512,512
5.345311403274536,256,512,512,512
5.345311403274536,256,512,512,512
5.347486734390259,256,512,512,512
5.347486734390259,256,512,512,512
5.3494954109191895,256,512,512,512
5.3494954109191895,256,512,512,512
5.351505279541016,256,512,512,512
5.351505279541016,256,512,512,512
5.353606462478638,257,512,512,512
5.353606462478638,257,512,512,512
5.353606462478638,256,512,512,512
5.353606462478638,256,512,512,512
5.353606462478638,256,513,512,512
5.353606462478638,256,512,512,512
5.353606462478638,257,512,512,512
5.35868763923645,257,512,512,512
5.35868763923645,257,512,512,512
5.35868763923645,257,512,512,512
5.361727476119995,257,512,512,512
5.361727476119995,257,512,512,512
5.361727476119995,257,512,512,512
5.361727476119995,257,512,512,512
5.361727476119995,257,512,512,512
5.361727476119995,257,512,512,512
5.361727476119995,257,512,512,512
5.361727476119995,257,512,512,512
5.361727476119995,257,512,512,512
5.361727476119995,258,512,512,512
5.37018346786499,258,512,512,512
5.37018346786499,258,512,512,512
5.37018346786499,258,512,512,512
5.37018346786499,258,512,512,512
5.374659538269043,258,512,512,512
5.374659538269043,258,513,512,512
5.374659538269043,258,513,512,512
5.374659538269043,258,513,512,512
5.374659538269043,258,513,512,512
5.374659538269043,258,513,512,512
5.374659538269043,258,512,512,512
5.374659538269043,258,512,512,512
5.374659538269043,258,512,512,512
5.374659538269043,258,512,512,512
5.374659538269043,258,512,512,512
5.374659538269043,258,512,512,512
5.374659538269043,258,512,512,512
5.374659538269043,258,512,512,512
5.374659538269043,259,512,512,512
5.38584303855896,259,512,512,512
5.3871378898620605,259,513,512,512
5.38822865486145,259,512,512,512
5.3890063762664795,259,512,512,512
5.3890063762664795,259,512,512,512
5.3890063762664795,259,512,512,512
5.3890063762664795,259,512,512,512
5.3890063762664795,259,512,512,512
5.3890063762664795,259,512,512,512
5.3890063762664795,260,512,512,512
5.3890063762664795,260,512,512,512
5.3890063762664795,260,512,512,512
5.3890063762664795,260,512,512,512
5.3890063762664795,260,512,512,512
5.3890063762664795,260,512,512,512
5.3890063762664795,260,512,512,512
5.3890063762664795,260,512,512,512
5.3890063762664795,260,512,512,512
5.401753664016724,260,512,512,512
5.401753664016724,260,512,512,512
5.401753664016724,260,512,512,512
5.401753664016724,260,512,512,512
5.401753664016724,260,512,512,512
5.401753664016724,260,512,512,512
5.406865119934082,260,512,512,512
5.406865119934082,260,512,512,512
5.406865119934082,259,512,512,512
5.406865119934082,260,512,512,512
5.406865119934082,260,512,512,512
5.406865119934082,260,512,512,512
5.406865119934082,260,512,512,512
5.406865119934082,260,512,512,512
5.406865119934082,260,512,512,512
5.406865119934082,260,512,512,512
5.406865119934082,259,512,512,512
5.406865119934082,259,512,512,512
5.406865119934082,259,512,512,512
5.417567014694214,259,512,512,512
5.417567014694214,260,512,512,512
5.417567014694214,260,512,512,512
5.417567014694214,259,512,512,512
5.417567014694214,259,511,512,512
5.417567014694214,259,512,512,512
5.417567014694214,259,512,512,512
5.417567014694214,259,512,512,512
5.417567014694214,259,512,512,512
5.417567014694214,259,512,512,512
5.417567014694214,259,512,512,512
5.417567014694214,258,512,512,512
5.417567014694214,258,512,512,512
5.417567014694214,258,512,512,512
5.417567014694214,258,512,512,512
5.417567014694214,258,512,512,512
5.417567014694214,258,512,512,512
5.417567014694214,258,512,512,512
5.43340802192688,258,511,512,512
5.43340802192688,258,511,512,512
5.43340802192688,258,512,512,512
5.43340802192688,258,512,512,512
5.4360315799713135,257,512,512,512
5.4360315799713135,257,512,512,512
5.43804144859314,257,512,512,512
5.43804144859314,257,512,512,512
5.43804144859314,257,512,512,512
5.43804144859314,257,512,512,512
5.43804144859314,257,512,512,512
5.43804144859314,257,512,512,512
5.43804144859314,257,512,512,512
5.43804144859314,257,512,512,512
5.43804144859314,257,512,512,512
5.43804144859314,257,512,512,512
5.43804144859314,257,512,512,512
5.43804144859314,257,512,512,512
5.43804144859314,257,512,512,512
5.449052572250366,257,512,512,512
5.4504148960113525,257,512,512,512
5.450719356536865,257,512,512,512
5.450719356536865,257,512,512,512
5.450719356536865,257,512,512,512
5.450719356536865,257,512,512,512
5.450719356536865,257,512,512,512
5.450719356536865,256,511,512,512
5.450719356536865,256,512,512,512
5.450719356536865,256,512,512,512
5.450719356536865,256,512,512,512
5.450719356536865,256,512,512,512
5.450719356536865,256,512,512,512
5.450719356536865,256,512,512,512
5.450719356536865,256,512,512,512
5.450719356536865,256,512,512,512
5.450719356536865,256,512,512,512
5.450719356536865,256,512,512,512
5.450719356536865,257,512,512,512
5.46498441696167,257,512,512,512
5.46498441696167,256,512,512,512
5.46498441696167,256,512,512,512
5.46498441696167,256,512,512,512
5.46498441696167,256,512,512,512
5.46498441696167,256,512,512,512
5.46498441696167,257,512,512,512
5.46498441696167,257,512,512,512
5.46498441696167,257,512,512,512
5.46498441696167,257,512,512,512
5.46498441696167,257,512,512,512
5.46498441696167,257,512,512,512
5.46498441696167,257,512,512,512
5.46498441696167,257,512,512,512
5.46498441696167,257,512,512,512
5.46498441696167,257,512,512,512
5.46498441696167,257,512,512,512
5.46498441696167,257,512,512,512
5.4808669090271,257,512,512,512
5.4808669090271,257,512,512,512
5.4808669090271,257,512,512,512
5.4808669090271,257,512,512,512
5.4808669090271,257,512,512,512
5.4808669090271,257,512,512,512
5.4808669090271,258,512,512,512
5.4808669090271,257,512,512,512
5.4808669090271,258,512,512,512
5.4808669090271,258,512,512,512
5.4808669090271,258,512,512,512
5.4808669090271,258,512,512,512
5.4808669090271,258,512,512,512
5.4808669090271,258,512,512,512
5.4808669090271,258,512,512,512
5.4808669090271,259,512,512,512
5.4808669090271,259,512,512,512
5.4808669090271,259,512,512,512
5.4808669090271,259,512,512,512
5.4966185092926025,259,512,512,512
5.497952222824097,259,512,512,512
5.498467206954956,259,512,512,512
5.498467206954956,259,512,512,512
5.498467206954956,259,512,512,512
5.498467206954956,259,512,512,512
5.498467206954956,259,512,512,512
5.498467206954956,259,512,512,512
5.498467206954956,259,512,512,512
5.498467206954956,259,512,512,512
5.498467206954956,259,512,512,512
5.498467206954956,259,512,512,512
5.5068888664245605,259,512,512,512
5.5068888664245605,259,512,512,512
5.5068888664245605,259,512,512,512
5.5068888664245605,259,512,512,512
5.5068888664245605,259,512,512,512
5.5068888664245605,260,512,512,512
5.5068888664245605,260,512,512,512
5.512705087661743,260,512,512,512
5.512705087661743,260,512,512,512
5.512705087661743,260,512,512,512
5.512705087661743,260,512,512,512
5.512705087661743,260,512,512,512
5.512705087661743,260,512,512,512
5.512705087661743,260,512,512,512
5.512705087661743,260,512,512,512
5.512705087661743,260,512,512,512
5.512705087661743,260,512,512,512
5.512705087661743,260,512,512,512
5.512705087661743,260,512,512,512
5.512705087661743,260,512,512,512
5.512705087661743,259,512,512,512
5.512705087661743,259,512,512,512
5.512705087661743,259,512,512,512
5.512705087661743,259,512,512,512
5.512705087661743,259,512,512,512
5.528350353240967,259,512,512,512
5.529595851898193,259,512,512,512
5.529595851898193,259,512,512,512
5.529595851898193,259,512,512,512
5.529595851898193,259,512,512,512
5.529595851898193,259,512,512,512
5.529595851898193,259,511,512,512
5.529595851898193,259,511,512,512
5.529595851898193,259,511,512,512
5.529595851898193,258,511,512,512
5.529595851898193,258,511,512,512
5.529595851898193,258,512,512,512
5.529595851898193,258,512,512,512
5.529595851898193,258,512,512,512
5.529595851898193,258,512,512,512
5.529595851898193,258,512,512,512
5.529595851898193,258,512,512,512
5.529595851898193,258,512,512,512
5.529595851898193,258,512,512,512
5.544214963912964,258,512,512,512
5.545567989349365,258,512,512,512
5.546427965164185,258,512,512,512
5.547231674194336,258,512,512,512
5.547231674194336,257,512,512,512
5.547231674194336,257,512,512,512
5.547231674194336,257,512,512,512
5.547231674194336,257,512,512,512
5.547231674194336,257,512,512,512
5.547231674194336,257,512,512,512
5.547231674194336,257,512,512,512
5.547231674194336,257,512,512,512
5.547231674194336,257,512,512,512
5.547231674194336,257,512,512,512
5.547231674194336,257,512,512,512
5.547231674194336,257,512,512,512
5.547231674194336,257,512,512,512
5.547231674194336,257,512,512,512
5.560306072235107,257,512,512,512
5.560306072235107,257,512,512,512
5.560306072235107,257,512,512,512
5.560306072235107,257,512,512,512
5.560306072235107,257,512,512,512
5.560306072235107,257,512,512,512
5.560306072235107,257,512,512,512
5.560306072235107,257,512,512,512
5.560306072235107,257,512,512,512
5.560306072235107,257,512,512,512
5.560306072235107,257,512,512,512
5.560306072235107,257,511,512,512
5.560306072235107,257,511,512,512
5.560306072235107,257,511,512,512
5.560306072235107,257,511,512,512
5.560306072235107,257,512,512,512
5.560306072235107,257,512,512,512
5.560306072235107,257,512,512,512
5.560306072235107,257,512,512,512
5.576065540313721,257,512,512,512
5.5771260261535645,257,512,512,512
5.5771260261535645,257,512,512,512
5.5771260261535645,257,511,512,512
5.5771260261535645,257,511,512,512
5.5771260261535645,257,512,512,512
5.5771260261535645,257,512,512,512
5.5771260261535645,257,511,512,512
5.5771260261535645,257,511,512,512
5.5771260261535645,257,511,512,512
5.5771260261535645,257,511,512,512
5.5771260261535645,257,512,512,512
5.5771260261535645,257,512,512,512
5.5771260261535645,257,512,512,512
5.5771260261535645,257,512,512,512
5.5771260261535645,257,512,512,512
5.5771260261535645,257,512,512,512
5.5771260261535645,257,512,512,512
5.5771260261535645,257,512,512,512
5.592411041259766,257,512,512,512
5.592894792556763,258,512,512,512
5.592894792556763,258,512,512,512
5.592894792556763,258,512,512,512
5.592894792556763,258,512,512,512
5.592894792556763,258,512,512,512
5.592894792556763,258,512,512,512
5.592894792556763,258,512,512,512
5.592894792556763,258,512,512,512
5.592894792556763,258,512,512,512
5.592894792556763,258,512,512,512
5.592894792556763,258,512,512,512
5.592894792556763,258,512,512,512
5.592894792556763,258,512,512,512
5.592894792556763,258,512,512,512
5.592894792556763,259,512,512,512
5.592894792556763,259,512,512,512
5.592894792556763,259,512,512,512
5.6071531772613525,259,511,512,512
5.6071531772613525,259,512,512,512
5.6071531772613525,259,511,512,512
5.6071531772613525,259,511,512,512
5.6071531772613525,259,512,512,512
5.6071531772613525,259,512,512,512
5.6071531772613525,259,512,512,512
5.6071531772613525,259,512,512,512
5.6071531772613525,259,512,512,512
5.6071531772613525,260,512,512,512
5.6071531772613525,260,512,512,512
5.6071531772613525,260,512,512,512
5.6071531772613525,260,512,512,512
5.6071531772613525,260,512,512,512
5.6071531772613525,260,512,512,512
5.6071531772613525,260,512,512,512
5.6071531772613525,260,512,512,512
5.6071531772613525,260,512,512,512
5.6071531772613525,260,512,512,512
5.6241583824157715,260,512,512,512
5.6241583824157715,260,512,512,512
5.6241583824157715,260,512,512,512
5.626572132110596,260,512,512,512
5.626572132110596,260,512,512,512
5.626572132110596,260,512,512,512
5.626572132110596,260,512,512,512
5.626572132110596,260,512,512,512
5.626572132110596,260,512,512,512
5.626572132110596,260,512,512,512
5.626572132110596,260,512,512,512
5.626572132110596,260,512,512,512
5.626572132110596,260,512,512,512
5.626572132110596,260,512,512,512
5.626572132110596,260,512,512,512
5.626572132110596,260,512,512,512
5.626572132110596,260,512,512,512
5.626572132110596,260,512,512,512
5.639134883880615,260,512,512,512
5.639134883880615,260,512,512,512
5.6423256397247314,260,512,512,512
5.6423256397247314,260,512,512,512
5.6423256397247314,260,512,512,512
5.643295764923096,260,512,512,512
5.6443092823028564,260,512,512,512
5.6449785232543945,260,512,512,512
5.6449785232543945,260,512,512,512
5.646544933319092,260,511,512,512
5.646544933319092,259,511,512,512
5.6482579708099365,259,511,512,512
5.6482579708099365,259,511,512,512
5.64984917640686,259,511,512,512
5.64984917640686,259,511,512,512
5.651386260986328,259,511,512,512
5.652937412261963,259,511,512,512
5.652937412261963,259,512,512,512
5.654493570327759,259,512,512,512
5.6551673412323,259,512,512,512
5.655673027038574,259,512,512,512
5.657220125198364,259,512,512,512
5.657220125198364,259,512,512,512
5.658485412597656,258,511,512,512
5.6589035987854,258,512,512,512
5.659982204437256,258,512,512,512
5.659982204437256,258,512,512,512
5.661531925201416,258,512,512,512
5.663135290145874,258,512,512,512
5.663135290145874,258,512,512,512
5.664698123931885,258,511,512,512
5.664698123931885,258,512,512,512
5.666238307952881,258,512,512,512
5.666238307952881,257,512,512,512
5.667719841003418,257,511,512,512
5.667719841003418,257,512,512,512
5.669261455535889,257,511,512,512
5.670811176300049,257,511,512,512
5.670811176300049,257,511,512,512
5.672362804412842,257,512,512,512
5.672362804412842,257,512,512,512
5.673912525177002,257,512,512,512
5.6750757694244385,257,512,512,512
5.6750757694244385,257,512,512,512
5.6750757694244385,257,512,512,512
5.676739931106567,257,512,512,512
5.678284645080566,257,512,512,512
5.679181337356567,257,512,512,512
5.679715633392334,257,512,512,512
5.679715633392334,257,512,512,512
5.679715633392334,257,512,512,512
5.6819682121276855,257,512,512,512
5.6819682121276855,257,512,512,512
5.6819682121276855,257,512,512,512
5.6819682121276855,257,512,512,512
5.6819682121276855,257,512,512,512
5.6819682121276855,257,512,512,512
5.6819682121276855,257,511,512,512
5.6819682121276855,257,511,512,512
5.6819682121276855,257,511,512,512
5.690147399902344,257,511,512,512
5.690147399902344,257,511,512,512
5.691715478897095,257,511,512,512
5.691715478897095,257,511,512,512
5.691715478897095,257,511,512,512
5.691715478897095,257,512,512,512
5.691715478897095,257,512,512,512
5.691715478897095,257,512,512,512
5.691715478897095,257,512,512,512
5.691715478897095,257,512,512,512
5.691715478897095,257,512,512,512
5.691715478897095,257,512,512,512
5.691715478897095,257,512,512,512
5.691715478897095,257,512,512,512
5.691715478897095,257,512,512,512
5.691715478897095,257,512,512,512
5.691715478897095,257,512,512,512
5.691715478897095,258,512,512,512
5.691715478897095,258,512,512,512
5.705895185470581,258,512,512,512
5.707406520843506,258,512,512,512
5.707406520843506,258,512,512,512
5.707406520843506,258,512,512,512
5.707406520843506,258,512,512,512
5.710526466369629,258,512,512,512
5.711534738540649,258,512,512,512
5.712240934371948,258,512,512,512
5.712240934371948,258,512,512,512
5.712240934371948,258,512,512,512
5.712240934371948,258,512,512,512
5.712240934371948,258,512,512,512
5.712240934371948,259,512,512,512
5.712240934371948,259,512,512,512
5.712240934371948,259,512,512,512
5.712240934371948,259,512,512,512
5.712240934371948,259,512,512,512
5.712240934371948,259,512,512,512
5.712240934371948,259,512,512,512
5.721978187561035,259,511,512,512
5.721978187561035,259,512,512,512
5.721978187561035,259,511,512,512
5.721978187561035,259,511,512,512
5.721978187561035,259,511,512,512
5.721978187561035,259,512,512,512
5.721978187561035,260,512,512,512
5.721978187561035,260,512,512,512
5.721978187561035,260,512,512,512
5.721978187561035,260,512,512,512
5.721978187561035,260,512,512,512
5.721978187561035,260,512,512,512
5.721978187561035,260,512,512,512
5.721978187561035,260,512,512,512
5.721978187561035,260,512,512,512
5.721978187561035,260,512,512,512
5.721978187561035,260,512,512,512
5.721978187561035,260,512,512,512
5.721978187561035,260,512,512,512
5.738059043884277,260,512,512,512
5.738059043884277,260,512,512,512
5.738059043884277,260,512,512,512
5.738059043884277,260,512,512,512
5.738059043884277,260,512,512,512
5.738059043884277,260,512,512,512
5.738059043884277,260,512,512,512
5.738059043884277,260,512,512,512
5.738059043884277,260,512,512,512
5.738059043884277,260,512,512,512
5.738059043884277,260,512,512,512
5.738059043884277,260,512,512,512
5.738059043884277,260,512,512,512
5.738059043884277,260,512,512,512
5.738059043884277,260,512,512,512
5.738059043884277,260,512,512,512
5.738059043884277,260,512,512,512
5.738059043884277,260,511,512,512
5.753944158554077,260,511,512,512
5.753944158554077,260,512,512,512
5.753944158554077,260,511,512,512
5.753944158554077,260,512,512,512
5.753944158554077,260,512,512,512
5.753944158554077,260,512,512,512
5.753944158554077,260,512,512,512
5.753944158554077,260,512,512,512
5.753944158554077,260,512,512,512
5.753944158554077,259,511,512,512
5.753944158554077,259,511,512,512
5.753944158554077,259,512,512,512
5.753944158554077,259,511,512,512
5.753944158554077,259,511,512,512
5.753944158554077,259,511,512,512
5.753944158554077,259,511,512,512
5.753944158554077,258,511,512,512
5.753944158554077,258,512,512,512
5.753944158554077,258,512,512,512
5.769721984863281,258,512,512,512
5.769721984863281,258,512,512,512
5.769721984863281,258,512,512,512
5.77282977104187,258,512,512,512
5.773605823516846,258,511,512,512
5.773605823516846,258,512,512,512
5.773605823516846,258,512,512,512
5.773605823516846,258,512,512,512
5.773605823516846,258,512,512,512
5.773605823516846,258,512,512,512
5.773605823516846,258,512,512,512
5.773605823516846,258,511,512,512
5.773605823516846,258,511,512,512
5.773605823516846,257,512,512,512
5.773605823516846,257,512,512,512
5.773605823516846,257,511,512,512
5.773605823516846,258,511,512,512
5.773605823516846,258,511,512,512
5.785365104675293,257,511,512,512
5.785365104675293,257,511,512,512
5.785365104675293,257,512,512,512
5.785365104675293,257,512,512,512
5.785365104675293,257,512,512,512
5.785365104675293,257,511,512,512
5.785365104675293,257,512,512,512
5.785365104675293,257,512,512,512
5.785365104675293,257,512,512,512
5.785365104675293,257,512,512,512
5.785365104675293,257,512,512,512
5.785365104675293,257,512,512,512
5.785365104675293,257,512,512,512
5.785365104675293,257,512,512,512
5.785365104675293,257,512,512,512
5.785365104675293,257,512,512,512
5.785365104675293,257,512,512,512
5.785365104675293,257,512,512,512
5.785365104675293,257,512,512,512
5.801137447357178,257,512,512,512
5.802382707595825,257,512,512,512
5.802382707595825,257,511,512,512
5.804066896438599,257,511,512,512
5.804066896438599,257,511,512,512
5.805736780166626,257,512,512,512
5.805736780166626,257,512,512,512
5.807514905929565,257,512,512,512
5.808640718460083,257,512,512,512
5.809314966201782,257,512,512,512
5.810144901275635,257,512,512,512
5.810144901275635,257,512,512,512
5.810144901275635,257,512,512,512
5.810144901275635,257,512,512,512
5.810144901275635,257,512,512,512
5.810144901275635,257,512,512,512
5.810144901275635,258,512,512,512
5.810144901275635,258,512,512,512
5.816736221313477,258,512,512,512
5.816736221313477,258,512,512,512
5.816736221313477,258,512,512,512
5.816736221313477,258,512,512,512
5.816736221313477,258,512,512,512
5.816736221313477,258,512,512,512
5.816736221313477,258,512,512,512
5.816736221313477,258,512,512,512
5.824928045272827,258,512,512,512
5.824928045272827,258,512,512,512
5.825289726257324,258,512,512,512
5.825289726257324,258,512,512,512
5.825289726257324,259,512,512,512
5.825289726257324,259,512,512,512
5.825289726257324,259,512,512,512
5.825289726257324,259,512,512,512
5.825289726257324,259,512,512,512
5.825289726257324,259,512,512,512
5.825289726257324,259,512,512,512
5.825289726257324,259,512,512,512
5.825289726257324,259,512,512,512
5.825289726257324,259,511,512,512
5.825289726257324,259,511,512,512
5.825289726257324,259,512,512,512
5.825289726257324,259,511,512,512
5.825289726257324,259,511,512,512
5.825289726257324,259,512,512,512
5.825289726257324,259,512,512,512
5.840664625167847,259,512,512,512
5.840664625167847,259,512,512,512
5.840664625167847,259,513,512,512
5.843536376953125,259,512,512,512
5.844045639038086,260,512,512,512
5.844045639038086,260,512,512,512
5.844045639038086,260,512,512,512
5.844045639038086,260,512,512,512
5.844045639038086,260,512,512,512
5.844045639038086,260,512,512,512
5.844045639038086,260,512,512,512
5.844045639038086,260,512,512,512
5.844045639038086,260,512,512,512
5.844045639038086,260,512,512,512
5.844045639038086,260,512,512,512
5.844045639038086,260,512,512,512
5.844045639038086,260,512,512,512
5.844045639038086,260,512,512,512
5.856306791305542,260,512,512,512
5.856306791305542,260,512,512,512
5.858317613601685,260,512,512,512
5.858317613601685,260,512,512,512
5.858317613601685,260,512,512,512
5.858317613601685,260,512,512,512
5.858317613601685,260,512,512,512
5.858317613601685,260,512,512,512
5.858317613601685,260,512,512,512
5.858317613601685,260,512,512,512
5.858317613601685,260,512,512,512
5.858317613601685,260,512,512,512
5.858317613601685,260,512,512,512
5.858317613601685,260,512,512,512
5.858317613601685,259,511,512,512
5.858317613601685,259,511,512,512
5.858317613601685,259,511,512,512
5.858317613601685,259,511,512,512
5.858317613601685,259,512,512,512
5.872170448303223,259,512,512,512
5.873157024383545,259,512,512,512
5.873157024383545,259,512,512,512
5.8751678466796875,259,512,512,512
5.875594139099121,259,511,512,512
5.875594139099121,259,511,512,512
5.875594139099121,259,511,512,512
5.878251075744629,258,512,512,512
5.878772735595703,258,512,512,512
5.878772735595703,258,512,512,512
5.880555152893066,258,512,512,512
5.880555152893066,258,512,512,512
5.880555152893066,258,512,512,512
5.880555152893066,258,512,512,512
5.880555152893066,258,512,512,512
5.880555152893066,258,512,512,512
5.880555152893066,258,512,512,512
5.880555152893066,258,511,512,512
5.880555152893066,258,511,512,512
5.880555152893066,258,512,512,512
5.888635158538818,258,511,512,512
5.888635158538818,257,512,512,512
5.888635158538818,257,512,512,512
5.888635158538818,257,512,512,512
5.892225742340088,257,512,512,512
5.892225742340088,258,512,512,512
5.892225742340088,258,512,512,512
5.892225742340088,257,512,512,512
5.892225742340088,257,512,512,512
5.897188425064087,257,512,512,512
5.897643089294434,257,512,512,512
5.897643089294434,257,512,512,512
5.897643089294434,257,512,512,512
5.897643089294434,257,512,512,512
5.897643089294434,257,512,512,512
5.897643089294434,257,512,512,512
5.897643089294434,257,512,512,512
5.897643089294434,257,512,512,512
5.897643089294434,257,511,512,512
5.904977560043335,257,511,512,512
5.904977560043335,257,512,512,512
5.908046245574951,257,512,512,512
5.908046245574951,257,512,512,512
5.908934831619263,257,512,512,512
5.908934831619263,257,512,512,512
5.908934831619263,257,512,512,512
5.908934831619263,257,512,512,512
5.908934831619263,257,512,512,512
5.913231134414673,257,512,512,512
5.913605690002441,257,512,512,512
5.913605690002441,257,512,512,512
5.913605690002441,257,512,512,512
5.913605690002441,257,511,512,512
5.913605690002441,257,511,512,512
5.913605690002441,257,511,512,512
5.913605690002441,257,511,512,512
5.913605690002441,257,511,512,512
5.913605690002441,257,511,512,512
5.921369314193726,257,512,512,512
5.921849489212036,257,512,512,512
5.921849489212036,257,512,512,512
5.921849489212036,257,512,512,512
5.921849489212036,257,512,512,512
5.921849489212036,257,512,512,512
5.921849489212036,257,512,512,512
5.921849489212036,257,512,512,512
5.921849489212036,258,512,512,512
5.921849489212036,258,512,512,512
5.929484844207764,258,512,512,512
5.929484844207764,258,512,512,512
5.929484844207764,258,512,512,512
5.929484844207764,258,512,512,512
5.929484844207764,258,512,512,512
5.929484844207764,258,512,512,512
5.929484844207764,258,512,512,512
5.929484844207764,258,512,512,512
5.929484844207764,258,512,512,512
5.929484844207764,258,512,512,512
5.929484844207764,258,512,512,512
5.929484844207764,258,512,512,512
5.929484844207764,258,512,512,512
5.929484844207764,258,512,512,512
5.929484844207764,259,512,512,512
5.929484844207764,259,512,512,512
5.929484844207764,259,512,512,512
5.929484844207764,259,512,512,512
5.945327997207642,259,512,512,512
5.945327997207642,259,512,512,512
5.945327997207642,259,512,512,512
5.945327997207642,259,512,512,512
5.945327997207642,259,512,512,512
5.945327997207642,259,511,512,512
5.945327997207642,259,511,512,512
5.945327997207642,259,511,512,512
5.945327997207642,259,511,512,512
5.945327997207642,259,511,512,512
5.945327997207642,259,511,512,512
5.945327997207642,259,512,512,512
5.945327997207642,259,512,512,512
5.945327997207642,259,512,512,512
5.945327997207642,259,512,512,512
5.945327997207642,259,512,512,512
5.945327997207642,259,512,512,512
5.945327997207642,259,512,512,512
5.945327997207642,259,512,512,512
5.961157321929932,259,512,512,512
5.961157321929932,260,512,512,512
5.961157321929932,260,512,512,512
5.961157321929932,260,512,512,512
5.961157321929932,260,512,512,512
5.961157321929932,260,512,512,512
5.961157321929932,260,512,512,512
5.961157321929932,260,511,512,512
5.961157321929932,260,511,512,512
5.961157321929932,260,512,512,512
5.961157321929932,260,512,512,512
5.961157321929932,260,512,512,512
5.961157321929932,260,512,512,512
5.961157321929932,260,511,512,512
5.961157321929932,260,512,512,512
5.961157321929932,259,512,512,512
5.961157321929932,259,512,512,512
5.961157321929932,259,512,512,512
5.977015972137451,259,512,512,512
5.977015972137451,259,512,512,512
5.9780519008636475,260,512,512,512
5.9780519008636475,260,512,512,512
5.9780519008636475,260,512,512,512
5.9780519008636475,259,512,512,512
5.9780519008636475,259,512,512,512
5.9780519008636475,259,512,512,512
5.9780519008636475,259,511,512,512
5.9780519008636475,259,511,512,512
5.9780519008636475,259,512,512,512
5.9780519008636475,259,512,512,512
5.9780519008636475,259,512,512,512
5.9780519008636475,259,512,512,512
5.9780519008636475,259,512,512,512
5.9780519008636475,259,511,512,512
5.9780519008636475,258,511,512,512
5.9780519008636475,258,511,512,512
5.9780519008636475,258,511,512,512
5.993040323257446,258,511,512,512
5.993846893310547,258,512,512,512
5.993846893310547,258,512,512,512
5.993846893310547,258,512,512,512
5.993846893310547,258,512,512,512
5.993846893310547,258,512,512,512
5.993846893310547,258,512,512,512
5.993846893310547,258,512,512,512
5.993846893310547,258,512,512,512
5.993846893310547,258,512,512,512
5.993846893310547,257,512,512,512
5.993846893310547,257,512,512,512
5.993846893310547,257,512,512,512
5.993846893310547,257,512,512,512
5.993846893310547,257,512,512,512
5.993846893310547,257,512,512,512
5.993846893310547,257,512,512,512
6.007806777954102,257,512,512,512
6.007806777954102,257,512,512,512
6.007806777954102,257,512,512,512
6.007806777954102,257,512,512,512
6.007806777954102,257,512,512,512
6.011656761169434,257,512,512,512
6.012164115905762,257,512,512,512
6.012164115905762,257,512,512,512
6.012164115905762,257,512,512,512
6.012164115905762,257,512,512,512
6.012164115905762,257,512,512,512
6.012164115905762,257,512,512,512
6.012164115905762,257,512,512,512
6.012164115905762,257,512,512,512
6.012164115905762,257,512,512,512
6.012164115905762,257,512,512,512
6.012164115905762,257,512,512,512
6.012164115905762,256,512,512,512
6.012164115905762,256,512,512,512
6.023608446121216,256,512,512,512
6.025617837905884,257,512,512,512
6.025617837905884,257,512,512,512
6.025617837905884,257,512,512,512
6.0273120403289795,257,512,512,512
6.0278332233428955,257,512,512,512
6.0278332233428955,257,512,512,512
6.0278332233428955,257,512,512,512
6.0278332233428955,257,512,512,512
6.0278332233428955,257,512,512,512
6.0278332233428955,257,512,512,512
6.0278332233428955,257,511,512,512
6.0278332233428955,257,511,512,512
6.0278332233428955,257,512,512,512
6.0278332233428955,257,512,512,512
6.0278332233428955,257,512,512,512
6.0278332233428955,257,512,512,512
6.0278332233428955,257,512,512,512
6.0278332233428955,257,512,512,512
6.040081262588501,257,512,512,512
6.040555715560913,257,512,512,512
6.040555715560913,257,512,512,512
6.040555715560913,257,513,512,512
6.040555715560913,257,513,512,512
6.040555715560913,257,513,512,512
6.040555715560913,257,512,512,512
6.040555715560913,257,512,512,512
6.040555715560913,257,512,512,512
6.040555715560913,257,512,512,512
6.040555715560913,257,512,512,512
6.040555715560913,258,512,512,512
6.040555715560913,258,512,512,512
6.040555715560913,258,512,512,512
6.040555715560913,258,512,512,512
6.040555715560913,258,512,512,512
6.040555715560913,258,512,512,512
6.040555715560913,258,512,512,512
6.055102825164795,258,512,512,512
6.055102825164795,258,512,512,512
6.055102825164795,258,512,512,512
6.055102825164795,258,512,512,512
6.055102825164795,258,512,512,512
6.055102825164795,258,512,512,512
6.055102825164795,258,512,512,512
6.055102825164795,258,512,512,512
6.055102825164795,258,512,512,512
6.055102825164795,258,512,512,512
6.055102825164795,259,512,512,512
6.055102825164795,259,512,512,512
6.055102825164795,259,512,512,512
6.055102825164795,259,512,512,512
6.055102825164795,259,512,512,512
6.055102825164795,259,512,512,512
6.055102825164795,259,512,512,512
6.055102825164795,259,512,512,512
6.055102825164795,259,512,512,512
6.070934534072876,259,512,512,512
6.070934534072876,259,512,512,512
6.070934534072876,259,512,512,512
6.070934534072876,259,512,512,512
6.070934534072876,259,512,512,512
6.070934534072876,259,512,512,512
6.070934534072876,259,512,512,512
6.070934534072876,259,512,512,512
6.070934534072876,259,512,512,512
6.070934534072876,259,512,512,512
6.070934534072876,259,512,512,512
6.070934534072876,259,512,512,512
6.070934534072876,259,512,512,512
6.070934534072876,259,512,512,512
6.070934534072876,259,512,512,512
6.070934534072876,259,512,512,512
6.070934534072876,259,512,512,512
6.070934534072876,259,512,512,512
6.086763620376587,259,512,512,512
6.086763620376587,259,512,512,512
6.086763620376587,259,512,512,512
6.086763620376587,259,512,512,512
6.086763620376587,259,512,512,512
6.086763620376587,259,512,512,512
6.086763620376587,259,512,512,512
6.086763620376587,259,512,512,512
6.086763620376587,259,512,512,512
6.086763620376587,259,512,512,512
6.086763620376587,259,512,512,512
6.086763620376587,259,512,512,512
6.086763620376587,259,512,512,512
6.086763620376587,259,512,512,512
6.086763620376587,259,512,512,512
6.086763620376587,259,512,512,512
6.086763620376587,259,512,512,512
6.086763620376587,259,512,512,512
6.086763620376587,259,512,512,512
6.102584600448608,259,512,512,512
6.102584600448608,259,512,512,512
6.102584600448608,258,512,512,512
6.102584600448608,258,512,512,512
6.102584600448608,258,511,512,512
6.107927083969116,258,512,512,512
6.107927083969116,258,512,512,512
6.107927083969116,258,512,512,512
6.107927083969116,258,512,512,512
6.107927083969116,258,512,512,512
6.107927083969116,258,512,512,512
6.107927083969116,258,512,512,512
6.107927083969116,258,512,512,512
6.107927083969116,258,512,512,512
6.107927083969116,258,512,512,512
6.107927083969116,258,512,512,512
6.107927083969116,258,512,512,512
6.107927083969116,258,512,512,512
6.11833643913269,258,512,512,512
6.11833643913269,258,512,512,512
6.11833643913269,257,512,512,512
6.11833643913269,257,512,512,512
6.11833643913269,257,512,512,512
6.11833643913269,257,512,512,512
6.11833643913269,257,512,512,512
6.11833643913269,257,512,512,512
6.11833643913269,257,512,512,512
6.11833643913269,257,512,512,512
6.11833643913269,257,512,512,512
6.11833643913269,257,512,512,512
6.11833643913269,257,512,512,512
6.11833643913269,257,512,512,512
6.11833643913269,257,512,512,512
6.11833643913269,257,512,512,512
6.11833643913269,257,512,512,512
6.11833643913269,257,512,512,512
6.11833643913269,257,512,512,512
6.134214162826538,257,512,512,512
6.1349217891693115,257,512,512,512
6.135798215866089,257,512,512,512
6.137023687362671,257,512,512,512
6.137788534164429,257,512,512,512
6.137788534164429,257,512,512,512
6.137788534164429,257,512,512,512
6.137788534164429,257,513,512,512
6.141859769821167,257,513,512,512
6.141859769821167,257,512,512,512
6.1422882080078125,257,512,512,512
6.1422882080078125,257,512,512,512
6.1422882080078125,257,512,512,512
6.1422882080078125,257,512,512,512
6.1422882080078125,257,512,512,512
6.1422882080078125,257,512,512,512
6.1422882080078125,257,512,512,512
6.1422882080078125,257,512,512,512
6.1422882080078125,257,512,512,512
6.149968147277832,257,512,512,512
6.149968147277832,257,512,512,512
6.149968147277832,257,513,512,512
6.149968147277832,257,512,512,512
6.149968147277832,257,512,512,512
6.149968147277832,257,512,512,512
6.149968147277832,257,512,512,512
6.149968147277832,257,512,512,512
6.158000230789185,257,512,512,512
6.158796072006226,257,513,512,512
6.158796072006226,257,513,512,512
6.159948110580444,257,512,512,512
6.160548210144043,257,512,512,512
6.160548210144043,258,512,512,512
6.160548210144043,258,512,512,512
6.160548210144043,258,512,512,512
6.160548210144043,258,512,512,512
6.160548210144043,258,512,512,512
6.160548210144043,258,512,512,512
6.166075944900513,258,512,512,512
6.166075944900513,258,512,512,512
6.166075944900513,258,512,512,512
6.166075944900513,258,512,512,512
6.166075944900513,258,512,512,512
6.166075944900513,258,512,512,512
6.166075944900513,258,512,512,512
6.166075944900513,258,512,512,512
6.166075944900513,258,512,512,512
6.174324035644531,258,512,512,512
6.174324035644531,258,512,512,512
6.175436973571777,258,512,512,512
6.176319360733032,259,512,512,512
6.176833629608154,259,512,512,512
6.17864990234375,259,512,512,512
6.179389715194702,259,511,512,512
6.179389715194702,259,511,512,512
6.179389715194702,259,511,512,512
6.179389715194702,259,511,512,512
6.179389715194702,259,512,512,512
6.179389715194702,259,512,512,512
6.179389715194702,259,512,512,512
6.179389715194702,259,512,512,512
6.179389715194702,259,512,512,512
6.179389715194702,259,512,512,512
6.179389715194702,259,512,512,512
6.179389715194702,259,512,512,512
6.179389715194702,259,512,512,512
6.190112829208374,259,512,512,512
6.190112829208374,259,512,512,512
6.190112829208374,259,512,512,512
6.190112829208374,259,512,512,512
6.190112829208374,259,512,512,512
6.190112829208374,259,512,512,512
6.190112829208374,259,512,512,512
6.190112829208374,259,512,512,512
6.190112829208374,259,512,512,512
6.190112829208374,259,512,512,512
6.190112829208374,259,512,512,512
6.190112829208374,259,512,512,512
6.190112829208374,259,512,512,512
6.190112829208374,259,512,512,512
6.190112829208374,259,512,512,512
6.190112829208374,259,512,512,512
6.190112829208374,259,512,512,512
6.190112829208374,259,512,512,512
6.205958604812622,259,512,512,512
6.206605434417725,259,512,512,512
6.207216262817383,259,512,512,512
6.208230018615723,259,512,512,512
6.208230018615723,259,512,512,512
6.208230018615723,259,512,512,512
6.208230018615723,259,512,512,512
6.208230018615723,259,512,512,512
6.208230018615723,259,512,512,512
6.208230018615723,258,512,512,512
6.208230018615723,258,512,512,512
6.208230018615723,258,512,512,512
6.208230018615723,258,512,512,512
6.208230018615723,259,512,512,512
6.208230018615723,258,511,512,512
6.208230018615723,258,512,512,512
6.208230018615723,258,512,512,512
6.208230018615723,258,512,512,512
6.208230018615723,258,512,512,512
6.221756458282471,258,512,512,512
6.221756458282471,258,512,512,512
6.223503828048706,258,512,512,512
6.223503828048706,258,512,512,512
6.223503828048706,258,512,512,512
6.223503828048706,258,512,512,512
6.223503828048706,258,512,512,512
6.223503828048706,258,512,512,512
6.223503828048706,258,512,512,512
6.223503828048706,258,512,512,512
6.223503828048706,257,512,512,512
6.223503828048706,257,512,512,512
6.223503828048706,257,512,512,512
6.223503828048706,257,512,512,512
6.223503828048706,257,512,512,512
6.223503828048706,257,512,512,512
6.223503828048706,257,512,512,512
6.223503828048706,257,512,512,512
6.223503828048706,257,512,512,512
6.238077640533447,257,512,512,512
6.239117860794067,257,512,512,512
6.239117860794067,257,512,512,512
6.239117860794067,257,512,512,512
6.239117860794067,257,512,512,512
6.239117860794067,257,512,512,512
6.239117860794067,257,512,512,512
6.239117860794067,257,512,512,512
6.239117860794067,257,512,512,512
6.239117860794067,257,512,512,512
6.239117860794067,257,512,512,512
6.239117860794067,257,512,512,512
6.239117860794067,257,512,512,512
6.239117860794067,257,512,512,512
6.239117860794067,257,512,512,512
6.239117860794067,257,512,512,512
6.239117860794067,257,512,512,512
6.239117860794067,257,512,512,512
6.253220796585083,257,512,512,512
6.253220796585083,257,512,512,512
6.253220796585083,257,512,512,512
6.253220796585083,257,513,512,512
6.253220796585083,257,512,512,512
6.253220796585083,257,512,512,512
6.253220796585083,257,512,512,512
6.253220796585083,257,512,512,512
6.253220796585083,257,512,512,512
6.253220796585083,257,512,512,512
6.253220796585083,257,512,512,512
6.253220796585083,257,512,512,512
6.253220796585083,258,512,512,512
6.253220796585083,258,512,512,512
6.253220796585083,258,512,512,512
6.253220796585083,258,512,512,512
6.253220796585083,258,512,512,512
6.253220796585083,258,512,512,512
6.253220796585083,258,512,512,512
6.269729375839233,258,512,512,512
6.270507097244263,258,512,512,512
6.271015882492065,258,512,512,512
6.271015882492065,258,512,512,512
6.271015882492065,258,512,512,512
6.271015882492065,258,512,512,512
6.271015882492065,258,512,512,512
6.271015882492065,258,512,512,512
6.271015882492065,258,512,512,512
6.271015882492065,258,512,512,512
6.271015882492065,258,512,512,512
6.271015882492065,258,512,512,512
6.271015882492065,258,512,512,512
6.271015882492065,258,512,512,512
6.271015882492065,258,512,512,512
6.271015882492065,258,512,512,512
6.271015882492065,258,512,512,512
6.271015882492065,259,512,512,512
6.284810781478882,259,512,512,512
6.284810781478882,259,512,512,512
6.284810781478882,259,512,512,512
6.284810781478882,259,512,512,512
6.284810781478882,259,512,512,512
6.284810781478882,259,512,512,512
6.284810781478882,259,512,512,512
6.284810781478882,258,512,512,512
6.284810781478882,258,512,512,512
6.284810781478882,258,512,512,512
6.284810781478882,258,512,512,512
6.284810781478882,258,512,512,512
6.284810781478882,258,512,512,512
6.284810781478882,258,512,512,512
6.284810781478882,258,512,512,512
6.284810781478882,259,512,512,512
6.284810781478882,259,512,512,512
6.284810781478882,259,512,512,512
6.284810781478882,259,512,512,512
6.300561428070068,259,512,512,512
6.3017401695251465,259,512,512,512
6.302920579910278,259,512,512,512
6.30343222618103,259,512,512,512
6.30343222618103,259,512,512,512
6.30343222618103,259,512,512,512
6.30343222618103,259,512,512,512
6.30343222618103,259,512,512,512
6.30821418762207,259,512,512,512
6.30862832069397,259,512,512,512
6.30862832069397,259,512,512,512
6.30862832069397,259,512,512,512
6.30862832069397,259,512,512,512
6.30862832069397,259,512,512,512
6.30862832069397,259,512,512,512
6.30862832069397,259,512,512,512
6.30862832069397,259,512,512,512
6.30862832069397,259,512,512,512
6.316463947296143,259,512,512,512
6.316463947296143,259,512,512,512
6.316463947296143,259,512,512,512
6.316463947296143,259,512,512,512
6.316463947296143,258,512,512,512
6.316463947296143,258,512,512,512
6.316463947296143,258,512,512,512
6.316463947296143,258,512,512,512
6.316463947296143,258,512,512,512
6.324581623077393,258,512,512,512
6.324581623077393,258,512,512,512
6.325645446777344,258,512,512,512
6.326542377471924,258,512,512,512
6.327241659164429,258,512,512,512
6.328632593154907,258,512,512,512
6.328632593154907,258,512,512,512
6.328632593154907,258,512,512,512
6.328632593154907,258,512,512,512
6.328632593154907,258,512,512,512
6.328632593154907,258,511,512,512
6.328632593154907,258,511,512,512
6.328632593154907,258,512,512,512
6.328632593154907,258,512,512,512
6.328632593154907,258,512,512,512
6.328632593154907,258,512,512,512
6.328632593154907,257,512,512,512
6.328632593154907,257,512,512,512
6.328632593154907,257,512,512,512
6.328632593154907,257,512,512,512
6.340478420257568,257,512,512,512
6.340478420257568,258,512,512,512
6.340478420257568,258,512,512,512
6.340478420257568,258,512,512,512
6.340478420257568,257,512,512,512
6.340478420257568,257,512,512,512
6.340478420257568,257,512,512,512
6.340478420257568,257,512,512,512
6.340478420257568,257,512,512,512
6.340478420257568,258,512,512,512
6.340478420257568,257,512,512,512
6.340478420257568,257,512,512,512
6.340478420257568,257,512,512,512
6.340478420257568,257,512,512,512
6.340478420257568,257,512,512,512
6.340478420257568,257,512,512,512
6.340478420257568,257,512,512,512
6.340478420257568,257,512,512,512
6.356268644332886,257,512,512,512
6.357572555541992,257,512,512,512
6.357572555541992,257,512,512,512
6.357572555541992,257,512,512,512
6.357572555541992,257,512,512,512
6.357572555541992,257,512,512,512
6.361338376998901,257,512,512,512
6.361338376998901,257,512,512,512
6.361338376998901,257,512,512,512
6.361338376998901,257,512,512,512
6.361338376998901,257,512,512,512
6.361338376998901,257,512,512,512
6.366523265838623,257,512,512,512
6.366523265838623,257,512,512,512
6.366523265838623,257,512,512,512
6.366523265838623,257,512,512,512
6.366523265838623,257,512,512,512
6.366523265838623,257,512,512,512
6.366523265838623,257,512,512,512
6.3719847202301025,257,512,512,512
6.3719847202301025,257,512,512,512
6.3719847202301025,257,512,512,512
6.3719847202301025,257,511,512,512
6.3719847202301025,257,511,512,512
6.3719847202301025,258,512,512,512
6.3719847202301025,258,512,512,512
6.3719847202301025,258,512,512,512
6.3719847202301025,258,512,512,512
6.3719847202301025,257,512,512,512
6.3719847202301025,257,512,512,512
6.3719847202301025,258,512,512,512
6.3719847202301025,258,512,512,512
6.3719847202301025,258,512,512,512
6.3719847202301025,258,512,512,512
6.3719847202301025,258,512,512,512
6.3719847202301025,258,512,512,512
6.3719847202301025,258,512,512,512
6.3719847202301025,258,512,512,512
6.388091564178467,258,512,512,512
6.388091564178467,258,512,512,512
6.390420436859131,258,512,512,512
6.390420436859131,258,512,512,512
6.392031669616699,258,512,512,512
6.392031669616699,258,512,512,512
6.392031669616699,258,512,512,512
6.392031669616699,258,512,512,512
6.392031669616699,258,512,512,512
6.392031669616699,258,512,512,512
6.392031669616699,258,512,512,512
6.392031669616699,258,512,512,512
6.392031669616699,258,512,512,512
6.392031669616699,259,512,512,512
6.392031669616699,259,512,512,512
6.392031669616699,259,512,512,512
6.392031669616699,259,512,512,512
6.392031669616699,259,512,512,512
6.4041783809661865,259,512,512,512
6.4049670696258545,259,512,512,512
6.405474662780762,259,512,512,512
6.405474662780762,259,512,512,512
6.408544540405273,259,512,512,512
6.410026788711548,259,512,512,512
6.410026788711548,259,512,512,512
6.410026788711548,259,512,512,512
6.410338878631592,259,512,512,512
6.410338878631592,259,512,512,512
6.412347078323364,259,512,512,512
6.412347078323364,259,512,512,512
6.412347078323364,259,513,512,512
6.412347078323364,259,512,512,512
6.412347078323364,259,512,512,512
6.412347078323364,259,512,512,512
6.412347078323364,259,512,512,512
6.412347078323364,259,512,512,512
6.412347078323364,259,512,512,512
6.412347078323364,259,512,512,512
6.421112060546875,259,512,512,512
6.421112060546875,259,512,512,512
6.421112060546875,259,512,512,512
6.421112060546875,259,512,512,512
6.425629138946533,259,512,512,512
6.426077127456665,259,512,512,512
6.426077127456665,259,512,512,512
6.426077127456665,259,512,512,512
6.426077127456665,259,512,512,512
6.428532123565674,259,512,512,512
6.428532123565674,259,512,512,512
6.428532123565674,259,512,512,512
6.428532123565674,259,512,512,512
6.428532123565674,259,512,512,512
6.428532123565674,259,512,512,512
6.428532123565674,259,511,512,512
6.428532123565674,258,511,512,512
6.428532123565674,258,512,512,512
6.428532123565674,258,511,512,512
6.436591386795044,258,512,512,512
6.437777996063232,258,512,512,512
6.438790559768677,259,512,512,512
6.439509630203247,259,511,512,512
6.440916538238525,259,512,512,512
6.440916538238525,259,512,512,512
6.440916538238525,259,512,512,512
6.440916538238525,259,512,512,512
6.440916538238525,259,512,512,512
6.440916538238525,259,512,512,512
6.440916538238525,259,511,512,512
6.440916538238525,259,511,512,512
6.440916538238525,259,511,512,512
6.440916538238525,259,511,512,512
6.440916538238525,259,511,512,512
6.440916538238525,258,511,512,512
6.440916538238525,258,511,512,512
6.440916538238525,258,512,512,512
6.452393531799316,258,512,512,512
6.452393531799316,258,512,512,512
6.452393531799316,258,512,512,512
6.452393531799316,258,512,512,512
6.452393531799316,258,512,512,512
6.452393531799316,258,512,512,512
6.452393531799316,258,512,512,512
6.452393531799316,258,512,512,512
6.452393531799316,258,512,512,512
6.452393531799316,258,512,512,512
6.452393531799316,258,512,512,512
6.452393531799316,258,512,512,512
6.452393531799316,258,512,512,512
6.452393531799316,258,512,512,512
6.452393531799316,258,512,512,512
6.452393531799316,258,511,512,512
6.452393531799316,258,511,512,512
6.452393531799316,258,511,512,512
6.452393531799316,258,512,512,512
6.468281269073486,258,512,512,512
6.468281269073486,258,512,512,512
6.468281269073486,258,511,512,512
6.468281269073486,258,512,512,512
6.468281269073486,258,512,512,512
6.468281269073486,258,512,512,512
6.468281269073486,258,512,512,512
6.468281269073486,258,512,512,512
6.468281269073486,258,512,512,512
6.468281269073486,258,512,512,512
6.468281269073486,258,512,512,512
6.468281269073486,258,512,512,512
6.468281269073486,258,512,512,512
6.468281269073486,258,512,512,512
6.468281269073486,258,512,512,512
6.468281269073486,258,512,512,512
6.468281269073486,258,512,512,512
6.468281269073486,258,512,512,512
6.468281269073486,258,512,512,512
6.4842634201049805,258,511,512,512
6.4842634201049805,258,511,512,512
6.4842634201049805,258,511,512,512
6.4842634201049805,258,511,512,512
6.4842634201049805,258,511,512,512
6.4842634201049805,258,511,512,512
6.4842634201049805,258,511,512,512
6.4842634201049805,258,512,512,512
6.4842634201049805,258,512,512,512
6.4842634201049805,258,512,512,512
6.4842634201049805,258,512,512,512
6.4842634201049805,258,512,512,512
6.4842634201049805,258,512,512,512
6.4842634201049805,258,512,512,512
6.4842634201049805,258,511,512,512
6.4842634201049805,258,511,512,512
6.4842634201049805,258,512,512,512
6.4842634201049805,258,512,512,512
6.4842634201049805,258,511,512,512
6.50039005279541,258,511,512,512
6.501958608627319,259,511,512,512
6.501958608627319,259,511,512,512
6.501958608627319,259,511,512,512
6.501958608627319,259,512,512,512
6.501958608627319,259,512,512,512
6.501958608627319,258,512,512,512
6.501958608627319,259,512,512,512
6.501958608627319,259,512,512,512
6.501958608627319,259,512,512,512
6.508847713470459,259,512,512,512
6.508847713470459,259,512,512,512
6.508847713470459,259,512,512,512
6.508847713470459,259,512,512,512
6.508847713470459,259,512,512,512
6.508847713470459,259,512,512,512
6.508847713470459,259,512,512,512
6.508847713470459,259,512,512,512
6.516035079956055,259,512,512,512
6.516035079956055,259,512,512,512
6.516035079956055,259,512,512,512
6.516035079956055,259,511,512,512
6.516035079956055,259,511,512,512
6.516035079956055,259,511,512,512
6.516035079956055,259,511,512,512
6.516035079956055,259,511,512,512
6.516035079956055,259,512,512,512
6.516035079956055,259,512,512,512
6.516035079956055,259,512,512,512
6.516035079956055,259,512,512,512
6.516035079956055,259,512,512,512
6.516035079956055,259,512,512,512
6.516035079956055,259,512,512,512
6.516035079956055,259,512,512,512
6.516035079956055,259,512,512,512
6.516035079956055,259,512,512,512
6.516035079956055,259,512,512,512
6.532657623291016,258,512,512,512
6.533426761627197,258,512,512,512
6.533786296844482,258,512,512,512
6.533786296844482,258,512,512,512
6.533786296844482,258,512,512,512
6.533786296844482,259,511,512,512
6.533786296844482,259,511,512,512
6.533786296844482,259,512,512,512
6.533786296844482,258,512,512,512
6.533786296844482,259,512,512,512
6.533786296844482,259,512,512,512
6.533786296844482,259,512,512,512
6.533786296844482,259,512,512,512
6.533786296844482,259,512,512,512
6.533786296844482,259,512,512,512
6.533786296844482,259,512,512,512
6.533786296844482,259,512,512,512
6.533786296844482,259,512,512,512
6.54777717590332,259,512,512,512
6.54777717590332,258,512,512,512
6.549013376235962,258,511,512,512
6.549013376235962,258,512,512,512
6.549013376235962,258,512,512,512
6.549013376235962,258,512,512,512
6.549013376235962,258,512,512,512
6.549013376235962,258,512,512,512
6.549013376235962,258,512,512,512
6.549013376235962,258,512,512,512
6.549013376235962,258,512,512,512
6.549013376235962,258,512,512,512
6.549013376235962,258,512,512,512
6.549013376235962,258,512,512,512
6.549013376235962,258,512,512,512
6.549013376235962,258,512,512,512
6.549013376235962,258,511,512,512
6.549013376235962,258,511,512,512
6.549013376235962,258,511,512,512
6.563991069793701,258,511,512,512
6.5647478103637695,258,512,512,512
6.5647478103637695,258,512,512,512
6.5647478103637695,258,512,512,512
6.5647478103637695,258,512,512,512
6.5647478103637695,258,512,512,512
6.5647478103637695,258,512,512,512
6.5647478103637695,258,512,512,512
6.5647478103637695,258,512,512,512
6.5647478103637695,258,512,512,512
6.5647478103637695,258,512,512,512
6.5647478103637695,258,512,512,512
6.5647478103637695,258,512,512,512
6.5647478103637695,258,512,512,512
6.5647478103637695,258,512,512,512
6.5647478103637695,258,512,512,512
6.5647478103637695,258,512,512,512
6.5647478103637695,258,512,512,512
6.5647478103637695,258,512,512,512
6.57949423789978,258,512,512,512
6.57949423789978,258,512,512,512
6.57949423789978,258,512,512,512
6.57949423789978,257,512,512,512
6.57949423789978,257,512,512,512
6.57949423789978,257,512,512,512
6.57949423789978,257,512,512,512
6.57949423789978,257,511,512,512
6.57949423789978,258,512,512,512
6.57949423789978,258,512,512,512
6.57949423789978,258,512,512,512
6.57949423789978,258,512,512,512
6.57949423789978,258,512,512,512
6.57949423789978,258,512,512,512
6.57949423789978,258,512,512,512
6.57949423789978,258,512,512,512
6.57949423789978,258,512,512,512
6.57949423789978,258,512,512,512
6.5952606201171875,258,512,512,512
6.5952606201171875,258,512,512,512
6.5952606201171875,258,512,512,512
6.5952606201171875,258,512,512,512
6.5952606201171875,258,512,512,512
6.5952606201171875,258,511,512,512
6.5952606201171875,258,511,512,512
6.5952606201171875,258,511,512,512
6.5952606201171875,258,511,512,512
6.5952606201171875,258,511,512,512
6.5952606201171875,258,511,512,512
6.5952606201171875,258,511,512,512
6.5952606201171875,258,512,512,512
6.5952606201171875,258,512,512,512
6.5952606201171875,258,512,512,512
6.5952606201171875,258,512,512,512
6.609029293060303,258,512,512,512
6.609029293060303,258,512,512,512
6.609029293060303,258,512,512,512
6.611785650253296,258,512,512,512
6.612382173538208,258,512,512,512
6.612382173538208,258,512,512,512
6.612382173538208,258,512,512,512
6.612382173538208,258,512,512,512
6.612382173538208,258,512,512,512
6.612382173538208,258,512,512,512
6.612382173538208,258,512,512,512
6.612382173538208,258,512,512,512
6.612382173538208,258,512,512,512
6.612382173538208,258,512,512,512
6.612382173538208,258,512,512,512
6.612382173538208,258,512,512,512
6.612382173538208,258,512,512,512
6.612382173538208,258,512,512,512
6.612382173538208,259,512,512,512
6.612382173538208,259,512,512,512
6.612382173538208,259,512,512,512
6.627100467681885,259,512,512,512
6.627100467681885,259,512,512,512
6.627962827682495,259,512,512,512
6.629673719406128,259,512,512,512
6.6303651332855225,259,512,512,512
6.6303651332855225,259,512,512,512
6.6303651332855225,259,512,512,512
6.6303651332855225,259,512,512,512
6.6303651332855225,259,511,512,512
6.6303651332855225,259,512,512,512
6.635307312011719,259,512,512,512
6.635307312011719,259,512,512,512
6.635307312011719,259,512,512,512
6.635307312011719,259,512,512,512
6.635307312011719,259,512,512,512
6.635307312011719,259,512,512,512
6.635307312011719,259,511,512,512
6.642173767089844,259,511,512,512
6.642173767089844,259,511,512,512
6.642912864685059,259,511,512,512
6.642912864685059,259,512,512,512
6.642912864685059,259,512,512,512
6.642912864685059,259,512,512,512
6.642912864685059,259,512,512,512
6.642912864685059,259,512,512,512
6.642912864685059,259,512,512,512
6.642912864685059,259,512,512,512
6.642912864685059,259,512,512,512
6.642912864685059,259,512,512,512
6.651548624038696,258,512,512,512
6.652360200881958,258,512,512,512
6.652360200881958,258,512,512,512
6.652360200881958,258,512,512,512
6.652360200881958,258,512,512,512
6.652360200881958,259,512,512,512
6.652360200881958,259,512,512,512
6.652360200881958,258,512,512,512
6.652360200881958,258,512,512,512
6.659019708633423,258,512,512,512
6.659414529800415,258,512,512,512
6.659414529800415,258,512,512,512
6.659414529800415,259,512,512,512
6.659414529800415,259,512,512,512
6.659414529800415,259,512,512,512
6.659414529800415,259,512,512,512
6.659414529800415,259,512,512,512
6.659414529800415,259,512,512,512
6.659414529800415,259,511,512,512
6.6674487590789795,259,511,512,512
6.6674487590789795,259,512,512,512
6.6674487590789795,259,512,512,512
6.6674487590789795,259,512,512,512
6.6674487590789795,258,512,512,512
6.6674487590789795,258,512,512,512
6.6674487590789795,258,512,512,512
6.6674487590789795,258,511,512,512
6.6674487590789795,258,512,512,512
6.6674487590789795,258,512,512,512
6.675639867782593,258,512,512,512
6.675639867782593,258,512,512,512
6.675639867782593,258,512,512,512
6.675639867782593,258,512,512,512
6.675639867782593,258,512,512,512
6.675639867782593,258,512,512,512
6.675639867782593,258,512,512,512
6.675639867782593,258,512,512,512
6.6832499504089355,258,512,512,512
6.6832499504089355,258,512,512,512
6.6832499504089355,258,511,512,512
6.6832499504089355,258,512,512,512
6.6832499504089355,258,512,512,512
6.6832499504089355,258,512,512,512
6.6832499504089355,258,512,512,512
6.6832499504089355,258,512,512,512
6.6832499504089355,258,512,512,512
6.6832499504089355,258,512,512,512
6.6832499504089355,258,512,512,512
6.6832499504089355,258,512,512,512
6.6832499504089355,258,512,512,512
6.6832499504089355,258,512,512,512
6.6832499504089355,258,512,512,512
6.6832499504089355,258,512,512,512
6.6832499504089355,258,512,512,512
6.6832499504089355,258,512,512,512
6.6832499504089355,258,512,512,512
6.699028730392456,258,512,512,512
6.6999311447143555,258,512,512,512
6.700838804244995,258,512,512,512
6.700838804244995,258,512,512,512
6.700838804244995,258,512,512,512
6.700838804244995,258,512,512,512
6.700838804244995,257,512,512,512
6.700838804244995,258,512,512,512
6.700838804244995,258,512,512,512
6.700838804244995,258,512,512,512
6.700838804244995,258,512,512,512
6.700838804244995,258,512,512,512
6.709015369415283,258,512,512,512
6.709015369415283,258,512,512,512
6.709015369415283,258,512,512,512
6.709015369415283,258,512,512,512
6.709015369415283,258,512,512,512
6.709015369415283,258,512,512,512
6.709015369415283,258,512,512,512
6.714723110198975,258,511,512,512
6.714723110198975,258,511,512,512
6.714723110198975,258,511,512,512
6.714723110198975,258,512,512,512
6.714723110198975,258,511,512,512
6.714723110198975,258,511,512,512
6.714723110198975,258,512,512,512
6.714723110198975,258,512,512,512
6.714723110198975,258,512,512,512
6.714723110198975,258,512,512,512
6.714723110198975,258,512,512,512
6.714723110198975,258,512,512,512
6.714723110198975,258,512,512,512
6.714723110198975,258,512,512,512
6.714723110198975,258,512,512,512
6.714723110198975,258,512,512,512
6.714723110198975,258,512,512,512
6.714723110198975,258,512,512,512
6.714723110198975,258,512,512,512
6.731553792953491,258,512,512,512
6.731553792953491,258,512,512,512
6.731553792953491,259,512,512,512
6.73393440246582,259,512,512,512
6.734442949295044,259,512,512,512
6.735736846923828,259,512,512,512
6.73628830909729,259,512,512,512
6.73628830909729,259,512,512,512
6.73628830909729,258,512,512,512
6.73628830909729,258,512,512,512
6.73628830909729,258,512,512,512
6.73628830909729,259,512,512,512
6.73628830909729,259,512,512,512
6.73628830909729,259,512,512,512
6.73628830909729,259,512,512,512
6.73628830909729,259,512,512,512
6.73628830909729,259,512,512,512
6.73628830909729,259,512,512,512
6.746673822402954,259,512,512,512
6.746673822402954,259,512,512,512
6.746673822402954,259,512,512,512
6.746673822402954,259,511,512,512
6.746673822402954,259,511,512,512
6.746673822402954,259,512,512,512
6.746673822402954,259,511,512,512
6.746673822402954,259,512,512,512
6.746673822402954,259,512,512,512
6.746673822402954,259,512,512,512
6.746673822402954,259,512,512,512
6.746673822402954,259,512,512,512
6.746673822402954,259,512,512,512
6.746673822402954,259,511,512,512
6.746673822402954,259,512,512,512
6.746673822402954,259,512,512,512
6.746673822402954,259,512,512,512
6.746673822402954,259,512,512,512
6.746673822402954,259,512,512,512
6.7625226974487305,259,512,512,512
6.7625226974487305,259,512,512,512
6.7625226974487305,259,512,512,512
6.7625226974487305,259,512,512,512
6.7625226974487305,259,512,512,512
6.7625226974487305,259,512,512,512
6.7625226974487305,259,512,512,512
6.7625226974487305,259,512,512,512
6.7625226974487305,259,512,512,512
6.7625226974487305,259,512,512,512
6.7625226974487305,259,512,512,512
6.7625226974487305,259,512,512,512
6.7625226974487305,259,512,512,512
6.7625226974487305,259,512,512,512
6.7625226974487305,259,512,512,512
6.7625226974487305,258,512,512,512
6.7625226974487305,258,512,512,512
6.7625226974487305,258,512,512,512
6.778588056564331,258,512,512,512
6.778588056564331,258,512,512,512
6.778588056564331,258,512,512,512
6.778588056564331,258,512,512,512
6.778588056564331,258,512,512,512
6.778588056564331,259,512,512,512
6.778588056564331,259,512,512,512
6.778588056564331,258,512,512,512
6.778588056564331,258,512,512,512
6.778588056564331,258,512,512,512
6.778588056564331,258,511,512,512
6.778588056564331,258,511,512,512
6.778588056564331,258,511,512,512
6.778588056564331,258,511,512,512
6.778588056564331,258,512,512,512
6.778588056564331,258,512,512,512
6.778588056564331,258,511,512,512
6.778588056564331,258,512,512,512
6.778588056564331,258,512,512,512
6.778588056564331,258,512,512,512
6.795450210571289,258,512,512,512
6.795450210571289,258,512,512,512
6.796834945678711,258,512,512,512
6.796834945678711,258,512,512,512
6.796834945678711,258,512,512,512
6.796834945678711,258,512,512,512
6.796834945678711,258,512,512,512
6.796834945678711,258,512,512,512
6.796834945678711,258,512,512,512
6.802703619003296,258,512,512,512
6.802703619003296,258,512,512,512
6.802703619003296,258,512,512,512
6.802703619003296,258,512,512,512
6.802703619003296,258,512,512,512
6.8088884353637695,258,512,512,512
6.8088884353637695,258,512,512,512
6.8088884353637695,258,512,512,512
6.80921745300293,258,512,512,512
6.80921745300293,258,512,512,512
6.810961484909058,258,512,512,512
6.810961484909058,258,512,512,512
6.810961484909058,258,512,512,512
6.810961484909058,258,512,512,512
6.810961484909058,258,512,512,512
6.810961484909058,258,512,512,512
6.810961484909058,258,512,512,512
6.810961484909058,258,512,512,512
6.810961484909058,258,511,512,512
6.810961484909058,258,511,512,512
6.819953203201294,258,512,512,512
6.820522785186768,258,512,512,512
6.820522785186768,258,512,512,512
6.820522785186768,258,512,512,512
6.820522785186768,258,512,512,512
6.825500249862671,258,512,512,512
6.825500249862671,258,512,512,512
6.826107740402222,258,512,512,512
6.826107740402222,258,512,512,512
6.826107740402222,258,512,512,512
6.826107740402222,258,511,512,512
6.826107740402222,258,511,512,512
6.826107740402222,258,511,512,512
6.826107740402222,258,511,512,512
6.826107740402222,258,512,512,512
6.826107740402222,258,512,512,512
6.826107740402222,258,512,512,512
6.826107740402222,258,512,512,512
6.83550238609314,258,512,512,512
6.83550238609314,258,512,512,512
6.83550238609314,258,512,512,512
6.83550238609314,258,512,512,512
6.83550238609314,258,512,512,512
6.83550238609314,258,512,512,512
6.83550238609314,258,512,512,512
6.83550238609314,258,512,512,512
6.83550238609314,258,512,512,512
6.83550238609314,258,512,512,512
6.83550238609314,258,512,512,512
6.83550238609314,258,512,512,512
6.83550238609314,258,512,512,512
6.83550238609314,258,512,512,512
6.83550238609314,258,512,512,512
6.83550238609314,258,512,512,512
6.83550238609314,258,512,512,512
6.83550238609314,258,512,512,512
6.83550238609314,258,512,512,512
6.851426839828491,258,512,512,512
6.851426839828491,258,512,512,512
6.8531334400177,258,512,512,512
6.85333514213562,258,512,512,512
6.85333514213562,258,512,512,512
6.85333514213562,258,512,512,512
6.85333514213562,258,513,512,512
6.85333514213562,259,513,512,512
6.85333514213562,259,513,512,512
6.85333514213562,259,512,512,512
6.85333514213562,259,512,512,512
6.85333514213562,259,512,512,512
6.85333514213562,259,512,512,512
6.85333514213562,258,512,512,512
6.85333514213562,258,512,512,512
6.85333514213562,258,512,512,512
6.85333514213562,258,512,512,512
6.85333514213562,258,512,512,512
6.867104768753052,259,512,512,512
6.867104768753052,258,512,512,512
6.867104768753052,258,512,512,512
6.867104768753052,258,512,512,512
6.867104768753052,258,512,512,512
6.867104768753052,258,512,512,512
6.867104768753052,258,512,512,512
6.867104768753052,258,512,512,512
6.867104768753052,258,512,512,512
6.867104768753052,258,512,512,512
6.867104768753052,258,512,512,512
6.867104768753052,258,512,512,512
6.867104768753052,258,512,512,512
6.867104768753052,259,512,512,512
6.867104768753052,259,512,512,512
6.867104768753052,259,512,512,512
6.867104768753052,259,512,512,512
6.867104768753052,259,512,512,512
6.867104768753052,258,512,512,512
6.8829052448272705,258,512,512,512
6.8829052448272705,258,512,512,512
6.8829052448272705,258,512,512,512
6.8829052448272705,258,512,512,512
6.8829052448272705,258,512,512,512
6.8829052448272705,258,512,512,512
6.8829052448272705,258,512,512,512
6.8829052448272705,258,512,512,512
6.8829052448272705,258,512,512,512
6.8829052448272705,258,512,512,512
6.8829052448272705,258,512,512,512
6.8829052448272705,258,512,512,512
6.8829052448272705,258,512,512,512
6.8829052448272705,258,512,512,512
6.8829052448272705,258,512,512,512
6.8829052448272705,258,512,512,512
6.8829052448272705,258,512,512,512
6.8829052448272705,258,512,512,512
6.8829052448272705,258,512,512,512
6.898891448974609,258,512,512,512
6.9000914096832275,258,512,512,512
6.900832653045654,258,512,512,512
6.900832653045654,258,511,512,512
6.900832653045654,258,512,512,512
6.900832653045654,258,511,512,512
6.900832653045654,258,511,512,512
6.900832653045654,258,512,512,512
6.900832653045654,258,512,512,512
6.900832653045654,257,512,512,512
6.900832653045654,257,512,512,512
6.900832653045654,257,512,512,512
6.909090518951416,257,512,512,512
6.909090518951416,257,512,512,512
6.909090518951416,257,512,512,512
6.909090518951416,257,513,512,512
6.909090518951416,258,512,512,512
6.909090518951416,258,512,512,512
6.914633274078369,258,512,512,512
6.914633274078369,258,512,512,512
6.914633274078369,258,512,512,512
6.914633274078369,258,512,512,512
6.914633274078369,258,512,512,512
6.914633274078369,258,512,512,512
6.914633274078369,258,512,512,512
6.914633274078369,257,512,512,512
6.914633274078369,257,512,512,512
6.914633274078369,257,512,512,512
6.914633274078369,257,512,512,512
6.914633274078369,257,512,512,512
6.914633274078369,257,512,512,512
6.914633274078369,257,512,512,512
6.925666809082031,257,512,512,512
6.925666809082031,257,512,512,512
6.925666809082031,258,512,512,512
6.925666809082031,258,512,512,512
6.925666809082031,258,512,512,512
6.930328607559204,257,512,512,512
6.931477069854736,257,512,512,512
6.931477069854736,257,512,512,512
6.931477069854736,258,512,512,512
6.931477069854736,258,512,512,512
6.931477069854736,258,512,512,512
6.931477069854736,258,512,512,512
6.931477069854736,258,512,512,512
6.931477069854736,258,512,512,512
6.931477069854736,258,512,512,512
6.931477069854736,258,512,512,512
6.931477069854736,258,512,512,512
6.941576242446899,258,512,512,512
6.941576242446899,258,512,512,512
6.941576242446899,258,512,512,512
6.943168640136719,258,512,512,512
6.943168640136719,258,512,512,512
6.943168640136719,258,512,512,512
6.943168640136719,258,512,512,512
6.943168640136719,258,512,512,512
6.943168640136719,258,512,512,512
6.943168640136719,258,512,512,512
6.943168640136719,258,512,512,512
6.9497151374816895,258,512,512,512
6.9497151374816895,258,512,512,512
6.9497151374816895,258,512,512,512
6.9497151374816895,258,512,512,512
6.9497151374816895,258,512,512,512
6.9497151374816895,258,512,512,512
6.9497151374816895,258,512,512,512
6.9497151374816895,258,512,512,512
6.958227872848511,258,512,512,512
6.958227872848511,258,512,512,512
6.958227872848511,258,512,512,512
6.959350109100342,258,512,512,512
6.959350109100342,258,512,512,512
6.959350109100342,258,512,512,512
6.959350109100342,258,512,512,512
6.959350109100342,258,512,512,512
6.959350109100342,258,512,512,512
6.959350109100342,258,512,512,512
6.959350109100342,258,512,512,512
6.966268539428711,258,512,512,512
6.966268539428711,258,512,512,512
6.966268539428711,259,512,512,512
6.966268539428711,259,512,512,512
6.966268539428711,259,512,512,512
6.966268539428711,258,512,512,512
6.966268539428711,258,512,512,512
6.966268539428711,258,513,512,512
6.966268539428711,258,512,512,512
6.974306106567383,259,512,512,512
6.974306106567383,259,512,512,512
6.974306106567383,259,512,512,512
6.976327180862427,259,512,512,512
6.976327180862427,259,512,512,512
6.976327180862427,259,512,512,512
6.976327180862427,258,512,512,512
6.976327180862427,258,512,512,512
6.976327180862427,258,512,512,512
6.976327180862427,258,512,512,512
6.976327180862427,258,512,512,512
6.9827563762664795,258,512,512,512
6.9827563762664795,258,512,512,512
6.9827563762664795,258,512,512,512
6.9827563762664795,258,512,512,512
6.9827563762664795,258,512,512,512
6.9827563762664795,258,512,512,512
6.9827563762664795,258,512,512,512
6.9827563762664795,258,512,512,512
6.9827563762664795,259,512,512,512
6.9827563762664795,258,512,512,512
6.9827563762664795,258,512,512,512
6.9827563762664795,258,512,512,512
6.9827563762664795,258,512,512,512
6.9827563762664795,258,512,512,512
6.9827563762664795,258,512,512,512
6.9827563762664795,258,512,512,512
6.9827563762664795,258,512,512,512
6.9827563762664795,258,512,512,512
6.998647451400757,258,512,512,512
6.998647451400757,258,512,512,512
6.999987602233887,258,512,512,512
6.999987602233887,258,512,512,512
6.999987602233887,258,512,512,512
6.999987602233887,258,512,512,512
6.999987602233887,258,512,512,512
6.999987602233887,258,512,512,512
6.999987602233887,258,512,512,512
6.999987602233887,258,512,512,512
6.999987602233887,258,512,512,512
6.999987602233887,258,512,512,512
6.999987602233887,258,512,512,512
7.009223461151123,258,512,512,512
7.009223461151123,258,512,512,512
7.009223461151123,258,512,512,512
7.009223461151123,258,512,512,512
7.009223461151123,258,512,512,512
7.009223461151123,258,512,512,512
7.014382600784302,258,512,512,512
7.014382600784302,258,512,512,512
7.014382600784302,258,512,512,512
7.014382600784302,258,512,512,512
7.014382600784302,258,512,512,512
7.014382600784302,258,512,512,512
7.014382600784302,258,512,512,512
7.014382600784302,258,512,512,512
7.014382600784302,257,512,512,512
7.014382600784302,257,512,512,512
7.014382600784302,257,512,512,512
7.014382600784302,257,512,512,512
7.014382600784302,257,512,512,512
7.014382600784302,258,512,512,512
7.014382600784302,258,512,512,512
7.014382600784302,258,512,512,512
7.014382600784302,258,512,512,512
7.014382600784302,258,512,512,512
7.030442714691162,258,512,512,512
7.030442714691162,258,512,512,512
7.030442714691162,258,512,512,512
7.030442714691162,258,512,512,512
7.030442714691162,258,512,512,512
7.034308671951294,258,512,512,512
7.034308671951294,258,512,512,512
7.034308671951294,258,512,512,512
7.036320924758911,258,512,512,512
7.036320924758911,258,512,512,512
7.038329601287842,258,512,512,512
7.038329601287842,258,512,512,512
7.038329601287842,258,512,512,512
7.041147232055664,258,512,512,512
7.041147232055664,257,512,512,512
7.041147232055664,257,512,512,512
7.043676376342773,257,512,512,512
7.043676376342773,257,512,512,512
7.043676376342773,258,512,512,512
7.045684099197388,258,512,512,512
7.045684099197388,258,512,512,512
7.045684099197388,258,512,512,512
7.045684099197388,258,512,512,512
7.045684099197388,258,512,512,512
7.045684099197388,258,512,512,512
7.045684099197388,258,513,512,512
7.045684099197388,258,513,512,512
7.045684099197388,258,512,512,512
7.045684099197388,258,512,512,512
7.045684099197388,258,512,512,512
7.045684099197388,258,512,512,512
7.045684099197388,258,512,512,512
7.045684099197388,258,512,512,512
7.045684099197388,258,512,512,512
7.045684099197388,258,511,512,512
7.045684099197388,258,511,512,512
7.045684099197388,258,512,512,512
7.061522006988525,258,512,512,512
7.062335014343262,258,512,512,512
7.062335014343262,258,513,512,512
7.062335014343262,258,513,512,512
7.062335014343262,258,512,512,512
7.062335014343262,258,512,512,512
7.062335014343262,258,512,512,512
7.062335014343262,258,512,512,512
7.062335014343262,258,512,512,512
7.062335014343262,258,512,512,512
7.062335014343262,258,512,512,512
7.062335014343262,258,512,512,512
7.062335014343262,258,512,512,512
7.062335014343262,258,512,512,512
7.062335014343262,258,512,512,512
7.062335014343262,258,512,512,512
7.062335014343262,258,512,512,512
7.062335014343262,258,512,512,512
7.077183485031128,258,512,512,512
7.077183485031128,258,512,512,512
7.077183485031128,258,512,512,512
7.077183485031128,258,512,512,512
7.077183485031128,258,512,512,512
7.077183485031128,258,512,512,512
7.077183485031128,258,512,512,512
7.077183485031128,258,512,512,512
7.077183485031128,258,512,512,512
7.077183485031128,259,512,512,512
7.077183485031128,259,512,512,512
7.077183485031128,259,512,512,512
7.077183485031128,258,512,512,512
7.077183485031128,258,512,512,512
7.077183485031128,258,512,512,512
7.077183485031128,258,512,512,512
7.077183485031128,258,512,512,512
7.077183485031128,258,512,512,512
7.077183485031128,258,512,512,512
7.077183485031128,258,512,512,512
7.093297481536865,258,512,512,512
7.093297481536865,258,512,512,512
7.093297481536865,258,512,512,512
7.093297481536865,258,512,512,512
7.093297481536865,258,512,512,512
7.093297481536865,258,512,512,512
7.093297481536865,258,512,512,512
7.093297481536865,258,512,512,512
7.093297481536865,258,512,512,512
7.093297481536865,258,512,512,512
7.093297481536865,258,512,512,512
7.093297481536865,258,512,512,512
7.093297481536865,258,512,512,512
7.093297481536865,258,512,512,512
7.093297481536865,258,512,512,512
7.093297481536865,258,512,512,512
7.093297481536865,258,512,512,512
7.093297481536865,258,512,512,512
7.109294414520264,258,512,512,512
7.109294414520264,258,512,512,512
7.109294414520264,258,512,512,512
7.109294414520264,258,512,512,512
7.109294414520264,258,512,512,512
7.109294414520264,258,512,512,512
7.109294414520264,258,512,512,512
7.109294414520264,258,512,512,512
7.109294414520264,258,512,512,512
7.109294414520264,258,512,512,512
7.109294414520264,258,512,512,512
7.109294414520264,258,512,512,512
7.109294414520264,258,512,512,512
7.109294414520264,258,512,512,512
7.109294414520264,258,512,512,512
7.109294414520264,258,512,512,512
7.109294414520264,258,512,512,512
7.109294414520264,258,513,512,512
7.124999523162842,258,513,512,512
7.124999523162842,258,512,512,512
7.1258814334869385,258,512,512,512
7.126782417297363,258,512,512,512
7.128061532974243,258,512,512,512
7.128419637680054,258,512,512,512
7.128419637680054,258,512,512,512
7.128419637680054,258,512,512,512
7.128419637680054,258,512,512,512
7.128419637680054,257,512,512,512
7.133310794830322,257,512,512,512
7.133310794830322,257,512,512,512
7.133310794830322,258,512,512,512
7.133310794830322,258,512,512,512
7.133310794830322,258,512,512,512
7.133310794830322,258,512,512,512
7.133310794830322,257,512,512,512
7.133310794830322,257,512,512,512
7.133310794830322,257,512,512,512
7.141441822052002,257,512,512,512
7.141441822052002,257,512,512,512
7.142406940460205,258,512,512,512
7.143165349960327,258,512,512,512
7.143165349960327,258,512,512,512
7.143165349960327,258,512,512,512
7.143165349960327,258,512,512,512
7.143165349960327,258,512,512,512
7.143165349960327,258,512,512,512
7.143165349960327,258,512,512,512
7.143165349960327,258,512,512,512
7.150347948074341,258,512,512,512
7.1510539054870605,258,512,512,512
7.1510539054870605,258,512,512,512
7.1510539054870605,257,512,512,512
7.1510539054870605,257,512,512,512
7.1510539054870605,257,512,512,512
7.1510539054870605,257,512,512,512
7.1510539054870605,258,512,512,512
7.1510539054870605,258,512,512,512
7.157952785491943,258,512,512,512
7.157952785491943,258,512,512,512
7.159042835235596,258,512,512,512
7.159042835235596,258,512,512,512
7.159042835235596,258,512,512,512
7.159042835235596,258,512,512,512
7.159042835235596,258,512,512,512
7.159042835235596,258,512,512,512
7.159042835235596,258,512,512,512
7.159042835235596,258,512,512,512
7.166084289550781,258,512,512,512
7.166084289550781,258,512,512,512
7.166084289550781,258,512,512,512
7.166084289550781,258,512,512,512
7.166084289550781,258,512,512,512
7.166084289550781,258,512,512,512
7.166084289550781,258,511,512,512
7.166084289550781,258,512,512,512
7.166084289550781,258,512,512,512
7.174204349517822,258,512,512,512
7.174204349517822,258,512,512,512
7.174204349517822,258,512,512,512
7.175973653793335,258,512,512,512
7.175973653793335,258,512,512,512
7.175973653793335,258,512,512,512
7.175973653793335,258,512,512,512
7.175973653793335,258,512,512,512
7.175973653793335,258,512,512,512
7.175973653793335,258,512,512,512
7.175973653793335,258,512,512,512
7.175973653793335,258,512,512,512
7.175973653793335,258,512,512,512
7.175973653793335,258,512,512,512
7.175973653793335,258,512,512,512
7.175973653793335,258,512,512,512
7.175973653793335,258,512,512,512
7.175973653793335,258,512,512,512
7.175973653793335,258,512,512,512
7.190144777297974,258,512,512,512
7.190144777297974,258,512,512,512
7.190144777297974,258,512,512,512
7.192158937454224,258,512,512,512
7.192158937454224,258,512,512,512
7.192158937454224,258,512,512,512
7.192158937454224,258,512,512,512
7.192158937454224,258,512,512,512
7.192158937454224,258,512,512,512
7.192158937454224,258,512,512,512
7.192158937454224,258,512,512,512
7.192158937454224,258,512,512,512
7.192158937454224,258,512,512,512
7.192158937454224,258,512,512,512
7.192158937454224,258,512,512,512
7.192158937454224,258,512,512,512
7.192158937454224,258,512,512,512
7.192158937454224,258,512,512,512
7.192158937454224,257,512,512,512
7.205952882766724,258,512,512,512
7.205952882766724,258,512,512,512
7.205952882766724,258,512,512,512
7.205952882766724,258,512,512,512
7.2096076011657715,258,512,512,512
7.2096076011657715,258,512,512,512
7.2096076011657715,258,512,512,512
7.2096076011657715,258,512,512,512
7.2096076011657715,258,512,512,512
7.2096076011657715,258,512,512,512
7.2096076011657715,258,512,512,512
7.2096076011657715,258,512,512,512
7.2096076011657715,258,512,512,512
7.2096076011657715,258,512,512,512
7.2096076011657715,258,512,512,512
7.2096076011657715,258,512,512,512
7.2096076011657715,258,512,512,512
7.2096076011657715,258,512,512,512
7.22171950340271,258,512,512,512
7.22171950340271,258,512,512,512
7.223249673843384,258,512,512,512
7.223987579345703,258,512,512,512
7.223987579345703,258,512,512,512
7.223987579345703,258,512,512,512
7.223987579345703,258,512,512,512
7.223987579345703,258,512,512,512
7.223987579345703,258,512,512,512
7.223987579345703,257,512,512,512
7.223987579345703,257,512,512,512
7.223987579345703,257,512,512,512
7.223987579345703,257,512,512,512
7.223987579345703,257,512,512,512
7.223987579345703,258,512,512,512
7.223987579345703,258,512,512,512
7.223987579345703,258,512,512,512
7.223987579345703,258,512,512,512
7.223987579345703,258,512,512,512
7.237611770629883,258,512,512,512
7.237611770629883,258,512,512,512
7.237611770629883,258,513,512,512
7.237611770629883,258,513,512,512
7.237611770629883,258,512,512,512
7.237611770629883,258,512,512,512
7.242597341537476,258,512,512,512
7.242597341537476,258,512,512,512
7.242597341537476,257,512,512,512
7.242597341537476,257,512,512,512
7.242597341537476,257,512,512,512
7.242597341537476,257,512,512,512
7.242597341537476,257,512,512,512
7.242597341537476,258,512,512,512
7.242597341537476,258,512,512,512
7.242597341537476,258,512,512,512
7.242597341537476,258,512,512,512
7.242597341537476,258,512,512,512
7.242597341537476,258,512,512,512
7.253894329071045,258,512,512,512
7.254910945892334,258,512,512,512
7.254910945892334,258,512,512,512
7.254910945892334,258,512,512,512
7.254910945892334,258,512,512,512
7.254910945892334,258,512,512,512
7.254910945892334,258,512,512,512
7.254910945892334,258,512,512,512
7.254910945892334,258,512,512,512
7.254910945892334,258,512,512,512
7.254910945892334,258,512,512,512
7.254910945892334,258,512,512,512
7.254910945892334,258,512,512,512
7.254910945892334,258,512,512,512
7.254910945892334,258,512,512,512
7.254910945892334,258,512,512,512
7.254910945892334,258,512,512,512
7.254910945892334,258,512,512,512
7.269249200820923,258,512,512,512
7.269249200820923,258,512,512,512
7.269249200820923,258,512,512,512
7.269249200820923,258,511,512,512
7.269249200820923,258,512,512,512
7.269249200820923,258,512,512,512
7.269249200820923,258,512,512,512
7.2754294872283936,258,512,512,512
7.2754294872283936,258,512,512,512
7.2754294872283936,258,512,512,512
7.2754294872283936,258,512,512,512
7.2754294872283936,258,512,512,512
7.2754294872283936,258,512,512,512
7.2754294872283936,258,512,512,512
7.2754294872283936,258,512,512,512
7.2754294872283936,258,512,512,512
7.2754294872283936,258,512,512,512
7.2754294872283936,258,511,512,512
7.2754294872283936,258,511,512,512
7.284952163696289,258,511,512,512
7.286252021789551,258,511,512,512
7.287053108215332,258,511,512,512
7.287919759750366,258,512,512,512
7.287919759750366,258,512,512,512
7.287919759750366,258,512,512,512
7.287919759750366,258,512,512,512
7.292163372039795,258,512,512,512
7.292163372039795,258,512,512,512
7.292510986328125,258,512,512,512
7.292510986328125,258,512,512,512
7.292510986328125,258,512,512,512
7.292510986328125,258,512,512,512
7.292510986328125,258,511,512,512
7.292510986328125,258,512,512,512
7.292510986328125,259,512,512,512
7.292510986328125,259,512,512,512
7.292510986328125,259,512,512,512
7.300971984863281,259,512,512,512
7.300971984863281,259,512,512,512
7.300971984863281,259,511,512,512
7.300971984863281,259,512,512,512
7.300971984863281,258,511,512,512
7.300971984863281,258,511,512,512
7.300971984863281,258,512,512,512
7.300971984863281,258,512,512,512
7.300971984863281,259,512,512,512
7.308777093887329,258,512,512,512
7.309217214584351,258,512,512,512
7.310137510299683,258,512,512,512
7.310137510299683,258,512,512,512
7.310137510299683,259,512,512,512
7.310137510299683,259,512,512,512
7.310137510299683,259,512,512,512
7.310137510299683,259,512,512,512
7.310137510299683,259,511,512,512
7.310137510299683,259,511,512,512
7.316662549972534,259,511,512,512
7.316662549972534,258,511,512,512
7.316662549972534,258,511,512,512
7.316662549972534,258,512,512,512
7.316662549972534,258,512,512,512
7.316662549972534,258,512,512,512
7.316662549972534,259,512,512,512
7.316662549972534,259,512,512,512
7.316662549972534,259,511,512,512
7.325690031051636,259,512,512,512
7.325690031051636,259,512,512,512
7.325690031051636,259,512,512,512
7.325690031051636,258,512,512,512
7.325690031051636,258,512,512,512
7.325690031051636,258,512,512,512
7.325690031051636,258,512,512,512
7.325690031051636,258,512,512,512
7.325690031051636,258,512,512,512
7.325690031051636,258,512,512,512
7.33244514465332,258,511,512,512
7.333589792251587,258,511,512,512
7.333589792251587,258,511,512,512
7.335068941116333,258,511,512,512
7.336130857467651,258,512,512,512
7.336803913116455,258,512,512,512
7.336803913116455,258,512,512,512
7.336803913116455,258,512,512,512
7.336803913116455,258,512,512,512
7.336803913116455,258,512,512,512
7.336803913116455,258,512,512,512
7.336803913116455,258,512,512,512
7.336803913116455,258,512,512,512
7.336803913116455,258,512,512,512
7.336803913116455,258,512,512,512
7.336803913116455,258,512,512,512
7.336803913116455,258,512,512,512
7.336803913116455,258,512,512,512
7.336803913116455,258,512,512,512
7.348562955856323,258,512,512,512
7.349533557891846,258,511,512,512
7.349533557891846,258,511,512,512
7.349533557891846,258,512,512,512
7.349533557891846,258,512,512,512
7.349533557891846,258,512,512,512
7.349533557891846,258,512,512,512
7.349533557891846,258,512,512,512
7.349533557891846,258,511,512,512
7.349533557891846,258,511,512,512
7.349533557891846,258,511,512,512
7.349533557891846,258,511,512,512
7.349533557891846,258,511,512,512
7.349533557891846,258,512,512,512
7.349533557891846,258,512,512,512
7.349533557891846,257,512,512,512
7.349533557891846,258,512,512,512
7.349533557891846,258,512,512,512
7.3642919063568115,258,512,512,512
7.3642919063568115,258,512,512,512
7.3642919063568115,258,512,512,512
7.3642919063568115,258,512,512,512
7.3642919063568115,258,512,512,512
7.3642919063568115,258,512,512,512
7.3642919063568115,258,512,512,512
7.3642919063568115,258,512,512,512
7.3642919063568115,258,512,512,512
7.3642919063568115,258,512,512,512
7.3642919063568115,258,512,512,512
7.3642919063568115,258,512,512,512
7.3642919063568115,258,512,512,512
7.3642919063568115,258,512,512,512
7.3642919063568115,258,512,512,512
7.3642919063568115,258,512,512,512
7.3642919063568115,258,512,512,512
7.3642919063568115,258,512,512,512
7.380032777786255,258,512,512,512
7.380032777786255,258,512,512,512
7.380032777786255,258,512,512,512
7.380032777786255,258,512,512,512
7.380032777786255,258,511,512,512
7.383377313613892,258,511,512,512
7.383377313613892,258,512,512,512
7.383377313613892,258,512,512,512
7.386514902114868,258,512,512,512
7.386514902114868,258,512,512,512
7.386514902114868,258,512,512,512
7.388522386550903,258,512,512,512
7.388522386550903,258,512,512,512
7.388522386550903,258,512,512,512
7.388522386550903,258,512,512,512
7.392508029937744,258,512,512,512
7.392508029937744,258,512,512,512
7.392508029937744,258,512,512,512
7.392508029937744,258,512,512,512
7.39571213722229,258,511,512,512
7.39571213722229,258,512,512,512
7.39571213722229,258,512,512,512
7.39571213722229,258,511,512,512
7.39571213722229,258,511,512,512
7.39571213722229,258,511,512,512
7.39571213722229,258,511,512,512
7.39571213722229,258,511,512,512
7.39571213722229,258,512,512,512
7.39571213722229,258,512,512,512
7.39571213722229,258,512,512,512
7.39571213722229,258,512,512,512
7.39571213722229,258,512,512,512
7.39571213722229,258,512,512,512
7.39571213722229,259,512,512,512
7.39571213722229,259,512,512,512
7.39571213722229,258,512,512,512
7.4101338386535645,258,512,512,512
7.4101338386535645,258,512,512,512
7.411653280258179,258,512,512,512
7.413197994232178,258,512,512,512
7.413197994232178,258,512,512,512
7.413197994232178,258,512,512,512
7.413197994232178,258,512,512,512
7.413197994232178,258,512,512,512
7.413197994232178,258,512,512,512
7.413197994232178,259,511,512,512
7.413197994232178,259,512,512,512
7.413197994232178,259,512,512,512
7.413197994232178,259,512,512,512
7.413197994232178,259,512,512,512
7.413197994232178,258,512,512,512
7.413197994232178,258,512,512,512
7.413197994232178,259,512,512,512
7.413197994232178,259,512,512,512
7.413197994232178,259,512,512,512
7.413197994232178,259,512,512,512
7.427446603775024,259,512,512,512
7.427446603775024,259,512,512,512
7.427446603775024,259,512,512,512
7.427446603775024,259,511,512,512
7.427446603775024,259,511,512,512
7.427446603775024,258,511,512,512
7.427446603775024,258,511,512,512
7.427446603775024,258,511,512,512
7.427446603775024,258,512,512,512
7.427446603775024,258,512,512,512
7.427446603775024,259,512,512,512
7.427446603775024,258,512,512,512
7.427446603775024,258,512,512,512
7.427446603775024,258,512,512,512
7.427446603775024,258,512,512,512
7.427446603775024,258,512,512,512
7.427446603775024,258,512,512,512
7.427446603775024,258,512,512,512
7.427446603775024,259,512,512,512
7.443394184112549,259,512,512,512
7.443394184112549,259,512,512,512
7.445136308670044,259,512,512,512
7.445861339569092,259,512,512,512
7.445861339569092,258,512,512,512
7.445861339569092,258,511,512,512
7.445861339569092,258,511,512,512
7.449465990066528,258,512,512,512
7.449465990066528,258,512,512,512
7.449465990066528,258,512,512,512
7.451473951339722,258,512,512,512
7.451473951339722,258,512,512,512
7.453481674194336,258,512,512,512
7.453481674194336,259,511,512,512
7.453481674194336,258,512,512,512
7.455487012863159,258,512,512,512
7.455487012863159,258,512,512,512
7.4574925899505615,258,512,512,512
7.4574925899505615,258,512,512,512
7.459242582321167,258,512,512,512
7.459813117980957,258,512,512,512
7.459813117980957,258,512,512,512
7.459813117980957,258,512,512,512
7.462618827819824,258,512,512,512
7.463150501251221,258,512,512,512
7.463150501251221,258,512,512,512
7.463150501251221,258,512,512,512
7.463150501251221,258,512,512,512
7.463150501251221,258,512,512,512
7.463150501251221,258,512,512,512
7.463150501251221,258,511,512,512
7.463150501251221,258,511,512,512
7.463150501251221,258,512,512,512
7.463150501251221,258,512,512,512
7.463150501251221,258,511,512,512
7.463150501251221,258,511,512,512
7.474701881408691,258,511,512,512
7.474701881408691,258,511,512,512
7.474701881408691,258,511,512,512
7.475932359695435,258,512,512,512
7.475932359695435,258,512,512,512
7.475932359695435,258,511,512,512
7.475932359695435,258,512,512,512
7.475932359695435,258,512,512,512
7.475932359695435,258,512,512,512
7.475932359695435,258,512,512,512
7.475932359695435,258,512,512,512
7.4828712940216064,258,512,512,512
7.4828712940216064,258,511,512,512
7.4828712940216064,258,511,512,512
7.4828712940216064,258,512,512,512
7.4828712940216064,258,511,512,512
7.4828712940216064,258,512,512,512
7.4828712940216064,258,512,512,512
7.4828712940216064,258,512,512,512
7.4828712940216064,258,512,512,512
7.490902900695801,258,512,512,512
7.4922707080841064,258,512,512,512
7.4922707080841064,258,512,512,512
7.4922707080841064,258,512,512,512
7.4922707080841064,258,512,512,512
7.4922707080841064,258,512,512,512
7.4922707080841064,258,512,512,512
7.4922707080841064,258,512,512,512
7.4922707080841064,258,512,512,512
7.4990880489349365,258,512,512,512
7.4990880489349365,258,512,512,512
7.4990880489349365,258,512,512,512
7.4990880489349365,258,512,512,512
7.4990880489349365,258,512,512,512
7.4990880489349365,258,511,512,512
7.4990880489349365,258,512,512,512
7.4990880489349365,258,511,512,512
7.4990880489349365,258,512,512,512
7.4990880489349365,258,512,512,512
7.507390260696411,258,512,512,512
7.507390260696411,258,512,512,512
7.507390260696411,258,512,512,512
7.507390260696411,258,512,512,512
7.510437488555908,258,512,512,512
7.510437488555908,258,511,512,512
7.510437488555908,258,512,512,512
7.510437488555908,258,512,512,512
7.510437488555908,258,512,512,512
7.510437488555908,258,512,512,512
7.515448570251465,258,512,512,512
7.515448570251465,258,512,512,512
7.515448570251465,258,512,512,512
7.515448570251465,258,512,512,512
7.515448570251465,258,512,512,512
7.515448570251465,258,512,512,512
7.515448570251465,258,512,512,512
7.515448570251465,258,512,512,512
7.515448570251465,258,512,512,512
7.515448570251465,258,512,512,512
7.515448570251465,258,512,512,512
7.515448570251465,258,512,512,512
7.515448570251465,258,512,512,512
7.515448570251465,258,512,512,512
7.515448570251465,258,512,512,512
7.515448570251465,258,512,512,512
7.515448570251465,259,512,512,512
7.515448570251465,259,512,512,512
7.531466484069824,259,512,512,512
7.531466484069824,259,512,512,512
7.533036947250366,259,512,512,512
7.533036947250366,259,512,512,512
7.533036947250366,259,512,512,512
7.533036947250366,259,511,512,512
7.533036947250366,259,512,512,512
7.533036947250366,259,512,512,512
7.533036947250366,259,512,512,512
7.533036947250366,259,512,512,512
7.533036947250366,259,512,512,512
7.533036947250366,259,512,512,512
7.533036947250366,259,512,512,512
7.533036947250366,259,512,512,512
7.533036947250366,259,512,512,512
7.533036947250366,259,512,512,512
7.533036947250366,259,511,512,512
7.533036947250366,259,511,512,512
7.533036947250366,259,511,512,512
7.533036947250366,259,511,512,512
7.547560930252075,259,511,512,512
7.548863649368286,259,512,512,512
7.5499420166015625,259,512,512,512
7.5499420166015625,259,512,512,512
7.5515172481536865,259,512,512,512
7.5515172481536865,259,512,512,512
7.553105592727661,258,512,512,512
7.553105592727661,258,512,512,512
7.55485987663269,258,512,512,512
7.55485987663269,258,512,512,512
7.556471347808838,258,512,512,512
7.558067798614502,259,512,512,512
7.558067798614502,258,512,512,512
7.558067798614502,258,512,512,512
7.559645175933838,258,512,512,512
7.5612404346466064,258,512,512,512
7.5612404346466064,258,512,512,512
7.562830924987793,259,512,512,512
7.562830924987793,259,512,512,512
7.5644519329071045,259,512,512,512
7.5644519329071045,259,512,512,512
7.566063165664673,259,511,512,512
7.566063165664673,259,512,512,512
7.567632675170898,258,512,512,512
7.567632675170898,258,512,512,512
7.569193124771118,258,511,512,512
7.569193124771118,258,512,512,512
7.5707688331604,258,512,512,512
7.5707688331604,258,511,512,512
7.572349548339844,258,512,512,512
7.573935031890869,258,512,512,512
7.573935031890869,258,512,512,512
7.573935031890869,258,512,512,512
7.5756142139434814,258,512,512,512
7.577178716659546,258,512,512,512
7.577178716659546,258,512,512,512
7.578750848770142,258,512,512,512
7.578750848770142,258,512,512,512
7.580347776412964,258,512,512,512
7.580347776412964,258,512,512,512
7.581990003585815,258,512,512,512
7.581990003585815,258,511,512,512
7.58368182182312,258,511,512,512
7.58368182182312,258,511,512,512
7.585465669631958,258,511,512,512
7.585465669631958,258,511,512,512
7.585465669631958,258,511,512,512
7.585465669631958,258,511,512,512
7.585465669631958,258,512,512,512
7.585465669631958,258,512,512,512
7.585465669631958,258,512,512,512
7.585465669631958,258,512,512,512
7.585465669631958,258,512,512,512
7.585465669631958,258,512,512,512
7.585465669631958,258,512,512,512
7.5945656299591064,258,512,512,512
7.5945656299591064,258,512,512,512
7.5945656299591064,258,512,512,512
7.5945656299591064,258,512,512,512
7.5945656299591064,258,512,512,512
7.5945656299591064,258,512,512,512
7.5945656299591064,258,511,512,512
7.5945656299591064,258,512,512,512
7.5945656299591064,258,512,512,512
7.5945656299591064,258,511,512,512
7.5945656299591064,258,512,512,512
7.5945656299591064,258,512,512,512
7.5945656299591064,258,512,512,512
7.5945656299591064,258,512,512,512
7.5945656299591064,258,512,512,512
7.5945656299591064,258,512,512,512
7.6088762283325195,258,512,512,512
7.6088762283325195,258,512,512,512
7.610461473464966,258,512,512,512
7.611151933670044,258,512,512,512
7.612033843994141,258,512,512,512
7.612033843994141,258,512,512,512
7.612033843994141,258,512,512,512
7.612033843994141,258,512,512,512
7.612033843994141,258,512,512,512
7.612033843994141,258,512,512,512
7.612033843994141,258,512,512,512
7.612033843994141,258,512,512,512
7.612033843994141,258,512,512,512
7.612033843994141,258,512,512,512
7.612033843994141,258,512,512,512
7.612033843994141,258,512,512,512
7.612033843994141,258,512,512,512
7.612033843994141,258,512,512,512
7.612033843994141,258,512,512,512
7.612033843994141,258,511,512,512
7.625677108764648,258,512,512,512
7.625677108764648,258,511,512,512
7.627367258071899,258,511,512,512
7.628302097320557,258,512,512,512
7.629025220870972,258,512,512,512
7.6292266845703125,258,511,512,512
7.6292266845703125,258,512,512,512
7.6292266845703125,258,512,512,512
7.6292266845703125,258,512,512,512
7.6292266845703125,258,512,512,512
7.633814573287964,258,512,512,512
7.633814573287964,258,512,512,512
7.633814573287964,258,512,512,512
7.633814573287964,258,511,512,512
7.633814573287964,258,512,512,512
7.633814573287964,258,511,512,512
7.633814573287964,258,512,512,512
7.633814573287964,258,512,512,512
7.633814573287964,258,512,512,512
7.641973495483398,259,512,512,512
7.64252233505249,259,512,512,512
7.642849683761597,259,512,512,512
7.642849683761597,259,512,512,512
7.642849683761597,259,512,512,512
7.642849683761597,259,512,512,512
7.642849683761597,259,512,512,512
7.642849683761597,259,512,512,512
7.642849683761597,259,511,512,512
7.642849683761597,259,511,512,512
7.650469541549683,259,512,512,512
7.651311635971069,258,511,512,512
7.651311635971069,258,512,512,512
7.651311635971069,258,512,512,512
7.651311635971069,258,512,512,512
7.651311635971069,258,512,512,512
7.651311635971069,258,512,512,512
7.651311635971069,258,512,512,512
7.658708810806274,258,511,512,512
7.658708810806274,259,511,512,512
7.658708810806274,259,512,512,512
7.65930700302124,259,511,512,512
7.65930700302124,259,511,512,512
7.65930700302124,259,511,512,512
7.65930700302124,259,512,512,512
7.65930700302124,259,511,512,512
7.65930700302124,259,512,512,512
7.65930700302124,259,512,512,512
7.65930700302124,259,512,512,512
7.666688680648804,258,511,512,512
7.666688680648804,258,511,512,512
7.666688680648804,258,512,512,512
7.666688680648804,258,512,512,512
7.666688680648804,258,512,512,512
7.666688680648804,258,512,512,512
7.666688680648804,258,512,512,512
7.666688680648804,258,512,512,512
7.666688680648804,258,512,512,512
7.6748504638671875,258,512,512,512
7.675839424133301,258,512,512,512
7.675839424133301,258,512,512,512
7.676785230636597,258,512,512,512
7.677429914474487,258,512,512,512
7.677429914474487,258,512,512,512
7.677429914474487,258,512,512,512
7.677429914474487,258,512,512,512
7.677429914474487,258,512,512,512
7.677429914474487,258,511,512,512
7.677429914474487,258,512,512,512
7.677429914474487,258,512,512,512
7.677429914474487,258,512,512,512
7.677429914474487,258,511,512,512
7.677429914474487,258,512,512,512
7.677429914474487,258,511,512,512
7.677429914474487,258,511,512,512
7.677429914474487,258,512,512,512
7.677429914474487,258,512,512,512
7.677429914474487,258,512,512,512
7.690670490264893,258,512,512,512
7.690670490264893,258,512,512,512
7.690670490264893,258,512,512,512
7.690670490264893,258,512,512,512
7.690670490264893,258,512,512,512
7.690670490264893,258,512,512,512
7.690670490264893,258,512,512,512
7.690670490264893,258,511,512,512
7.690670490264893,258,512,512,512
7.690670490264893,258,512,512,512
7.690670490264893,258,512,512,512
7.690670490264893,258,511,512,512
7.690670490264893,258,512,512,512
7.690670490264893,258,511,512,512
7.690670490264893,258,511,512,512
7.690670490264893,258,512,512,512
7.690670490264893,258,512,512,512
7.690670490264893,258,512,512,512
7.706480979919434,258,512,512,512
7.7082109451293945,258,512,512,512
7.7082109451293945,258,512,512,512
7.7082109451293945,258,512,512,512
7.7097718715667725,258,512,512,512
7.710807800292969,258,512,512,512
7.711377143859863,258,512,512,512
7.711377143859863,258,512,512,512
7.7130372524261475,258,512,512,512
7.7130372524261475,258,512,512,512
7.7130372524261475,258,512,512,512
7.7130372524261475,258,512,512,512
7.7130372524261475,258,512,512,512
7.7130372524261475,258,512,512,512
7.7130372524261475,258,512,512,512
7.7130372524261475,258,512,512,512
7.7130372524261475,258,513,512,512
7.7130372524261475,258,512,512,512
7.7130372524261475,258,512,512,512
7.7221503257751465,258,512,512,512
7.723544359207153,258,512,512,512
7.724052429199219,258,512,512,512
7.724052429199219,258,512,512,512
7.725844860076904,257,513,512,512
7.725844860076904,257,512,512,512
7.725844860076904,257,512,512,512
7.725844860076904,258,512,512,512
7.725844860076904,258,512,512,512
7.725844860076904,258,512,512,512
7.725844860076904,258,512,512,512
7.725844860076904,258,512,512,512
7.725844860076904,258,512,512,512
7.725844860076904,258,512,512,512
7.725844860076904,258,512,512,512
7.725844860076904,258,512,512,512
7.725844860076904,258,512,512,512
7.725844860076904,258,512,512,512
7.7380852699279785,258,512,512,512
7.7380852699279785,258,512,512,512
7.7380852699279785,258,512,512,512
7.7380852699279785,257,512,512,512
7.7380852699279785,257,512,512,512
7.7380852699279785,257,512,512,512
7.7380852699279785,258,512,512,512
7.7380852699279785,257,512,512,512
7.7380852699279785,258,512,512,512
7.7380852699279785,258,512,512,512
7.7380852699279785,258,512,512,512
7.7380852699279785,258,512,512,512
7.7380852699279785,258,512,512,512
7.7380852699279785,258,512,512,512
7.7380852699279785,258,512,512,512
7.7380852699279785,258,512,512,512
7.7380852699279785,258,512,512,512
7.7380852699279785,258,512,512,512
7.7380852699279785,258,512,512,512
7.75398588180542,258,512,512,512
7.75398588180542,258,512,512,512
7.75398588180542,258,512,512,512
7.75398588180542,258,512,512,512
7.757375001907349,258,512,512,512
7.757375001907349,258,512,512,512
7.757375001907349,258,512,512,512
7.760372638702393,258,512,512,512
7.761065483093262,258,512,512,512
7.761427402496338,258,512,512,512
7.761427402496338,258,512,512,512
7.761427402496338,258,512,512,512
7.761427402496338,258,512,512,512
7.761427402496338,258,512,512,512
7.761427402496338,258,512,512,512
7.761427402496338,258,512,512,512
7.761427402496338,258,512,512,512
7.761427402496338,258,512,512,512
7.761427402496338,258,512,512,512
7.769979476928711,258,512,512,512
7.769979476928711,258,512,512,512
7.769979476928711,258,512,512,512
7.769979476928711,258,512,512,512
7.769979476928711,258,511,512,512
7.769979476928711,258,512,512,512
7.775569438934326,258,512,512,512
7.775569438934326,258,512,512,512
7.775569438934326,258,512,512,512
7.775569438934326,258,512,512,512
7.775569438934326,258,512,512,512
7.775569438934326,258,512,512,512
7.775569438934326,258,512,512,512
7.775569438934326,258,512,512,512
7.775569438934326,258,512,512,512
7.775569438934326,258,512,512,512
7.775569438934326,258,512,512,512
7.775569438934326,258,512,512,512
7.785816431045532,258,512,512,512
7.785816431045532,258,512,512,512
7.78702187538147,258,512,512,512
7.78702187538147,258,512,512,512
7.78702187538147,258,512,512,512
7.789917945861816,258,512,512,512
7.789917945861816,258,512,512,512
7.79238748550415,258,512,512,512
7.79238748550415,258,513,512,512
7.792863368988037,258,512,512,512
7.794020652770996,258,512,512,512
7.794020652770996,258,512,512,512
7.794020652770996,258,512,512,512
7.794020652770996,258,512,512,512
7.794020652770996,258,512,512,512
7.794020652770996,258,512,512,512
7.794020652770996,258,512,512,512
7.794020652770996,258,512,512,512
7.794020652770996,258,512,512,512
7.794020652770996,258,512,512,512
7.8021955490112305,258,512,512,512
7.8021955490112305,258,512,512,512
7.8021955490112305,258,512,512,512
7.8021955490112305,258,512,512,512
7.8021955490112305,258,512,512,512
7.8021955490112305,258,512,512,512
7.8021955490112305,258,512,512,512
7.8021955490112305,258,512,512,512
7.808998107910156,258,512,512,512
7.810349941253662,258,512,512,512
7.811063766479492,258,512,512,512
7.811063766479492,258,512,512,512
7.811063766479492,258,512,512,512
7.811063766479492,258,512,512,512
7.811063766479492,258,512,512,512
7.811063766479492,258,512,512,512
7.811063766479492,258,512,512,512
7.811063766479492,258,512,512,512
7.8178510665893555,258,512,512,512
7.8178510665893555,258,512,512,512
7.8178510665893555,258,512,512,512
7.8178510665893555,258,512,512,512
7.8178510665893555,257,512,512,512
7.8178510665893555,257,512,512,512
7.8178510665893555,258,512,512,512
7.8178510665893555,258,512,512,512
7.8178510665893555,258,512,512,512
7.8178510665893555,258,512,512,512
7.8178510665893555,258,512,512,512
7.8178510665893555,258,512,512,512
7.8178510665893555,258,512,512,512
7.8178510665893555,258,512,512,512
7.8178510665893555,258,512,512,512
7.8178510665893555,258,512,512,512
7.8178510665893555,258,512,512,512
7.8178510665893555,258,512,512,512
7.8178510665893555,258,512,512,512
7.833635330200195,258,512,512,512
7.833635330200195,257,512,512,512
7.833635330200195,257,512,512,512
7.833635330200195,257,512,512,512
7.833635330200195,258,512,512,512
7.833635330200195,258,512,512,512
7.833635330200195,258,512,512,512
7.833635330200195,258,512,512,512
7.833635330200195,258,512,512,512
7.833635330200195,257,512,512,512
7.833635330200195,257,512,512,512
7.833635330200195,257,512,512,512
7.833635330200195,257,512,512,512
7.833635330200195,257,512,512,512
7.833635330200195,257,512,512,512
7.833635330200195,257,512,512,512
7.833635330200195,258,513,512,512
7.833635330200195,258,512,512,512
7.8497231006622314,258,512,512,512
7.8497231006622314,258,512,512,512
7.851085901260376,258,512,512,512
7.851807117462158,258,512,512,512
7.851807117462158,258,512,512,512
7.851807117462158,258,512,512,512
7.851807117462158,258,512,512,512
7.851807117462158,258,511,512,512
7.851807117462158,258,512,512,512
7.851807117462158,258,512,512,512
7.851807117462158,258,512,512,512
7.851807117462158,258,512,512,512
7.851807117462158,258,513,512,512
7.851807117462158,258,512,512,512
7.851807117462158,258,512,512,512
7.851807117462158,258,512,512,512
7.851807117462158,258,512,512,512
7.851807117462158,258,512,512,512
7.851807117462158,258,512,512,512
7.865835189819336,258,512,512,512
7.865835189819336,258,512,512,512
7.865835189819336,258,512,512,512
7.865835189819336,258,512,512,512
7.865835189819336,258,512,512,512
7.865835189819336,258,512,512,512
7.865835189819336,258,512,512,512
7.865835189819336,258,512,512,512
7.865835189819336,258,512,512,512
7.865835189819336,258,512,512,512
7.865835189819336,258,512,512,512
7.865835189819336,258,512,512,512
7.865835189819336,258,512,512,512
7.865835189819336,258,512,512,512
7.865835189819336,258,512,512,512
7.865835189819336,258,512,512,512
7.865835189819336,258,512,512,512
7.865835189819336,258,512,512,512
7.865835189819336,258,512,512,512
7.865835189819336,258,512,512,512
7.881965160369873,258,512,512,512
7.88350510597229,258,512,512,512
7.8842432498931885,258,512,512,512
7.8842432498931885,258,512,512,512
7.8842432498931885,258,512,512,512
7.8842432498931885,258,512,512,512
7.8842432498931885,257,512,512,512
7.8842432498931885,257,512,512,512
7.8842432498931885,257,512,512,512
7.8842432498931885,257,512,512,512
7.8842432498931885,258,512,512,512
7.8842432498931885,258,512,512,512
7.8842432498931885,258,512,512,512
7.8842432498931885,258,512,512,512
7.8842432498931885,258,512,512,512
7.8842432498931885,258,512,512,512
7.8842432498931885,258,512,512,512
7.8842432498931885,258,512,512,512
7.897680282592773,258,512,512,512
7.897680282592773,258,512,512,512
7.897680282592773,258,512,512,512
7.897680282592773,258,512,512,512
7.897680282592773,258,512,512,512
7.897680282592773,258,512,512,512
7.897680282592773,258,512,512,512
7.897680282592773,258,512,512,512
7.897680282592773,258,512,512,512
7.897680282592773,258,512,512,512
7.897680282592773,258,512,512,512
7.897680282592773,258,512,512,512
7.897680282592773,258,512,512,512
7.897680282592773,258,512,512,512
7.897680282592773,258,512,512,512
7.897680282592773,258,512,512,512
7.911397933959961,258,512,512,512
7.911397933959961,258,512,512,512
7.913410425186157,258,512,512,512
7.9140989780426025,258,512,512,512
7.914889574050903,258,512,512,512
7.915394067764282,258,512,512,512
7.915394067764282,258,512,512,512
7.915394067764282,258,512,512,512
7.915394067764282,258,512,512,512
7.915394067764282,258,512,512,512
7.915394067764282,258,512,512,512
7.915394067764282,258,512,512,512
7.915394067764282,258,512,512,512
7.915394067764282,258,512,512,512
7.915394067764282,258,512,512,512
7.915394067764282,258,512,512,512
7.915394067764282,258,512,512,512
7.925479888916016,258,512,512,512
7.925479888916016,258,512,512,512
7.925479888916016,258,511,512,512
7.925479888916016,258,511,512,512
7.92929744720459,258,511,512,512
7.92929744720459,258,511,512,512
7.92929744720459,258,511,512,512
7.92929744720459,258,512,512,512
7.92929744720459,258,512,512,512
7.92929744720459,258,512,512,512
7.92929744720459,258,512,512,512
7.92929744720459,258,512,512,512
7.92929744720459,258,512,512,512
7.92929744720459,258,512,512,512
7.92929744720459,258,512,512,512
7.92929744720459,257,513,512,512
7.92929744720459,257,512,512,512
7.92929744720459,257,512,512,512
7.92929744720459,257,512,512,512
7.92929744720459,257,512,512,512
7.92929744720459,258,512,512,512
7.92929744720459,257,512,512,512
7.944983720779419,257,512,512,512
7.944983720779419,257,512,512,512
7.9464497566223145,257,512,512,512
7.946958541870117,257,512,512,512
7.946958541870117,258,512,512,512
7.946958541870117,257,512,512,512
7.946958541870117,257,512,512,512
7.946958541870117,257,512,512,512
7.946958541870117,257,512,512,512
7.946958541870117,258,512,512,512
7.946958541870117,258,512,512,512
7.946958541870117,258,512,512,512
7.946958541870117,257,512,512,512
7.946958541870117,257,512,512,512
7.946958541870117,257,512,512,512
7.946958541870117,257,512,512,512
7.946958541870117,258,512,512,512
7.946958541870117,258,512,512,512
7.946958541870117,257,512,512,512
7.960623025894165,257,512,512,512
7.960623025894165,257,512,512,512
7.960623025894165,257,513,512,512
7.960623025894165,257,512,512,512
7.960623025894165,257,512,512,512
7.960623025894165,258,512,512,512
7.960623025894165,258,512,512,512
7.960623025894165,258,511,512,512
7.960623025894165,258,512,512,512
7.960623025894165,257,512,512,512
7.960623025894165,257,512,512,512
7.960623025894165,257,512,512,512
7.960623025894165,257,512,512,512
7.960623025894165,257,512,512,512
7.960623025894165,258,512,512,512
7.960623025894165,258,512,512,512
7.960623025894165,258,513,512,512
7.960623025894165,258,513,512,512
7.960623025894165,258,512,512,512
7.9763288497924805,258,512,512,512
7.977483034133911,258,512,512,512
7.977483034133911,258,512,512,512
7.977483034133911,258,512,512,512
7.977483034133911,258,512,512,512
7.977483034133911,258,512,512,512
7.977483034133911,258,512,512,512
7.977483034133911,258,512,512,512
7.977483034133911,258,512,512,512
7.977483034133911,258,512,512,512
7.977483034133911,258,512,512,512
7.977483034133911,258,512,512,512
7.977483034133911,258,512,512,512
7.977483034133911,258,512,512,512
7.977483034133911,258,512,512,512
7.977483034133911,258,512,512,512
7.977483034133911,258,512,512,512
7.992198705673218,258,512,512,512
7.992198705673218,258,512,512,512
7.99300742149353,258,513,512,512
7.993465900421143,258,512,512,512
7.993465900421143,258,512,512,512
7.993465900421143,258,512,512,512
7.993465900421143,258,512,512,512
7.993465900421143,258,512,512,512
7.993465900421143,258,512,512,512
7.993465900421143,258,512,512,512
7.993465900421143,258,512,512,512
7.993465900421143,258,512,512,512
7.993465900421143,258,512,512,512
7.993465900421143,258,512,512,512
7.993465900421143,258,512,512,512
7.993465900421143,258,512,512,512
7.993465900421143,258,512,512,512
7.993465900421143,258,512,512,512
7.993465900421143,258,512,512,512
8.009673357009888,258,512,512,512
8.009673357009888,258,512,512,512
8.009673357009888,258,512,512,512
8.009673357009888,258,512,512,512
8.009673357009888,258,512,512,512
8.011313199996948,258,512,512,512
8.01195216178894,258,512,512,512
8.01195216178894,258,512,512,512
8.01195216178894,258,512,512,512
8.01195216178894,258,512,512,512
8.015987634658813,258,512,512,512
8.015987634658813,258,512,512,512
8.015987634658813,258,512,512,512
8.015987634658813,258,512,512,512
8.015987634658813,258,512,512,512
8.015987634658813,258,512,512,512
8.015987634658813,258,512,512,512
8.015987634658813,258,512,512,512
8.015987634658813,258,512,512,512
8.024294137954712,258,512,512,512
8.024294137954712,258,512,512,512
8.024294137954712,258,512,512,512
8.026046514511108,258,512,512,512
8.026046514511108,258,512,512,512
8.026046514511108,258,512,512,512
8.026046514511108,258,512,512,512
8.026046514511108,258,512,512,512
8.026046514511108,258,512,512,512
8.026046514511108,258,512,512,512
8.026046514511108,258,512,512,512
8.032492637634277,258,512,512,512
8.032492637634277,258,512,512,512
8.032492637634277,258,512,512,512
8.032492637634277,258,512,512,512
8.032492637634277,258,512,512,512
8.032492637634277,258,512,512,512
8.032492637634277,258,512,512,512
8.032492637634277,258,512,512,512
8.032492637634277,258,511,512,512
8.040618896484375,258,512,512,512
8.040618896484375,258,512,512,512
8.040618896484375,258,512,512,512
8.040618896484375,258,512,512,512
8.040618896484375,258,512,512,512
8.040618896484375,258,512,512,512
8.040618896484375,258,512,512,512
8.040618896484375,258,512,512,512
8.040618896484375,258,512,512,512
8.04866909980774,258,512,512,512
8.04866909980774,257,512,512,512
8.04866909980774,257,512,512,512
8.050680160522461,258,512,512,512
8.050680160522461,258,512,512,512
8.052490949630737,258,512,512,512
8.052490949630737,258,512,512,512
8.052490949630737,258,512,512,512
8.052490949630737,258,512,512,512
8.052490949630737,258,512,512,512
8.056906461715698,258,512,512,512
8.056906461715698,258,512,512,512
8.056906461715698,258,512,512,512
8.059447050094604,258,513,512,512
8.060161828994751,258,513,512,512
8.060914516448975,258,512,512,512
8.061914205551147,258,512,512,512
8.06270432472229,258,512,512,512
8.063444137573242,258,512,512,512
8.064475297927856,258,512,512,512
8.065238952636719,258,512,512,512
8.06598424911499,258,512,512,512
8.067069292068481,258,512,512,512
8.067788124084473,258,512,512,512
8.068582534790039,258,512,512,512
8.069618701934814,258,512,512,512
8.070352792739868,258,512,512,512
8.071087837219238,258,512,512,512
8.072142362594604,258,512,512,512
8.072943449020386,258,512,512,512
8.072943449020386,258,512,512,512
8.072943449020386,258,512,512,512
8.072943449020386,258,512,512,512
8.072943449020386,258,512,512,512
8.072943449020386,258,513,512,512
8.072943449020386,258,513,512,512
8.072943449020386,258,512,512,512
8.0796639919281,258,512,512,512
8.080492973327637,258,512,512,512
8.080492973327637,258,512,512,512
8.080492973327637,258,511,512,512
8.080492973327637,258,511,512,512
8.080492973327637,258,512,512,512
8.080492973327637,258,512,512,512
8.080492973327637,258,512,512,512
8.080492973327637,258,512,512,512
8.080492973327637,258,512,512,512
8.080492973327637,258,512,512,512
8.080492973327637,258,512,512,512
8.080492973327637,258,512,512,512
8.080492973327637,258,512,512,512
8.080492973327637,258,512,512,512
8.080492973327637,258,512,512,512
8.080492973327637,258,512,512,512
8.09423542022705,258,512,512,512
8.094743967056274,258,512,512,512
8.095751523971558,258,512,512,512
8.095751523971558,258,512,512,512
8.097644090652466,258,512,512,512
8.097644090652466,258,512,512,512
8.097644090652466,258,512,512,512
8.099657773971558,258,512,512,512
8.099657773971558,258,512,512,512
8.101664781570435,258,512,512,512
8.101664781570435,258,512,512,512
8.103672742843628,258,512,512,512
8.103672742843628,258,512,512,512
8.103672742843628,258,512,512,512
8.105680704116821,258,512,512,512
8.105680704116821,258,512,512,512
8.10768747329712,258,512,512,512
8.10768747329712,258,513,512,512
8.109697580337524,258,512,512,512
8.109697580337524,258,512,512,512
8.11120891571045,258,512,512,512
8.11120891571045,258,512,512,512
8.11120891571045,258,512,512,512
8.113884687423706,258,512,512,512
8.113884687423706,258,512,512,512
8.113884687423706,258,512,512,512
8.115845680236816,258,512,512,512
8.115845680236816,258,512,512,512
8.117854833602905,258,512,512,512
8.117854833602905,258,512,512,512
8.119863510131836,258,512,512,512
8.119863510131836,258,512,512,512
8.119863510131836,258,512,512,512
8.119863510131836,258,512,512,512
8.119863510131836,258,512,512,512
8.119863510131836,258,512,512,512
8.119863510131836,258,512,512,512
8.119863510131836,258,512,512,512
8.119863510131836,258,512,512,512
8.127379894256592,258,512,512,512
8.128283739089966,258,512,512,512
8.129196882247925,258,512,512,512
8.129704236984253,258,512,512,512
8.129704236984253,258,511,512,512
8.129704236984253,258,512,512,512
8.129704236984253,259,512,512,512
8.129704236984253,259,512,512,512
8.133547067642212,258,512,512,512
8.135287046432495,258,512,512,512
8.135287046432495,258,512,512,512
8.135287046432495,258,512,512,512
8.137295961380005,258,512,512,512
8.137295961380005,258,512,512,512
8.139304399490356,258,512,512,512
8.139304399490356,258,512,512,512
8.141312599182129,258,512,512,512
8.14170527458191,258,512,512,512
8.142011404037476,258,512,512,512
8.142011404037476,258,512,512,512
8.143846273422241,258,512,512,512
8.143846273422241,258,512,512,512
8.145854711532593,258,512,512,512
8.145854711532593,258,512,512,512
8.14786410331726,258,512,512,512
8.14786410331726,258,512,512,512
8.14786410331726,258,512,512,512
8.149872303009033,259,512,512,512
8.149872303009033,259,512,512,512
8.151880025863647,259,511,512,512
8.151880025863647,259,511,512,512
8.15388822555542,259,511,512,512
8.15388822555542,258,511,512,512
8.15388822555542,258,511,512,512
8.155896425247192,258,511,512,512
8.157904148101807,258,511,512,512
8.158273935317993,258,511,512,512
8.158273935317993,258,511,512,512
8.158273935317993,258,512,512,512
8.160158157348633,258,512,512,512
8.160158157348633,259,512,512,512
8.160158157348633,259,512,512,512
8.160158157348633,259,512,512,512
8.160158157348633,259,512,512,512
8.160158157348633,259,512,512,512
8.160158157348633,259,512,512,512
8.160158157348633,259,512,512,512
8.160158157348633,259,511,512,512
8.168216705322266,258,511,512,512
8.168216705322266,258,512,512,512
8.168216705322266,259,512,512,512
8.168216705322266,259,512,512,512
8.168216705322266,259,512,512,512
8.168216705322266,259,512,512,512
8.168216705322266,259,512,512,512
8.168216705322266,258,512,512,512
8.174891471862793,258,512,512,512
8.174891471862793,259,512,512,512
8.174891471862793,259,512,512,512
8.177655935287476,259,512,512,512
8.177655935287476,259,512,512,512
8.177655935287476,259,511,512,512
8.179665088653564,259,511,512,512
8.179665088653564,259,512,512,512
8.179665088653564,258,512,512,512
8.179665088653564,258,511,512,512
8.179665088653564,258,512,512,512
8.183875322341919,258,512,512,512
8.183875322341919,258,511,512,512
8.183875322341919,259,512,512,512
8.183875322341919,259,512,512,512
8.187847375869751,259,512,512,512
8.187847375869751,258,512,512,512
8.187847375869751,258,512,512,512
8.187847375869751,258,512,512,512
8.187847375869751,258,512,512,512
8.187847375869751,258,512,512,512
8.192413568496704,258,512,512,512
8.192413568496704,258,512,512,512
8.194422721862793,258,511,512,512
8.194422721862793,258,511,512,512
8.194422721862793,259,511,512,512
8.194422721862793,259,511,512,512
8.194422721862793,258,511,512,512
8.194422721862793,258,512,512,512
8.199609518051147,259,511,512,512
8.20059609413147,258,511,512,512
8.201711654663086,258,511,512,512
8.201711654663086,258,512,512,512
8.201711654663086,258,512,512,512
8.201711654663086,258,512,512,512
8.204932928085327,258,512,512,512
8.204932928085327,258,512,512,512
8.204932928085327,258,512,512,512
8.207489013671875,259,512,512,512
8.207489013671875,259,512,512,512
8.207489013671875,259,512,512,512
8.209499597549438,259,512,512,512
8.209499597549438,259,512,512,512
8.21151065826416,259,512,512,512
8.21151065826416,258,512,512,512
8.21151065826416,258,512,512,512
8.213518381118774,258,512,512,512
8.213518381118774,258,512,512,512
8.215275287628174,258,512,512,512
8.215275287628174,258,512,512,512
8.215275287628174,258,512,512,512
8.215275287628174,258,512,512,512
8.215275287628174,258,511,512,512
8.215275287628174,258,512,512,512
8.215275287628174,258,512,512,512
8.215275287628174,258,512,512,512
8.215275287628174,259,512,512,512
8.215275287628174,259,512,512,512
8.215275287628174,259,512,512,512
8.215275287628174,259,512,512,512
8.215275287628174,259,512,512,512
8.215275287628174,259,511,512,512
8.215275287628174,259,511,512,512
8.215275287628174,258,511,512,512
8.215275287628174,258,512,512,512
8.215275287628174,258,512,512,512
8.23097038269043,258,512,512,512
8.232273817062378,258,512,512,512
8.232273817062378,258,512,512,512
8.232273817062378,258,512,512,512
8.232273817062378,258,512,512,512
8.232273817062378,258,512,512,512
8.232273817062378,258,512,512,512
8.232273817062378,258,512,512,512
8.232273817062378,258,512,512,512
8.232273817062378,258,512,512,512
8.232273817062378,258,512,512,512
8.232273817062378,258,512,512,512
8.232273817062378,258,512,512,512
8.232273817062378,258,512,512,512
8.232273817062378,258,512,512,512
8.232273817062378,258,512,512,512
8.232273817062378,258,512,512,512
8.232273817062378,258,512,512,512
8.232273817062378,258,512,512,512
8.246797323226929,258,512,512,512
8.246797323226929,258,512,512,512
8.246797323226929,258,512,512,512
8.246797323226929,258,512,512,512
8.246797323226929,258,512,512,512
8.246797323226929,258,512,512,512
8.246797323226929,258,512,512,512
8.246797323226929,258,512,512,512
8.246797323226929,258,512,512,512
8.246797323226929,258,512,512,512
8.246797323226929,258,512,512,512
8.246797323226929,258,512,512,512
8.246797323226929,258,512,512,512
8.246797323226929,258,512,512,512
8.259096622467041,258,512,512,512
8.259096622467041,258,512,512,512
8.259096622467041,258,512,512,512
8.259096622467041,258,512,512,512
8.262498378753662,258,512,512,512
8.262498378753662,258,512,512,512
8.262498378753662,258,512,512,512
8.265259981155396,258,512,512,512
8.265259981155396,258,512,512,512
8.265259981155396,258,511,512,512
8.265259981155396,258,511,512,512
8.265259981155396,258,511,512,512
8.265259981155396,258,511,512,512
8.265259981155396,258,511,512,512
8.265259981155396,258,511,512,512
8.265259981155396,258,512,512,512
8.265259981155396,258,512,512,512
8.265259981155396,258,512,512,512
8.265259981155396,258,512,512,512
8.265259981155396,258,512,512,512
8.265259981155396,259,512,512,512
8.265259981155396,259,512,512,512
8.278385162353516,259,512,512,512
8.278385162353516,258,512,512,512
8.278385162353516,258,512,512,512
8.278385162353516,258,512,512,512
8.278385162353516,258,512,512,512
8.278385162353516,258,512,512,512
8.278385162353516,259,512,512,512
8.278385162353516,259,512,512,512
8.278385162353516,259,512,512,512
8.278385162353516,259,512,512,512
8.278385162353516,259,512,512,512
8.278385162353516,259,512,512,512
8.278385162353516,259,512,512,512
8.278385162353516,259,512,512,512
8.278385162353516,259,512,512,512
8.278385162353516,259,512,512,512
8.278385162353516,259,512,512,512
8.278385162353516,259,512,512,512
8.278385162353516,259,512,512,512
8.294137954711914,258,512,512,512
8.295018911361694,258,512,512,512
8.29613709449768,258,512,512,512
8.296938419342041,258,512,512,512
8.297457456588745,258,512,512,512
8.297457456588745,258,511,512,512
8.297457456588745,258,511,512,512
8.297457456588745,258,511,512,512
8.297457456588745,258,511,512,512
8.297457456588745,258,511,512,512
8.302212238311768,258,512,512,512
8.302212238311768,258,512,512,512
8.302212238311768,258,511,512,512
8.302212238311768,258,511,512,512
8.302212238311768,259,511,512,512
8.302212238311768,258,511,512,512
8.308656454086304,258,512,512,512
8.308656454086304,258,512,512,512
8.308990716934204,258,512,512,512
8.308990716934204,258,511,512,512
8.31072449684143,258,512,512,512
8.311737775802612,258,511,512,512
8.311737775802612,258,511,512,512
8.311737775802612,258,512,512,512
8.311737775802612,259,512,512,512
8.311737775802612,258,512,512,512
8.311737775802612,258,511,512,512
8.311737775802612,258,511,512,512
8.311737775802612,258,512,512,512
8.319127321243286,258,511,512,512
8.319911003112793,258,511,512,512
8.320318460464478,258,512,512,512
8.320318460464478,258,512,512,512
8.320318460464478,258,512,512,512
8.320318460464478,258,512,512,512
8.320318460464478,258,512,512,512
8.320318460464478,258,512,512,512
8.325604677200317,258,512,512,512
8.325604677200317,258,512,512,512
8.325604677200317,258,512,512,512
8.325604677200317,258,512,512,512
8.325604677200317,258,512,512,512
8.325604677200317,258,512,512,512
8.325604677200317,258,512,512,512
8.325604677200317,258,512,512,512
8.325604677200317,258,512,512,512
8.325604677200317,258,512,512,512
8.325604677200317,258,512,512,512
8.334650039672852,258,512,512,512
8.334650039672852,258,512,512,512
8.334650039672852,258,512,512,512
8.334650039672852,258,512,512,512
8.334650039672852,258,512,512,512
8.334650039672852,258,512,512,512
8.334650039672852,258,512,512,512
8.334650039672852,258,511,512,512
8.334650039672852,259,511,512,512
8.334650039672852,259,511,512,512
8.334650039672852,258,511,512,512
8.334650039672852,258,511,512,512
8.334650039672852,258,512,512,512
8.334650039672852,258,512,512,512
8.334650039672852,258,512,512,512
8.334650039672852,258,512,512,512
8.334650039672852,258,512,512,512
8.334650039672852,258,512,512,512
8.334650039672852,258,512,512,512
8.350728750228882,258,512,512,512
8.351503133773804,258,512,512,512
8.351503133773804,258,511,512,512
8.35422134399414,258,511,512,512
8.354860067367554,258,512,512,512
8.354860067367554,258,511,512,512
8.354860067367554,258,512,512,512
8.354860067367554,258,512,512,512
8.354860067367554,258,512,512,512
8.354860067367554,258,512,512,512
8.354860067367554,258,512,512,512
8.354860067367554,258,512,512,512
8.354860067367554,258,512,512,512
8.354860067367554,258,512,512,512
8.354860067367554,259,512,512,512
8.354860067367554,259,512,512,512
8.354860067367554,259,512,512,512
8.354860067367554,258,512,512,512
8.3665931224823,258,512,512,512
8.3665931224823,258,512,512,512
8.3665931224823,258,512,512,512
8.3665931224823,258,512,512,512
8.3665931224823,258,512,512,512
8.3665931224823,258,512,512,512
8.3665931224823,258,512,512,512
8.3665931224823,258,512,512,512
8.3665931224823,258,512,512,512
8.3665931224823,258,512,512,512
8.3665931224823,258,512,512,512
8.3665931224823,258,512,512,512
8.3665931224823,258,512,512,512
8.3665931224823,258,512,512,512
8.3665931224823,258,512,512,512
8.3665931224823,258,512,512,512
8.3665931224823,258,512,512,512
8.3665931224823,258,511,512,512
8.3665931224823,258,512,512,512
8.382412672042847,258,511,512,512
8.382412672042847,258,511,512,512
8.382412672042847,258,511,512,512
8.382412672042847,258,511,512,512
8.382412672042847,258,511,512,512
8.382412672042847,258,512,512,512
8.382412672042847,258,512,512,512
8.382412672042847,258,512,512,512
8.382412672042847,258,512,512,512
8.382412672042847,258,512,512,512
8.382412672042847,258,512,512,512
8.382412672042847,258,512,512,512
8.382412672042847,258,512,512,512
8.382412672042847,258,512,512,512
8.382412672042847,258,512,512,512
8.382412672042847,258,512,512,512
8.382412672042847,258,512,512,512
8.382412672042847,258,512,512,512
8.39829683303833,258,512,512,512
8.39829683303833,258,512,512,512
8.399617433547974,258,512,512,512
8.400376319885254,258,512,512,512
8.401438236236572,258,512,512,512
8.401438236236572,258,511,512,512
8.401438236236572,258,511,512,512
8.401438236236572,258,511,512,512
8.401438236236572,258,512,512,512
8.401438236236572,258,512,512,512
8.406017065048218,258,512,512,512
8.40802812576294,258,512,512,512
8.40802812576294,258,512,512,512
8.40802812576294,258,512,512,512
8.409696340560913,258,512,512,512
8.410578727722168,258,512,512,512
8.411693334579468,258,512,512,512
8.411693334579468,258,512,512,512
8.411693334579468,258,512,512,512
8.414110660552979,258,512,512,512
8.415140628814697,258,512,512,512
8.41563081741333,258,512,512,512
8.41563081741333,258,511,512,512
8.41563081741333,258,512,512,512
8.41563081741333,258,512,512,512
8.41563081741333,258,512,512,512
8.41563081741333,258,511,512,512
8.41563081741333,258,512,512,512
8.41563081741333,258,511,512,512
8.41563081741333,258,511,512,512
8.41563081741333,258,512,512,512
8.41563081741333,258,511,512,512
8.41563081741333,258,511,512,512
8.41563081741333,258,511,512,512
8.41563081741333,258,511,512,512
8.41563081741333,258,511,512,512
8.41563081741333,258,512,512,512
8.41563081741333,258,512,512,512
8.429833889007568,258,512,512,512
8.429833889007568,258,512,512,512
8.429833889007568,258,512,512,512
8.429833889007568,258,512,512,512
8.429833889007568,258,512,512,512
8.429833889007568,258,512,512,512
8.429833889007568,258,512,512,512
8.429833889007568,258,512,512,512
8.429833889007568,258,512,512,512
8.429833889007568,258,512,512,512
8.429833889007568,258,512,512,512
8.429833889007568,258,512,512,512
8.429833889007568,258,512,512,512
8.429833889007568,258,512,512,512
8.429833889007568,258,512,512,512
8.429833889007568,258,512,512,512
8.429833889007568,258,511,512,512
8.429833889007568,258,512,512,512
8.429833889007568,258,512,512,512
8.445924043655396,258,512,512,512
8.445924043655396,258,511,512,512
8.445924043655396,258,512,512,512
8.445924043655396,258,512,512,512
8.445924043655396,258,512,512,512
8.445924043655396,258,512,512,512
8.445924043655396,258,512,512,512
8.445924043655396,258,512,512,512
8.445924043655396,258,512,512,512
8.445924043655396,258,512,512,512
8.445924043655396,258,512,512,512
8.445924043655396,258,511,512,512
8.445924043655396,259,511,512,512
8.445924043655396,259,511,512,512
8.445924043655396,259,511,512,512
8.445924043655396,258,511,512,512
8.445924043655396,258,512,512,512
8.445924043655396,258,512,512,512
8.461758375167847,258,512,512,512
8.461758375167847,258,512,512,512
8.461758375167847,258,512,512,512
8.461758375167847,258,511,512,512
8.461758375167847,258,511,512,512
8.461758375167847,258,512,512,512
8.461758375167847,258,512,512,512
8.461758375167847,258,512,512,512
8.461758375167847,258,512,512,512
8.461758375167847,258,512,512,512
8.461758375167847,258,512,512,512
8.461758375167847,258,512,512,512
8.461758375167847,258,512,512,512
8.461758375167847,258,512,512,512
8.461758375167847,258,512,512,512
8.461758375167847,259,512,512,512
8.461758375167847,258,512,512,512
8.461758375167847,258,512,512,512
8.461758375167847,258,512,512,512
8.477460384368896,258,512,512,512
8.477460384368896,258,512,512,512
8.477460384368896,258,512,512,512
8.477460384368896,258,512,512,512
8.477460384368896,258,512,512,512
8.477460384368896,258,512,512,512
8.477460384368896,258,512,512,512
8.477460384368896,258,512,512,512
8.477460384368896,258,512,512,512
8.477460384368896,258,512,512,512
8.477460384368896,258,511,512,512
8.477460384368896,258,512,512,512
8.477460384368896,258,512,512,512
8.477460384368896,258,511,512,512
8.477460384368896,258,512,512,512
8.477460384368896,258,512,512,512
8.477460384368896,258,512,512,512
8.477460384368896,258,512,512,512
8.493346691131592,258,512,512,512
8.493346691131592,258,512,512,512
8.495155096054077,258,511,512,512
8.495155096054077,258,511,512,512
8.495155096054077,258,512,512,512
8.495155096054077,258,512,512,512
8.495155096054077,258,511,512,512
8.495155096054077,258,511,512,512
8.495155096054077,258,511,512,512
8.495155096054077,258,511,512,512
8.495155096054077,258,512,512,512
8.495155096054077,258,512,512,512
8.495155096054077,258,512,512,512
8.495155096054077,258,512,512,512
8.495155096054077,258,512,512,512
8.495155096054077,258,512,512,512
8.495155096054077,258,512,512,512
8.495155096054077,258,512,512,512
8.495155096054077,258,512,512,512
8.50929307937622,258,512,512,512
8.510534524917603,258,512,512,512
8.511074781417847,258,512,512,512
8.511591672897339,258,512,512,512
8.511591672897339,258,512,512,512
8.511591672897339,258,512,512,512
8.511591672897339,258,512,512,512
8.511591672897339,258,512,512,512
8.511591672897339,258,512,512,512
8.511591672897339,258,512,512,512
8.511591672897339,258,512,512,512
8.511591672897339,258,512,512,512
8.511591672897339,258,512,512,512
8.511591672897339,258,512,512,512
8.511591672897339,258,512,512,512
8.511591672897339,258,512,512,512
8.511591672897339,258,512,512,512
8.511591672897339,258,512,512,512
8.525159358978271,258,512,512,512
8.525159358978271,258,512,512,512
8.526623487472534,258,512,512,512
8.526623487472534,258,512,512,512
8.526623487472534,258,512,512,512
8.526623487472534,258,512,512,512
8.526623487472534,258,512,512,512
8.526623487472534,258,512,512,512
8.526623487472534,258,512,512,512
8.526623487472534,258,512,512,512
8.526623487472534,258,512,512,512
8.526623487472534,258,512,512,512
8.526623487472534,258,511,512,512
8.526623487472534,258,511,512,512
8.526623487472534,258,511,512,512
8.526623487472534,258,511,512,512
8.526623487472534,258,511,512,512
8.526623487472534,258,512,512,512
8.526623487472534,258,512,512,512
8.54167127609253,258,512,512,512
8.54167127609253,258,512,512,512
8.54167127609253,258,512,512,512
8.54318642616272,258,512,512,512
8.54318642616272,258,512,512,512
8.54318642616272,258,512,512,512
8.54318642616272,258,512,512,512
8.54318642616272,258,512,512,512
8.54318642616272,258,512,512,512
8.54318642616272,258,512,512,512
8.549210548400879,258,512,512,512
8.549210548400879,258,512,512,512
8.549210548400879,258,512,512,512
8.549210548400879,258,512,512,512
8.549210548400879,258,512,512,512
8.549210548400879,258,512,512,512
8.549210548400879,258,512,512,512
8.549210548400879,258,512,512,512
8.549210548400879,258,512,512,512
8.549210548400879,258,512,512,512
8.557483673095703,258,513,512,512
8.557483673095703,258,512,512,512
8.559009313583374,258,512,512,512
8.560199499130249,258,512,512,512
8.560199499130249,258,512,512,512
8.560199499130249,258,512,512,512
8.560199499130249,258,512,512,512
8.560199499130249,258,512,512,512
8.560199499130249,258,512,512,512
8.560199499130249,258,512,512,512
8.56595754623413,258,512,512,512
8.56595754623413,258,512,512,512
8.56595754623413,258,512,512,512
8.56595754623413,258,512,512,512
8.56595754623413,258,512,512,512
8.56595754623413,258,512,512,512
8.56595754623413,258,511,512,512
8.56595754623413,258,512,512,512
8.56595754623413,258,512,512,512
8.57420015335083,258,512,512,512
8.57420015335083,258,512,512,512
8.57420015335083,258,513,512,512
8.57420015335083,258,512,512,512
8.57420015335083,258,512,512,512
8.57420015335083,258,512,512,512
8.57420015335083,258,512,512,512
8.57420015335083,258,512,512,512
8.57420015335083,258,512,512,512
8.57420015335083,258,512,512,512
8.582249879837036,258,512,512,512
8.582249879837036,258,512,512,512
8.582249879837036,258,512,512,512
8.582249879837036,258,512,512,512
8.582249879837036,258,512,512,512
8.582249879837036,258,512,512,512
8.582249879837036,258,512,512,512
8.582249879837036,258,513,512,512
8.582249879837036,258,512,512,512
8.582249879837036,258,512,512,512
8.582249879837036,258,512,512,512
8.582249879837036,258,512,512,512
8.582249879837036,258,512,512,512
8.582249879837036,258,512,512,512
8.582249879837036,257,512,512,512
8.582249879837036,258,512,512,512
8.582249879837036,258,512,512,512
8.582249879837036,258,512,512,512
8.582249879837036,258,512,512,512
8.598348379135132,258,512,512,512
8.599883317947388,258,512,512,512
8.600636005401611,258,512,512,512
8.600636005401611,258,512,512,512
8.600636005401611,258,512,512,512
8.600636005401611,258,512,512,512
8.600636005401611,258,512,512,512
8.600636005401611,258,512,512,512
8.600636005401611,258,513,512,512
8.600636005401611,258,513,512,512
8.600636005401611,258,512,512,512
8.600636005401611,258,512,512,512
8.600636005401611,258,512,512,512
8.600636005401611,258,512,512,512
8.600636005401611,258,512,512,512
8.600636005401611,257,512,512,512
8.61180591583252,257,512,512,512
8.61180591583252,257,512,512,512
8.61180591583252,257,512,512,512
8.614391326904297,257,512,512,512
8.614391326904297,258,512,512,512
8.614391326904297,257,512,512,512
8.614391326904297,257,512,512,512
8.614391326904297,257,513,512,512
8.614391326904297,257,512,512,512
8.614391326904297,257,512,512,512
8.614391326904297,258,512,512,512
8.614391326904297,258,512,512,512
8.614391326904297,258,512,512,512
8.614391326904297,258,512,512,512
8.614391326904297,258,512,512,512
8.614391326904297,258,512,512,512
8.614391326904297,258,512,512,512
8.614391326904297,258,512,512,512
8.614391326904297,258,512,512,512
8.614391326904297,257,512,512,512
8.614391326904297,258,512,512,512
8.630261898040771,258,512,512,512
8.631032228469849,258,512,512,512
8.631866931915283,258,512,512,512
8.633069515228271,258,512,512,512
8.633835077285767,258,512,512,512
8.633835077285767,258,512,512,512
8.633835077285767,258,512,512,512
8.633835077285767,258,512,512,512
8.633835077285767,258,512,512,512
8.633835077285767,258,512,512,512
8.6383376121521,258,512,512,512
8.6383376121521,258,512,512,512
8.6383376121521,258,512,512,512
8.642140626907349,258,512,512,512
8.642140626907349,258,512,512,512
8.642603397369385,258,513,512,512
8.642603397369385,258,512,512,512
8.642603397369385,258,512,512,512
8.642603397369385,258,512,512,512
8.642603397369385,258,512,512,512
8.646794557571411,258,512,512,512
8.646794557571411,258,512,512,512
8.646794557571411,258,512,512,512
8.646794557571411,258,512,512,512
8.646794557571411,258,511,512,512
8.646794557571411,258,512,512,512
8.646794557571411,258,512,512,512
8.646794557571411,258,512,512,512
8.646794557571411,258,512,512,512
8.655042886734009,258,512,512,512
8.656052827835083,258,512,512,512
8.656452178955078,258,512,512,512
8.656452178955078,258,512,512,512
8.658677101135254,258,512,512,512
8.658677101135254,258,512,512,512
8.658677101135254,258,512,512,512
8.658677101135254,258,512,512,512
8.658677101135254,258,512,512,512
8.658677101135254,258,512,512,512
8.663196563720703,258,512,512,512
8.663196563720703,258,512,512,512
8.663196563720703,258,512,512,512
8.663196563720703,258,512,512,512
8.663196563720703,258,512,512,512
8.663196563720703,258,512,512,512
8.663196563720703,258,512,512,512
8.663196563720703,258,512,512,512
8.663196563720703,258,512,512,512
8.671274423599243,258,512,512,512
8.671274423599243,258,512,512,512
8.671274423599243,258,512,512,512
8.671274423599243,258,512,512,512
8.671274423599243,258,512,512,512
8.675250768661499,258,512,512,512
8.676350355148315,258,512,512,512
8.6769700050354,258,512,512,512
8.6769700050354,258,512,512,512
8.6769700050354,258,512,512,512
8.6769700050354,258,512,512,512
8.6769700050354,258,512,512,512
8.6769700050354,258,512,512,512
8.6769700050354,258,512,512,512
8.6769700050354,258,512,512,512
8.6769700050354,258,512,512,512
8.6769700050354,258,512,512,512
8.6769700050354,258,512,512,512
8.6769700050354,258,512,512,512
8.687177419662476,258,512,512,512
8.687177419662476,258,512,512,512
8.687177419662476,258,512,512,512
8.687177419662476,258,512,512,512
8.687177419662476,258,512,512,512
8.687177419662476,258,512,512,512
8.687177419662476,258,512,512,512
8.687177419662476,258,512,512,512
8.687177419662476,258,512,512,512
8.687177419662476,258,512,512,512
8.687177419662476,258,511,512,512
8.687177419662476,258,512,512,512
8.687177419662476,258,512,512,512
8.687177419662476,258,512,512,512
8.687177419662476,258,512,512,512
8.687177419662476,258,512,512,512
8.687177419662476,258,512,512,512
8.687177419662476,258,512,512,512
8.687177419662476,258,512,512,512
8.702964067459106,258,512,512,512
8.702964067459106,258,512,512,512
8.702964067459106,258,512,512,512
8.702964067459106,258,512,512,512
8.702964067459106,258,512,512,512
8.702964067459106,258,512,512,512
8.702964067459106,258,512,512,512
8.702964067459106,258,512,512,512
8.702964067459106,258,512,512,512
8.702964067459106,258,512,512,512
8.71209454536438,258,512,512,512
8.71209454536438,258,512,512,512
8.71209454536438,258,512,512,512
8.71209454536438,258,512,512,512
8.71209454536438,258,512,512,512
8.71209454536438,257,512,512,512
8.71209454536438,257,512,512,512
8.71209454536438,257,512,512,512
8.718843936920166,257,512,512,512
8.719855308532715,258,512,512,512
8.720600366592407,258,512,512,512
8.720600366592407,258,512,512,512
8.720600366592407,258,512,512,512
8.720600366592407,258,512,512,512
8.720600366592407,258,512,512,512
8.720600366592407,258,512,512,512
8.720600366592407,257,512,512,512
8.720600366592407,257,512,512,512
8.720600366592407,257,512,512,512
8.720600366592407,257,512,512,512
8.720600366592407,258,512,512,512
8.720600366592407,258,512,512,512
8.720600366592407,258,512,512,512
8.720600366592407,258,512,512,512
8.720600366592407,258,512,512,512
8.720600366592407,258,512,512,512
8.720600366592407,258,512,512,512
8.73462963104248,258,512,512,512
8.73462963104248,258,512,512,512
8.73462963104248,258,512,512,512
8.73462963104248,258,512,512,512
8.73462963104248,258,512,512,512
8.73462963104248,258,512,512,512
8.73462963104248,258,513,512,512
8.73462963104248,258,512,512,512
8.73462963104248,258,512,512,512
8.73462963104248,258,512,512,512
8.73462963104248,258,512,512,512
8.73462963104248,258,512,512,512
8.73462963104248,258,512,512,512
8.73462963104248,258,512,512,512
8.73462963104248,258,512,512,512
8.73462963104248,258,512,512,512
8.73462963104248,258,512,512,512
8.73462963104248,258,512,512,512
8.73462963104248,258,512,512,512
8.750646591186523,258,512,512,512
8.751993656158447,258,512,512,512
8.752500295639038,258,512,512,512
8.752500295639038,258,512,512,512
8.752500295639038,258,512,512,512
8.752500295639038,258,512,512,512
8.752500295639038,258,512,512,512
8.752500295639038,258,512,512,512
8.752500295639038,258,512,512,512
8.752500295639038,258,512,512,512
8.752500295639038,258,512,512,512
8.752500295639038,258,512,512,512
8.752500295639038,258,512,512,512
8.752500295639038,258,512,512,512
8.752500295639038,258,512,512,512
8.752500295639038,258,512,512,512
8.752500295639038,258,512,512,512
8.752500295639038,258,512,512,512
8.766305923461914,258,512,512,512
8.766305923461914,258,512,512,512
8.766305923461914,258,512,512,512
8.766305923461914,258,512,512,512
8.766305923461914,258,512,512,512
8.766305923461914,258,512,512,512
8.766305923461914,258,512,512,512
8.766305923461914,258,512,512,512
8.766305923461914,258,512,512,512
8.766305923461914,258,512,512,512
8.766305923461914,258,512,512,512
8.766305923461914,258,512,512,512
8.766305923461914,258,512,512,512
8.766305923461914,258,512,512,512
8.766305923461914,258,512,512,512
8.766305923461914,258,512,512,512
8.766305923461914,258,512,512,512
8.766305923461914,258,512,512,512
8.766305923461914,258,512,512,512
8.782050848007202,258,512,512,512
8.782050848007202,258,512,512,512
8.782050848007202,258,512,512,512
8.782050848007202,258,512,512,512
8.782050848007202,258,512,512,512
8.782050848007202,258,512,512,512
8.782050848007202,258,512,512,512
8.782050848007202,258,512,512,512
8.782050848007202,258,512,512,512
8.782050848007202,258,512,512,512
8.782050848007202,258,512,512,512
8.782050848007202,258,512,512,512
8.782050848007202,258,512,512,512
8.782050848007202,258,512,512,512
8.782050848007202,258,512,512,512
8.782050848007202,258,512,512,512
8.782050848007202,258,512,512,512
8.782050848007202,258,512,512,512
8.797695636749268,258,512,512,512
8.798608779907227,258,512,512,512
8.799046277999878,258,512,512,512
8.799046277999878,258,512,512,512
8.801527500152588,258,512,512,512
8.80201005935669,258,512,512,512
8.80201005935669,258,512,512,512
8.80201005935669,258,512,512,512
8.80201005935669,258,511,512,512
8.80201005935669,258,512,512,512
8.805776596069336,258,512,512,512
8.805776596069336,258,512,512,512
8.808777570724487,258,512,512,512
8.808777570724487,258,512,512,512
8.808777570724487,258,512,512,512
8.808777570724487,258,512,512,512
8.808777570724487,258,512,512,512
8.812275886535645,258,512,512,512
8.812275886535645,258,512,512,512
8.81403112411499,258,512,512,512
8.81403112411499,258,512,512,512
8.81403112411499,258,512,512,512
8.81403112411499,258,512,512,512
8.81403112411499,258,512,512,512
8.81403112411499,258,512,512,512
8.81403112411499,258,512,512,512
8.81403112411499,258,512,512,512
8.81403112411499,258,512,512,512
8.81403112411499,258,512,512,512
8.82269024848938,258,512,512,512
8.823181390762329,258,512,512,512
8.823181390762329,258,512,512,512
8.823181390762329,258,513,512,512
8.825703620910645,258,512,512,512
8.826581239700317,258,512,512,512
8.826581239700317,258,512,512,512
8.826581239700317,258,512,512,512
8.826581239700317,258,512,512,512
8.826581239700317,258,512,512,512
8.826581239700317,258,512,512,512
8.826581239700317,258,512,512,512
8.826581239700317,258,512,512,512
8.826581239700317,258,512,512,512
8.826581239700317,258,512,512,512
8.826581239700317,258,512,512,512
8.826581239700317,258,512,512,512
8.826581239700317,257,512,512,512
8.837761402130127,257,512,512,512
8.83850908279419,257,512,512,512
8.83850908279419,257,512,512,512
8.83850908279419,258,512,512,512
8.83850908279419,258,512,512,512
8.83850908279419,258,512,512,512
8.83850908279419,258,512,512,512
8.83850908279419,258,512,512,512
8.83850908279419,258,512,512,512
8.83850908279419,258,512,512,512
8.83850908279419,258,512,512,512
8.83850908279419,258,511,512,512
8.83850908279419,258,511,512,512
8.83850908279419,258,512,512,512
8.83850908279419,258,512,512,512
8.83850908279419,258,511,512,512
8.83850908279419,258,512,512,512
8.83850908279419,258,512,512,512
8.83850908279419,258,512,512,512
8.853529214859009,258,512,512,512
8.853529214859009,258,512,512,512
8.853529214859009,258,512,512,512
8.853529214859009,258,512,512,512
8.853529214859009,258,512,512,512
8.853529214859009,258,512,512,512
8.853529214859009,258,512,512,512
8.853529214859009,258,512,512,512
8.853529214859009,258,512,512,512
8.853529214859009,258,512,512,512
8.853529214859009,258,512,512,512
8.853529214859009,258,512,512,512
8.853529214859009,258,512,512,512
8.853529214859009,258,512,512,512
8.853529214859009,258,512,512,512
8.853529214859009,258,512,512,512
8.853529214859009,258,512,512,512
8.853529214859009,258,512,512,512
8.869431495666504,258,512,512,512
8.870421648025513,258,512,512,512
8.871188402175903,258,512,512,512
8.871188402175903,258,512,512,512
8.871188402175903,258,512,512,512
8.871188402175903,258,512,512,512
8.871188402175903,258,512,512,512
8.871188402175903,258,512,512,512
8.871188402175903,258,512,512,512
8.871188402175903,258,512,512,512
8.871188402175903,258,512,512,512
8.871188402175903,258,512,512,512
8.871188402175903,259,512,512,512
8.871188402175903,259,512,512,512
8.871188402175903,258,511,512,512
8.871188402175903,258,511,512,512
8.871188402175903,258,512,512,512
8.871188402175903,258,511,512,512
8.871188402175903,258,512,512,512
8.885221242904663,258,512,512,512
8.885221242904663,258,512,512,512
8.885221242904663,258,512,512,512
8.885221242904663,258,512,512,512
8.885221242904663,258,512,512,512
8.885221242904663,258,512,512,512
8.885221242904663,258,512,512,512
8.885221242904663,258,512,512,512
8.885221242904663,258,512,512,512
8.885221242904663,258,512,512,512
8.885221242904663,258,512,512,512
8.885221242904663,258,512,512,512
8.885221242904663,258,512,512,512
8.885221242904663,258,512,512,512
8.885221242904663,258,512,512,512
8.885221242904663,258,512,512,512
8.885221242904663,258,512,512,512
8.885221242904663,258,512,512,512
8.885221242904663,258,512,512,512
8.901237964630127,258,512,512,512
8.902566194534302,258,512,512,512
8.902566194534302,258,512,512,512
8.902566194534302,258,512,512,512
8.902566194534302,258,512,512,512
8.902566194534302,258,512,512,512
8.902566194534302,258,512,512,512
8.902566194534302,258,512,512,512
8.902566194534302,258,512,512,512
8.902566194534302,258,512,512,512
8.902566194534302,258,512,512,512
8.902566194534302,258,512,512,512
8.902566194534302,258,512,512,512
8.912217378616333,258,512,512,512
8.912217378616333,258,512,512,512
8.912217378616333,258,512,512,512
8.912217378616333,258,512,512,512
8.912217378616333,258,512,512,512
8.912217378616333,258,512,512,512
8.917295217514038,258,511,512,512
8.917295217514038,258,511,512,512
8.917295217514038,258,512,512,512
8.917295217514038,258,511,512,512
8.917295217514038,258,511,512,512
8.917295217514038,258,512,512,512
8.917295217514038,258,512,512,512
8.917295217514038,258,512,512,512
8.917295217514038,258,512,512,512
8.917295217514038,258,512,512,512
8.917295217514038,258,512,512,512
8.917295217514038,258,512,512,512
8.917295217514038,258,512,512,512
8.917295217514038,258,512,512,512
8.917295217514038,258,512,512,512
8.917295217514038,258,512,512,512
8.917295217514038,258,512,512,512
8.917295217514038,258,512,512,512
8.933127880096436,258,512,512,512
8.934191942214966,258,512,512,512
8.934709548950195,258,512,512,512
8.934709548950195,258,512,512,512
8.934709548950195,258,512,512,512
8.934709548950195,258,512,512,512
8.934709548950195,258,512,512,512
8.934709548950195,258,512,512,512
8.934709548950195,258,512,512,512
8.934709548950195,258,512,512,512
8.934709548950195,258,512,512,512
8.934709548950195,258,512,512,512
8.934709548950195,258,512,512,512
8.934709548950195,258,512,512,512
8.934709548950195,258,512,512,512
8.934709548950195,258,512,512,512
8.934709548950195,258,512,512,512
8.934709548950195,258,512,512,512
8.934709548950195,258,512,512,512
8.948812484741211,258,512,512,512
8.948812484741211,258,512,512,512
8.948812484741211,258,512,512,512
8.948812484741211,258,512,512,512
8.948812484741211,258,512,512,512
8.948812484741211,258,512,512,512
8.948812484741211,258,512,512,512
8.948812484741211,258,512,512,512
8.948812484741211,258,512,512,512
8.948812484741211,258,512,512,512
8.948812484741211,258,512,512,512
8.948812484741211,258,512,512,512
8.948812484741211,258,512,512,512
8.948812484741211,258,512,512,512
8.948812484741211,258,512,512,512
8.948812484741211,258,512,512,512
8.948812484741211,258,512,512,512
8.948812484741211,258,512,512,512
8.96461534500122,258,512,512,512
8.9656400680542,258,512,512,512
8.966450214385986,258,512,512,512
8.966450214385986,258,512,512,512
8.966450214385986,258,512,512,512
8.966450214385986,258,512,512,512
8.966450214385986,258,512,512,512
8.966450214385986,258,512,512,512
8.966450214385986,258,512,512,512
8.966450214385986,258,512,512,512
8.966450214385986,258,512,512,512
8.966450214385986,258,512,512,512
8.966450214385986,258,512,512,512
8.966450214385986,258,511,512,512
8.966450214385986,258,512,512,512
8.966450214385986,258,512,512,512
8.966450214385986,258,512,512,512
8.966450214385986,258,512,512,512
8.966450214385986,258,512,512,512
8.980358362197876,258,512,512,512
8.980358362197876,258,512,512,512
8.980358362197876,258,512,512,512
8.980358362197876,258,512,512,512
8.980358362197876,258,512,512,512
8.980358362197876,258,512,512,512
8.980358362197876,258,512,512,512
8.980358362197876,258,512,512,512
8.980358362197876,258,512,512,512
8.980358362197876,258,512,512,512
8.980358362197876,258,512,512,512
8.980358362197876,258,512,512,512
8.980358362197876,258,512,512,512
8.980358362197876,258,511,512,512
8.980358362197876,259,511,512,512
8.980358362197876,259,511,512,512
8.980358362197876,259,511,512,512
8.980358362197876,259,512,512,512
8.99600601196289,258,512,512,512
8.997007608413696,258,512,512,512
8.997802495956421,258,512,512,512
8.997802495956421,258,512,512,512
8.997802495956421,258,512,512,512
8.997802495956421,259,512,512,512
8.997802495956421,259,512,512,512
8.997802495956421,259,512,512,512
8.997802495956421,259,512,512,512
8.997802495956421,259,512,512,512
8.997802495956421,259,512,512,512
8.997802495956421,258,512,512,512
8.997802495956421,258,512,512,512
8.997802495956421,258,512,512,512
8.997802495956421,258,512,512,512
8.997802495956421,258,512,512,512
8.997802495956421,259,512,512,512
8.997802495956421,259,512,512,512
8.997802495956421,259,512,512,512
8.997802495956421,259,512,512,512
9.012510538101196,259,512,512,512
9.013606786727905,259,512,512,512
9.013606786727905,259,512,512,512
9.013606786727905,259,512,512,512
9.013606786727905,259,512,512,512
9.013606786727905,259,512,512,512
9.013606786727905,259,512,512,512
9.013606786727905,259,512,512,512
9.013606786727905,259,512,512,512
9.013606786727905,258,512,512,512
9.013606786727905,258,512,512,512
9.013606786727905,259,512,512,512
9.013606786727905,259,512,512,512
9.013606786727905,259,512,512,512
9.013606786727905,259,512,512,512
9.013606786727905,259,512,512,512
9.013606786727905,259,512,512,512
9.013606786727905,259,512,512,512
9.028456211090088,259,512,512,512
9.029438257217407,259,512,512,512
9.030190467834473,259,512,512,512
9.030190467834473,259,512,512,512
9.030190467834473,259,512,512,512
9.030190467834473,259,511,512,512
9.030190467834473,259,511,512,512
9.030190467834473,259,511,512,512
9.030190467834473,259,511,512,512
9.030190467834473,259,511,512,512
9.030190467834473,259,512,512,512
9.030190467834473,259,512,512,512
9.030190467834473,259,512,512,512
9.030190467834473,259,512,512,512
9.030190467834473,259,512,512,512
9.030190467834473,259,512,512,512
9.030190467834473,259,512,512,512
9.030190467834473,258,512,512,512
9.030190467834473,258,512,512,512
9.044521808624268,258,512,512,512
9.044521808624268,258,512,512,512
9.044521808624268,258,512,512,512
9.044521808624268,258,512,512,512
9.044521808624268,258,512,512,512
9.044521808624268,258,512,512,512
9.044521808624268,258,512,512,512
9.044521808624268,258,512,512,512
9.044521808624268,258,511,512,512
9.044521808624268,258,511,512,512
9.044521808624268,258,512,512,512
9.044521808624268,258,512,512,512
9.044521808624268,258,512,512,512
9.044521808624268,258,512,512,512
9.044521808624268,258,512,512,512
9.044521808624268,258,512,512,512
9.044521808624268,258,512,512,512
9.044521808624268,258,512,512,512
9.044521808624268,258,512,512,512
9.060287952423096,258,512,512,512
9.061407566070557,258,512,512,512
9.061407566070557,258,512,512,512
9.061407566070557,258,512,512,512
9.061407566070557,258,512,512,512
9.061407566070557,258,512,512,512
9.061407566070557,258,511,512,512
9.061407566070557,258,511,512,512
9.061407566070557,258,512,512,512
9.061407566070557,258,512,512,512
9.061407566070557,258,512,512,512
9.061407566070557,258,512,512,512
9.061407566070557,258,512,512,512
9.061407566070557,258,511,512,512
9.061407566070557,258,511,512,512
9.061407566070557,258,511,512,512
9.076926708221436,258,512,512,512
9.076926708221436,258,512,512,512
9.076926708221436,258,511,512,512
9.076926708221436,258,511,512,512
9.076926708221436,258,512,512,512
9.076926708221436,258,512,512,512
9.079696416854858,258,512,512,512
9.079696416854858,258,512,512,512
9.080969333648682,258,512,512,512
9.081480026245117,258,512,512,512
9.081480026245117,258,512,512,512
9.083230257034302,258,512,512,512
9.083230257034302,258,512,512,512
9.083230257034302,258,512,512,512
9.085687398910522,258,512,512,512
9.085687398910522,258,512,512,512
9.085687398910522,258,512,512,512
9.088245153427124,258,511,512,512
9.088245153427124,258,512,512,512
9.090251684188843,258,512,512,512
9.091260433197021,258,512,512,512
9.092099666595459,258,512,512,512
9.092099666595459,259,512,512,512
9.092099666595459,259,512,512,512
9.092099666595459,259,512,512,512
9.092099666595459,259,512,512,512
9.092099666595459,259,512,512,512
9.092099666595459,259,512,512,512
9.092099666595459,259,512,512,512
9.092099666595459,259,512,512,512
9.10010552406311,258,512,512,512
9.10044550895691,258,512,512,512
9.10044550895691,258,512,512,512
9.10044550895691,258,512,512,512
9.10044550895691,258,511,512,512
9.10044550895691,259,512,512,512
9.10044550895691,259,512,512,512
9.10044550895691,259,511,512,512
9.10044550895691,259,511,512,512
9.107329845428467,258,511,512,512
9.107329845428467,258,511,512,512
9.107329845428467,258,512,512,512
9.107329845428467,258,512,512,512
9.107329845428467,258,512,512,512
9.107329845428467,259,512,512,512
9.11268663406372,259,512,512,512
9.11268663406372,259,512,512,512
9.11268663406372,259,512,512,512
9.11268663406372,259,512,512,512
9.115568161010742,259,512,512,512
9.115568161010742,259,512,512,512
9.115568161010742,258,512,512,512
9.115568161010742,259,511,512,512
9.115568161010742,259,511,512,512
9.115568161010742,259,512,512,512
9.115568161010742,259,511,512,512
9.115568161010742,259,512,512,512
9.115568161010742,259,512,512,512
9.115568161010742,259,512,512,512
9.115568161010742,259,512,512,512
9.115568161010742,259,512,512,512
9.115568161010742,259,512,512,512
9.115568161010742,259,512,512,512
9.115568161010742,259,512,512,512
9.115568161010742,259,512,512,512
9.115568161010742,259,512,512,512
9.115568161010742,259,512,512,512
9.115568161010742,259,512,512,512
9.13169813156128,259,512,512,512
9.132473707199097,259,512,512,512
9.132473707199097,259,511,512,512
9.134723424911499,259,512,512,512
9.13584303855896,259,512,512,512
9.13584303855896,259,512,512,512
9.13584303855896,259,511,512,512
9.13584303855896,259,512,512,512
9.13584303855896,259,511,512,512
9.139960289001465,259,511,512,512
9.139960289001465,259,512,512,512
9.142066955566406,259,512,512,512
9.142066955566406,259,512,512,512
9.142536640167236,259,512,512,512
9.142536640167236,259,512,512,512
9.142536640167236,259,511,512,512
9.142536640167236,259,511,512,512
9.142536640167236,259,511,512,512
9.142536640167236,259,512,512,512
9.148139953613281,258,511,512,512
9.148139953613281,258,511,512,512
9.148139953613281,258,511,512,512
9.148139953613281,258,512,512,512
9.148139953613281,258,511,512,512
9.148139953613281,259,512,512,512
9.148139953613281,259,512,512,512
9.148139953613281,258,512,512,512
9.148139953613281,258,512,512,512
9.148139953613281,259,512,512,512
9.156461000442505,258,512,512,512
9.156461000442505,258,512,512,512
9.156461000442505,258,512,512,512
9.159609079360962,258,512,512,512
9.160354375839233,258,512,512,512
9.160354375839233,258,512,512,512
9.160354375839233,258,512,512,512
9.160354375839233,258,512,512,512
9.160354375839233,258,512,512,512
9.160354375839233,259,512,512,512
9.164851188659668,258,512,512,512
9.164851188659668,258,512,512,512
9.164851188659668,258,512,512,512
9.164851188659668,258,512,512,512
9.164851188659668,258,512,512,512
9.164851188659668,258,512,512,512
9.164851188659668,258,511,512,512
9.164851188659668,258,512,512,512
9.164851188659668,258,512,512,512
9.172874689102173,258,512,512,512
9.172874689102173,258,512,512,512
9.175334453582764,258,512,512,512
9.175334453582764,258,512,512,512
9.175334453582764,258,512,512,512
9.175334453582764,258,512,512,512
9.175334453582764,258,512,512,512
9.175334453582764,258,512,512,512
9.175334453582764,258,512,512,512
9.175334453582764,258,512,512,512
9.175334453582764,258,512,512,512
9.175334453582764,258,512,512,512
9.175334453582764,258,512,512,512
9.175334453582764,258,512,512,512
9.175334453582764,258,512,512,512
9.175334453582764,258,511,512,512
9.175334453582764,258,511,512,512
9.175334453582764,258,511,512,512
9.175334453582764,258,511,512,512
9.188608169555664,258,511,512,512
9.188608169555664,258,512,512,512
9.188608169555664,258,512,512,512
9.188608169555664,258,512,512,512
9.188608169555664,258,512,512,512
9.188608169555664,258,512,512,512
9.188608169555664,258,512,512,512
9.188608169555664,258,512,512,512
9.188608169555664,258,512,512,512
9.188608169555664,258,512,512,512
9.188608169555664,258,512,512,512
9.188608169555664,258,512,512,512
9.188608169555664,258,512,512,512
9.188608169555664,258,512,512,512
9.188608169555664,258,512,512,512
9.188608169555664,258,512,512,512
9.188608169555664,258,512,512,512
9.188608169555664,258,512,512,512
9.20450758934021,258,512,512,512
9.20450758934021,258,512,512,512
9.20450758934021,258,512,512,512
9.20450758934021,258,512,512,512
9.20450758934021,258,512,512,512
9.20450758934021,258,512,512,512
9.20450758934021,258,512,512,512
9.20450758934021,258,512,512,512
9.20450758934021,258,512,512,512
9.20450758934021,258,512,512,512
9.212591648101807,258,512,512,512
9.212591648101807,258,512,512,512
9.212591648101807,258,512,512,512
9.212591648101807,258,512,512,512
9.212591648101807,258,512,512,512
9.212591648101807,258,512,512,512
9.212591648101807,258,512,512,512
9.212591648101807,258,512,512,512
9.212591648101807,258,512,512,512
9.220279932022095,258,512,512,512
9.220279932022095,259,511,512,512
9.2222900390625,259,511,512,512
9.223402976989746,259,511,512,512
9.224170684814453,259,511,512,512
9.224170684814453,259,512,512,512
9.224170684814453,259,512,512,512
9.224170684814453,259,512,512,512
9.224170684814453,258,512,512,512
9.224170684814453,258,512,512,512
9.224170684814453,258,512,512,512
9.224170684814453,258,512,512,512
9.224170684814453,258,511,512,512
9.224170684814453,258,512,512,512
9.224170684814453,258,512,512,512
9.224170684814453,258,512,512,512
9.224170684814453,258,512,512,512
9.224170684814453,258,512,512,512
9.224170684814453,258,512,512,512
9.236333847045898,258,512,512,512
9.236333847045898,259,512,512,512
9.236333847045898,259,512,512,512
9.236333847045898,259,512,512,512
9.236333847045898,259,512,512,512
9.236333847045898,259,512,512,512
9.236333847045898,259,512,512,512
9.236333847045898,259,512,512,512
9.236333847045898,259,512,512,512
9.236333847045898,259,512,512,512
9.236333847045898,259,512,512,512
9.236333847045898,259,512,512,512
9.236333847045898,259,512,512,512
9.236333847045898,259,512,512,512
9.236333847045898,259,512,512,512
9.236333847045898,259,512,512,512
9.236333847045898,259,512,512,512
9.236333847045898,259,512,512,512
9.252135276794434,259,512,512,512
9.253257274627686,259,512,512,512
9.253746747970581,259,512,512,512
9.253746747970581,259,512,512,512
9.253746747970581,259,512,512,512
9.253746747970581,259,512,512,512
9.253746747970581,259,512,512,512
9.253746747970581,259,512,512,512
9.253746747970581,259,512,512,512
9.253746747970581,259,512,512,512
9.253746747970581,259,511,512,512
9.253746747970581,259,512,512,512
9.253746747970581,259,512,512,512
9.253746747970581,259,512,512,512
9.253746747970581,259,511,512,512
9.253746747970581,259,511,512,512
9.253746747970581,259,511,512,512
9.253746747970581,259,512,512,512
9.253746747970581,259,512,512,512
9.26783561706543,258,512,512,512
9.26783561706543,258,512,512,512
9.26783561706543,258,512,512,512
9.26783561706543,258,511,512,512
9.26783561706543,258,512,512,512
9.26783561706543,258,512,512,512
9.26783561706543,258,512,512,512
9.26783561706543,258,512,512,512
9.26783561706543,258,512,512,512
9.26783561706543,258,512,512,512
9.26783561706543,258,512,512,512
9.26783561706543,258,512,512,512
9.26783561706543,259,512,512,512
9.26783561706543,258,511,512,512
9.26783561706543,258,511,512,512
9.26783561706543,258,512,512,512
9.26783561706543,258,512,512,512
9.26783561706543,258,511,512,512
9.283608675003052,258,512,512,512
9.283608675003052,258,512,512,512
9.283608675003052,258,512,512,512
9.283608675003052,258,512,512,512
9.283608675003052,258,512,512,512
9.283608675003052,258,512,512,512
9.283608675003052,258,512,512,512
9.283608675003052,258,512,512,512
9.283608675003052,258,512,512,512
9.283608675003052,258,512,512,512
9.283608675003052,258,512,512,512
9.283608675003052,258,512,512,512
9.283608675003052,258,512,512,512
9.283608675003052,258,512,512,512
9.283608675003052,258,512,512,512
9.283608675003052,258,512,512,512
9.283608675003052,258,512,512,512
9.283608675003052,258,512,512,512
9.283608675003052,258,512,512,512
9.299386739730835,258,512,512,512
9.300531148910522,258,512,512,512
9.300531148910522,258,511,512,512
9.300531148910522,258,511,512,512
9.300531148910522,258,511,512,512
9.300531148910522,258,511,512,512
9.305062055587769,258,512,512,512
9.305791854858398,258,512,512,512
9.305791854858398,258,512,512,512
9.307547092437744,258,512,512,512
9.307547092437744,258,512,512,512
9.308911561965942,258,512,512,512
9.308911561965942,258,512,512,512
9.308911561965942,258,512,512,512
9.308911561965942,258,512,512,512
9.312724113464355,258,512,512,512
9.312724113464355,258,512,512,512
9.312724113464355,258,512,512,512
9.312724113464355,258,511,512,512
9.315781593322754,258,511,512,512
9.315781593322754,258,512,512,512
9.315781593322754,258,512,512,512
9.315781593322754,258,512,512,512
9.315781593322754,258,511,512,512
9.315781593322754,258,512,512,512
9.315781593322754,258,512,512,512
9.315781593322754,258,512,512,512
9.315781593322754,258,512,512,512
9.315781593322754,258,512,512,512
9.323988914489746,258,512,512,512
9.323988914489746,258,512,512,512
9.325607538223267,258,512,512,512
9.325607538223267,259,512,512,512
9.325607538223267,259,512,512,512
9.325607538223267,258,512,512,512
9.325607538223267,258,512,512,512
9.325607538223267,258,512,512,512
9.325607538223267,258,512,512,512
9.325607538223267,259,512,512,512
9.325607538223267,259,512,512,512
9.325607538223267,259,511,512,512
9.325607538223267,259,511,512,512
9.325607538223267,258,512,512,512
9.325607538223267,258,512,512,512
9.325607538223267,258,512,512,512
9.325607538223267,258,512,512,512
9.325607538223267,258,512,512,512
9.339750051498413,258,512,512,512
9.3407564163208,258,512,512,512
9.3407564163208,258,512,512,512
9.342315196990967,258,512,512,512
9.342315196990967,258,512,512,512
9.342315196990967,258,512,512,512
9.342315196990967,258,512,512,512
9.342315196990967,258,512,512,512
9.342315196990967,258,512,512,512
9.342315196990967,258,512,512,512
9.342315196990967,258,512,512,512
9.342315196990967,259,512,512,512
9.342315196990967,259,512,512,512
9.342315196990967,259,512,512,512
9.342315196990967,259,512,512,512
9.342315196990967,259,512,512,512
9.342315196990967,259,512,512,512
9.342315196990967,259,512,512,512
9.342315196990967,258,512,512,512
9.355536460876465,258,512,512,512
9.356470823287964,258,512,512,512
9.356470823287964,258,512,512,512
9.356470823287964,258,512,512,512
9.356470823287964,258,512,512,512
9.356470823287964,258,512,512,512
9.356470823287964,258,512,512,512
9.356470823287964,258,512,512,512
9.356470823287964,258,512,512,512
9.356470823287964,259,512,512,512
9.356470823287964,259,511,512,512
9.356470823287964,259,511,512,512
9.356470823287964,259,512,512,512
9.356470823287964,259,512,512,512
9.356470823287964,259,511,512,512
9.356470823287964,258,511,512,512
9.356470823287964,259,512,512,512
9.356470823287964,259,512,512,512
9.371204137802124,259,512,512,512
9.372191905975342,259,512,512,512
9.372682332992554,259,512,512,512
9.372682332992554,259,511,512,512
9.372682332992554,259,511,512,512
9.372682332992554,259,511,512,512
9.372682332992554,258,511,512,512
9.372682332992554,258,512,512,512
9.372682332992554,258,512,512,512
9.372682332992554,258,512,512,512
9.372682332992554,258,512,512,512
9.372682332992554,258,512,512,512
9.372682332992554,259,512,512,512
9.372682332992554,259,512,512,512
9.372682332992554,259,512,512,512
9.372682332992554,259,512,512,512
9.372682332992554,259,512,512,512
9.372682332992554,258,512,512,512
9.372682332992554,258,512,512,512
9.386931419372559,258,512,512,512
9.386931419372559,258,512,512,512
9.386931419372559,258,512,512,512
9.386931419372559,258,512,512,512
9.386931419372559,258,512,512,512
9.386931419372559,258,512,512,512
9.386931419372559,258,512,512,512
9.386931419372559,258,512,512,512
9.386931419372559,258,512,512,512
9.386931419372559,258,512,512,512
9.386931419372559,258,512,512,512
9.386931419372559,258,512,512,512
9.386931419372559,258,512,512,512
9.386931419372559,258,512,512,512
9.386931419372559,258,512,512,512
9.386931419372559,258,512,512,512
9.386931419372559,258,512,512,512
9.386931419372559,258,512,512,512
9.386931419372559,258,512,512,512
9.403001546859741,258,512,512,512
9.40442705154419,258,512,512,512
9.4053316116333,258,512,512,512
9.406376361846924,258,512,512,512
9.406376361846924,258,512,512,512
9.406376361846924,258,512,512,512
9.406376361846924,258,512,512,512
9.406376361846924,258,512,512,512
9.406376361846924,258,512,512,512
9.406376361846924,258,512,512,512
9.406376361846924,258,512,512,512
9.412795782089233,258,512,512,512
9.412795782089233,258,512,512,512
9.412795782089233,258,512,512,512
9.412795782089233,258,512,512,512
9.412795782089233,258,512,512,512
9.412795782089233,257,511,512,512
9.412795782089233,257,511,512,512
9.418886423110962,257,511,512,512
9.418886423110962,258,511,512,512
9.418886423110962,257,512,512,512
9.418886423110962,257,512,512,512
9.418886423110962,257,512,512,512
9.418886423110962,257,512,512,512
9.418886423110962,257,512,512,512
9.418886423110962,257,512,512,512
9.418886423110962,257,512,512,512
9.418886423110962,258,512,512,512
9.418886423110962,258,512,512,512
9.418886423110962,258,512,512,512
9.428896427154541,258,512,512,512
9.429949522018433,258,512,512,512
9.429949522018433,258,512,512,512
9.429949522018433,258,512,512,512
9.429949522018433,258,512,512,512
9.429949522018433,257,512,512,512
9.429949522018433,258,512,512,512
9.43461012840271,258,512,512,512
9.43461012840271,257,512,512,512
9.436976909637451,257,512,512,512
9.437747716903687,257,512,512,512
9.437747716903687,257,512,512,512
9.437747716903687,258,512,512,512
9.437747716903687,258,512,512,512
9.437747716903687,258,512,512,512
9.437747716903687,258,512,512,512
9.437747716903687,257,512,512,512
9.437747716903687,258,512,512,512
9.437747716903687,258,512,512,512
9.437747716903687,258,513,512,512
9.437747716903687,258,513,512,512
9.437747716903687,258,512,512,512
9.437747716903687,258,512,512,512
9.437747716903687,258,512,512,512
9.437747716903687,258,511,512,512
9.437747716903687,258,511,512,512
9.450664520263672,258,512,512,512
9.450664520263672,258,512,512,512
9.450664520263672,258,512,512,512
9.450664520263672,258,512,512,512
9.450664520263672,258,512,512,512
9.450664520263672,258,512,512,512
9.450664520263672,258,512,512,512
9.450664520263672,258,512,512,512
9.450664520263672,258,512,512,512
9.450664520263672,258,512,512,512
9.450664520263672,258,512,512,512
9.450664520263672,258,512,512,512
9.450664520263672,258,512,512,512
9.450664520263672,258,512,512,512
9.450664520263672,258,512,512,512
9.450664520263672,258,512,512,512
9.450664520263672,258,512,512,512
9.450664520263672,258,512,512,512
9.466344356536865,258,512,512,512
9.467654466629028,258,512,512,512
9.46813440322876,258,512,512,512
9.46813440322876,258,512,512,512
9.46813440322876,258,512,512,512
9.46813440322876,258,512,512,512
9.46813440322876,258,512,512,512
9.46813440322876,258,512,512,512
9.46813440322876,258,512,512,512
9.46813440322876,258,512,512,512
9.46813440322876,258,512,512,512
9.46813440322876,258,512,512,512
9.46813440322876,258,512,512,512
9.46813440322876,258,512,512,512
9.46813440322876,258,512,512,512
9.46813440322876,258,512,512,512
9.46813440322876,258,512,512,512
9.46813440322876,258,512,512,512
9.46813440322876,258,512,512,512
9.482213973999023,258,512,512,512
9.482213973999023,258,512,512,512
9.482213973999023,258,512,512,512
9.482213973999023,258,512,512,512
9.482213973999023,258,512,512,512
9.482213973999023,258,512,512,512
9.482213973999023,258,512,512,512
9.482213973999023,258,512,512,512
9.482213973999023,258,512,512,512
9.482213973999023,258,512,512,512
9.482213973999023,258,512,512,512
9.482213973999023,258,512,512,512
9.482213973999023,258,512,512,512
9.482213973999023,258,512,512,512
9.482213973999023,258,512,512,512
9.482213973999023,258,512,512,512
9.482213973999023,258,512,512,512
9.482213973999023,258,512,512,512
9.497998476028442,258,512,512,512
9.498929738998413,258,512,512,512
9.499521970748901,258,512,512,512
9.499521970748901,258,512,512,512
9.499521970748901,258,512,512,512
9.499521970748901,258,512,512,512
9.499521970748901,258,512,512,512
9.499521970748901,258,512,512,512
9.499521970748901,258,512,512,512
9.499521970748901,258,512,512,512
9.499521970748901,258,512,512,512
9.499521970748901,258,512,512,512
9.499521970748901,258,512,512,512
9.499521970748901,258,512,512,512
9.499521970748901,258,512,512,512
9.499521970748901,258,512,512,512
9.499521970748901,258,512,512,512
9.499521970748901,258,512,512,512
9.512741804122925,258,512,512,512
9.513752460479736,258,512,512,512
9.513752460479736,258,512,512,512
9.513752460479736,258,512,512,512
9.513752460479736,258,512,512,512
9.513752460479736,258,512,512,512
9.513752460479736,258,512,512,512
9.513752460479736,258,512,512,512
9.513752460479736,257,512,512,512
9.513752460479736,257,512,512,512
9.513752460479736,257,512,512,512
9.513752460479736,258,512,512,512
9.513752460479736,258,512,512,512
9.513752460479736,258,512,512,512
9.513752460479736,258,513,512,512
9.513752460479736,258,512,512,512
9.513752460479736,258,512,512,512
9.513752460479736,258,512,512,512
9.513752460479736,258,512,512,512
9.529420137405396,258,512,512,512
9.530409574508667,258,512,512,512
9.53091311454773,258,512,512,512
9.53091311454773,258,511,512,512
9.53091311454773,258,511,512,512
9.53091311454773,258,512,512,512
9.53091311454773,258,512,512,512
9.53091311454773,258,512,512,512
9.53091311454773,258,512,512,512
9.53091311454773,258,512,512,512
9.53091311454773,258,512,512,512
9.53091311454773,258,512,512,512
9.53091311454773,258,512,512,512
9.53091311454773,258,512,512,512
9.53091311454773,258,512,512,512
9.53091311454773,258,512,512,512
9.53091311454773,258,512,512,512
9.53091311454773,258,512,512,512
9.53091311454773,258,512,512,512
9.545727014541626,258,512,512,512
9.545727014541626,258,512,512,512
9.545727014541626,258,512,512,512
9.545727014541626,258,512,512,512
9.545727014541626,258,512,512,512
9.545727014541626,257,512,512,512
9.545727014541626,257,512,512,512
9.545727014541626,257,512,512,512
9.545727014541626,258,512,512,512
9.545727014541626,258,512,512,512
9.545727014541626,258,512,512,512
9.545727014541626,258,512,512,512
9.545727014541626,258,512,512,512
9.545727014541626,258,512,512,512
9.545727014541626,258,512,512,512
9.545727014541626,258,512,512,512
9.545727014541626,258,512,512,512
9.545727014541626,258,512,512,512
9.560816049575806,258,512,512,512
9.560816049575806,258,512,512,512
9.560816049575806,258,512,512,512
9.560816049575806,258,511,512,512
9.560816049575806,258,512,512,512
9.560816049575806,258,511,512,512
9.560816049575806,258,511,512,512
9.560816049575806,258,512,512,512
9.560816049575806,258,512,512,512
9.560816049575806,258,512,512,512
9.560816049575806,258,512,512,512
9.560816049575806,258,512,512,512
9.560816049575806,258,512,512,512
9.560816049575806,258,512,512,512
9.560816049575806,258,512,512,512
9.560816049575806,258,512,512,512
9.560816049575806,258,512,512,512
9.560816049575806,258,512,512,512
9.560816049575806,258,512,512,512
9.576509714126587,258,512,512,512
9.577834367752075,258,512,512,512
9.578211545944214,258,512,512,512
9.578211545944214,258,512,512,512
9.580224514007568,258,512,512,512
9.580224514007568,258,512,512,512
9.580224514007568,258,512,512,512
9.580224514007568,258,512,512,512
9.580224514007568,258,512,512,512
9.580224514007568,258,512,512,512
9.580224514007568,258,512,512,512
9.580224514007568,258,512,512,512
9.580224514007568,258,512,512,512
9.580224514007568,258,512,512,512
9.580224514007568,258,512,512,512
9.580224514007568,258,512,512,512
9.580224514007568,258,512,512,512
9.580224514007568,258,512,512,512
9.592374801635742,258,512,512,512
9.592374801635742,258,512,512,512
9.593791484832764,258,512,512,512
9.593791484832764,258,512,512,512
9.593791484832764,258,512,512,512
9.593791484832764,258,512,512,512
9.593791484832764,258,512,512,512
9.593791484832764,258,512,512,512
9.593791484832764,258,512,512,512
9.593791484832764,259,512,512,512
9.600523471832275,258,511,512,512
9.600523471832275,258,511,512,512
9.600523471832275,258,511,512,512
9.600523471832275,258,512,512,512
9.600523471832275,258,511,512,512
9.600523471832275,258,511,512,512
9.600523471832275,258,511,512,512
9.600523471832275,258,512,512,512
9.600523471832275,258,512,512,512
9.608945369720459,258,512,512,512
9.609289407730103,258,512,512,512
9.609289407730103,258,512,512,512
9.609289407730103,258,512,512,512
9.609289407730103,258,512,512,512
9.612929105758667,258,512,512,512
9.612929105758667,258,512,512,512
9.612929105758667,258,512,512,512
9.612929105758667,258,512,512,512
9.612929105758667,258,512,512,512
9.612929105758667,258,512,512,512
9.617395639419556,258,512,512,512
9.617395639419556,258,512,512,512
9.617395639419556,258,512,512,512
9.617395639419556,258,512,512,512
9.617395639419556,258,512,512,512
9.617395639419556,258,512,512,512
9.617395639419556,258,512,512,512
9.617395639419556,258,512,512,512
9.617395639419556,258,512,512,512
9.625619888305664,258,512,512,512
9.625619888305664,258,512,512,512
9.625619888305664,258,512,512,512
9.625619888305664,258,512,512,512
9.625619888305664,258,512,512,512
9.625619888305664,258,512,512,512
9.625619888305664,258,512,512,512
9.625619888305664,258,512,512,512
9.625619888305664,258,512,512,512
9.625619888305664,258,512,512,512
9.625619888305664,258,512,512,512
9.625619888305664,258,512,512,512
9.625619888305664,258,512,512,512
9.625619888305664,258,512,512,512
9.625619888305664,258,512,512,512
9.625619888305664,258,512,512,512
9.625619888305664,258,512,512,512
9.625619888305664,258,512,512,512
9.641379117965698,258,512,512,512
9.641379117965698,258,512,512,512
9.642770528793335,258,512,512,512
9.64358901977539,258,512,512,512
9.64449954032898,258,512,512,512
9.645265579223633,258,511,512,512
9.64576530456543,258,512,512,512
9.64576530456543,257,512,512,512
9.64576530456543,258,512,512,512
9.64576530456543,258,512,512,512
9.649617671966553,258,512,512,512
9.649617671966553,258,512,512,512
9.649617671966553,258,512,512,512
9.649617671966553,258,512,512,512
9.649617671966553,258,512,512,512
9.649617671966553,258,512,512,512
9.649617671966553,258,512,512,512
9.649617671966553,258,512,512,512
9.649617671966553,258,512,512,512
9.649617671966553,258,512,512,512
9.658685684204102,258,512,512,512
9.658685684204102,258,513,512,512
9.659140348434448,258,512,512,512
9.659140348434448,258,512,512,512
9.659140348434448,258,512,512,512
9.659140348434448,258,512,512,512
9.659140348434448,258,512,512,512
9.659140348434448,258,512,512,512
9.659140348434448,258,512,512,512
9.659140348434448,258,512,512,512
9.666682243347168,258,512,512,512
9.667200803756714,258,512,512,512
9.667200803756714,258,512,512,512
9.667200803756714,258,512,512,512
9.667200803756714,258,512,512,512
9.667200803756714,258,512,512,512
9.667200803756714,258,512,512,512
9.667200803756714,258,512,512,512
9.667200803756714,258,512,512,512
9.674111366271973,258,512,512,512
9.67563247680664,258,512,512,512
9.67563247680664,258,512,512,512
9.67563247680664,258,513,512,512
9.67563247680664,258,512,512,512
9.67563247680664,258,512,512,512
9.67563247680664,258,512,512,512
9.67563247680664,258,512,512,512
9.67563247680664,258,512,512,512
9.67563247680664,258,512,512,512
9.68222689628601,258,512,512,512
9.68222689628601,258,512,512,512
9.68222689628601,258,512,512,512
9.68222689628601,258,512,512,512
9.68222689628601,257,512,512,512
9.68222689628601,257,512,512,512
9.68222689628601,257,512,512,512
9.68222689628601,257,512,512,512
9.68222689628601,258,512,512,512
9.690507173538208,258,512,512,512
9.69202208518982,258,512,512,512
9.69202208518982,258,512,512,512
9.69202208518982,258,512,512,512
9.69202208518982,258,512,512,512
9.69202208518982,258,512,512,512
9.69202208518982,258,512,512,512
9.69202208518982,258,512,512,512
9.69202208518982,258,512,512,512
9.69202208518982,258,512,512,512
9.69202208518982,258,512,512,512
9.69202208518982,258,512,512,512
9.69202208518982,258,512,512,512
9.69202208518982,258,512,512,512
9.69202208518982,258,512,512,512
9.69202208518982,258,512,512,512
9.69202208518982,258,512,512,512
9.69202208518982,258,512,512,512
9.69202208518982,258,512,512,512
9.70627212524414,258,512,512,512
9.70627212524414,258,512,512,512
9.70627212524414,258,512,512,512
9.70627212524414,258,512,512,512
9.70627212524414,258,512,512,512
9.70627212524414,258,512,512,512
9.70627212524414,258,512,512,512
9.70627212524414,258,512,512,512
9.712841272354126,258,513,512,512
9.712841272354126,258,512,512,512
9.712841272354126,258,512,512,512
9.712841272354126,258,512,512,512
9.712841272354126,258,511,512,512
9.712841272354126,258,511,512,512
9.712841272354126,258,511,512,512
9.712841272354126,258,511,512,512
9.712841272354126,258,512,512,512
9.712841272354126,258,512,512,512
9.712841272354126,258,512,512,512
9.722853899002075,258,512,512,512
9.72360372543335,258,512,512,512
9.72360372543335,258,512,512,512
9.72360372543335,258,512,512,512
9.72360372543335,258,512,512,512
9.72360372543335,258,512,512,512
9.72360372543335,258,512,512,512
9.72360372543335,258,512,512,512
9.72360372543335,258,512,512,512
9.72360372543335,258,512,512,512
9.72360372543335,258,512,512,512
9.72360372543335,258,512,512,512
9.72360372543335,258,512,512,512
9.72360372543335,258,512,512,512
9.72360372543335,258,512,512,512
9.72360372543335,258,512,512,512
9.72360372543335,258,512,512,512
9.72360372543335,258,512,512,512
9.737906455993652,258,512,512,512
9.737906455993652,258,512,512,512
9.737906455993652,258,512,512,512
9.737906455993652,258,512,512,512
9.737906455993652,258,512,512,512
9.737906455993652,258,512,512,512
9.737906455993652,258,512,512,512
9.737906455993652,258,512,512,512
9.737906455993652,258,512,512,512
9.737906455993652,258,512,512,512
9.737906455993652,258,512,512,512
9.737906455993652,258,512,512,512
9.737906455993652,258,512,512,512
9.737906455993652,258,512,512,512
9.737906455993652,258,512,512,512
9.737906455993652,258,512,512,512
9.737906455993652,258,512,512,512
9.737906455993652,258,512,512,512
9.737906455993652,258,512,512,512
9.753669023513794,258,512,512,512
9.753669023513794,258,512,512,512
9.753669023513794,258,512,512,512
9.753669023513794,258,512,512,512
9.753669023513794,258,511,512,512
9.753669023513794,258,512,512,512
9.753669023513794,257,512,512,512
9.753669023513794,257,512,512,512
9.753669023513794,258,512,512,512
9.753669023513794,257,512,512,512
9.753669023513794,258,512,512,512
9.753669023513794,258,512,512,512
9.753669023513794,258,512,512,512
9.753669023513794,257,512,512,512
9.753669023513794,258,512,512,512
9.753669023513794,258,512,512,512
9.753669023513794,258,512,512,512
9.753669023513794,258,512,512,512
9.769329071044922,258,512,512,512
9.770291328430176,258,512,512,512
9.771334409713745,258,512,512,512
9.771334409713745,258,512,512,512
9.771334409713745,257,512,512,512
9.771334409713745,257,512,512,512
9.771334409713745,257,512,512,512
9.771334409713745,257,512,512,512
9.771334409713745,258,512,512,512
9.771334409713745,258,512,512,512
9.771334409713745,258,512,512,512
9.771334409713745,258,512,512,512
9.771334409713745,258,512,512,512
9.771334409713745,258,512,512,512
9.771334409713745,258,512,512,512
9.771334409713745,258,512,512,512
9.771334409713745,258,512,512,512
9.771334409713745,258,512,512,512
9.771334409713745,258,512,512,512
9.785061836242676,258,512,512,512
9.785061836242676,258,512,512,512
9.785061836242676,258,512,512,512
9.785061836242676,257,512,512,512
9.785061836242676,258,512,512,512
9.785061836242676,258,512,512,512
9.785061836242676,258,512,512,512
9.785061836242676,258,512,512,512
9.785061836242676,258,512,512,512
9.785061836242676,258,512,512,512
9.785061836242676,258,512,512,512
9.785061836242676,258,512,512,512
9.785061836242676,258,512,512,512
9.785061836242676,258,512,512,512
9.785061836242676,258,512,512,512
9.785061836242676,258,512,512,512
9.785061836242676,258,512,512,512
9.785061836242676,257,511,512,512
9.800713062286377,258,511,512,512
9.80193543434143,258,512,512,512
9.802608966827393,258,512,512,512
9.803244829177856,258,512,512,512
9.803244829177856,258,512,512,512
9.803244829177856,258,512,512,512
9.803244829177856,258,512,512,512
9.803244829177856,258,512,512,512
9.803244829177856,258,512,512,512
9.803244829177856,258,512,512,512
9.80915355682373,258,512,512,512
9.80915355682373,258,512,512,512
9.80915355682373,258,512,512,512
9.80915355682373,258,512,512,512
9.80915355682373,258,512,512,512
9.813180923461914,258,512,512,512
9.814274311065674,258,512,512,512
9.815338134765625,258,512,512,512
9.816123962402344,258,512,512,512
9.816123962402344,258,512,512,512
9.817549467086792,258,512,512,512
9.817549467086792,258,512,512,512
9.817549467086792,258,512,512,512
9.817549467086792,258,512,512,512
9.817549467086792,258,512,512,512
9.817549467086792,258,512,512,512
9.817549467086792,258,512,512,512
9.817549467086792,258,512,512,512
9.817549467086792,258,512,512,512
9.825368165969849,258,512,512,512
9.825368165969849,258,512,512,512
9.825368165969849,258,512,512,512
9.825368165969849,258,512,512,512
9.825368165969849,258,512,512,512
9.825368165969849,258,512,512,512
9.825368165969849,258,511,512,512
9.825368165969849,258,511,512,512
9.825368165969849,258,511,512,512
9.825368165969849,259,511,512,512
9.833528280258179,259,511,512,512
9.833528280258179,259,511,512,512
9.833528280258179,259,511,512,512
9.833528280258179,259,512,512,512
9.833528280258179,259,512,512,512
9.833528280258179,259,512,512,512
9.833528280258179,259,512,512,512
9.833528280258179,259,512,512,512
9.833528280258179,259,512,512,512
9.833528280258179,258,512,512,512
9.833528280258179,258,512,512,512
9.833528280258179,258,512,512,512
9.833528280258179,258,512,512,512
9.833528280258179,259,512,512,512
9.833528280258179,259,512,512,512
9.833528280258179,258,512,512,512
9.833528280258179,258,512,512,512
9.833528280258179,258,512,512,512
9.833528280258179,258,512,512,512
9.849636793136597,258,512,512,512
9.851192474365234,258,512,512,512
9.851974487304688,258,511,512,512
9.851974487304688,258,512,512,512
9.851974487304688,258,512,512,512
9.851974487304688,258,512,512,512
9.851974487304688,258,512,512,512
9.851974487304688,258,512,512,512
9.851974487304688,258,512,512,512
9.851974487304688,259,512,512,512
9.851974487304688,258,512,512,512
9.851974487304688,259,512,512,512
9.851974487304688,259,512,512,512
9.851974487304688,259,512,512,512
9.851974487304688,258,512,512,512
9.851974487304688,258,512,512,512
9.851974487304688,258,512,512,512
9.851974487304688,258,512,512,512
9.86544156074524,258,512,512,512
9.86544156074524,258,512,512,512
9.86544156074524,258,512,512,512
9.86544156074524,258,512,512,512
9.86544156074524,258,512,512,512
9.86544156074524,258,511,512,512
9.86544156074524,259,511,512,512
9.86544156074524,259,512,512,512
9.86544156074524,259,512,512,512
9.86544156074524,258,512,512,512
9.86544156074524,258,512,512,512
9.86544156074524,258,512,512,512
9.86544156074524,258,512,512,512
9.86544156074524,258,512,512,512
9.86544156074524,259,512,512,512
9.86544156074524,259,512,512,512
9.86544156074524,259,512,512,512
9.86544156074524,259,512,512,512
9.86544156074524,259,512,512,512
9.881824731826782,259,511,512,512
9.882611274719238,259,512,512,512
9.882611274719238,258,512,512,512
9.882611274719238,258,512,512,512
9.882611274719238,258,512,512,512
9.882611274719238,258,511,512,512
9.882611274719238,258,512,512,512
9.882611274719238,258,512,512,512
9.882611274719238,258,512,512,512
9.882611274719238,258,512,512,512
9.882611274719238,258,512,512,512
9.882611274719238,258,512,512,512
9.882611274719238,258,512,512,512
9.882611274719238,258,512,512,512
9.882611274719238,258,512,512,512
9.882611274719238,258,512,512,512
9.882611274719238,258,512,512,512
9.882611274719238,258,512,512,512
9.882611274719238,258,512,512,512
9.897349834442139,258,511,512,512
9.897349834442139,258,511,512,512
9.897349834442139,258,511,512,512
9.897349834442139,258,511,512,512
9.897349834442139,258,511,512,512
9.897349834442139,258,512,512,512
9.897349834442139,258,512,512,512
9.897349834442139,258,511,512,512
9.897349834442139,258,512,512,512
9.897349834442139,258,512,512,512
9.897349834442139,258,512,512,512
9.897349834442139,258,512,512,512
9.897349834442139,258,512,512,512
9.897349834442139,258,512,512,512
9.897349834442139,258,512,512,512
9.897349834442139,258,511,512,512
9.897349834442139,258,511,512,512
9.897349834442139,258,511,512,512
9.897349834442139,258,511,512,512
9.914244890213013,258,511,512,512
9.915020942687988,258,511,512,512
9.915783882141113,258,511,512,512
9.915783882141113,258,511,512,512
9.915783882141113,258,512,512,512
9.915783882141113,258,512,512,512
9.915783882141113,258,512,512,512
9.915783882141113,258,512,512,512
9.915783882141113,258,512,512,512
9.915783882141113,258,512,512,512
9.915783882141113,258,512,512,512
9.915783882141113,258,512,512,512
9.915783882141113,258,512,512,512
9.915783882141113,258,512,512,512
9.915783882141113,258,512,512,512
9.915783882141113,258,512,512,512
9.915783882141113,258,512,512,512
9.915783882141113,258,512,512,512
9.929240703582764,258,512,512,512
9.929240703582764,258,512,512,512
9.929240703582764,258,512,512,512
9.929240703582764,258,512,512,512
9.929240703582764,258,512,512,512
9.929240703582764,258,512,512,512
9.929240703582764,258,512,512,512
9.929240703582764,258,512,512,512
9.929240703582764,258,512,512,512
9.929240703582764,258,512,512,512
9.929240703582764,258,512,512,512
9.929240703582764,258,512,512,512
9.929240703582764,258,512,512,512
9.929240703582764,258,512,512,512
9.929240703582764,258,512,512,512
9.929240703582764,258,512,512,512
9.929240703582764,258,512,512,512
9.929240703582764,258,512,512,512
9.944916009902954,258,512,512,512
9.944916009902954,258,512,512,512
9.944916009902954,258,511,512,512
9.944916009902954,258,511,512,512
9.944916009902954,258,511,512,512
9.944916009902954,258,511,512,512
9.944916009902954,258,511,512,512
9.944916009902954,258,512,512,512
9.944916009902954,258,512,512,512
9.944916009902954,258,512,512,512
9.944916009902954,258,512,512,512
9.944916009902954,258,512,512,512
9.944916009902954,258,512,512,512
9.944916009902954,258,512,512,512
9.944916009902954,258,512,512,512
9.944916009902954,258,512,512,512
9.944916009902954,258,512,512,512
9.944916009902954,258,512,512,512
9.944916009902954,258,512,512,512
9.960704565048218,258,512,512,512
9.960704565048218,258,512,512,512
9.960704565048218,258,512,512,512
9.960704565048218,258,512,512,512
9.960704565048218,258,512,512,512
9.960704565048218,258,512,512,512
9.960704565048218,258,512,512,512
9.960704565048218,258,512,512,512
9.960704565048218,258,512,512,512
9.960704565048218,258,512,512,512
9.960704565048218,259,512,512,512
9.960704565048218,259,512,512,512
9.960704565048218,259,512,512,512
9.960704565048218,258,512,512,512
9.960704565048218,258,512,512,512
9.960704565048218,258,512,512,512
9.960704565048218,258,512,512,512
9.960704565048218,258,512,512,512
9.960704565048218,258,512,512,512
9.976402521133423,258,512,512,512
9.976402521133423,258,512,512,512
9.976402521133423,258,512,512,512
9.976402521133423,259,512,512,512
9.976402521133423,259,512,512,512
9.976402521133423,258,512,512,512
9.976402521133423,258,512,512,512
9.976402521133423,258,512,512,512
9.976402521133423,258,511,512,512
9.976402521133423,258,511,512,512
9.976402521133423,258,511,512,512
9.976402521133423,258,511,512,512
9.976402521133423,258,511,512,512
9.976402521133423,258,511,512,512
9.976402521133423,258,511,512,512
9.976402521133423,258,511,512,512
9.976402521133423,258,512,512,512
9.992077350616455,258,512,512,512
9.992077350616455,258,512,512,512
9.992077350616455,258,512,512,512
9.992077350616455,258,512,512,512
9.992077350616455,258,512,512,512
9.992077350616455,258,512,512,512
9.992077350616455,258,512,512,512
9.992077350616455,258,512,512,512
9.992077350616455,258,512,512,512
9.992077350616455,258,512,512,512
9.992077350616455,258,512,512,512
9.992077350616455,258,512,512,512
9.992077350616455,258,512,512,512
9.992077350616455,258,512,512,512
9.992077350616455,258,511,512,512
9.992077350616455,258,512,512,512
9.992077350616455,258,512,512,512
9.992077350616455,258,512,512,512
9.992077350616455,258,512,512,512
10.008107900619507,258,512,512,512
10.008107900619507,258,512,512,512
10.009458780288696,258,512,512,512
10.01023554801941,258,512,512,512
10.01023554801941,258,512,512,512
10.01023554801941,258,512,512,512
10.01023554801941,258,512,512,512
10.013586282730103,258,512,512,512
10.013586282730103,258,512,512,512
10.013586282730103,258,512,512,512
10.013586282730103,258,512,512,512
10.013586282730103,258,512,512,512
10.013586282730103,258,512,512,512
10.013586282730103,258,512,512,512
10.013586282730103,258,511,512,512
10.013586282730103,258,512,512,512
10.013586282730103,258,512,512,512
10.013586282730103,258,512,512,512
10.013586282730103,258,512,512,512
10.023770570755005,258,512,512,512
10.023770570755005,258,512,512,512
10.023770570755005,258,511,512,512
10.025779724121094,258,511,512,512
10.025779724121094,258,512,512,512
10.025779724121094,258,511,512,512
10.025779724121094,258,511,512,512
10.025779724121094,258,512,512,512
10.025779724121094,258,512,512,512
10.025779724121094,258,512,512,512
10.025779724121094,258,512,512,512
10.025779724121094,258,512,512,512
10.025779724121094,258,512,512,512
10.025779724121094,258,511,512,512
10.025779724121094,258,512,512,512
10.025779724121094,258,512,512,512
10.025779724121094,258,512,512,512
10.025779724121094,258,512,512,512
10.025779724121094,258,512,512,512
10.040051460266113,258,512,512,512
10.040051460266113,258,512,512,512
10.040051460266113,258,512,512,512
10.040051460266113,258,512,512,512
10.040051460266113,258,512,512,512
10.040051460266113,258,512,512,512
10.040051460266113,258,512,512,512
10.040051460266113,258,512,512,512
10.040051460266113,258,512,512,512
10.040051460266113,258,512,512,512
10.040051460266113,258,512,512,512
10.040051460266113,258,512,512,512
10.040051460266113,258,512,512,512
10.040051460266113,258,512,512,512
10.040051460266113,258,512,512,512
10.040051460266113,258,512,512,512
10.040051460266113,258,512,512,512
10.040051460266113,258,512,512,512
10.040051460266113,258,512,512,512
10.055601358413696,258,512,512,512
10.056915044784546,258,512,512,512
10.056915044784546,258,511,512,512
10.056915044784546,258,511,512,512
10.056915044784546,258,511,512,512
10.056915044784546,258,511,512,512
10.056915044784546,258,511,512,512
10.056915044784546,258,511,512,512
10.056915044784546,258,511,512,512
10.056915044784546,258,512,512,512
10.056915044784546,258,512,512,512
10.056915044784546,258,512,512,512
10.056915044784546,258,512,512,512
10.056915044784546,258,512,512,512
10.056915044784546,258,512,512,512
10.056915044784546,258,511,512,512
10.056915044784546,258,512,512,512
10.056915044784546,258,512,512,512
10.056915044784546,258,512,512,512
10.071683406829834,258,512,512,512
10.071683406829834,258,512,512,512
10.073694467544556,258,512,512,512
10.075707197189331,258,512,512,512
10.075707197189331,258,512,512,512
10.075707197189331,258,512,512,512
10.075707197189331,258,512,512,512
10.075707197189331,258,512,512,512
10.075707197189331,258,512,512,512
10.075707197189331,258,512,512,512
10.075707197189331,258,512,512,512
10.075707197189331,258,512,512,512
10.075707197189331,258,512,512,512
10.075707197189331,258,512,512,512
10.075707197189331,258,512,512,512
10.075707197189331,258,512,512,512
10.075707197189331,258,512,512,512
10.075707197189331,258,512,512,512
10.087496280670166,258,512,512,512
10.088574886322021,258,512,512,512
10.089082479476929,258,512,512,512
10.089082479476929,258,512,512,512
10.089082479476929,258,512,512,512
10.089082479476929,258,512,512,512
10.089082479476929,258,512,512,512
10.089082479476929,258,512,512,512
10.089082479476929,258,512,512,512
10.089082479476929,259,512,512,512
10.089082479476929,259,512,512,512
10.089082479476929,259,512,512,512
10.089082479476929,258,511,512,512
10.089082479476929,258,511,512,512
10.089082479476929,258,511,512,512
10.089082479476929,258,511,512,512
10.089082479476929,258,511,512,512
10.089082479476929,258,511,512,512
10.103152751922607,258,512,512,512
10.103152751922607,258,512,512,512
10.103152751922607,258,512,512,512
10.105384349822998,258,512,512,512
10.105891942977905,258,512,512,512
10.105891942977905,258,512,512,512
10.10790228843689,258,512,512,512
10.10790228843689,258,512,512,512
10.10790228843689,258,512,512,512
10.10790228843689,258,512,512,512
10.10790228843689,258,512,512,512
10.112247705459595,258,512,512,512
10.112247705459595,258,512,512,512
10.113757610321045,258,511,512,512
10.113757610321045,258,512,512,512
10.115765810012817,258,512,512,512
10.115765810012817,258,512,512,512
10.115765810012817,258,511,512,512
10.117773532867432,258,512,512,512
10.117773532867432,258,511,512,512
10.119955062866211,258,511,512,512
10.120325088500977,258,512,512,512
10.120325088500977,258,512,512,512
10.120325088500977,258,512,512,512
10.120325088500977,258,512,512,512
10.124660015106201,258,512,512,512
10.124660015106201,258,512,512,512
10.124660015106201,258,512,512,512
10.12683391571045,258,512,512,512
10.12736701965332,258,512,512,512
10.12736701965332,258,512,512,512
10.12736701965332,258,512,512,512
10.12736701965332,258,512,512,512
10.12736701965332,258,512,512,512
10.12736701965332,258,511,512,512
10.12736701965332,258,512,512,512
10.12736701965332,258,512,512,512
10.12736701965332,258,512,512,512
10.134932518005371,258,512,512,512
10.135807514190674,258,512,512,512
10.13689923286438,258,512,512,512
10.13689923286438,258,511,512,512
10.13689923286438,258,511,512,512
10.13689923286438,258,511,512,512
10.13689923286438,258,511,512,512
10.13689923286438,258,511,512,512
10.13689923286438,258,511,512,512
10.142564535140991,258,511,512,512
10.142564535140991,258,511,512,512
10.142564535140991,258,512,512,512
10.142564535140991,258,512,512,512
10.142564535140991,258,512,512,512
10.142564535140991,258,512,512,512
10.142564535140991,258,512,512,512
10.142564535140991,258,512,512,512
10.142564535140991,258,512,512,512
10.142564535140991,258,512,512,512
10.150753498077393,258,512,512,512
10.150753498077393,258,512,512,512
10.150753498077393,258,512,512,512
10.150753498077393,258,512,512,512
10.150753498077393,258,512,512,512
10.150753498077393,258,512,512,512
10.150753498077393,258,512,512,512
10.150753498077393,258,512,512,512
10.158910751342773,258,512,512,512
10.158910751342773,258,512,512,512
10.159809827804565,258,512,512,512
10.1607186794281,258,512,512,512
10.161455154418945,258,512,512,512
10.161455154418945,258,512,512,512
10.161455154418945,258,512,512,512
10.161455154418945,258,512,512,512
10.161455154418945,258,512,512,512
10.161455154418945,258,511,512,512
10.161455154418945,258,511,512,512
10.167139291763306,258,512,512,512
10.167139291763306,258,512,512,512
10.167139291763306,258,512,512,512
10.167139291763306,258,512,512,512
10.167139291763306,259,512,512,512
10.167139291763306,258,511,512,512
10.167139291763306,258,511,512,512
10.167139291763306,258,511,512,512
10.176438570022583,258,511,512,512
10.176438570022583,258,512,512,512
10.176438570022583,258,512,512,512
10.176438570022583,258,512,512,512
10.176438570022583,258,512,512,512
10.176438570022583,258,512,512,512
10.176438570022583,258,512,512,512
10.176438570022583,258,512,512,512
10.176438570022583,258,512,512,512
10.176438570022583,258,512,512,512
10.176438570022583,258,512,512,512
10.176438570022583,258,512,512,512
10.176438570022583,258,512,512,512
10.176438570022583,258,512,512,512
10.176438570022583,258,511,512,512
10.176438570022583,258,512,512,512
10.176438570022583,258,512,512,512
10.176438570022583,258,512,512,512
10.176438570022583,258,512,512,512
10.191153287887573,258,512,512,512
10.191153287887573,258,512,512,512
10.191153287887573,258,512,512,512
10.193171977996826,258,512,512,512
10.194402694702148,258,512,512,512
10.194402694702148,258,512,512,512
10.19541597366333,258,512,512,512
10.19541597366333,258,512,512,512
10.196966409683228,258,512,512,512
10.196966409683228,258,512,512,512
10.198527812957764,258,512,512,512
10.200111627578735,258,512,512,512
10.200111627578735,258,512,512,512
10.201696157455444,258,512,512,512
10.201696157455444,258,512,512,512
10.203291416168213,258,512,512,512
10.203291416168213,258,512,512,512
10.20485782623291,258,512,512,512
10.20485782623291,258,512,512,512
10.206514120101929,258,512,512,512
10.20811939239502,258,512,512,512
10.20811939239502,258,512,512,512
10.20811939239502,259,512,512,512
10.20967721939087,259,512,512,512
10.20967721939087,259,512,512,512
10.211241722106934,259,512,512,512
10.212875366210938,259,512,512,512
10.212875366210938,259,512,512,512
10.214458703994751,258,511,512,512
10.214458703994751,258,511,512,512
10.216055154800415,258,511,512,512
10.216055154800415,258,511,512,512
10.217625141143799,258,511,512,512
10.217625141143799,258,512,512,512
10.21924090385437,258,512,512,512
10.21924090385437,258,512,512,512
10.22083854675293,258,512,512,512
10.22083854675293,258,512,512,512
10.222423076629639,258,512,512,512
10.222423076629639,258,512,512,512
10.22400712966919,258,512,512,512
10.225589275360107,258,512,512,512
10.226149320602417,258,512,512,512
10.226684331893921,258,512,512,512
10.22822642326355,258,512,512,512
10.22822642326355,258,512,512,512
10.229782104492188,258,512,512,512
10.229782104492188,258,512,512,512
10.231332540512085,258,512,512,512
10.231332540512085,258,512,512,512
10.231332540512085,258,511,512,512
10.231332540512085,258,511,512,512
10.231332540512085,258,511,512,512
10.231332540512085,258,511,512,512
10.231332540512085,258,512,512,512
10.231332540512085,258,512,512,512
10.238166332244873,258,512,512,512
10.23911428451538,258,512,512,512
10.239335060119629,258,512,512,512
10.239335060119629,258,512,512,512
10.239335060119629,258,512,512,512
10.239335060119629,258,512,512,512
10.239335060119629,258,512,512,512
10.239335060119629,258,512,512,512
10.239335060119629,258,511,512,512
10.239335060119629,258,512,512,512
10.239335060119629,258,512,512,512
10.239335060119629,258,511,512,512
10.239335060119629,258,512,512,512
10.239335060119629,258,512,512,512
10.239335060119629,258,512,512,512
10.239335060119629,258,512,512,512
10.239335060119629,258,512,512,512
10.239335060119629,258,512,512,512
10.239335060119629,258,512,512,512
10.25391674041748,258,512,512,512
10.25391674041748,258,512,512,512
10.25391674041748,258,512,512,512
10.25391674041748,258,512,512,512
10.25391674041748,258,512,512,512
10.25852370262146,258,512,512,512
10.25852370262146,258,512,512,512
10.25852370262146,258,512,512,512
10.25852370262146,258,512,512,512
10.25852370262146,258,512,512,512
10.25852370262146,258,512,512,512
10.25852370262146,258,512,512,512
10.25852370262146,258,512,512,512
10.25852370262146,258,512,512,512
10.25852370262146,258,512,512,512
10.25852370262146,257,512,512,512
10.25852370262146,258,512,512,512
10.25852370262146,258,512,512,512
10.269804000854492,258,512,512,512
10.269804000854492,258,512,512,512
10.27155327796936,258,512,512,512
10.27155327796936,258,512,512,512
10.27155327796936,258,512,512,512
10.27155327796936,258,512,512,512
10.27155327796936,258,512,512,512
10.27155327796936,258,512,512,512
10.27155327796936,258,512,512,512
10.27155327796936,258,512,512,512
10.27155327796936,258,512,512,512
10.27155327796936,258,512,512,512
10.27155327796936,258,512,512,512
10.27155327796936,258,512,512,512
10.27155327796936,258,512,512,512
10.27155327796936,258,512,512,512
10.27155327796936,258,512,512,512
10.27155327796936,258,512,512,512
10.27155327796936,258,512,512,512
10.285603284835815,258,512,512,512
10.286371231079102,258,512,512,512
10.286860704421997,258,512,512,512
10.286860704421997,258,512,512,512
10.286860704421997,258,512,512,512
10.286860704421997,258,512,512,512
10.286860704421997,258,512,512,512
10.292212009429932,258,512,512,512
10.292749643325806,258,512,512,512
10.293553113937378,258,512,512,512
10.294023036956787,258,512,512,512
10.294023036956787,258,512,512,512
10.294023036956787,258,512,512,512
10.294023036956787,258,512,512,512
10.294023036956787,258,512,512,512
10.294023036956787,258,512,512,512
10.294023036956787,258,512,512,512
10.294023036956787,258,512,512,512
10.294023036956787,258,512,512,512
10.301467180252075,258,512,512,512
10.301467180252075,258,512,512,512
10.301467180252075,258,512,512,512
10.301467180252075,258,512,512,512
10.301467180252075,258,512,512,512
10.301467180252075,258,512,512,512
10.301467180252075,258,512,512,512
10.301467180252075,258,512,512,512
10.301467180252075,258,512,512,512
10.308935165405273,258,512,512,512
10.308935165405273,258,512,512,512
10.308935165405273,258,512,512,512
10.308935165405273,258,512,512,512
10.308935165405273,258,512,512,512
10.308935165405273,258,512,512,512
10.314115285873413,258,512,512,512
10.314115285873413,258,512,512,512
10.314115285873413,258,512,512,512
10.317244291305542,258,512,512,512
10.317244291305542,258,512,512,512
10.317244291305542,258,512,512,512
10.317244291305542,258,512,512,512
10.317244291305542,258,512,512,512
10.317244291305542,258,512,512,512
10.317244291305542,258,513,512,512
10.317244291305542,258,512,512,512
10.317244291305542,258,512,512,512
10.317244291305542,258,512,512,512
10.317244291305542,258,512,512,512
10.317244291305542,258,512,512,512
10.317244291305542,258,512,512,512
10.317244291305542,258,512,512,512
10.317244291305542,258,511,512,512
10.317244291305542,258,511,512,512
10.317244291305542,258,512,512,512
10.317244291305542,258,512,512,512
10.317244291305542,258,512,512,512
10.333026647567749,258,512,512,512
10.333026647567749,258,512,512,512
10.333026647567749,258,512,512,512
10.333026647567749,258,512,512,512
10.333026647567749,258,512,512,512
10.333026647567749,258,512,512,512
10.333026647567749,258,512,512,512
10.333026647567749,258,512,512,512
10.333026647567749,258,512,512,512
10.333026647567749,258,512,512,512
10.333026647567749,258,512,512,512
10.333026647567749,258,512,512,512
10.333026647567749,258,512,512,512
10.333026647567749,258,512,512,512
10.333026647567749,258,512,512,512
10.333026647567749,258,512,512,512
10.333026647567749,258,512,512,512
10.333026647567749,258,512,512,512
10.333026647567749,258,512,512,512
10.349063873291016,258,512,512,512
10.350654363632202,258,512,512,512
10.351226329803467,258,512,512,512
10.351226329803467,258,512,512,512
10.351226329803467,258,512,512,512
10.351226329803467,258,512,512,512
10.351226329803467,258,512,512,512
10.351226329803467,258,512,512,512
10.351226329803467,258,512,512,512
10.351226329803467,258,512,512,512
10.351226329803467,258,512,512,512
10.351226329803467,258,512,512,512
10.351226329803467,258,512,512,512
10.351226329803467,258,512,512,512
10.351226329803467,258,512,512,512
10.351226329803467,258,512,512,512
10.351226329803467,258,512,512,512
10.351226329803467,258,512,512,512
10.351226329803467,258,512,512,512
10.365172147750854,258,512,512,512
10.365172147750854,258,511,512,512
10.366883754730225,258,512,512,512
10.368422508239746,258,512,512,512
10.368422508239746,258,511,512,512
10.36997652053833,258,512,512,512
10.36997652053833,258,512,512,512
10.371613502502441,258,512,512,512
10.371613502502441,258,512,512,512
10.371613502502441,258,512,512,512
10.371613502502441,258,512,512,512
10.371613502502441,258,512,512,512
10.371613502502441,258,512,512,512
10.371613502502441,258,512,512,512
10.371613502502441,258,512,512,512
10.371613502502441,258,512,512,512
10.371613502502441,258,512,512,512
10.371613502502441,258,512,512,512
10.38106656074524,258,512,512,512
10.38106656074524,258,512,512,512
10.38106656074524,258,512,512,512
10.38106656074524,258,512,512,512
10.38106656074524,258,512,512,512
10.38106656074524,258,512,512,512
10.38106656074524,258,512,512,512
10.38106656074524,257,512,512,512
10.38106656074524,257,512,512,512
10.38106656074524,257,512,512,512
10.38106656074524,257,512,512,512
10.38106656074524,258,512,512,512
10.38106656074524,258,512,512,512
10.38106656074524,258,512,512,512
10.38106656074524,258,512,512,512
10.38106656074524,258,512,512,512
10.38106656074524,258,512,512,512
10.38106656074524,258,512,512,512
10.38106656074524,258,512,512,512
10.397382974624634,258,512,512,512
10.398156881332397,258,512,512,512
10.398645639419556,258,512,512,512
10.398645639419556,258,512,512,512
10.398645639419556,258,512,512,512
10.398645639419556,257,512,512,512
10.398645639419556,257,512,512,512
10.398645639419556,257,512,512,512
10.398645639419556,257,512,512,512
10.398645639419556,257,512,512,512
10.398645639419556,257,512,512,512
10.398645639419556,258,512,512,512
10.398645639419556,258,513,512,512
10.398645639419556,258,512,512,512
10.398645639419556,258,512,512,512
10.398645639419556,258,512,512,512
10.398645639419556,258,512,512,512
10.398645639419556,258,512,512,512
10.412469625473022,258,512,512,512
10.412469625473022,258,512,512,512
10.412469625473022,258,512,512,512
10.414478778839111,258,512,512,512
10.414478778839111,258,512,512,512
10.414478778839111,258,512,512,512
10.414478778839111,258,512,512,512
10.414478778839111,258,512,512,512
10.414478778839111,258,512,512,512
10.414478778839111,258,512,512,512
10.414478778839111,258,512,512,512
10.414478778839111,258,512,512,512
10.414478778839111,258,512,512,512
10.414478778839111,258,512,512,512
10.414478778839111,258,512,512,512
10.414478778839111,258,512,512,512
10.414478778839111,258,512,512,512
10.414478778839111,258,512,512,512
10.414478778839111,258,512,512,512
10.428219079971313,258,512,512,512
10.429497718811035,258,512,512,512
10.429497718811035,258,512,512,512
10.429497718811035,258,512,512,512
10.43204951286316,258,512,512,512
10.432556390762329,258,512,512,512
10.432556390762329,258,512,512,512
10.434566259384155,258,512,512,512
10.434566259384155,258,512,512,512
10.434566259384155,258,512,512,512
10.436575889587402,258,512,512,512
10.436575889587402,258,512,512,512
10.438785076141357,258,512,512,512
10.438785076141357,258,512,512,512
10.438785076141357,258,512,512,512
10.438785076141357,258,512,512,512
10.438785076141357,258,512,512,512
10.438785076141357,258,512,512,512
10.444107055664062,258,512,512,512
10.444107055664062,258,512,512,512
10.444107055664062,258,512,512,512
10.444107055664062,258,512,512,512
10.444107055664062,258,512,512,512
10.444107055664062,258,512,512,512
10.444107055664062,258,512,512,512
10.444107055664062,258,512,512,512
10.444107055664062,258,512,512,512
10.444107055664062,258,512,512,512
10.444107055664062,258,512,512,512
10.444107055664062,258,512,512,512
10.444107055664062,258,512,512,512
10.444107055664062,258,512,512,512
10.444107055664062,258,512,512,512
10.444107055664062,258,512,512,512
10.444107055664062,258,512,512,512
10.444107055664062,258,512,512,512
10.444107055664062,258,512,512,512
10.460402727127075,258,512,512,512
10.461208820343018,258,512,512,512
10.461208820343018,258,512,512,512
10.461208820343018,258,512,512,512
10.461208820343018,258,512,512,512
10.461208820343018,258,512,512,512
10.461208820343018,258,512,512,512
10.461208820343018,258,512,512,512
10.461208820343018,258,512,512,512
10.461208820343018,258,512,512,512
10.461208820343018,258,512,512,512
10.461208820343018,258,512,512,512
10.461208820343018,258,512,512,512
10.461208820343018,258,512,512,512
10.461208820343018,258,512,512,512
10.461208820343018,258,512,512,512
10.461208820343018,258,512,512,512
10.461208820343018,258,512,512,512
10.461208820343018,258,512,512,512
10.475936651229858,258,512,512,512
10.475936651229858,258,512,512,512
10.475936651229858,258,512,512,512
10.475936651229858,258,512,512,512
10.475936651229858,258,512,512,512
10.475936651229858,258,512,512,512
10.475936651229858,258,512,512,512
10.475936651229858,258,512,512,512
10.475936651229858,258,512,512,512
10.475936651229858,258,512,512,512
10.475936651229858,258,512,512,512
10.475936651229858,258,512,512,512
10.475936651229858,258,512,512,512
10.475936651229858,258,512,512,512
10.475936651229858,258,512,512,512
10.475936651229858,258,512,512,512
10.475936651229858,258,512,512,512
10.491592645645142,258,512,512,512
10.491592645645142,258,512,512,512
10.491592645645142,258,512,512,512
10.491592645645142,258,512,512,512
10.491592645645142,258,512,512,512
10.491592645645142,258,512,512,512
10.491592645645142,258,512,512,512
10.491592645645142,258,512,512,512
10.491592645645142,258,512,512,512
10.491592645645142,258,512,512,512
10.491592645645142,258,512,512,512
10.491592645645142,258,512,512,512
10.491592645645142,258,512,512,512
10.491592645645142,258,512,512,512
10.491592645645142,258,512,512,512
10.491592645645142,258,512,512,512
10.491592645645142,258,512,512,512
10.491592645645142,258,512,512,512
10.491592645645142,258,512,512,512
10.491592645645142,258,512,512,512
10.507338047027588,258,512,512,512
10.507338047027588,258,512,512,512
10.507338047027588,258,512,512,512
10.507338047027588,258,512,512,512
10.507338047027588,258,512,512,512
10.507338047027588,258,512,512,512
10.507338047027588,258,512,512,512
10.507338047027588,258,512,512,512
10.514617443084717,258,512,512,512
10.514617443084717,258,512,512,512
10.514617443084717,258,512,512,512
10.514617443084717,258,512,512,512
10.514617443084717,258,512,512,512
10.514617443084717,258,512,512,512
10.514617443084717,258,512,512,512
10.514617443084717,258,512,512,512
10.514617443084717,258,512,512,512
10.514617443084717,258,512,512,512
10.522998571395874,258,512,512,512
10.524243831634521,258,512,512,512
10.524243831634521,258,512,512,512
10.525771856307983,258,512,512,512
10.526274919509888,258,512,512,512
10.526274919509888,258,512,512,512
10.526274919509888,258,512,512,512
10.526274919509888,258,512,512,512
10.526274919509888,258,512,512,512
10.526274919509888,258,512,512,512
10.526274919509888,258,512,512,512
10.526274919509888,258,512,512,512
10.526274919509888,258,512,512,512
10.526274919509888,258,512,512,512
10.526274919509888,258,512,512,512
10.526274919509888,258,512,512,512
10.526274919509888,258,512,512,512
10.526274919509888,258,512,512,512
10.526274919509888,258,512,512,512
10.538832187652588,258,512,512,512
10.538832187652588,258,512,512,512
10.538832187652588,258,512,512,512
10.538832187652588,258,512,512,512
10.538832187652588,258,512,512,512
10.538832187652588,258,512,512,512
10.538832187652588,258,512,512,512
10.538832187652588,258,512,512,512
10.538832187652588,258,512,512,512
10.538832187652588,258,512,512,512
10.538832187652588,258,512,512,512
10.538832187652588,258,512,512,512
10.538832187652588,258,512,512,512
10.538832187652588,258,512,512,512
10.538832187652588,258,512,512,512
10.538832187652588,258,512,512,512
10.538832187652588,258,512,512,512
10.538832187652588,258,512,512,512
10.554557085037231,258,512,512,512
10.554557085037231,258,512,512,512
10.554557085037231,258,512,512,512
10.554557085037231,258,512,512,512
10.554557085037231,258,512,512,512
10.554557085037231,258,512,512,512
10.554557085037231,258,512,512,512
10.554557085037231,258,512,512,512
10.554557085037231,258,512,512,512
10.554557085037231,258,512,512,512
10.554557085037231,258,512,512,512
10.554557085037231,258,512,512,512
10.554557085037231,258,512,512,512
10.554557085037231,258,512,512,512
10.554557085037231,258,512,512,512
10.554557085037231,258,512,512,512
10.554557085037231,258,512,512,512
10.554557085037231,258,512,512,512
10.554557085037231,258,512,512,512
10.570362329483032,259,512,512,512
10.570362329483032,258,512,512,512
10.570362329483032,258,512,512,512
10.570362329483032,258,512,512,512
10.570362329483032,258,512,512,512
10.570362329483032,258,512,512,512
10.570362329483032,258,512,512,512
10.570362329483032,258,512,512,512
10.570362329483032,258,512,512,512
10.570362329483032,258,512,512,512
10.570362329483032,258,512,512,512
10.570362329483032,258,512,512,512
10.570362329483032,258,512,512,512
10.570362329483032,258,512,512,512
10.570362329483032,258,512,512,512
10.570362329483032,258,512,512,512
10.570362329483032,258,512,512,512
10.570362329483032,258,512,512,512
10.570362329483032,258,512,512,512
10.586451292037964,258,512,512,512
10.586451292037964,258,512,512,512
10.586451292037964,258,512,512,512
10.586451292037964,258,512,512,512
10.586451292037964,258,512,512,512
10.586451292037964,258,512,512,512
10.586451292037964,258,512,512,512
10.586451292037964,258,512,512,512
10.586451292037964,258,512,512,512
10.586451292037964,258,512,512,512
10.586451292037964,258,512,512,512
10.586451292037964,258,512,512,512
10.586451292037964,258,512,512,512
10.586451292037964,258,512,512,512
10.586451292037964,258,512,512,512
10.586451292037964,258,512,512,512
10.586451292037964,258,512,512,512
10.586451292037964,258,512,512,512
10.602270603179932,258,512,512,512
10.602270603179932,258,512,512,512
10.60350775718689,258,512,512,512
10.60350775718689,258,512,512,512
10.60350775718689,258,512,512,512
10.60350775718689,258,512,512,512
10.60350775718689,258,512,512,512
10.60350775718689,258,512,512,512
10.60350775718689,258,512,512,512
10.60350775718689,258,512,512,512
10.60350775718689,258,512,512,512
10.60350775718689,258,512,512,512
10.60350775718689,258,512,512,512
10.60350775718689,258,512,512,512
10.60350775718689,258,512,512,512
10.614535331726074,258,512,512,512
10.614535331726074,258,512,512,512
10.614535331726074,258,512,512,512
10.614535331726074,258,512,512,512
10.618593215942383,258,512,512,512
10.618927955627441,258,512,512,512
10.618927955627441,258,512,512,512
10.618927955627441,258,512,512,512
10.618927955627441,258,512,512,512
10.618927955627441,258,512,512,512
10.618927955627441,258,512,512,512
10.618927955627441,258,512,512,512
10.618927955627441,258,512,512,512
10.618927955627441,258,512,512,512
10.618927955627441,258,512,512,512
10.618927955627441,258,512,512,512
10.618927955627441,258,512,512,512
10.618927955627441,258,512,512,512
10.618927955627441,258,512,512,512
10.618927955627441,258,512,512,512
10.618927955627441,258,512,512,512
10.618927955627441,258,512,512,512
10.633729696273804,258,512,512,512
10.634692668914795,258,511,512,512
10.634692668914795,258,511,512,512
10.636606216430664,258,511,512,512
10.637306213378906,258,511,512,512
10.637539625167847,258,512,512,512
10.637539625167847,258,512,512,512
10.637539625167847,258,512,512,512
10.637539625167847,258,512,512,512
10.64183521270752,258,512,512,512
10.642233610153198,258,512,512,512
10.642647981643677,258,512,512,512
10.642647981643677,258,512,512,512
10.642647981643677,258,512,512,512
10.642647981643677,258,512,512,512
10.642647981643677,258,512,512,512
10.642647981643677,258,512,512,512
10.642647981643677,258,512,512,512
10.642647981643677,258,512,512,512
10.642647981643677,258,512,512,512
10.642647981643677,258,512,512,512
10.642647981643677,258,512,512,512
10.642647981643677,258,512,512,512
10.642647981643677,258,512,512,512
10.642647981643677,258,512,512,512
10.642647981643677,258,512,512,512
10.642647981643677,258,512,512,512
10.642647981643677,258,512,512,512
10.65819001197815,258,512,512,512
10.65819001197815,258,512,512,512
10.65819001197815,258,512,512,512
10.66020131111145,258,512,512,512
10.66020131111145,258,512,512,512
10.66020131111145,258,512,512,512
10.66020131111145,258,512,512,512
10.66020131111145,258,512,512,512
10.66020131111145,258,512,512,512
10.66020131111145,258,512,512,512
10.66020131111145,258,512,512,512
10.666335344314575,258,512,512,512
10.666335344314575,258,512,512,512
10.666335344314575,258,512,512,512
10.666335344314575,258,512,512,512
10.666335344314575,258,512,512,512
10.666335344314575,258,512,512,512
10.666335344314575,258,512,512,512
10.666335344314575,258,512,512,512
10.666335344314575,258,512,512,512
10.674513101577759,259,512,512,512
10.674513101577759,258,512,512,512
10.675949335098267,258,511,512,512
10.675949335098267,258,511,512,512
10.675949335098267,258,511,512,512
10.675949335098267,258,512,512,512
10.675949335098267,258,511,512,512
10.675949335098267,258,512,512,512
10.675949335098267,258,512,512,512
10.675949335098267,258,512,512,512
10.682661771774292,258,512,512,512
10.682661771774292,258,512,512,512
10.682661771774292,258,512,512,512
10.682661771774292,258,511,512,512
10.682661771774292,259,511,512,512
10.682661771774292,259,512,512,512
10.682661771774292,259,512,512,512
10.682661771774292,259,512,512,512
10.682661771774292,258,512,512,512
10.691084623336792,258,512,512,512
10.691084623336792,258,512,512,512
10.691084623336792,258,512,512,512
10.691084623336792,258,512,512,512
10.691084623336792,258,512,512,512
10.691084623336792,258,511,512,512
10.691084623336792,258,511,512,512
10.691084623336792,258,512,512,512
10.691084623336792,258,512,512,512
10.691084623336792,258,512,512,512
10.699335813522339,258,512,512,512
10.699638366699219,258,512,512,512
10.699638366699219,258,512,512,512
10.699638366699219,258,511,512,512
10.699638366699219,258,512,512,512
10.699638366699219,258,512,512,512
10.699638366699219,258,512,512,512
10.699638366699219,259,512,512,512
10.699638366699219,259,512,512,512
10.699638366699219,259,512,512,512
10.699638366699219,259,512,512,512
10.699638366699219,259,512,512,512
10.699638366699219,259,511,512,512
10.710025072097778,259,511,512,512
10.710025072097778,258,511,512,512
10.710025072097778,258,511,512,512
10.710025072097778,258,511,512,512
10.710025072097778,258,511,512,512
10.710025072097778,258,511,512,512
10.715631246566772,258,512,512,512
10.71642017364502,258,512,512,512
10.716928482055664,258,512,512,512
10.716928482055664,258,512,512,512
10.716928482055664,258,512,512,512
10.716928482055664,258,511,512,512
10.716928482055664,258,511,512,512
10.716928482055664,258,511,512,512
10.716928482055664,258,511,512,512
10.716928482055664,258,512,512,512
10.716928482055664,258,512,512,512
10.716928482055664,258,512,512,512
10.716928482055664,258,512,512,512
10.716928482055664,259,512,512,512
10.716928482055664,258,512,512,512
10.716928482055664,258,512,512,512
10.716928482055664,258,512,512,512
10.716928482055664,258,512,512,512
10.730705261230469,258,512,512,512
10.730705261230469,258,512,512,512
10.730705261230469,258,512,512,512
10.730705261230469,258,512,512,512
10.730705261230469,258,511,512,512
10.730705261230469,258,512,512,512
10.730705261230469,258,512,512,512
10.730705261230469,258,512,512,512
10.730705261230469,258,512,512,512
10.730705261230469,258,512,512,512
10.730705261230469,258,512,512,512
10.730705261230469,258,512,512,512
10.730705261230469,258,512,512,512
10.730705261230469,258,512,512,512
10.730705261230469,258,512,512,512
10.730705261230469,258,512,512,512
10.730705261230469,258,512,512,512
10.730705261230469,258,512,512,512
10.730705261230469,258,512,512,512
10.746466636657715,258,512,512,512
10.746466636657715,258,512,512,512
10.746466636657715,258,512,512,512
10.746466636657715,258,511,512,512
10.746466636657715,258,511,512,512
10.746466636657715,258,511,512,512
10.746466636657715,258,511,512,512
10.746466636657715,258,511,512,512
10.746466636657715,258,511,512,512
10.746466636657715,258,512,512,512
10.746466636657715,258,512,512,512
10.746466636657715,258,512,512,512
10.746466636657715,258,512,512,512
10.746466636657715,258,512,512,512
10.746466636657715,258,512,512,512
10.746466636657715,258,512,512,512
10.746466636657715,258,512,512,512
10.746466636657715,258,512,512,512
10.7621750831604,258,512,512,512
10.7621750831604,258,512,512,512
10.7621750831604,258,511,512,512
10.7621750831604,258,512,512,512
10.7621750831604,258,512,512,512
10.7621750831604,258,512,512,512
10.7621750831604,258,512,512,512
10.7621750831604,258,512,512,512
10.7621750831604,258,512,512,512
10.7621750831604,258,512,512,512
10.7621750831604,258,512,512,512
10.7621750831604,258,512,512,512
10.7621750831604,258,512,512,512
10.7621750831604,258,512,512,512
10.7621750831604,258,512,512,512
10.7621750831604,258,512,512,512
10.7621750831604,258,512,512,512
10.7621750831604,258,512,512,512
10.7621750831604,258,512,512,512
10.77816390991211,259,512,512,512
10.779445886611938,259,512,512,512
10.779445886611938,259,512,512,512
10.779445886611938,259,512,512,512
10.779445886611938,258,511,512,512
10.779445886611938,258,511,512,512
10.779445886611938,258,511,512,512
10.779445886611938,258,511,512,512
10.779445886611938,258,511,512,512
10.779445886611938,258,511,512,512
10.779445886611938,258,511,512,512
10.779445886611938,258,512,512,512
10.779445886611938,258,512,512,512
10.779445886611938,258,512,512,512
10.779445886611938,258,512,512,512
10.779445886611938,258,512,512,512
10.779445886611938,258,512,512,512
10.779445886611938,258,512,512,512
10.779445886611938,258,512,512,512
10.794607162475586,258,512,512,512
10.795626163482666,258,512,512,512
10.795626163482666,258,512,512,512
10.795626163482666,258,512,512,512
10.795626163482666,258,512,512,512
10.795626163482666,258,511,512,512
10.795626163482666,258,512,512,512
10.795626163482666,258,512,512,512
10.795626163482666,258,511,512,512
10.802180767059326,258,511,512,512
10.802180767059326,258,512,512,512
10.802180767059326,258,512,512,512
10.802180767059326,258,512,512,512
10.802180767059326,258,512,512,512
10.802180767059326,258,512,512,512
10.802180767059326,258,512,512,512
10.808865547180176,258,512,512,512
10.808865547180176,258,512,512,512
10.809280157089233,258,512,512,512
10.810290336608887,258,512,512,512
10.810290336608887,258,512,512,512
10.810290336608887,258,512,512,512
10.810290336608887,258,512,512,512
10.810290336608887,258,512,512,512
10.8150794506073,258,512,512,512
10.815940856933594,258,512,512,512
10.815940856933594,258,512,512,512
10.815940856933594,258,511,512,512
10.815940856933594,258,512,512,512
10.818700075149536,258,512,512,512
10.819993734359741,259,512,512,512
10.819993734359741,259,512,512,512
10.819993734359741,259,512,512,512
10.819993734359741,258,511,512,512
10.819993734359741,258,511,512,512
10.819993734359741,258,511,512,512
10.819993734359741,258,511,512,512
10.825879335403442,258,511,512,512
10.825879335403442,258,512,512,512
10.825879335403442,258,512,512,512
10.825879335403442,258,512,512,512
10.825879335403442,258,512,512,512
10.825879335403442,258,512,512,512
10.825879335403442,258,512,512,512
10.825879335403442,258,512,512,512
10.825879335403442,258,512,512,512
10.825879335403442,258,512,512,512
10.83434510231018,258,512,512,512
10.835340976715088,258,512,512,512
10.835340976715088,258,512,512,512
10.835340976715088,258,512,512,512
10.835340976715088,258,512,512,512
10.835340976715088,259,512,512,512
10.835340976715088,258,512,512,512
10.835340976715088,258,512,512,512
10.835340976715088,258,512,512,512
10.835340976715088,258,512,512,512
10.835340976715088,258,512,512,512
10.835340976715088,258,512,512,512
10.835340976715088,258,512,512,512
10.835340976715088,258,512,512,512
10.835340976715088,258,512,512,512
10.835340976715088,258,512,512,512
10.835340976715088,258,512,512,512
10.835340976715088,258,512,512,512
10.835340976715088,258,512,512,512
10.850192308425903,258,512,512,512
10.851142406463623,258,512,512,512
10.851142406463623,258,512,512,512
10.851142406463623,258,512,512,512
10.851142406463623,258,512,512,512
10.855000972747803,258,512,512,512
10.855498552322388,258,512,512,512
10.855498552322388,258,512,512,512
10.855498552322388,258,512,512,512
10.855498552322388,258,512,512,512
10.855498552322388,259,512,512,512
10.855498552322388,259,512,512,512
10.855498552322388,259,512,512,512
10.855498552322388,259,512,512,512
10.855498552322388,259,512,512,512
10.855498552322388,259,512,512,512
10.855498552322388,258,512,512,512
10.855498552322388,258,512,512,512
10.86586880683899,258,511,512,512
10.86586880683899,258,511,512,512
10.86586880683899,258,511,512,512
10.86586880683899,258,511,512,512
10.86586880683899,258,512,512,512
10.86586880683899,258,512,512,512
10.86586880683899,258,512,512,512
10.86586880683899,258,512,512,512
10.86586880683899,258,512,512,512
10.86586880683899,258,512,512,512
10.86586880683899,258,512,512,512
10.86586880683899,258,512,512,512
10.86586880683899,258,512,512,512
10.86586880683899,258,512,512,512
10.86586880683899,258,512,512,512
10.86586880683899,258,512,512,512
10.86586880683899,258,512,512,512
10.86586880683899,258,512,512,512
10.86586880683899,258,512,512,512
10.882347106933594,258,512,512,512
10.883069515228271,258,512,512,512
10.883641481399536,258,511,512,512
10.883641481399536,258,511,512,512
10.883641481399536,258,511,512,512
10.883641481399536,258,511,512,512
10.883641481399536,258,511,512,512
10.883641481399536,258,512,512,512
10.883641481399536,258,512,512,512
10.883641481399536,258,511,512,512
10.883641481399536,258,511,512,512
10.883641481399536,259,512,512,512
10.883641481399536,259,512,512,512
10.883641481399536,258,512,512,512
10.883641481399536,259,512,512,512
10.883641481399536,259,512,512,512
10.883641481399536,258,511,512,512
10.883641481399536,258,511,512,512
10.883641481399536,259,511,512,512
10.897827386856079,258,511,512,512
10.897827386856079,258,511,512,512
10.897827386856079,258,512,512,512
10.897827386856079,258,512,512,512
10.897827386856079,258,512,512,512
10.897827386856079,258,512,512,512
10.897827386856079,258,512,512,512
10.897827386856079,258,512,512,512
10.897827386856079,258,512,512,512
10.897827386856079,258,512,512,512
10.897827386856079,258,512,512,512
10.897827386856079,258,512,512,512
10.897827386856079,258,512,512,512
10.897827386856079,258,512,512,512
10.897827386856079,259,512,512,512
10.897827386856079,259,511,512,512
10.897827386856079,259,512,512,512
10.897827386856079,259,512,512,512
10.897827386856079,259,512,512,512
10.914707899093628,259,511,512,512
10.915449380874634,259,512,512,512
10.916009902954102,259,512,512,512
10.916009902954102,259,511,512,512
10.916009902954102,259,512,512,512
10.916009902954102,259,512,512,512
10.916009902954102,259,511,512,512
10.916009902954102,259,511,512,512
10.916009902954102,259,511,512,512
10.916009902954102,259,511,512,512
10.916009902954102,259,510,512,512
10.916009902954102,259,510,512,512
10.916009902954102,258,510,512,512
10.916009902954102,257,510,512,512
10.916009902954102,257,509,512,512
10.916009902954102,256,509,512,512
10.916009902954102,254,509,512,512
10.916009902954102,253,510,512,512
10.929760932922363,252,510,512,512
10.929760932922363,250,510,512,512
10.929760932922363,248,511,512,512
10.929760932922363,246,510,512,512
10.929760932922363,244,510,512,512
10.929760932922363,243,510,512,512
10.929760932922363,241,509,512,512
10.929760932922363,239,508,512,512
10.929760932922363,238,508,512,512
10.929760932922363,236,508,512,512
10.929760932922363,234,507,512,512
10.929760932922363,233,507,512,512
10.929760932922363,231,507,512,512
10.929760932922363,230,507,512,512
10.929760932922363,229,507,512,512
10.929760932922363,227,507,512,512
10.929760932922363,226,507,512,512
10.929760932922363,224,507,512,512
10.929760932922363,221,507,512,512
10.946134805679321,219,507,512,512
10.946874618530273,217,508,512,512
10.946874618530273,215,508,512,512
10.946874618530273,213,508,512,512
10.946874618530273,210,508,512,512
10.946874618530273,208,508,512,512
10.946874618530273,206,508,512,512
10.946874618530273,203,508,512,512
10.946874618530273,201,508,512,512
10.946874618530273,199,507,512,512
10.946874618530273,197,507,512,512
10.946874618530273,195,507,512,512
10.946874618530273,193,507,512,512
10.946874618530273,192,507,512,512
10.946874618530273,191,507,512,512
10.946874618530273,189,507,512,512
10.946874618530273,188,507,512,512
10.946874618530273,187,507,512,512
10.961230039596558,185,507,512,512
10.961230039596558,184,508,512,512
10.961230039596558,183,508,512,512
10.961230039596558,182,509,512,512
10.961230039596558,180,509,512,512
10.961230039596558,178,509,512,512
10.961230039596558,177,510,512,512
10.961230039596558,176,510,512,512
10.961230039596558,175,510,512,512
10.961230039596558,174,510,512,512
10.961230039596558,173,510,512,512
10.961230039596558,172,510,512,512
10.961230039596558,171,510,512,512
10.961230039596558,171,510,512,512
10.961230039596558,170,511,512,512
10.961230039596558,170,511,512,512
10.961230039596558,170,510,512,512
10.961230039596558,170,510,512,512
10.961230039596558,170,510,512,512
10.97706413269043,170,510,512,512
10.978484392166138,171,511,512,512
10.979077816009521,171,511,512,512
10.979077816009521,172,512,512,512
10.979077816009521,172,512,512,512
10.979077816009521,172,512,512,512
10.979077816009521,173,513,512,512
10.979077816009521,173,514,512,512
10.979077816009521,173,514,512,512
10.979077816009521,174,515,512,512
10.979077816009521,175,515,512,512
10.979077816009521,175,515,512,512
10.979077816009521,176,515,512,512
10.979077816009521,177,515,512,512
10.979077816009521,178,515,512,512
10.979077816009521,179,515,512,512
10.979077816009521,180,515,512,512
10.979077816009521,182,515,512,512
10.992852926254272,184,515,512,512
10.992852926254272,185,515,512,512
10.992852926254272,187,515,512,512
10.992852926254272,189,515,512,512
10.992852926254272,191,515,512,512
10.992852926254272,192,515,512,512
10.992852926254272,194,516,512,512
10.992852926254272,196,516,512,512
10.992852926254272,198,516,512,512
10.992852926254272,200,516,512,512
10.992852926254272,201,516,512,512
10.992852926254272,203,516,512,512
10.992852926254272,204,517,512,512
10.992852926254272,206,517,512,512
10.992852926254272,207,517,512,512
10.992852926254272,209,516,512,512
10.992852926254272,211,516,512,512
10.992852926254272,213,516,512,512
10.992852926254272,215,516,512,512
11.009140729904175,217,515,512,512
11.009884595870972,218,515,512,512
11.009884595870972,220,515,512,512
11.009884595870972,222,514,512,512
11.009884595870972,224,514,512,512
11.009884595870972,226,514,512,512
11.009884595870972,228,514,512,512
11.009884595870972,229,514,512,512
11.015206098556519,231,514,512,512
11.015206098556519,232,515,512,512
11.015206098556519,233,515,512,512
11.015206098556519,234,514,512,512
11.015206098556519,235,514,512,512
11.015206098556519,236,514,512,512
11.015206098556519,237,514,512,512
11.015206098556519,237,514,512,512
11.015206098556519,237,514,512,512
11.015206098556519,238,513,512,512
11.024220943450928,238,513,512,512
11.024220943450928,238,512,512,512
11.024220943450928,239,512,512,512
11.024220943450928,239,511,512,512
11.024220943450928,239,511,512,512
11.024220943450928,239,511,512,512
11.024220943450928,239,511,512,512
11.024220943450928,239,510,512,512
11.024220943450928,239,510,512,512
11.024220943450928,239,510,512,512
11.024220943450928,238,510,512,512
11.024220943450928,237,510,512,512
11.024220943450928,236,510,512,512
11.024220943450928,235,510,512,512
11.024220943450928,234,510,512,512
11.024220943450928,233,510,512,512
11.024220943450928,231,510,512,512
11.024220943450928,229,509,512,512
11.024220943450928,228,509,512,512
11.03997015953064,225,509,512,512
11.041175127029419,224,509,512,512
11.041175127029419,222,509,512,512
11.041175127029419,221,508,512,512
11.043187379837036,219,508,512,512
11.044602155685425,218,508,512,512
11.045207500457764,217,507,512,512
11.045741319656372,215,507,512,512
11.045741319656372,213,507,512,512
11.045741319656372,212,507,512,512
11.045741319656372,210,507,512,512
11.045741319656372,209,507,512,512
11.045741319656372,207,507,512,512
11.045741319656372,205,507,512,512
11.045741319656372,204,508,512,512
11.045741319656372,202,508,512,512
11.045741319656372,199,508,512,512
11.045741319656372,197,508,512,512
11.045741319656372,196,508,512,512
11.056018829345703,194,509,512,512
11.056018829345703,192,509,512,512
11.056018829345703,191,509,512,512
11.056018829345703,190,509,512,512
11.056018829345703,188,508,512,512
11.056018829345703,186,508,512,512
11.056018829345703,185,508,512,512
11.056018829345703,184,508,512,512
11.056018829345703,183,508,512,512
11.056018829345703,182,508,512,512
11.056018829345703,181,508,512,512
11.056018829345703,181,509,512,512
11.056018829345703,180,509,512,512
11.056018829345703,179,509,512,512
11.056018829345703,178,509,512,512
11.056018829345703,178,510,512,512
11.056018829345703,177,510,512,512
11.056018829345703,176,511,512,512
11.056018829345703,176,511,512,512
11.07614517211914,175,511,512,512
11.07614517211914,175,512,512,512
11.07614517211914,174,512,512,512
11.07614517211914,174,512,512,512
11.07614517211914,174,512,512,512
11.07614517211914,173,513,512,512
11.07614517211914,174,512,512,512
11.07614517211914,174,512,512,512
11.07614517211914,174,512,512,512
11.07614517211914,174,512,512,512
11.07614517211914,175,512,512,512
11.07614517211914,176,512,512,512
11.07614517211914,177,513,512,512
11.07614517211914,177,513,512,512
11.07614517211914,178,513,512,512
11.07614517211914,178,513,512,512
11.07614517211914,179,514,512,512
11.07614517211914,180,514,512,512
11.087878465652466,181,514,512,512
11.087878465652466,182,515,512,512
11.087878465652466,183,515,512,512
11.087878465652466,184,515,512,512
11.087878465652466,185,515,512,512
11.092589855194092,186,515,512,512
11.092589855194092,187,515,512,512
11.092589855194092,188,515,512,512
11.092589855194092,189,515,512,512
11.092589855194092,191,515,512,512
11.092589855194092,192,515,512,512
11.092589855194092,194,515,512,512
11.092589855194092,195,515,512,512
11.092589855194092,197,515,512,512
11.092589855194092,199,515,512,512
11.092589855194092,200,515,512,512
11.092589855194092,203,516,512,512
11.092589855194092,205,516,512,512
11.092589855194092,206,516,512,512
11.103773593902588,208,516,512,512
11.103773593902588,209,516,512,512
11.105788469314575,211,516,512,512
11.105788469314575,212,516,512,512
11.107797384262085,213,516,512,512
11.107797384262085,215,516,512,512
11.107797384262085,217,516,512,512
11.109805822372437,218,516,512,512
11.109805822372437,219,516,512,512
11.111811399459839,220,515,512,512
11.111811399459839,221,515,512,512
11.111811399459839,223,515,512,512
11.11381483078003,224,514,512,512
11.11381483078003,226,514,512,512
11.115318059921265,227,514,512,512
11.115318059921265,228,514,512,512
11.117320775985718,229,513,512,512
11.117320775985718,231,513,512,512
11.119323015213013,232,514,512,512
11.119323015213013,233,514,512,512
11.121325969696045,233,513,512,512
11.121325969696045,234,513,512,512
11.121325969696045,234,513,512,512
11.123328447341919,235,513,512,512
11.123328447341919,235,513,512,512
11.12533187866211,235,513,512,512
11.12533187866211,234,513,512,512
11.12533187866211,234,512,512,512
11.12533187866211,234,512,512,512
11.12533187866211,233,512,512,512
11.12533187866211,233,511,512,512
11.12533187866211,233,511,512,512
11.12533187866211,232,511,512,512
11.12533187866211,232,511,512,512
11.12533187866211,231,510,512,512
11.12533187866211,231,510,512,512
11.12533187866211,230,509,512,512
11.13563060760498,229,509,512,512
11.136539936065674,228,509,512,512
11.137066125869751,227,509,512,512
11.137066125869751,226,509,512,512
11.137066125869751,225,509,512,512
11.137066125869751,224,509,512,512
11.137066125869751,223,509,512,512
11.14182186126709,221,509,512,512
11.142143964767456,219,509,512,512
11.143157958984375,218,509,512,512
11.14399242401123,216,509,512,512
11.14499568939209,214,509,512,512
11.14499568939209,213,509,512,512
11.14499568939209,211,509,512,512
11.14499568939209,210,509,512,512
11.14499568939209,208,508,512,512
11.14499568939209,206,508,512,512
11.14499568939209,205,508,512,512
11.14499568939209,203,508,512,512
11.15120816230774,202,508,512,512
11.152736902236938,201,508,512,512
11.153243780136108,200,508,512,512
11.153243780136108,198,508,512,512
11.153243780136108,197,508,512,512
11.153243780136108,195,509,512,512
11.153243780136108,194,509,512,512
11.153243780136108,193,509,512,512
11.158584117889404,191,509,512,512
11.158584117889404,190,510,512,512
11.159850358963013,189,510,512,512
11.159850358963013,188,510,512,512
11.159850358963013,187,510,512,512
11.159850358963013,185,510,512,512
11.159850358963013,184,509,512,512
11.159850358963013,183,509,512,512
11.159850358963013,182,509,512,512
11.159850358963013,181,509,512,512
11.159850358963013,180,510,512,512
11.168026685714722,180,510,512,512
11.168026685714722,179,510,512,512
11.168026685714722,179,510,512,512
11.168026685714722,179,510,512,512
11.168026685714722,178,511,512,512
11.168026685714722,178,511,512,512
11.168026685714722,178,511,512,512
11.168026685714722,178,512,512,512
11.175651550292969,178,512,512,512
11.175651550292969,178,512,512,512
11.175651550292969,177,512,512,512
11.175651550292969,177,513,512,512
11.175651550292969,177,513,512,512
11.175651550292969,178,513,512,512
11.175651550292969,178,513,512,512
11.175651550292969,178,513,512,512
11.175651550292969,178,513,512,512
11.175651550292969,179,513,512,512
11.175651550292969,179,513,512,512
11.18366813659668,180,513,512,512
11.18366813659668,180,513,512,512
11.18366813659668,181,513,512,512
11.18366813659668,182,514,512,512
11.18366813659668,183,514,512,512
11.18366813659668,184,514,512,512
11.18366813659668,185,514,512,512
11.18366813659668,186,514,512,512
11.18366813659668,187,514,512,512
11.19263482093811,188,514,512,512
11.19263482093811,190,515,512,512
11.193384885787964,191,515,512,512
11.193384885787964,192,515,512,512
11.193384885787964,193,515,512,512
11.193384885787964,194,515,512,512
11.193384885787964,195,515,512,512
11.193384885787964,197,515,512,512
11.193384885787964,198,516,512,512
11.193384885787964,199,516,512,512
11.193384885787964,200,516,512,512
11.193384885787964,202,516,512,512
11.193384885787964,203,515,512,512
11.193384885787964,204,515,512,512
11.193384885787964,206,514,512,512
11.193384885787964,208,515,512,512
11.193384885787964,209,515,512,512
11.193384885787964,211,514,512,512
11.193384885787964,212,514,512,512
11.208414316177368,214,514,512,512
11.208414316177368,215,514,512,512
11.208414316177368,216,514,512,512
11.21051812171936,218,515,512,512
11.21051812171936,219,515,512,512
11.21051812171936,220,515,512,512
11.21051812171936,221,515,512,512
11.21051812171936,222,515,512,512
11.21051812171936,223,514,512,512
11.215430974960327,224,514,512,512
11.216443300247192,225,514,512,512
11.216443300247192,226,514,512,512
11.216443300247192,226,514,512,512
11.216443300247192,227,513,512,512
11.216443300247192,228,513,512,512
11.216443300247192,228,513,512,512
11.216443300247192,229,513,512,512
11.216443300247192,229,513,512,512
11.216443300247192,230,513,512,512
11.224502563476562,230,512,512,512
11.224502563476562,230,512,512,512
11.226190328598022,231,512,512,512
11.226190328598022,230,512,512,512
11.226190328598022,230,512,512,512
11.226190328598022,230,512,512,512
11.226190328598022,230,512,512,512
11.226190328598022,229,512,512,512
11.226190328598022,229,511,512,512
11.226190328598022,228,511,512,512
11.23259711265564,228,511,512,512
11.23259711265564,227,511,512,512
11.23259711265564,226,510,512,512
11.23259711265564,225,511,512,512
11.23259711265564,224,510,512,512
11.23259711265564,223,510,512,512
11.23259711265564,222,509,512,512
11.23259711265564,221,509,512,512
11.23259711265564,220,509,512,512
11.23259711265564,219,509,512,512
11.240728378295898,218,509,512,512
11.240728378295898,217,509,512,512
11.240728378295898,216,509,512,512
11.240728378295898,215,509,512,512
11.240728378295898,213,509,512,512
11.240728378295898,212,509,512,512
11.240728378295898,211,509,512,512
11.240728378295898,210,509,512,512
11.240728378295898,208,509,512,512
11.240728378295898,207,509,512,512
11.249235391616821,205,509,512,512
11.249235391616821,204,509,512,512
11.249235391616821,202,509,512,512
11.249235391616821,201,509,512,512
11.249235391616821,199,509,512,512
11.249235391616821,198,509,512,512
11.249235391616821,197,509,512,512
11.249235391616821,196,509,512,512
11.249235391616821,195,509,512,512
11.249235391616821,194,509,512,512
11.249235391616821,192,509,512,512
11.249235391616821,191,509,512,512
11.249235391616821,190,509,512,512
11.249235391616821,189,509,512,512
11.249235391616821,189,509,512,512
11.249235391616821,188,510,512,512
11.249235391616821,187,510,512,512
11.249235391616821,186,510,512,512
11.26490306854248,185,510,512,512
11.265902519226074,184,510,512,512
11.266656160354614,183,511,512,512
11.266656160354614,183,511,512,512
11.266656160354614,182,511,512,512
11.266656160354614,181,511,512,512
11.266656160354614,181,511,512,512
11.266656160354614,181,511,512,512
11.266656160354614,180,512,512,512
11.266656160354614,180,512,512,512
11.266656160354614,180,511,512,512
11.266656160354614,180,512,512,512
11.266656160354614,180,512,512,512
11.266656160354614,180,512,512,512
11.266656160354614,180,512,512,512
11.266656160354614,181,512,512,512
11.266656160354614,181,512,512,512
11.266656160354614,181,512,512,512
11.266656160354614,181,512,512,512
11.280651092529297,182,512,512,512
11.280651092529297,182,513,512,512
11.280651092529297,182,513,512,512
11.280651092529297,183,513,512,512
11.280651092529297,184,514,512,512
11.280651092529297,184,514,512,512
11.280651092529297,185,514,512,512
11.280651092529297,186,514,512,512
11.280651092529297,186,514,512,512
11.280651092529297,187,514,512,512
11.280651092529297,187,515,512,512
11.280651092529297,188,515,512,512
11.280651092529297,189,515,512,512
11.280651092529297,191,514,512,512
11.280651092529297,192,515,512,512
11.280651092529297,193,515,512,512
11.280651092529297,194,515,512,512
11.280651092529297,195,515,512,512
11.296297550201416,196,515,512,512
11.297301769256592,198,515,512,512
11.298337459564209,199,515,512,512
11.29882001876831,201,515,512,512
11.29882001876831,202,515,512,512
11.29882001876831,203,515,512,512
11.29882001876831,204,515,512,512
11.29882001876831,205,515,512,512
11.29882001876831,206,515,512,512
11.29882001876831,207,515,512,512
11.304483890533447,208,515,512,512
11.304483890533447,210,515,512,512
11.304483890533447,211,515,512,512
11.304483890533447,212,515,512,512
11.304483890533447,213,515,512,512
11.309277296066284,214,515,512,512
11.309277296066284,215,514,512,512
11.309277296066284,216,514,512,512
11.309277296066284,217,514,512,512
11.312666416168213,219,514,512,512
11.312666416168213,220,514,512,512
11.312666416168213,221,514,512,512
11.312666416168213,222,514,512,512
11.316183090209961,222,514,512,512
11.316949129104614,223,514,512,512
11.316949129104614,224,513,512,512
11.316949129104614,224,513,512,512
11.316949129104614,225,513,512,512
11.316949129104614,225,513,512,512
11.320723056793213,226,513,512,512
11.320723056793213,226,512,512,512
11.320723056793213,226,512,512,512
11.320723056793213,226,512,512,512
11.320723056793213,226,512,512,512
11.320723056793213,226,512,512,512
11.325984716415405,226,512,512,512
11.325984716415405,227,512,512,512
11.325984716415405,226,512,512,512
11.325984716415405,226,511,512,512
11.325984716415405,226,511,512,512
11.325984716415405,225,511,512,512
11.325984716415405,225,510,512,512
11.325984716415405,225,511,512,512
11.325984716415405,224,511,512,512
11.325984716415405,223,510,512,512
11.325984716415405,222,510,512,512
11.325984716415405,222,510,512,512
11.336368322372437,221,510,512,512
11.337348937988281,220,510,512,512
11.338126420974731,219,510,512,512
11.338126420974731,218,510,512,512
11.338126420974731,216,510,512,512
11.338126420974731,216,510,512,512
11.338126420974731,215,510,512,512
11.338126420974731,214,510,512,512
11.338126420974731,213,509,512,512
11.338126420974731,212,509,512,512
11.338126420974731,210,509,512,512
11.338126420974731,209,509,512,512
11.338126420974731,208,509,512,512
11.338126420974731,207,509,512,512
11.338126420974731,206,509,512,512
11.338126420974731,205,509,512,512
11.338126420974731,204,509,512,512
11.338126420974731,203,509,512,512
11.338126420974731,201,509,512,512
11.352136611938477,200,509,512,512
11.352136611938477,198,509,512,512
11.352136611938477,197,509,512,512
11.352136611938477,196,509,512,512
11.352136611938477,195,509,512,512
11.352136611938477,194,510,512,512
11.352136611938477,193,510,512,512
11.352136611938477,193,510,512,512
11.352136611938477,192,510,512,512
11.352136611938477,190,510,512,512
11.352136611938477,190,510,512,512
11.352136611938477,189,510,512,512
11.352136611938477,188,510,512,512
11.352136611938477,188,510,512,512
11.352136611938477,187,510,512,512
11.352136611938477,186,510,512,512
11.352136611938477,186,510,512,512
11.352136611938477,185,511,512,512
11.352136611938477,185,511,512,512
11.368173837661743,185,511,512,512
11.368173837661743,184,511,512,512
11.368173837661743,184,511,512,512
11.371263265609741,184,512,512,512
11.371771574020386,183,512,512,512
11.371771574020386,183,512,512,512
11.371771574020386,183,512,512,512
11.371771574020386,183,512,512,512
11.371771574020386,183,512,512,512
11.371771574020386,183,513,512,512
11.371771574020386,183,512,512,512
11.371771574020386,183,513,512,512
11.371771574020386,183,513,512,512
11.371771574020386,183,513,512,512
11.371771574020386,184,513,512,512
11.371771574020386,184,513,512,512
11.371771574020386,185,513,512,512
11.371771574020386,185,513,512,512
11.384069204330444,186,513,512,512
11.384069204330444,187,513,512,512
11.384069204330444,187,513,512,512
11.386808633804321,188,514,512,512
11.387489557266235,188,514,512,512
11.387489557266235,189,514,512,512
11.387489557266235,190,514,512,512
11.387489557266235,191,514,512,512
11.387489557266235,191,514,512,512
11.387489557266235,192,514,512,512
11.387489557266235,193,514,512,512
11.387489557266235,194,514,512,512
11.387489557266235,195,514,512,512
11.387489557266235,196,514,512,512
11.387489557266235,197,514,512,512
11.387489557266235,198,514,512,512
11.387489557266235,199,514,512,512
11.387489557266235,200,514,512,512
11.387489557266235,201,515,512,512
11.3997802734375,203,515,512,512
11.3997802734375,204,514,512,512
11.3997802734375,205,514,512,512
11.3997802734375,206,514,512,512
11.3997802734375,207,514,512,512
11.3997802734375,208,514,512,512
11.3997802734375,209,514,512,512
11.3997802734375,210,515,512,512
11.3997802734375,211,515,512,512
11.3997802734375,212,514,512,512
11.3997802734375,213,514,512,512
11.3997802734375,214,514,512,512
11.3997802734375,215,514,512,512
11.3997802734375,216,514,512,512
11.3997802734375,217,514,512,512
11.3997802734375,217,514,512,512
11.3997802734375,218,513,512,512
11.3997802734375,219,513,512,512
11.415479183197021,220,513,512,512
11.415479183197021,220,513,512,512
11.415479183197021,221,513,512,512
11.415479183197021,221,513,512,512
11.415479183197021,222,513,512,512
11.415479183197021,222,513,512,512
11.415479183197021,223,513,512,512
11.415479183197021,223,512,512,512
11.415479183197021,223,512,512,512
11.415479183197021,223,512,512,512
11.415479183197021,223,513,512,512
11.415479183197021,223,512,512,512
11.415479183197021,223,512,512,512
11.415479183197021,223,512,512,512
11.415479183197021,223,512,512,512
11.415479183197021,222,512,512,512
11.415479183197021,222,512,512,512
11.415479183197021,222,512,512,512
11.415479183197021,222,511,512,512
11.431233882904053,221,511,512,512
11.432018756866455,221,510,512,512
11.432018756866455,220,510,512,512
11.432018756866455,220,510,512,512
11.432018756866455,219,510,512,512
11.432018756866455,218,510,512,512
11.432018756866455,217,510,512,512
11.432018756866455,217,510,512,512
11.432018756866455,216,510,512,512
11.432018756866455,215,510,512,512
11.432018756866455,214,510,512,512
11.432018756866455,214,510,512,512
11.432018756866455,212,510,512,512
11.432018756866455,211,510,512,512
11.432018756866455,210,510,512,512
11.432018756866455,209,510,512,512
11.432018756866455,208,510,512,512
11.432018756866455,207,509,512,512
11.432018756866455,206,509,512,512
11.447312831878662,205,509,512,512
11.44875454902649,204,509,512,512
11.449501991271973,203,509,512,512
11.450229406356812,202,509,512,512
11.450229406356812,201,509,512,512
11.450229406356812,200,509,512,512
11.450229406356812,199,509,512,512
11.450229406356812,198,510,512,512
11.450229406356812,198,510,512,512
11.450229406356812,196,510,512,512
11.456406116485596,195,510,512,512
11.457167625427246,194,510,512,512
11.457167625427246,193,510,512,512
11.457167625427246,193,510,512,512
11.457167625427246,192,510,512,512
11.457167625427246,191,511,512,512
11.457167625427246,191,511,512,512
11.457167625427246,190,510,512,512
11.463258981704712,189,510,512,512
11.463258981704712,189,510,512,512
11.463258981704712,188,510,512,512
11.463258981704712,188,510,512,512
11.463258981704712,187,510,512,512
11.463258981704712,187,510,512,512
11.463258981704712,186,510,512,512
11.463258981704712,186,511,512,512
11.463258981704712,185,511,512,512
11.463258981704712,185,511,512,512
11.463258981704712,185,511,512,512
11.463258981704712,185,512,512,512
11.463258981704712,185,512,512,512
11.463258981704712,185,512,512,512
11.463258981704712,185,512,512,512
11.463258981704712,185,512,512,512
11.463258981704712,185,512,512,512
11.463258981704712,185,513,512,512
11.463258981704712,185,513,512,512
11.479511499404907,186,513,512,512
11.480280637741089,186,513,512,512
11.480790853500366,186,513,512,512
11.480790853500366,187,513,512,512
11.480790853500366,187,513,512,512
11.480790853500366,188,513,512,512
11.480790853500366,188,513,512,512
11.480790853500366,188,514,512,512
11.480790853500366,189,513,512,512
11.480790853500366,190,513,512,512
11.480790853500366,190,514,512,512
11.480790853500366,191,514,512,512
11.480790853500366,192,514,512,512
11.480790853500366,193,514,512,512
11.480790853500366,194,514,512,512
11.480790853500366,195,514,512,512
11.480790853500366,195,514,512,512
11.480790853500366,196,514,512,512
11.494620084762573,197,514,512,512
11.494620084762573,198,514,512,512
11.494620084762573,199,514,512,512
11.494620084762573,200,515,512,512
11.494620084762573,201,514,512,512
11.494620084762573,202,514,512,512
11.494620084762573,203,514,512,512
11.494620084762573,204,514,512,512
11.494620084762573,205,514,512,512
11.494620084762573,205,514,512,512
11.494620084762573,207,514,512,512
11.494620084762573,208,514,512,512
11.494620084762573,209,514,512,512
11.494620084762573,209,513,512,512
11.494620084762573,210,513,512,512
11.494620084762573,211,513,512,512
11.494620084762573,212,513,512,512
11.494620084762573,213,513,512,512
11.494620084762573,214,514,512,512
11.510463237762451,215,513,512,512
11.511933088302612,215,513,512,512
11.511933088302612,216,513,512,512
11.511933088302612,216,513,512,512
11.511933088302612,217,513,512,512
11.511933088302612,218,514,512,512
11.515455961227417,218,513,512,512
11.515455961227417,219,513,512,512
11.515455961227417,219,513,512,512
11.515455961227417,219,513,512,512
11.515455961227417,220,513,512,512
11.515455961227417,220,513,512,512
11.515455961227417,220,513,512,512
11.515455961227417,221,513,512,512
11.515455961227417,221,512,512,512
11.515455961227417,221,512,512,512
11.515455961227417,221,512,512,512
11.515455961227417,221,512,512,512
11.526265859603882,221,511,512,512
11.52723503112793,221,511,512,512
11.52723503112793,221,511,512,512
11.52723503112793,221,511,512,512
11.52723503112793,220,511,512,512
11.52723503112793,220,511,512,512
11.52723503112793,219,511,512,512
11.52723503112793,219,511,512,512
11.52723503112793,218,510,512,512
11.52723503112793,218,510,512,512
11.52723503112793,217,510,512,512
11.52723503112793,217,510,512,512
11.52723503112793,216,510,512,512
11.52723503112793,215,510,512,512
11.52723503112793,214,510,512,512
11.52723503112793,213,510,512,512
11.52723503112793,213,510,512,512
11.52723503112793,212,510,512,512
11.52723503112793,211,510,512,512
11.541950464248657,211,510,512,512
11.541950464248657,210,510,512,512
11.541950464248657,209,510,512,512
11.541950464248657,208,509,512,512
11.541950464248657,207,509,512,512
11.541950464248657,206,509,512,512
11.541950464248657,205,509,512,512
11.541950464248657,204,509,512,512
11.541950464248657,203,509,512,512
11.541950464248657,202,509,512,512
11.541950464248657,201,509,512,512
11.541950464248657,200,510,512,512
11.541950464248657,199,510,512,512
11.541950464248657,199,510,512,512
11.541950464248657,198,509,512,512
11.541950464248657,197,509,512,512
11.541950464248657,196,509,512,512
11.541950464248657,196,509,512,512
11.558058500289917,195,510,512,512
11.558058500289917,194,510,512,512
11.55999755859375,193,510,512,512
11.55999755859375,193,510,512,512
11.561010122299194,192,510,512,512
11.561010122299194,191,510,512,512
11.562606811523438,191,510,512,512
11.562606811523438,191,510,512,512
11.564250230789185,190,511,512,512
11.564250230789185,190,511,512,512
11.565820455551147,189,511,512,512
11.565820455551147,189,511,512,512
11.567396402359009,188,511,512,512
11.567396402359009,188,511,512,512
11.56896710395813,188,511,512,512
11.570536851882935,188,511,512,512
11.570536851882935,187,511,512,512
11.572165250778198,187,512,512,512
11.572165250778198,187,512,512,512
11.573758125305176,187,512,512,512
11.573758125305176,187,512,512,512
11.575340032577515,187,512,512,512
11.575340032577515,187,512,512,512
11.576919317245483,188,512,512,512
11.576919317245483,188,512,512,512
11.578496217727661,188,512,512,512
11.578496217727661,189,512,512,512
11.580084562301636,189,512,512,512
11.581630229949951,189,512,512,512
11.581630229949951,189,513,512,512
11.583204746246338,190,513,512,512
11.583204746246338,190,513,512,512
11.584760665893555,191,513,512,512
11.584760665893555,191,513,512,512
11.586308240890503,192,513,512,512
11.586308240890503,192,513,512,512
11.587842464447021,193,514,512,512
11.589390277862549,194,514,512,512
11.589390277862549,194,513,512,512
11.590970516204834,195,513,512,512
11.590970516204834,196,514,512,512
11.590970516204834,197,513,512,512
11.592575311660767,197,514,512,512
11.59417986869812,198,514,512,512
11.59417986869812,199,514,512,512
11.595738410949707,200,514,512,512
11.595738410949707,201,514,512,512
11.595738410949707,201,514,512,512
11.595738410949707,203,514,512,512
11.595738410949707,203,513,512,512
11.595738410949707,204,514,512,512
11.595738410949707,205,514,512,512
11.595738410949707,206,514,512,512
11.595738410949707,206,513,512,512
11.595738410949707,207,514,512,512
11.595738410949707,208,513,512,512
11.6051664352417,209,513,512,512
11.606295585632324,210,513,512,512
11.6065092086792,211,514,512,512
11.6065092086792,211,513,512,512
11.6065092086792,212,513,512,512
11.6065092086792,213,513,512,512
11.6065092086792,213,513,512,512
11.6065092086792,214,513,512,512
11.6065092086792,215,513,512,512
11.6065092086792,215,513,512,512
11.6065092086792,216,513,512,512
11.6065092086792,217,513,512,512
11.6065092086792,217,513,512,512
11.615741491317749,217,513,512,512
11.615741491317749,218,512,512,512
11.615741491317749,218,512,512,512
11.615741491317749,218,512,512,512
11.615741491317749,219,512,512,512
11.615741491317749,219,512,512,512
11.620957374572754,219,512,512,512
11.620957374572754,219,511,512,512
11.620957374572754,219,511,512,512
11.620957374572754,219,511,512,512
11.620957374572754,219,511,512,512
11.620957374572754,219,511,512,512
11.620957374572754,219,511,512,512
11.620957374572754,218,511,512,512
11.620957374572754,218,511,512,512
11.620957374572754,218,511,512,512
11.620957374572754,218,511,512,512
11.620957374572754,217,511,512,512
11.620957374572754,217,511,512,512
11.620957374572754,216,510,512,512
11.620957374572754,216,510,512,512
11.620957374572754,216,510,512,512
11.620957374572754,215,510,512,512
11.620957374572754,214,510,512,512
11.636756181716919,214,510,512,512
11.637511014938354,213,510,512,512
11.637511014938354,212,510,512,512
11.63925290107727,211,510,512,512
11.63925290107727,211,510,512,512
11.63925290107727,210,510,512,512
11.642314910888672,209,510,512,512
11.642702102661133,209,510,512,512
11.643627643585205,208,510,512,512
11.644132614135742,207,510,512,512
11.64516830444336,206,510,512,512
11.64516830444336,206,510,512,512
11.64516830444336,205,510,512,512
11.64516830444336,204,510,512,512
11.64516830444336,203,510,512,512
11.64516830444336,202,510,512,512
11.64516830444336,202,510,512,512
11.64516830444336,201,510,512,512
11.64516830444336,200,510,512,512
11.64516830444336,199,510,512,512
11.653258800506592,198,510,512,512
11.653258800506592,198,510,512,512
11.653258800506592,197,510,512,512
11.653258800506592,197,510,512,512
11.653258800506592,196,510,512,512
11.653258800506592,195,510,512,512
11.658782482147217,194,510,512,512
11.659236669540405,193,510,512,512
11.659236669540405,193,510,512,512
11.661475896835327,193,510,512,512
11.662269592285156,192,510,512,512
11.662269592285156,192,510,512,512
11.662269592285156,191,510,512,512
11.662269592285156,191,510,512,512
11.662269592285156,191,511,512,512
11.662269592285156,190,511,512,512
11.662269592285156,190,511,512,512
11.662269592285156,190,512,512,512
11.662269592285156,190,511,512,512
11.669438362121582,189,511,512,512
11.669438362121582,189,511,512,512
11.669438362121582,189,511,512,512
11.669438362121582,189,512,512,512
11.669438362121582,189,512,512,512
11.669438362121582,189,512,512,512
11.669438362121582,189,512,512,512
11.675514698028564,189,512,512,512
11.675514698028564,190,512,512,512
11.675514698028564,190,512,512,512
11.675514698028564,190,512,512,512
11.675514698028564,190,512,512,512
11.675514698028564,191,513,512,512
11.675514698028564,191,513,512,512
11.675514698028564,191,513,512,512
11.675514698028564,192,513,512,512
11.675514698028564,192,513,512,512
11.675514698028564,192,513,512,512
11.68523383140564,193,513,512,512
11.686267137527466,193,513,512,512
11.686750650405884,194,513,512,512
11.686750650405884,194,513,512,512
11.686750650405884,195,513,512,512
11.686750650405884,196,514,512,512
11.686750650405884,196,514,512,512
11.686750650405884,197,514,512,512
11.686750650405884,198,514,512,512
11.686750650405884,198,514,512,512
11.686750650405884,199,513,512,512
11.686750650405884,200,513,512,512
11.686750650405884,201,513,512,512
11.686750650405884,201,513,512,512
11.686750650405884,202,513,512,512
11.686750650405884,202,513,512,512
11.686750650405884,203,513,512,512
11.686750650405884,204,513,512,512
11.686750650405884,205,513,512,512
11.701005458831787,206,513,512,512
11.702074766159058,206,513,512,512
11.702074766159058,207,513,512,512
11.70408320426941,208,514,512,512
11.70408320426941,208,514,512,512
11.70408320426941,209,513,512,512
11.70408320426941,210,513,512,512
11.70408320426941,211,513,512,512
11.70408320426941,211,513,512,512
11.70408320426941,212,513,512,512
11.709864854812622,212,513,512,512
11.710942029953003,213,513,512,512
11.711237907409668,213,513,512,512
11.711237907409668,214,513,512,512
11.711237907409668,214,513,512,512
11.711237907409668,215,512,512,512
11.711237907409668,215,512,512,512
11.71587324142456,216,512,512,512
11.71587324142456,216,512,512,512
11.717708587646484,216,512,512,512
11.717708587646484,216,512,512,512
11.717708587646484,217,512,512,512
11.717708587646484,217,512,512,512
11.717708587646484,217,512,512,512
11.717708587646484,217,512,512,512
11.717708587646484,217,512,512,512
11.717708587646484,217,512,512,512
11.717708587646484,217,512,512,512
11.725744485855103,217,512,512,512
11.726338624954224,217,512,512,512
11.726338624954224,217,511,512,512
11.72740888595581,216,511,512,512
11.72894024848938,216,511,512,512
11.72894024848938,216,512,512,512
11.730502605438232,215,511,512,512
11.730502605438232,215,511,512,512
11.732190132141113,215,511,512,512
11.732190132141113,214,510,512,512
11.73398232460022,214,510,512,512
11.73398232460022,213,510,512,512
11.73398232460022,213,510,512,512
11.73398232460022,212,510,512,512
11.73398232460022,211,510,512,512
11.73398232460022,211,510,512,512
11.73398232460022,210,510,512,512
11.73398232460022,209,510,512,512
11.73398232460022,209,510,512,512
11.73398232460022,208,510,512,512
11.742101192474365,208,510,512,512
11.742101192474365,207,510,512,512
11.742101192474365,206,510,512,512
11.742101192474365,206,510,512,512
11.742101192474365,205,510,512,512
11.742101192474365,204,510,512,512
11.742101192474365,204,510,512,512
11.742101192474365,203,510,512,512
11.742101192474365,202,510,512,512
11.742101192474365,201,510,512,512
11.742101192474365,200,510,512,512
11.742101192474365,200,510,512,512
11.742101192474365,199,510,512,512
11.742101192474365,199,510,512,512
11.742101192474365,198,510,512,512
11.742101192474365,197,510,512,512
11.742101192474365,197,510,512,512
11.742101192474365,196,510,512,512
11.757934093475342,195,510,512,512
11.757934093475342,195,511,512,512
11.757934093475342,194,511,512,512
11.760218381881714,194,511,512,512
11.760441780090332,193,511,512,512
11.760441780090332,193,511,512,512
11.760441780090332,193,511,512,512
11.760441780090332,192,511,512,512
11.760441780090332,192,511,512,512
11.760441780090332,192,511,512,512
11.760441780090332,191,511,512,512
11.760441780090332,191,511,512,512
11.760441780090332,191,511,512,512
11.760441780090332,191,511,512,512
11.760441780090332,191,511,512,512
11.760441780090332,191,511,512,512
11.760441780090332,191,512,512,512
11.760441780090332,191,512,512,512
11.760441780090332,191,512,512,512
11.773811101913452,191,512,512,512
11.773811101913452,191,512,512,512
11.773811101913452,191,512,512,512
11.773811101913452,191,512,512,512
11.773811101913452,191,512,512,512
11.773811101913452,191,512,512,512
11.773811101913452,192,512,512,512
11.773811101913452,192,512,512,512
11.773811101913452,192,513,512,512
11.773811101913452,192,513,512,512
11.773811101913452,193,513,512,512
11.773811101913452,193,513,512,512
11.773811101913452,194,513,512,512
11.773811101913452,194,513,512,512
11.773811101913452,195,513,512,512
11.773811101913452,195,513,512,512
11.773811101913452,195,513,512,512
11.773811101913452,196,513,512,512
11.773811101913452,197,513,512,512
11.789600133895874,197,513,512,512
11.790661334991455,198,513,512,512
11.790661334991455,198,513,512,512
11.792693376541138,199,513,512,512
11.793444395065308,200,513,512,512
11.793956518173218,200,513,512,512
11.793956518173218,201,514,512,512
11.793956518173218,202,514,512,512
11.793956518173218,202,513,512,512
11.793956518173218,203,513,512,512
11.797970533370972,204,513,512,512
11.797970533370972,204,513,512,512
11.797970533370972,205,513,512,512
11.797970533370972,205,513,512,512
11.797970533370972,206,513,512,512
11.797970533370972,207,513,512,512
11.797970533370972,207,514,512,512
11.797970533370972,208,514,512,512
11.797970533370972,209,514,512,512
11.80622911453247,209,513,512,512
11.80622911453247,210,513,512,512
11.80622911453247,210,513,512,512
11.808982133865356,211,513,512,512
11.808982133865356,211,512,512,512
11.808982133865356,212,512,512,512
11.808982133865356,212,512,512,512
11.808982133865356,213,512,512,512
11.808982133865356,213,512,512,512
11.808982133865356,214,513,512,512
11.808982133865356,214,513,512,512
11.808982133865356,214,512,512,512
11.81582760810852,214,512,512,512
11.81582760810852,214,512,512,512
11.81582760810852,215,512,512,512
11.81582760810852,215,512,512,512
11.81582760810852,215,512,512,512
11.81582760810852,215,512,512,512
11.81582760810852,215,512,512,512
11.822025775909424,215,512,512,512
11.822025775909424,215,512,512,512
11.822025775909424,215,512,512,512
11.822025775909424,215,511,512,512
11.822025775909424,215,512,512,512
11.822025775909424,215,512,512,512
11.822025775909424,214,511,512,512
11.822025775909424,214,511,512,512
11.822025775909424,214,511,512,512
11.822025775909424,213,511,512,512
11.822025775909424,213,511,512,512
11.822025775909424,213,511,512,512
11.822025775909424,212,511,512,512
11.822025775909424,212,511,512,512
11.822025775909424,212,510,512,512
11.822025775909424,211,510,512,512
11.822025775909424,211,510,512,512
11.822025775909424,210,510,512,512
11.822025775909424,210,510,512,512
11.838610649108887,209,510,512,512
11.839378356933594,208,510,512,512
11.839378356933594,208,510,512,512
11.839378356933594,207,510,512,512
11.839378356933594,207,510,512,512
11.839378356933594,206,510,512,512
11.839378356933594,206,510,512,512
11.839378356933594,205,511,512,512
11.839378356933594,204,510,512,512
11.839378356933594,204,510,512,512
11.839378356933594,203,510,512,512
11.839378356933594,203,510,512,512
11.839378356933594,202,509,512,512
11.839378356933594,202,509,512,512
11.839378356933594,201,510,512,512
11.839378356933594,200,510,512,512
11.839378356933594,199,510,512,512
11.839378356933594,199,510,512,512
11.853706121444702,199,510,512,512
11.853706121444702,198,510,512,512
11.853706121444702,198,510,512,512
11.853706121444702,197,511,512,512
11.856760501861572,196,511,512,512
11.858772039413452,196,511,512,512
11.858772039413452,195,511,512,512
11.858772039413452,195,511,512,512
11.860913276672363,195,511,512,512
11.860913276672363,194,511,512,512
11.860913276672363,194,511,512,512
11.862922668457031,194,511,512,512
11.864230871200562,193,511,512,512
11.864230871200562,193,511,512,512
11.864867925643921,193,511,512,512
11.864867925643921,193,511,512,512
11.86687707901001,193,511,512,512
11.86687707901001,192,511,512,512
11.868884801864624,192,512,512,512
11.868884801864624,192,512,512,512
11.868884801864624,192,512,512,512
11.868884801864624,192,512,512,512
11.868884801864624,192,512,512,512
11.868884801864624,192,512,512,512
11.868884801864624,192,512,512,512
11.868884801864624,192,512,512,512
11.868884801864624,193,512,512,512
11.868884801864624,193,512,512,512
11.87758731842041,193,512,512,512
11.87758731842041,193,512,512,512
11.87758731842041,193,512,512,512
11.87758731842041,193,512,512,512
11.87758731842041,194,513,512,512
11.87758731842041,194,513,512,512
11.87758731842041,194,513,512,512
11.87758731842041,195,513,512,512
11.87758731842041,195,513,512,512
11.885200262069702,196,513,512,512
11.88571047782898,196,513,512,512
11.886624097824097,196,513,512,512
11.88769245147705,197,513,512,512
11.888418912887573,197,513,512,512
11.888418912887573,198,513,512,512
11.888418912887573,198,513,512,512
11.888418912887573,199,513,512,512
11.888418912887573,200,513,512,512
11.888418912887573,200,513,512,512
11.888418912887573,201,513,512,512
11.888418912887573,201,513,512,512
11.888418912887573,202,513,512,512
11.888418912887573,202,513,512,512
11.888418912887573,203,513,512,512
11.888418912887573,204,513,512,512
11.888418912887573,204,513,512,512
11.888418912887573,205,513,512,512
11.900283336639404,205,513,512,512
11.900283336639404,206,513,512,512
11.900283336639404,207,513,512,512
11.900283336639404,207,513,512,512
11.900283336639404,208,513,512,512
11.900283336639404,208,513,512,512
11.900283336639404,209,513,512,512
11.900283336639404,209,513,512,512
11.900283336639404,210,513,512,512
11.900283336639404,210,513,512,512
11.900283336639404,210,513,512,512
11.900283336639404,211,513,512,512
11.900283336639404,211,513,512,512
11.900283336639404,212,513,512,512
11.900283336639404,212,513,512,512
11.900283336639404,212,512,512,512
11.900283336639404,213,512,512,512
11.900283336639404,213,512,512,512
11.915893316268921,213,512,512,512
11.915893316268921,213,512,512,512
11.915893316268921,214,512,512,512
11.917900800704956,214,512,512,512
11.917900800704956,214,512,512,512
11.917900800704956,214,512,512,512
11.917900800704956,214,512,512,512
11.917900800704956,214,511,512,512
11.917900800704956,214,511,512,512
11.917900800704956,214,511,512,512
11.917900800704956,214,511,512,512
11.917900800704956,213,511,512,512
11.917900800704956,213,511,512,512
11.917900800704956,213,511,512,512
11.917900800704956,213,511,512,512
11.917900800704956,212,511,512,512
11.917900800704956,212,511,512,512
11.917900800704956,212,511,512,512
11.917900800704956,211,511,512,512
11.931661605834961,211,510,512,512
11.931661605834961,211,511,512,512
11.931661605834961,210,510,512,512
11.931661605834961,210,510,512,512
11.931661605834961,210,511,512,512
11.931661605834961,209,511,512,512
11.931661605834961,209,511,512,512
11.931661605834961,208,511,512,512
11.931661605834961,208,511,512,512
11.931661605834961,207,511,512,512
11.931661605834961,207,510,512,512
11.931661605834961,206,510,512,512
11.931661605834961,206,511,512,512
11.931661605834961,205,510,512,512
11.931661605834961,204,510,512,512
11.931661605834961,204,510,512,512
11.931661605834961,203,510,512,512
11.931661605834961,202,510,512,512
11.947376728057861,202,510,512,512
11.947376728057861,202,511,512,512
11.949121713638306,201,511,512,512
11.949633121490479,201,510,512,512
11.949633121490479,200,511,512,512
11.949633121490479,200,511,512,512
11.949633121490479,199,511,512,512
11.949633121490479,198,511,512,512
11.949633121490479,198,511,512,512
11.949633121490479,197,511,512,512
11.949633121490479,197,511,512,512
11.949633121490479,197,511,512,512
11.949633121490479,196,511,512,512
11.949633121490479,196,511,512,512
11.949633121490479,195,511,512,512
11.949633121490479,195,512,512,512
11.949633121490479,195,511,512,512
11.949633121490479,194,511,512,512
11.949633121490479,194,511,512,512
11.96316146850586,194,511,512,512
11.96316146850586,194,511,512,512
11.96316146850586,194,511,512,512
11.96316146850586,193,512,512,512
11.96316146850586,193,512,512,512
11.96316146850586,193,512,512,512
11.96316146850586,193,512,512,512
11.96316146850586,193,512,512,512
11.96316146850586,193,512,512,512
11.96316146850586,193,512,512,512
11.96316146850586,193,512,512,512
11.96316146850586,193,513,512,512
11.96316146850586,193,512,512,512
11.96316146850586,193,512,512,512
11.96316146850586,193,512,512,512
11.96316146850586,193,512,512,512
11.96316146850586,194,513,512,512
11.96316146850586,194,513,512,512
11.96316146850586,194,513,512,512
11.979737281799316,194,513,512,512
11.980509996414185,194,513,512,512
11.98100471496582,195,513,512,512
11.98100471496582,195,513,512,512
11.98100471496582,195,513,512,512
11.98100471496582,196,513,512,512
11.98100471496582,196,513,512,512
11.98100471496582,197,513,512,512
11.98100471496582,197,513,512,512
11.98100471496582,198,513,512,512
11.98100471496582,198,513,512,512
11.98100471496582,199,513,512,512
11.98100471496582,199,514,512,512
11.98100471496582,200,514,512,512
11.98100471496582,200,514,512,512
11.98100471496582,200,513,512,512
11.98100471496582,201,513,512,512
11.98100471496582,201,513,512,512
11.99483871459961,202,513,512,512
11.99483871459961,202,513,512,512
11.99483871459961,203,513,512,512
11.99483871459961,203,514,512,512
11.99483871459961,204,513,512,512
11.99483871459961,204,513,512,512
11.99483871459961,205,513,512,512
11.99483871459961,206,513,512,512
11.99483871459961,206,513,512,512
11.99483871459961,207,513,512,512
11.99483871459961,207,513,512,512
11.99483871459961,207,512,512,512
11.99483871459961,208,512,512,512
11.99483871459961,208,512,512,512
11.99483871459961,209,512,512,512
11.99483871459961,209,513,512,512
11.99483871459961,209,513,512,512
11.99483871459961,210,513,512,512
11.99483871459961,210,513,512,512
12.01071834564209,210,513,512,512
12.01071834564209,211,513,512,512
12.01071834564209,211,513,512,512
12.01071834564209,211,512,512,512
12.01071834564209,212,512,512,512
12.01071834564209,212,512,512,512
12.01600170135498,212,512,512,512
12.01600170135498,212,512,512,512
12.01600170135498,212,512,512,512
12.01600170135498,212,512,512,512
12.01600170135498,212,512,512,512
12.01600170135498,212,512,512,512
12.01600170135498,213,512,512,512
12.01600170135498,212,512,512,512
12.01600170135498,212,512,512,512
12.01600170135498,212,512,512,512
12.01600170135498,212,512,512,512
12.01600170135498,212,512,512,512
12.026498317718506,212,512,512,512
12.026498317718506,211,512,512,512
12.026498317718506,211,512,512,512
12.026498317718506,211,511,512,512
12.026498317718506,210,511,512,512
12.026498317718506,210,511,512,512
12.026498317718506,210,511,512,512
12.026498317718506,210,511,512,512
12.026498317718506,210,511,512,512
12.026498317718506,209,511,512,512
12.026498317718506,209,511,512,512
12.026498317718506,208,511,512,512
12.026498317718506,208,511,512,512
12.026498317718506,207,510,512,512
12.026498317718506,207,511,512,512
12.026498317718506,206,511,512,512
12.026498317718506,206,511,512,512
12.026498317718506,205,511,512,512
12.042231321334839,205,511,512,512
12.042231321334839,204,511,512,512
12.042231321334839,204,511,512,512
12.042231321334839,204,511,512,512
12.042231321334839,203,511,512,512
12.042231321334839,203,511,512,512
12.042231321334839,202,511,512,512
12.042231321334839,202,511,512,512
12.042231321334839,201,511,512,512
12.042231321334839,201,511,512,512
12.042231321334839,200,511,512,512
12.042231321334839,200,511,512,512
12.042231321334839,199,511,512,512
12.042231321334839,199,511,512,512
12.042231321334839,199,511,512,512
12.042231321334839,198,511,512,512
12.042231321334839,198,511,512,512
12.042231321334839,197,511,512,512
12.042231321334839,197,511,512,512
12.057892799377441,197,512,512,512
12.057892799377441,196,511,512,512
12.057892799377441,196,511,512,512
12.059905290603638,196,511,512,512
12.059905290603638,195,511,512,512
12.059905290603638,195,511,512,512
12.059905290603638,195,512,512,512
12.059905290603638,194,512,512,512
12.059905290603638,194,512,512,512
12.059905290603638,194,512,512,512
12.059905290603638,194,512,512,512
12.059905290603638,194,511,512,512
12.059905290603638,194,511,512,512
12.059905290603638,194,512,512,512
12.059905290603638,194,512,512,512
12.059905290603638,194,512,512,512
12.059905290603638,194,512,512,512
12.059905290603638,194,512,512,512
12.059905290603638,194,512,512,512
12.07361626625061,194,512,512,512
12.075632572174072,195,512,512,512
12.075632572174072,195,512,512,512
12.075632572174072,195,512,512,512
12.075632572174072,195,512,512,512
12.078320741653442,195,512,512,512
12.078320741653442,195,512,512,512
12.078320741653442,196,513,512,512
12.078320741653442,196,513,512,512
12.078320741653442,196,513,512,512
12.078320741653442,197,513,512,512
12.078320741653442,197,513,512,512
12.078320741653442,197,513,512,512
12.078320741653442,198,513,512,512
12.078320741653442,198,513,512,512
12.078320741653442,198,513,512,512
12.078320741653442,199,513,512,512
12.078320741653442,199,513,512,512
12.078320741653442,200,513,512,512
12.089670658111572,200,513,512,512
12.089670658111572,201,513,512,512
12.089670658111572,201,513,512,512
12.089670658111572,201,513,512,512
12.089670658111572,202,513,512,512
12.089670658111572,202,513,512,512
12.089670658111572,203,513,512,512
12.089670658111572,203,513,512,512
12.089670658111572,204,513,512,512
12.089670658111572,204,513,512,512
12.089670658111572,204,513,512,512
12.089670658111572,205,513,512,512
12.089670658111572,205,513,512,512
12.089670658111572,205,513,512,512
12.089670658111572,206,513,512,512
12.089670658111572,207,513,512,512
12.089670658111572,207,513,512,512
12.089670658111572,207,513,512,512
12.105329036712646,208,513,512,512
12.105329036712646,208,513,512,512
12.107342004776001,209,513,512,512
12.107704877853394,209,513,512,512
12.107704877853394,209,513,512,512
12.107704877853394,209,513,512,512
12.107704877853394,209,512,512,512
12.107704877853394,210,512,512,512
12.107704877853394,210,513,512,512
12.107704877853394,210,513,512,512
12.107704877853394,211,512,512,512
12.107704877853394,211,512,512,512
12.107704877853394,211,512,512,512
12.115976095199585,211,512,512,512
12.115976095199585,211,512,512,512
12.115976095199585,211,512,512,512
12.115976095199585,211,512,512,512
12.115976095199585,211,512,512,512
12.115976095199585,211,512,512,512
12.121167659759521,211,512,512,512
12.121167659759521,211,512,512,512
12.121167659759521,211,512,512,512
12.121167659759521,211,512,512,512
12.121167659759521,210,512,512,512
12.121167659759521,210,512,512,512
12.121167659759521,210,512,512,512
12.121167659759521,210,512,512,512
12.121167659759521,210,511,512,512
12.121167659759521,209,511,512,512
12.121167659759521,209,511,512,512
12.121167659759521,209,511,512,512
12.121167659759521,209,511,512,512
12.121167659759521,208,511,512,512
12.121167659759521,208,511,512,512
12.121167659759521,208,511,512,512
12.121167659759521,207,511,512,512
12.121167659759521,207,511,512,512
12.136917114257812,206,511,512,512
12.136917114257812,206,511,512,512
12.13846755027771,205,511,512,512
12.139483213424683,205,511,512,512
12.140231847763062,205,511,512,512
12.140231847763062,204,511,512,512
12.142189979553223,204,511,512,512
12.142863035202026,203,511,512,512
12.143873929977417,203,511,512,512
12.144376754760742,203,511,512,512
12.145433187484741,202,511,512,512
12.145433187484741,202,511,512,512
12.145433187484741,201,511,512,512
12.145433187484741,201,511,512,512
12.145433187484741,201,511,512,512
12.145433187484741,200,511,512,512
12.145433187484741,200,510,512,512
12.145433187484741,199,510,512,512
12.145433187484741,199,510,512,512
12.145433187484741,199,510,512,512
12.153478622436523,198,511,512,512
12.154643297195435,198,511,512,512
12.155671119689941,198,511,512,512
12.156433343887329,197,511,512,512
12.156433343887329,197,511,512,512
12.159003734588623,196,511,512,512
12.159003734588623,196,511,512,512
12.159003734588623,196,512,512,512
12.159003734588623,196,512,512,512
12.159003734588623,196,512,512,512
12.16178560256958,196,512,512,512
12.16178560256958,195,512,512,512
12.16178560256958,195,512,512,512
12.16178560256958,195,512,512,512
12.16178560256958,195,512,512,512
12.16178560256958,195,512,512,512
12.16178560256958,195,512,512,512
12.16178560256958,195,512,512,512
12.16178560256958,195,512,512,512
12.169879913330078,195,512,512,512
12.171092987060547,195,512,512,512
12.171916723251343,195,512,512,512
12.172431945800781,195,512,512,512
12.172431945800781,195,513,512,512
12.172431945800781,195,512,512,512
12.175381183624268,196,512,512,512
12.175381183624268,196,513,512,512
12.175381183624268,196,513,512,512
12.175381183624268,196,512,512,512
12.175381183624268,196,513,512,512
12.175381183624268,197,513,512,512
12.175381183624268,197,513,512,512
12.175381183624268,197,513,512,512
12.175381183624268,197,513,512,512
12.175381183624268,198,513,512,512
12.175381183624268,198,513,512,512
12.175381183624268,199,513,512,512
12.185535430908203,199,513,512,512
12.185535430908203,199,513,512,512
12.185535430908203,199,513,512,512
12.185535430908203,200,513,512,512
12.185535430908203,200,513,512,512
12.185535430908203,201,513,512,512
12.185535430908203,201,513,512,512
12.185535430908203,201,513,512,512
12.185535430908203,202,513,512,512
12.185535430908203,202,513,512,512
12.185535430908203,202,513,512,512
12.185535430908203,203,513,512,512
12.185535430908203,203,513,512,512
12.185535430908203,204,513,512,512
12.185535430908203,204,513,512,512
12.185535430908203,205,513,512,512
12.185535430908203,205,513,512,512
12.185535430908203,205,513,512,512
12.185535430908203,206,513,512,512
12.201793193817139,206,513,512,512
12.202549695968628,206,513,512,512
12.202549695968628,207,513,512,512
12.202549695968628,207,513,512,512
12.202549695968628,207,513,512,512
12.202549695968628,208,513,512,512
12.202549695968628,208,513,512,512
12.202549695968628,208,513,512,512
12.202549695968628,208,513,512,512
12.202549695968628,209,513,512,512
12.202549695968628,209,513,512,512
12.202549695968628,209,513,512,512
12.202549695968628,209,512,512,512
12.202549695968628,210,512,512,512
12.202549695968628,210,512,512,512
12.202549695968628,210,512,512,512
12.202549695968628,210,512,512,512
12.21609616279602,210,512,512,512
12.21711540222168,210,512,512,512
12.21711540222168,210,512,512,512
12.21711540222168,210,512,512,512
12.21711540222168,210,512,512,512
12.21711540222168,210,512,512,512
12.21711540222168,210,512,512,512
12.21711540222168,210,512,512,512
12.21711540222168,210,512,512,512
12.21711540222168,210,512,512,512
12.21711540222168,210,511,512,512
12.21711540222168,209,511,512,512
12.21711540222168,209,511,512,512
12.21711540222168,209,511,512,512
12.21711540222168,209,512,512,512
12.21711540222168,208,512,512,512
12.21711540222168,208,512,512,512
12.21711540222168,208,512,512,512
12.21711540222168,208,512,512,512
12.21711540222168,207,511,512,512
12.232893466949463,207,511,512,512
12.23401141166687,207,511,512,512
12.23401141166687,207,511,512,512
12.23401141166687,206,511,512,512
12.23401141166687,206,511,512,512
12.23401141166687,206,511,512,512
12.23401141166687,205,511,512,512
12.23401141166687,205,511,512,512
12.23401141166687,204,511,512,512
12.23401141166687,204,512,512,512
12.23401141166687,204,511,512,512
12.23401141166687,204,511,512,512
12.243210077285767,203,511,512,512
12.24437427520752,203,511,512,512
12.24437427520752,202,511,512,512
12.24437427520752,202,511,512,512
12.24437427520752,201,511,512,512
12.24437427520752,201,511,512,512
12.24437427520752,201,511,512,512
12.24437427520752,200,511,512,512
12.24437427520752,200,511,512,512
12.24437427520752,200,511,512,512
12.251335382461548,199,511,512,512
12.251335382461548,199,512,512,512
12.251335382461548,198,511,512,512
12.251335382461548,198,511,512,512
12.251335382461548,198,511,512,512
12.251335382461548,198,511,512,512
12.251335382461548,197,511,512,512
12.251335382461548,197,511,512,512
12.251335382461548,197,512,512,512
12.259325742721558,197,512,512,512
12.259325742721558,197,512,512,512
12.259325742721558,197,512,512,512
12.259325742721558,196,511,512,512
12.259325742721558,196,511,512,512
12.259325742721558,196,511,512,512
12.259325742721558,196,511,512,512
12.259325742721558,196,511,512,512
12.259325742721558,195,511,512,512
12.259325742721558,195,512,512,512
12.267533779144287,195,512,512,512
12.267533779144287,196,512,512,512
12.267533779144287,196,512,512,512
12.267533779144287,196,513,512,512
12.267533779144287,196,513,512,512
12.267533779144287,196,513,512,512
12.267533779144287,196,512,512,512
12.267533779144287,196,513,512,512
12.275561809539795,196,512,512,512
12.275561809539795,196,512,512,512
12.275561809539795,197,513,512,512
12.275561809539795,197,513,512,512
12.275561809539795,197,513,512,512
12.275561809539795,197,512,512,512
12.275561809539795,198,513,512,512
12.275561809539795,198,513,512,512
12.275561809539795,198,513,512,512
12.275561809539795,198,513,512,512
12.275561809539795,199,513,512,512
12.275561809539795,199,513,512,512
12.275561809539795,199,513,512,512
12.275561809539795,200,513,512,512
12.275561809539795,200,513,512,512
12.275561809539795,200,513,512,512
12.275561809539795,201,513,512,512
12.275561809539795,201,513,512,512
12.275561809539795,201,513,512,512
12.291299104690552,202,513,512,512
12.291299104690552,202,513,512,512
12.291299104690552,202,513,512,512
12.293560028076172,203,513,512,512
12.294461011886597,203,513,512,512
12.294461011886597,203,513,512,512
12.294461011886597,204,513,512,512
12.294461011886597,204,513,512,512
12.294461011886597,204,513,512,512
12.294461011886597,205,513,512,512
12.294461011886597,205,513,512,512
12.299721479415894,206,513,512,512
12.299721479415894,206,513,512,512
12.299721479415894,206,513,512,512
12.299721479415894,207,512,512,512
12.299721479415894,207,512,512,512
12.299721479415894,207,512,512,512
12.299721479415894,207,512,512,512
12.299721479415894,207,512,512,512
12.299721479415894,208,513,512,512
12.307921886444092,208,513,512,512
12.307921886444092,208,513,512,512
12.309089183807373,208,512,512,512
12.309089183807373,209,513,512,512
12.309089183807373,209,512,512,512
12.309089183807373,209,512,512,512
12.309089183807373,209,513,512,512
12.309089183807373,209,513,512,512
12.309089183807373,209,512,512,512
12.309089183807373,210,512,512,512
12.31659483909607,210,512,512,512
12.317434787750244,209,512,512,512
12.317902326583862,209,512,512,512
12.317902326583862,209,512,512,512
12.317902326583862,209,512,512,512
12.317902326583862,209,512,512,512
12.317902326583862,209,512,512,512
12.317902326583862,209,512,512,512
12.317902326583862,209,512,512,512
12.324535369873047,209,512,512,512
12.324535369873047,209,512,512,512
12.325967788696289,209,512,512,512
12.325967788696289,208,512,512,512
12.325967788696289,208,512,512,512
12.325967788696289,208,512,512,512
12.325967788696289,208,512,512,512
12.325967788696289,207,511,512,512
12.325967788696289,207,512,512,512
12.325967788696289,207,512,512,512
12.325967788696289,207,512,512,512
12.325967788696289,206,511,512,512
12.325967788696289,206,511,512,512
12.325967788696289,206,511,512,512
12.325967788696289,205,511,512,512
12.325967788696289,205,511,512,512
12.325967788696289,205,511,512,512
12.325967788696289,204,512,512,512
12.325967788696289,204,511,512,512
12.340399026870728,204,511,512,512
12.340968608856201,203,512,512,512
12.340968608856201,203,512,512,512
12.340968608856201,203,511,512,512
12.340968608856201,202,511,512,512
12.340968608856201,202,511,512,512
12.340968608856201,202,511,512,512
12.340968608856201,201,511,512,512
12.340968608856201,201,511,512,512
12.340968608856201,201,511,512,512
12.340968608856201,200,511,512,512
12.340968608856201,200,511,512,512
12.340968608856201,200,512,512,512
12.340968608856201,200,511,512,512
12.340968608856201,199,511,512,512
12.340968608856201,199,511,512,512
12.340968608856201,198,511,512,512
12.340968608856201,198,511,512,512
12.340968608856201,198,512,512,512
12.356099843978882,198,512,512,512
12.356826305389404,198,512,512,512
12.356826305389404,197,512,512,512
12.356826305389404,197,512,512,512
12.356826305389404,197,512,512,512
12.356826305389404,197,512,512,512
12.356826305389404,197,512,512,512
12.356826305389404,197,512,512,512
12.356826305389404,197,512,512,512
12.356826305389404,197,512,512,512
12.356826305389404,197,512,512,512
12.356826305389404,197,512,512,512
12.356826305389404,197,512,512,512
12.356826305389404,197,512,512,512
12.356826305389404,197,512,512,512
12.356826305389404,197,512,512,512
12.356826305389404,197,512,512,512
12.356826305389404,197,512,512,512
12.356826305389404,197,513,512,512
12.372203826904297,197,513,512,512
12.373861074447632,197,513,512,512
12.373861074447632,197,513,512,512
12.373861074447632,197,513,512,512
12.375449657440186,198,512,512,512
12.377004861831665,198,512,512,512
12.377004861831665,198,512,512,512
12.378562927246094,198,512,512,512
12.378562927246094,198,512,512,512
12.380200147628784,198,512,512,512
12.380200147628784,199,512,512,512
12.381786823272705,199,512,512,512
12.381786823272705,199,512,512,512
12.38335371017456,200,512,512,512
12.38335371017456,200,512,512,512
12.384912729263306,200,512,512,512
12.384912729263306,201,512,512,512
12.386483192443848,201,512,512,512
12.388104915618896,201,512,512,512
12.388104915618896,202,512,512,512
12.389703035354614,202,512,512,512
12.389703035354614,202,513,512,512
12.391244888305664,202,513,512,512
12.391244888305664,203,513,512,512
12.392783880233765,203,513,512,512
12.392783880233765,203,513,512,512
12.394393920898438,204,513,512,512
12.394393920898438,204,513,512,512
12.395996570587158,204,513,512,512
12.397569179534912,205,512,512,512
12.397569179534912,205,513,512,512
12.397569179534912,205,513,512,512
12.39918828010559,206,512,512,512
12.400752305984497,206,512,512,512
12.400752305984497,206,512,512,512
12.402303457260132,207,512,512,512
12.402303457260132,207,512,512,512
12.403962135314941,207,512,512,512
12.403962135314941,207,513,512,512
12.405577659606934,208,512,512,512
12.405577659606934,208,512,512,512
12.408181190490723,208,512,512,512
12.408181190490723,208,512,512,512
12.408181190490723,208,512,512,512
12.409745454788208,208,512,512,512
12.409745454788208,209,512,512,512
12.409745454788208,209,512,512,512
12.409745454788208,209,512,512,512
12.409745454788208,209,512,512,512
12.409745454788208,209,512,512,512
12.409745454788208,209,512,512,512
12.409745454788208,209,512,512,512
12.416381120681763,209,511,512,512
12.416381120681763,209,511,512,512
12.416381120681763,209,511,512,512
12.416381120681763,209,511,512,512
12.419840812683105,209,511,512,512
12.419840812683105,209,511,512,512
12.419840812683105,209,511,512,512
12.419840812683105,209,511,512,512
12.419840812683105,209,512,512,512
12.419840812683105,209,512,512,512
12.419840812683105,208,511,512,512
12.419840812683105,208,511,512,512
12.419840812683105,208,511,512,512
12.419840812683105,208,511,512,512
12.419840812683105,207,511,512,512
12.419840812683105,207,511,512,512
12.419840812683105,207,511,512,512
12.419840812683105,207,511,512,512
12.419840812683105,207,511,512,512
12.419840812683105,206,511,512,512
12.419840812683105,206,511,512,512
12.419840812683105,206,511,512,512
12.435526609420776,205,511,512,512
12.436537265777588,205,511,512,512
12.436537265777588,205,511,512,512
12.43842339515686,205,511,512,512
12.43842339515686,204,511,512,512
12.43842339515686,204,511,512,512
12.43842339515686,204,511,512,512
12.43842339515686,203,511,512,512
12.43842339515686,203,511,512,512
12.43842339515686,203,511,512,512
12.43842339515686,202,511,512,512
12.43842339515686,202,511,512,512
12.43842339515686,202,511,512,512
12.43842339515686,201,511,512,512
12.43842339515686,201,511,512,512
12.43842339515686,201,511,512,512
12.43842339515686,200,511,512,512
12.43842339515686,200,511,512,512
12.43842339515686,200,511,512,512
12.451287508010864,200,511,512,512
12.451287508010864,200,511,512,512
12.451287508010864,199,511,512,512
12.451287508010864,199,511,512,512
12.451287508010864,199,511,512,512
12.451287508010864,199,511,512,512
12.451287508010864,198,511,512,512
12.451287508010864,198,511,512,512
12.451287508010864,198,511,512,512
12.451287508010864,198,511,512,512
12.451287508010864,198,511,512,512
12.451287508010864,198,511,512,512
12.451287508010864,198,511,512,512
12.451287508010864,198,511,512,512
12.451287508010864,198,511,512,512
12.451287508010864,197,512,512,512
12.451287508010864,197,512,512,512
12.451287508010864,197,512,512,512
12.466984033584595,197,512,512,512
12.466984033584595,197,512,512,512
12.468714237213135,198,512,512,512
12.468714237213135,198,512,512,512
12.468714237213135,198,512,512,512
12.468714237213135,198,512,512,512
12.472199201583862,198,512,512,512
12.472199201583862,198,512,512,512
12.472199201583862,198,512,512,512
12.472199201583862,198,512,512,512
12.472199201583862,198,513,512,512
12.472199201583862,198,513,512,512
12.477270603179932,199,513,512,512
12.477270603179932,199,513,512,512
12.478745698928833,199,513,512,512
12.478745698928833,199,512,512,512
12.478745698928833,199,512,512,512
12.478745698928833,199,512,512,512
12.478745698928833,200,512,512,512
12.483094215393066,200,512,512,512
12.483094215393066,200,512,512,512
12.483094215393066,201,512,512,512
12.483094215393066,201,512,512,512
12.483094215393066,201,512,512,512
12.483094215393066,201,512,512,512
12.483094215393066,202,512,512,512
12.483094215393066,202,512,512,512
12.483094215393066,202,513,512,512
12.483094215393066,203,513,512,512
12.483094215393066,203,513,512,512
12.483094215393066,203,513,512,512
12.483094215393066,204,513,512,512
12.483094215393066,204,513,512,512
12.483094215393066,204,512,512,512
12.483094215393066,204,513,512,512
12.483094215393066,205,513,512,512
12.483094215393066,205,512,512,512
12.483094215393066,205,512,512,512
12.499612092971802,206,512,512,512
12.500407457351685,206,512,512,512
12.500906944274902,206,512,512,512
12.500906944274902,206,512,512,512
12.500906944274902,206,512,512,512
12.500906944274902,206,512,512,512
12.500906944274902,207,512,512,512
12.500906944274902,207,512,512,512
12.500906944274902,207,512,512,512
12.500906944274902,207,512,512,512
12.500906944274902,208,512,512,512
12.500906944274902,208,513,512,512
12.500906944274902,208,512,512,512
12.500906944274902,208,512,512,512
12.500906944274902,208,512,512,512
12.500906944274902,208,512,512,512
12.500906944274902,208,512,512,512
12.500906944274902,208,512,512,512
12.514686822891235,208,512,512,512
12.514686822891235,208,512,512,512
12.514686822891235,209,512,512,512
12.517486810684204,208,512,512,512
12.517985820770264,208,512,512,512
12.517985820770264,208,511,512,512
12.517985820770264,208,512,512,512
12.517985820770264,208,512,512,512
12.517985820770264,208,512,512,512
12.517985820770264,208,512,512,512
12.517985820770264,208,512,512,512
12.517985820770264,208,511,512,512
12.517985820770264,208,511,512,512
12.517985820770264,207,511,512,512
12.517985820770264,207,512,512,512
12.517985820770264,207,512,512,512
12.517985820770264,207,512,512,512
12.517985820770264,206,512,512,512
12.517985820770264,206,511,512,512
12.530426740646362,206,511,512,512
12.530426740646362,206,511,512,512
12.530426740646362,206,511,512,512
12.530426740646362,205,511,512,512
12.530426740646362,205,510,512,512
12.530426740646362,205,511,512,512
12.530426740646362,205,511,512,512
12.530426740646362,204,511,512,512
12.530426740646362,204,511,512,512
12.530426740646362,203,511,512,512
12.530426740646362,203,511,512,512
12.530426740646362,203,511,512,512
12.530426740646362,202,511,512,512
12.530426740646362,202,511,512,512
12.530426740646362,202,511,512,512
12.530426740646362,202,511,512,512
12.530426740646362,202,511,512,512
12.530426740646362,201,511,512,512
12.530426740646362,201,511,512,512
12.546522378921509,201,511,512,512
12.546522378921509,201,511,512,512
12.548249959945679,201,511,512,512
12.548249959945679,200,511,512,512
12.549817085266113,200,511,512,512
12.551435708999634,200,512,512,512
12.551435708999634,199,512,512,512
12.553009033203125,199,511,512,512
12.553009033203125,199,511,512,512
12.553009033203125,199,511,512,512
12.553009033203125,199,511,512,512
12.553009033203125,199,512,512,512
12.553009033203125,199,512,512,512
12.553009033203125,198,512,512,512
12.553009033203125,198,512,512,512
12.553009033203125,198,512,512,512
12.553009033203125,198,512,512,512
12.553009033203125,198,511,512,512
12.553009033203125,198,511,512,512
12.562620639801025,198,512,512,512
12.562620639801025,198,512,512,512
12.562620639801025,198,512,512,512
12.562620639801025,198,512,512,512
12.562620639801025,198,512,512,512
12.562620639801025,198,512,512,512
12.562620639801025,198,512,512,512
12.562620639801025,198,512,512,512
12.562620639801025,198,512,512,512
12.562620639801025,198,512,512,512
12.562620639801025,199,512,512,512
12.562620639801025,199,512,512,512
12.562620639801025,199,512,512,512
12.562620639801025,199,512,512,512
12.562620639801025,199,512,512,512
12.562620639801025,199,513,512,512
12.562620639801025,199,512,512,512
12.562620639801025,199,512,512,512
12.578495740890503,199,513,512,512
12.579445123672485,200,512,512,512
12.579677820205688,200,512,512,512
12.579677820205688,200,513,512,512
12.579677820205688,200,513,512,512
12.579677820205688,200,512,512,512
12.579677820205688,201,512,512,512
12.579677820205688,201,512,512,512
12.579677820205688,201,512,512,512
12.579677820205688,202,512,512,512
12.579677820205688,202,512,512,512
12.579677820205688,202,513,512,512
12.579677820205688,202,513,512,512
12.579677820205688,203,512,512,512
12.579677820205688,203,513,512,512
12.579677820205688,203,513,512,512
12.579677820205688,203,513,512,512
12.579677820205688,203,513,512,512
12.579677820205688,204,513,512,512
12.594238996505737,204,513,512,512
12.594238996505737,204,512,512,512
12.594238996505737,204,513,512,512
12.594238996505737,205,513,512,512
12.594238996505737,205,512,512,512
12.594238996505737,205,512,512,512
12.594238996505737,205,512,512,512
12.594238996505737,206,512,512,512
12.594238996505737,206,512,512,512
12.594238996505737,206,512,512,512
12.594238996505737,206,512,512,512
12.594238996505737,206,512,512,512
12.594238996505737,206,512,512,512
12.594238996505737,207,512,512,512
12.594238996505737,207,512,512,512
12.594238996505737,207,513,512,512
12.594238996505737,207,512,512,512
12.594238996505737,207,512,512,512
12.610220193862915,208,512,512,512
12.610220193862915,208,512,512,512
12.611759424209595,208,512,512,512
12.612772226333618,208,512,512,512
12.612772226333618,208,512,512,512
12.614341735839844,208,511,512,512
12.614341735839844,208,511,512,512
12.61592149734497,208,511,512,512
12.61706829071045,208,511,512,512
12.61706829071045,208,511,512,512
12.61706829071045,207,512,512,512
12.618697166442871,207,512,512,512
12.620234489440918,207,512,512,512
12.620234489440918,207,512,512,512
12.621893882751465,207,512,512,512
12.621893882751465,207,511,512,512
12.623479843139648,207,511,512,512
12.625051021575928,207,512,512,512
12.625051021575928,207,512,512,512
12.625051021575928,207,512,512,512
12.626718521118164,206,512,512,512
12.62761378288269,206,512,512,512
12.629010438919067,206,512,512,512
12.62967300415039,206,511,512,512
12.630151510238647,206,512,512,512
12.631185293197632,205,512,512,512
12.631185293197632,205,511,512,512
12.632833480834961,205,511,512,512
12.632833480834961,205,511,512,512
12.634409427642822,204,511,512,512
12.634409427642822,204,511,512,512
12.63597583770752,204,511,512,512
12.637503862380981,203,511,512,512
12.637503862380981,203,511,512,512
12.637503862380981,203,511,512,512
12.639086723327637,203,511,512,512
12.640657424926758,202,511,512,512
12.640657424926758,202,511,512,512
12.64219355583191,202,512,512,512
12.643317461013794,202,512,512,512
12.643317461013794,201,511,512,512
12.645029306411743,201,511,512,512
12.645029306411743,201,511,512,512
12.646587610244751,201,511,512,512
12.646587610244751,201,511,512,512
12.648413896560669,201,511,512,512
12.64917802810669,201,511,512,512
12.64917802810669,200,511,512,512
12.650718688964844,200,511,512,512
12.650718688964844,200,511,512,512
12.650718688964844,200,512,512,512
12.650718688964844,199,511,512,512
12.650718688964844,199,512,512,512
12.650718688964844,199,512,512,512
12.650718688964844,199,512,512,512
12.650718688964844,199,512,512,512
12.65884256362915,199,512,512,512
12.65884256362915,199,512,512,512
12.659365177154541,199,511,512,512
12.659365177154541,198,512,512,512
12.659365177154541,198,512,512,512
12.659365177154541,198,512,512,512
12.659365177154541,198,512,512,512
12.659365177154541,199,512,512,512
12.659365177154541,199,512,512,512
12.659365177154541,199,512,512,512
12.659365177154541,199,512,512,512
12.667103052139282,199,512,512,512
12.668088674545288,199,512,512,512
12.668568849563599,199,512,512,512
12.668568849563599,199,512,512,512
12.668568849563599,199,512,512,512
12.668568849563599,199,512,512,512
12.668568849563599,199,512,512,512
12.668568849563599,199,512,512,512
12.668568849563599,199,512,512,512
12.675336837768555,199,512,512,512
12.675769090652466,199,512,512,512
12.675769090652466,199,512,512,512
12.675769090652466,200,512,512,512
12.675769090652466,200,512,512,512
12.675769090652466,200,512,512,512
12.675769090652466,200,512,512,512
12.675769090652466,201,512,512,512
12.675769090652466,201,512,512,512
12.675769090652466,201,512,512,512
12.675769090652466,201,512,512,512
12.675769090652466,201,512,512,512
12.675769090652466,202,512,512,512
12.675769090652466,202,512,512,512
12.675769090652466,202,512,512,512
12.675769090652466,202,512,512,512
12.675769090652466,202,512,512,512
12.675769090652466,203,512,512,512
12.675769090652466,203,512,512,512
12.691068172454834,203,512,512,512
12.691068172454834,203,513,512,512
12.692484140396118,204,513,512,512
12.693463563919067,204,512,512,512
12.693463563919067,204,512,512,512
12.693463563919067,204,512,512,512
12.693463563919067,204,512,512,512
12.693463563919067,204,512,512,512
12.693463563919067,205,512,512,512
12.693463563919067,205,512,512,512
12.693463563919067,205,512,512,512
12.693463563919067,205,512,512,512
12.693463563919067,206,512,512,512
12.693463563919067,206,512,512,512
12.693463563919067,206,512,512,512
12.693463563919067,206,512,512,512
12.693463563919067,206,512,512,512
12.693463563919067,207,512,512,512
12.693463563919067,207,512,512,512
12.706794500350952,207,512,512,512
12.706794500350952,207,512,512,512
12.706794500350952,207,512,512,512
12.706794500350952,207,512,512,512
12.706794500350952,207,512,512,512
12.706794500350952,207,512,512,512
12.706794500350952,207,512,512,512
12.706794500350952,207,512,512,512
12.706794500350952,207,512,512,512
12.706794500350952,207,512,512,512
12.706794500350952,207,512,512,512
12.706794500350952,207,512,512,512
12.71711802482605,207,512,512,512
12.71711802482605,207,511,512,512
12.71711802482605,207,512,512,512
12.71711802482605,207,511,512,512
12.71711802482605,207,511,512,512
12.71711802482605,207,512,512,512
12.71711802482605,207,512,512,512
12.723191261291504,207,512,512,512
12.724220037460327,206,512,512,512
12.724220037460327,206,512,512,512
12.724220037460327,206,511,512,512
12.724220037460327,206,511,512,512
12.724220037460327,206,511,512,512
12.724220037460327,206,511,512,512
12.724220037460327,205,511,512,512
12.724220037460327,205,510,512,512
12.724220037460327,205,511,512,512
12.724220037460327,205,511,512,512
12.724220037460327,205,511,512,512
12.724220037460327,204,511,512,512
12.724220037460327,204,511,512,512
12.724220037460327,204,511,512,512
12.724220037460327,204,511,512,512
12.724220037460327,203,511,512,512
12.724220037460327,203,511,512,512
12.738276958465576,203,511,512,512
12.738276958465576,203,511,512,512
12.738276958465576,203,512,512,512
12.738276958465576,203,511,512,512
12.738276958465576,202,511,512,512
12.738276958465576,202,511,512,512
12.738276958465576,202,511,512,512
12.738276958465576,201,511,512,512
12.738276958465576,201,511,512,512
12.738276958465576,201,512,512,512
12.738276958465576,201,512,512,512
12.738276958465576,201,511,512,512
12.738276958465576,200,511,512,512
12.738276958465576,200,511,512,512
12.738276958465576,200,511,512,512
12.738276958465576,200,511,512,512
12.738276958465576,200,512,512,512
12.738276958465576,200,512,512,512
12.738276958465576,200,512,512,512
12.753923892974854,199,512,512,512
12.753923892974854,199,512,512,512
12.753923892974854,199,512,512,512
12.753923892974854,199,512,512,512
12.753923892974854,199,512,512,512
12.753923892974854,199,512,512,512
12.753923892974854,199,512,512,512
12.753923892974854,199,511,512,512
12.753923892974854,199,511,512,512
12.753923892974854,198,512,512,512
12.753923892974854,198,512,512,512
12.753923892974854,198,512,512,512
12.753923892974854,198,512,512,512
12.753923892974854,198,512,512,512
12.753923892974854,199,512,512,512
12.753923892974854,199,512,512,512
12.753923892974854,199,512,512,512
12.753923892974854,199,512,512,512
12.769648551940918,199,512,512,512
12.770892858505249,199,512,512,512
12.770892858505249,199,512,512,512
12.77243709564209,199,512,512,512
12.77243709564209,199,512,512,512
12.773985862731934,199,512,512,512
12.775558948516846,200,512,512,512
12.775558948516846,200,512,512,512
12.776364803314209,200,512,512,512
12.777764797210693,200,512,512,512
12.777764797210693,200,512,512,512
12.777764797210693,200,512,512,512
12.777764797210693,201,512,512,512
12.777764797210693,201,512,512,512
12.777764797210693,201,512,512,512
12.777764797210693,201,513,512,512
12.777764797210693,202,513,512,512
12.777764797210693,202,512,512,512
12.777764797210693,202,512,512,512
12.78563666343689,202,512,512,512
12.78563666343689,202,512,512,512
12.78563666343689,203,512,512,512
12.78563666343689,203,512,512,512
12.78563666343689,203,513,512,512
12.78563666343689,203,512,512,512
12.78563666343689,203,512,512,512
12.78563666343689,204,513,512,512
12.792739629745483,204,512,512,512
12.793792009353638,204,512,512,512
12.793792009353638,204,513,512,512
12.793792009353638,205,513,512,512
12.793792009353638,205,512,512,512
12.793792009353638,205,512,512,512
12.793792009353638,205,512,512,512
12.793792009353638,205,512,512,512
12.793792009353638,205,512,512,512
12.793792009353638,205,512,512,512
12.793792009353638,206,512,512,512
12.802071809768677,206,512,512,512
12.802071809768677,206,512,512,512
12.802071809768677,206,512,512,512
12.802071809768677,206,512,512,512
12.802071809768677,206,512,512,512
12.802071809768677,206,513,512,512
12.802071809768677,206,513,512,512
12.802071809768677,206,513,512,512
12.808926820755005,207,512,512,512
12.808926820755005,207,512,512,512
12.808926820755005,207,512,512,512
12.808926820755005,207,512,512,512
12.808926820755005,207,512,512,512
12.808926820755005,207,512,512,512
12.808926820755005,207,512,512,512
12.808926820755005,207,512,512,512
12.808926820755005,207,512,512,512
12.808926820755005,206,512,512,512
12.817408561706543,206,512,512,512
12.817408561706543,206,512,512,512
12.817408561706543,206,512,512,512
12.817408561706543,206,512,512,512
12.817408561706543,206,512,512,512
12.817408561706543,206,512,512,512
12.817408561706543,206,512,512,512
12.817408561706543,206,512,512,512
12.817408561706543,205,512,512,512
12.817408561706543,205,512,512,512
12.817408561706543,205,512,512,512
12.817408561706543,205,512,512,512
12.817408561706543,205,512,512,512
12.817408561706543,205,512,512,512
12.817408561706543,205,512,512,512
12.817408561706543,205,511,512,512
12.817408561706543,204,512,512,512
12.817408561706543,204,512,512,512
12.817408561706543,204,512,512,512
12.833250761032104,204,511,512,512
12.833250761032104,203,511,512,512
12.833250761032104,203,512,512,512
12.836524486541748,203,512,512,512
12.836524486541748,203,512,512,512
12.836524486541748,203,512,512,512
12.836524486541748,203,512,512,512
12.836524486541748,202,511,512,512
12.836524486541748,202,511,512,512
12.836524486541748,202,511,512,512
12.836524486541748,202,511,512,512
12.836524486541748,201,511,512,512
12.836524486541748,201,512,512,512
12.836524486541748,201,512,512,512
12.836524486541748,201,512,512,512
12.836524486541748,200,512,512,512
12.836524486541748,200,512,512,512
12.836524486541748,200,512,512,512
12.848970890045166,200,512,512,512
12.850051879882812,200,512,512,512
12.850051879882812,200,512,512,512
12.850051879882812,200,512,512,512
12.850051879882812,200,512,512,512
12.850051879882812,200,512,512,512
12.850051879882812,200,512,512,512
12.850051879882812,199,512,512,512
12.850051879882812,199,512,512,512
12.850051879882812,199,512,512,512
12.850051879882812,199,512,512,512
12.850051879882812,199,512,512,512
12.850051879882812,199,512,512,512
12.850051879882812,199,512,512,512
12.850051879882812,199,512,512,512
12.850051879882812,199,512,512,512
12.850051879882812,199,512,512,512
12.850051879882812,199,512,512,512
12.850051879882812,199,512,512,512
12.864777088165283,199,512,512,512
12.864777088165283,199,512,512,512
12.864777088165283,199,512,512,512
12.864777088165283,199,512,512,512
12.864777088165283,199,513,512,512
12.864777088165283,199,513,512,512
12.864777088165283,199,512,512,512
12.864777088165283,199,512,512,512
12.864777088165283,200,512,512,512
12.864777088165283,200,512,512,512
12.864777088165283,200,512,512,512
12.864777088165283,200,512,512,512
12.864777088165283,200,512,512,512
12.864777088165283,200,512,512,512
12.864777088165283,200,512,512,512
12.864777088165283,200,512,512,512
12.864777088165283,201,512,512,512
12.864777088165283,201,512,512,512
12.864777088165283,201,513,512,512
12.880840301513672,201,513,512,512
12.880840301513672,201,512,512,512
12.880840301513672,202,512,512,512
12.880840301513672,202,513,512,512
12.880840301513672,202,512,512,512
12.880840301513672,202,512,512,512
12.880840301513672,202,513,512,512
12.880840301513672,203,513,512,512
12.880840301513672,203,513,512,512
12.880840301513672,203,513,512,512
12.880840301513672,203,513,512,512
12.880840301513672,203,513,512,512
12.880840301513672,203,513,512,512
12.880840301513672,204,513,512,512
12.880840301513672,204,513,512,512
12.880840301513672,204,513,512,512
12.880840301513672,204,512,512,512
12.880840301513672,204,512,512,512
12.896513938903809,204,512,512,512
12.8977952003479,205,512,512,512
12.898268461227417,205,512,512,512
12.898268461227417,205,513,512,512
12.898268461227417,205,512,512,512
12.898268461227417,205,512,512,512
12.898268461227417,206,512,512,512
12.898268461227417,206,512,512,512
12.898268461227417,206,512,512,512
12.898268461227417,206,512,512,512
12.898268461227417,205,513,512,512
12.898268461227417,205,512,512,512
12.898268461227417,206,512,512,512
12.898268461227417,206,512,512,512
12.898268461227417,206,512,512,512
12.898268461227417,206,512,512,512
12.898268461227417,206,512,512,512
12.898268461227417,206,512,512,512
12.898268461227417,206,512,512,512
12.913456201553345,206,512,512,512
12.913456201553345,206,512,512,512
12.91446828842163,206,512,512,512
12.91446828842163,206,511,512,512
12.91591763496399,206,511,512,512
12.91591763496399,206,512,512,512
12.917462825775146,205,512,512,512
12.919028043746948,205,511,512,512
12.919028043746948,205,512,512,512
12.920588493347168,205,512,512,512
12.920588493347168,205,512,512,512
12.922130107879639,205,512,512,512
12.922130107879639,205,512,512,512
12.92366623878479,205,512,512,512
12.925196170806885,205,512,512,512
12.925196170806885,205,512,512,512
12.925196170806885,205,512,512,512
12.926801919937134,204,512,512,512
12.928334951400757,204,512,512,512
12.928334951400757,204,512,512,512
12.92995285987854,204,512,512,512
12.92995285987854,204,511,512,512
12.931550741195679,204,511,512,512
12.931550741195679,204,511,512,512
12.933103799819946,203,511,512,512
12.933103799819946,203,511,512,512
12.934749603271484,203,512,512,512
12.934749603271484,203,512,512,512
12.9363374710083,203,512,512,512
12.9363374710083,203,511,512,512
12.937872648239136,202,512,512,512
12.939405679702759,202,512,512,512
12.939405679702759,202,512,512,512
12.940998792648315,202,512,512,512
12.940998792648315,202,512,512,512
12.942678689956665,202,512,512,512
12.942678689956665,201,512,512,512
12.944302797317505,201,512,512,512
12.944302797317505,201,512,512,512
12.9458589553833,201,512,512,512
12.9458589553833,201,512,512,512
12.94753646850586,200,512,512,512
12.94753646850586,200,512,512,512
12.949231624603271,200,512,512,512
12.949231624603271,200,512,512,512
12.949231624603271,200,512,512,512
12.949231624603271,200,512,512,512
12.949231624603271,200,512,512,512
12.949231624603271,200,512,512,512
12.949231624603271,200,512,512,512
12.949231624603271,200,512,512,512
12.949231624603271,200,512,512,512
12.949231624603271,200,512,512,512
12.949231624603271,200,512,512,512
12.949231624603271,200,512,512,512
12.949231624603271,199,512,512,512
12.9599769115448,199,512,512,512
12.961304426193237,199,512,512,512
12.961304426193237,199,512,512,512
12.961304426193237,199,512,512,512
12.961304426193237,200,512,512,512
12.961304426193237,200,512,512,512
12.961304426193237,200,512,512,512
12.961304426193237,199,512,512,512
12.961304426193237,199,512,512,512
12.961304426193237,200,512,512,512
12.961304426193237,200,512,512,512
12.961304426193237,200,512,512,512
12.961304426193237,200,512,512,512
12.961304426193237,200,512,512,512
12.961304426193237,200,512,512,512
12.961304426193237,200,512,512,512
12.961304426193237,200,512,512,512
12.961304426193237,201,512,512,512
12.975637674331665,201,512,512,512
12.975637674331665,201,512,512,512
12.975637674331665,201,512,512,512
12.975637674331665,201,513,512,512
12.975637674331665,201,512,512,512
12.975637674331665,202,512,512,512
12.975637674331665,202,512,512,512
12.975637674331665,202,512,512,512
12.975637674331665,202,512,512,512
12.975637674331665,202,513,512,512
12.975637674331665,202,513,512,512
12.975637674331665,202,512,512,512
12.975637674331665,202,512,512,512
12.975637674331665,203,512,512,512
12.975637674331665,203,512,512,512
12.975637674331665,203,512,512,512
12.975637674331665,203,512,512,512
12.975637674331665,203,512,512,512
12.991474628448486,203,512,512,512
12.991474628448486,204,512,512,512
12.991474628448486,204,512,512,512
12.991474628448486,204,512,512,512
12.991474628448486,204,512,512,512
12.991474628448486,204,512,512,512
12.991474628448486,204,513,512,512
12.991474628448486,205,512,512,512
12.991474628448486,205,512,512,512
12.991474628448486,205,512,512,512
12.991474628448486,205,512,512,512
12.991474628448486,205,512,512,512
12.991474628448486,205,512,512,512
12.991474628448486,205,512,512,512
12.991474628448486,205,512,512,512
12.991474628448486,205,512,512,512
12.991474628448486,205,512,512,512
12.991474628448486,205,512,512,512
12.991474628448486,206,512,512,512
13.007264137268066,206,512,512,512
13.007264137268066,206,512,512,512
13.007264137268066,206,512,512,512
13.007264137268066,206,512,512,512
13.007264137268066,206,512,512,512
13.007264137268066,206,512,512,512
13.007264137268066,206,512,512,512
13.007264137268066,206,512,512,512
13.007264137268066,206,512,512,512
13.007264137268066,206,512,512,512
13.007264137268066,206,512,512,512
13.007264137268066,206,512,512,512
13.017512083053589,205,512,512,512
13.017512083053589,205,512,512,512
13.017512083053589,205,512,512,512
13.017512083053589,205,512,512,512
13.017512083053589,205,512,512,512
13.017512083053589,205,512,512,512
13.017512083053589,205,512,512,512
13.02303433418274,205,512,512,512
13.02437162399292,205,512,512,512
13.02437162399292,205,512,512,512
13.025896549224854,205,512,512,512
13.025896549224854,204,512,512,512
13.025896549224854,204,512,512,512
13.025896549224854,204,511,512,512
13.025896549224854,204,511,512,512
13.025896549224854,204,511,512,512
13.025896549224854,203,511,512,512
13.025896549224854,203,511,512,512
13.025896549224854,203,512,512,512
13.025896549224854,203,512,512,512
13.025896549224854,202,512,512,512
13.025896549224854,202,512,512,512
13.025896549224854,202,512,512,512
13.025896549224854,202,512,512,512
13.025896549224854,202,512,512,512
13.038921594619751,202,512,512,512
13.038921594619751,202,512,512,512
13.038921594619751,202,511,512,512
13.038921594619751,201,511,512,512
13.038921594619751,201,512,512,512
13.038921594619751,201,512,512,512
13.038921594619751,201,512,512,512
13.038921594619751,201,512,512,512
13.038921594619751,201,512,512,512
13.038921594619751,201,512,512,512
13.038921594619751,201,512,512,512
13.038921594619751,200,512,512,512
13.038921594619751,200,512,512,512
13.038921594619751,200,512,512,512
13.038921594619751,200,512,512,512
13.038921594619751,200,512,512,512
13.038921594619751,200,512,512,512
13.038921594619751,200,512,512,512
13.038921594619751,200,512,512,512
13.054733514785767,200,512,512,512
13.055909156799316,200,512,512,512
13.056535482406616,200,512,512,512
13.056535482406616,200,512,512,512
13.056535482406616,200,512,512,512
13.056535482406616,200,512,512,512
13.056535482406616,200,512,512,512
13.056535482406616,200,512,512,512
13.056535482406616,200,512,512,512
13.056535482406616,200,512,512,512
13.056535482406616,200,512,512,512
13.056535482406616,200,512,512,512
13.056535482406616,200,512,512,512
13.056535482406616,200,512,512,512
13.056535482406616,200,512,512,512
13.056535482406616,200,512,512,512
13.056535482406616,200,512,512,512
13.056535482406616,200,512,512,512
13.056535482406616,200,512,512,512
13.070592164993286,200,512,512,512
13.070592164993286,200,512,512,512
13.072181701660156,200,512,512,512
13.072181701660156,200,512,512,512
13.072181701660156,201,512,512,512
13.072181701660156,201,513,512,512
13.072181701660156,201,513,512,512
13.072181701660156,201,513,512,512
13.072181701660156,201,513,512,512
13.072181701660156,202,513,512,512
13.072181701660156,202,512,512,512
13.072181701660156,202,512,512,512
13.072181701660156,202,513,512,512
13.072181701660156,202,513,512,512
13.072181701660156,202,513,512,512
13.072181701660156,202,512,512,512
13.072181701660156,202,512,512,512
13.072181701660156,202,512,512,512
13.086385726928711,203,512,512,512
13.086385726928711,203,512,512,512
13.086385726928711,203,513,512,512
13.088118553161621,203,513,512,512
13.089655876159668,203,512,512,512
13.089655876159668,203,512,512,512
13.091193675994873,204,512,512,512
13.091193675994873,204,512,512,512
13.092734098434448,204,512,512,512
13.094308376312256,204,513,512,512
13.094308376312256,204,512,512,512
13.094308376312256,204,512,512,512
13.094308376312256,204,512,512,512
13.094308376312256,204,513,512,512
13.094308376312256,205,513,512,512
13.094308376312256,205,512,512,512
13.094308376312256,205,513,512,512
13.094308376312256,205,512,512,512
13.094308376312256,205,512,512,512
13.102131128311157,205,512,512,512
13.103490591049194,205,512,512,512
13.10399055480957,205,512,512,512
13.10399055480957,205,512,512,512
13.10399055480957,205,512,512,512
13.10399055480957,205,512,512,512
13.10399055480957,205,512,512,512
13.10399055480957,205,512,512,512
13.10399055480957,206,512,512,512
13.10399055480957,206,512,512,512
13.10399055480957,206,512,512,512
13.10399055480957,206,512,512,512
13.10399055480957,205,512,512,512
13.10399055480957,205,512,512,512
13.10399055480957,205,512,512,512
13.10399055480957,205,512,512,512
13.10399055480957,205,512,512,512
13.10399055480957,205,511,512,512
13.1178617477417,205,512,512,512
13.1178617477417,205,512,512,512
13.1178617477417,205,512,512,512
13.1178617477417,205,512,512,512
13.1178617477417,204,512,512,512
13.1178617477417,204,512,512,512
13.1178617477417,204,512,512,512
13.1178617477417,204,512,512,512
13.1178617477417,204,512,512,512
13.1178617477417,204,512,512,512
13.1178617477417,204,512,512,512
13.1178617477417,204,512,512,512
13.1178617477417,204,512,512,512
13.1178617477417,204,512,512,512
13.1178617477417,203,512,512,512
13.1178617477417,203,512,512,512
13.1178617477417,203,512,512,512
13.1178617477417,203,511,512,512
13.1178617477417,203,511,512,512
13.133582592010498,203,511,512,512
13.134452819824219,202,511,512,512
13.135406017303467,202,511,512,512
13.136634588241577,202,512,512,512
13.137412309646606,202,512,512,512
13.137412309646606,202,512,512,512
13.137412309646606,202,512,512,512
13.137412309646606,202,512,512,512
13.142395257949829,202,511,512,512
13.142395257949829,202,511,512,512
13.142395257949829,202,512,512,512
13.142960786819458,201,511,512,512
13.142960786819458,201,511,512,512
13.142960786819458,201,511,512,512
13.142960786819458,201,511,512,512
13.142960786819458,201,511,512,512
13.142960786819458,201,512,512,512
13.142960786819458,201,512,512,512
13.142960786819458,201,512,512,512
13.149929523468018,200,512,512,512
13.149929523468018,200,512,512,512
13.149929523468018,200,512,512,512
13.149929523468018,200,512,512,512
13.149929523468018,200,512,512,512
13.149929523468018,200,512,512,512
13.149929523468018,200,512,512,512
13.149929523468018,200,512,512,512
13.149929523468018,200,512,512,512
13.15828824043274,200,512,512,512
13.159094095230103,200,512,512,512
13.159416437149048,200,512,512,512
13.159936904907227,200,512,512,512
13.16140365600586,200,512,512,512
13.16212010383606,200,512,512,512
13.162330389022827,200,512,512,512
13.162330389022827,200,512,512,512
13.162330389022827,200,512,512,512
13.162330389022827,200,512,512,512
13.162330389022827,200,512,512,512
13.166687250137329,200,512,512,512
13.166687250137329,200,512,512,512
13.166687250137329,200,512,512,512
13.166687250137329,200,512,512,512
13.166687250137329,200,512,512,512
13.166687250137329,201,512,512,512
13.166687250137329,201,512,512,512
13.166687250137329,201,513,512,512
13.166687250137329,201,513,512,512
13.174717903137207,201,513,512,512
13.174717903137207,201,513,512,512
13.176076412200928,201,513,512,512
13.17693829536438,202,513,512,512
13.17693829536438,202,513,512,512
13.17693829536438,202,513,512,512
13.17693829536438,202,513,512,512
13.180919408798218,202,512,512,512
13.180919408798218,202,512,512,512
13.180919408798218,202,512,512,512
13.180919408798218,202,512,512,512
13.180919408798218,203,512,512,512
13.180919408798218,203,512,512,512
13.180919408798218,203,512,512,512
13.180919408798218,203,512,512,512
13.180919408798218,203,512,512,512
13.180919408798218,203,512,512,512
13.180919408798218,203,512,512,512
13.180919408798218,203,512,512,512
13.190402746200562,204,513,512,512
13.190402746200562,204,513,512,512
13.190402746200562,204,513,512,512
13.193855047225952,204,512,512,512
13.194381952285767,204,512,512,512
13.194381952285767,204,512,512,512
13.194381952285767,204,512,512,512
13.194381952285767,204,513,512,512
13.194381952285767,204,513,512,512
13.194381952285767,204,513,512,512
13.194381952285767,204,512,512,512
13.194381952285767,204,512,512,512
13.194381952285767,204,512,512,512
13.194381952285767,205,512,512,512
13.194381952285767,205,512,512,512
13.194381952285767,205,513,512,512
13.194381952285767,205,512,512,512
13.194381952285767,205,512,512,512
13.206077098846436,205,512,512,512
13.206077098846436,205,512,512,512
13.206077098846436,205,512,512,512
13.206077098846436,205,512,512,512
13.206077098846436,205,513,512,512
13.206077098846436,205,513,512,512
13.206077098846436,205,512,512,512
13.206077098846436,205,512,512,512
13.206077098846436,205,512,512,512
13.206077098846436,205,512,512,512
13.206077098846436,205,512,512,512
13.206077098846436,205,512,512,512
13.206077098846436,205,512,512,512
13.206077098846436,205,512,512,512
13.218133687973022,204,512,512,512
13.218133687973022,204,512,512,512
13.218133687973022,204,512,512,512
13.218133687973022,204,512,512,512
13.221910953521729,204,512,512,512
13.222657680511475,204,513,512,512
13.223443746566772,204,512,512,512
13.223871946334839,204,512,512,512
13.223871946334839,204,512,512,512
13.223871946334839,204,512,512,512
13.223871946334839,204,512,512,512
13.223871946334839,204,512,512,512
13.223871946334839,203,512,512,512
13.223871946334839,203,512,512,512
13.223871946334839,203,511,512,512
13.223871946334839,203,511,512,512
13.223871946334839,203,511,512,512
13.223871946334839,203,511,512,512
13.223871946334839,203,511,512,512
13.223871946334839,203,511,512,512
13.223871946334839,203,511,512,512
13.223871946334839,202,511,512,512
13.223871946334839,202,511,512,512
13.237715482711792,202,512,512,512
13.237715482711792,202,511,512,512
13.237715482711792,202,512,512,512
13.237715482711792,202,512,512,512
13.237715482711792,202,512,512,512
13.237715482711792,201,512,512,512
13.237715482711792,201,512,512,512
13.237715482711792,201,512,512,512
13.237715482711792,201,512,512,512
13.237715482711792,201,511,512,512
13.237715482711792,201,512,512,512
13.237715482711792,201,512,512,512
13.237715482711792,201,512,512,512
13.237715482711792,201,511,512,512
13.237715482711792,201,512,512,512
13.237715482711792,201,512,512,512
13.237715482711792,201,512,512,512
13.237715482711792,201,512,512,512
13.237715482711792,201,512,512,512
13.253499507904053,201,512,512,512
13.253499507904053,201,511,512,512
13.253499507904053,201,511,512,512
13.253499507904053,201,511,512,512
13.253499507904053,201,511,512,512
13.253499507904053,201,511,512,512
13.253499507904053,201,512,512,512
13.253499507904053,201,512,512,512
13.253499507904053,201,512,512,512
13.253499507904053,201,512,512,512
13.253499507904053,201,512,512,512
13.253499507904053,201,512,512,512
13.253499507904053,201,512,512,512
13.253499507904053,201,512,512,512
13.253499507904053,201,512,512,512
13.253499507904053,201,512,512,512
13.253499507904053,201,512,512,512
13.253499507904053,201,512,512,512
13.26956820487976,201,512,512,512
13.26956820487976,201,512,512,512
13.26956820487976,201,512,512,512
13.26956820487976,201,512,512,512
13.272954225540161,201,512,512,512
13.273478269577026,202,512,512,512
13.273478269577026,202,512,512,512
13.273478269577026,202,512,512,512
13.273478269577026,202,512,512,512
13.273478269577026,202,512,512,512
13.273478269577026,202,512,512,512
13.273478269577026,203,512,512,512
13.273478269577026,203,512,512,512
13.273478269577026,203,512,512,512
13.273478269577026,203,512,512,512
13.273478269577026,203,512,512,512
13.273478269577026,203,512,512,512
13.273478269577026,203,512,512,512
13.273478269577026,203,512,512,512
13.285462141036987,203,512,512,512
13.28628134727478,203,512,512,512
13.286606550216675,203,512,512,512
13.286606550216675,204,512,512,512
13.286606550216675,204,512,512,512
13.286606550216675,204,512,512,512
13.286606550216675,204,512,512,512
13.286606550216675,204,512,512,512
13.286606550216675,204,512,512,512
13.293249368667603,204,512,512,512
13.293249368667603,204,512,512,512
13.293249368667603,204,512,512,512
13.293249368667603,204,512,512,512
13.293249368667603,205,512,512,512
13.293249368667603,205,511,512,512
13.293249368667603,204,511,512,512
13.293249368667603,204,511,512,512
13.293249368667603,204,511,512,512
13.293249368667603,205,511,512,512
13.301601886749268,205,512,512,512
13.301601886749268,205,512,512,512
13.301601886749268,205,512,512,512
13.301601886749268,205,512,512,512
13.301601886749268,205,512,512,512
13.301601886749268,205,512,512,512
13.301601886749268,205,512,512,512
13.301601886749268,205,512,512,512
13.30942177772522,205,512,512,512
13.30942177772522,205,512,512,512
13.30974292755127,205,512,512,512
13.30974292755127,205,512,512,512
13.30974292755127,205,512,512,512
13.30974292755127,205,512,512,512
13.30974292755127,205,512,512,512
13.30974292755127,205,512,512,512
13.30974292755127,205,512,512,512
13.30974292755127,205,511,512,512
13.30974292755127,205,512,512,512
13.317487478256226,204,511,512,512
13.318000793457031,204,511,512,512
13.318000793457031,204,512,512,512
13.318000793457031,204,512,512,512
13.318000793457031,204,511,512,512
13.318000793457031,204,511,512,512
13.318000793457031,204,511,512,512
13.318000793457031,204,511,512,512
13.325721025466919,204,512,512,512
13.325721025466919,204,512,512,512
13.325721025466919,204,512,512,512
13.325721025466919,203,512,512,512
13.325721025466919,203,512,512,512
13.325721025466919,203,512,512,512
13.325721025466919,203,512,512,512
13.325721025466919,203,511,512,512
13.325721025466919,203,511,512,512
13.325721025466919,203,512,512,512
13.325721025466919,203,511,512,512
13.33398699760437,203,511,512,512
13.33398699760437,203,511,512,512
13.33398699760437,203,511,512,512
13.33398699760437,202,511,512,512
13.33398699760437,202,511,512,512
13.33398699760437,202,511,512,512
13.33398699760437,202,511,512,512
13.33398699760437,202,511,512,512
13.33398699760437,202,511,512,512
13.33398699760437,202,512,512,512
13.33398699760437,202,512,512,512
13.33398699760437,202,512,512,512
13.33398699760437,202,512,512,512
13.33398699760437,202,512,512,512
13.33398699760437,201,511,512,512
13.33398699760437,201,511,512,512
13.33398699760437,201,512,512,512
13.33398699760437,201,511,512,512
13.33398699760437,201,512,512,512
13.349673509597778,201,512,512,512
13.350673913955688,201,512,512,512
13.350673913955688,201,512,512,512
13.350673913955688,201,512,512,512
13.353413820266724,201,512,512,512
13.354650497436523,201,512,512,512
13.355359554290771,201,512,512,512
13.355359554290771,201,512,512,512
13.355359554290771,201,512,512,512
13.355359554290771,201,512,512,512
13.355359554290771,201,512,512,512
13.355359554290771,201,512,512,512
13.355359554290771,201,512,512,512
13.355359554290771,201,512,512,512
13.355359554290771,201,512,512,512
13.355359554290771,201,512,512,512
13.355359554290771,201,512,512,512
13.355359554290771,201,512,512,512
13.365737915039062,201,512,512,512
13.365737915039062,201,512,512,512
13.365737915039062,202,512,512,512
13.365737915039062,202,512,512,512
13.365737915039062,202,512,512,512
13.365737915039062,202,512,512,512
13.365737915039062,202,512,512,512
13.365737915039062,202,511,512,512
13.365737915039062,202,511,512,512
13.365737915039062,202,511,512,512
13.365737915039062,202,512,512,512
13.365737915039062,202,512,512,512
13.365737915039062,202,512,512,512
13.37596869468689,202,512,512,512
13.37596869468689,202,512,512,512
13.37596869468689,202,512,512,512
13.37596869468689,202,512,512,512
13.37596869468689,203,512,512,512
13.37596869468689,203,512,512,512
13.3815279006958,203,512,512,512
13.3815279006958,203,512,512,512
13.3815279006958,203,512,512,512
13.3815279006958,203,512,512,512
13.38481092453003,203,512,512,512
13.38481092453003,204,512,512,512
13.38481092453003,204,512,512,512
13.38481092453003,204,512,512,512
13.38481092453003,204,512,512,512
13.38481092453003,204,512,512,512
13.38481092453003,204,512,512,512
13.38481092453003,204,512,512,512
13.38481092453003,204,512,512,512
13.38481092453003,204,512,512,512
13.392917394638062,204,512,512,512
13.392917394638062,204,512,512,512
13.392917394638062,205,512,512,512
13.392917394638062,205,512,512,512
13.392917394638062,205,512,512,512
13.397520065307617,205,512,512,512
13.398720026016235,205,512,512,512
13.398720026016235,205,512,512,512
13.398720026016235,205,512,512,512
13.398720026016235,205,511,512,512
13.398720026016235,205,512,512,512
13.398720026016235,205,511,512,512
13.398720026016235,205,511,512,512
13.398720026016235,205,512,512,512
13.398720026016235,205,512,512,512
13.398720026016235,205,512,512,512
13.398720026016235,205,512,512,512
13.398720026016235,205,512,512,512
13.398720026016235,205,512,512,512
13.398720026016235,205,511,512,512
13.398720026016235,205,511,512,512
13.398720026016235,205,512,512,512
13.398720026016235,205,512,512,512
13.413362503051758,205,511,512,512
13.413362503051758,204,511,512,512
13.413362503051758,204,511,512,512
13.415414333343506,204,511,512,512
13.416471004486084,204,511,512,512
13.416471004486084,204,512,512,512
13.418014526367188,204,512,512,512
13.418014526367188,204,512,512,512
13.419579982757568,204,512,512,512
13.421175479888916,204,512,512,512
13.421175479888916,204,512,512,512
13.421175479888916,204,512,512,512
13.422763586044312,204,512,512,512
13.424305438995361,204,512,512,512
13.425918340682983,203,512,512,512
13.425918340682983,203,512,512,512
13.425918340682983,203,512,512,512
13.427619218826294,203,511,512,512
13.427619218826294,203,512,512,512
13.429287433624268,203,512,512,512
13.429287433624268,203,512,512,512
13.43074893951416,203,511,512,512
13.431826114654541,203,511,512,512
13.431826114654541,203,511,512,512
13.433422803878784,203,511,512,512
13.433422803878784,203,511,512,512
13.434974908828735,203,512,512,512
13.436277151107788,202,512,512,512
13.436277151107788,202,512,512,512
13.437909603118896,202,511,512,512
13.437909603118896,202,512,512,512
13.439685344696045,202,512,512,512
13.439685344696045,202,512,512,512
13.441351890563965,202,512,512,512
13.441351890563965,202,512,512,512
13.443047046661377,201,512,512,512
13.443047046661377,201,512,512,512
13.444745779037476,201,512,512,512
13.444745779037476,201,512,512,512
13.446416854858398,201,512,512,512
13.447346210479736,201,512,512,512
13.448129177093506,201,512,512,512
13.448129177093506,201,512,512,512
13.449793338775635,201,511,512,512
13.449793338775635,201,511,512,512
13.451425075531006,201,511,512,512
13.451425075531006,201,511,512,512
13.451425075531006,201,511,512,512
13.451425075531006,201,511,512,512
13.451425075531006,201,511,512,512
13.451425075531006,201,511,512,512
13.451425075531006,201,512,512,512
13.451425075531006,201,512,512,512
13.451425075531006,201,512,512,512
13.451425075531006,201,512,512,512
13.451425075531006,201,512,512,512
13.460788488388062,201,512,512,512
13.461886882781982,201,512,512,512
13.462208032608032,201,512,512,512
13.462208032608032,201,512,512,512
13.462208032608032,201,512,512,512
13.462208032608032,201,512,512,512
13.462208032608032,201,512,512,512
13.462208032608032,201,512,512,512
13.462208032608032,201,512,512,512
13.462208032608032,201,512,512,512
13.462208032608032,202,512,512,512
13.462208032608032,202,512,512,512
13.462208032608032,202,512,512,512
13.462208032608032,202,512,512,512
13.462208032608032,202,512,512,512
13.462208032608032,202,512,512,512
13.462208032608032,202,512,512,512
13.462208032608032,202,512,512,512
13.462208032608032,203,512,512,512
13.47659683227539,203,512,512,512
13.47659683227539,203,512,512,512
13.47659683227539,203,512,512,512
13.47659683227539,203,512,512,512
13.480318307876587,203,512,512,512
13.480318307876587,203,512,512,512
13.480318307876587,203,512,512,512
13.482832908630371,203,512,512,512
13.482832908630371,203,512,512,512
13.483888387680054,204,512,512,512
13.483888387680054,203,512,512,512
13.486055850982666,203,511,512,512
13.487079381942749,203,512,512,512
13.487079381942749,204,512,512,512
13.487079381942749,204,512,512,512
13.487079381942749,204,512,512,512
13.487079381942749,204,513,512,512
13.487079381942749,204,512,512,512
13.492264986038208,204,512,512,512
13.492264986038208,204,512,512,512
13.494068622589111,204,512,512,512
13.49478816986084,204,512,512,512
13.49478816986084,204,512,512,512
13.49478816986084,204,512,512,512
13.49478816986084,204,512,512,512
13.49478816986084,205,512,512,512
13.49478816986084,205,512,512,512
13.49478816986084,205,512,512,512
13.49478816986084,205,512,512,512
13.49478816986084,205,512,512,512
13.49478816986084,205,512,512,512
13.49478816986084,205,512,512,512
13.49478816986084,205,512,512,512
13.49478816986084,205,512,512,512
13.49478816986084,205,512,512,512
13.49478816986084,205,512,512,512
13.508042573928833,205,512,512,512
13.508042573928833,205,512,512,512
13.508042573928833,205,512,512,512
13.508042573928833,205,512,512,512
13.508042573928833,205,512,512,512
13.508042573928833,205,512,512,512
13.508042573928833,205,512,512,512
13.508042573928833,204,512,512,512
13.508042573928833,204,512,512,512
13.508042573928833,204,512,512,512
13.508042573928833,204,512,512,512
13.508042573928833,204,511,512,512
13.518136262893677,204,511,512,512
13.518136262893677,204,512,512,512
13.518136262893677,204,512,512,512
13.518136262893677,204,512,512,512
13.518136262893677,204,512,512,512
13.518136262893677,204,512,512,512
13.518136262893677,204,511,512,512
13.524126768112183,204,511,512,512
13.524126768112183,204,511,512,512
13.524126768112183,203,511,512,512
13.524126768112183,203,511,512,512
13.524126768112183,203,511,512,512
13.524126768112183,203,511,512,512
13.524126768112183,203,511,512,512
13.524126768112183,203,511,512,512
13.524126768112183,203,512,512,512
13.524126768112183,203,512,512,512
13.524126768112183,203,512,512,512
13.524126768112183,203,512,512,512
13.524126768112183,203,512,512,512
13.524126768112183,203,511,512,512
13.524126768112183,202,512,512,512
13.524126768112183,202,512,512,512
13.524126768112183,202,512,512,512
13.524126768112183,202,512,512,512
13.524126768112183,202,512,512,512
13.539835691452026,202,512,512,512
13.539835691452026,202,512,512,512
13.539835691452026,202,512,512,512
13.539835691452026,202,512,512,512
13.539835691452026,202,512,512,512
13.539835691452026,202,512,512,512
13.539835691452026,202,512,512,512
13.539835691452026,202,512,512,512
13.539835691452026,201,512,512,512
13.539835691452026,201,512,512,512
13.539835691452026,201,512,512,512
13.539835691452026,201,512,512,512
13.539835691452026,201,512,512,512
13.539835691452026,201,512,512,512
13.539835691452026,202,512,512,512
13.539835691452026,202,512,512,512
13.539835691452026,202,512,512,512
13.539835691452026,202,512,512,512
13.539835691452026,201,512,512,512
13.556228160858154,201,512,512,512
13.556912183761597,201,512,512,512
13.557256698608398,201,512,512,512
13.557256698608398,201,512,512,512
13.557256698608398,201,512,512,512
13.557256698608398,201,512,512,512
13.557256698608398,201,512,512,512
13.557256698608398,201,512,512,512
13.557256698608398,201,512,512,512
13.557256698608398,202,512,512,512
13.557256698608398,202,512,512,512
13.557256698608398,202,511,512,512
13.557256698608398,202,511,512,512
13.557256698608398,202,511,512,512
13.557256698608398,202,511,512,512
13.557256698608398,202,511,512,512
13.557256698608398,202,512,512,512
13.557256698608398,202,512,512,512
13.571394443511963,202,512,512,512
13.571394443511963,202,512,512,512
13.571394443511963,202,512,512,512
13.571394443511963,202,512,512,512
13.571394443511963,202,512,512,512
13.571394443511963,202,512,512,512
13.575954914093018,202,512,512,512
13.575954914093018,203,512,512,512
13.575954914093018,203,512,512,512
13.575954914093018,203,512,512,512
13.575954914093018,203,512,512,512
13.575954914093018,203,512,512,512
13.575954914093018,203,512,512,512
13.575954914093018,203,512,512,512
13.575954914093018,203,512,512,512
13.575954914093018,203,512,512,512
13.575954914093018,203,512,512,512
13.575954914093018,203,512,512,512
13.575954914093018,204,512,512,512
13.587121725082397,204,512,512,512
13.587121725082397,204,512,512,512
13.588831901550293,204,512,512,512
13.588831901550293,204,512,512,512
13.59197735786438,204,512,512,512
13.59197735786438,204,512,512,512
13.59197735786438,204,512,512,512
13.5935697555542,204,512,512,512
13.5935697555542,204,512,512,512
13.5935697555542,204,512,512,512
13.5935697555542,204,512,512,512
13.5935697555542,204,512,512,512
13.5935697555542,204,512,512,512
13.5935697555542,204,512,512,512
13.5935697555542,204,512,512,512
13.5935697555542,205,512,512,512
13.5935697555542,204,512,512,512
13.5935697555542,204,512,512,512
13.603099346160889,204,512,512,512
13.603099346160889,204,512,512,512
13.604504346847534,204,512,512,512
13.604504346847534,205,512,512,512
13.604504346847534,204,512,512,512
13.604504346847534,205,512,512,512
13.604504346847534,204,512,512,512
13.604504346847534,204,512,512,512
13.604504346847534,204,512,512,512
13.604504346847534,204,512,512,512
13.604504346847534,204,512,512,512
13.604504346847534,204,512,512,512
13.604504346847534,204,512,512,512
13.604504346847534,204,512,512,512
13.604504346847534,204,512,512,512
13.604504346847534,204,512,512,512
13.604504346847534,204,511,512,512
13.604504346847534,204,511,512,512
13.618416786193848,204,512,512,512
13.618416786193848,204,512,512,512
13.620046377182007,204,512,512,512
13.620046377182007,204,512,512,512
13.620046377182007,203,512,512,512
13.620046377182007,203,512,512,512
13.620046377182007,203,512,512,512
13.620046377182007,203,512,512,512
13.620046377182007,203,512,512,512
13.620046377182007,203,512,512,512
13.620046377182007,203,512,512,512
13.620046377182007,203,512,512,512
13.620046377182007,203,512,512,512
13.620046377182007,203,512,512,512
13.620046377182007,203,512,512,512
13.620046377182007,203,512,512,512
13.620046377182007,203,512,512,512
13.620046377182007,203,512,512,512
13.620046377182007,203,512,512,512
13.634390592575073,203,512,512,512
13.635223388671875,202,512,512,512
13.635995864868164,202,512,512,512
13.636855125427246,202,512,512,512
13.63761043548584,202,512,512,512
13.63761043548584,202,511,512,512
13.63761043548584,202,511,512,512
13.63761043548584,202,511,512,512
13.63761043548584,202,511,512,512
13.642517328262329,202,511,512,512
13.642517328262329,202,512,512,512
13.643380403518677,202,512,512,512
13.643380403518677,202,512,512,512
13.643380403518677,202,512,512,512
13.643380403518677,202,512,512,512
13.643380403518677,202,512,512,512
13.643380403518677,202,511,512,512
13.643380403518677,201,512,512,512
13.643380403518677,201,512,512,512
13.643380403518677,201,512,512,512
13.650831699371338,201,512,512,512
13.650831699371338,201,512,512,512
13.650831699371338,201,512,512,512
13.650831699371338,201,512,512,512
13.650831699371338,202,512,512,512
13.650831699371338,201,512,512,512
13.650831699371338,201,512,512,512
13.650831699371338,201,512,512,512
13.658962726593018,201,512,512,512
13.659428119659424,201,512,512,512
13.659741640090942,201,512,512,512
13.660885572433472,201,512,512,512
13.661403179168701,201,512,512,512
13.661403179168701,201,512,512,512
13.661403179168701,201,512,512,512
13.661403179168701,201,512,512,512
13.661403179168701,201,512,512,512
13.661403179168701,201,512,512,512
13.661403179168701,202,512,512,512
13.667236566543579,202,512,512,512
13.667236566543579,202,512,512,512
13.667236566543579,202,512,512,512
13.667236566543579,202,512,512,512
13.667236566543579,202,512,512,512
13.667236566543579,202,512,512,512
13.667236566543579,202,512,512,512
13.667236566543579,202,513,512,512
13.675448656082153,202,513,512,512
13.675448656082153,203,512,512,512
13.675448656082153,203,512,512,512
13.676248788833618,203,512,512,512
13.676248788833618,203,512,512,512
13.676248788833618,203,512,512,512
13.676248788833618,203,512,512,512
13.676248788833618,203,512,512,512
13.676248788833618,203,511,512,512
13.676248788833618,203,511,512,512
13.676248788833618,203,512,512,512
13.676248788833618,203,512,512,512
13.676248788833618,203,512,512,512
13.676248788833618,203,512,512,512
13.676248788833618,203,513,512,512
13.676248788833618,203,512,512,512
13.676248788833618,203,512,512,512
13.676248788833618,203,512,512,512
13.676248788833618,204,512,512,512
13.676248788833618,204,512,512,512
13.691229581832886,204,512,512,512
13.691229581832886,204,513,512,512
13.691229581832886,204,512,512,512
13.69386076927185,204,512,512,512
13.69386076927185,204,512,512,512
13.69386076927185,204,512,512,512
13.69386076927185,204,512,512,512
13.69386076927185,204,512,512,512
13.69386076927185,204,512,512,512
13.69386076927185,204,512,512,512
13.69386076927185,204,512,512,512
13.69386076927185,204,512,512,512
13.69386076927185,204,512,512,512
13.69386076927185,204,512,512,512
13.69386076927185,204,512,512,512
13.69386076927185,204,512,512,512
13.69386076927185,204,512,512,512
13.69386076927185,204,512,512,512
13.69386076927185,204,512,512,512
13.707209348678589,204,512,512,512
13.707209348678589,204,512,512,512
13.707209348678589,204,512,512,512
13.707209348678589,204,512,512,512
13.707209348678589,204,512,512,512
13.707209348678589,204,512,512,512
13.707209348678589,204,512,512,512
13.707209348678589,204,512,512,512
13.707209348678589,204,512,512,512
13.707209348678589,204,512,512,512
13.707209348678589,204,512,512,512
13.707209348678589,204,512,512,512
13.707209348678589,204,512,512,512
13.718477487564087,204,511,512,512
13.718477487564087,203,512,512,512
13.718477487564087,203,511,512,512
13.718477487564087,203,511,512,512
13.718477487564087,203,512,512,512
13.723077774047852,203,512,512,512
13.723077774047852,203,512,512,512
13.723077774047852,203,512,512,512
13.723077774047852,203,512,512,512
13.723077774047852,203,512,512,512
13.723077774047852,202,512,512,512
13.723077774047852,202,512,512,512
13.723077774047852,202,512,512,512
13.723077774047852,202,512,512,512
13.723077774047852,202,512,512,512
13.723077774047852,202,512,512,512
13.723077774047852,202,512,512,512
13.723077774047852,202,512,512,512
13.723077774047852,202,512,512,512
13.723077774047852,202,512,512,512
13.723077774047852,202,512,512,512
13.723077774047852,202,512,512,512
13.723077774047852,202,512,512,512
13.723077774047852,202,512,512,512
13.738767623901367,202,512,512,512
13.738767623901367,202,512,512,512
13.74067211151123,202,513,512,512
13.741171598434448,202,512,512,512
13.741171598434448,202,512,512,512
13.743027210235596,202,512,512,512
13.743027210235596,202,512,512,512
13.743027210235596,202,512,512,512
13.743027210235596,202,512,512,512
13.743027210235596,202,512,512,512
13.743027210235596,202,512,512,512
13.743027210235596,202,512,512,512
13.743027210235596,202,512,512,512
13.743027210235596,202,512,512,512
13.743027210235596,202,512,512,512
13.743027210235596,202,512,512,512
13.743027210235596,202,512,512,512
13.743027210235596,202,512,512,512
13.754493951797485,201,512,512,512
13.754493951797485,201,512,512,512
13.754493951797485,201,512,512,512
13.754493951797485,201,512,512,512
13.754493951797485,201,512,512,512
13.754493951797485,202,512,512,512
13.754493951797485,202,513,512,512
13.754493951797485,202,512,512,512
13.754493951797485,202,512,512,512
13.754493951797485,202,512,512,512
13.754493951797485,202,512,512,512
13.754493951797485,202,512,512,512
13.754493951797485,202,512,512,512
13.754493951797485,202,512,512,512
13.754493951797485,202,512,512,512
13.754493951797485,202,512,512,512
13.754493951797485,202,512,512,512
13.754493951797485,202,512,512,512
13.754493951797485,202,512,512,512
13.770334482192993,202,512,512,512
13.770334482192993,202,512,512,512
13.770334482192993,202,512,512,512
13.770334482192993,202,512,512,512
13.770334482192993,202,512,512,512
13.770334482192993,202,512,512,512
13.770334482192993,202,512,512,512
13.770334482192993,203,512,512,512
13.770334482192993,203,512,512,512
13.770334482192993,203,513,512,512
13.770334482192993,203,512,512,512
13.770334482192993,203,512,512,512
13.770334482192993,203,512,512,512
13.770334482192993,203,512,512,512
13.770334482192993,203,512,512,512
13.770334482192993,203,512,512,512
13.770334482192993,203,512,512,512
13.770334482192993,203,512,512,512
13.770334482192993,203,512,512,512
13.786493301391602,203,512,512,512
13.786493301391602,203,512,512,512
13.786493301391602,203,512,512,512
13.786493301391602,203,513,512,512
13.786493301391602,203,513,512,512
13.786493301391602,204,512,512,512
13.786493301391602,204,512,512,512
13.786493301391602,204,512,512,512
13.786493301391602,204,512,512,512
13.786493301391602,204,512,512,512
13.786493301391602,204,512,512,512
13.786493301391602,204,512,512,512
13.786493301391602,204,512,512,512
13.786493301391602,204,512,512,512
13.786493301391602,204,512,512,512
13.786493301391602,204,512,512,512
13.786493301391602,204,512,512,512
13.786493301391602,204,512,512,512
13.786493301391602,204,512,512,512
13.802456378936768,204,512,512,512
13.803761959075928,204,512,512,512
13.804548263549805,204,512,512,512
13.80542540550232,204,512,512,512
13.80542540550232,204,512,512,512
13.80542540550232,204,512,512,512
13.80542540550232,204,512,512,512
13.80542540550232,204,512,512,512
13.809697151184082,204,512,512,512
13.809697151184082,204,512,512,512
13.81071138381958,204,512,512,512
13.81071138381958,204,512,512,512
13.81071138381958,204,512,512,512
13.81071138381958,204,512,512,512
13.81071138381958,204,512,512,512
13.81071138381958,204,512,512,512
13.81071138381958,204,512,512,512
13.81071138381958,203,512,512,512
13.81071138381958,203,512,512,512
13.818880081176758,203,512,512,512
13.819255828857422,203,512,512,512
13.819255828857422,203,512,512,512
13.819255828857422,203,512,512,512
13.819255828857422,203,512,512,512
13.819255828857422,203,512,512,512
13.819255828857422,203,512,512,512
13.825207948684692,203,512,512,512
13.825207948684692,203,512,512,512
13.826715230941772,203,512,512,512
13.82752275466919,203,512,512,512
13.828128099441528,203,512,512,512
13.828128099441528,203,512,512,512
13.828128099441528,203,512,512,512
13.828128099441528,203,512,512,512
13.828128099441528,203,512,512,512
13.828128099441528,203,512,512,512
13.828128099441528,203,512,512,512
13.828128099441528,202,512,512,512
13.835203886032104,202,512,512,512
13.835203886032104,202,512,512,512
13.835203886032104,202,512,512,512
13.835203886032104,202,512,512,512
13.835203886032104,202,512,512,512
13.835203886032104,202,512,512,512
13.835203886032104,202,512,512,512
13.835203886032104,202,512,512,512
13.835203886032104,202,512,512,512
13.835203886032104,202,512,512,512
13.843645811080933,202,512,512,512
13.844415664672852,202,512,512,512
13.844415664672852,202,512,512,512
13.844415664672852,202,512,512,512
13.844415664672852,202,512,512,512
13.844415664672852,202,512,512,512
13.844415664672852,202,512,512,512
13.844415664672852,202,512,512,512
13.844415664672852,202,512,512,512
13.851458072662354,202,512,512,512
13.851458072662354,202,512,512,512
13.851458072662354,202,512,512,512
13.851458072662354,202,512,512,512
13.851458072662354,202,512,512,512
13.851458072662354,202,512,512,512
13.851458072662354,202,512,512,512
13.851458072662354,202,512,512,512
13.851458072662354,202,512,512,512
13.851458072662354,202,512,512,512
13.85966181755066,202,512,512,512
13.85966181755066,202,512,512,512
13.85966181755066,202,512,512,512
13.85966181755066,202,512,512,512
13.85966181755066,202,512,512,512
13.85966181755066,202,512,512,512
13.85966181755066,202,512,512,512
13.85966181755066,202,512,512,512
13.85966181755066,202,512,512,512
13.85966181755066,202,512,512,512
13.85966181755066,202,512,512,512
13.85966181755066,202,512,512,512
13.85966181755066,202,512,512,512
13.85966181755066,202,512,512,512
13.85966181755066,202,512,512,512
13.85966181755066,202,512,512,512
13.85966181755066,202,512,512,512
13.85966181755066,202,512,512,512
13.875347137451172,202,513,512,512
13.875347137451172,203,512,512,512
13.8768630027771,203,512,512,512
13.877564668655396,203,512,512,512
13.877564668655396,203,512,512,512
13.877564668655396,203,512,512,512
13.877564668655396,203,512,512,512
13.877564668655396,203,512,512,512
13.877564668655396,203,512,512,512
13.877564668655396,203,512,512,512
13.877564668655396,203,512,512,512
13.877564668655396,203,512,512,512
13.877564668655396,203,512,512,512
13.877564668655396,203,512,512,512
13.877564668655396,203,512,512,512
13.877564668655396,203,512,512,512
13.877564668655396,203,512,512,512
13.877564668655396,203,512,512,512
13.877564668655396,204,512,512,512
13.891163349151611,204,512,512,512
13.891163349151611,204,512,512,512
13.891163349151611,204,512,512,512
13.891163349151611,204,512,512,512
13.891163349151611,204,512,512,512
13.891163349151611,204,512,512,512
13.891163349151611,204,512,512,512
13.891163349151611,204,512,512,512
13.891163349151611,204,512,512,512
13.891163349151611,204,512,512,512
13.891163349151611,204,512,512,512
13.891163349151611,204,512,512,512
13.891163349151611,204,512,512,512
13.891163349151611,204,512,512,512
13.891163349151611,204,512,512,512
13.891163349151611,204,512,512,512
13.891163349151611,204,512,512,512
13.891163349151611,204,512,512,512
13.891163349151611,204,512,512,512
13.907073020935059,204,512,512,512
13.907073020935059,204,512,512,512
13.907073020935059,203,512,512,512
13.909997940063477,203,512,512,512
13.910400629043579,203,512,512,512
13.910400629043579,203,512,512,512
13.910400629043579,203,512,512,512
13.910400629043579,203,512,512,512
13.910400629043579,203,512,512,512
13.910400629043579,203,512,512,512
13.910400629043579,203,512,512,512
13.910400629043579,203,512,512,512
13.910400629043579,203,512,512,512
13.918683767318726,203,512,512,512
13.918683767318726,203,512,512,512
13.918683767318726,203,512,512,512
13.918683767318726,203,512,512,512
13.918683767318726,203,512,512,512
13.922774076461792,203,512,512,512
13.922774076461792,203,512,512,512
13.922774076461792,203,512,512,512
13.922774076461792,203,512,512,512
13.922774076461792,203,512,512,512
13.922774076461792,203,512,512,512
13.922774076461792,203,512,512,512
13.922774076461792,203,512,512,512
13.922774076461792,203,512,512,512
13.922774076461792,203,512,512,512
13.922774076461792,202,512,512,512
13.922774076461792,202,512,512,512
13.922774076461792,202,512,512,512
13.922774076461792,202,512,512,512
13.922774076461792,202,512,512,512
13.922774076461792,202,512,512,512
13.922774076461792,202,512,512,512
13.922774076461792,202,512,512,512
13.922774076461792,202,512,512,512
13.938514947891235,202,512,512,512
13.93965458869934,202,512,512,512
13.93965458869934,202,512,512,512
13.93965458869934,202,512,512,512
13.93965458869934,202,513,512,512
13.93965458869934,202,512,512,512
13.93965458869934,202,512,512,512
13.94494080543518,202,512,512,512
13.945457696914673,202,512,512,512
13.945457696914673,202,512,512,512
13.945457696914673,202,512,512,512
13.945457696914673,202,512,512,512
13.945457696914673,202,512,512,512
13.945457696914673,202,511,512,512
13.945457696914673,202,511,512,512
13.945457696914673,202,511,512,512
13.945457696914673,202,511,512,512
13.945457696914673,202,512,512,512
13.95416808128357,202,512,512,512
13.95416808128357,202,512,512,512
13.95416808128357,202,512,512,512
13.95416808128357,202,512,512,512
13.95416808128357,202,512,512,512
13.95416808128357,202,512,512,512
13.95416808128357,202,512,512,512
13.95416808128357,202,512,512,512
13.95416808128357,202,512,512,512
13.95416808128357,202,512,512,512
13.95416808128357,202,512,512,512
13.95416808128357,202,512,512,512
13.95416808128357,202,512,512,512
13.95416808128357,202,512,512,512
13.95416808128357,202,512,512,512
13.95416808128357,202,512,512,512
13.95416808128357,202,512,512,512
13.95416808128357,202,512,512,512
13.95416808128357,202,512,512,512
13.969916820526123,203,512,512,512
13.969916820526123,203,512,512,512
13.969916820526123,203,512,512,512
13.969916820526123,203,512,512,512
13.969916820526123,202,512,512,512
13.969916820526123,202,512,512,512
13.969916820526123,202,512,512,512
13.969916820526123,203,513,512,512
13.969916820526123,203,512,512,512
13.969916820526123,203,512,512,512
13.969916820526123,203,512,512,512
13.969916820526123,203,512,512,512
13.969916820526123,203,512,512,512
13.969916820526123,203,512,512,512
13.969916820526123,203,512,512,512
13.969916820526123,203,512,512,512
13.969916820526123,203,512,512,512
13.969916820526123,203,512,512,512
13.985852241516113,203,512,512,512
13.986438274383545,203,512,512,512
13.987505912780762,203,512,512,512
13.987505912780762,203,512,512,512
13.987505912780762,203,512,512,512
13.987505912780762,203,512,512,512
13.987505912780762,203,512,512,512
13.987505912780762,203,512,512,512
13.987505912780762,204,512,512,512
13.987505912780762,204,512,512,512
13.987505912780762,204,512,512,512
13.987505912780762,204,512,512,512
13.987505912780762,204,512,512,512
13.987505912780762,204,512,512,512
13.987505912780762,204,512,512,512
13.987505912780762,204,512,512,512
13.987505912780762,204,512,512,512
13.987505912780762,204,512,512,512
13.987505912780762,204,512,512,512
14.001682996749878,204,512,512,512
14.001682996749878,204,512,512,512
14.001682996749878,204,512,512,512
14.001682996749878,204,512,512,512
14.001682996749878,203,512,512,512
14.001682996749878,203,512,512,512
14.001682996749878,203,512,512,512
14.001682996749878,203,512,512,512
14.001682996749878,203,512,512,512
14.001682996749878,204,512,512,512
14.001682996749878,204,512,512,512
14.001682996749878,204,512,512,512
14.001682996749878,203,512,512,512
14.001682996749878,203,512,512,512
14.001682996749878,203,512,512,512
14.001682996749878,203,512,512,512
14.001682996749878,203,512,512,512
14.001682996749878,203,512,512,512
14.001682996749878,203,512,512,512
14.017460107803345,203,512,512,512
14.018971920013428,203,512,512,512
14.018971920013428,203,512,512,512
14.018971920013428,203,512,512,512
14.018971920013428,203,512,512,512
14.018971920013428,203,512,512,512
14.018971920013428,203,511,512,512
14.018971920013428,203,511,512,512
14.018971920013428,203,511,512,512
14.018971920013428,203,511,512,512
14.018971920013428,203,512,512,512
14.018971920013428,203,512,512,512
14.018971920013428,203,512,512,512
14.018971920013428,202,512,512,512
14.018971920013428,202,512,512,512
14.018971920013428,202,512,512,512
14.018971920013428,202,512,512,512
14.018971920013428,202,512,512,512
14.033254623413086,202,512,512,512
14.034249782562256,202,512,512,512
14.035047054290771,202,512,512,512
14.035809993743896,202,512,512,512
14.035809993743896,202,512,512,512
14.035809993743896,202,512,512,512
14.035809993743896,202,512,512,512
14.035809993743896,202,512,512,512
14.035809993743896,202,512,512,512
14.035809993743896,202,512,512,512
14.035809993743896,202,512,512,512
14.035809993743896,202,512,512,512
14.035809993743896,202,512,512,512
14.035809993743896,202,512,512,512
14.035809993743896,202,512,512,512
14.035809993743896,202,512,512,512
14.035809993743896,202,512,512,512
14.035809993743896,202,512,512,512
14.035809993743896,202,512,512,512
14.048980236053467,202,512,512,512
14.048980236053467,202,512,512,512
14.048980236053467,202,512,512,512
14.048980236053467,202,512,512,512
14.048980236053467,202,512,512,512
14.048980236053467,202,512,512,512
14.048980236053467,202,512,512,512
14.048980236053467,202,512,512,512
14.048980236053467,202,512,512,512
14.048980236053467,202,513,512,512
14.048980236053467,202,513,512,512
14.048980236053467,202,512,512,512
14.048980236053467,202,512,512,512
14.048980236053467,202,512,512,512
14.048980236053467,202,512,512,512
14.048980236053467,202,512,512,512
14.048980236053467,202,512,512,512
14.048980236053467,202,512,512,512
14.064909219741821,203,512,512,512
14.064909219741821,202,511,512,512
14.066734552383423,202,512,512,512
14.066734552383423,202,512,512,512
14.066734552383423,203,512,512,512
14.066734552383423,203,512,512,512
14.066734552383423,203,512,512,512
14.066734552383423,203,512,512,512
14.066734552383423,203,512,512,512
14.066734552383423,202,512,512,512
14.066734552383423,202,512,512,512
14.066734552383423,203,512,512,512
14.066734552383423,203,512,512,512
14.066734552383423,203,512,512,512
14.066734552383423,203,512,512,512
14.066734552383423,203,512,512,512
14.066734552383423,203,512,512,512
14.066734552383423,203,512,512,512
14.066734552383423,203,512,512,512
14.080752849578857,203,512,512,512
14.080752849578857,203,512,512,512
14.082773208618164,203,512,512,512
14.082773208618164,203,512,512,512
14.082773208618164,203,512,512,512
14.084784984588623,203,512,512,512
14.085504293441772,204,512,512,512
14.087197065353394,204,512,512,512
14.087500810623169,204,512,512,512
14.087500810623169,204,512,512,512
14.087500810623169,204,512,512,512
14.087500810623169,204,512,512,512
14.087500810623169,204,512,512,512
14.087500810623169,204,512,512,512
14.087500810623169,204,512,512,512
14.087500810623169,204,512,512,512
14.087500810623169,204,512,512,512
14.087500810623169,204,512,512,512
14.087500810623169,204,511,512,512
14.096668481826782,204,511,512,512
14.096668481826782,203,511,512,512
14.096668481826782,203,512,512,512
14.096668481826782,203,512,512,512
14.096668481826782,204,512,512,512
14.096668481826782,204,512,512,512
14.096668481826782,204,512,512,512
14.096668481826782,204,512,512,512
14.096668481826782,204,512,512,512
14.096668481826782,204,512,512,512
14.096668481826782,204,512,512,512
14.096668481826782,204,512,512,512
14.096668481826782,204,512,512,512
14.096668481826782,204,512,512,512
14.096668481826782,204,512,512,512
14.109338521957397,204,512,512,512
14.109338521957397,204,512,512,512
14.109338521957397,204,512,512,512
14.112440824508667,204,512,512,512
14.11342191696167,204,512,512,512
14.113905429840088,203,511,512,512
14.113905429840088,203,511,512,512
14.113905429840088,203,511,512,512
14.113905429840088,203,511,512,512
14.113905429840088,203,511,512,512
14.113905429840088,203,512,512,512
14.119072437286377,203,512,512,512
14.119072437286377,203,512,512,512
14.119072437286377,203,511,512,512
14.119072437286377,203,512,512,512
14.119072437286377,203,511,512,512
14.119072437286377,203,511,512,512
14.119072437286377,203,512,512,512
14.119072437286377,203,512,512,512
14.119072437286377,203,512,512,512
14.119072437286377,203,512,512,512
14.128147840499878,203,512,512,512
14.12877607345581,203,512,512,512
14.12877607345581,203,512,512,512
14.129815340042114,203,512,512,512
14.131411790847778,203,512,512,512
14.132060527801514,203,512,512,512
14.132060527801514,203,512,512,512
14.132060527801514,203,511,512,512
14.132060527801514,203,511,512,512
14.132060527801514,203,511,512,512
14.136406421661377,203,511,512,512
14.136406421661377,202,512,512,512
14.136406421661377,202,511,512,512
14.136406421661377,202,511,512,512
14.136406421661377,202,511,512,512
14.136406421661377,202,512,512,512
14.136406421661377,202,512,512,512
14.136406421661377,202,512,512,512
14.142881631851196,202,512,512,512
14.14362120628357,202,512,512,512
14.144824504852295,202,512,512,512
14.144824504852295,202,512,512,512
14.144824504852295,202,512,512,512
14.144824504852295,202,512,512,512
14.144824504852295,202,512,512,512
14.144824504852295,202,512,512,512
14.144824504852295,202,512,512,512
14.144824504852295,202,512,512,512
14.144824504852295,202,512,512,512
14.144824504852295,202,512,512,512
14.153472900390625,202,512,512,512
14.15418028831482,202,512,512,512
14.154752731323242,202,512,512,512
14.154752731323242,202,512,512,512
14.154752731323242,202,512,512,512
14.154752731323242,202,512,512,512
14.154752731323242,202,512,512,512
14.159335851669312,202,512,512,512
14.159335851669312,202,512,512,512
14.159335851669312,202,512,512,512
14.16135025024414,202,512,512,512
14.16135025024414,202,512,512,512
14.16135025024414,202,511,512,512
14.16135025024414,202,511,512,512
14.16135025024414,202,512,512,512
14.16135025024414,203,512,512,512
14.16135025024414,203,512,512,512
14.16135025024414,203,512,512,512
14.16135025024414,203,512,512,512
14.16959023475647,203,512,512,512
14.16959023475647,203,512,512,512
14.16959023475647,203,512,512,512
14.16959023475647,203,512,512,512
14.16959023475647,203,512,512,512
14.16959023475647,203,512,512,512
14.16959023475647,203,512,512,512
14.176058292388916,203,512,512,512
14.176058292388916,203,512,512,512
14.177125215530396,203,512,512,512
14.177899599075317,203,511,512,512
14.177899599075317,203,511,512,512
14.177899599075317,203,512,512,512
14.177899599075317,203,512,512,512
14.177899599075317,203,512,512,512
14.177899599075317,203,512,512,512
14.177899599075317,203,512,512,512
14.177899599075317,203,512,512,512
14.177899599075317,203,512,512,512
14.185299158096313,204,512,512,512
14.185299158096313,204,512,512,512
14.185299158096313,204,512,512,512
14.185299158096313,204,512,512,512
14.185299158096313,204,512,512,512
14.185299158096313,204,512,512,512
14.185299158096313,204,512,512,512
14.185299158096313,204,512,512,512
14.185299158096313,204,512,512,512
14.185299158096313,204,512,512,512
14.185299158096313,204,512,512,512
14.185299158096313,204,512,512,512
14.185299158096313,204,512,512,512
14.185299158096313,204,512,512,512
14.185299158096313,204,512,512,512
14.185299158096313,204,512,512,512
14.185299158096313,204,512,512,512
14.185299158096313,204,512,512,512
14.201161623001099,204,512,512,512
14.201161623001099,204,512,512,512
14.201161623001099,204,512,512,512
14.201161623001099,204,512,512,512
14.201161623001099,204,512,512,512
14.201161623001099,204,512,512,512
14.20594334602356,204,512,512,512
14.20594334602356,204,512,512,512
14.20594334602356,204,512,512,512
14.207956552505493,204,512,512,512
14.207956552505493,204,512,512,512
14.207956552505493,203,512,512,512
14.207956552505493,203,511,512,512
14.207956552505493,203,511,512,512
14.212794065475464,203,511,512,512
14.212794065475464,203,511,512,512
14.212794065475464,203,512,512,512
14.214802503585815,203,512,512,512
14.214802503585815,203,512,512,512
14.216809272766113,203,512,512,512
14.216809272766113,203,512,512,512
14.216809272766113,203,512,512,512
14.21933388710022,203,512,512,512
14.21933388710022,203,512,512,512
14.21933388710022,203,512,512,512
14.21933388710022,203,512,512,512
14.21933388710022,203,512,512,512
14.21933388710022,203,512,512,512
14.21933388710022,203,512,512,512
14.21933388710022,203,512,512,512
14.21933388710022,203,512,512,512
14.21933388710022,203,512,512,512
14.21933388710022,203,512,512,512
14.21933388710022,203,512,512,512
14.21933388710022,203,512,512,512
14.21933388710022,202,512,512,512
14.21933388710022,202,512,512,512
14.21933388710022,202,512,512,512
14.233335733413696,202,512,512,512
14.23405647277832,202,512,512,512
14.23405647277832,202,512,512,512
14.23405647277832,202,512,512,512
14.23405647277832,202,511,512,512
14.23405647277832,202,512,512,512
14.23405647277832,202,512,512,512
14.23405647277832,202,512,512,512
14.23405647277832,202,512,512,512
14.23405647277832,202,512,512,512
14.23405647277832,202,512,512,512
14.23405647277832,202,512,512,512
14.23405647277832,202,512,512,512
14.23405647277832,202,512,512,512
14.23405647277832,202,512,512,512
14.23405647277832,202,512,512,512
14.23405647277832,202,512,512,512
14.23405647277832,202,512,512,512
14.248400211334229,202,511,512,512
14.249195098876953,202,511,512,512
14.249195098876953,202,511,512,512
14.249195098876953,202,511,512,512
14.249195098876953,202,511,512,512
14.249195098876953,202,511,512,512
14.249195098876953,202,512,512,512
14.249195098876953,202,512,512,512
14.249195098876953,202,512,512,512
14.249195098876953,202,512,512,512
14.249195098876953,203,512,512,512
14.249195098876953,202,512,512,512
14.249195098876953,202,512,512,512
14.249195098876953,202,512,512,512
14.249195098876953,202,512,512,512
14.249195098876953,202,512,512,512
14.249195098876953,202,512,512,512
14.249195098876953,202,512,512,512
14.249195098876953,202,512,512,512
14.264108896255493,202,512,512,512
14.264108896255493,203,512,512,512
14.264108896255493,203,512,512,512
14.264108896255493,203,512,512,512
14.264108896255493,203,512,512,512
14.264108896255493,203,512,512,512
14.264108896255493,203,512,512,512
14.264108896255493,203,512,512,512
14.264108896255493,203,512,512,512
14.264108896255493,203,512,512,512
14.264108896255493,203,512,512,512
14.264108896255493,203,512,512,512
14.264108896255493,203,512,512,512
14.264108896255493,203,512,512,512
14.264108896255493,203,512,512,512
14.264108896255493,203,512,512,512
14.264108896255493,203,512,512,512
14.264108896255493,203,512,512,512
14.279816627502441,203,512,512,512
14.281529426574707,203,512,512,512
14.281529426574707,203,512,512,512
14.282542705535889,203,512,512,512
14.282542705535889,203,512,512,512
14.284097909927368,203,512,512,512
14.284097909927368,203,512,512,512
14.285695791244507,203,512,512,512
14.285695791244507,203,512,512,512
14.287287473678589,204,512,512,512
14.28882622718811,204,511,512,512
14.28882622718811,204,512,512,512
14.290443420410156,204,512,512,512
14.292094945907593,203,512,512,512
14.292094945907593,203,512,512,512
14.292094945907593,203,512,512,512
14.293645858764648,203,512,512,512
14.293645858764648,203,512,512,512
14.295183897018433,203,512,512,512
14.296229124069214,204,512,512,512
14.296740770339966,204,512,512,512
14.296740770339966,204,512,512,512
14.29830265045166,204,512,512,512
14.29830265045166,204,512,512,512
14.299880504608154,204,511,512,512
14.301486730575562,204,511,512,512
14.301486730575562,204,512,512,512
14.301486730575562,204,512,512,512
14.30310845375061,204,512,512,512
14.304683685302734,203,512,512,512
14.304683685302734,204,512,512,512
14.306373834609985,204,512,512,512
14.306373834609985,204,512,512,512
14.307985067367554,204,512,512,512
14.309701442718506,204,512,512,512
14.309701442718506,204,512,512,512
14.310081958770752,204,512,512,512
14.311203956604004,204,512,512,512
14.311203956604004,204,512,512,512
14.312886953353882,203,512,512,512
14.314436912536621,203,512,512,512
14.314436912536621,203,512,512,512
14.314436912536621,203,512,512,512
14.31601619720459,203,512,512,512
14.317585468292236,203,512,512,512
14.318206310272217,203,512,512,512
14.319120407104492,203,512,512,512
14.319638013839722,203,512,512,512
14.319638013839722,203,512,512,512
14.319638013839722,203,511,512,512
14.319638013839722,203,511,512,512
14.319638013839722,203,511,512,512
14.319638013839722,203,511,512,512
14.319638013839722,203,511,512,512
14.319638013839722,203,512,512,512
14.326107501983643,203,512,512,512
14.326107501983643,203,512,512,512
14.326107501983643,203,512,512,512
14.326107501983643,203,512,512,512
14.326107501983643,203,512,512,512
14.326107501983643,203,511,512,512
14.326107501983643,203,512,512,512
14.326107501983643,203,512,512,512
14.326107501983643,203,512,512,512
14.326107501983643,203,511,512,512
14.33542799949646,203,511,512,512
14.336073875427246,203,512,512,512
14.336660861968994,203,511,512,512
14.336660861968994,203,512,512,512
14.336660861968994,203,512,512,512
14.336660861968994,203,512,512,512
14.336660861968994,203,512,512,512
14.336660861968994,203,512,512,512
14.336660861968994,203,512,512,512
14.336660861968994,203,512,512,512
14.336660861968994,203,512,512,512
14.336660861968994,202,512,512,512
14.336660861968994,202,512,512,512
14.336660861968994,202,512,512,512
14.336660861968994,202,512,512,512
14.336660861968994,202,512,512,512
14.336660861968994,202,512,512,512
14.336660861968994,202,512,512,512
14.35090446472168,202,512,512,512
14.35090446472168,202,512,512,512
14.352495193481445,202,512,512,512
14.352495193481445,202,512,512,512
14.352495193481445,202,512,512,512
14.352495193481445,202,512,512,512
14.352495193481445,202,512,512,512
14.352495193481445,202,512,512,512
14.352495193481445,202,512,512,512
14.358711242675781,202,512,512,512
14.358711242675781,203,512,512,512
14.358711242675781,203,512,512,512
14.361103057861328,203,512,512,512
14.361355066299438,203,511,512,512
14.361355066299438,203,511,512,512
14.361355066299438,203,512,512,512
14.361355066299438,202,511,512,512
14.361355066299438,202,511,512,512
14.361355066299438,202,511,512,512
14.366767883300781,202,511,512,512
14.366767883300781,202,511,512,512
14.366767883300781,202,512,512,512
14.366767883300781,203,512,512,512
14.366767883300781,203,512,512,512
14.366767883300781,203,512,512,512
14.366767883300781,203,512,512,512
14.366767883300781,203,512,512,512
14.366767883300781,203,512,512,512
14.374906539916992,203,512,512,512
14.374906539916992,203,512,512,512
14.376365900039673,203,512,512,512
14.37671160697937,203,512,512,512
14.37671160697937,203,512,512,512
14.37671160697937,203,512,512,512
14.37671160697937,203,512,512,512
14.37671160697937,203,512,512,512
14.37671160697937,203,512,512,512
14.37671160697937,203,512,512,512
14.38300371170044,203,512,512,512
14.38300371170044,203,512,512,512
14.38300371170044,203,512,512,512
14.38300371170044,203,512,512,512
14.38300371170044,203,512,512,512
14.38300371170044,203,512,512,512
14.38300371170044,203,512,512,512
14.38300371170044,204,512,512,512
14.38300371170044,204,512,512,512
14.38300371170044,204,512,512,512
14.39121127128601,204,512,512,512
14.39121127128601,204,512,512,512
14.393223762512207,204,512,512,512
14.39373230934143,204,512,512,512
14.39373230934143,204,512,512,512
14.39373230934143,204,512,512,512
14.39373230934143,204,512,512,512
14.39373230934143,204,512,512,512
14.39373230934143,204,512,512,512
14.39373230934143,204,512,512,512
14.399687767028809,204,512,512,512
14.399687767028809,204,512,512,512
14.399687767028809,204,511,512,512
14.399687767028809,204,511,512,512
14.399687767028809,204,511,512,512
14.399687767028809,204,511,512,512
14.399687767028809,204,511,512,512
14.399687767028809,204,512,512,512
14.399687767028809,204,512,512,512
14.399687767028809,204,511,512,512
14.399687767028809,204,512,512,512
14.399687767028809,204,512,512,512
14.399687767028809,204,512,512,512
14.399687767028809,204,512,512,512
14.399687767028809,203,512,512,512
14.399687767028809,203,512,512,512
14.399687767028809,203,512,512,512
14.399687767028809,203,512,512,512
14.399687767028809,203,512,512,512
14.415469408035278,203,512,512,512
14.415469408035278,203,512,512,512
14.415469408035278,203,512,512,512
14.415469408035278,203,512,512,512
14.419665575027466,203,511,512,512
14.419665575027466,203,511,512,512
14.419665575027466,203,512,512,512
14.419665575027466,203,512,512,512
14.419665575027466,203,512,512,512
14.419665575027466,203,512,512,512
14.419665575027466,203,512,512,512
14.419665575027466,203,512,512,512
14.419665575027466,203,512,512,512
14.419665575027466,203,512,512,512
14.419665575027466,203,512,512,512
14.419665575027466,203,512,512,512
14.419665575027466,202,512,512,512
14.419665575027466,202,512,512,512
14.43132472038269,202,512,512,512
14.43132472038269,202,512,512,512
14.43132472038269,202,512,512,512
14.43132472038269,203,512,512,512
14.43132472038269,203,511,512,512
14.43132472038269,203,511,512,512
14.43132472038269,203,511,512,512
14.43132472038269,203,511,512,512
14.43132472038269,203,511,512,512
14.43132472038269,203,511,512,512
14.43132472038269,203,511,512,512
14.43132472038269,203,512,512,512
14.43132472038269,202,512,512,512
14.43132472038269,202,512,512,512
14.43132472038269,202,512,512,512
14.43132472038269,202,512,512,512
14.43132472038269,202,512,512,512
14.43132472038269,202,512,512,512
14.43132472038269,202,512,512,512
14.447165727615356,202,512,512,512
14.447165727615356,202,512,512,512
14.448892593383789,202,512,512,512
14.449795007705688,202,512,512,512
14.450901985168457,202,512,512,512
14.451954126358032,202,512,512,512
14.452462196350098,202,512,512,512
14.452462196350098,202,512,512,512
14.454068899154663,202,512,512,512
14.454068899154663,202,512,512,512
14.454068899154663,202,512,512,512
14.454068899154663,203,512,512,512
14.454068899154663,202,512,512,512
14.454068899154663,202,512,512,512
14.454068899154663,202,512,512,512
14.454068899154663,202,512,512,512
14.454068899154663,202,512,512,512
14.454068899154663,203,512,512,512
14.454068899154663,203,512,512,512
14.463245630264282,203,512,512,512
14.463245630264282,203,512,512,512
14.463245630264282,203,512,512,512
14.463245630264282,203,512,512,512
14.463245630264282,202,512,512,512
14.463245630264282,202,512,512,512
14.463245630264282,202,512,512,512
14.463245630264282,202,512,512,512
14.463245630264282,203,512,512,512
14.463245630264282,203,512,512,512
14.463245630264282,203,512,512,512
14.463245630264282,203,512,512,512
14.463245630264282,203,512,512,512
14.463245630264282,203,512,512,512
14.463245630264282,203,512,512,512
14.463245630264282,203,512,512,512
14.463245630264282,203,512,512,512
14.463245630264282,203,511,512,512
14.478962182998657,203,511,512,512
14.478962182998657,203,511,512,512
14.48086428642273,203,511,512,512
14.481169939041138,203,511,512,512
14.481169939041138,203,512,512,512
14.481169939041138,203,512,512,512
14.481169939041138,203,512,512,512
14.481169939041138,203,512,512,512
14.481169939041138,203,512,512,512
14.481169939041138,203,512,512,512
14.481169939041138,203,512,512,512
14.481169939041138,203,512,512,512
14.481169939041138,203,512,512,512
14.481169939041138,203,512,512,512
14.481169939041138,203,512,512,512
14.481169939041138,203,512,512,512
14.481169939041138,203,512,512,512
14.481169939041138,203,512,512,512
14.481169939041138,204,512,512,512
14.494755506515503,204,512,512,512
14.496019840240479,204,512,512,512
14.496019840240479,204,512,512,512
14.497695922851562,204,512,512,512
14.498203039169312,203,512,512,512
14.498203039169312,203,512,512,512
14.500210523605347,203,512,512,512
14.500210523605347,203,512,512,512
14.500210523605347,204,512,512,512
14.502220392227173,204,512,512,512
14.502220392227173,203,512,512,512
14.504233121871948,203,512,512,512
14.505149841308594,203,512,512,512
14.505149841308594,203,512,512,512
14.505149841308594,203,512,512,512
14.505149841308594,203,512,512,512
14.505149841308594,203,513,512,512
14.505149841308594,203,512,512,512
14.510849714279175,203,512,512,512
14.511595010757446,203,512,512,512
14.512447834014893,203,512,512,512
14.51272988319397,203,512,512,512
14.51272988319397,203,512,512,512
14.51272988319397,203,512,512,512
14.51272988319397,203,512,512,512
14.51272988319397,203,512,512,512
14.51272988319397,203,512,512,512
14.51272988319397,203,512,512,512
14.51272988319397,203,512,512,512
14.51983642578125,203,512,512,512
14.51983642578125,203,512,512,512
14.51983642578125,203,512,512,512
14.51983642578125,203,512,512,512
14.51983642578125,203,512,512,512
14.51983642578125,202,512,512,512
14.51983642578125,202,512,512,512
14.51983642578125,202,512,512,512
14.526914834976196,202,512,512,512
14.526914834976196,203,512,512,512
14.526914834976196,203,512,512,512
14.526914834976196,203,512,512,512
14.526914834976196,203,512,512,512
14.526914834976196,202,512,512,512
14.526914834976196,202,512,512,512
14.526914834976196,202,512,512,512
14.526914834976196,202,512,512,512
14.526914834976196,202,512,512,512
14.526914834976196,202,512,512,512
14.526914834976196,202,512,512,512
14.526914834976196,202,512,512,512
14.526914834976196,202,512,512,512
14.526914834976196,202,512,512,512
14.526914834976196,202,512,512,512
14.526914834976196,202,512,512,512
14.526914834976196,202,512,512,512
14.526914834976196,202,512,512,512
14.54276990890503,202,512,512,512
14.54276990890503,202,512,512,512
14.54276990890503,202,512,512,512
14.54276990890503,202,512,512,512
14.54276990890503,202,512,512,512
14.54276990890503,202,512,512,512
14.54276990890503,202,512,512,512
14.54276990890503,202,512,512,512
14.54276990890503,202,512,512,512
14.54276990890503,202,512,512,512
14.54276990890503,202,512,512,512
14.54276990890503,202,512,512,512
14.54276990890503,202,512,512,512
14.54276990890503,202,512,512,512
14.54276990890503,202,512,512,512
14.54276990890503,202,512,512,512
14.54276990890503,202,512,512,512
14.54276990890503,202,512,512,512
14.558525800704956,202,513,512,512
14.558525800704956,202,512,512,512
14.558525800704956,202,512,512,512
14.558525800704956,202,512,512,512
14.558525800704956,202,512,512,512
14.558525800704956,202,512,512,512
14.558525800704956,202,512,512,512
14.558525800704956,202,512,512,512
14.558525800704956,202,512,512,512
14.558525800704956,202,512,512,512
14.558525800704956,202,512,512,512
14.558525800704956,202,512,512,512
14.558525800704956,202,512,512,512
14.558525800704956,202,512,512,512
14.558525800704956,202,512,512,512
14.558525800704956,202,512,512,512
14.558525800704956,202,512,512,512
14.558525800704956,203,512,512,512
14.558525800704956,203,512,512,512
14.57438063621521,203,512,512,512
14.57438063621521,203,512,512,512
14.576393365859985,203,513,512,512
14.576393365859985,203,513,512,512
14.576393365859985,203,512,512,512
14.576393365859985,203,512,512,512
14.576393365859985,203,512,512,512
14.576393365859985,203,512,512,512
14.576393365859985,203,512,512,512
14.576393365859985,203,512,512,512
14.576393365859985,203,512,512,512
14.576393365859985,203,512,512,512
14.576393365859985,203,512,512,512
14.576393365859985,203,512,512,512
14.576393365859985,203,512,512,512
14.576393365859985,203,512,512,512
14.576393365859985,203,512,512,512
14.576393365859985,203,513,512,512
14.576393365859985,203,512,512,512
14.590301036834717,204,512,512,512
14.591112852096558,203,512,512,512
14.591112852096558,203,512,512,512
14.593180179595947,203,512,512,512
14.593623638153076,203,512,512,512
14.593623638153076,203,512,512,512
14.593623638153076,203,512,512,512
14.593623638153076,203,512,512,512
14.593623638153076,203,512,512,512
14.593623638153076,203,512,512,512
14.593623638153076,203,512,512,512
14.593623638153076,203,512,512,512
14.593623638153076,203,512,512,512
14.593623638153076,203,512,512,512
14.593623638153076,203,512,512,512
14.593623638153076,203,512,512,512
14.593623638153076,203,512,512,512
14.593623638153076,203,512,512,512
14.606034994125366,203,512,512,512
14.606034994125366,203,512,512,512
14.606034994125366,203,512,512,512
14.606034994125366,203,512,512,512
14.606034994125366,203,512,512,512
14.606034994125366,203,512,512,512
14.606034994125366,203,512,512,512
14.606034994125366,203,512,512,512
14.606034994125366,203,512,512,512
14.606034994125366,203,512,512,512
14.606034994125366,203,512,512,512
14.606034994125366,203,512,512,512
14.606034994125366,203,512,512,512
14.606034994125366,203,512,512,512
14.606034994125366,203,512,512,512
14.606034994125366,203,512,512,512
14.606034994125366,203,512,512,512
14.620028018951416,203,512,512,512
14.620028018951416,203,512,512,512
14.621796131134033,203,512,512,512
14.62288522720337,203,512,512,512
14.623857736587524,203,512,512,512
14.623857736587524,203,512,512,512
14.623857736587524,202,512,512,512
14.626226425170898,203,512,512,512
14.627087354660034,203,512,512,512
14.628087759017944,203,512,512,512
14.628087759017944,203,512,512,512
14.628087759017944,203,512,512,512
14.629845380783081,203,512,512,512
14.629845380783081,203,512,512,512
14.629845380783081,203,512,512,512
14.629845380783081,202,511,512,512
14.629845380783081,202,511,512,512
14.629845380783081,202,511,512,512
14.629845380783081,202,511,512,512
14.629845380783081,202,512,512,512
14.629845380783081,202,512,512,512
14.63788104057312,202,512,512,512
14.63788104057312,202,512,512,512
14.63788104057312,202,512,512,512
14.63788104057312,202,512,512,512
14.63788104057312,202,512,512,512
14.63788104057312,202,512,512,512
14.642999172210693,202,513,512,512
14.642999172210693,202,512,512,512
14.642999172210693,202,512,512,512
14.646223783493042,202,512,512,512
14.646836757659912,202,512,512,512
14.647435188293457,202,512,512,512
14.647435188293457,202,512,512,512
14.647435188293457,203,512,512,512
14.647435188293457,202,512,512,512
14.647435188293457,202,512,512,512
14.647435188293457,202,512,512,512
14.647435188293457,202,512,512,512
14.647435188293457,202,512,512,512
14.654276132583618,202,512,512,512
14.654276132583618,203,512,512,512
14.654276132583618,203,513,512,512
14.654276132583618,203,512,512,512
14.654276132583618,203,512,512,512
14.654276132583618,203,512,512,512
14.659335136413574,203,512,512,512
14.659335136413574,203,512,512,512
14.659335136413574,203,512,512,512
14.659335136413574,203,512,512,512
14.659335136413574,203,512,512,512
14.659335136413574,203,512,512,512
14.659335136413574,203,512,512,512
14.659335136413574,203,512,512,512
14.659335136413574,203,512,512,512
14.659335136413574,203,512,512,512
14.659335136413574,203,513,512,512
14.659335136413574,203,512,512,512
14.659335136413574,203,512,512,512
14.670294046401978,203,512,512,512
14.670294046401978,203,512,512,512
14.670294046401978,203,512,512,512
14.670294046401978,203,512,512,512
14.670294046401978,203,512,512,512
14.670294046401978,203,512,512,512
14.670294046401978,203,512,512,512
14.676031112670898,203,512,512,512
14.676031112670898,203,512,512,512
14.676031112670898,203,512,512,512
14.676031112670898,203,512,512,512
14.676031112670898,203,512,512,512
14.676031112670898,203,512,512,512
14.676031112670898,203,512,512,512
14.676031112670898,203,512,512,512
14.676031112670898,203,512,512,512
14.676031112670898,203,512,512,512
14.676031112670898,203,512,512,512
14.686126708984375,203,512,512,512
14.686126708984375,203,512,512,512
14.687634944915771,203,512,512,512
14.68806004524231,203,512,512,512
14.68806004524231,203,512,512,512
14.68806004524231,203,512,512,512
14.68806004524231,203,512,512,512
14.68806004524231,203,512,512,512
14.68806004524231,203,512,512,512
14.68806004524231,203,512,512,512
14.68806004524231,203,512,512,512
14.68806004524231,203,512,512,512
14.68806004524231,203,512,512,512
14.68806004524231,203,512,512,512
14.68806004524231,203,512,512,512
14.68806004524231,203,512,512,512
14.68806004524231,203,512,512,512
14.68806004524231,203,512,512,512
14.68806004524231,203,512,512,512
14.702048301696777,204,512,512,512
14.702048301696777,204,512,512,512
14.702048301696777,203,512,512,512
14.702048301696777,203,512,512,512
14.702048301696777,203,512,512,512
14.702048301696777,204,512,512,512
14.702048301696777,204,512,512,512
14.702048301696777,204,512,512,512
14.702048301696777,203,512,512,512
14.702048301696777,203,512,512,512
14.702048301696777,203,512,512,512
14.702048301696777,203,513,512,512
14.702048301696777,203,512,512,512
14.702048301696777,203,512,512,512
14.702048301696777,203,512,512,512
14.702048301696777,203,512,512,512
14.702048301696777,203,512,512,512
14.702048301696777,203,512,512,512
14.702048301696777,203,512,512,512
14.718009233474731,203,512,512,512
14.719036340713501,203,512,512,512
14.720007181167603,203,512,512,512
14.720007181167603,203,512,512,512
14.720007181167603,203,512,512,512
14.720007181167603,203,512,512,512
14.720007181167603,203,512,512,512
14.720007181167603,203,512,512,512
14.720007181167603,203,512,512,512
14.720007181167603,203,512,512,512
14.720007181167603,203,512,512,512
14.720007181167603,203,512,512,512
14.720007181167603,203,512,512,512
14.720007181167603,203,512,512,512
14.720007181167603,202,512,512,512
14.720007181167603,202,512,512,512
14.720007181167603,202,512,512,512
14.720007181167603,202,512,512,512
14.720007181167603,202,512,512,512
14.733806610107422,202,512,512,512
14.733806610107422,202,512,512,512
14.733806610107422,202,512,512,512
14.733806610107422,202,512,512,512
14.733806610107422,202,512,512,512
14.733806610107422,202,512,512,512
14.733806610107422,202,512,512,512
14.733806610107422,202,512,512,512
14.733806610107422,202,512,512,512
14.733806610107422,203,512,512,512
14.733806610107422,203,512,512,512
14.733806610107422,202,512,512,512
14.733806610107422,202,512,512,512
14.733806610107422,202,512,512,512
14.733806610107422,202,512,512,512
14.733806610107422,202,512,512,512
14.733806610107422,202,511,512,512
14.733806610107422,202,511,512,512
14.733806610107422,202,511,512,512
14.75070595741272,202,511,512,512
14.751485347747803,202,512,512,512
14.752252101898193,202,512,512,512
14.752252101898193,202,512,512,512
14.752252101898193,202,512,512,512
14.752252101898193,202,512,512,512
14.752252101898193,202,512,512,512
14.752252101898193,203,512,512,512
14.752252101898193,203,512,512,512
14.752252101898193,203,512,512,512
14.752252101898193,203,512,512,512
14.752252101898193,203,512,512,512
14.752252101898193,203,512,512,512
14.752252101898193,203,512,512,512
14.752252101898193,203,512,512,512
14.752252101898193,203,512,512,512
14.752252101898193,203,512,512,512
14.752252101898193,203,512,512,512
14.765740633010864,203,512,512,512
14.765740633010864,203,512,512,512
14.765740633010864,203,512,512,512
14.765740633010864,203,512,512,512
14.765740633010864,203,512,512,512
14.765740633010864,203,512,512,512
14.765740633010864,203,512,512,512
14.765740633010864,203,512,512,512
14.765740633010864,203,512,512,512
14.765740633010864,203,512,512,512
14.765740633010864,203,512,512,512
14.765740633010864,203,512,512,512
14.765740633010864,203,512,512,512
14.776176929473877,203,512,512,512
14.776176929473877,203,512,512,512
14.776176929473877,203,512,512,512
14.776176929473877,203,512,512,512
14.776176929473877,203,512,512,512
14.781463384628296,203,512,512,512
14.781463384628296,203,512,512,512
14.782215118408203,203,512,512,512
14.783841371536255,203,512,512,512
14.784243106842041,203,512,512,512
14.784243106842041,203,512,512,512
14.784243106842041,203,512,512,512
14.784243106842041,203,512,512,512
14.784243106842041,203,512,512,512
14.784243106842041,203,512,512,512
14.789731740951538,203,512,512,512
14.789731740951538,203,512,512,512
14.789731740951538,203,512,512,512
14.789731740951538,203,512,512,512
14.792773246765137,203,512,512,512
14.793115854263306,203,512,512,512
14.793115854263306,203,512,512,512
14.793115854263306,203,512,512,512
14.793115854263306,203,512,512,512
14.793115854263306,203,512,512,512
14.797919273376465,203,512,512,512
14.797919273376465,203,512,512,512
14.797919273376465,203,512,512,512
14.797919273376465,203,512,512,512
14.797919273376465,203,512,512,512
14.797919273376465,203,512,512,512
14.797919273376465,203,512,512,512
14.797919273376465,203,512,512,512
14.797919273376465,203,512,512,512
14.797919273376465,203,512,512,512
14.806187391281128,203,512,512,512
14.807098627090454,203,513,512,512
14.807098627090454,203,513,512,512
14.809467554092407,203,512,512,512
14.809467554092407,203,512,512,512
14.809467554092407,203,512,512,512
14.809467554092407,203,512,512,512
14.809467554092407,203,512,512,512
14.809467554092407,203,512,512,512
14.809467554092407,203,512,512,512
14.809467554092407,203,512,512,512
14.809467554092407,203,512,512,512
14.809467554092407,203,512,512,512
14.809467554092407,203,512,512,512
14.809467554092407,203,511,512,512
14.809467554092407,203,512,512,512
14.819977760314941,202,512,512,512
14.819977760314941,202,512,512,512
14.821999788284302,202,512,512,512
14.822897911071777,202,512,512,512
14.823405981063843,202,512,512,512
14.823405981063843,202,512,512,512
14.823405981063843,202,512,512,512
14.823405981063843,202,512,512,512
14.82638430595398,202,513,512,512
14.82638430595398,202,512,512,512
14.82638430595398,202,512,512,512
14.82638430595398,203,512,512,512
14.82638430595398,203,512,512,512
14.82638430595398,203,512,512,512
14.82638430595398,203,512,512,512
14.82638430595398,203,512,512,512
14.82638430595398,203,512,512,512
14.82638430595398,202,512,512,512
14.82638430595398,202,512,512,512
14.82638430595398,202,512,512,512
14.82638430595398,202,512,512,512
14.837882280349731,202,512,512,512
14.837882280349731,202,512,512,512
14.837882280349731,202,512,512,512
14.837882280349731,202,512,512,512
14.837882280349731,202,512,512,512
14.837882280349731,202,512,512,512
14.837882280349731,202,512,512,512
14.837882280349731,202,512,512,512
14.837882280349731,202,512,512,512
14.837882280349731,202,512,512,512
14.837882280349731,202,512,512,512
14.837882280349731,202,512,512,512
14.837882280349731,202,512,512,512
14.837882280349731,202,512,512,512
14.837882280349731,202,512,512,512
14.837882280349731,202,512,512,512
14.837882280349731,202,512,512,512
14.837882280349731,202,512,512,512
14.837882280349731,202,512,512,512
14.853973627090454,202,512,512,512
14.854727506637573,202,512,512,512
14.854727506637573,202,513,512,512
14.856882333755493,202,513,512,512
14.856882333755493,202,512,512,512
14.856882333755493,202,512,512,512
14.856882333755493,202,512,512,512
14.856882333755493,202,512,512,512
14.856882333755493,202,512,512,512
14.856882333755493,203,512,512,512
14.856882333755493,203,512,512,512
14.856882333755493,203,512,512,512
14.856882333755493,203,512,512,512
14.856882333755493,203,512,512,512
14.856882333755493,203,512,512,512
14.856882333755493,203,512,512,512
14.856882333755493,203,512,512,512
14.856882333755493,203,512,512,512
14.856882333755493,203,512,512,512
14.870624780654907,203,512,512,512
14.87113642692566,203,512,512,512
14.87113642692566,203,512,512,512
14.87113642692566,203,512,512,512
14.87113642692566,203,512,512,512
14.87113642692566,203,512,512,512
14.87113642692566,203,513,512,512
14.87113642692566,203,512,512,512
14.87113642692566,203,512,512,512
14.87113642692566,203,512,512,512
14.87113642692566,203,512,512,512
14.87113642692566,203,512,512,512
14.87113642692566,203,512,512,512
14.87113642692566,203,512,512,512
14.87113642692566,203,512,512,512
14.87113642692566,203,512,512,512
14.87113642692566,203,512,512,512
14.87113642692566,203,512,512,512
14.885741472244263,203,512,512,512
14.886563539505005,203,512,512,512
14.88733196258545,203,512,512,512
14.88733196258545,203,512,512,512
14.88733196258545,203,512,512,512
14.88733196258545,203,512,512,512
14.88733196258545,203,512,512,512
14.88733196258545,203,512,512,512
14.88733196258545,203,512,512,512
14.8927743434906,203,512,512,512
14.894570112228394,203,512,512,512
14.895087003707886,203,512,512,512
14.895600080490112,203,512,512,512
14.895600080490112,203,512,512,512
14.895600080490112,203,512,512,512
14.895600080490112,203,512,512,512
14.895600080490112,203,512,512,512
14.895600080490112,203,512,512,512
14.895600080490112,203,512,512,512
14.90190601348877,203,512,512,512
14.90190601348877,203,512,512,512
14.90190601348877,203,512,512,512
14.90190601348877,203,512,512,512
14.90190601348877,203,512,512,512
14.90190601348877,203,512,512,512
14.90190601348877,203,512,512,512
14.90190601348877,203,512,512,512
14.90190601348877,203,512,512,512
14.909937620162964,203,512,512,512
14.909937620162964,203,512,512,512
14.909937620162964,203,512,512,512
14.909937620162964,203,512,512,512
14.909937620162964,202,512,512,512
14.909937620162964,202,512,512,512
14.909937620162964,202,512,512,512
14.909937620162964,202,512,512,512
14.909937620162964,202,512,512,512
14.909937620162964,203,512,512,512
14.917727947235107,203,512,512,512
14.917727947235107,203,512,512,512
14.917727947235107,203,512,512,512
14.92039966583252,203,512,512,512
14.92039966583252,203,512,512,512
14.92039966583252,203,512,512,512
14.92039966583252,203,512,512,512
14.92039966583252,202,513,512,512
14.92039966583252,202,512,512,512
14.92039966583252,202,512,512,512
14.92616081237793,202,512,512,512
14.92616081237793,202,512,512,512
14.92616081237793,203,512,512,512
14.92616081237793,203,512,512,512
14.92616081237793,203,512,512,512
14.92616081237793,203,512,512,512
14.92616081237793,203,511,512,512
14.92616081237793,203,511,512,512
14.92616081237793,202,511,512,512
14.92616081237793,202,511,512,512
14.92616081237793,202,511,512,512
14.92616081237793,202,512,512,512
14.92616081237793,202,512,512,512
14.92616081237793,202,511,512,512
14.92616081237793,202,512,512,512
14.92616081237793,202,512,512,512
14.92616081237793,202,512,512,512
14.942002534866333,203,512,512,512
14.942002534866333,203,512,512,512
14.942002534866333,203,512,512,512
14.943695545196533,203,512,512,512
14.944715738296509,203,512,512,512
14.944715738296509,203,512,512,512
14.944715738296509,203,512,512,512
14.944715738296509,203,512,512,512
14.944715738296509,203,512,512,512
14.944715738296509,203,512,512,512
14.944715738296509,203,512,512,512
14.944715738296509,203,512,512,512
14.944715738296509,203,512,512,512
14.944715738296509,203,512,512,512
14.944715738296509,203,512,512,512
14.944715738296509,203,512,512,512
14.944715738296509,202,512,512,512
14.944715738296509,202,512,512,512
14.944715738296509,202,512,512,512
14.944715738296509,203,512,512,512
14.957735061645508,203,512,512,512
14.957735061645508,203,512,512,512
14.959781169891357,203,512,512,512
14.959781169891357,203,512,512,512
14.959781169891357,203,512,512,512
14.959781169891357,203,512,512,512
14.959781169891357,203,512,512,512
14.959781169891357,203,512,512,512
14.959781169891357,203,512,512,512
14.959781169891357,203,512,512,512
14.959781169891357,203,512,512,512
14.959781169891357,203,512,512,512
14.959781169891357,203,512,512,512
14.959781169891357,203,512,512,512
14.959781169891357,203,512,512,512
14.959781169891357,203,512,512,512
14.959781169891357,203,512,512,512
14.959781169891357,203,512,512,512
14.973512411117554,203,511,512,512
14.974223136901855,203,511,512,512
14.974608182907104,203,511,512,512
14.975995779037476,203,512,512,512
14.975995779037476,203,512,512,512
14.975995779037476,203,512,512,512
14.975995779037476,203,512,512,512
14.975995779037476,203,512,512,512
14.975995779037476,203,512,512,512
14.975995779037476,203,512,512,512
14.975995779037476,203,512,512,512
14.975995779037476,203,512,512,512
14.975995779037476,203,512,512,512
14.975995779037476,203,512,512,512
14.975995779037476,203,512,512,512
14.975995779037476,203,512,512,512
14.975995779037476,203,512,512,512
14.975995779037476,203,512,512,512
14.975995779037476,203,512,512,512
14.989371061325073,204,512,512,512
14.989371061325073,204,512,512,512
14.989371061325073,203,512,512,512
14.989371061325073,203,512,512,512
14.989371061325073,203,512,512,512
14.989371061325073,203,512,512,512
14.989371061325073,203,512,512,512
14.989371061325073,204,512,512,512
14.989371061325073,204,512,512,512
14.989371061325073,204,512,512,512
14.989371061325073,203,512,512,512
14.989371061325073,203,512,512,512
14.989371061325073,203,512,512,512
14.989371061325073,204,511,512,512
14.989371061325073,203,511,512,512
14.989371061325073,203,511,512,512
14.989371061325073,203,512,512,512
14.989371061325073,203,512,512,512
14.989371061325073,203,512,512,512
15.005911111831665,203,512,512,512
15.006618976593018,203,512,512,512
15.006618976593018,203,511,512,512
15.006618976593018,203,512,512,512
15.006618976593018,203,512,512,512
15.006618976593018,203,512,512,512
15.006618976593018,203,512,512,512
15.006618976593018,203,512,512,512
15.006618976593018,203,511,512,512
15.006618976593018,203,511,512,512
15.006618976593018,203,511,512,512
15.006618976593018,203,511,512,512
15.006618976593018,203,511,512,512
15.006618976593018,203,511,512,512
15.006618976593018,203,511,512,512
15.006618976593018,203,511,512,512
15.006618976593018,203,511,512,512
15.006618976593018,203,512,512,512
15.020570516586304,203,512,512,512
15.020570516586304,203,512,512,512
15.020570516586304,203,512,512,512
15.020570516586304,203,512,512,512
15.020570516586304,203,512,512,512
15.020570516586304,203,512,512,512
15.020570516586304,203,512,512,512
15.020570516586304,203,512,512,512
15.020570516586304,203,512,512,512
15.020570516586304,203,512,512,512
15.020570516586304,203,512,512,512
15.020570516586304,203,512,512,512
15.020570516586304,203,512,512,512
15.020570516586304,203,512,512,512
15.020570516586304,203,512,512,512
15.020570516586304,203,512,512,512
15.020570516586304,203,512,512,512
15.020570516586304,202,512,512,512
15.036214590072632,203,512,512,512
15.037298202514648,202,512,512,512
15.037931442260742,202,512,512,512
15.037931442260742,202,512,512,512
15.037931442260742,202,512,512,512
15.037931442260742,202,512,512,512
15.037931442260742,203,512,512,512
15.037931442260742,202,512,512,512
15.037931442260742,202,512,512,512
15.037931442260742,202,512,512,512
15.037931442260742,203,512,512,512
15.037931442260742,203,512,512,512
15.037931442260742,203,512,512,512
15.037931442260742,203,511,512,512
15.037931442260742,203,511,512,512
15.037931442260742,203,511,512,512
15.037931442260742,203,511,512,512
15.037931442260742,203,512,512,512
15.051895380020142,203,512,512,512
15.051895380020142,203,512,512,512
15.051895380020142,203,512,512,512
15.051895380020142,203,512,512,512
15.051895380020142,203,512,512,512
15.051895380020142,203,512,512,512
15.051895380020142,203,512,512,512
15.051895380020142,203,512,512,512
15.051895380020142,203,512,512,512
15.051895380020142,203,512,512,512
15.051895380020142,203,512,512,512
15.051895380020142,203,512,512,512
15.051895380020142,203,512,512,512
15.051895380020142,203,512,512,512
15.051895380020142,203,512,512,512
15.051895380020142,203,512,512,512
15.051895380020142,203,512,512,512
15.051895380020142,203,512,512,512
15.051895380020142,203,512,512,512
15.067965984344482,203,512,512,512
15.067965984344482,203,512,512,512
15.069602489471436,203,512,512,512
15.069602489471436,203,512,512,512
15.069602489471436,203,512,512,512
15.069602489471436,203,512,512,512
15.069602489471436,203,512,512,512
15.069602489471436,203,512,512,512
15.069602489471436,203,512,512,512
15.069602489471436,203,512,512,512
15.069602489471436,203,512,512,512
15.069602489471436,204,512,512,512
15.069602489471436,203,512,512,512
15.069602489471436,203,512,512,512
15.069602489471436,203,512,512,512
15.069602489471436,203,512,512,512
15.069602489471436,203,512,512,512
15.069602489471436,203,512,512,512
15.069602489471436,203,512,512,512
15.083746910095215,203,512,512,512
15.083746910095215,203,512,512,512
15.085760593414307,203,512,512,512
15.085760593414307,203,511,512,512
15.085760593414307,203,511,512,512
15.087769269943237,203,512,512,512
15.08913803100586,203,511,512,512
15.089440107345581,203,511,512,512
15.089440107345581,203,511,512,512
15.089440107345581,203,511,512,512
15.089440107345581,203,511,512,512
15.089440107345581,203,512,512,512
15.089440107345581,203,512,512,512
15.089440107345581,203,512,512,512
15.089440107345581,203,512,512,512
15.089440107345581,203,512,512,512
15.089440107345581,203,512,512,512
15.089440107345581,203,512,512,512
15.089440107345581,203,512,512,512
15.099714040756226,203,512,512,512
15.099714040756226,203,512,512,512
15.099714040756226,203,512,512,512
15.099714040756226,203,512,512,512
15.099714040756226,203,512,512,512
15.099714040756226,203,512,512,512
15.099714040756226,203,512,512,512
15.099714040756226,203,512,512,512
15.099714040756226,203,512,512,512
15.099714040756226,203,512,512,512
15.099714040756226,203,512,512,512
15.099714040756226,203,512,512,512
15.099714040756226,203,512,512,512
15.099714040756226,203,512,512,512
15.099714040756226,203,512,512,512
15.099714040756226,203,512,512,512
15.099714040756226,203,512,512,512
15.099714040756226,203,512,512,512
15.115746974945068,203,512,512,512
15.115746974945068,203,511,512,512
15.115746974945068,203,511,512,512
15.115746974945068,203,511,512,512
15.115746974945068,203,512,512,512
15.115746974945068,203,512,512,512
15.115746974945068,203,512,512,512
15.120919227600098,203,512,512,512
15.120919227600098,203,512,512,512
15.120919227600098,203,512,512,512
15.120919227600098,203,512,512,512
15.120919227600098,203,512,512,512
15.120919227600098,203,512,512,512
15.120919227600098,203,512,512,512
15.120919227600098,203,511,512,512
15.120919227600098,203,512,512,512
15.120919227600098,203,511,512,512
15.120919227600098,203,511,512,512
15.120919227600098,203,512,512,512
15.131483554840088,203,512,512,512
15.131483554840088,203,511,512,512
15.133448123931885,203,511,512,512
15.13427209854126,203,512,512,512
15.134994268417358,203,512,512,512
15.135599613189697,203,512,512,512
15.135599613189697,203,512,512,512
15.135599613189697,203,512,512,512
15.135599613189697,203,512,512,512
15.135599613189697,202,512,512,512
15.139566898345947,202,512,512,512
15.139566898345947,202,512,512,512
15.14271092414856,202,512,512,512
15.14271092414856,202,512,512,512
15.143322944641113,202,512,512,512
15.143322944641113,202,512,512,512
15.143322944641113,202,512,512,512
15.143322944641113,202,512,512,512
15.143322944641113,202,512,512,512
15.143322944641113,203,512,512,512
15.147953271865845,203,512,512,512
15.147953271865845,203,512,512,512
15.147953271865845,203,512,512,512
15.147953271865845,203,511,512,512
15.147953271865845,203,512,512,512
15.147953271865845,203,512,512,512
15.147953271865845,203,512,512,512
15.147953271865845,203,512,512,512
15.147953271865845,203,512,512,512
15.156225681304932,203,512,512,512
15.156868696212769,203,512,512,512
15.156868696212769,203,512,512,512
15.156868696212769,203,512,512,512
15.159488916397095,203,512,512,512
15.160535335540771,203,512,512,512
15.161052465438843,203,512,512,512
15.161052465438843,203,512,512,512
15.161052465438843,203,511,512,512
15.161052465438843,203,511,512,512
15.164331674575806,203,511,512,512
15.164331674575806,203,511,512,512
15.164331674575806,203,511,512,512
15.164331674575806,203,512,512,512
15.164331674575806,203,512,512,512
15.164331674575806,203,512,512,512
15.164331674575806,203,512,512,512
15.164331674575806,203,512,512,512
15.164331674575806,203,512,512,512
15.172379493713379,203,512,512,512
15.172379493713379,203,512,512,512
15.172379493713379,203,512,512,512
15.176272630691528,203,512,512,512
15.176272630691528,203,512,512,512
15.176272630691528,203,512,512,512
15.176272630691528,203,512,512,512
15.176272630691528,204,512,512,512
15.176272630691528,204,512,512,512
15.176272630691528,204,512,512,512
15.176272630691528,204,512,512,512
15.176272630691528,204,511,512,512
15.176272630691528,204,511,512,512
15.176272630691528,204,511,512,512
15.176272630691528,204,511,512,512
15.176272630691528,204,512,512,512
15.176272630691528,204,512,512,512
15.176272630691528,204,512,512,512
15.176272630691528,204,512,512,512
15.188196659088135,204,512,512,512
15.189640998840332,204,512,512,512
15.190175771713257,204,512,512,512
15.190175771713257,204,512,512,512
15.190175771713257,203,512,512,512
15.190175771713257,203,512,512,512
15.190175771713257,203,512,512,512
15.190175771713257,203,512,512,512
15.190175771713257,203,512,512,512
15.190175771713257,203,512,512,512
15.190175771713257,203,512,512,512
15.190175771713257,203,512,512,512
15.190175771713257,203,512,512,512
15.190175771713257,203,511,512,512
15.190175771713257,203,511,512,512
15.190175771713257,203,511,512,512
15.190175771713257,203,511,512,512
15.190175771713257,203,511,512,512
15.203984260559082,203,511,512,512
15.203984260559082,203,511,512,512
15.203984260559082,203,511,512,512
15.203984260559082,203,511,512,512
15.203984260559082,203,512,512,512
15.203984260559082,203,512,512,512
15.203984260559082,203,512,512,512
15.203984260559082,203,512,512,512
15.203984260559082,203,512,512,512
15.203984260559082,203,512,512,512
15.203984260559082,203,512,512,512
15.203984260559082,203,512,512,512
15.203984260559082,203,512,512,512
15.203984260559082,203,512,512,512
15.203984260559082,203,512,512,512
15.203984260559082,203,512,512,512
15.203984260559082,203,512,512,512
15.203984260559082,203,512,512,512
15.203984260559082,203,512,512,512
15.219622611999512,203,512,512,512
15.219622611999512,203,512,512,512
15.221135139465332,203,512,512,512
15.222506284713745,203,512,512,512
15.223012685775757,203,512,512,512
15.223012685775757,203,512,512,512
15.223012685775757,203,512,512,512
15.223012685775757,203,512,512,512
15.223012685775757,203,512,512,512
15.227608442306519,203,512,512,512
15.228116273880005,203,512,512,512
15.228116273880005,203,512,512,512
15.23012399673462,202,512,512,512
15.23012399673462,202,512,512,512
15.23012399673462,203,512,512,512
15.232131719589233,203,511,512,512
15.232131719589233,203,511,512,512
15.234138011932373,203,512,512,512
15.234138011932373,203,512,512,512
15.235644102096558,203,512,512,512
15.236977100372314,203,512,512,512
15.238202810287476,203,512,512,512
15.238666296005249,203,512,512,512
15.238666296005249,203,512,512,512
15.238666296005249,203,512,512,512
15.238666296005249,203,512,512,512
15.238666296005249,203,511,512,512
15.238666296005249,203,511,512,512
15.238666296005249,203,511,512,512
15.238666296005249,203,511,512,512
15.238666296005249,203,511,512,512
15.238666296005249,203,512,512,512
15.238666296005249,203,512,512,512
15.238666296005249,203,512,512,512
15.238666296005249,203,512,512,512
15.238666296005249,203,512,512,512
15.238666296005249,203,512,512,512
15.251506805419922,203,512,512,512
15.251506805419922,203,512,512,512
15.251506805419922,203,512,512,512
15.251506805419922,203,512,512,512
15.251506805419922,203,512,512,512
15.251506805419922,203,512,512,512
15.251506805419922,203,512,512,512
15.251506805419922,203,512,512,512
15.251506805419922,203,512,512,512
15.251506805419922,203,512,512,512
15.251506805419922,203,512,512,512
15.251506805419922,203,512,512,512
15.251506805419922,203,512,512,512
15.251506805419922,203,512,512,512
15.251506805419922,203,512,512,512
15.251506805419922,203,512,512,512
15.251506805419922,203,512,512,512
15.251506805419922,203,512,512,512
15.251506805419922,203,512,512,512
15.267158031463623,203,512,512,512
15.267158031463623,203,512,512,512
15.267158031463623,203,512,512,512
15.267158031463623,203,512,512,512
15.267158031463623,203,512,512,512
15.267158031463623,203,512,512,512
15.267158031463623,203,512,512,512
15.267158031463623,203,512,512,512
15.267158031463623,203,512,512,512
15.267158031463623,203,512,512,512
15.267158031463623,203,512,512,512
15.267158031463623,203,512,512,512
15.267158031463623,203,512,512,512
15.267158031463623,203,512,512,512
15.267158031463623,204,512,512,512
15.267158031463623,203,512,512,512
15.267158031463623,203,511,512,512
15.267158031463623,203,511,512,512
15.267158031463623,203,512,512,512
15.283249378204346,203,511,512,512
15.283249378204346,204,511,512,512
15.283249378204346,204,511,512,512
15.283249378204346,204,512,512,512
15.283249378204346,204,511,512,512
15.283249378204346,203,512,512,512
15.283249378204346,203,512,512,512
15.283249378204346,203,512,512,512
15.283249378204346,203,512,512,512
15.283249378204346,203,512,512,512
15.283249378204346,203,512,512,512
15.283249378204346,203,512,512,512
15.283249378204346,203,512,512,512
15.283249378204346,203,512,512,512
15.283249378204346,203,512,512,512
15.283249378204346,203,512,512,512
15.283249378204346,203,512,512,512
15.283249378204346,203,512,512,512
15.29906415939331,203,512,512,512
15.299823522567749,203,512,512,512
15.300212383270264,203,512,512,512
15.300212383270264,203,512,512,512
15.302703142166138,203,512,512,512
15.303480863571167,203,512,512,512
15.304056882858276,203,512,512,512
15.304056882858276,203,512,512,512
15.304056882858276,203,512,512,512
15.304056882858276,203,512,512,512
15.309159517288208,203,512,512,512
15.309159517288208,203,512,512,512
15.309159517288208,203,512,512,512
15.309159517288208,203,512,512,512
15.309159517288208,203,512,512,512
15.309159517288208,203,512,512,512
15.309159517288208,203,512,512,512
15.309159517288208,203,512,512,512
15.309159517288208,203,512,512,512
15.309159517288208,203,511,512,512
15.31564450263977,203,511,512,512
15.31564450263977,203,512,512,512
15.31564450263977,203,511,512,512
15.31564450263977,203,512,512,512
15.31564450263977,203,512,512,512
15.31564450263977,203,512,512,512
15.321332693099976,203,512,512,512
15.322343111038208,203,512,512,512
15.322343111038208,203,512,512,512
15.322343111038208,203,512,512,512
15.324098587036133,203,512,512,512
15.324098587036133,203,512,512,512
15.326314687728882,203,512,512,512
15.326314687728882,203,512,512,512
15.326314687728882,203,511,512,512
15.326314687728882,203,512,512,512
15.326314687728882,203,512,512,512
15.326314687728882,203,512,512,512
15.326314687728882,203,512,512,512
15.326314687728882,203,512,512,512
15.326314687728882,203,512,512,512
15.326314687728882,202,511,512,512
15.326314687728882,202,512,512,512
15.326314687728882,202,512,512,512
15.326314687728882,202,512,512,512
15.326314687728882,202,512,512,512
15.326314687728882,203,512,512,512
15.326314687728882,202,512,512,512
15.340014934539795,202,512,512,512
15.340014934539795,202,512,512,512
15.340014934539795,202,512,512,512
15.340014934539795,202,512,512,512
15.340014934539795,202,512,512,512
15.340014934539795,202,512,512,512
15.340014934539795,202,512,512,512
15.340014934539795,202,512,512,512
15.340014934539795,202,512,512,512
15.340014934539795,203,512,512,512
15.340014934539795,202,511,512,512
15.340014934539795,202,512,512,512
15.340014934539795,202,512,512,512
15.340014934539795,202,512,512,512
15.340014934539795,202,512,512,512
15.340014934539795,203,512,512,512
15.340014934539795,203,512,512,512
15.340014934539795,203,512,512,512
15.340014934539795,203,512,512,512
15.355756282806396,203,512,512,512
15.357008934020996,202,512,512,512
15.357569217681885,202,512,512,512
15.357569217681885,202,512,512,512
15.357569217681885,202,512,512,512
15.357569217681885,202,512,512,512
15.357569217681885,203,512,512,512
15.357569217681885,203,512,512,512
15.357569217681885,203,512,512,512
15.357569217681885,203,512,512,512
15.357569217681885,203,512,512,512
15.357569217681885,203,512,512,512
15.357569217681885,203,512,512,512
15.357569217681885,203,512,512,512
15.357569217681885,203,512,512,512
15.357569217681885,203,512,512,512
15.357569217681885,203,512,512,512
15.357569217681885,203,512,512,512
15.371620655059814,203,512,512,512
15.371620655059814,203,512,512,512
15.371620655059814,203,512,512,512
15.371620655059814,203,512,512,512
15.371620655059814,203,512,512,512
15.371620655059814,203,512,512,512
15.371620655059814,203,512,512,512
15.371620655059814,203,512,512,512
15.371620655059814,203,512,512,512
15.371620655059814,203,512,512,512
15.371620655059814,203,512,512,512
15.371620655059814,203,512,512,512
15.371620655059814,203,512,512,512
15.371620655059814,203,512,512,512
15.371620655059814,203,512,512,512
15.371620655059814,203,512,512,512
15.371620655059814,203,512,512,512
15.371620655059814,203,512,512,512
15.371620655059814,203,512,512,512
15.387425899505615,203,512,512,512
15.387425899505615,203,512,512,512
15.387425899505615,203,512,512,512
15.387425899505615,203,512,512,512
15.387425899505615,203,512,512,512
15.387425899505615,203,512,512,512
15.387425899505615,203,512,512,512
15.387425899505615,203,512,512,512
15.387425899505615,203,512,512,512
15.387425899505615,203,512,512,512
15.387425899505615,203,512,512,512
15.387425899505615,203,511,512,512
15.387425899505615,203,511,512,512
15.387425899505615,203,512,512,512
15.387425899505615,202,512,512,512
15.387425899505615,202,512,512,512
15.387425899505615,203,512,512,512
15.387425899505615,203,512,512,512
15.387425899505615,203,512,512,512
15.403297185897827,203,512,512,512
15.403297185897827,203,512,512,512
15.403297185897827,203,512,512,512
15.403297185897827,203,512,512,512
15.403297185897827,203,512,512,512
15.403297185897827,203,512,512,512
15.403297185897827,203,512,512,512
15.403297185897827,203,512,512,512
15.403297185897827,203,512,512,512
15.403297185897827,202,512,512,512
15.403297185897827,202,512,512,512
15.403297185897827,202,512,512,512
15.403297185897827,202,512,512,512
15.403297185897827,202,512,512,512
15.403297185897827,203,512,512,512
15.403297185897827,203,512,512,512
15.403297185897827,203,512,512,512
15.403297185897827,203,512,512,512
15.419084072113037,202,512,512,512
15.419731855392456,202,512,512,512
15.420162200927734,202,512,512,512
15.421176433563232,202,512,512,512
15.421176433563232,202,512,512,512
15.421176433563232,202,512,512,512
15.421176433563232,202,513,512,512
15.421176433563232,202,512,512,512
15.421176433563232,202,513,512,512
15.427039384841919,202,512,512,512
15.427501916885376,202,512,512,512
15.427501916885376,202,512,512,512
15.427501916885376,202,512,512,512
15.427501916885376,202,512,512,512
15.427501916885376,202,511,512,512
15.427501916885376,202,511,512,512
15.427501916885376,202,512,512,512
15.427501916885376,202,512,512,512
15.427501916885376,202,512,512,512
15.434853076934814,202,512,512,512
15.434853076934814,203,512,512,512
15.434853076934814,203,512,512,512
15.434853076934814,203,512,512,512
15.434853076934814,202,512,512,512
15.434853076934814,202,512,512,512
15.434853076934814,202,512,512,512
15.434853076934814,202,512,512,512
15.434853076934814,202,512,512,512
15.442763090133667,202,512,512,512
15.442763090133667,202,512,512,512
15.444838762283325,202,512,512,512
15.445342779159546,202,512,512,512
15.445342779159546,202,512,512,512
15.445342779159546,203,512,512,512
15.445342779159546,203,512,512,512
15.445342779159546,203,512,512,512
15.445342779159546,203,512,512,512
15.445342779159546,202,512,512,512
15.45093035697937,202,512,512,512
15.45093035697937,202,512,512,512
15.45093035697937,202,512,512,512
15.45093035697937,202,512,512,512
15.45093035697937,203,512,512,512
15.45093035697937,203,512,512,512
15.45093035697937,203,512,512,512
15.45093035697937,203,512,512,512
15.45093035697937,203,512,512,512
15.458956241607666,203,512,512,512
15.459922075271606,203,513,512,512
15.459922075271606,202,512,512,512
15.459922075271606,202,512,512,512
15.459922075271606,203,512,512,512
15.459922075271606,203,512,512,512
15.459922075271606,203,512,512,512
15.459922075271606,203,512,512,512
15.459922075271606,203,513,512,512
15.459922075271606,203,512,512,512
15.459922075271606,203,512,512,512
15.459922075271606,203,512,512,512
15.459922075271606,203,512,512,512
15.459922075271606,203,512,512,512
15.459922075271606,203,511,512,512
15.459922075271606,203,512,512,512
15.459922075271606,203,512,512,512
15.459922075271606,203,512,512,512
15.474650144577026,203,512,512,512
15.474650144577026,203,512,512,512
15.474650144577026,203,512,512,512
15.474650144577026,203,512,512,512
15.47774624824524,203,513,512,512
15.478253841400146,203,512,512,512
15.478253841400146,203,512,512,512
15.4806387424469,203,512,512,512
15.481131076812744,203,512,512,512
15.481131076812744,203,512,512,512
15.481131076812744,203,512,512,512
15.481131076812744,203,512,512,512
15.481131076812744,203,512,512,512
15.481131076812744,203,512,512,512
15.481131076812744,203,512,512,512
15.481131076812744,203,512,512,512
15.481131076812744,203,512,512,512
15.481131076812744,203,512,512,512
15.481131076812744,203,512,512,512
15.490448236465454,203,512,512,512
15.490448236465454,203,512,512,512
15.490448236465454,203,512,512,512
15.490448236465454,203,512,512,512
15.490448236465454,203,512,512,512
15.490448236465454,203,512,512,512
15.490448236465454,203,512,512,512
15.490448236465454,202,512,512,512
15.490448236465454,202,512,512,512
15.490448236465454,203,512,512,512
15.490448236465454,203,512,512,512
15.490448236465454,203,512,512,512
15.490448236465454,203,512,512,512
15.490448236465454,203,512,512,512
15.490448236465454,203,512,512,512
15.490448236465454,203,512,512,512
15.490448236465454,203,512,512,512
15.490448236465454,203,512,512,512
15.506123542785645,203,512,512,512
15.506123542785645,203,512,512,512
15.506123542785645,203,512,512,512
15.506123542785645,203,512,512,512
15.506123542785645,203,512,512,512
15.506123542785645,203,512,512,512
15.506123542785645,203,512,512,512
15.506123542785645,202,512,512,512
15.506123542785645,202,512,512,512
15.506123542785645,202,512,512,512
15.506123542785645,202,512,512,512
15.506123542785645,202,512,512,512
15.51611590385437,202,512,512,512
15.51611590385437,202,512,512,512
15.51611590385437,202,512,512,512
15.51611590385437,202,512,512,512
15.51611590385437,202,512,512,512
15.51611590385437,203,512,512,512
15.521229982376099,202,512,512,512
15.522238492965698,202,512,512,512
15.522943258285522,202,512,512,512
15.523999691009521,202,512,512,512
15.523999691009521,202,512,512,512
15.523999691009521,202,512,512,512
15.523999691009521,202,512,512,512
15.523999691009521,202,512,512,512
15.523999691009521,202,512,512,512
15.523999691009521,202,512,512,512
15.523999691009521,202,512,512,512
15.523999691009521,202,512,512,512
15.523999691009521,202,512,512,512
15.523999691009521,202,512,512,512
15.523999691009521,202,512,512,512
15.523999691009521,202,512,512,512
15.523999691009521,203,512,512,512
15.523999691009521,203,512,512,512
15.523999691009521,203,512,512,512
15.523999691009521,203,512,512,512
15.538102149963379,203,512,512,512
15.538102149963379,203,512,512,512
15.538102149963379,203,512,512,512
15.538102149963379,203,512,512,512
15.538102149963379,203,512,512,512
15.538102149963379,203,512,512,512
15.538102149963379,203,512,512,512
15.538102149963379,203,512,512,512
15.538102149963379,202,512,512,512
15.538102149963379,202,512,512,512
15.538102149963379,202,511,512,512
15.538102149963379,202,511,512,512
15.538102149963379,203,512,512,512
15.538102149963379,203,512,512,512
15.538102149963379,203,512,512,512
15.538102149963379,203,512,512,512
15.538102149963379,203,512,512,512
15.538102149963379,203,512,512,512
15.538102149963379,203,512,512,512
15.55455732345581,203,512,512,512
15.55532431602478,203,512,512,512
15.555858612060547,203,512,512,512
15.555858612060547,203,512,512,512
15.555858612060547,203,512,512,512
15.555858612060547,203,512,512,512
15.555858612060547,203,512,512,512
15.555858612060547,203,512,512,512
15.555858612060547,203,512,512,512
15.555858612060547,203,512,512,512
15.555858612060547,203,512,512,512
15.555858612060547,203,512,512,512
15.555858612060547,203,512,512,512
15.555858612060547,203,512,512,512
15.555858612060547,203,512,512,512
15.555858612060547,203,512,512,512
15.555858612060547,203,512,512,512
15.555858612060547,203,512,512,512
15.569661140441895,203,512,512,512
15.569661140441895,203,512,512,512
15.569661140441895,203,512,512,512
15.569661140441895,203,512,512,512
15.569661140441895,203,512,512,512
15.569661140441895,203,512,512,512
15.569661140441895,203,512,512,512
15.569661140441895,203,512,512,512
15.569661140441895,203,512,512,512
15.569661140441895,203,512,512,512
15.569661140441895,203,512,512,512
15.569661140441895,203,512,512,512
15.569661140441895,203,512,512,512
15.569661140441895,203,512,512,512
15.569661140441895,203,512,512,512
15.569661140441895,203,512,512,512
15.569661140441895,203,512,512,512
15.569661140441895,203,512,512,512
15.569661140441895,203,512,512,512
15.58543062210083,203,512,512,512
15.586756944656372,203,512,512,512
15.587257862091064,202,512,512,512
15.587257862091064,202,512,512,512
15.587257862091064,203,512,512,512
15.587257862091064,203,512,512,512
15.587257862091064,203,512,512,512
15.587257862091064,203,512,512,512
15.587257862091064,203,512,512,512
15.587257862091064,203,512,512,512
15.587257862091064,203,512,512,512
15.587257862091064,203,512,512,512
15.587257862091064,203,512,512,512
15.587257862091064,203,512,512,512
15.587257862091064,203,512,512,512
15.587257862091064,203,512,512,512
15.587257862091064,203,512,512,512
15.587257862091064,203,512,512,512
15.587257862091064,203,512,512,512
15.601515531539917,203,512,512,512
15.601515531539917,203,512,512,512
15.601515531539917,203,512,512,512
15.601515531539917,203,512,512,512
15.601515531539917,203,512,512,512
15.601515531539917,203,512,512,512
15.601515531539917,203,512,512,512
15.601515531539917,203,512,512,512
15.601515531539917,203,512,512,512
15.601515531539917,203,512,512,512
15.601515531539917,203,512,512,512
15.601515531539917,202,512,512,512
15.601515531539917,202,512,512,512
15.601515531539917,202,512,512,512
15.601515531539917,202,512,512,512
15.601515531539917,202,512,512,512
15.601515531539917,202,512,512,512
15.601515531539917,202,512,512,512
15.617406368255615,202,512,512,512
15.617406368255615,203,513,512,512
15.619173288345337,203,512,512,512
15.619676113128662,203,512,512,512
15.619676113128662,203,512,512,512
15.62119197845459,203,512,512,512
15.62119197845459,203,512,512,512
15.62119197845459,203,512,512,512
15.62119197845459,203,512,512,512
15.62119197845459,202,512,512,512
15.62119197845459,202,512,512,512
15.62119197845459,202,512,512,512
15.62119197845459,202,512,512,512
15.62119197845459,202,512,512,512
15.62119197845459,202,512,512,512
15.62119197845459,202,513,512,512
15.62119197845459,202,512,512,512
15.62119197845459,202,512,512,512
15.62119197845459,202,512,512,512
15.633199691772461,202,512,512,512
15.63396692276001,203,512,512,512
15.634838581085205,203,512,512,512
15.636292457580566,203,512,512,512
15.63677978515625,203,512,512,512
15.63677978515625,203,512,512,512
15.63677978515625,203,512,512,512
15.63677978515625,203,512,512,512
15.63677978515625,203,512,512,512
15.641398191452026,203,512,512,512
15.642675399780273,203,512,512,512
15.642675399780273,203,512,512,512
15.643236637115479,203,512,512,512
15.643236637115479,203,512,512,512
15.643236637115479,203,512,512,512
15.643236637115479,203,512,512,512
15.643236637115479,203,512,512,512
15.643236637115479,203,512,512,512
15.643236637115479,203,512,512,512
15.649522542953491,203,512,512,512
15.649522542953491,203,512,512,512
15.649522542953491,203,512,512,512
15.649522542953491,203,512,512,512
15.649522542953491,203,512,512,512
15.649522542953491,203,512,512,512
15.649522542953491,203,512,512,512
15.649522542953491,203,512,512,512
15.649522542953491,203,512,512,512
15.649522542953491,203,512,512,512
15.657641887664795,203,512,512,512
15.659218072891235,203,512,512,512
15.660080671310425,203,512,512,512
15.660798788070679,203,512,512,512
15.661283254623413,203,512,512,512
15.661283254623413,203,512,512,512
15.661283254623413,203,512,512,512
15.661283254623413,203,512,512,512
15.661283254623413,203,512,512,512
15.661283254623413,203,512,512,512
15.666075944900513,203,512,512,512
15.666075944900513,203,512,512,512
15.666075944900513,203,512,512,512
15.666075944900513,203,512,512,512
15.666075944900513,203,512,512,512
15.666075944900513,203,512,512,512
15.666075944900513,203,512,512,512
15.666075944900513,203,512,512,512
15.666075944900513,203,512,512,512
15.674224376678467,203,512,512,512
15.674224376678467,203,512,512,512
15.675910711288452,203,512,512,512
15.675910711288452,203,512,512,512
15.675910711288452,203,512,512,512
15.675910711288452,203,512,512,512
15.675910711288452,203,512,512,512
15.675910711288452,203,512,512,512
15.675910711288452,203,512,512,512
15.675910711288452,203,512,512,512
15.675910711288452,203,512,512,512
15.675910711288452,203,512,512,512
15.675910711288452,203,512,512,512
15.675910711288452,203,512,512,512
15.675910711288452,202,512,512,512
15.675910711288452,202,512,512,512
15.675910711288452,202,512,512,512
15.675910711288452,202,512,512,512
15.689891338348389,203,512,512,512
15.690582990646362,202,512,512,512
15.69123888015747,202,512,512,512
15.69123888015747,203,512,512,512
15.692688703536987,203,512,512,512
15.692688703536987,203,512,512,512
15.692688703536987,203,512,512,512
15.692688703536987,203,512,512,512
15.692688703536987,203,512,512,512
15.692688703536987,203,512,512,512
15.692688703536987,203,512,512,512
15.692688703536987,203,511,512,512
15.692688703536987,203,511,512,512
15.692688703536987,203,511,512,512
15.692688703536987,203,511,512,512
15.692688703536987,203,511,512,512
15.692688703536987,203,512,512,512
15.692688703536987,203,512,512,512
15.692688703536987,203,512,512,512
15.705690383911133,203,512,512,512
15.705690383911133,202,512,512,512
15.705690383911133,202,512,512,512
15.705690383911133,202,512,512,512
15.705690383911133,202,512,512,512
15.705690383911133,203,512,512,512
15.705690383911133,203,512,512,512
15.705690383911133,202,512,512,512
15.705690383911133,202,512,512,512
15.705690383911133,202,512,512,512
15.705690383911133,202,512,512,512
15.705690383911133,202,512,512,512
15.705690383911133,202,512,512,512
15.705690383911133,202,512,512,512
15.705690383911133,202,512,512,512
15.705690383911133,202,512,512,512
15.705690383911133,202,512,512,512
15.705690383911133,203,512,512,512
15.705690383911133,203,512,512,512
15.722054958343506,202,512,512,512
15.723055839538574,202,512,512,512
15.723055839538574,202,512,512,512
15.723055839538574,202,512,512,512
15.723055839538574,203,512,512,512
15.723055839538574,203,512,512,512
15.723055839538574,202,513,512,512
15.723055839538574,202,513,512,512
15.723055839538574,202,512,512,512
15.723055839538574,202,512,512,512
15.723055839538574,203,512,512,512
15.723055839538574,203,512,512,512
15.723055839538574,202,512,512,512
15.723055839538574,202,513,512,512
15.723055839538574,202,512,512,512
15.723055839538574,202,512,512,512
15.723055839538574,202,512,512,512
15.723055839538574,203,512,512,512
15.737380266189575,203,512,512,512
15.737380266189575,203,512,512,512
15.737380266189575,203,512,512,512
15.737380266189575,203,512,512,512
15.737380266189575,203,512,512,512
15.737380266189575,203,512,512,512
15.737380266189575,203,512,512,512
15.737380266189575,203,512,512,512
15.737380266189575,203,512,512,512
15.737380266189575,203,512,512,512
15.737380266189575,203,512,512,512
15.737380266189575,203,512,512,512
15.737380266189575,203,512,512,512
15.737380266189575,203,512,512,512
15.737380266189575,203,512,512,512
15.737380266189575,203,512,512,512
15.737380266189575,203,512,512,512
15.737380266189575,203,512,512,512
15.737380266189575,203,512,512,512
15.753150939941406,203,512,512,512
15.753150939941406,203,512,512,512
15.753150939941406,203,512,512,512
15.753150939941406,203,512,512,512
15.753150939941406,203,512,512,512
15.753150939941406,203,512,512,512
15.753150939941406,203,512,512,512
15.753150939941406,203,512,512,512
15.753150939941406,203,512,512,512
15.753150939941406,203,512,512,512
15.753150939941406,203,512,512,512
15.753150939941406,203,512,512,512
15.753150939941406,203,512,512,512
15.753150939941406,203,512,512,512
15.753150939941406,203,512,512,512
15.753150939941406,203,512,512,512
15.753150939941406,203,512,512,512
15.753150939941406,203,512,512,512
15.76901888847351,203,512,512,512
15.76901888847351,203,512,512,512
15.770497798919678,203,512,512,512
15.771060943603516,203,512,512,512
15.771060943603516,203,512,512,512
15.771060943603516,202,512,512,512
15.771060943603516,202,512,512,512
15.771060943603516,202,512,512,512
15.771060943603516,203,512,512,512
15.771060943603516,203,513,512,512
15.771060943603516,203,512,512,512
15.771060943603516,203,512,512,512
15.771060943603516,203,512,512,512
15.771060943603516,203,512,512,512
15.771060943603516,203,512,512,512
15.771060943603516,203,512,512,512
15.771060943603516,203,512,512,512
15.771060943603516,203,512,512,512
15.771060943603516,203,512,512,512
15.784813404083252,203,512,512,512
15.784813404083252,203,512,512,512
15.784813404083252,203,511,512,512
15.784813404083252,203,512,512,512
15.784813404083252,203,512,512,512
15.784813404083252,203,512,512,512
15.784813404083252,203,512,512,512
15.784813404083252,203,512,512,512
15.784813404083252,203,512,512,512
15.784813404083252,203,512,512,512
15.784813404083252,203,512,512,512
15.784813404083252,203,512,512,512
15.784813404083252,203,512,512,512
15.784813404083252,203,512,512,512
15.784813404083252,203,512,512,512
15.784813404083252,203,512,512,512
15.784813404083252,203,511,512,512
15.784813404083252,203,512,512,512
15.784813404083252,203,512,512,512
15.800579071044922,203,512,512,512
15.801401138305664,202,512,512,512
15.802928686141968,202,512,512,512
15.80369782447815,202,512,512,512
15.80369782447815,202,512,512,512
15.80369782447815,202,512,512,512
15.80369782447815,203,512,512,512
15.80369782447815,203,512,512,512
15.80882477760315,203,512,512,512
15.80930471420288,203,512,512,512
15.80930471420288,203,512,512,512
15.80930471420288,203,511,512,512
15.80930471420288,203,511,512,512
15.80930471420288,203,512,512,512
15.80930471420288,203,511,512,512
15.80930471420288,203,511,512,512
15.80930471420288,203,511,512,512
15.80930471420288,203,511,512,512
15.80930471420288,203,511,512,512
15.816975831985474,203,511,512,512
15.816975831985474,203,512,512,512
15.816975831985474,203,512,512,512
15.816975831985474,203,512,512,512
15.816975831985474,203,512,512,512
15.816975831985474,203,512,512,512
15.822571039199829,203,512,512,512
15.823063611984253,203,512,512,512
15.823063611984253,203,512,512,512
15.825156688690186,203,512,512,512
15.825156688690186,203,512,512,512
15.826267957687378,203,512,512,512
15.826267957687378,203,512,512,512
15.826267957687378,203,512,512,512
15.826267957687378,203,511,512,512
15.826267957687378,203,512,512,512
15.826267957687378,203,512,512,512
15.826267957687378,203,512,512,512
15.826267957687378,203,511,512,512
15.826267957687378,203,512,512,512
15.826267957687378,203,512,512,512
15.826267957687378,203,512,512,512
15.826267957687378,203,512,512,512
15.826267957687378,203,512,512,512
15.826267957687378,203,512,512,512
15.826267957687378,203,512,512,512
15.826267957687378,203,512,512,512
15.826267957687378,203,512,512,512
15.840965270996094,203,512,512,512
15.840965270996094,203,512,512,512
15.840965270996094,203,512,512,512
15.840965270996094,203,512,512,512
15.840965270996094,203,512,512,512
15.840965270996094,203,511,512,512
15.840965270996094,203,512,512,512
15.840965270996094,203,512,512,512
15.840965270996094,203,512,512,512
15.840965270996094,203,512,512,512
15.840965270996094,203,512,512,512
15.840965270996094,203,511,512,512
15.840965270996094,203,511,512,512
15.840965270996094,203,511,512,512
15.840965270996094,203,511,512,512
15.840965270996094,203,511,512,512
15.840965270996094,203,512,512,512
15.840965270996094,203,512,512,512
15.840965270996094,203,512,512,512
15.85672640800476,203,512,512,512
15.858025074005127,203,512,512,512
15.858025074005127,203,512,512,512
15.859572649002075,203,512,512,512
15.859572649002075,203,512,512,512
15.859572649002075,203,512,512,512
15.859572649002075,203,512,512,512
15.859572649002075,203,512,512,512
15.859572649002075,203,512,512,512
15.859572649002075,203,512,512,512
15.859572649002075,203,512,512,512
15.859572649002075,203,512,512,512
15.859572649002075,203,512,512,512
15.859572649002075,203,512,512,512
15.859572649002075,203,511,512,512
15.859572649002075,203,512,512,512
15.859572649002075,203,512,512,512
15.859572649002075,203,512,512,512
15.872380018234253,203,512,512,512
15.872380018234253,203,512,512,512
15.872380018234253,203,512,512,512
15.872380018234253,203,512,512,512
15.872380018234253,203,512,512,512
15.872380018234253,203,512,512,512
15.872380018234253,203,512,512,512
15.872380018234253,203,512,512,512
15.872380018234253,203,512,512,512
15.872380018234253,203,512,512,512
15.872380018234253,203,512,512,512
15.872380018234253,203,512,512,512
15.872380018234253,203,512,512,512
15.872380018234253,203,511,512,512
15.872380018234253,203,511,512,512
15.872380018234253,203,511,512,512
15.872380018234253,203,511,512,512
15.872380018234253,203,511,512,512
15.872380018234253,203,511,512,512
15.888190507888794,203,511,512,512
15.888190507888794,202,511,512,512
15.888190507888794,202,512,512,512
15.888190507888794,202,512,512,512
15.888190507888794,203,512,512,512
15.888190507888794,202,512,512,512
15.888190507888794,203,512,512,512
15.888190507888794,203,512,512,512
15.888190507888794,203,512,512,512
15.888190507888794,203,511,512,512
15.888190507888794,203,512,512,512
15.888190507888794,203,512,512,512
15.888190507888794,203,512,512,512
15.888190507888794,203,512,512,512
15.888190507888794,203,512,512,512
15.888190507888794,203,512,512,512
15.888190507888794,203,512,512,512
15.888190507888794,203,512,512,512
15.903991222381592,203,512,512,512
15.903991222381592,203,512,512,512
15.903991222381592,203,512,512,512
15.903991222381592,203,512,512,512
15.903991222381592,203,512,512,512
15.903991222381592,203,512,512,512
15.903991222381592,203,512,512,512
15.903991222381592,203,512,512,512
15.903991222381592,203,512,512,512
15.903991222381592,203,512,512,512
15.903991222381592,203,512,512,512
15.903991222381592,203,512,512,512
15.903991222381592,203,512,512,512
15.903991222381592,203,512,512,512
15.903991222381592,203,512,512,512
15.903991222381592,203,512,512,512
15.903991222381592,203,512,512,512
15.903991222381592,203,512,512,512
15.903991222381592,203,512,512,512
15.920243740081787,203,512,512,512
15.920767545700073,203,512,512,512
15.921775579452515,203,512,512,512
15.921775579452515,203,512,512,512
15.921775579452515,203,511,512,512
15.921775579452515,203,511,512,512
15.921775579452515,203,512,512,512
15.921775579452515,203,511,512,512
15.921775579452515,203,511,512,512
15.921775579452515,203,511,512,512
15.921775579452515,203,512,512,512
15.921775579452515,203,511,512,512
15.921775579452515,203,512,512,512
15.921775579452515,203,512,512,512
15.921775579452515,203,512,512,512
15.921775579452515,203,511,512,512
15.921775579452515,203,512,512,512
15.921775579452515,203,512,512,512
15.921775579452515,203,512,512,512
15.935820817947388,203,512,512,512
15.936938524246216,203,512,512,512
15.936938524246216,203,512,512,512
15.936938524246216,203,512,512,512
15.936938524246216,203,512,512,512
15.936938524246216,203,512,512,512
15.941969633102417,203,512,512,512
15.941969633102417,203,512,512,512
15.941969633102417,203,512,512,512
15.94411587715149,203,512,512,512
15.944846391677856,203,512,512,512
15.944846391677856,203,512,512,512
15.944846391677856,203,512,512,512
15.944846391677856,203,512,512,512
15.944846391677856,203,512,512,512
15.944846391677856,203,512,512,512
15.944846391677856,203,512,512,512
15.944846391677856,203,512,512,512
15.944846391677856,203,512,512,512
15.952227115631104,203,512,512,512
15.952227115631104,203,512,512,512
15.952227115631104,203,512,512,512
15.952227115631104,203,512,512,512
15.952227115631104,203,512,512,512
15.952227115631104,203,512,512,512
15.952227115631104,203,512,512,512
15.952227115631104,203,512,512,512
15.952227115631104,203,512,512,512
15.959601879119873,203,512,512,512
15.960697889328003,203,512,512,512
15.960697889328003,203,512,512,512
15.960697889328003,203,512,512,512
15.960697889328003,203,512,512,512
15.960697889328003,203,512,512,512
15.960697889328003,203,512,512,512
15.960697889328003,203,511,512,512
15.960697889328003,203,511,512,512
15.960697889328003,203,511,512,512
15.960697889328003,203,511,512,512
15.969032049179077,203,511,512,512
15.969032049179077,203,512,512,512
15.969032049179077,203,512,512,512
15.969032049179077,203,512,512,512
15.969032049179077,203,512,512,512
15.969032049179077,203,512,512,512
15.969032049179077,203,512,512,512
15.969032049179077,203,512,512,512
15.969032049179077,203,512,512,512
15.969032049179077,203,512,512,512
15.977494239807129,203,512,512,512
15.977494239807129,203,512,512,512
15.977494239807129,203,512,512,512
15.977494239807129,203,512,512,512
15.977494239807129,203,512,512,512
15.977494239807129,203,512,512,512
15.977494239807129,203,512,512,512
15.977494239807129,203,512,512,512
15.977494239807129,203,512,512,512
15.977494239807129,203,512,512,512
15.977494239807129,203,512,512,512
15.977494239807129,203,512,512,512
15.977494239807129,203,512,512,512
15.977494239807129,203,512,512,512
15.977494239807129,203,512,512,512
15.977494239807129,203,512,512,512
15.977494239807129,203,512,512,512
15.977494239807129,203,512,512,512
15.993359804153442,203,512,512,512
15.994019508361816,203,512,512,512
15.994019508361816,203,512,512,512
15.995826721191406,203,512,512,512
15.995826721191406,203,512,512,512
15.995826721191406,203,512,512,512
15.995826721191406,203,511,512,512
15.995826721191406,203,511,512,512
15.995826721191406,203,511,512,512
15.995826721191406,203,512,512,512
15.995826721191406,203,512,512,512
15.995826721191406,203,512,512,512
15.995826721191406,203,512,512,512
15.995826721191406,203,512,512,512
15.995826721191406,203,512,512,512
15.995826721191406,203,512,512,512
15.995826721191406,203,512,512,512
15.995826721191406,203,512,512,512
15.995826721191406,203,512,512,512
16.00907301902771,203,512,512,512
16.010440826416016,203,512,512,512
16.01098656654358,203,512,512,512
16.01098656654358,203,512,512,512
16.01098656654358,203,512,512,512
16.01098656654358,203,512,512,512
16.01098656654358,203,512,512,512
16.01098656654358,203,512,512,512
16.01098656654358,203,512,512,512
16.01098656654358,203,512,512,512
16.01098656654358,203,512,512,512
16.01098656654358,203,512,512,512
16.01098656654358,203,512,512,512
16.01098656654358,203,512,512,512
16.01098656654358,203,512,512,512
16.02182149887085,203,512,512,512
16.02182149887085,203,512,512,512
16.02182149887085,203,512,512,512
16.02474308013916,203,512,512,512
16.02474308013916,203,512,512,512
16.02474308013916,203,512,512,512
16.02474308013916,203,512,512,512
16.02474308013916,203,512,512,512
16.02474308013916,203,512,512,512
16.02474308013916,203,512,512,512
16.02474308013916,203,512,512,512
16.02474308013916,203,512,512,512
16.02474308013916,203,512,512,512
16.02474308013916,203,512,512,512
16.02474308013916,203,512,512,512
16.02474308013916,203,512,512,512
16.02474308013916,203,512,512,512
16.02474308013916,203,512,512,512
16.02474308013916,203,512,512,512
16.02474308013916,203,512,512,512
16.02474308013916,203,512,512,512
16.02474308013916,203,512,512,512
16.040475130081177,202,512,512,512
16.041280269622803,203,511,512,512
16.042819023132324,203,512,512,512
16.043609142303467,203,512,512,512
16.043609142303467,203,512,512,512
16.043609142303467,203,512,512,512
16.043609142303467,203,512,512,512
16.043609142303467,203,512,512,512
16.043609142303467,203,512,512,512
16.043609142303467,203,512,512,512
16.043609142303467,203,512,512,512
16.043609142303467,203,512,512,512
16.043609142303467,203,512,512,512
16.043609142303467,203,512,512,512
16.043609142303467,203,512,512,512
16.043609142303467,203,512,512,512
16.043609142303467,203,512,512,512
16.043609142303467,203,512,512,512
16.05612564086914,203,512,512,512
16.05612564086914,203,512,512,512
16.05612564086914,203,512,512,512
16.05612564086914,203,512,512,512
16.05612564086914,203,512,512,512
16.05612564086914,203,512,512,512
16.05612564086914,203,512,512,512
16.05612564086914,203,512,512,512
16.05612564086914,203,512,512,512
16.05612564086914,203,512,512,512
16.05612564086914,203,512,512,512
16.05612564086914,203,512,512,512
16.05612564086914,203,512,512,512
16.05612564086914,203,512,512,512
16.05612564086914,203,512,512,512
16.05612564086914,203,512,512,512
16.05612564086914,203,512,512,512
16.05612564086914,203,512,512,512
16.05612564086914,203,512,512,512
16.0726900100708,203,512,512,512
16.073468446731567,203,512,512,512
16.073954105377197,203,512,512,512
16.073954105377197,203,512,512,512
16.073954105377197,203,512,512,512
16.073954105377197,203,512,512,512
16.073954105377197,203,512,512,512
16.073954105377197,203,511,512,512
16.073954105377197,203,512,512,512
16.073954105377197,203,512,512,512
16.073954105377197,203,511,512,512
16.073954105377197,203,511,512,512
16.073954105377197,203,511,512,512
16.073954105377197,203,511,512,512
16.073954105377197,203,511,512,512
16.073954105377197,203,512,512,512
16.073954105377197,203,512,512,512
16.073954105377197,203,512,512,512
16.087749242782593,203,512,512,512
16.087749242782593,203,512,512,512
16.087749242782593,203,512,512,512
16.089760541915894,203,512,512,512
16.089760541915894,203,512,512,512
16.091770887374878,203,512,512,512
16.091770887374878,203,512,512,512
16.091770887374878,203,512,512,512
16.091770887374878,203,512,512,512
16.091770887374878,203,512,512,512
16.091770887374878,203,512,512,512
16.091770887374878,203,512,512,512
16.091770887374878,203,512,512,512
16.091770887374878,203,512,512,512
16.091770887374878,203,512,512,512
16.091770887374878,203,512,512,512
16.091770887374878,203,512,512,512
16.091770887374878,203,512,512,512
16.091770887374878,203,512,512,512
16.10348606109619,203,512,512,512
16.10348606109619,203,512,512,512
16.105056285858154,203,512,512,512
16.105056285858154,203,512,512,512
16.105056285858154,203,512,512,512
16.105056285858154,203,512,512,512
16.105056285858154,203,512,512,512
16.105056285858154,203,512,512,512
16.105056285858154,203,512,512,512
16.105056285858154,203,511,512,512
16.105056285858154,203,511,512,512
16.105056285858154,203,511,512,512
16.105056285858154,203,511,512,512
16.105056285858154,203,511,512,512
16.105056285858154,203,512,512,512
16.105056285858154,203,512,512,512
16.105056285858154,203,512,512,512
16.105056285858154,203,512,512,512
16.105056285858154,203,512,512,512
16.11959481239319,203,512,512,512
16.11959481239319,203,512,512,512
16.121712923049927,203,512,512,512
16.121712923049927,203,512,512,512
16.121712923049927,203,512,512,512
16.121712923049927,203,512,512,512
16.121712923049927,203,512,512,512
16.121712923049927,203,512,512,512
16.121712923049927,203,512,512,512
16.121712923049927,203,512,512,512
16.121712923049927,203,512,512,512
16.121712923049927,203,512,512,512
16.121712923049927,203,512,512,512
16.121712923049927,203,512,512,512
16.121712923049927,203,512,512,512
16.121712923049927,203,512,512,512
16.121712923049927,203,512,512,512
16.121712923049927,203,512,512,512
16.121712923049927,203,512,512,512
16.136393785476685,203,512,512,512
16.136393785476685,203,512,512,512
16.138007879257202,203,512,512,512
16.139100551605225,203,512,512,512
16.139100551605225,203,512,512,512
16.139100551605225,203,512,512,512
16.139100551605225,203,512,512,512
16.139100551605225,203,512,512,512
16.14261555671692,203,512,512,512
16.143213510513306,203,512,512,512
16.143213510513306,203,512,512,512
16.143213510513306,203,512,512,512
16.143213510513306,203,512,512,512
16.143213510513306,203,512,512,512
16.143213510513306,203,512,512,512
16.143213510513306,203,512,512,512
16.143213510513306,203,512,512,512
16.143213510513306,203,512,512,512
16.151560068130493,203,511,512,512
16.151560068130493,203,511,512,512
16.151560068130493,203,512,512,512
16.151560068130493,203,511,512,512
16.151560068130493,203,511,512,512
16.151560068130493,203,511,512,512
16.151560068130493,203,511,512,512
16.151560068130493,203,512,512,512
16.151560068130493,203,512,512,512
16.159170627593994,203,512,512,512
16.160139799118042,203,512,512,512
16.160491704940796,203,512,512,512
16.160491704940796,203,512,512,512
16.160491704940796,203,512,512,512
16.160491704940796,203,512,512,512
16.160491704940796,203,512,512,512
16.160491704940796,203,512,512,512
16.160491704940796,203,512,512,512
16.160491704940796,203,512,512,512
16.16768741607666,203,512,512,512
16.16768741607666,203,512,512,512
16.16768741607666,203,512,512,512
16.16768741607666,203,512,512,512
16.16768741607666,203,512,512,512
16.16768741607666,203,512,512,512
16.16768741607666,203,512,512,512
16.16768741607666,203,512,512,512
16.175743341445923,203,512,512,512
16.175743341445923,203,512,512,512
16.175743341445923,203,512,512,512
16.175743341445923,203,512,512,512
16.175743341445923,203,512,512,512
16.175743341445923,203,512,512,512
16.175743341445923,203,512,512,512
16.175743341445923,203,512,512,512
16.175743341445923,203,512,512,512
16.175743341445923,203,512,512,512
16.175743341445923,203,512,512,512
16.175743341445923,203,512,512,512
16.175743341445923,203,512,512,512
16.175743341445923,203,512,512,512
16.175743341445923,203,512,512,512
16.175743341445923,203,512,512,512
16.175743341445923,203,512,512,512
16.175743341445923,203,512,512,512
16.175743341445923,203,512,512,512
16.175743341445923,203,512,512,512
16.19139790534973,203,512,512,512
16.19139790534973,203,512,512,512
16.193418502807617,203,511,512,512
16.19415521621704,203,511,512,512
16.19415521621704,203,512,512,512
16.19415521621704,203,512,512,512
16.19415521621704,203,511,512,512
16.19415521621704,203,511,512,512
16.197903633117676,203,511,512,512
16.197903633117676,203,511,512,512
16.197903633117676,203,512,512,512
16.197903633117676,203,512,512,512
16.197903633117676,203,512,512,512
16.197903633117676,203,512,512,512
16.197903633117676,203,512,512,512
16.197903633117676,203,512,512,512
16.197903633117676,203,512,512,512
16.197903633117676,203,512,512,512
16.197903633117676,203,512,512,512
16.207127571105957,203,512,512,512
16.207127571105957,203,512,512,512
16.207127571105957,203,512,512,512
16.207127571105957,203,512,512,512
16.207127571105957,203,512,512,512
16.207127571105957,203,512,512,512
16.207127571105957,203,512,512,512
16.207127571105957,203,512,512,512
16.207127571105957,203,512,512,512
16.207127571105957,203,512,512,512
16.207127571105957,203,512,512,512
16.207127571105957,203,512,512,512
16.207127571105957,203,512,512,512
16.207127571105957,203,512,512,512
16.207127571105957,202,512,512,512
16.207127571105957,202,512,512,512
16.207127571105957,202,512,512,512
16.221707105636597,202,512,512,512
16.223278760910034,203,512,512,512
16.224035024642944,203,512,512,512
16.224541664123535,203,512,512,512
16.225740909576416,203,512,512,512
16.225740909576416,203,512,512,512
16.225740909576416,203,512,512,512
16.225740909576416,202,511,512,512
16.225740909576416,202,511,512,512
16.225740909576416,202,511,512,512
16.225740909576416,202,511,512,512
16.225740909576416,203,512,512,512
16.225740909576416,203,512,512,512
16.225740909576416,203,512,512,512
16.225740909576416,202,512,512,512
16.225740909576416,202,512,512,512
16.225740909576416,202,512,512,512
16.225740909576416,202,512,512,512
16.225740909576416,202,512,512,512
16.225740909576416,203,512,512,512
16.239112854003906,203,512,512,512
16.239112854003906,202,512,512,512
16.239112854003906,202,512,512,512
16.239112854003906,202,512,512,512
16.239112854003906,202,512,512,512
16.239112854003906,202,512,512,512
16.239112854003906,203,512,512,512
16.239112854003906,203,512,512,512
16.239112854003906,203,512,512,512
16.246889352798462,203,512,512,512
16.246889352798462,203,512,512,512
16.246889352798462,203,512,512,512
16.248903036117554,203,512,512,512
16.248903036117554,203,512,512,512
16.248903036117554,203,512,512,512
16.248903036117554,203,512,512,512
16.252215147018433,203,512,512,512
16.252215147018433,203,512,512,512
16.254222631454468,203,512,512,512
16.255228519439697,203,512,512,512
16.255228519439697,203,512,512,512
16.257171392440796,203,512,512,512
16.257967472076416,203,512,512,512
16.257967472076416,203,512,512,512
16.257967472076416,203,512,512,512
16.257967472076416,203,512,512,512
16.257967472076416,203,512,512,512
16.257967472076416,203,513,512,512
16.257967472076416,203,512,512,512
16.257967472076416,203,512,512,512
16.257967472076416,203,512,512,512
16.257967472076416,203,512,512,512
16.257967472076416,203,512,512,512
16.257967472076416,203,512,512,512
16.257967472076416,203,512,512,512
16.257967472076416,203,512,512,512
16.257967472076416,203,512,512,512
16.257967472076416,202,512,512,512
16.270923137664795,202,512,512,512
16.270923137664795,203,512,512,512
16.270923137664795,203,512,512,512
16.270923137664795,203,512,512,512
16.270923137664795,203,512,512,512
16.270923137664795,203,512,512,512
16.270923137664795,203,512,512,512
16.270923137664795,203,512,512,512
16.270923137664795,203,512,512,512
16.270923137664795,203,512,512,512
16.270923137664795,203,512,512,512
16.270923137664795,203,512,512,512
16.270923137664795,203,512,512,512
16.270923137664795,202,512,512,512
16.270923137664795,202,512,512,512
16.270923137664795,203,512,512,512
16.270923137664795,203,512,512,512
16.270923137664795,203,512,512,512
16.286819458007812,203,512,512,512
16.286819458007812,203,512,512,512
16.286819458007812,202,512,512,512
16.286819458007812,202,512,512,512
16.286819458007812,202,512,512,512
16.286819458007812,203,512,512,512
16.286819458007812,203,512,512,512
16.286819458007812,203,512,512,512
16.286819458007812,203,512,512,512
16.286819458007812,203,512,512,512
16.286819458007812,203,512,512,512
16.286819458007812,203,512,512,512
16.286819458007812,203,512,512,512
16.286819458007812,203,512,512,512
16.286819458007812,203,512,512,512
16.286819458007812,203,512,512,512
16.286819458007812,203,512,512,512
16.286819458007812,202,512,512,512
16.286819458007812,202,512,512,512
16.302592039108276,202,512,512,512
16.303882837295532,202,512,512,512
16.304619550704956,202,513,512,512
16.30512809753418,203,512,512,512
16.306490421295166,203,512,512,512
16.307236909866333,203,512,512,512
16.307236909866333,203,512,512,512
16.307236909866333,203,511,512,512
16.309797525405884,203,512,512,512
16.310806035995483,203,512,512,512
16.310806035995483,203,512,512,512
16.310806035995483,203,512,512,512
16.310806035995483,203,512,512,512
16.310806035995483,203,512,512,512
16.310806035995483,202,512,512,512
16.310806035995483,202,512,512,512
16.310806035995483,202,512,512,512
16.310806035995483,202,512,512,512
16.310806035995483,203,512,512,512
16.318931579589844,202,512,512,512
16.318931579589844,202,512,512,512
16.318931579589844,202,512,512,512
16.318931579589844,202,512,512,512
16.321964502334595,202,512,512,512
16.321964502334595,202,512,512,512
16.321964502334595,202,512,512,512
16.321964502334595,202,512,512,512
16.325921535491943,202,512,512,512
16.325921535491943,202,512,512,512
16.325921535491943,202,512,512,512
16.325921535491943,202,512,512,512
16.325921535491943,203,512,512,512
16.325921535491943,203,512,512,512
16.325921535491943,203,512,512,512
16.325921535491943,203,512,512,512
16.325921535491943,203,512,512,512
16.325921535491943,202,512,512,512
16.334580898284912,202,512,512,512
16.335282802581787,203,512,512,512
16.335282802581787,203,512,512,512
16.335282802581787,203,512,512,512
16.335282802581787,203,512,512,512
16.335282802581787,203,512,512,512
16.335282802581787,203,512,512,512
16.335282802581787,203,512,512,512
16.335282802581787,203,512,512,512
16.335282802581787,202,512,512,512
16.335282802581787,202,512,512,512
16.335282802581787,202,512,512,512
16.335282802581787,202,512,512,512
16.335282802581787,203,512,512,512
16.335282802581787,202,512,512,512
16.335282802581787,202,512,512,512
16.335282802581787,202,512,512,512
16.335282802581787,202,512,512,512
16.335282802581787,203,512,512,512
16.350280284881592,203,512,512,512
16.35164165496826,203,512,512,512
16.352046251296997,203,512,512,512
16.352046251296997,203,512,512,512
16.352046251296997,203,512,512,512
16.352046251296997,203,512,512,512
16.352046251296997,203,512,512,512
16.352046251296997,203,512,512,512
16.352046251296997,203,512,512,512
16.352046251296997,203,512,512,512
16.352046251296997,203,512,512,512
16.352046251296997,203,512,512,512
16.352046251296997,203,512,512,512
16.352046251296997,203,512,512,512
16.352046251296997,203,512,512,512
16.352046251296997,203,512,512,512
16.352046251296997,203,512,512,512
16.352046251296997,203,512,512,512
16.365936994552612,203,512,512,512
16.365936994552612,203,512,512,512
16.365936994552612,203,512,512,512
16.365936994552612,203,512,512,512
16.365936994552612,203,512,512,512
16.365936994552612,203,512,512,512
16.365936994552612,203,512,512,512
16.365936994552612,203,512,512,512
16.365936994552612,203,512,512,512
16.365936994552612,203,512,512,512
16.365936994552612,203,512,512,512
16.365936994552612,203,512,512,512
16.365936994552612,203,512,512,512
16.365936994552612,203,512,512,512
16.365936994552612,203,512,512,512
16.365936994552612,203,512,512,512
16.365936994552612,203,512,512,512
16.365936994552612,203,512,512,512
16.365936994552612,203,512,512,512
16.382258892059326,202,512,512,512
16.383044004440308,202,512,512,512
16.383541345596313,202,512,512,512
16.383541345596313,202,512,512,512
16.383541345596313,202,512,512,512
16.383541345596313,202,512,512,512
16.383541345596313,202,512,512,512
16.383541345596313,202,512,512,512
16.383541345596313,203,512,512,512
16.383541345596313,202,512,512,512
16.383541345596313,202,512,512,512
16.383541345596313,202,512,512,512
16.383541345596313,202,512,512,512
16.383541345596313,203,512,512,512
16.383541345596313,203,512,512,512
16.383541345596313,203,512,512,512
16.383541345596313,203,512,512,512
16.383541345596313,202,512,512,512
16.397353887557983,203,512,512,512
16.397353887557983,203,512,512,512
16.397353887557983,203,512,512,512
16.397353887557983,203,512,512,512
16.397353887557983,203,512,512,512
16.397353887557983,203,512,512,512
16.397353887557983,203,512,512,512
16.397353887557983,203,512,512,512
16.397353887557983,203,512,512,512
16.397353887557983,203,512,512,512
16.397353887557983,203,512,512,512
16.397353887557983,203,512,512,512
16.397353887557983,203,512,512,512
16.397353887557983,202,512,512,512
16.397353887557983,202,512,512,512
16.397353887557983,202,512,512,512
16.397353887557983,202,512,512,512
16.397353887557983,203,512,512,512
16.397353887557983,202,512,512,512
16.41306471824646,202,512,512,512
16.41306471824646,202,512,512,512
16.41306471824646,202,512,512,512
16.41306471824646,202,512,512,512
16.41306471824646,203,512,512,512
16.41306471824646,203,512,512,512
16.41306471824646,203,512,512,512
16.41306471824646,203,512,512,512
16.41306471824646,203,512,512,512
16.41306471824646,203,512,512,512
16.421897172927856,203,512,512,512
16.421897172927856,203,512,512,512
16.421897172927856,203,512,512,512
16.421897172927856,203,512,512,512
16.421897172927856,203,512,512,512
16.421897172927856,203,512,512,512
16.421897172927856,203,512,512,512
16.421897172927856,202,512,512,512
16.42874526977539,202,512,512,512
16.42874526977539,202,512,512,512
16.42874526977539,202,512,512,512
16.42874526977539,203,512,512,512
16.42874526977539,203,512,512,512
16.42874526977539,203,512,512,512
16.42874526977539,202,512,512,512
16.42874526977539,203,512,512,512
16.42874526977539,203,512,512,512
16.42874526977539,203,512,512,512
16.42874526977539,203,512,512,512
16.42874526977539,203,512,512,512
16.42874526977539,203,512,512,512
16.42874526977539,203,512,512,512
16.42874526977539,202,512,512,512
16.42874526977539,202,512,512,512
16.42874526977539,202,512,512,512
16.42874526977539,202,512,512,512
16.42874526977539,203,512,512,512
16.44461464881897,203,512,512,512
16.44589900970459,203,512,512,512
16.446727514266968,203,512,512,512
16.447834253311157,203,512,512,512
16.448634147644043,203,512,512,512
16.448634147644043,203,512,512,512
16.448634147644043,203,512,512,512
16.448634147644043,202,512,512,512
16.448634147644043,202,512,512,512
16.448634147644043,202,512,512,512
16.448634147644043,202,512,512,512
16.448634147644043,203,512,512,512
16.448634147644043,203,512,512,512
16.448634147644043,203,512,512,512
16.448634147644043,203,513,512,512
16.448634147644043,203,513,512,512
16.448634147644043,203,512,512,512
16.448634147644043,203,512,512,512
16.460453748703003,203,512,512,512
16.460453748703003,203,512,512,512
16.460453748703003,203,512,512,512
16.460453748703003,203,512,512,512
16.460453748703003,203,511,512,512
16.460453748703003,203,511,512,512
16.460453748703003,203,512,512,512
16.460453748703003,203,512,512,512
16.460453748703003,203,512,512,512
16.460453748703003,203,512,512,512
16.460453748703003,203,512,512,512
16.460453748703003,203,512,512,512
16.460453748703003,203,512,512,512
16.460453748703003,203,512,512,512
16.460453748703003,203,512,512,512
16.460453748703003,203,512,512,512
16.460453748703003,202,512,512,512
16.460453748703003,202,512,512,512
16.460453748703003,202,512,512,512
16.476139068603516,202,512,512,512
16.477356672286987,202,512,512,512
16.477356672286987,203,512,512,512
16.477356672286987,203,512,512,512
16.47994589805603,203,512,512,512
16.47994589805603,203,512,512,512
16.47994589805603,203,512,512,512
16.47994589805603,202,512,512,512
16.47994589805603,202,512,512,512
16.47994589805603,202,512,512,512
16.47994589805603,202,512,512,512
16.47994589805603,202,512,512,512
16.47994589805603,202,512,512,512
16.47994589805603,202,512,512,512
16.47994589805603,202,512,512,512
16.47994589805603,202,512,512,512
16.47994589805603,202,512,512,512
16.492201328277588,202,512,512,512
16.492201328277588,202,512,512,512
16.492201328277588,203,512,512,512
16.493910551071167,203,512,512,512
16.493910551071167,203,512,512,512
16.493910551071167,203,512,512,512
16.493910551071167,202,512,512,512
16.493910551071167,202,512,512,512
16.493910551071167,202,512,512,512
16.493910551071167,202,512,512,512
16.493910551071167,202,512,512,512
16.493910551071167,203,512,512,512
16.500619649887085,203,512,512,512
16.500619649887085,203,512,512,512
16.500619649887085,203,512,512,512
16.500619649887085,203,512,512,512
16.500619649887085,203,512,512,512
16.500619649887085,202,512,512,512
16.500619649887085,202,512,512,512
16.500619649887085,202,512,512,512
16.508817434310913,202,512,512,512
16.508817434310913,202,512,512,512
16.50984811782837,202,512,512,512
16.51015329360962,202,512,512,512
16.51120138168335,203,512,512,512
16.51229190826416,202,512,512,512
16.512804985046387,202,512,512,512
16.513747930526733,202,512,512,512
16.514256715774536,202,512,512,512
16.514256715774536,202,512,512,512
16.516485691070557,203,512,512,512
16.5169939994812,203,512,512,512
16.5169939994812,202,512,512,512
16.51900577545166,202,512,512,512
16.51900577545166,203,512,512,512
16.51900577545166,203,512,512,512
16.52101731300354,203,512,512,512
16.522024154663086,203,512,512,512
16.522024154663086,203,512,512,512
16.522024154663086,202,512,512,512
16.524648666381836,202,512,512,512
16.524648666381836,202,512,512,512
16.524648666381836,202,512,512,512
16.524648666381836,202,512,512,512
16.524648666381836,202,512,512,512
16.524648666381836,202,512,512,512
16.524648666381836,203,512,512,512
16.524648666381836,203,512,512,512
16.524648666381836,203,512,512,512
16.532744646072388,203,512,512,512
16.532744646072388,203,512,512,512
16.532744646072388,203,512,512,512
16.532744646072388,203,512,512,512
16.532744646072388,203,512,512,512
16.532744646072388,202,511,512,512
16.532744646072388,202,511,512,512
16.532744646072388,202,511,512,512
16.532744646072388,202,511,512,512
16.532744646072388,202,511,512,512
16.532744646072388,203,512,512,512
16.532744646072388,203,512,512,512
16.543049812316895,203,512,512,512
16.543049812316895,203,512,512,512
16.543049812316895,203,512,512,512
16.545520067214966,203,512,512,512
16.545770168304443,202,512,512,512
16.545770168304443,203,512,512,512
16.545770168304443,203,512,512,512
16.548611164093018,203,512,512,512
16.548611164093018,203,512,512,512
16.548611164093018,203,512,512,512
16.548611164093018,203,512,512,512
16.548611164093018,203,512,512,512
16.548611164093018,203,512,512,512
16.548611164093018,203,512,512,512
16.548611164093018,203,512,512,512
16.548611164093018,203,512,512,512
16.548611164093018,203,512,512,512
16.548611164093018,203,512,512,512
16.548611164093018,203,512,512,512
16.548611164093018,203,512,512,512
16.5597243309021,203,512,512,512
16.5597243309021,203,512,512,512
16.5597243309021,203,512,512,512
16.5597243309021,203,512,512,512
16.5597243309021,203,512,512,512
16.5597243309021,203,512,512,512
16.56515645980835,203,512,512,512
16.565406799316406,203,512,512,512
16.565406799316406,203,512,512,512
16.565406799316406,203,512,512,512
16.565406799316406,203,512,512,512
16.565406799316406,203,512,512,512
16.565406799316406,202,512,512,512
16.565406799316406,202,512,512,512
16.565406799316406,202,513,512,512
16.565406799316406,202,513,512,512
16.565406799316406,202,512,512,512
16.576236248016357,203,512,512,512
16.576236248016357,203,512,512,512
16.576236248016357,203,512,512,512
16.576236248016357,203,512,512,512
16.577661752700806,203,512,512,512
16.577661752700806,203,512,512,512
16.577661752700806,203,512,512,512
16.580129384994507,203,512,512,512
16.580129384994507,203,512,512,512
16.580129384994507,203,512,512,512
16.580129384994507,203,512,512,512
16.580129384994507,203,512,512,512
16.580129384994507,203,512,512,512
16.580129384994507,203,512,512,512
16.580129384994507,203,512,512,512
16.580129384994507,203,512,512,512
16.580129384994507,203,512,512,512
16.580129384994507,202,512,512,512
16.580129384994507,202,512,512,512
16.580129384994507,202,512,512,512
16.580129384994507,202,512,512,512
16.580129384994507,202,512,512,512
16.580129384994507,203,512,512,512
16.580129384994507,202,512,512,512
16.580129384994507,202,512,512,512
16.595802307128906,202,512,512,512
16.595802307128906,202,512,512,512
16.597384929656982,202,512,512,512
16.598083019256592,203,512,512,512
16.598083019256592,203,512,512,512
16.598083019256592,203,512,512,512
16.598083019256592,203,512,512,512
16.598083019256592,203,512,512,512
16.598083019256592,203,512,512,512
16.598083019256592,203,512,512,512
16.598083019256592,203,512,512,512
16.598083019256592,203,512,512,512
16.598083019256592,203,512,512,512
16.598083019256592,203,512,512,512
16.598083019256592,203,512,512,512
16.598083019256592,203,512,512,512
16.598083019256592,203,512,512,512
16.598083019256592,203,512,512,512
16.598083019256592,203,512,512,512
16.611709356307983,203,512,512,512
16.611709356307983,203,512,512,512
16.611709356307983,203,512,512,512
16.611709356307983,203,512,512,512
16.611709356307983,203,512,512,512
16.611709356307983,203,512,512,512
16.611709356307983,203,512,512,512
16.611709356307983,203,512,512,512
16.611709356307983,203,512,512,512
16.611709356307983,203,512,512,512
16.611709356307983,203,512,512,512
16.611709356307983,203,512,512,512
16.62194800376892,203,512,512,512
16.62194800376892,203,512,512,512
16.62194800376892,203,512,512,512
16.62194800376892,203,512,512,512
16.62194800376892,203,512,512,512
16.62194800376892,203,513,512,512
16.62194800376892,203,512,512,512
16.62760853767395,203,512,512,512
16.628660917282104,203,512,512,512
16.62956142425537,203,512,512,512
16.630581855773926,203,512,512,512
16.63138723373413,203,511,512,512
16.63138723373413,203,512,512,512
16.63138723373413,203,512,512,512
16.63138723373413,203,512,512,512
16.63138723373413,203,512,512,512
16.63138723373413,203,512,512,512
16.63589906692505,203,511,512,512
16.63589906692505,203,511,512,512
16.63589906692505,203,512,512,512
16.63589906692505,203,512,512,512
16.63589906692505,203,512,512,512
16.63589906692505,203,512,512,512
16.63589906692505,203,512,512,512
16.63589906692505,203,512,512,512
16.643116235733032,203,512,512,512
16.64342975616455,203,512,512,512
16.644939661026,203,512,512,512
16.644939661026,203,512,512,512
16.644939661026,203,512,512,512
16.647584915161133,203,512,512,512
16.647584915161133,203,511,512,512
16.647584915161133,203,511,512,512
16.647584915161133,203,511,512,512
16.647584915161133,203,511,512,512
16.651749849319458,203,512,512,512
16.652642488479614,203,511,512,512
16.652642488479614,203,512,512,512
16.652642488479614,203,512,512,512
16.652642488479614,203,512,512,512
16.652642488479614,203,512,512,512
16.652642488479614,203,512,512,512
16.652642488479614,203,512,512,512
16.652642488479614,203,512,512,512
16.658948183059692,203,512,512,512
16.66048812866211,203,512,512,512
16.66059899330139,203,512,512,512
16.66059899330139,203,512,512,512
16.66059899330139,203,512,512,512
16.66059899330139,203,512,512,512
16.66059899330139,203,512,512,512
16.66059899330139,203,511,512,512
16.66059899330139,203,511,512,512
16.66059899330139,203,511,512,512
16.66059899330139,203,511,512,512
16.668251991271973,203,511,512,512
16.668251991271973,203,511,512,512
16.668251991271973,203,512,512,512
16.668251991271973,203,512,512,512
16.668251991271973,203,512,512,512
16.668251991271973,203,512,512,512
16.668251991271973,203,512,512,512
16.668251991271973,203,512,512,512
16.675815105438232,203,512,512,512
16.675815105438232,203,512,512,512
16.675815105438232,203,512,512,512
16.675815105438232,203,512,512,512
16.675815105438232,203,512,512,512
16.675815105438232,203,512,512,512
16.675815105438232,203,512,512,512
16.675815105438232,203,512,512,512
16.675815105438232,203,512,512,512
16.675815105438232,203,511,512,512
16.68437099456787,203,512,512,512
16.685219287872314,203,512,512,512
16.686012029647827,203,512,512,512
16.686012029647827,203,512,512,512
16.686012029647827,203,512,512,512
16.686012029647827,203,512,512,512
16.686012029647827,203,511,512,512
16.686012029647827,203,511,512,512
16.686012029647827,203,512,512,512
16.686012029647827,203,512,512,512
16.686012029647827,203,512,512,512
16.686012029647827,203,512,512,512
16.686012029647827,203,512,512,512
16.686012029647827,203,512,512,512
16.686012029647827,203,512,512,512
16.686012029647827,203,512,512,512
16.686012029647827,203,512,512,512
16.686012029647827,203,512,512,512
16.686012029647827,203,512,512,512
16.700225353240967,203,512,512,512
16.700225353240967,203,511,512,512
16.700225353240967,203,512,512,512
16.700225353240967,203,512,512,512
16.700225353240967,203,511,512,512
16.700225353240967,203,511,512,512
16.700225353240967,203,512,512,512
16.700225353240967,203,512,512,512
16.700225353240967,203,512,512,512
16.700225353240967,203,512,512,512
16.700225353240967,203,512,512,512
16.700225353240967,203,512,512,512
16.700225353240967,203,512,512,512
16.700225353240967,203,512,512,512
16.700225353240967,203,512,512,512
16.700225353240967,203,512,512,512
16.700225353240967,203,512,512,512
16.700225353240967,203,512,512,512
16.71588444709778,203,511,512,512
16.71588444709778,203,511,512,512
16.717380046844482,203,512,512,512
16.718156337738037,203,512,512,512
16.718156337738037,203,512,512,512
16.718156337738037,203,512,512,512
16.718156337738037,203,512,512,512
16.718156337738037,203,511,512,512
16.721904754638672,203,511,512,512
16.721904754638672,203,512,512,512
16.721904754638672,203,511,512,512
16.721904754638672,203,511,512,512
16.721904754638672,203,511,512,512
16.721904754638672,203,511,512,512
16.721904754638672,203,511,512,512
16.721904754638672,203,512,512,512
16.721904754638672,203,512,512,512
16.721904754638672,203,512,512,512
16.721904754638672,202,512,512,512
16.731687784194946,202,512,512,512
16.731687784194946,203,512,512,512
16.731687784194946,203,512,512,512
16.731687784194946,203,511,512,512
16.731687784194946,203,512,512,512
16.731687784194946,203,512,512,512
16.731687784194946,203,512,512,512
16.731687784194946,203,512,512,512
16.731687784194946,203,512,512,512
16.731687784194946,203,512,512,512
16.731687784194946,203,512,512,512
16.731687784194946,203,512,512,512
16.731687784194946,203,512,512,512
16.731687784194946,203,512,512,512
16.731687784194946,203,512,512,512
16.731687784194946,203,512,512,512
16.731687784194946,203,512,512,512
16.731687784194946,203,512,512,512
16.731687784194946,203,512,512,512
16.747445821762085,203,512,512,512
16.749009609222412,203,512,512,512
16.749781131744385,203,512,512,512
16.749781131744385,203,512,512,512
16.749781131744385,203,512,512,512
16.749781131744385,203,512,512,512
16.749781131744385,203,512,512,512
16.749781131744385,203,512,512,512
16.749781131744385,203,512,512,512
16.749781131744385,203,512,512,512
16.749781131744385,203,512,512,512
16.749781131744385,203,512,512,512
16.749781131744385,203,512,512,512
16.749781131744385,203,512,512,512
16.749781131744385,203,512,512,512
16.749781131744385,203,512,512,512
16.749781131744385,203,511,512,512
16.749781131744385,203,511,512,512
16.76334023475647,203,511,512,512
16.76334023475647,203,511,512,512
16.76334023475647,203,511,512,512
16.76334023475647,203,511,512,512
16.76334023475647,203,511,512,512
16.76334023475647,203,511,512,512
16.76334023475647,203,511,512,512
16.76334023475647,203,512,512,512
16.76334023475647,203,512,512,512
16.76334023475647,203,512,512,512
16.76334023475647,203,512,512,512
16.76334023475647,203,512,512,512
16.76334023475647,203,512,512,512
16.76334023475647,203,512,512,512
16.76334023475647,203,512,512,512
16.76334023475647,203,512,512,512
16.76334023475647,203,512,512,512
16.76334023475647,203,512,512,512
16.76334023475647,203,512,512,512
16.779165029525757,203,512,512,512
16.779165029525757,203,512,512,512
16.779165029525757,203,512,512,512
16.779165029525757,203,512,512,512
16.779165029525757,203,512,512,512
16.779165029525757,203,512,512,512
16.779165029525757,203,512,512,512
16.779165029525757,203,512,512,512
16.779165029525757,203,511,512,512
16.779165029525757,203,511,512,512
16.779165029525757,203,512,512,512
16.779165029525757,203,512,512,512
16.779165029525757,203,512,512,512
16.779165029525757,203,512,512,512
16.779165029525757,203,512,512,512
16.779165029525757,203,512,512,512
16.779165029525757,203,512,512,512
16.779165029525757,203,512,512,512
16.79498529434204,203,512,512,512
16.795733213424683,203,512,512,512
16.796501636505127,203,512,512,512
16.79751753807068,203,512,512,512
16.79751753807068,203,512,512,512
16.79751753807068,203,512,512,512
16.79751753807068,203,512,512,512
16.79751753807068,203,512,512,512
16.79751753807068,203,512,512,512
16.79751753807068,203,512,512,512
16.80315327644348,203,512,512,512
16.80315327644348,203,512,512,512
16.80315327644348,202,512,512,512
16.80315327644348,203,512,512,512
16.80315327644348,203,512,512,512
16.80315327644348,203,512,512,512
16.80315327644348,203,512,512,512
16.80315327644348,203,512,512,512
16.80924391746521,203,512,512,512
16.80924391746521,203,512,512,512
16.811554431915283,203,512,512,512
16.811554431915283,203,512,512,512
16.811554431915283,203,512,512,512
16.811554431915283,203,512,512,512
16.811554431915283,203,512,512,512
16.811554431915283,203,512,512,512
16.811554431915283,203,512,512,512
16.811554431915283,203,512,512,512
16.811554431915283,203,512,512,512
16.811554431915283,203,512,512,512
16.820477962493896,203,512,512,512
16.82097625732422,203,512,512,512
16.822016954421997,203,512,512,512
16.822016954421997,203,512,512,512
16.822016954421997,203,512,512,512
16.822016954421997,203,512,512,512
16.822016954421997,203,512,512,512
16.82584857940674,203,512,512,512
16.82584857940674,203,512,512,512
16.82584857940674,203,512,512,512
16.82584857940674,203,512,512,512
16.82584857940674,203,512,512,512
16.82584857940674,203,512,512,512
16.82584857940674,203,511,512,512
16.82584857940674,203,512,512,512
16.82584857940674,203,512,512,512
16.82584857940674,203,512,512,512
16.82584857940674,203,512,512,512
16.835536241531372,203,511,512,512
16.835536241531372,203,511,512,512
16.835536241531372,203,511,512,512
16.835536241531372,203,511,512,512
16.835536241531372,203,512,512,512
16.835536241531372,203,512,512,512
16.835536241531372,203,512,512,512
16.835536241531372,203,512,512,512
16.835536241531372,203,512,512,512
16.835536241531372,203,512,512,512
16.835536241531372,203,512,512,512
16.835536241531372,203,512,512,512
16.835536241531372,203,512,512,512
16.835536241531372,203,512,512,512
16.835536241531372,203,512,512,512
16.835536241531372,203,512,512,512
16.835536241531372,203,512,512,512
16.835536241531372,203,512,512,512
16.835536241531372,203,512,512,512
16.85128140449524,203,512,512,512
16.85128140449524,203,512,512,512
16.85128140449524,203,511,512,512
16.85128140449524,203,512,512,512
16.85128140449524,203,512,512,512
16.85128140449524,203,512,512,512
16.85128140449524,203,512,512,512
16.85128140449524,203,512,512,512
16.85128140449524,203,512,512,512
16.85128140449524,203,512,512,512
16.85128140449524,203,512,512,512
16.85128140449524,203,512,512,512
16.85128140449524,203,512,512,512
16.85128140449524,203,512,512,512
16.85128140449524,203,512,512,512
16.85128140449524,203,512,512,512
16.85128140449524,203,511,512,512
16.85128140449524,203,511,512,512
16.85128140449524,203,512,512,512
16.867383241653442,203,512,512,512
16.868837118148804,203,512,512,512
16.868837118148804,203,512,512,512
16.868837118148804,203,512,512,512
16.868837118148804,203,512,512,512
16.868837118148804,203,512,512,512
16.868837118148804,203,512,512,512
16.868837118148804,203,512,512,512
16.868837118148804,203,512,512,512
16.868837118148804,203,512,512,512
16.868837118148804,203,512,512,512
16.868837118148804,203,512,512,512
16.868837118148804,203,512,512,512
16.868837118148804,203,512,512,512
16.868837118148804,203,511,512,512
16.868837118148804,203,511,512,512
16.868837118148804,203,512,512,512
16.868837118148804,203,512,512,512
16.883272409439087,203,512,512,512
16.883272409439087,203,512,512,512
16.883272409439087,203,512,512,512
16.883272409439087,203,512,512,512
16.883272409439087,203,511,512,512
16.883272409439087,203,512,512,512
16.883272409439087,203,512,512,512
16.883272409439087,203,512,512,512
16.883272409439087,203,512,512,512
16.883272409439087,203,512,512,512
16.883272409439087,203,512,512,512
16.883272409439087,203,512,512,512
16.883272409439087,203,512,512,512
16.883272409439087,203,512,512,512
16.883272409439087,203,512,512,512
16.883272409439087,203,512,512,512
16.883272409439087,203,512,512,512
16.883272409439087,203,512,512,512
16.883272409439087,203,511,512,512
16.899083137512207,203,512,512,512
16.899083137512207,203,512,512,512
16.899083137512207,203,512,512,512
16.899083137512207,203,512,512,512
16.899083137512207,202,512,512,512
16.899083137512207,202,512,512,512
16.899083137512207,202,512,512,512
16.899083137512207,202,512,512,512
16.899083137512207,202,512,512,512
16.899083137512207,203,512,512,512
16.899083137512207,203,512,512,512
16.899083137512207,203,512,512,512
16.899083137512207,203,512,512,512
16.899083137512207,203,511,512,512
16.899083137512207,203,512,512,512
16.899083137512207,203,512,512,512
16.899083137512207,203,512,512,512
16.899083137512207,203,512,512,512
16.91492748260498,203,511,512,512
16.915692567825317,203,511,512,512
16.91642999649048,203,511,512,512
16.91694688796997,203,511,512,512
16.91694688796997,203,512,512,512
16.91694688796997,203,511,512,512
16.91694688796997,203,511,512,512
16.91694688796997,203,511,512,512
16.91694688796997,203,511,512,512
16.92207670211792,203,511,512,512
16.92207670211792,203,512,512,512
16.92207670211792,203,512,512,512
16.92207670211792,203,512,512,512
16.92207670211792,203,512,512,512
16.92207670211792,203,512,512,512
16.92207670211792,203,512,512,512
16.92207670211792,203,512,512,512
16.92207670211792,203,512,512,512
16.92207670211792,203,512,512,512
16.93073844909668,203,512,512,512
16.93073844909668,203,512,512,512
16.93073844909668,203,512,512,512
16.93073844909668,203,512,512,512
16.93073844909668,203,512,512,512
16.93073844909668,203,512,512,512
16.93073844909668,203,512,512,512
16.93073844909668,203,512,512,512
16.93073844909668,203,512,512,512
16.93073844909668,203,512,512,512
16.93073844909668,203,512,512,512
16.93073844909668,203,512,512,512
16.93073844909668,203,512,512,512
16.93073844909668,203,512,512,512
16.93073844909668,203,512,512,512
16.93073844909668,203,512,512,512
16.93073844909668,203,512,512,512
16.93073844909668,203,512,512,512
16.93073844909668,203,512,512,512
16.947052717208862,203,512,512,512
16.94809889793396,203,512,512,512
16.94809889793396,203,512,512,512
16.94809889793396,203,512,512,512
16.94809889793396,203,511,512,512
16.94809889793396,203,511,512,512
16.94809889793396,203,511,512,512
16.94809889793396,203,511,512,512
16.94809889793396,203,512,512,512
16.94809889793396,203,512,512,512
16.94809889793396,203,512,512,512
16.94809889793396,203,512,512,512
16.94809889793396,203,512,512,512
16.94809889793396,203,512,512,512
16.94809889793396,203,512,512,512
16.94809889793396,203,512,512,512
16.94809889793396,203,512,512,512
16.94809889793396,203,512,512,512
16.94809889793396,203,512,512,512
16.962587594985962,203,512,512,512
16.962587594985962,203,512,512,512
16.962587594985962,203,512,512,512
16.962587594985962,203,512,512,512
16.962587594985962,203,512,512,512
16.962587594985962,203,512,512,512
16.962587594985962,203,512,512,512
16.962587594985962,203,512,512,512
16.962587594985962,203,512,512,512
16.962587594985962,203,512,512,512
16.962587594985962,203,512,512,512
16.962587594985962,203,512,512,512
16.962587594985962,203,512,512,512
16.962587594985962,203,512,512,512
16.962587594985962,203,512,512,512
16.962587594985962,203,512,512,512
16.962587594985962,203,512,512,512
16.962587594985962,203,512,512,512
16.978435039520264,203,512,512,512
16.978435039520264,203,512,512,512
16.978435039520264,203,512,512,512
16.978435039520264,203,512,512,512
16.978435039520264,203,512,512,512
16.978435039520264,202,512,512,512
16.978435039520264,203,512,512,512
16.978435039520264,203,512,512,512
16.978435039520264,203,512,512,512
16.978435039520264,203,512,512,512
16.978435039520264,203,512,512,512
16.978435039520264,203,512,512,512
16.978435039520264,203,512,512,512
16.978435039520264,203,511,512,512
16.978435039520264,203,511,512,512
16.978435039520264,203,512,512,512
16.978435039520264,203,512,512,512
16.978435039520264,203,511,512,512
16.978435039520264,203,511,512,512
16.99437403678894,203,511,512,512
16.99437403678894,203,511,512,512
16.99437403678894,203,512,512,512
16.99437403678894,203,512,512,512
16.99437403678894,203,512,512,512
16.99437403678894,203,512,512,512
16.99437403678894,203,512,512,512
16.99437403678894,203,512,512,512
16.99437403678894,203,512,512,512
16.99437403678894,203,512,512,512
16.99437403678894,203,512,512,512
16.99437403678894,203,512,512,512
16.99437403678894,203,512,512,512
16.99437403678894,203,512,512,512
16.99437403678894,202,512,512,512
16.99437403678894,202,512,512,512
16.99437403678894,202,512,512,512
16.99437403678894,203,512,512,512
17.01018762588501,203,512,512,512
17.01018762588501,203,512,512,512
17.011737823486328,203,511,512,512
17.011737823486328,203,512,512,512
17.01314425468445,202,512,512,512
17.01314425468445,202,512,512,512
17.014708995819092,202,512,512,512
17.014708995819092,202,512,512,512
17.01625394821167,203,512,512,512
17.01785373687744,203,512,512,512
17.01785373687744,203,512,512,512
17.019533157348633,203,512,512,512
17.019533157348633,202,512,512,512
17.02113962173462,202,512,512,512
17.022175550460815,202,512,512,512
17.022822618484497,202,512,512,512
17.022822618484497,202,511,512,512
17.02698588371277,203,512,512,512
17.02698588371277,203,512,512,512
17.02698588371277,203,512,512,512
17.02749752998352,203,512,512,512
17.02749752998352,203,512,512,512
17.02749752998352,203,512,512,512
17.02928924560547,203,512,512,512
17.02928924560547,203,511,512,512
17.03086280822754,203,511,512,512
17.03245520591736,203,511,512,512
17.03245520591736,203,511,512,512
17.03245520591736,203,511,512,512
17.03404998779297,203,511,512,512
17.03560209274292,203,511,512,512
17.03560209274292,203,511,512,512
17.037230253219604,203,512,512,512
17.037230253219604,203,512,512,512
17.038817882537842,203,512,512,512
17.038817882537842,203,512,512,512
17.040493726730347,203,512,512,512
17.04211711883545,203,512,512,512
17.04211711883545,203,512,512,512
17.043190240859985,203,512,512,512
17.04381513595581,203,512,512,512
17.04381513595581,203,512,512,512
17.045393228530884,203,512,512,512
17.045393228530884,203,512,512,512
17.046963214874268,203,511,512,512
17.04853868484497,203,511,512,512
17.04853868484497,203,511,512,512
17.05029582977295,203,511,512,512
17.05029582977295,203,511,512,512
17.05029582977295,203,512,512,512
17.05029582977295,203,512,512,512
17.05029582977295,203,512,512,512
17.05029582977295,203,512,512,512
17.05029582977295,203,512,512,512
17.05029582977295,203,512,512,512
17.05029582977295,203,512,512,512
17.05029582977295,203,512,512,512
17.05845546722412,203,512,512,512
17.05845546722412,203,512,512,512
17.05845546722412,203,512,512,512
17.05845546722412,203,512,512,512
17.05845546722412,203,512,512,512
17.05845546722412,203,512,512,512
17.05845546722412,203,512,512,512
17.05845546722412,203,512,512,512
17.05845546722412,202,512,512,512
17.05845546722412,202,512,512,512
17.066482067108154,202,512,512,512
17.066482067108154,202,512,512,512
17.066482067108154,202,512,512,512
17.066482067108154,203,512,512,512
17.066482067108154,203,512,512,512
17.066482067108154,203,512,512,512
17.066482067108154,203,512,512,512
17.066482067108154,203,512,512,512
17.066482067108154,203,512,512,512
17.07638716697693,203,512,512,512
17.07638716697693,203,512,512,512
17.07638716697693,203,512,512,512
17.07638716697693,203,512,512,512
17.07638716697693,203,512,512,512
17.07638716697693,203,512,512,512
17.07638716697693,203,512,512,512
17.07638716697693,203,512,512,512
17.07638716697693,203,512,512,512
17.07638716697693,203,512,512,512
17.082534074783325,203,512,512,512
17.082534074783325,203,512,512,512
17.08454442024231,203,512,512,512
17.08454442024231,203,512,512,512
17.08454442024231,203,512,512,512
17.08454442024231,203,512,512,512
17.08454442024231,203,512,512,512
17.08454442024231,203,512,512,512
17.08454442024231,203,512,512,512
17.08454442024231,203,512,512,512
17.08454442024231,203,512,512,512
17.08454442024231,203,512,512,512
17.08454442024231,203,512,512,512
17.08454442024231,203,512,512,512
17.08454442024231,202,512,512,512
17.08454442024231,202,512,512,512
17.08454442024231,202,512,512,512
17.08454442024231,202,512,512,512
17.09828472137451,203,512,512,512
17.09828472137451,203,512,512,512
17.09828472137451,203,512,512,512
17.09828472137451,203,512,512,512
17.09828472137451,203,512,512,512
17.09828472137451,203,512,512,512
17.09828472137451,203,512,512,512
17.09828472137451,203,512,512,512
17.09828472137451,202,512,512,512
17.09828472137451,203,512,512,512
17.09828472137451,203,512,512,512
17.09828472137451,203,512,512,512
17.09828472137451,202,512,512,512
17.09828472137451,202,512,512,512
17.09828472137451,202,512,512,512
17.09828472137451,202,512,512,512
17.09828472137451,202,512,512,512
17.09828472137451,203,512,512,512
17.11413288116455,203,512,512,512
17.11413288116455,202,512,512,512
17.11413288116455,202,512,512,512
17.116150617599487,202,512,512,512
17.116150617599487,202,512,512,512
17.118050813674927,202,512,512,512
17.118642568588257,203,512,512,512
17.118642568588257,203,512,512,512
17.118642568588257,203,512,512,512
17.118642568588257,203,512,512,512
17.12252426147461,203,512,512,512
17.12252426147461,202,512,512,512
17.12252426147461,203,512,512,512
17.12252426147461,203,512,512,512
17.12252426147461,203,512,512,512
17.12252426147461,203,512,512,512
17.12252426147461,203,512,512,512
17.12252426147461,203,512,512,512
17.12252426147461,203,512,512,512
17.130046367645264,203,512,512,512
17.130720853805542,203,512,512,512
17.131573915481567,203,512,512,512
17.132068157196045,203,512,512,512
17.132068157196045,203,512,512,512
17.132068157196045,203,512,512,512
17.132068157196045,203,512,512,512
17.132068157196045,203,512,512,512
17.132068157196045,203,512,512,512
17.132068157196045,203,512,512,512
17.138386726379395,203,512,512,512
17.13931155204773,203,512,512,512
17.13931155204773,203,512,512,512
17.13931155204773,203,512,512,512
17.1429922580719,203,512,512,512
17.1429922580719,203,512,512,512
17.1429922580719,203,512,512,512
17.143717765808105,203,512,512,512
17.143717765808105,203,512,512,512
17.146213054656982,203,512,512,512
17.146213054656982,203,512,512,512
17.146213054656982,203,512,512,512
17.146213054656982,202,512,512,512
17.146213054656982,203,512,512,512
17.146213054656982,203,512,512,512
17.146213054656982,203,512,512,512
17.146213054656982,203,512,512,512
17.146213054656982,203,512,512,512
17.146213054656982,203,512,512,512
17.154588222503662,203,512,512,512
17.154588222503662,203,512,512,512
17.154588222503662,203,512,512,512
17.154588222503662,203,512,512,512
17.154588222503662,203,512,512,512
17.160017251968384,203,512,512,512
17.160017251968384,203,512,512,512
17.16072964668274,203,512,512,512
17.161599159240723,203,512,512,512
17.16227650642395,203,512,512,512
17.16227650642395,203,512,512,512
17.16227650642395,203,512,512,512
17.16227650642395,203,512,512,512
17.16227650642395,203,512,512,512
17.16227650642395,203,512,512,512
17.16227650642395,203,512,512,512
17.16227650642395,203,512,512,512
17.16227650642395,203,512,512,512
17.170318365097046,203,512,512,512
17.170318365097046,203,512,512,512
17.170318365097046,203,512,512,512
17.170318365097046,203,512,512,512
17.170318365097046,203,512,512,512
17.170318365097046,203,512,512,512
17.170318365097046,203,512,512,512
17.176512718200684,203,512,512,512
17.176512718200684,203,512,512,512
17.176512718200684,203,512,512,512
17.17832899093628,203,512,512,512
17.17832899093628,203,512,512,512
17.179964303970337,203,513,512,512
17.179964303970337,203,512,512,512
17.181543827056885,203,512,512,512
17.181543827056885,203,512,512,512
17.183101654052734,203,512,512,512
17.183101654052734,203,512,512,512
17.183101654052734,203,512,512,512
17.186439275741577,203,512,512,512
17.186439275741577,203,512,512,512
17.186439275741577,203,511,512,512
17.186439275741577,203,512,512,512
17.186439275741577,202,512,512,512
17.186439275741577,202,512,512,512
17.186439275741577,202,512,512,512
17.186439275741577,202,512,512,512
17.186439275741577,202,512,512,512
17.186439275741577,202,512,512,512
17.186439275741577,202,512,512,512
17.186439275741577,202,512,512,512
17.186439275741577,202,512,512,512
17.186439275741577,202,512,512,512
17.186439275741577,203,512,512,512
