time,pos,cur,cmd_pos,cmd_cur
0.0,302,496,512,512
0.0,303,497,512,512
0.001001119613647461,303,497,512,512
0.0020151138305664062,304,498,512,512
0.003003358840942383,305,498,512,512
0.0035669803619384766,305,498,512,512
0.0035669803619384766,306,498,512,512
0.0035669803619384766,306,499,512,512
0.0035669803619384766,308,499,512,512
0.0035669803619384766,308,499,512,512
0.0035669803619384766,309,499,512,512
0.0035669803619384766,310,499,512,512
0.0035669803619384766,312,499,512,512
0.010788679122924805,313,500,512,512
0.011931180953979492,315,500,512,512
0.012937784194946289,316,500,512,512
0.012937784194946289,319,500,512,512
0.013941764831542969,321,500,512,512
0.014941930770874023,324,501,512,512
0.015942096710205078,327,501,512,512
0.016954660415649414,329,501,512,512
0.017943382263183594,332,502,512,512
0.018943309783935547,334,502,512,512
0.018943309783935547,336,502,512,512
0.020942211151123047,338,503,512,512
0.020942211151123047,340,503,512,512
0.02194380760192871,343,503,512,512
0.02294445037841797,345,503,512,512
0.023944377899169922,348,503,512,512
0.024944543838500977,351,503,512,512
0.025957822799682617,354,502,512,512
0.026943683624267578,357,503,512,512
0.026943683624267578,360,503,512,512
0.02875232696533203,363,502,512,512
0.02951669692993164,367,502,512,512
0.02951669692993164,372,503,512,512
0.030525684356689453,375,502,512,512
0.0315248966217041,378,502,512,512
0.03252530097961426,381,503,512,512
0.03352546691894531,384,503,512,512
0.03452467918395996,386,503,512,512
0.035527944564819336,389,503,512,512
0.036527156829833984,392,503,512,512
0.03752470016479492,394,503,512,512
0.038524627685546875,395,503,512,512
0.03952527046203613,397,504,512,512
0.03952527046203613,398,504,512,512
0.040526628494262695,400,503,512,512
0.04152703285217285,401,503,512,512
0.04252791404724121,402,503,512,512
0.043527841567993164,403,503,512,512
0.044519901275634766,405,502,512,512
0.044519901275634766,406,502,512,512
0.044519901275634766,407,502,512,512
0.044519901275634766,408,502,512,512
0.044519901275634766,409,502,512,512
0.044519901275634766,410,501,512,512
0.044519901275634766,410,501,512,512
0.044519901275634766,410,502,512,512
0.044519901275634766,410,502,512,512
0.044519901275634766,409,502,512,512
0.044519901275634766,409,502,512,512
0.044519901275634766,407,502,512,512
0.044519901275634766,405,502,512,512
0.044519901275634766,404,502,512,512
0.044519901275634766,402,502,512,512
0.044519901275634766,399,502,512,512
0.044519901275634766,397,502,512,512
0.05935811996459961,395,502,512,512
0.060582876205444336,391,502,512,512
0.060582876205444336,389,501,512,512
0.06220579147338867,387,501,512,512
0.06220579147338867,385,501,512,512
0.06220579147338867,383,501,512,512
0.06220579147338867,382,500,512,512
0.06220579147338867,378,500,512,512
0.06220579147338867,376,501,512,512
0.06220579147338867,374,501,512,512
0.06220579147338867,370,501,512,512
0.06220579147338867,368,501,512,512
0.06220579147338867,365,501,512,512
0.06220579147338867,362,501,512,512
0.06220579147338867,360,501,512,512
0.06220579147338867,357,502,512,512
0.06220579147338867,354,502,512,512
0.06220579147338867,349,502,512,512
0.07519125938415527,346,502,512,512
0.07519125938415527,344,502,512,512
0.07519125938415527,341,502,512,512
0.07519125938415527,338,502,512,512
0.07519125938415527,336,502,512,512
0.07519125938415527,334,502,512,512
0.07519125938415527,331,502,512,512
0.07519125938415527,329,502,512,512
0.07519125938415527,327,502,512,512
0.07519125938415527,325,502,512,512
0.07519125938415527,324,502,512,512
0.07519125938415527,322,503,512,512
0.07519125938415527,321,502,512,512
0.07519125938415527,319,502,512,512
0.07519125938415527,317,503,512,512
0.07519125938415527,315,503,512,512
0.07519125938415527,314,503,512,512
0.07519125938415527,312,504,512,512
0.09091711044311523,311,504,512,512
0.09091711044311523,309,504,512,512
0.09091711044311523,308,505,512,512
0.09091711044311523,307,505,512,512
0.09091711044311523,306,505,512,512
0.09091711044311523,306,505,512,512
0.09091711044311523,305,505,512,512
0.09091711044311523,305,505,512,512
0.09091711044311523,305,505,512,512
0.09091711044311523,305,505,512,512
0.09091711044311523,306,505,512,512
0.09091711044311523,306,505,512,512
0.09091711044311523,306,506,512,512
0.09091711044311523,307,506,512,512
0.09091711044311523,308,506,512,512
0.09091711044311523,309,506,512,512
0.09091711044311523,310,507,512,512
0.09091711044311523,311,507,512,512
0.10670709609985352,312,507,512,512
0.10670709609985352,313,508,512,512
0.10670709609985352,314,508,512,512
0.10670709609985352,315,508,512,512
0.10670709609985352,316,508,512,512
0.10670709609985352,318,508,512,512
0.10670709609985352,319,508,512,512
0.10670709609985352,321,508,512,512
0.10670709609985352,322,508,512,512
0.10670709609985352,325,508,512,512
0.10670709609985352,327,509,512,512
0.10670709609985352,329,509,512,512
0.10670709609985352,331,509,512,512
0.10670709609985352,335,509,512,512
0.10670709609985352,338,509,512,512
0.10670709609985352,340,509,512,512
0.10670709609985352,342,509,512,512
0.10670709609985352,345,509,512,512
0.12239408493041992,347,509,512,512
0.12408447265625,350,510,512,512
0.12408447265625,352,510,512,512
0.12408447265625,355,509,512,512
0.12408447265625,358,510,512,512
0.12408447265625,361,510,512,512
0.12408447265625,363,509,512,512
0.1285414695739746,365,509,512,512
0.1285414695739746,367,509,512,512
0.1285414695739746,370,509,512,512
0.1285414695739746,373,509,512,512
0.1285414695739746,375,509,512,512
0.1285414695739746,377,509,512,512
0.1285414695739746,381,509,512,512
0.1285414695739746,383,509,512,512
0.1285414695739746,386,509,512,512
0.1285414695739746,388,508,512,512
0.1285414695739746,390,508,512,512
0.13822555541992188,392,509,512,512
0.13822555541992188,393,509,512,512
0.13822555541992188,396,508,512,512
0.13822555541992188,397,508,512,512
0.13822555541992188,398,508,512,512
0.13822555541992188,399,508,512,512
0.13822555541992188,399,508,512,512
0.13822555541992188,400,508,512,512
0.13822555541992188,400,508,512,512
0.13822555541992188,400,508,512,512
0.13822555541992188,400,507,512,512
0.13822555541992188,400,507,512,512
0.13822555541992188,400,507,512,512
0.13822555541992188,400,507,512,512
0.13822555541992188,400,507,512,512
0.13822555541992188,400,507,512,512
0.13822555541992188,399,506,512,512
0.13822555541992188,399,506,512,512
0.15417933464050293,398,506,512,512
0.15529251098632812,397,506,512,512
0.15529251098632812,396,506,512,512
0.15529251098632812,394,506,512,512
0.15529251098632812,393,506,512,512
0.15529251098632812,391,506,512,512
0.15529251098632812,389,506,512,512
0.15529251098632812,387,506,512,512
0.15529251098632812,385,506,512,512
0.15529251098632812,382,506,512,512
0.15529251098632812,379,506,512,512
0.15529251098632812,378,506,512,512
0.15529251098632812,374,505,512,512
0.15529251098632812,373,505,512,512
0.15529251098632812,369,505,512,512
0.15529251098632812,367,505,512,512
0.15529251098632812,364,505,512,512
0.15529251098632812,362,505,512,512
0.17026567459106445,359,505,512,512
0.17180395126342773,357,505,512,512
0.17180395126342773,355,505,512,512
0.17180395126342773,352,505,512,512
0.17180395126342773,350,505,512,512
0.17180395126342773,348,505,512,512
0.17180395126342773,346,505,512,512
0.17180395126342773,343,505,512,512
0.17180395126342773,341,505,512,512
0.17180395126342773,338,506,512,512
0.17180395126342773,336,506,512,512
0.17180395126342773,334,506,512,512
0.17180395126342773,332,506,512,512
0.17180395126342773,329,506,512,512
0.17180395126342773,328,506,512,512
0.17180395126342773,326,506,512,512
0.17180395126342773,324,506,512,512
0.17180395126342773,322,506,512,512
0.18593192100524902,320,506,512,512
0.18593192100524902,319,506,512,512
0.18593192100524902,318,506,512,512
0.18593192100524902,317,506,512,512
0.18593192100524902,316,506,512,512
0.18593192100524902,316,507,512,512
0.18593192100524902,315,507,512,512
0.18593192100524902,314,507,512,512
0.18593192100524902,313,508,512,512
0.18593192100524902,313,508,512,512
0.18593192100524902,312,508,512,512
0.18593192100524902,312,508,512,512
0.18593192100524902,311,508,512,512
0.18593192100524902,311,508,512,512
0.18593192100524902,311,508,512,512
0.18593192100524902,311,509,512,512
0.18593192100524902,311,509,512,512
0.18593192100524902,311,509,512,512
0.20169544219970703,312,509,512,512
0.20169544219970703,312,509,512,512
0.20169544219970703,313,509,512,512
0.20169544219970703,313,509,512,512
0.20169544219970703,315,509,512,512
0.20169544219970703,316,509,512,512
0.20169544219970703,317,509,512,512
0.20169544219970703,319,509,512,512
0.20169544219970703,320,509,512,512
0.20169544219970703,322,509,512,512
0.20169544219970703,323,509,512,512
0.20169544219970703,324,510,512,512
0.20169544219970703,326,511,512,512
0.20169544219970703,328,511,512,512
0.20169544219970703,329,511,512,512
0.20169544219970703,331,511,512,512
0.20169544219970703,333,511,512,512
0.20169544219970703,335,511,512,512
0.21769952774047852,337,511,512,512
0.21769952774047852,339,511,512,512
0.21769952774047852,341,511,512,512
0.21769952774047852,342,511,512,512
0.21769952774047852,346,511,512,512
0.21769952774047852,348,511,512,512
0.21769952774047852,350,511,512,512
0.21769952774047852,353,511,512,512
0.21769952774047852,355,510,512,512
0.21769952774047852,358,510,512,512
0.21769952774047852,360,511,512,512
0.21769952774047852,363,511,512,512
0.22855377197265625,365,511,512,512
0.22855377197265625,367,511,512,512
0.22855377197265625,370,511,512,512
0.22855377197265625,371,511,512,512
0.22855377197265625,373,511,512,512
0.22855377197265625,376,511,512,512
0.23358535766601562,377,511,512,512
0.2348008155822754,379,510,512,512
0.2358236312866211,381,511,512,512
0.23659133911132812,382,511,512,512
0.23659133911132812,384,510,512,512
0.2386019229888916,386,510,512,512
0.2386019229888916,387,510,512,512
0.2386019229888916,389,509,512,512
0.2386019229888916,390,509,512,512
0.2386019229888916,391,509,512,512
0.2386019229888916,392,509,512,512
0.2386019229888916,393,509,512,512
0.2386019229888916,394,509,512,512
0.2386019229888916,395,509,512,512
0.2386019229888916,395,509,512,512
0.2386019229888916,395,509,512,512
0.2386019229888916,395,509,512,512
0.2386019229888916,395,509,512,512
0.24935197830200195,395,508,512,512
0.24935197830200195,394,508,512,512
0.24935197830200195,393,508,512,512
0.24935197830200195,392,508,512,512
0.25377893447875977,391,508,512,512
0.2545602321624756,390,508,512,512
0.2545602321624756,389,508,512,512
0.2545602321624756,388,507,512,512
0.2545602321624756,387,507,512,512
0.2545602321624756,385,507,512,512
0.2545602321624756,384,507,512,512
0.2545602321624756,383,507,512,512
0.2545602321624756,381,507,512,512
0.2545602321624756,380,507,512,512
0.2545602321624756,378,506,512,512
0.2545602321624756,376,507,512,512
0.2545602321624756,374,507,512,512
0.2651100158691406,372,507,512,512
0.2651100158691406,370,507,512,512
0.2651100158691406,368,507,512,512
0.2651100158691406,366,507,512,512
0.2651100158691406,362,506,512,512
0.2651100158691406,360,507,512,512
0.2651100158691406,358,506,512,512
0.2651100158691406,355,506,512,512
0.2651100158691406,353,507,512,512
0.2651100158691406,351,507,512,512
0.2651100158691406,349,506,512,512
0.2651100158691406,347,506,512,512
0.2651100158691406,345,506,512,512
0.2651100158691406,343,506,512,512
0.2651100158691406,341,506,512,512
0.2651100158691406,340,507,512,512
0.2651100158691406,337,507,512,512
0.2651100158691406,336,507,512,512
0.2808856964111328,334,506,512,512
0.2817575931549072,333,507,512,512
0.28203511238098145,330,507,512,512
0.28203511238098145,329,507,512,512
0.28203511238098145,328,507,512,512
0.28203511238098145,326,508,512,512
0.28203511238098145,325,507,512,512
0.28203511238098145,323,507,512,512
0.28203511238098145,322,507,512,512
0.28203511238098145,321,507,512,512
0.28203511238098145,320,507,512,512
0.28203511238098145,318,507,512,512
0.28203511238098145,318,508,512,512
0.28203511238098145,317,507,512,512
0.28203511238098145,317,508,512,512
0.28203511238098145,316,508,512,512
0.28203511238098145,316,508,512,512
0.28203511238098145,316,508,512,512
0.2967376708984375,316,509,512,512
0.2967376708984375,316,509,512,512
0.2967376708984375,316,509,512,512
0.2967376708984375,316,509,512,512
0.2967376708984375,316,509,512,512
0.2967376708984375,316,509,512,512
0.2967376708984375,317,510,512,512
0.2967376708984375,317,510,512,512
0.2967376708984375,318,510,512,512
0.2967376708984375,319,510,512,512
0.2967376708984375,319,510,512,512
0.2967376708984375,320,510,512,512
0.2967376708984375,321,510,512,512
0.2967376708984375,323,510,512,512
0.2967376708984375,324,510,512,512
0.2967376708984375,325,510,512,512
0.2967376708984375,326,510,512,512
0.2967376708984375,327,510,512,512
0.31239771842956543,329,511,512,512
0.3135206699371338,331,511,512,512
0.31406497955322266,333,511,512,512
0.31406497955322266,335,511,512,512
0.31406497955322266,336,511,512,512
0.31406497955322266,338,511,512,512
0.31406497955322266,340,511,512,512
0.31406497955322266,342,511,512,512
0.31406497955322266,343,511,512,512
0.31406497955322266,346,511,512,512
0.31406497955322266,347,511,512,512
0.31406497955322266,349,511,512,512
0.31406497955322266,351,511,512,512
0.31406497955322266,353,511,512,512
0.31406497955322266,354,511,512,512
0.31406497955322266,357,511,512,512
0.31406497955322266,359,511,512,512
0.31406497955322266,361,511,512,512
0.32859015464782715,364,511,512,512
0.32859015464782715,366,510,512,512
0.32859015464782715,367,510,512,512
0.32859015464782715,369,510,512,512
0.32859015464782715,371,510,512,512
0.32859015464782715,373,510,512,512
0.32859015464782715,375,511,512,512
0.32859015464782715,377,511,512,512
0.32859015464782715,378,510,512,512
0.32859015464782715,380,510,512,512
0.32859015464782715,381,510,512,512
0.32859015464782715,382,510,512,512
0.32859015464782715,383,510,512,512
0.32859015464782715,384,510,512,512
0.32859015464782715,385,510,512,512
0.32859015464782715,386,510,512,512
0.32859015464782715,387,509,512,512
0.32859015464782715,388,509,512,512
0.3443477153778076,388,509,512,512
0.3443477153778076,388,509,512,512
0.3443477153778076,389,509,512,512
0.3443477153778076,389,509,512,512
0.3443477153778076,389,509,512,512
0.3443477153778076,389,509,512,512
0.3443477153778076,389,508,512,512
0.3443477153778076,389,508,512,512
0.3443477153778076,388,508,512,512
0.3443477153778076,388,508,512,512
0.3443477153778076,387,508,512,512
0.3443477153778076,386,508,512,512
0.3443477153778076,385,508,512,512
0.3443477153778076,383,508,512,512
0.3443477153778076,382,508,512,512
0.3443477153778076,381,508,512,512
0.3443477153778076,379,508,512,512
0.3443477153778076,377,507,512,512
0.36001133918762207,376,507,512,512
0.36001133918762207,374,507,512,512
0.3618762493133545,373,507,512,512
0.36297082901000977,371,507,512,512
0.36297082901000977,370,507,512,512
0.36496663093566895,368,507,512,512
0.36496663093566895,367,507,512,512
0.3659687042236328,364,507,512,512
0.36696887016296387,362,507,512,512
0.3679690361022949,360,507,512,512
0.3689687252044678,359,507,512,512
0.3699684143066406,357,507,512,512
0.3709678649902344,355,506,512,512
0.3709678649902344,354,506,512,512
0.37196779251098633,350,506,512,512
0.3729677200317383,348,507,512,512
0.37396764755249023,346,507,512,512
0.3749678134918213,345,507,512,512
0.3755033016204834,343,507,512,512
0.3765218257904053,342,507,512,512
0.37830352783203125,340,507,512,512
0.3785440921783447,338,507,512,512
0.3795509338378906,336,507,512,512
0.3805501461029053,335,507,512,512
0.38155031204223633,333,507,512,512
0.38155031204223633,332,507,512,512
0.38355112075805664,331,507,512,512
0.38355112075805664,330,507,512,512
0.3845517635345459,329,508,512,512
0.38555216789245605,327,508,512,512
0.3865530490875244,326,508,512,512
0.38755321502685547,325,508,512,512
0.38855409622192383,324,508,512,512
0.3895561695098877,323,508,512,512
0.3895561695098877,322,508,512,512
0.39055585861206055,322,508,512,512
0.3915565013885498,321,508,512,512
0.39255619049072266,321,508,512,512
0.3935573101043701,320,509,512,512
0.3943917751312256,320,509,512,512
0.3955845832824707,319,509,512,512
0.39608311653137207,319,509,512,512
0.39608311653137207,319,509,512,512
0.39608311653137207,319,509,512,512
0.39608311653137207,319,509,512,512
0.39608311653137207,320,509,512,512
0.39608311653137207,320,509,512,512
0.39608311653137207,321,509,512,512
0.39608311653137207,321,509,512,512
0.39608311653137207,322,510,512,512
0.39608311653137207,322,510,512,512
0.39608311653137207,323,510,512,512
0.39608311653137207,324,510,512,512
0.39608311653137207,325,510,512,512
0.39608311653137207,326,510,512,512
0.39608311653137207,327,510,512,512
0.40934252738952637,328,510,512,512
0.40934252738952637,329,510,512,512
0.40934252738952637,331,510,512,512
0.40934252738952637,331,511,512,512
0.40934252738952637,333,511,512,512
0.40934252738952637,335,511,512,512
0.40934252738952637,336,511,512,512
0.40934252738952637,337,511,512,512
0.40934252738952637,340,511,512,512
0.40934252738952637,341,511,512,512
0.40934252738952637,343,511,512,512
0.40934252738952637,345,511,512,512
0.40934252738952637,346,511,512,512
0.40934252738952637,348,511,512,512
0.40934252738952637,349,511,512,512
0.40934252738952637,352,511,512,512
0.40934252738952637,353,511,512,512
0.40934252738952637,355,511,512,512
0.4253997802734375,357,511,512,512
0.4253997802734375,359,511,512,512
0.4253997802734375,360,511,512,512
0.4253997802734375,362,511,512,512
0.42888689041137695,364,511,512,512
0.42888689041137695,366,511,512,512
0.42888689041137695,367,511,512,512
0.42888689041137695,369,511,512,512
0.42888689041137695,371,510,512,512
0.42888689041137695,372,510,512,512
0.42888689041137695,374,510,512,512
0.42888689041137695,375,510,512,512
0.42888689041137695,376,510,512,512
0.42888689041137695,378,510,512,512
0.42888689041137695,379,510,512,512
0.42888689041137695,380,510,512,512
0.42888689041137695,381,510,512,512
0.42888689041137695,382,510,512,512
0.4411616325378418,382,510,512,512
0.4411616325378418,383,510,512,512
0.4411616325378418,383,510,512,512
0.4411616325378418,384,510,512,512
0.4411616325378418,384,509,512,512
0.4411616325378418,384,509,512,512
0.4411616325378418,384,509,512,512
0.4411616325378418,384,509,512,512
0.4411616325378418,384,508,512,512
0.4411616325378418,384,508,512,512
0.4411616325378418,383,508,512,512
0.4411616325378418,383,507,512,512
0.4411616325378418,383,507,512,512
0.4411616325378418,382,507,512,512
0.4411616325378418,382,508,512,512
0.4411616325378418,381,508,512,512
0.4411616325378418,379,508,512,512
0.4411616325378418,379,508,512,512
0.45684027671813965,378,508,512,512
0.4580695629119873,376,508,512,512
0.458528995513916,375,507,512,512
0.458528995513916,374,507,512,512
0.458528995513916,372,507,512,512
0.458528995513916,371,507,512,512
0.458528995513916,369,507,512,512
0.458528995513916,368,507,512,512
0.458528995513916,366,507,512,512
0.458528995513916,365,507,512,512
0.458528995513916,363,507,512,512
0.458528995513916,361,507,512,512
0.458528995513916,360,507,512,512
0.458528995513916,357,507,512,512
0.458528995513916,356,507,512,512
0.458528995513916,354,507,512,512
0.458528995513916,352,507,512,512
0.458528995513916,350,507,512,512
0.4726290702819824,349,507,512,512
0.4726290702819824,347,507,512,512
0.4726290702819824,346,507,512,512
0.4726290702819824,344,507,512,512
0.4726290702819824,342,507,512,512
0.4726290702819824,341,507,512,512
0.4726290702819824,339,508,512,512
0.4726290702819824,338,507,512,512
0.4726290702819824,337,507,512,512
0.4726290702819824,336,507,512,512
0.4726290702819824,334,508,512,512
0.4726290702819824,333,507,512,512
0.4726290702819824,332,508,512,512
0.4726290702819824,331,508,512,512
0.4726290702819824,330,508,512,512
0.4726290702819824,329,508,512,512
0.4726290702819824,328,508,512,512
0.4726290702819824,327,507,512,512
0.4884183406829834,326,507,512,512
0.49000000953674316,326,508,512,512
0.49000000953674316,325,508,512,512
0.49000000953674316,325,508,512,512
0.49000000953674316,324,508,512,512
0.49000000953674316,324,508,512,512
0.49000000953674316,324,508,512,512
0.49000000953674316,323,508,512,512
0.49000000953674316,323,509,512,512
0.49000000953674316,323,509,512,512
0.49000000953674316,323,509,512,512
0.49000000953674316,324,509,512,512
0.49000000953674316,324,509,512,512
0.49000000953674316,324,509,512,512
0.49000000953674316,325,509,512,512
0.49000000953674316,325,509,512,512
0.49000000953674316,325,510,512,512
0.49000000953674316,326,509,512,512
0.5042948722839355,327,509,512,512
0.5042948722839355,328,509,512,512
0.5063126087188721,329,509,512,512
0.5078413486480713,330,509,512,512
0.5080909729003906,331,510,512,512
0.5080909729003906,332,510,512,512
0.5080909729003906,333,510,512,512
0.5080909729003906,334,510,512,512
0.5080909729003906,335,510,512,512
0.5080909729003906,337,510,512,512
0.5080909729003906,338,510,512,512
0.5080909729003906,339,511,512,512
0.5080909729003906,341,511,512,512
0.5080909729003906,342,511,512,512
0.5080909729003906,343,511,512,512
0.5080909729003906,345,511,512,512
0.5080909729003906,346,510,512,512
0.5080909729003906,347,510,512,512
0.5201380252838135,349,510,512,512
0.5222594738006592,351,511,512,512
0.5222594738006592,352,510,512,512
0.5222594738006592,354,510,512,512
0.5275037288665771,356,511,512,512
0.5275037288665771,357,510,512,512
0.5280964374542236,359,510,512,512
0.5280964374542236,360,511,512,512
0.5280964374542236,362,510,512,512
0.5293457508087158,364,510,512,512
0.5293457508087158,365,510,512,512
0.53035569190979,367,510,512,512
0.5313541889190674,368,510,512,512
0.5323531627655029,369,510,512,512
0.5323531627655029,370,510,512,512
0.5333545207977295,371,510,512,512
0.5343539714813232,373,510,512,512
0.5353522300720215,373,510,512,512
0.5363538265228271,374,510,512,512
0.5373547077178955,376,509,512,512
0.5384221076965332,376,509,512,512
0.539353609085083,378,509,512,512
0.5403525829315186,378,509,512,512
0.5407772064208984,379,509,512,512
0.5417802333831787,379,509,512,512
0.5427803993225098,380,509,512,512
0.5437805652618408,380,509,512,512
0.5441813468933105,380,509,512,512
0.5452978610992432,381,509,512,512
0.5462989807128906,381,509,512,512
0.5472977161407471,380,509,512,512
0.5483102798461914,380,509,512,512
0.5483102798461914,380,509,512,512
0.5492987632751465,379,508,512,512
0.5502984523773193,379,508,512,512
0.5513100624084473,378,508,512,512
0.5522992610931396,378,508,512,512
0.5532991886138916,377,508,512,512
0.5542993545532227,376,508,512,512
0.5552997589111328,375,508,512,512
0.5563099384307861,374,508,512,512
0.5563099384307861,373,508,512,512
0.5580625534057617,373,508,512,512
0.5580625534057617,371,507,512,512
0.5590686798095703,370,507,512,512
0.5607683658599854,369,507,512,512
0.5607683658599854,368,507,512,512
0.5607683658599854,367,507,512,512
0.5607683658599854,365,507,512,512
0.5607683658599854,364,507,512,512
0.5607683658599854,363,507,512,512
0.5607683658599854,361,507,512,512
0.5607683658599854,359,507,512,512
0.5607683658599854,358,507,512,512
0.5607683658599854,356,507,512,512
0.5607683658599854,355,507,512,512
0.5607683658599854,353,507,512,512
0.5607683658599854,352,507,512,512
0.5607683658599854,350,507,512,512
0.5607683658599854,348,507,512,512
0.5607683658599854,347,507,512,512
0.5607683658599854,346,507,512,512
0.5607683658599854,344,507,512,512
0.5757606029510498,343,507,512,512
0.5757606029510498,342,507,512,512
0.5757606029510498,340,507,512,512
0.5757606029510498,339,507,512,512
0.5757606029510498,338,507,512,512
0.5757606029510498,337,507,512,512
0.5757606029510498,336,508,512,512
0.5757606029510498,335,508,512,512
0.5757606029510498,334,508,512,512
0.5757606029510498,333,508,512,512
0.5757606029510498,333,508,512,512
0.5757606029510498,331,508,512,512
0.5757606029510498,330,508,512,512
0.5757606029510498,330,508,512,512
0.5757606029510498,329,508,512,512
0.5757606029510498,328,508,512,512
0.5757606029510498,328,508,512,512
0.5914068222045898,328,508,512,512
0.5914068222045898,327,508,512,512
0.5914068222045898,327,508,512,512
0.5914068222045898,327,509,512,512
0.5914068222045898,327,509,512,512
0.5914068222045898,327,509,512,512
0.5914068222045898,327,509,512,512
0.5914068222045898,327,509,512,512
0.5914068222045898,327,509,512,512
0.5914068222045898,327,509,512,512
0.5914068222045898,328,509,512,512
0.5914068222045898,328,509,512,512
0.5914068222045898,329,509,512,512
0.5914068222045898,329,509,512,512
0.5914068222045898,330,509,512,512
0.5914068222045898,331,510,512,512
0.5914068222045898,331,510,512,512
0.5914068222045898,332,510,512,512
0.6071903705596924,333,510,512,512
0.6071903705596924,334,510,512,512
0.6071903705596924,335,510,512,512
0.6071903705596924,335,509,512,512
0.6071903705596924,337,509,512,512
0.6071903705596924,338,509,512,512
0.6071903705596924,339,509,512,512
0.6071903705596924,340,509,512,512
0.6071903705596924,341,509,512,512
0.6071903705596924,343,510,512,512
0.6071903705596924,344,510,512,512
0.6071903705596924,345,510,512,512
0.6071903705596924,346,511,512,512
0.6071903705596924,348,511,512,512
0.6071903705596924,349,510,512,512
0.6071903705596924,351,510,512,512
0.6071903705596924,352,510,512,512
0.6071903705596924,353,510,512,512
0.6230323314666748,354,510,512,512
0.6230323314666748,356,510,512,512
0.6230323314666748,357,510,512,512
0.6230323314666748,358,510,512,512
0.6230323314666748,361,510,512,512
0.6230323314666748,362,510,512,512
0.6230323314666748,363,510,512,512
0.6230323314666748,365,510,512,512
0.6295628547668457,366,510,512,512
0.6295628547668457,367,510,512,512
0.6295628547668457,368,510,512,512
0.6295628547668457,369,510,512,512
0.6295628547668457,370,509,512,512
0.6295628547668457,371,509,512,512
0.6295628547668457,372,510,512,512
0.6295628547668457,373,510,512,512
0.6295628547668457,373,509,512,512
0.6295628547668457,374,509,512,512
0.6387603282928467,375,509,512,512
0.6387603282928467,375,509,512,512
0.6387603282928467,376,509,512,512
0.6387603282928467,376,509,512,512
0.6387603282928467,376,509,512,512
0.6387603282928467,376,509,512,512
0.6387603282928467,377,509,512,512
0.6387603282928467,377,509,512,512
0.6387603282928467,377,509,512,512
0.6387603282928467,377,509,512,512
0.6387603282928467,377,509,512,512
0.6387603282928467,376,509,512,512
0.6387603282928467,376,508,512,512
0.6387603282928467,376,508,512,512
0.6387603282928467,375,508,512,512
0.6387603282928467,374,508,512,512
0.6387603282928467,374,508,512,512
0.6387603282928467,373,508,512,512
0.6546008586883545,372,508,512,512
0.6546008586883545,372,508,512,512
0.6546008586883545,371,508,512,512
0.6546008586883545,369,508,512,512
0.6546008586883545,369,508,512,512
0.6546008586883545,367,508,512,512
0.6546008586883545,366,508,512,512
0.6546008586883545,365,508,512,512
0.6546008586883545,364,508,512,512
0.6546008586883545,363,508,512,512
0.6546008586883545,362,508,512,512
0.6546008586883545,361,507,512,512
0.6546008586883545,359,508,512,512
0.6546008586883545,358,508,512,512
0.6546008586883545,357,507,512,512
0.6546008586883545,355,507,512,512
0.6546008586883545,354,507,512,512
0.6546008586883545,353,507,512,512
0.6702609062194824,351,507,512,512
0.6712319850921631,349,507,512,512
0.6712319850921631,348,508,512,512
0.6712319850921631,347,508,512,512
0.6712319850921631,346,507,512,512
0.6712319850921631,345,508,512,512
0.6712319850921631,344,507,512,512
0.6712319850921631,342,507,512,512
0.6712319850921631,341,508,512,512
0.6712319850921631,340,508,512,512
0.6712319850921631,339,508,512,512
0.6712319850921631,338,508,512,512
0.6712319850921631,337,507,512,512
0.6712319850921631,336,507,512,512
0.6712319850921631,335,507,512,512
0.6712319850921631,335,508,512,512
0.6712319850921631,334,508,512,512
0.6859588623046875,333,508,512,512
0.6859588623046875,333,508,512,512
0.6859588623046875,332,508,512,512
0.6859588623046875,332,508,512,512
0.6859588623046875,331,508,512,512
0.6859588623046875,331,508,512,512
0.6859588623046875,330,508,512,512
0.6859588623046875,330,508,512,512
0.6859588623046875,330,508,512,512
0.6859588623046875,329,508,512,512
0.6859588623046875,329,508,512,512
0.6859588623046875,330,509,512,512
0.6859588623046875,330,509,512,512
0.6859588623046875,330,509,512,512
0.6859588623046875,330,509,512,512
0.6859588623046875,330,509,512,512
0.6859588623046875,331,509,512,512
0.6859588623046875,331,509,512,512
0.7017812728881836,332,509,512,512
0.7017812728881836,332,510,512,512
0.7017812728881836,333,510,512,512
0.7017812728881836,333,510,512,512
0.7017812728881836,333,510,512,512
0.7017812728881836,334,510,512,512
0.7017812728881836,335,510,512,512
0.7017812728881836,336,510,512,512
0.7017812728881836,337,510,512,512
0.7017812728881836,338,510,512,512
0.7017812728881836,339,510,512,512
0.7017812728881836,340,510,512,512
0.7017812728881836,341,510,512,512
0.7017812728881836,342,510,512,512
0.7017812728881836,343,510,512,512
0.7017812728881836,344,510,512,512
0.7017812728881836,345,510,512,512
0.7017812728881836,347,510,512,512
0.7174780368804932,348,510,512,512
0.7174780368804932,349,510,512,512
0.718796968460083,350,510,512,512
0.718796968460083,351,510,512,512
0.718796968460083,353,510,512,512
0.718796968460083,354,510,512,512
0.718796968460083,355,510,512,512
0.718796968460083,356,510,512,512
0.718796968460083,357,510,512,512
0.718796968460083,358,510,512,512
0.718796968460083,360,510,512,512
0.718796968460083,361,510,512,512
0.718796968460083,363,510,512,512
0.718796968460083,364,510,512,512
0.7299532890319824,364,509,512,512
0.7299532890319824,366,509,512,512
0.7299532890319824,366,509,512,512
0.7299532890319824,367,509,512,512
0.73325514793396,368,509,512,512
0.73325514793396,369,509,512,512
0.73325514793396,369,509,512,512
0.73325514793396,370,509,512,512
0.73325514793396,371,509,512,512
0.73325514793396,372,509,512,512
0.73325514793396,372,510,512,512
0.73325514793396,373,509,512,512
0.73325514793396,373,509,512,512
0.73325514793396,373,509,512,512
0.73325514793396,374,509,512,512
0.73325514793396,374,509,512,512
0.73325514793396,374,509,512,512
0.73325514793396,374,509,512,512
0.73325514793396,374,509,512,512
0.73325514793396,374,509,512,512
0.73325514793396,374,509,512,512
0.73325514793396,373,508,512,512
0.7489244937896729,373,508,512,512
0.7489244937896729,373,509,512,512
0.7489244937896729,372,509,512,512
0.7489244937896729,372,508,512,512
0.7489244937896729,371,508,512,512
0.7489244937896729,370,508,512,512
0.7489244937896729,370,508,512,512
0.7489244937896729,369,508,512,512
0.7489244937896729,368,508,512,512
0.7489244937896729,367,508,512,512
0.7489244937896729,366,508,512,512
0.7489244937896729,365,508,512,512
0.7489244937896729,364,508,512,512
0.7489244937896729,363,508,512,512
0.7489244937896729,362,507,512,512
0.7489244937896729,361,508,512,512
0.7489244937896729,360,508,512,512
0.7646842002868652,359,507,512,512
0.7646842002868652,358,507,512,512
0.7660038471221924,357,507,512,512
0.7660038471221924,355,507,512,512
0.7660038471221924,354,508,512,512
0.7660038471221924,353,508,512,512
0.7660038471221924,352,508,512,512
0.7660038471221924,351,507,512,512
0.7660038471221924,349,507,512,512
0.7660038471221924,348,507,512,512
0.7660038471221924,347,507,512,512
0.7660038471221924,346,507,512,512
0.7660038471221924,344,507,512,512
0.7660038471221924,343,507,512,512
0.7660038471221924,343,507,512,512
0.7660038471221924,342,508,512,512
0.7660038471221924,341,508,512,512
0.7660038471221924,340,508,512,512
0.780372142791748,339,508,512,512
0.7812421321868896,338,508,512,512
0.7819926738739014,337,508,512,512
0.7819926738739014,337,508,512,512
0.7819926738739014,336,508,512,512
0.7819926738739014,336,508,512,512
0.7819926738739014,335,508,512,512
0.7819926738739014,334,508,512,512
0.7819926738739014,334,508,512,512
0.7819926738739014,333,508,512,512
0.7819926738739014,333,508,512,512
0.7819926738739014,333,508,512,512
0.7819926738739014,332,508,512,512
0.7819926738739014,332,509,512,512
0.7819926738739014,332,509,512,512
0.7819926738739014,332,509,512,512
0.7819926738739014,332,509,512,512
0.7819926738739014,332,509,512,512
0.7819926738739014,332,509,512,512
0.7962920665740967,332,509,512,512
0.7962920665740967,332,509,512,512
0.7983062267303467,332,509,512,512
0.7983062267303467,333,510,512,512
0.8003168106079102,333,509,512,512
0.8003168106079102,334,509,512,512
0.8023233413696289,334,509,512,512
0.8023233413696289,335,509,512,512
0.8043286800384521,335,509,512,512
0.8043286800384521,336,510,512,512
0.8043286800384521,337,510,512,512
0.8063323497772217,337,510,512,512
0.8063323497772217,338,510,512,512
0.8063323497772217,339,510,512,512
0.8063323497772217,340,510,512,512
0.8063323497772217,341,510,512,512
0.8063323497772217,342,510,512,512
0.8121953010559082,343,510,512,512
0.8131210803985596,343,510,512,512
0.8137507438659668,345,510,512,512
0.8137507438659668,345,510,512,512
0.8137507438659668,346,510,512,512
0.8137507438659668,348,510,512,512
0.8137507438659668,349,510,512,512
0.8137507438659668,350,510,512,512
0.8137507438659668,351,510,512,512
0.8137507438659668,352,510,512,512
0.8137507438659668,353,510,512,512
0.8137507438659668,354,510,512,512
0.8137507438659668,355,510,512,512
0.8137507438659668,356,510,512,512
0.8137507438659668,357,510,512,512
0.8137507438659668,358,510,512,512
0.8137507438659668,359,510,512,512
0.8137507438659668,361,510,512,512
0.8279628753662109,362,510,512,512
0.8279628753662109,363,510,512,512
0.8279628753662109,364,510,512,512
0.8299694061279297,364,510,512,512
0.8299694061279297,365,509,512,512
0.8299694061279297,366,510,512,512
0.8299694061279297,367,510,512,512
0.8299694061279297,368,509,512,512
0.8299694061279297,368,510,512,512
0.8299694061279297,369,510,512,512
0.8299694061279297,369,509,512,512
0.8299694061279297,370,509,512,512
0.8299694061279297,370,509,512,512
0.8299694061279297,370,509,512,512
0.8299694061279297,371,509,512,512
0.8299694061279297,371,509,512,512
0.8299694061279297,371,509,512,512
0.8299694061279297,372,509,512,512
0.8438243865966797,372,509,512,512
0.8438243865966797,372,509,512,512
0.8438243865966797,372,509,512,512
0.8438243865966797,371,509,512,512
0.8438243865966797,371,509,512,512
0.8438243865966797,371,509,512,512
0.8438243865966797,370,508,512,512
0.8438243865966797,370,508,512,512
0.8438243865966797,370,508,512,512
0.8438243865966797,369,508,512,512
0.8438243865966797,369,508,512,512
0.8438243865966797,368,508,512,512
0.8438243865966797,367,508,512,512
0.8438243865966797,366,508,512,512
0.8438243865966797,365,508,512,512
0.8438243865966797,365,508,512,512
0.8438243865966797,364,508,512,512
0.8438243865966797,363,508,512,512
0.8594791889190674,362,508,512,512
0.8594791889190674,362,508,512,512
0.8594791889190674,361,508,512,512
0.8624553680419922,360,508,512,512
0.8624553680419922,358,508,512,512
0.8640527725219727,357,507,512,512
0.864309549331665,356,508,512,512
0.865325927734375,355,508,512,512
0.8663244247436523,354,508,512,512
0.8673243522644043,353,508,512,512
0.8683247566223145,352,508,512,512
0.8693246841430664,351,508,512,512
0.8703234195709229,350,508,512,512
0.8703234195709229,349,508,512,512
0.871326208114624,348,508,512,512
0.8723247051239014,347,507,512,512
0.873326301574707,346,507,512,512
0.8743267059326172,345,508,512,512
0.8753328323364258,344,508,512,512
0.8763265609741211,343,508,512,512
0.8773331642150879,342,508,512,512
0.8779590129852295,342,508,512,512
0.8784604072570801,341,508,512,512
0.8794739246368408,340,508,512,512
0.8809747695922852,339,508,512,512
0.8812251091003418,338,508,512,512
0.8823306560516357,338,508,512,512
0.8833370208740234,337,508,512,512
0.8843381404876709,337,508,512,512
0.8843381404876709,336,508,512,512
0.885338306427002,336,508,512,512
0.8863382339477539,335,509,512,512
0.8873386383056641,335,509,512,512
0.8883392810821533,335,509,512,512
0.8893406391143799,335,509,512,512
0.8903400897979736,334,509,512,512
0.8913400173187256,334,509,512,512
0.892338752746582,334,509,512,512
0.892338752746582,334,509,512,512
0.8943443298339844,333,509,512,512
0.8946633338928223,333,509,512,512
0.8946633338928223,334,509,512,512
0.8946633338928223,334,509,512,512
0.8946633338928223,334,509,512,512
0.8946633338928223,335,509,512,512
0.8946633338928223,335,509,512,512
0.8946633338928223,335,509,512,512
0.8946633338928223,336,509,512,512
0.8946633338928223,336,510,512,512
0.8946633338928223,336,510,512,512
0.8946633338928223,337,510,512,512
0.8946633338928223,337,510,512,512
0.8946633338928223,338,510,512,512
0.8946633338928223,339,510,512,512
0.8946633338928223,339,510,512,512
0.8946633338928223,340,510,512,512
0.8946633338928223,341,510,512,512
0.9102299213409424,342,510,512,512
0.9102299213409424,343,510,512,512
0.9102299213409424,344,510,512,512
0.9102299213409424,345,510,512,512
0.9102299213409424,345,510,512,512
0.9102299213409424,346,510,512,512
0.9102299213409424,347,510,512,512
0.9102299213409424,348,510,512,512
0.9102299213409424,349,510,512,512
0.9102299213409424,350,510,512,512
0.9102299213409424,351,510,512,512
0.9102299213409424,352,510,512,512
0.9102299213409424,353,510,512,512
0.9102299213409424,354,510,512,512
0.9102299213409424,355,510,512,512
0.9102299213409424,356,510,512,512
0.9102299213409424,357,510,512,512
0.9102299213409424,357,510,512,512
0.9259164333343506,358,510,512,512
0.9259164333343506,359,510,512,512
0.9259164333343506,360,510,512,512
0.9259164333343506,361,510,512,512
0.9259164333343506,362,510,512,512
0.9301438331604004,363,510,512,512
0.9301438331604004,363,510,512,512
0.9301438331604004,364,510,512,512
0.9301438331604004,365,510,512,512
0.9301438331604004,365,509,512,512
0.9301438331604004,366,509,512,512
0.9301438331604004,366,509,512,512
0.9301438331604004,367,509,512,512
0.9301438331604004,367,509,512,512
0.9301438331604004,367,509,512,512
0.9301438331604004,367,509,512,512
0.9301438331604004,368,509,512,512
0.9301438331604004,368,509,512,512
0.9416601657867432,368,509,512,512
0.9416601657867432,368,509,512,512
0.9416601657867432,368,509,512,512
0.9416601657867432,368,509,512,512
0.9416601657867432,368,509,512,512
0.9416601657867432,368,509,512,512
0.9416601657867432,368,509,512,512
0.9416601657867432,367,509,512,512
0.9416601657867432,367,509,512,512
0.9416601657867432,367,509,512,512
0.9416601657867432,366,509,512,512
0.9416601657867432,366,509,512,512
0.9416601657867432,366,508,512,512
0.9416601657867432,365,508,512,512
0.9416601657867432,364,508,512,512
0.9416601657867432,364,508,512,512
0.9416601657867432,363,508,512,512
0.9416601657867432,362,509,512,512
0.9573614597320557,362,508,512,512
0.9573614597320557,361,508,512,512
0.9573614597320557,360,508,512,512
0.9573614597320557,359,508,512,512
0.9573614597320557,358,508,512,512
0.9573614597320557,357,508,512,512
0.9573614597320557,357,508,512,512
0.9573614597320557,356,508,512,512
0.9573614597320557,355,508,512,512
0.9573614597320557,355,508,512,512
0.9573614597320557,354,508,512,512
0.9573614597320557,352,508,512,512
0.9573614597320557,351,509,512,512
0.9573614597320557,350,508,512,512
0.9573614597320557,349,508,512,512
0.9573614597320557,349,508,512,512
0.9573614597320557,347,508,512,512
0.9573614597320557,347,508,512,512
0.9730234146118164,346,508,512,512
0.9730234146118164,345,508,512,512
0.9730234146118164,344,508,512,512
0.9730234146118164,343,508,512,512
0.9730234146118164,343,508,512,512
0.9730234146118164,342,508,512,512
0.9792790412902832,341,508,512,512
0.9792790412902832,341,508,512,512
0.9792790412902832,340,509,512,512
0.9792790412902832,339,509,512,512
0.9792790412902832,339,508,512,512
0.9792790412902832,338,508,512,512
0.9792790412902832,338,509,512,512
0.9792790412902832,337,509,512,512
0.9792790412902832,337,509,512,512
0.9792790412902832,337,509,512,512
0.9792790412902832,336,509,512,512
0.9792790412902832,336,509,512,512
0.9889516830444336,336,509,512,512
0.9889516830444336,336,509,512,512
0.9889516830444336,336,509,512,512
0.9889516830444336,336,509,512,512
0.9889516830444336,336,509,512,512
0.9889516830444336,336,509,512,512
0.9889516830444336,336,509,512,512
0.9889516830444336,336,509,512,512
0.9889516830444336,336,509,512,512
0.9889516830444336,336,509,512,512
0.9889516830444336,336,509,512,512
0.9889516830444336,337,510,512,512
0.9889516830444336,337,510,512,512
0.9889516830444336,338,510,512,512
0.9889516830444336,338,510,512,512
0.9889516830444336,339,510,512,512
0.9889516830444336,339,510,512,512
0.9889516830444336,340,510,512,512
1.0050833225250244,340,510,512,512
1.0050833225250244,341,510,512,512
1.0050833225250244,341,510,512,512
1.0050833225250244,342,510,512,512
1.0050833225250244,343,510,512,512
1.0050833225250244,344,510,512,512
1.0050833225250244,344,510,512,512
1.0050833225250244,345,510,512,512
1.0050833225250244,346,510,512,512
1.0050833225250244,347,510,512,512
1.0050833225250244,347,510,512,512
1.0050833225250244,348,509,512,512
1.0050833225250244,349,509,512,512
1.0050833225250244,349,510,512,512
1.0050833225250244,350,510,512,512
1.0050833225250244,351,510,512,512
1.0050833225250244,353,510,512,512
1.0050833225250244,353,510,512,512
1.0211701393127441,354,510,512,512
1.0211701393127441,355,510,512,512
1.0211701393127441,355,510,512,512
1.0211701393127441,356,510,512,512
1.0211701393127441,357,510,512,512
1.0211701393127441,358,510,512,512
1.0211701393127441,359,510,512,512
1.0211701393127441,360,510,512,512
1.0211701393127441,360,510,512,512
1.0211701393127441,361,510,512,512
1.0211701393127441,362,510,512,512
1.0302598476409912,362,509,512,512
1.0302598476409912,363,509,512,512
1.0302598476409912,364,509,512,512
1.0302598476409912,364,509,512,512
1.0302598476409912,364,509,512,512
1.0302598476409912,365,509,512,512
1.0302598476409912,365,509,512,512
1.0369856357574463,365,509,512,512
1.0369856357574463,366,509,512,512
1.0369856357574463,366,509,512,512
1.0369856357574463,366,509,512,512
1.0369856357574463,366,509,512,512
1.0369856357574463,366,509,512,512
1.0369856357574463,367,509,512,512
1.0369856357574463,367,509,512,512
1.0439302921295166,366,509,512,512
1.0439302921295166,366,509,512,512
1.0439302921295166,366,509,512,512
1.0439302921295166,366,509,512,512
1.0439302921295166,365,509,512,512
1.0439302921295166,365,509,512,512
1.0439302921295166,365,509,512,512
1.0439302921295166,365,509,512,512
1.0439302921295166,364,508,512,512
1.0439302921295166,364,508,512,512
1.0528039932250977,363,508,512,512
1.0534963607788086,363,508,512,512
1.0534963607788086,362,508,512,512
1.0534963607788086,361,508,512,512
1.0534963607788086,361,508,512,512
1.0534963607788086,360,508,512,512
1.0534963607788086,359,508,512,512
1.0534963607788086,359,508,512,512
1.0534963607788086,358,508,512,512
1.0607411861419678,357,508,512,512
1.0607411861419678,356,508,512,512
1.0620806217193604,355,508,512,512
1.063133716583252,354,508,512,512
1.0640919208526611,354,508,512,512
1.0650954246520996,353,508,512,512
1.0660896301269531,352,508,512,512
1.0660896301269531,352,508,512,512
1.0675396919250488,351,508,512,512
1.0685491561889648,350,508,512,512
1.0695488452911377,349,508,512,512
1.0695488452911377,348,508,512,512
1.071563720703125,347,508,512,512
1.071563720703125,347,508,512,512
1.0725769996643066,346,508,512,512
1.0735766887664795,345,508,512,512
1.0745768547058105,345,508,512,512
1.0755774974822998,344,508,512,512
1.07657790184021,343,508,512,512
1.0775814056396484,343,509,512,512
1.0780963897705078,342,508,512,512
1.0793232917785645,341,508,512,512
1.0793232917785645,341,508,512,512
1.0803189277648926,340,509,512,512
1.0813167095184326,340,508,512,512
1.0823214054107666,339,509,512,512
1.0836570262908936,339,509,512,512
1.0841796398162842,339,509,512,512
1.0851902961730957,339,509,512,512
1.0851902961730957,338,509,512,512
1.0866999626159668,338,509,512,512
1.0877127647399902,338,509,512,512
1.0887126922607422,338,509,512,512
1.089712381362915,338,509,512,512
1.090712547302246,338,509,512,512
1.090712547302246,338,509,512,512
1.0927133560180664,338,509,512,512
1.0927133560180664,338,509,512,512
1.0937128067016602,337,509,512,512
1.0947141647338867,338,509,512,512
1.0947141647338867,338,509,512,512
1.0947141647338867,338,509,512,512
1.0947141647338867,338,509,512,513
1.0947141647338867,338,509,512,513
1.0947141647338867,339,510,512,513
1.0947141647338867,339,510,512,513
1.0947141647338867,340,510,512,513
1.0947141647338867,340,511,512,513
1.0947141647338867,341,511,512,513
1.0947141647338867,341,511,512,513
1.0947141647338867,342,512,541,520
1.0947141647338867,342,512,541,523
1.0947141647338867,343,513,541,525
1.0947141647338867,344,514,541,527
1.0947141647338867,344,516,541,527
1.0947141647338867,345,519,541,529
1.1105847358703613,346,523,541,530
1.1105847358703613,346,530,541,530
1.1105847358703613,347,534,541,531
1.1105847358703613,348,538,541,530
1.1105847358703613,348,542,541,530
1.1105847358703613,349,543,541,529
1.1105847358703613,350,544,541,529
1.1105847358703613,351,544,541,528
1.1105847358703613,351,544,541,528
1.1105847358703613,351,544,541,528
1.1105847358703613,352,543,541,528
1.1105847358703613,352,543,541,528
1.1105847358703613,352,541,541,528
1.1105847358703613,352,541,541,528
1.1105847358703613,353,540,541,528
1.1105847358703613,352,540,541,528
1.1105847358703613,352,540,505,520
1.1262540817260742,352,540,505,517
1.1262540817260742,352,539,505,514
1.1262540817260742,352,537,505,512
1.1262540817260742,352,532,505,510
1.1301805973052979,352,528,505,508
1.1301805973052979,351,523,505,508
1.1301805973052979,351,518,505,508
1.1301805973052979,351,513,505,508
1.1301805973052979,350,507,505,508
1.1301805973052979,350,505,505,509
1.1301805973052979,350,503,505,510
1.1301805973052979,350,501,505,510
1.1301805973052979,349,501,505,511
1.1301805973052979,349,502,505,511
1.1301805973052979,349,503,505,511
1.1301805973052979,348,504,505,511
1.1301805973052979,348,505,505,511
1.1419951915740967,348,505,505,511
1.1432242393493652,348,506,505,511
1.143951177597046,348,506,505,510
1.143951177597046,348,506,505,510
1.143951177597046,348,506,544,520
1.143951177597046,348,506,544,523
1.143951177597046,348,507,544,526
1.143951177597046,348,510,544,529
1.143951177597046,348,513,544,531
1.143951177597046,348,518,544,532
1.143951177597046,348,527,544,533
1.143951177597046,348,532,544,533
1.143951177597046,348,537,544,533
1.143951177597046,348,541,544,533
1.143951177597046,348,544,544,532
1.143951177597046,348,547,544,531
1.143951177597046,348,548,544,531
1.143951177597046,347,548,544,530
1.1578700542449951,347,548,544,530
1.1578700542449951,347,547,544,530
1.1578700542449951,347,546,544,530
1.1578700542449951,346,545,544,530
1.1578700542449951,346,544,544,530
1.1578700542449951,345,543,544,530
1.1578700542449951,345,543,544,530
1.1578700542449951,344,543,544,531
1.1578700542449951,343,542,516,524
1.1578700542449951,343,542,516,522
1.1578700542449951,342,542,516,520
1.1578700542449951,341,541,516,518
1.1578700542449951,340,538,516,516
1.1578700542449951,340,533,516,515
1.1578700542449951,339,528,516,515
1.1578700542449951,339,524,516,515
1.1578700542449951,338,520,516,515
1.1737961769104004,338,517,516,515
1.1737961769104004,337,515,516,515
1.1737961769104004,336,514,516,516
1.1737961769104004,336,513,516,516
1.1737961769104004,336,513,516,517
1.1737961769104004,335,514,516,517
1.1737961769104004,335,514,516,517
1.1737961769104004,335,515,516,517
1.1737961769104004,334,516,516,517
1.1737961769104004,334,517,516,517
1.1737961769104004,334,517,516,516
1.1737961769104004,334,517,516,516
1.1737961769104004,334,517,516,516
1.1737961769104004,334,517,550,524
1.1737961769104004,334,518,550,527
1.1877312660217285,334,518,550,530
1.1894936561584473,334,523,550,534
1.1894936561584473,335,529,550,536
1.1894936561584473,335,534,550,536
1.1894936561584473,336,542,550,536
1.1894936561584473,336,546,550,536
1.1894936561584473,336,549,550,535
1.1894936561584473,336,553,550,534
1.1894936561584473,337,554,550,534
1.1894936561584473,337,554,550,534
1.1894936561584473,337,554,550,533
1.1894936561584473,337,554,550,533
1.1894936561584473,337,552,550,533
1.1894936561584473,337,551,550,533
1.1894936561584473,338,550,550,533
1.1894936561584473,338,549,550,533
1.205193281173706,338,549,550,533
1.205193281173706,338,549,550,534
1.205193281173706,338,548,533,530
1.205193281173706,338,548,533,529
1.2076306343078613,338,548,533,527
1.2076306343078613,338,548,533,526
1.2086513042449951,338,547,533,526
1.2100884914398193,338,545,533,525
1.210913896560669,338,543,533,524
1.210913896560669,338,539,533,524
1.2130494117736816,338,537,533,524
1.2135686874389648,338,535,533,524
1.2135686874389648,338,532,533,525
1.2157442569732666,338,531,533,525
1.216686487197876,338,531,533,525
1.216686487197876,338,530,533,526
1.2176942825317383,338,530,533,526
1.2190265655517578,338,531,533,526
1.2196953296661377,338,532,533,526
1.2206950187683105,338,533,533,526
1.2216947078704834,338,534,533,526
1.2216947078704834,338,534,533,526
1.2216947078704834,338,534,533,525
1.2216947078704834,339,534,533,525
1.2216947078704834,339,534,557,531
1.2216947078704834,339,534,557,533
1.2275331020355225,339,534,557,535
1.2279207706451416,339,535,557,537
1.2279207706451416,339,538,557,538
1.2279207706451416,340,541,557,539
1.2304284572601318,340,544,557,539
1.2304284572601318,340,548,557,539
1.2304284572601318,340,551,557,540
1.2304284572601318,340,555,557,539
1.2304284572601318,340,558,557,539
1.2304284572601318,340,559,557,538
1.2304284572601318,340,559,557,538
1.2304284572601318,340,560,557,538
1.2304284572601318,340,559,557,537
1.2304284572601318,340,559,557,537
1.2304284572601318,340,558,557,537
1.2304284572601318,340,558,557,537
1.2304284572601318,340,557,557,537
1.2431995868682861,339,556,557,538
1.244161605834961,339,556,557,538
1.2445342540740967,339,555,557,538
1.2445342540740967,338,555,541,534
1.2445342540740967,338,556,541,533
1.2445342540740967,337,555,541,532
1.2445342540740967,337,554,541,531
1.2445342540740967,336,553,541,530
1.2445342540740967,336,551,541,529
1.2445342540740967,336,548,541,529
1.2445342540740967,335,546,541,529
1.2445342540740967,335,544,541,529
1.2445342540740967,334,542,541,529
1.2445342540740967,333,541,541,529
1.2445342540740967,333,539,541,530
1.2445342540740967,332,539,541,530
1.2445342540740967,332,539,541,530
1.2445342540740967,332,539,541,530
1.259911298751831,331,540,541,531
1.259911298751831,331,540,541,530
1.2615044116973877,331,541,541,531
1.2615044116973877,330,541,541,530
1.2615044116973877,330,541,541,530
1.2615044116973877,330,542,541,530
1.2615044116973877,330,542,541,530
1.2615044116973877,330,542,561,535
1.2615044116973877,330,541,561,536
1.2615044116973877,329,542,561,538
1.2615044116973877,329,543,561,540
1.2615044116973877,329,545,561,541
1.2615044116973877,329,549,561,542
1.2615044116973877,329,552,561,542
1.2615044116973877,329,555,561,542
1.2615044116973877,329,558,561,541
1.2615044116973877,329,560,561,541
1.2615044116973877,329,562,561,541
1.2615044116973877,329,564,561,541
1.2766172885894775,329,564,561,540
1.2776463031768799,329,564,561,540
1.2780725955963135,329,563,561,540
1.2792038917541504,329,563,561,540
1.2802016735076904,329,562,561,540
1.2812013626098633,329,561,561,540
1.282200813293457,329,561,561,540
1.2832026481628418,329,561,561,540
1.2842357158660889,329,561,561,540
1.2852437496185303,328,560,561,540
1.2852437496185303,329,560,551,538
1.2872443199157715,329,560,551,537
1.2872443199157715,329,560,551,536
1.2882447242736816,329,559,551,535
1.28924560546875,329,558,551,535
1.2902474403381348,329,556,551,535
1.2912471294403076,329,554,551,535
1.2922472953796387,329,553,551,535
1.2932472229003906,329,551,551,535
1.2942500114440918,328,551,551,535
1.2947661876678467,328,550,551,535
1.2958946228027344,328,550,551,535
1.296891450881958,328,550,551,535
1.2978897094726562,328,550,551,535
1.2978897094726562,328,550,551,535
1.2988886833190918,328,550,551,536
1.300940990447998,328,551,551,536
1.300940990447998,328,551,551,535
1.301957130432129,328,551,551,535
1.3029568195343018,329,551,551,535
1.3039577007293701,329,551,551,535
1.3049578666687012,329,551,551,535
1.3059577941894531,329,551,570,540
1.3069634437561035,330,551,570,542
1.3079586029052734,330,552,570,543
1.3089592456817627,330,553,570,545
1.3099675178527832,331,555,570,546
1.3099675178527832,331,559,570,546
1.310960054397583,331,562,570,547
1.310960054397583,332,565,570,547
1.310960054397583,332,569,570,546
1.310960054397583,332,570,570,546
1.310960054397583,332,571,570,546
1.310960054397583,332,572,570,546
1.310960054397583,332,573,570,545
1.310960054397583,332,573,570,545
1.310960054397583,333,572,570,545
1.310960054397583,333,572,570,545
1.310960054397583,333,570,570,545
1.310960054397583,333,570,570,545
1.310960054397583,333,570,570,545
1.310960054397583,333,569,570,545
1.310960054397583,332,569,570,545
1.310960054397583,332,569,570,545
1.310960054397583,332,569,560,542
1.326683759689331,332,569,560,542
1.326683759689331,332,569,560,541
1.326683759689331,332,568,560,541
1.326683759689331,331,567,560,540
1.3305144309997559,331,565,560,540
1.3305144309997559,331,564,560,540
1.3305144309997559,331,561,560,540
1.3305144309997559,331,560,560,540
1.3305144309997559,330,559,560,540
1.3305144309997559,330,559,560,540
1.3305144309997559,330,559,560,540
1.3305144309997559,330,559,560,540
1.3305144309997559,329,558,560,540
1.3305144309997559,329,558,560,541
1.3305144309997559,329,558,560,541
1.3305144309997559,329,558,560,541
1.3305144309997559,328,559,560,541
1.3423714637756348,328,559,560,541
1.3423714637756348,328,560,560,541
1.3423714637756348,327,560,560,541
1.3423714637756348,327,560,572,544
1.3423714637756348,327,560,572,545
1.3423714637756348,327,560,572,546
1.3423714637756348,327,561,572,546
1.3423714637756348,327,562,572,547
1.3423714637756348,327,563,572,547
1.3423714637756348,326,565,572,548
1.3423714637756348,326,567,572,548
1.3423714637756348,326,570,572,548
1.3423714637756348,326,571,572,548
1.3423714637756348,326,573,572,547
1.3423714637756348,326,574,572,547
1.3423714637756348,326,574,572,547
1.3423714637756348,326,574,572,547
1.3582632541656494,325,574,572,547
1.3582632541656494,325,573,572,547
1.3599112033843994,325,572,572,547
1.3614604473114014,324,572,572,547
1.3614604473114014,324,572,572,547
1.362476110458374,324,572,572,547
1.3634746074676514,324,572,572,547
1.3644726276397705,324,572,572,547
1.3654725551605225,324,571,567,546
1.3664727210998535,323,572,567,545
1.3674724102020264,323,572,567,545
1.3674724102020264,323,571,567,544
1.3694729804992676,323,571,567,544
1.3694729804992676,323,570,567,544
1.370471477508545,323,570,567,544
1.3721888065338135,323,568,567,544
1.3721888065338135,323,567,567,544
1.3731961250305176,322,567,567,544
1.3741962909698486,322,566,567,545
1.3751955032348633,322,565,567,545
1.3761956691741943,322,565,567,545
1.3771958351135254,322,566,567,545
1.3771958351135254,322,566,567,545
1.3771958351135254,322,567,567,545
1.3771958351135254,322,567,567,545
1.3771958351135254,322,568,567,545
1.3771958351135254,322,568,567,545
1.3771958351135254,322,568,567,545
1.3771958351135254,322,568,567,544
1.3771958351135254,322,568,567,544
1.3771958351135254,322,568,578,547
1.3771958351135254,322,567,578,548
1.3771958351135254,322,567,578,549
1.3771958351135254,322,568,578,550
1.3771958351135254,323,568,578,550
1.3771958351135254,323,570,578,550
1.3771958351135254,323,572,578,551
1.3771958351135254,323,574,578,551
1.3928923606872559,324,575,578,551
1.3928923606872559,324,577,578,551
1.3928923606872559,324,578,578,551
1.3928923606872559,324,579,578,550
1.3928923606872559,324,579,578,550
1.3928923606872559,325,580,578,550
1.3928923606872559,325,579,578,550
1.3928923606872559,325,579,578,550
1.3928923606872559,325,579,578,550
1.3928923606872559,325,578,578,550
1.3928923606872559,325,578,578,550
1.3928923606872559,325,578,578,550
1.3928923606872559,325,578,578,550
1.3928923606872559,325,577,578,550
1.3928923606872559,325,577,576,550
1.3928923606872559,325,577,576,550
1.3928923606872559,325,577,576,550
1.3928923606872559,325,577,576,550
1.4087917804718018,326,577,576,549
1.4087917804718018,326,577,576,549
1.4087917804718018,325,577,576,549
1.4087917804718018,325,577,576,549
1.4087917804718018,325,576,576,549
1.4087917804718018,325,576,576,549
1.4087917804718018,325,575,576,549
1.4087917804718018,325,575,576,550
1.4087917804718018,325,575,576,550
1.4087917804718018,325,575,576,550
1.4087917804718018,325,575,576,550
1.4087917804718018,325,575,576,550
1.4087917804718018,325,575,576,550
1.4087917804718018,325,577,576,550
1.4087917804718018,325,577,576,550
1.4087917804718018,325,577,576,550
1.4087917804718018,325,577,576,549
1.4245634078979492,325,577,576,549
1.4260354042053223,325,576,582,551
1.4262676239013672,324,576,582,552
1.4262676239013672,324,576,582,552
1.4262676239013672,324,576,582,553
1.4262676239013672,324,577,582,553
1.4305696487426758,324,578,582,553
1.4305696487426758,324,579,582,553
1.4305696487426758,324,580,582,553
1.4305696487426758,323,581,582,553
1.4305696487426758,323,582,582,553
1.4305696487426758,323,582,582,553
1.4305696487426758,323,582,582,553
1.4305696487426758,323,582,582,553
1.4305696487426758,323,582,582,553
1.4305696487426758,322,582,582,553
1.4305696487426758,322,582,582,553
1.4402875900268555,322,582,582,553
1.4402875900268555,322,582,582,553
1.4402875900268555,322,582,582,553
1.4402875900268555,321,582,582,553
1.4402875900268555,321,582,582,553
1.4402875900268555,321,582,582,553
1.4402875900268555,321,582,579,552
1.4402875900268555,320,582,579,552
1.4402875900268555,320,582,579,552
1.4402875900268555,320,582,579,551
1.4402875900268555,320,581,579,551
1.4402875900268555,319,581,579,551
1.4402875900268555,319,581,579,551
1.4402875900268555,319,580,579,551
1.4402875900268555,319,579,579,551
1.4402875900268555,319,579,579,551
1.4402875900268555,318,578,579,552
1.4402875900268555,318,578,579,552
1.4563555717468262,318,577,579,552
1.4563555717468262,318,578,579,552
1.4563555717468262,317,578,579,552
1.4563555717468262,317,578,579,552
1.4563555717468262,317,579,579,552
1.4563555717468262,317,580,579,552
1.4563555717468262,317,580,579,552
1.4563555717468262,317,580,579,552
1.4563555717468262,317,580,579,552
1.4563555717468262,317,580,579,551
1.4563555717468262,317,580,587,553
1.4563555717468262,317,580,587,554
1.4563555717468262,317,580,587,554
1.4563555717468262,317,580,587,555
1.4563555717468262,317,581,587,556
1.4563555717468262,317,582,587,556
1.4563555717468262,317,582,587,556
1.4721927642822266,317,583,587,556
1.4721927642822266,317,585,587,556
1.4721927642822266,317,586,587,556
1.4721927642822266,317,587,587,556
1.4721927642822266,317,588,587,556
1.4721927642822266,318,588,587,556
1.4721927642822266,318,588,587,556
1.4721927642822266,318,588,587,556
1.4721927642822266,318,588,587,556
1.4721927642822266,318,588,587,555
1.4721927642822266,318,588,587,555
1.4721927642822266,318,588,587,555
1.4721927642822266,318,587,587,555
1.4721927642822266,318,587,587,555
1.4721927642822266,318,587,587,555
1.4721927642822266,318,587,586,555
1.4721927642822266,318,586,586,555
1.4721927642822266,319,586,586,555
1.487962007522583,319,586,586,555
1.487962007522583,319,586,586,555
1.4904992580413818,319,586,586,555
1.4904992580413818,319,585,586,555
1.4904992580413818,319,585,586,556
1.4904992580413818,319,585,586,556
1.4904992580413818,319,585,586,556
1.4904992580413818,319,585,586,556
1.4904992580413818,319,585,586,556
1.4904992580413818,319,586,586,556
1.4904992580413818,319,587,586,556
1.4904992580413818,319,587,586,556
1.4904992580413818,319,587,586,555
1.4904992580413818,320,587,586,555
1.4904992580413818,320,587,586,555
1.4904992580413818,320,587,586,555
1.4904992580413818,320,587,586,555
1.5036494731903076,320,586,586,555
1.5036494731903076,320,586,586,555
1.5036494731903076,320,586,592,557
1.5036494731903076,320,585,592,557
1.5036494731903076,320,585,592,558
1.5036494731903076,320,586,592,559
1.5036494731903076,320,586,592,559
1.5036494731903076,320,587,592,559
1.5036494731903076,320,589,592,559
1.5036494731903076,320,590,592,559
1.5036494731903076,320,591,592,559
1.5036494731903076,320,592,592,559
1.5036494731903076,320,593,592,559
1.5036494731903076,320,593,592,559
1.5036494731903076,320,593,592,558
1.5036494731903076,320,593,592,558
1.5036494731903076,320,593,592,558
1.519486665725708,320,592,592,558
1.5206034183502197,320,592,592,558
1.5206034183502197,320,592,592,558
1.5206034183502197,320,591,592,558
1.5206034183502197,319,591,592,559
1.5206034183502197,319,591,592,559
1.5206034183502197,319,591,592,559
1.5206034183502197,319,591,589,558
1.5206034183502197,318,591,589,558
1.5206034183502197,318,591,589,558
1.5206034183502197,318,591,589,558
1.5206034183502197,318,592,589,557
1.5305900573730469,318,592,589,557
1.5305900573730469,317,591,589,557
1.5305900573730469,317,591,589,557
1.5305900573730469,317,590,589,557
1.5305900573730469,317,589,589,557
1.5305900573730469,317,589,589,557
1.5354259014129639,317,588,589,557
1.5354259014129639,317,588,589,557
1.5354259014129639,316,588,589,558
1.5354259014129639,316,588,589,558
1.5354259014129639,316,588,589,558
1.5354259014129639,316,588,589,558
1.5354259014129639,315,589,589,558
1.5354259014129639,315,590,589,558
1.5354259014129639,315,590,589,557
1.5354259014129639,315,590,589,557
1.5354259014129639,315,590,589,557
1.5354259014129639,315,590,595,559
1.5354259014129639,314,589,595,559
1.5354259014129639,314,589,595,560
1.5354259014129639,314,590,595,560
1.5354259014129639,314,590,595,560
1.5354259014129639,314,591,595,561
1.5510787963867188,314,592,595,561
1.5526397228240967,314,593,595,561
1.553483486175537,314,594,595,561
1.553483486175537,314,594,595,561
1.553483486175537,314,595,595,561
1.553483486175537,314,595,595,561
1.553483486175537,314,596,595,561
1.553483486175537,314,596,595,560
1.553483486175537,314,596,595,560
1.553483486175537,314,596,595,560
1.553483486175537,314,596,595,560
1.553483486175537,314,596,595,560
1.553483486175537,314,595,595,560
1.553483486175537,313,595,595,560
1.553483486175537,314,594,595,560
1.553483486175537,313,594,595,560
1.553483486175537,313,594,594,560
1.5668368339538574,313,594,594,560
1.5668368339538574,313,594,594,560
1.5680253505706787,314,594,594,560
1.5680253505706787,314,594,594,560
1.5680253505706787,314,594,594,560
1.5680253505706787,314,594,594,560
1.5680253505706787,314,594,594,560
1.5680253505706787,314,594,594,560
1.5680253505706787,314,594,594,560
1.5680253505706787,314,594,594,560
1.5680253505706787,314,594,594,560
1.5680253505706787,314,594,594,560
1.5680253505706787,314,594,594,560
1.5680253505706787,314,594,594,560
1.5680253505706787,314,594,594,560
1.5680253505706787,314,594,594,560
1.5680253505706787,314,594,594,560
1.5680253505706787,314,594,594,560
1.5825490951538086,314,594,594,560
1.5836923122406006,314,594,594,560
1.584169864654541,315,594,594,560
1.584169864654541,315,594,600,562
1.584169864654541,315,594,600,562
1.5885915756225586,315,594,600,563
1.5885915756225586,315,594,600,563
1.5885915756225586,315,595,600,563
1.5885915756225586,315,596,600,563
1.5885915756225586,315,597,600,564
1.5885915756225586,315,598,600,564
1.5885915756225586,316,599,600,564
1.594078779220581,315,600,600,564
1.594855785369873,315,601,600,564
1.5954055786132812,316,601,600,563
1.5964150428771973,316,601,600,563
1.597412347793579,316,601,600,563
1.5984127521514893,316,601,600,563
1.5994126796722412,316,601,600,563
1.6004130840301514,316,601,600,563
1.6014139652252197,316,600,600,563
1.6014139652252197,316,600,600,563
1.602414608001709,316,600,600,563
1.60341477394104,316,599,600,563
1.604414701461792,316,599,600,563
1.6054151058197021,316,599,597,563
1.6064152717590332,316,599,597,562
1.6074151992797852,316,599,597,562
1.6084163188934326,316,599,597,562
1.6094162464141846,316,599,597,562
1.6104183197021484,315,599,597,562
1.6104183197021484,315,598,597,562
1.6118388175964355,315,598,597,562
1.6129403114318848,315,598,597,562
1.6138575077056885,315,597,597,562
1.6148669719696045,315,597,597,562
1.6148669719696045,315,597,597,562
1.6158668994903564,315,597,597,562
1.6168742179870605,315,597,597,562
1.6178770065307617,314,597,597,562
1.6188769340515137,314,597,597,562
1.6198782920837402,314,597,597,562
1.620875358581543,314,597,597,562
1.6218781471252441,314,597,597,562
1.622877836227417,314,597,597,562
1.6238811016082764,314,597,597,562
1.6248786449432373,314,597,597,562
1.6258800029754639,313,597,602,563
1.626880407333374,313,597,602,564
1.626880407333374,313,597,602,564
1.6281869411468506,313,597,602,564
1.6281869411468506,313,598,602,564
1.6281869411468506,313,598,602,565
1.631453275680542,313,599,602,565
1.6316940784454346,313,600,602,565
1.6316940784454346,313,601,602,565
1.6316940784454346,313,602,602,565
1.6316940784454346,312,602,602,565
1.6316940784454346,312,603,602,565
1.6316940784454346,312,603,602,565
1.6316940784454346,312,603,602,564
1.6316940784454346,312,603,602,564
1.6316940784454346,312,603,602,564
1.6316940784454346,312,603,602,564
1.6316940784454346,312,602,602,564
1.6316940784454346,312,602,602,564
1.6316940784454346,311,601,602,564
1.6436073780059814,311,601,602,565
1.6436073780059814,311,601,602,565
1.6436073780059814,340,601,599,564
1.6436073780059814,340,601,599,564
1.6436073780059814,340,601,599,564
1.6436073780059814,340,602,599,563
1.6436073780059814,340,602,599,563
1.6436073780059814,311,602,599,563
1.6436073780059814,311,601,599,563
1.6436073780059814,311,600,599,563
1.6436073780059814,311,600,599,563
1.6436073780059814,311,599,599,563
1.6436073780059814,311,599,599,563
1.6436073780059814,311,599,599,563
1.6436073780059814,311,599,599,563
1.6436073780059814,310,598,599,563
1.6436073780059814,310,598,599,563
1.6593420505523682,310,598,599,563
1.6593420505523682,310,599,599,563
1.6593420505523682,310,599,599,563
1.6593420505523682,310,599,599,563
1.6593420505523682,310,599,599,563
1.6593420505523682,310,599,599,563
1.6593420505523682,310,599,599,563
1.6593420505523682,311,599,606,565
1.6593420505523682,311,599,606,565
1.6593420505523682,311,599,606,566
1.6593420505523682,311,599,606,567
1.6593420505523682,311,600,606,567
1.6593420505523682,311,601,606,567
1.6593420505523682,311,602,606,567
1.6593420505523682,311,604,606,567
1.6593420505523682,311,605,606,567
1.6593420505523682,312,606,606,567
1.6750507354736328,312,607,606,567
1.6750507354736328,312,607,606,567
1.6750507354736328,312,607,606,567
1.6773183345794678,312,607,606,567
1.6786727905273438,312,607,606,567
1.6786727905273438,313,607,606,567
1.6786727905273438,313,607,606,566
1.6786727905273438,313,607,606,566
1.6786727905273438,313,606,606,566
1.6786727905273438,313,606,606,566
1.6786727905273438,313,606,606,566
1.6786727905273438,313,605,606,566
1.6786727905273438,313,605,604,566
1.6786727905273438,312,605,604,566
1.6786727905273438,312,605,604,566
1.6786727905273438,312,604,604,566
1.6786727905273438,312,604,604,566
1.6786727905273438,313,604,604,566
1.69089674949646,313,604,604,566
1.69089674949646,313,604,604,566
1.69089674949646,313,605,604,566
1.69089674949646,313,604,604,566
1.69089674949646,313,604,604,566
1.69089674949646,313,604,604,566
1.69089674949646,313,604,604,566
1.69089674949646,312,604,604,566
1.69089674949646,312,604,604,566
1.69089674949646,312,604,604,566
1.69089674949646,312,604,604,566
1.69089674949646,312,604,604,566
1.69089674949646,312,604,604,566
1.69089674949646,312,604,604,566
1.69089674949646,312,604,604,566
1.69089674949646,312,604,604,566
1.69089674949646,312,604,604,566
1.69089674949646,312,604,606,566
1.706679105758667,312,604,606,567
1.706679105758667,312,604,606,567
1.706679105758667,312,604,606,567
1.706679105758667,312,604,606,567
1.706679105758667,312,605,606,567
1.706679105758667,312,605,606,567
1.706679105758667,312,605,606,567
1.706679105758667,312,606,606,567
1.706679105758667,311,606,606,567
1.706679105758667,311,606,606,567
1.706679105758667,311,606,606,567
1.706679105758667,311,606,606,567
1.706679105758667,311,606,606,567
1.706679105758667,311,606,606,567
1.706679105758667,311,606,606,567
1.706679105758667,311,606,606,567
1.706679105758667,310,606,606,567
1.722388744354248,310,606,606,567
1.722388744354248,310,606,606,567
1.723818063735962,310,606,606,567
1.723818063735962,310,606,606,567
1.723818063735962,310,606,606,567
1.723818063735962,310,606,606,567
1.723818063735962,310,606,606,567
1.723818063735962,310,606,606,567
1.723818063735962,310,606,606,567
1.723818063735962,310,606,606,567
1.7306699752807617,309,606,606,567
1.7306699752807617,309,606,606,567
1.7306699752807617,309,606,606,567
1.7306699752807617,309,606,606,567
1.7306699752807617,309,606,606,567
1.7306699752807617,309,606,606,567
1.7306699752807617,309,606,606,567
1.7306699752807617,309,605,606,567
1.738170862197876,309,605,606,567
1.7397265434265137,309,605,606,567
1.7397265434265137,309,605,606,568
1.7397265434265137,309,605,606,568
1.7397265434265137,309,606,606,567
1.7397265434265137,308,606,606,567
1.7397265434265137,308,607,606,567
1.7397265434265137,308,607,606,567
1.7397265434265137,308,607,606,567
1.7397265434265137,308,607,609,568
1.7397265434265137,309,607,609,568
1.7397265434265137,308,607,609,568
1.7397265434265137,308,606,609,568
1.7397265434265137,308,606,609,569
1.7397265434265137,309,607,609,569
1.7397265434265137,309,607,609,569
1.7397265434265137,309,608,609,569
1.7397265434265137,309,608,609,569
1.7540385723114014,309,609,609,569
1.7540385723114014,309,609,609,569
1.7540385723114014,309,609,609,569
1.7540385723114014,309,610,609,569
1.7540385723114014,309,609,609,569
1.7540385723114014,309,610,609,569
1.7540385723114014,309,610,609,568
1.7540385723114014,309,610,609,568
1.7540385723114014,309,609,609,569
1.7540385723114014,309,609,609,569
1.7540385723114014,309,609,609,569
1.7540385723114014,309,609,609,569
1.7540385723114014,309,609,609,569
1.7540385723114014,309,609,610,569
1.7540385723114014,309,609,610,569
1.7540385723114014,309,609,610,569
1.7540385723114014,309,609,610,569
1.7698078155517578,309,609,610,569
1.771005392074585,309,610,610,569
1.7720601558685303,309,610,610,569
1.7725858688354492,309,610,610,569
1.7736210823059082,309,610,610,569
1.7746391296386719,309,610,610,569
1.7755961418151855,309,609,610,569
1.7759144306182861,309,609,610,569
1.7759144306182861,310,609,610,569
1.7759144306182861,310,609,610,569
1.7759144306182861,310,609,610,570
1.7759144306182861,310,609,610,570
1.7759144306182861,310,609,610,570
1.7759144306182861,310,610,610,570
1.7759144306182861,310,610,610,570
1.7759144306182861,310,611,610,570
1.7759144306182861,310,611,610,569
1.7856361865997314,310,611,610,569
1.7856361865997314,310,611,611,569
1.7856361865997314,310,611,611,569
1.7856361865997314,309,610,611,570
1.7856361865997314,309,610,611,570
1.7856361865997314,309,610,611,570
1.7856361865997314,309,610,611,570
1.7856361865997314,309,610,611,570
1.7856361865997314,309,611,611,570
1.7856361865997314,309,611,611,570
1.7856361865997314,309,611,611,570
1.7856361865997314,309,612,611,570
1.7856361865997314,309,612,611,570
1.7856361865997314,309,611,611,570
1.7856361865997314,309,611,611,570
1.7856361865997314,309,611,611,570
1.7856361865997314,309,611,611,570
1.7856361865997314,309,611,611,570
1.8013169765472412,309,612,611,570
1.8013169765472412,309,612,611,570
1.8033339977264404,309,612,611,569
1.8033339977264404,309,612,611,569
1.805345058441162,309,611,611,569
1.805345058441162,309,611,611,569
1.8073530197143555,309,611,611,569
1.8073530197143555,309,610,611,569
1.8073530197143555,308,610,611,570
1.8073530197143555,308,609,611,570
1.8073530197143555,308,609,611,570
1.8073530197143555,308,610,611,570
1.8073530197143555,308,610,611,570
1.8073530197143555,308,610,611,570
1.8073530197143555,308,611,611,570
1.8073530197143555,308,611,611,570
1.8073530197143555,308,611,611,570
1.8073530197143555,308,611,611,570
1.8171281814575195,308,611,611,570
1.8171281814575195,307,611,611,570
1.8171281814575195,307,611,611,570
1.8171281814575195,307,611,611,570
1.8171281814575195,307,611,611,570
1.8171281814575195,307,611,611,570
1.8171281814575195,307,611,611,570
1.8171281814575195,307,611,611,570
1.8171281814575195,307,611,611,570
1.8171281814575195,307,611,612,570
1.8171281814575195,307,611,612,570
1.8171281814575195,307,611,612,571
1.8171281814575195,307,611,612,571
1.8171281814575195,307,611,612,571
1.8171281814575195,307,611,612,571
1.8307478427886963,307,612,612,571
1.8307478427886963,307,612,612,571
1.832939624786377,306,613,612,571
1.832939624786377,306,613,612,570
1.832939624786377,306,613,612,570
1.832939624786377,306,613,612,570
1.832939624786377,306,613,612,570
1.832939624786377,306,613,612,570
1.832939624786377,306,612,612,570
1.832939624786377,306,612,612,570
1.832939624786377,306,611,612,570
1.832939624786377,306,611,612,570
1.832939624786377,306,611,612,570
1.832939624786377,306,611,612,571
1.832939624786377,306,611,612,571
1.832939624786377,306,611,612,571
1.832939624786377,337,611,613,571
1.832939624786377,337,612,613,571
1.832939624786377,337,612,613,571
1.8487608432769775,337,613,613,571
1.8494632244110107,337,613,613,571
1.8506362438201904,307,613,613,571
1.8506362438201904,307,613,613,571
1.8506362438201904,307,613,613,571
1.8506362438201904,307,613,613,571
1.8506362438201904,307,613,613,571
1.8506362438201904,307,613,613,571
1.8506362438201904,307,613,613,571
1.8506362438201904,307,613,613,571
1.8506362438201904,308,613,613,571
1.8506362438201904,307,613,613,571
1.8506362438201904,307,613,613,571
1.8506362438201904,307,613,613,571
1.8506362438201904,307,613,613,571
1.8506362438201904,307,613,613,571
1.8506362438201904,307,614,613,571
1.8506362438201904,307,613,613,571
1.86452317237854,307,613,613,571
1.8655920028686523,307,613,613,571
1.8661835193634033,307,613,615,571
1.8676371574401855,307,613,615,572
1.8684585094451904,307,613,615,572
1.869473934173584,307,613,615,572
1.8704748153686523,307,613,615,572
1.8704748153686523,308,614,615,572
1.8714752197265625,308,614,615,572
1.8724751472473145,308,614,615,572
1.8734760284423828,308,615,615,572
1.8744781017303467,308,615,615,572
1.8754761219024658,308,615,615,572
1.8764760494232178,308,615,615,572
1.8774769306182861,308,615,615,572
1.8785696029663086,308,615,615,572
1.8785696029663086,308,615,615,572
1.8795866966247559,308,615,615,572
1.880582571029663,308,615,615,572
1.881582498550415,308,615,615,572
1.8825833797454834,307,615,615,572
1.8835835456848145,307,615,615,572
1.88474440574646,307,615,615,572
1.885493278503418,307,615,615,572
1.8865056037902832,308,615,615,572
1.8865056037902832,308,615,615,572
1.8885104656219482,308,615,615,572
1.8885104656219482,308,615,615,572
1.8895049095153809,307,615,615,572
1.8905069828033447,307,615,615,572
1.8915069103240967,307,615,615,572
1.8925094604492188,307,615,615,572
1.8935072422027588,307,615,615,572
1.8945116996765137,307,615,615,572
1.8945116996765137,307,615,615,572
1.8945116996765137,307,615,615,572
1.8945116996765137,307,614,615,572
1.8945116996765137,307,615,615,572
1.8945116996765137,307,614,615,572
1.8945116996765137,307,614,615,573
1.8945116996765137,307,614,615,573
1.8945116996765137,307,614,615,573
1.8945116996765137,307,615,615,573
1.8945116996765137,307,615,615,573
1.8945116996765137,307,616,615,573
1.8945116996765137,307,616,615,572
1.8945116996765137,337,616,617,573
1.8945116996765137,337,616,617,573
1.8945116996765137,337,616,617,573
1.8945116996765137,337,616,617,573
1.9101591110229492,306,616,617,573
1.9101591110229492,306,616,617,573
1.9101591110229492,306,616,617,573
1.91267728805542,306,616,617,573
1.91267728805542,306,616,617,573
1.91267728805542,306,616,617,573
1.91267728805542,306,616,617,573
1.91267728805542,305,617,617,574
1.91267728805542,305,617,617,573
1.91267728805542,305,617,617,573
1.91267728805542,305,617,617,573
1.91267728805542,305,617,617,573
1.91267728805542,305,617,617,573
1.91267728805542,305,617,617,573
1.91267728805542,305,617,617,573
1.91267728805542,305,617,617,573
1.91267728805542,305,617,617,573
1.91267728805542,305,617,617,573
1.925870656967163,336,617,615,573
1.925870656967163,336,616,615,573
1.925870656967163,336,616,615,573
1.925870656967163,336,617,615,572
1.925870656967163,305,616,615,573
1.930896282196045,305,616,615,572
1.930896282196045,305,616,615,572
1.930896282196045,305,616,615,572
1.930896282196045,305,616,615,572
1.930896282196045,305,616,615,572
1.930896282196045,305,615,615,572
1.930896282196045,305,614,615,572
1.930896282196045,305,614,615,573
1.930896282196045,305,614,615,573
1.930896282196045,304,614,615,573
1.930896282196045,304,614,615,573
1.930896282196045,304,615,615,573
1.9419300556182861,304,615,615,573
1.9419300556182861,305,616,615,572
1.9419300556182861,304,616,615,572
1.9419300556182861,304,616,615,572
1.9419300556182861,305,616,615,572
1.9419300556182861,336,616,619,573
1.9419300556182861,336,616,619,573
1.9419300556182861,336,616,619,574
1.9419300556182861,336,615,619,574
1.9419300556182861,305,616,619,574
1.9419300556182861,305,616,619,574
1.9419300556182861,305,617,619,575
1.9419300556182861,305,617,619,575
1.9419300556182861,305,618,619,575
1.9419300556182861,305,618,619,575
1.9419300556182861,305,619,619,575
1.9419300556182861,305,619,619,575
1.9419300556182861,305,620,619,575
1.9578843116760254,306,620,619,574
1.9578843116760254,306,620,619,574
1.9578843116760254,306,620,619,574
1.9578843116760254,306,620,619,574
1.9578843116760254,306,620,619,574
1.9578843116760254,306,619,619,574
1.9578843116760254,306,619,619,574
1.9578843116760254,306,618,619,574
1.9578843116760254,306,618,619,574
1.9578843116760254,338,618,617,574
1.9578843116760254,337,618,617,574
1.9578843116760254,337,618,617,574
1.9578843116760254,337,618,617,574
1.9578843116760254,306,618,617,574
1.9578843116760254,306,618,617,574
1.9578843116760254,306,619,617,574
1.9578843116760254,306,618,617,573
1.973841905593872,306,618,617,573
1.9744114875793457,306,618,617,573
1.9759018421173096,306,618,617,573
1.9759018421173096,306,617,617,573
1.9759018421173096,306,617,617,573
1.9759018421173096,306,616,617,573
1.9759018421173096,306,616,617,574
1.9759018421173096,306,616,617,574
1.9759018421173096,306,616,617,574
1.9759018421173096,306,616,617,574
1.9759018421173096,306,617,617,574
1.9759018421173096,306,617,617,574
1.9759018421173096,306,618,617,574
1.9759018421173096,306,618,617,574
1.9759018421173096,337,618,620,574
1.9759018421173096,337,618,620,574
1.9759018421173096,337,618,620,574
1.9759018421173096,337,618,620,575
1.9901409149169922,306,618,620,575
1.9901409149169922,306,618,620,575
1.9901409149169922,306,618,620,575
1.9901409149169922,306,619,620,575
1.9901409149169922,306,619,620,575
1.9901409149169922,306,620,620,575
1.9901409149169922,306,620,620,575
1.9901409149169922,306,620,620,575
1.9901409149169922,306,620,620,575
1.9901409149169922,306,620,620,575
1.9901409149169922,306,620,620,575
1.9901409149169922,306,620,620,575
1.9901409149169922,305,620,620,575
1.9901409149169922,305,620,620,575
1.9901409149169922,305,620,620,575
1.9901409149169922,305,620,620,575
1.9901409149169922,305,620,620,575
2.0059146881103516,305,620,620,575
2.0059146881103516,305,620,617,574
2.0059146881103516,305,620,617,574
2.0059146881103516,305,620,617,574
2.0059146881103516,304,620,617,574
2.0059146881103516,304,619,617,574
2.0059146881103516,304,619,617,574
2.0059146881103516,304,619,617,573
2.0059146881103516,304,618,617,573
2.0059146881103516,304,618,617,573
2.0059146881103516,304,617,617,573
2.0059146881103516,304,617,617,573
2.0059146881103516,304,617,617,573
2.0059146881103516,304,616,617,573
2.0059146881103516,304,616,617,574
2.0059146881103516,304,616,617,574
2.0059146881103516,304,616,617,574
2.0059146881103516,304,616,617,574
2.0217559337615967,304,616,617,574
2.0217559337615967,304,617,617,574
2.0217559337615967,303,617,617,574
2.0217559337615967,303,618,617,574
2.0217559337615967,303,618,617,574
2.0217559337615967,335,618,620,574
2.0217559337615967,335,618,620,574
2.0217559337615967,335,618,620,575
2.0217559337615967,335,618,620,575
2.0217559337615967,303,618,620,575
2.030905246734619,304,619,620,575
2.030905246734619,304,619,620,575
2.030905246734619,304,619,620,575
2.030905246734619,304,619,620,575
2.030905246734619,304,620,620,575
2.030905246734619,304,620,620,575
2.030905246734619,304,620,620,575
2.030905246734619,304,620,620,575
2.0377278327941895,304,620,620,575
2.039025068283081,304,620,620,575
2.039025068283081,304,620,620,575
2.039025068283081,304,620,620,575
2.039025068283081,304,620,620,575
2.039025068283081,304,620,620,575
2.039025068283081,304,620,620,575
2.039025068283081,304,620,620,575
2.039025068283081,304,620,620,575
2.039025068283081,304,620,620,575
2.039025068283081,305,620,620,575
2.039025068283081,305,620,620,575
2.039025068283081,305,620,620,575
2.039025068283081,305,620,620,575
2.039025068283081,305,620,620,575
2.039025068283081,305,620,620,575
2.039025068283081,305,620,620,575
2.0534393787384033,305,620,620,575
2.0534393787384033,305,620,620,575
2.0534393787384033,305,620,620,575
2.0534393787384033,305,620,620,575
2.0534393787384033,305,620,620,575
2.0534393787384033,305,619,620,575
2.0534393787384033,305,619,620,575
2.0534393787384033,306,619,620,575
2.0534393787384033,306,619,620,575
2.0534393787384033,306,619,620,575
2.0534393787384033,305,620,620,575
2.0534393787384033,305,620,620,575
2.0534393787384033,305,620,620,575
2.0534393787384033,305,620,620,575
2.0534393787384033,337,620,622,576
2.0534393787384033,337,620,622,576
2.0534393787384033,337,620,622,576
2.0534393787384033,337,620,622,576
2.069258689880371,337,620,622,576
2.069258689880371,306,621,622,576
2.069258689880371,305,621,622,576
2.069258689880371,305,622,622,576
2.069258689880371,305,622,622,576
2.069258689880371,305,622,622,576
2.069258689880371,305,622,622,576
2.069258689880371,305,621,622,576
2.069258689880371,305,622,622,576
2.069258689880371,305,622,622,576
2.069258689880371,305,621,622,576
2.069258689880371,305,621,622,576
2.069258689880371,305,622,622,577
2.069258689880371,305,621,622,576
2.069258689880371,305,621,622,577
2.069258689880371,305,622,622,576
2.069258689880371,305,622,622,576
2.0852599143981934,305,622,622,576
2.0852599143981934,305,623,622,576
2.0852599143981934,336,622,620,576
2.0852599143981934,336,622,620,576
2.0852599143981934,336,622,620,576
2.0852599143981934,336,622,620,575
2.0852599143981934,336,622,620,575
2.0852599143981934,304,622,620,575
2.0852599143981934,304,621,620,575
2.0852599143981934,304,621,620,575
2.0852599143981934,304,620,620,575
2.0852599143981934,304,620,620,575
2.0852599143981934,304,620,620,575
2.0852599143981934,304,619,620,575
2.0852599143981934,303,619,620,575
2.0852599143981934,303,619,620,575
2.0852599143981934,303,619,620,575
2.1008028984069824,303,619,620,575
2.1008028984069824,303,619,620,576
2.1008028984069824,303,619,620,576
2.1008028984069824,303,620,620,576
2.1008028984069824,303,620,620,576
2.1008028984069824,303,620,620,576
2.1008028984069824,303,620,622,576
2.1008028984069824,334,621,622,576
2.1008028984069824,334,621,622,576
2.1008028984069824,334,621,622,576
2.1008028984069824,334,622,622,576
2.1008028984069824,303,622,622,576
2.1008028984069824,302,622,622,576
2.1008028984069824,302,622,622,576
2.1008028984069824,302,622,622,576
2.1008028984069824,302,621,622,576
2.1008028984069824,303,621,622,576
2.1008028984069824,303,622,622,576
2.1008028984069824,303,622,622,576
2.116938591003418,303,622,622,576
2.1180171966552734,302,622,622,576
2.1185643672943115,302,622,622,576
2.1185643672943115,302,622,622,576
2.1185643672943115,302,622,622,576
2.1185643672943115,302,622,622,576
2.1185643672943115,302,622,622,576
2.1185643672943115,302,622,622,576
2.1185643672943115,302,621,622,576
2.1185643672943115,302,621,622,576
2.1185643672943115,303,621,621,576
2.1275150775909424,303,621,621,576
2.1275150775909424,303,622,621,576
2.128760814666748,303,621,621,576
2.129758596420288,303,621,621,576
2.1308648586273193,303,622,621,576
2.131897449493408,303,621,621,576
2.1330111026763916,303,622,621,576
2.1335296630859375,303,622,621,576
2.134540557861328,304,622,621,576
2.1355397701263428,304,622,621,576
2.1355397701263428,304,622,621,576
2.136539936065674,304,621,621,576
2.1375410556793213,304,621,621,576
2.138540506362915,304,621,621,576
2.139540433883667,304,621,621,576
2.140540599822998,304,621,621,576
2.1415414810180664,304,621,621,576
2.1425416469573975,304,621,621,576
2.1435422897338867,304,621,621,576
2.1449074745178223,304,622,621,576
2.14528489112854,304,621,621,576
2.1463003158569336,336,621,625,577
2.1472973823547363,336,622,625,577
2.1472973823547363,336,622,625,577
2.1493003368377686,336,622,625,578
2.150132179260254,336,622,625,578
2.150383949279785,304,622,625,578
2.1513984203338623,305,623,625,578
2.1523962020874023,305,624,625,578
2.1533963680267334,305,624,625,578
2.1543962955474854,305,624,625,578
2.1553943157196045,305,625,625,578
2.1553943157196045,305,625,625,578
2.1563990116119385,305,625,625,578
2.157397985458374,305,625,625,578
2.158397674560547,305,626,625,577
2.1593985557556152,305,625,625,577
2.160398483276367,305,625,625,578
2.1614010334014893,305,625,625,578
2.1614010334014893,305,625,625,578
2.1614010334014893,305,625,625,578
2.1614010334014893,305,625,625,578
2.1614010334014893,305,625,625,578
2.1614010334014893,305,625,621,577
2.1614010334014893,337,625,621,576
2.1614010334014893,336,625,621,576
2.1614010334014893,336,625,621,576
2.1614010334014893,336,625,621,576
2.1614010334014893,304,624,621,576
2.1614010334014893,304,623,621,575
2.1614010334014893,304,622,621,575
2.1614010334014893,304,621,621,575
2.1614010334014893,304,621,621,576
2.1614010334014893,304,620,621,576
2.1614010334014893,304,620,621,576
2.1771013736724854,304,620,621,576
2.1771013736724854,303,620,621,576
2.178921937942505,303,620,621,576
2.1801042556762695,303,620,621,576
2.180737257003784,303,621,621,576
2.180737257003784,303,621,621,576
2.180737257003784,303,621,621,576
2.180737257003784,303,621,621,576
2.180737257003784,303,621,621,576
2.180737257003784,303,621,621,576
2.180737257003784,302,621,621,576
2.180737257003784,302,621,623,577
2.180737257003784,302,621,623,577
2.180737257003784,302,621,623,577
2.180737257003784,302,622,623,577
2.180737257003784,302,622,623,577
2.180737257003784,303,622,623,577
2.180737257003784,303,622,623,577
2.1929845809936523,303,623,623,577
2.1929845809936523,302,623,623,577
2.1929845809936523,302,623,623,577
2.1929845809936523,302,623,623,577
2.1929845809936523,302,623,623,577
2.1929845809936523,302,623,623,577
2.1929845809936523,302,623,623,577
2.1929845809936523,302,623,623,577
2.1929845809936523,302,623,623,577
2.1929845809936523,302,623,623,577
2.1929845809936523,302,623,623,577
2.1929845809936523,302,623,623,577
2.1929845809936523,302,623,623,577
2.1929845809936523,302,623,623,577
2.1929845809936523,302,623,623,577
2.1929845809936523,302,623,624,577
2.1929845809936523,302,623,624,577
2.1929845809936523,303,623,624,577
2.2089791297912598,302,623,624,577
2.2089791297912598,302,623,624,577
2.2089791297912598,302,623,624,578
2.2089791297912598,302,623,624,578
2.2089791297912598,302,623,624,578
2.2089791297912598,303,624,624,578
2.2089791297912598,303,624,624,578
2.2089791297912598,303,624,624,578
2.2089791297912598,303,625,624,578
2.2089791297912598,303,625,624,577
2.2089791297912598,303,625,624,577
2.2089791297912598,303,625,624,577
2.2089791297912598,303,624,624,577
2.2089791297912598,303,624,624,577
2.2089791297912598,303,624,624,577
2.2089791297912598,303,623,624,577
2.2089791297912598,303,623,624,578
2.2249226570129395,303,623,624,578
2.2249226570129395,303,623,624,578
2.2249226570129395,335,623,625,578
2.2249226570129395,335,624,625,578
2.2249226570129395,335,624,625,578
2.2249226570129395,335,624,625,578
2.2249226570129395,303,625,625,578
2.2309041023254395,303,625,625,578
2.2309041023254395,303,625,625,578
2.2309041023254395,303,625,625,578
2.2309041023254395,303,625,625,578
2.2309041023254395,304,625,625,578
2.2309041023254395,304,625,625,578
2.2309041023254395,304,625,625,578
2.2309041023254395,304,625,625,578
2.2309041023254395,304,625,625,578
2.2309041023254395,304,625,625,578
2.2309041023254395,304,625,625,578
2.2405989170074463,304,625,625,578
2.2405989170074463,304,625,625,578
2.2405989170074463,304,625,625,578
2.2405989170074463,304,625,625,578
2.2405989170074463,304,625,625,578
2.2405989170074463,304,625,625,578
2.2405989170074463,304,625,624,578
2.2405989170074463,304,625,624,578
2.2405989170074463,304,624,624,578
2.2405989170074463,304,625,624,578
2.2405989170074463,303,625,624,578
2.2405989170074463,303,625,624,578
2.2405989170074463,304,625,624,578
2.2405989170074463,304,625,624,577
2.2405989170074463,304,625,624,577
2.2405989170074463,304,625,624,577
2.2405989170074463,304,625,624,577
2.256282091140747,304,624,624,577
2.257385730743408,304,623,624,577
2.2582263946533203,304,623,624,578
2.2587387561798096,304,622,624,578
2.2587387561798096,304,622,624,578
2.2587387561798096,303,622,624,578
2.2587387561798096,303,623,624,578
2.2587387561798096,303,623,624,578
2.2587387561798096,303,623,624,578
2.2587387561798096,303,624,624,578
2.2587387561798096,303,625,624,578
2.2587387561798096,336,625,624,578
2.2587387561798096,336,625,624,578
2.2587387561798096,336,625,624,578
2.2587387561798096,335,625,624,577
2.2587387561798096,335,625,624,578
2.2587387561798096,303,624,624,578
2.2587387561798096,303,624,624,578
2.272092342376709,303,624,624,578
2.2737202644348145,303,624,624,578
2.2737202644348145,303,624,624,578
2.2737202644348145,303,624,624,578
2.2737202644348145,303,624,624,578
2.2737202644348145,303,624,624,578
2.2737202644348145,303,625,624,577
2.2737202644348145,302,625,624,577
2.2737202644348145,302,625,624,577
2.2737202644348145,302,625,624,577
2.2737202644348145,302,624,624,577
2.2737202644348145,302,624,624,577
2.2737202644348145,302,623,624,577
2.2737202644348145,303,623,624,578
2.2737202644348145,303,623,624,578
2.2737202644348145,303,623,626,578
2.2737202644348145,335,623,626,578
2.287877082824707,334,623,626,579
2.287877082824707,334,623,626,579
2.287877082824707,334,624,626,579
2.287877082824707,302,625,626,579
2.287877082824707,302,625,626,579
2.287877082824707,303,626,626,579
2.287877082824707,303,626,626,579
2.287877082824707,303,626,626,579
2.287877082824707,303,627,626,579
2.287877082824707,303,627,626,578
2.287877082824707,303,627,626,578
2.287877082824707,303,627,626,578
2.287877082824707,303,626,626,578
2.287877082824707,303,626,626,578
2.287877082824707,303,625,626,578
2.287877082824707,303,625,626,579
2.287877082824707,303,625,626,579
2.3036746978759766,302,625,626,579
2.3036746978759766,302,625,626,579
2.3036746978759766,303,625,626,579
2.3036746978759766,303,626,625,579
2.3036746978759766,303,626,625,579
2.3036746978759766,302,626,625,579
2.3036746978759766,302,627,625,579
2.3036746978759766,302,627,625,578
2.3036746978759766,303,627,625,578
2.3036746978759766,303,626,625,578
2.3036746978759766,303,626,625,578
2.3036746978759766,303,625,625,578
2.3036746978759766,303,625,625,578
2.3036746978759766,303,625,625,578
2.3036746978759766,303,625,625,578
2.3036746978759766,303,624,625,578
2.3036746978759766,303,624,625,578
2.3036746978759766,303,624,625,578
2.320136070251465,303,624,625,579
2.3206400871276855,303,625,625,579
2.3206400871276855,302,625,625,578
2.3206400871276855,302,626,625,578
2.3206400871276855,302,625,625,578
2.3206400871276855,302,626,625,578
2.3206400871276855,302,625,625,578
2.3206400871276855,303,625,626,579
2.3206400871276855,335,625,626,579
2.3206400871276855,335,625,626,579
2.3206400871276855,335,625,626,579
2.3206400871276855,335,625,626,579
2.331017255783081,303,626,626,579
2.331017255783081,303,626,626,579
2.331017255783081,303,626,626,579
2.331017255783081,303,627,626,579
2.331017255783081,303,627,626,579
2.3351638317108154,303,627,626,578
2.3351638317108154,303,627,626,578
2.3351638317108154,303,627,626,578
2.3351638317108154,303,626,626,578
2.3351638317108154,303,626,626,578
2.3351638317108154,303,626,626,578
2.3351638317108154,303,625,626,578
2.3351638317108154,303,624,626,579
2.3351638317108154,303,624,626,579
2.3351638317108154,303,624,626,579
2.3351638317108154,303,624,626,579
2.3351638317108154,303,625,626,579
2.3351638317108154,303,626,626,579
2.3351638317108154,303,626,626,579
2.3351638317108154,303,626,626,579
2.3351638317108154,303,626,626,579
2.3351638317108154,303,627,626,579
2.3351638317108154,303,626,626,579
2.351017951965332,303,626,626,579
2.352642774581909,303,627,626,579
2.353236675262451,303,626,626,579
2.353236675262451,303,626,626,579
2.353236675262451,302,626,626,579
2.353236675262451,302,626,626,579
2.353236675262451,302,626,626,579
2.353236675262451,302,626,626,579
2.353236675262451,302,627,626,579
2.353236675262451,302,627,626,579
2.353236675262451,302,626,626,579
2.353236675262451,302,627,626,579
2.353236675262451,302,626,626,579
2.353236675262451,302,626,626,579
2.353236675262451,303,626,626,579
2.353236675262451,303,626,626,579
2.353236675262451,303,626,626,579
2.3667068481445312,302,626,627,579
2.3678905963897705,302,626,627,579
2.368920087814331,302,626,627,579
2.3698019981384277,302,626,627,579
2.37032151222229,302,627,627,579
2.371330976486206,302,627,627,579
2.3723320960998535,302,626,627,579
2.3723320960998535,302,627,627,579
2.3743321895599365,302,627,627,579
2.3743321895599365,302,627,627,579
2.3753323554992676,302,627,627,579
2.3763325214385986,302,627,627,579
2.3773319721221924,302,626,627,579
2.3781614303588867,302,626,627,579
2.3790159225463867,302,626,627,580
2.3800301551818848,302,626,627,580
2.3810274600982666,302,626,627,580
2.382046699523926,302,627,627,580
2.3830578327178955,302,627,627,580
2.384056568145752,302,627,627,580
2.385056972503662,302,627,627,580
2.386056423187256,302,628,627,580
2.387056827545166,302,628,626,579
2.3880608081817627,302,628,626,579
2.389056921005249,302,628,626,579
2.389679431915283,302,628,626,579
2.3901824951171875,302,627,626,578
2.3911898136138916,302,627,626,579
2.3921890258789062,302,626,626,578
2.3931891918182373,302,626,626,579
2.3941915035247803,302,626,626,579
2.3944995403289795,302,626,626,579
2.3944995403289795,302,625,626,579
2.3944995403289795,302,625,626,579
2.3944995403289795,302,625,626,579
2.3944995403289795,302,626,626,579
2.3944995403289795,302,626,626,579
2.3944995403289795,302,626,626,579
2.3944995403289795,302,626,626,579
2.3944995403289795,302,626,626,579
2.3944995403289795,302,626,626,579
2.3944995403289795,302,626,626,579
2.3944995403289795,302,626,626,579
2.3944995403289795,302,626,626,579
2.3944995403289795,302,626,628,579
2.3944995403289795,302,626,628,579
2.3944995403289795,302,626,628,580
2.3944995403289795,302,626,628,580
2.410071611404419,302,626,628,580
2.410071611404419,302,626,628,580
2.410071611404419,302,627,628,580
2.410071611404419,302,627,628,580
2.410071611404419,302,628,628,580
2.410071611404419,302,628,628,580
2.410071611404419,302,628,628,580
2.410071611404419,302,628,628,580
2.410071611404419,302,628,628,580
2.410071611404419,302,628,628,580
2.410071611404419,302,628,628,580
2.410071611404419,302,628,628,580
2.410071611404419,302,628,628,580
2.410071611404419,302,628,628,580
2.410071611404419,302,628,628,580
2.410071611404419,302,628,628,580
2.410071611404419,302,628,628,580
2.410071611404419,302,629,628,580
2.4260823726654053,335,629,626,579
2.4260823726654053,335,628,626,579
2.4260823726654053,335,629,626,579
2.4260823726654053,335,628,626,579
2.4260823726654053,335,628,626,579
2.431227207183838,302,628,626,579
2.431227207183838,302,627,626,578
2.431227207183838,302,627,626,578
2.431227207183838,302,626,626,578
2.431227207183838,302,626,626,579
2.431227207183838,302,625,626,579
2.431227207183838,302,625,626,579
2.431227207183838,302,625,626,579
2.431227207183838,302,625,626,579
2.431227207183838,302,625,626,579
2.431227207183838,302,626,626,579
2.431227207183838,302,626,626,579
2.4418344497680664,302,626,626,579
2.4429757595062256,302,627,626,579
2.4429757595062256,302,626,626,579
2.4429757595062256,302,626,626,579
2.4429757595062256,302,626,626,579
2.4429757595062256,335,626,629,580
2.4429757595062256,335,626,629,580
2.4429757595062256,335,626,629,580
2.4429757595062256,335,627,629,580
2.4429757595062256,335,627,629,580
2.4429757595062256,302,627,629,580
2.4429757595062256,303,627,629,580
2.4429757595062256,302,628,629,580
2.4429757595062256,302,628,629,580
2.4429757595062256,302,628,629,581
2.4429757595062256,302,629,629,580
2.4429757595062256,302,628,629,580
2.4429757595062256,302,628,629,581
2.45754075050354,302,628,629,581
2.45754075050354,302,628,629,581
2.45754075050354,302,628,629,581
2.45754075050354,303,629,629,581
2.45754075050354,302,629,629,581
2.45754075050354,302,629,629,581
2.45754075050354,302,630,629,581
2.45754075050354,302,630,629,580
2.45754075050354,302,630,629,580
2.45754075050354,302,630,629,580
2.45754075050354,335,630,627,579
2.45754075050354,335,630,627,579
2.45754075050354,335,629,627,579
2.45754075050354,335,629,627,579
2.45754075050354,302,628,627,579
2.45754075050354,302,627,627,579
2.45754075050354,302,627,627,579
2.4732718467712402,302,627,627,579
2.4732718467712402,302,626,627,580
2.4732718467712402,302,626,627,580
2.4732718467712402,302,626,627,580
2.4732718467712402,302,626,627,580
2.4732718467712402,302,627,627,580
2.4732718467712402,302,627,627,580
2.4732718467712402,302,628,627,580
2.4732718467712402,302,628,627,579
2.4732718467712402,302,628,627,579
2.4732718467712402,302,628,627,579
2.4732718467712402,302,628,627,579
2.4732718467712402,302,627,627,579
2.4732718467712402,302,627,627,579
2.4732718467712402,302,627,629,580
2.4732718467712402,334,626,629,580
2.4732718467712402,334,626,629,580
2.489306926727295,334,626,629,581
2.489306926727295,334,627,629,581
2.489306926727295,302,627,629,581
2.489306926727295,302,628,629,581
2.489306926727295,302,629,629,581
2.489306926727295,302,629,629,581
2.489306926727295,302,630,629,580
2.489306926727295,302,630,629,580
2.489306926727295,302,630,629,580
2.489306926727295,302,630,629,580
2.489306926727295,302,630,629,580
2.489306926727295,302,629,629,580
2.489306926727295,302,628,629,580
2.489306926727295,302,628,629,581
2.489306926727295,302,628,629,581
2.489306926727295,301,628,629,581
2.489306926727295,301,628,629,581
2.489306926727295,301,629,629,581
2.505338430404663,302,629,629,581
2.506654977798462,302,629,627,580
2.5069334506988525,302,630,627,580
2.5069334506988525,302,630,627,580
2.5069334506988525,301,630,627,579
2.5069334506988525,301,630,627,579
2.5069334506988525,301,629,627,579
2.5069334506988525,301,628,627,579
2.5069334506988525,301,628,627,579
2.5069334506988525,301,627,627,579
2.5069334506988525,301,627,627,579
2.5069334506988525,301,627,627,579
2.5069334506988525,301,626,627,579
2.5069334506988525,301,626,627,579
2.5069334506988525,301,626,627,580
2.5069334506988525,301,626,627,580
2.5069334506988525,302,626,627,580
2.5213613510131836,302,626,627,580
2.5213613510131836,301,627,627,580
2.5213613510131836,301,627,627,580
2.5213613510131836,301,627,627,580
2.5213613510131836,301,628,627,579
2.5213613510131836,301,628,627,579
2.5213613510131836,334,628,629,580
2.5213613510131836,334,628,629,580
2.5213613510131836,334,627,629,580
2.5213613510131836,334,627,629,580
2.5213613510131836,334,627,629,580
2.5213613510131836,302,628,629,580
2.5314176082611084,302,628,629,580
2.5314176082611084,302,628,629,580
2.5314176082611084,302,628,629,580
2.5314176082611084,302,628,629,581
2.5314176082611084,302,628,629,581
2.5314176082611084,302,628,629,581
2.537259578704834,302,629,629,581
2.537259578704834,302,629,629,581
2.537259578704834,302,629,629,581
2.537259578704834,302,630,629,580
2.537259578704834,303,630,629,580
2.537259578704834,302,630,629,580
2.537259578704834,302,630,629,580
2.537259578704834,302,629,629,580
2.537259578704834,302,629,629,580
2.537259578704834,302,629,629,580
2.537259578704834,302,629,629,580
2.537259578704834,302,628,629,580
2.537259578704834,302,628,629,581
2.537259578704834,302,628,629,581
2.537259578704834,302,628,629,581
2.537259578704834,303,628,629,581
2.537259578704834,303,629,629,581
2.537259578704834,302,629,629,581
2.5532851219177246,302,629,629,581
2.5549404621124268,302,630,629,580
2.5556578636169434,302,630,629,580
2.5556578636169434,302,630,629,580
2.5556578636169434,302,630,629,580
2.5556578636169434,302,630,629,580
2.5556578636169434,302,629,629,580
2.5556578636169434,302,628,629,580
2.5556578636169434,302,628,629,580
2.5556578636169434,302,628,629,581
2.5556578636169434,302,628,629,581
2.5556578636169434,302,628,629,581
2.5556578636169434,302,628,629,581
2.5556578636169434,302,629,629,581
2.5556578636169434,302,629,629,581
2.5556578636169434,302,630,629,581
2.5556578636169434,302,630,629,580
2.569094657897949,302,630,629,580
2.569094657897949,301,630,629,580
2.569094657897949,301,630,629,580
2.569094657897949,301,630,629,580
2.569094657897949,301,629,629,580
2.569094657897949,301,629,629,580
2.569094657897949,301,628,629,581
2.569094657897949,301,628,629,581
2.569094657897949,301,628,629,581
2.569094657897949,301,628,629,581
2.569094657897949,302,629,629,581
2.569094657897949,302,629,629,581
2.569094657897949,302,629,629,581
2.569094657897949,301,629,629,581
2.569094657897949,301,630,629,581
2.569094657897949,301,630,629,580
2.569094657897949,301,630,629,580
2.5847995281219482,301,630,629,580
2.5847995281219482,301,630,629,580
2.5847995281219482,333,629,628,580
2.5847995281219482,333,629,628,580
2.5847995281219482,333,629,628,580
2.5847995281219482,333,628,628,580
2.5847995281219482,333,628,628,580
2.5847995281219482,301,628,628,580
2.5847995281219482,301,628,628,580
2.5847995281219482,301,628,628,580
2.5847995281219482,301,628,628,580
2.5847995281219482,301,628,628,580
2.5847995281219482,301,628,628,580
2.5847995281219482,301,628,628,580
2.5847995281219482,301,628,628,580
2.5847995281219482,301,628,628,580
2.5847995281219482,301,628,628,580
2.5847995281219482,301,628,628,580
2.600886344909668,301,628,628,580
2.600886344909668,301,628,628,580
2.6028640270233154,301,628,628,580
2.6031813621520996,301,628,628,580
2.6031813621520996,301,628,628,580
2.6031813621520996,301,628,628,580
2.6031813621520996,301,628,628,580
2.6031813621520996,301,628,630,580
2.6031813621520996,301,628,630,581
2.6031813621520996,301,628,630,581
2.6031813621520996,301,628,630,581
2.6031813621520996,301,628,630,581
2.6031813621520996,301,629,630,581
2.6031813621520996,301,630,630,581
2.6031813621520996,301,630,630,581
2.6031813621520996,301,630,630,581
2.6031813621520996,301,630,630,581
2.6165661811828613,301,630,630,581
2.6165661811828613,301,630,630,581
2.6165661811828613,302,630,630,581
2.618582248687744,302,630,630,581
2.618582248687744,302,630,630,581
2.620595932006836,302,630,630,581
2.620595932006836,302,630,630,581
2.620595932006836,302,629,630,581
2.620595932006836,302,629,630,581
2.620595932006836,302,629,630,581
2.620595932006836,302,630,630,581
2.620595932006836,302,629,630,581
2.620595932006836,335,630,629,581
2.620595932006836,335,630,629,581
2.620595932006836,334,630,629,581
2.620595932006836,334,630,629,581
2.620595932006836,302,630,629,581
2.631418466567993,302,630,629,581
2.632422924041748,302,630,629,580
2.632422924041748,302,630,629,580
2.633913278579712,302,630,629,580
2.633913278579712,302,630,629,580
2.633913278579712,302,630,629,580
2.633913278579712,302,629,629,580
2.633913278579712,302,629,629,580
2.633913278579712,302,628,629,581
2.633913278579712,302,628,629,581
2.633913278579712,302,628,629,581
2.633913278579712,302,628,629,581
2.633913278579712,302,629,629,581
2.633913278579712,302,629,629,581
2.633913278579712,302,629,629,581
2.633913278579712,302,630,629,581
2.633913278579712,302,630,629,580
2.633913278579712,302,630,630,581
2.633913278579712,302,630,630,581
2.6493403911590576,302,630,630,581
2.6498968601226807,302,629,630,581
2.6498968601226807,302,629,630,581
2.6498968601226807,302,629,630,581
2.6498968601226807,302,629,630,581
2.6498968601226807,302,629,630,581
2.6498968601226807,302,630,630,581
2.6498968601226807,302,630,630,581
2.6498968601226807,302,630,630,581
2.6498968601226807,302,630,630,581
2.6498968601226807,302,630,630,581
2.6498968601226807,302,630,630,581
2.6498968601226807,302,630,630,581
2.6498968601226807,302,630,630,581
2.6615755558013916,302,630,630,581
2.6617326736450195,301,630,630,581
2.662748336791992,301,630,630,581
2.6637449264526367,301,630,630,581
2.664742946624756,301,629,630,581
2.665743112564087,301,629,630,581
2.666740894317627,334,630,629,581
2.6677443981170654,334,630,629,581
2.6687421798706055,334,630,629,581
2.66974139213562,334,630,629,580
2.670743465423584,334,630,629,580
2.670743465423584,301,630,629,580
2.671743631362915,301,630,629,580
2.672745704650879,301,630,629,580
2.6737444400787354,301,629,629,580
2.6747448444366455,301,628,629,580
2.6757450103759766,301,628,629,581
2.6767444610595703,301,628,629,581
2.677748918533325,301,628,629,581
2.678943634033203,301,628,629,581
2.679751396179199,301,629,629,581
2.6807680130004883,300,629,629,581
2.681765079498291,300,629,629,581
2.681765079498291,300,630,629,581
2.6827640533447266,300,630,629,580
2.683764696121216,300,630,629,580
2.6847646236419678,300,630,629,580
2.6857645511627197,300,630,629,580
2.68676495552063,300,629,630,580
2.6877639293670654,300,629,630,581
2.688764810562134,300,628,630,581
2.689763069152832,300,628,630,581
2.6907660961151123,301,628,630,581
2.6907660961151123,300,628,630,581
2.6917665004730225,300,629,630,581
2.6927671432495117,300,629,630,581
2.6937668323516846,300,630,630,581
2.6947824954986572,300,630,630,581
2.6947824954986572,300,630,630,581
2.6947824954986572,300,631,630,581
2.6947824954986572,300,631,630,581
2.6947824954986572,300,630,630,581
2.6947824954986572,300,630,630,581
2.6947824954986572,300,630,630,581
2.6947824954986572,301,630,630,581
2.6947824954986572,301,630,630,581
2.6947824954986572,301,630,630,581
2.6947824954986572,301,630,630,581
2.6947824954986572,301,630,630,581
2.6947824954986572,301,630,630,581
2.6947824954986572,301,630,630,581
2.6947824954986572,301,630,630,581
2.6947824954986572,301,630,630,581
2.6947824954986572,301,631,630,581
2.6947824954986572,301,630,630,581
2.710904836654663,301,630,630,581
2.710904836654663,300,630,630,581
2.710904836654663,301,630,630,581
2.710904836654663,301,630,630,581
2.710904836654663,301,630,630,581
2.710904836654663,301,630,630,581
2.710904836654663,301,630,630,581
2.710904836654663,301,630,630,581
2.710904836654663,301,630,630,581
2.710904836654663,301,630,630,581
2.710904836654663,301,630,630,581
2.710904836654663,301,630,630,581
2.710904836654663,301,630,630,581
2.710904836654663,301,630,630,581
2.710904836654663,301,630,630,581
2.710904836654663,301,630,630,581
2.710904836654663,301,630,630,581
2.710904836654663,301,630,630,581
2.727045774459839,334,630,629,581
2.727045774459839,334,630,629,581
2.727045774459839,334,630,629,581
2.727045774459839,334,630,629,581
2.727045774459839,301,630,629,580
2.7316501140594482,301,630,629,580
2.7316501140594482,301,630,629,580
2.7316501140594482,301,630,629,580
2.7316501140594482,301,629,629,580
2.7316501140594482,301,629,629,580
2.7316501140594482,301,629,629,580
2.7316501140594482,301,628,629,580
2.7316501140594482,301,628,629,581
2.7316501140594482,301,628,629,581
2.7316501140594482,301,628,629,581
2.7316501140594482,301,628,629,581
2.7316501140594482,301,628,629,581
2.742570400238037,301,629,629,581
2.742570400238037,301,629,629,581
2.742570400238037,300,629,629,581
2.742570400238037,300,630,629,581
2.742570400238037,301,630,629,581
2.742570400238037,334,630,631,581
2.742570400238037,334,630,631,581
2.742570400238037,334,630,631,581
2.742570400238037,334,630,631,581
2.742570400238037,301,630,631,581
2.742570400238037,301,630,631,581
2.742570400238037,301,630,631,581
2.742570400238037,301,630,631,582
2.742570400238037,301,630,631,582
2.742570400238037,300,630,631,582
2.742570400238037,300,630,631,582
2.742570400238037,300,631,631,582
2.742570400238037,300,631,631,582
2.7584502696990967,300,631,631,582
2.759732961654663,301,632,631,582
2.759732961654663,301,632,631,581
2.759732961654663,300,632,631,581
2.759732961654663,300,632,631,581
2.759732961654663,300,632,631,581
2.759732961654663,300,631,631,581
2.759732961654663,300,631,631,581
2.759732961654663,300,631,631,581
2.759732961654663,300,630,629,581
2.759732961654663,300,630,629,581
2.759732961654663,300,630,629,581
2.759732961654663,300,630,629,581
2.759732961654663,300,630,629,581
2.759732961654663,300,630,629,581
2.759732961654663,300,630,629,581
2.759732961654663,300,630,629,580
2.77447509765625,300,630,629,580
2.77447509765625,300,630,629,580
2.7759411334991455,300,630,629,580
2.7759411334991455,300,630,629,580
2.7759411334991455,300,629,629,580
2.7759411334991455,300,629,629,580
2.7759411334991455,300,628,629,580
2.7759411334991455,300,628,629,581
2.7759411334991455,300,628,629,581
2.7759411334991455,300,628,629,581
2.7759411334991455,300,628,629,581
2.7759411334991455,300,628,629,581
2.7759411334991455,300,629,629,581
2.7759411334991455,300,629,629,581
2.7759411334991455,300,630,631,581
2.7759411334991455,300,630,631,581
2.7759411334991455,300,630,631,581
2.790391206741333,300,630,631,581
2.790391206741333,300,630,631,581
2.790391206741333,300,630,631,581
2.790391206741333,300,630,631,582
2.790391206741333,300,630,631,582
2.790391206741333,301,630,631,582
2.790391206741333,301,630,631,582
2.790391206741333,300,631,631,582
2.790391206741333,300,631,631,582
2.790391206741333,300,632,631,582
2.790391206741333,300,632,631,581
2.790391206741333,300,632,631,581
2.790391206741333,301,632,631,581
2.790391206741333,301,632,631,581
2.790391206741333,301,631,631,581
2.790391206741333,300,631,631,581
2.790391206741333,300,631,631,581
2.790391206741333,300,630,631,581
2.8061141967773438,300,630,631,581
2.8061141967773438,301,630,629,581
2.8061141967773438,300,630,629,581
2.8061141967773438,300,630,629,581
2.809770345687866,300,630,629,581
2.809770345687866,300,630,629,581
2.809770345687866,300,630,629,581
2.809770345687866,301,630,629,581
2.8137853145599365,301,630,629,580
2.8143692016601562,301,630,629,580
2.8143692016601562,301,630,629,580
2.8143692016601562,301,630,629,580
2.8143692016601562,301,630,629,580
2.8143692016601562,301,630,629,580
2.8143692016601562,301,629,629,580
2.8143692016601562,301,628,629,580
2.8143692016601562,301,628,629,580
2.8218090534210205,301,628,629,581
2.8218090534210205,301,628,629,581
2.8218090534210205,301,628,629,581
2.8218090534210205,301,629,629,581
2.8218090534210205,301,629,629,581
2.8218090534210205,301,629,629,581
2.8218090534210205,301,630,632,581
2.8218090534210205,301,630,632,581
2.8218090534210205,301,630,632,582
2.8218090534210205,301,630,632,582
2.8218090534210205,301,631,632,582
2.831805467605591,301,631,632,582
2.831805467605591,301,631,632,582
2.831805467605591,301,632,632,582
2.831805467605591,301,632,632,582
2.831805467605591,302,632,632,582
2.831805467605591,301,632,632,582
2.831805467605591,301,632,632,582
2.837510347366333,301,632,632,582
2.837510347366333,301,632,632,582
2.837510347366333,301,632,632,582
2.837510347366333,301,632,632,582
2.837510347366333,301,632,632,582
2.837510347366333,301,632,632,582
2.837510347366333,301,632,632,582
2.837510347366333,301,632,632,582
2.837510347366333,301,632,632,582
2.837510347366333,301,632,632,582
2.837510347366333,334,632,628,581
2.837510347366333,334,632,628,580
2.837510347366333,334,632,628,580
2.837510347366333,334,631,628,580
2.837510347366333,301,631,628,580
2.837510347366333,300,630,628,580
2.837510347366333,300,629,628,580
2.8532791137695312,300,629,628,580
2.8544814586639404,300,629,628,580
2.8544814586639404,300,628,628,580
2.8544814586639404,300,628,628,580
2.8544814586639404,300,628,628,580
2.8544814586639404,300,628,628,580
2.8544814586639404,300,628,628,580
2.8544814586639404,301,628,628,580
2.8544814586639404,301,628,628,580
2.8544814586639404,300,628,628,580
2.8544814586639404,300,627,628,580
2.8544814586639404,300,628,628,580
2.8544814586639404,300,627,628,580
2.8544814586639404,300,627,628,580
2.8544814586639404,300,627,628,580
2.8544814586639404,300,628,631,581
2.8544814586639404,300,628,631,581
2.8689565658569336,300,628,631,581
2.8689565658569336,300,628,631,582
2.8707897663116455,300,629,631,582
2.8720200061798096,300,629,631,582
2.8728458881378174,300,630,631,582
2.8728458881378174,300,630,631,582
2.8738577365875244,300,631,631,582
2.8748555183410645,300,631,631,582
2.8758561611175537,300,632,631,582
2.8768558502197266,300,632,631,581
2.877861738204956,300,632,631,581
2.8785669803619385,300,632,631,581
2.8797080516815186,300,632,631,581
2.8807051181793213,301,631,631,581
2.881704092025757,301,631,631,581
2.8827059268951416,301,630,631,581
2.8837060928344727,300,630,631,581
2.884704828262329,300,630,631,581
2.885706901550293,300,630,631,582
2.885706901550293,300,630,631,582
2.8867056369781494,300,630,629,581
2.887704372406006,300,630,629,581
2.8893375396728516,300,631,629,581
2.8895881175994873,300,631,629,581
2.8906004428863525,300,631,629,581
2.891601324081421,300,631,629,580
2.892601490020752,300,630,629,580
2.893604040145874,300,630,629,580
2.894604444503784,301,630,629,580
2.894604444503784,301,629,629,580
2.894604444503784,301,629,629,580
2.894604444503784,301,629,629,580
2.894604444503784,301,628,629,580
2.894604444503784,301,628,629,581
2.894604444503784,301,628,629,581
2.894604444503784,301,628,629,581
2.894604444503784,301,628,629,581
2.894604444503784,301,629,629,581
2.894604444503784,300,629,629,581
2.894604444503784,300,629,629,581
2.894604444503784,300,630,629,581
2.894604444503784,300,630,629,581
2.894604444503784,301,630,631,581
2.894604444503784,301,630,631,581
2.894604444503784,301,630,631,581
2.9104955196380615,301,630,631,581
2.9104955196380615,301,630,631,581
2.9104955196380615,301,630,631,581
2.913116693496704,301,630,631,581
2.9139368534088135,301,630,631,582
2.9139368534088135,301,630,631,582
2.9139368534088135,301,630,631,582
2.9139368534088135,301,630,631,582
2.9139368534088135,301,631,631,582
2.9139368534088135,301,631,631,582
2.9139368534088135,301,632,631,582
2.9139368534088135,301,632,631,581
2.9139368534088135,301,632,631,581
2.9139368534088135,301,632,631,581
2.9139368534088135,301,632,631,581
2.9139368534088135,301,631,631,581
2.9139368534088135,301,631,631,581
2.9139368534088135,301,630,631,581
2.9261937141418457,301,630,631,581
2.9261937141418457,301,630,630,581
2.9261937141418457,301,630,630,581
2.9261937141418457,301,630,630,581
2.9261937141418457,301,630,630,581
2.9261937141418457,301,630,630,581
2.9261937141418457,301,630,630,581
2.9326870441436768,301,630,630,581
2.9326870441436768,301,630,630,581
2.9326870441436768,301,630,630,581
2.9326870441436768,300,630,630,581
2.9326870441436768,300,630,630,581
2.9326870441436768,301,630,630,581
2.9326870441436768,301,630,630,581
2.9326870441436768,301,630,630,581
2.9326870441436768,301,630,630,581
2.9326870441436768,301,630,630,581
2.9326870441436768,301,630,630,581
2.941969633102417,301,630,630,581
2.941969633102417,301,629,630,581
2.941969633102417,300,629,630,581
2.941969633102417,300,630,630,582
2.941969633102417,300,630,630,581
2.941969633102417,300,630,630,581
2.941969633102417,300,630,630,581
2.941969633102417,300,631,630,581
2.941969633102417,300,631,630,581
2.941969633102417,300,631,630,581
2.941969633102417,300,631,630,581
2.941969633102417,300,630,630,581
2.941969633102417,300,630,630,581
2.941969633102417,300,630,630,581
2.941969633102417,300,630,630,581
2.941969633102417,300,630,630,581
2.941969633102417,300,630,630,581
2.941969633102417,300,630,630,581
2.9577746391296387,300,630,630,581
2.9577746391296387,300,630,630,581
2.9597952365875244,300,630,630,581
2.9597952365875244,301,630,630,581
2.9619667530059814,301,630,630,581
2.9619667530059814,301,630,630,581
2.9619667530059814,301,630,630,581
2.9619667530059814,301,630,630,581
2.9619667530059814,302,630,630,581
2.9619667530059814,302,630,630,581
2.9619667530059814,302,630,632,582
2.9619667530059814,302,630,632,582
2.9619667530059814,302,631,632,582
2.9619667530059814,303,631,632,582
2.9619667530059814,303,631,632,582
2.9619667530059814,303,632,632,582
2.9619667530059814,303,632,632,582
2.973513603210449,304,632,632,582
2.9748647212982178,304,633,632,582
2.975691080093384,304,633,632,582
2.975691080093384,305,633,632,582
2.975691080093384,305,633,632,581
2.975691080093384,306,633,632,581
2.975691080093384,307,632,632,581
2.975691080093384,307,632,632,581
2.975691080093384,308,632,632,581
2.975691080093384,308,631,632,581
2.975691080093384,308,631,632,582
2.975691080093384,308,631,632,582
2.975691080093384,309,630,632,582
2.975691080093384,309,630,632,582
2.975691080093384,310,631,632,582
2.975691080093384,310,632,635,583
2.975691080093384,311,632,635,583
2.975691080093384,311,633,635,583
2.975691080093384,312,633,635,583
2.990668296813965,313,634,635,583
2.992119312286377,313,634,635,583
2.9925806522369385,314,634,635,583
2.9925806522369385,315,635,635,583
2.9925806522369385,315,635,635,583
2.995168447494507,316,635,635,583
2.995168447494507,316,635,635,583
2.995168447494507,317,635,635,583
2.995168447494507,318,635,635,583
2.995168447494507,318,635,635,583
2.995168447494507,319,635,635,583
2.995168447494507,320,635,635,583
2.995168447494507,320,635,635,583
2.995168447494507,321,635,635,583
2.995168447494507,321,635,635,583
2.995168447494507,322,635,635,583
2.995168447494507,322,635,635,583
3.0063931941986084,323,635,635,583
3.0063931941986084,354,635,639,584
3.0063931941986084,355,634,639,585
3.0063931941986084,356,635,639,585
3.0063931941986084,357,635,639,585
3.0063931941986084,326,635,639,586
3.0063931941986084,327,636,639,586
3.0063931941986084,327,637,639,586
3.0063931941986084,328,638,639,586
3.0063931941986084,328,639,639,586
3.0063931941986084,329,639,639,585
3.0063931941986084,329,639,639,585
3.0063931941986084,330,640,639,585
3.0063931941986084,330,640,639,585
3.0063931941986084,330,640,639,585
3.0063931941986084,330,639,639,585
3.0063931941986084,331,639,639,585
3.022174596786499,331,638,639,586
3.0227010250091553,331,637,639,586
3.0227010250091553,331,638,639,586
3.0227010250091553,331,638,639,586
3.0227010250091553,331,638,639,586
3.0227010250091553,331,638,639,586
3.0227010250091553,331,638,639,586
3.0227010250091553,330,639,639,586
3.0227010250091553,330,639,639,586
3.0227010250091553,330,640,639,586
3.0227010250091553,330,640,639,586
3.0319108963012695,330,639,639,586
3.0319108963012695,329,639,639,586
3.0319108963012695,329,639,639,586
3.0319108963012695,328,639,639,586
3.0319108963012695,328,639,639,586
3.0319108963012695,327,639,639,586
3.0319108963012695,326,639,639,586
3.0386970043182373,325,639,639,586
3.0394647121429443,325,639,639,586
3.0394647121429443,324,639,639,586
3.0394647121429443,323,638,639,586
3.0394647121429443,322,639,639,586
3.0394647121429443,321,639,639,586
3.0394647121429443,320,638,639,586
3.0394647121429443,320,638,639,586
3.0394647121429443,319,638,639,586
3.0394647121429443,318,638,639,586
3.0394647121429443,317,639,632,584
3.0394647121429443,316,639,632,584
3.0394647121429443,315,639,632,584
3.0394647121429443,314,638,632,583
3.0394647121429443,313,637,632,583
3.0394647121429443,312,636,632,582
3.0394647121429443,311,635,632,582
3.0536155700683594,310,634,632,582
3.0536155700683594,309,633,632,582
3.0536155700683594,308,632,632,582
3.0536155700683594,307,631,632,582
3.0536155700683594,307,631,632,583
3.0536155700683594,306,631,632,583
3.0536155700683594,305,631,632,583
3.0536155700683594,305,631,632,583
3.0536155700683594,304,631,632,583
3.0536155700683594,304,632,632,583
3.0536155700683594,303,632,632,583
3.0536155700683594,303,632,632,583
3.0536155700683594,302,632,632,583
3.0536155700683594,302,633,632,583
3.0536155700683594,302,633,640,585
3.0536155700683594,335,633,640,585
3.0536155700683594,335,633,640,585
3.0693135261535645,334,634,640,586
3.0693135261535645,334,634,640,586
3.0693135261535645,301,635,640,586
3.0693135261535645,301,637,640,587
3.0693135261535645,301,638,640,587
3.0693135261535645,301,639,640,587
3.0693135261535645,301,640,640,587
3.0693135261535645,302,640,640,586
3.0693135261535645,302,641,640,586
3.0693135261535645,302,641,640,586
3.0693135261535645,302,641,640,586
3.0693135261535645,303,641,640,586
3.0693135261535645,303,641,640,586
3.0693135261535645,303,640,640,586
3.0693135261535645,304,640,640,586
3.0693135261535645,304,640,640,586
3.0693135261535645,304,640,640,586
3.0850534439086914,305,640,640,586
3.0850534439086914,305,640,640,586
3.086691379547119,306,640,640,586
3.086691379547119,306,640,645,588
3.086691379547119,307,640,645,588
3.086691379547119,307,640,645,588
3.086691379547119,308,641,645,588
3.086691379547119,308,641,645,589
3.086691379547119,308,642,645,589
3.086691379547119,309,642,645,589
3.086691379547119,309,644,645,589
3.086691379547119,310,644,645,589
3.086691379547119,310,645,645,589
3.086691379547119,311,646,645,589
3.086691379547119,311,645,645,589
3.086691379547119,311,645,645,589
3.086691379547119,312,645,645,589
3.100757360458374,312,645,645,589
3.100757360458374,312,645,645,589
3.100757360458374,313,645,645,589
3.100757360458374,313,645,645,589
3.100757360458374,312,645,645,589
3.100757360458374,312,644,645,589
3.100757360458374,312,644,645,589
3.100757360458374,312,644,645,589
3.100757360458374,312,644,643,589
3.100757360458374,311,645,643,589
3.100757360458374,311,645,643,588
3.100757360458374,310,644,643,588
3.100757360458374,310,644,643,588
3.100757360458374,309,644,643,588
3.100757360458374,309,643,643,588
3.100757360458374,308,643,643,588
3.100757360458374,307,643,643,588
3.100757360458374,306,643,643,588
3.116759777069092,306,642,643,588
3.117859363555908,305,642,643,588
3.1181037425994873,304,642,643,589
3.1181037425994873,304,642,643,589
3.1181037425994873,303,642,643,589
3.1181037425994873,302,642,643,589
3.1181037425994873,301,643,643,589
3.1181037425994873,300,643,643,589
3.1181037425994873,299,643,643,589
3.1181037425994873,299,644,643,588
3.1181037425994873,298,644,643,588
3.1181037425994873,297,644,643,588
3.1181037425994873,296,644,634,585
3.1181037425994873,295,643,634,585
3.1181037425994873,294,642,634,585
3.1181037425994873,293,642,634,584
3.1181037425994873,292,640,634,584
3.1320199966430664,292,639,634,583
3.1320199966430664,290,638,634,583
3.1320199966430664,290,636,634,583
3.1320199966430664,289,634,634,584
3.1320199966430664,288,634,634,584
3.1320199966430664,288,633,634,584
3.1320199966430664,287,633,634,584
3.1320199966430664,287,633,634,584
3.1320199966430664,286,634,634,584
3.1320199966430664,285,634,634,584
3.1320199966430664,285,634,634,584
3.1320199966430664,285,634,634,584
3.1320199966430664,284,634,634,584
3.1320199966430664,284,634,634,584
3.1320199966430664,284,634,634,584
3.1320199966430664,284,635,634,584
3.1320199966430664,283,635,634,584
3.147787570953369,318,635,641,585
3.147787570953369,318,635,641,586
3.147787570953369,318,635,641,586
3.147787570953369,318,635,641,587
3.147787570953369,283,636,641,587
3.147787570953369,283,637,641,587
3.147787570953369,283,638,641,588
3.147787570953369,284,639,641,588
3.147787570953369,284,640,641,587
3.147787570953369,284,641,641,588
3.147787570953369,284,642,641,587
3.147787570953369,285,642,641,587
3.147787570953369,285,642,641,587
3.147787570953369,286,642,641,587
3.147787570953369,287,642,641,587
3.147787570953369,287,642,641,587
3.147787570953369,288,642,641,587
3.1635236740112305,288,642,641,587
3.1635236740112305,289,642,641,587
3.165245771408081,289,641,641,586
3.1658148765563965,290,641,641,587
3.1658148765563965,290,641,643,587
3.1658148765563965,291,641,643,587
3.1658148765563965,292,641,643,587
3.1658148765563965,293,642,643,587
3.1658148765563965,293,642,643,587
3.1658148765563965,294,641,643,587
3.1658148765563965,295,642,643,588
3.1658148765563965,296,642,643,588
3.1658148765563965,297,642,643,588
3.1658148765563965,298,642,643,588
3.1658148765563965,298,642,643,588
3.1658148765563965,299,643,643,588
3.1658148765563965,300,643,643,588
3.1658148765563965,301,643,643,588
3.1793909072875977,302,643,643,588
3.1807782649993896,303,643,643,588
3.1812126636505127,303,644,643,588
3.1812126636505127,304,644,643,588
3.1812126636505127,305,643,643,588
3.1812126636505127,305,643,643,588
3.1812126636505127,306,643,643,588
3.1812126636505127,306,643,643,588
3.1812126636505127,306,643,646,589
3.1812126636505127,307,643,646,589
3.1812126636505127,307,643,646,589
3.1812126636505127,308,643,646,589
3.1812126636505127,308,643,646,589
3.1812126636505127,309,644,646,590
3.1812126636505127,309,644,646,590
3.1812126636505127,309,644,646,590
3.194406032562256,310,645,646,590
3.194720983505249,310,645,646,590
3.196092367172241,310,646,646,590
3.1963675022125244,310,646,646,590
3.197380542755127,310,646,646,590
3.1983766555786133,310,646,646,590
3.199376344680786,310,646,646,590
3.2003769874572754,310,646,646,590
3.2013754844665527,310,646,646,590
3.2023777961730957,310,646,646,590
3.2023777961730957,309,646,646,590
3.204380512237549,309,646,646,590
3.204380512237549,308,646,646,590
3.205378770828247,308,646,646,590
3.206378698348999,308,646,646,590
3.2073826789855957,307,646,636,587
3.2083799839019775,307,645,636,586
3.209381341934204,306,645,636,586
3.2103774547576904,305,644,636,585
3.211386203765869,305,643,636,585
3.212623119354248,304,641,636,584
3.2133591175079346,303,639,636,584
3.2137093544006348,303,637,636,585
3.2147216796875,302,636,636,585
3.2157204151153564,301,635,636,585
3.216721296310425,300,634,636,585
3.2177371978759766,300,634,636,585
3.2187299728393555,299,635,636,586
3.2187299728393555,298,635,636,585
3.2207367420196533,297,635,636,586
3.2207367420196533,297,636,636,585
3.2217328548431396,296,636,636,585
3.2227327823638916,295,636,636,585
3.2237305641174316,295,636,636,585
3.224733591079712,294,636,636,585
3.225733995437622,293,636,636,585
3.226738691329956,293,635,636,585
3.227733850479126,327,635,636,586
3.227733850479126,326,635,636,586
3.227733850479126,326,636,636,586
3.227733850479126,325,636,636,586
3.227733850479126,290,637,636,586
3.2323007583618164,289,637,636,585
3.2323007583618164,289,637,636,585
3.2323007583618164,288,638,636,585
3.2323007583618164,288,638,636,585
3.2323007583618164,288,637,636,585
3.2323007583618164,288,637,636,585
3.2323007583618164,287,637,636,585
3.2323007583618164,287,637,636,585
3.2323007583618164,287,636,636,585
3.2323007583618164,287,636,636,585
3.2323007583618164,286,636,636,585
3.2323007583618164,286,636,636,585
3.2323007583618164,286,637,636,585
3.2434470653533936,286,636,636,585
3.2434470653533936,286,636,636,585
3.2434470653533936,286,636,636,585
3.2434470653533936,286,636,636,585
3.2434470653533936,286,636,638,585
3.2434470653533936,287,637,638,585
3.2434470653533936,287,637,638,585
3.2434470653533936,287,637,638,585
3.2434470653533936,287,637,638,586
3.2434470653533936,287,637,638,586
3.2434470653533936,288,637,638,586
3.2434470653533936,288,637,638,586
3.2434470653533936,288,638,638,586
3.2434470653533936,289,638,638,586
3.2434470653533936,289,639,638,586
3.2434470653533936,289,639,638,585
3.2434470653533936,290,639,638,585
3.2591140270233154,291,639,638,585
3.2591140270233154,291,639,638,585
3.2591140270233154,292,639,638,585
3.2591140270233154,293,639,638,585
3.2591140270233154,293,638,638,585
3.2591140270233154,294,637,638,585
3.2591140270233154,294,637,638,585
3.2591140270233154,295,637,638,585
3.2591140270233154,296,637,638,586
3.2591140270233154,296,637,644,587
3.2591140270233154,297,637,644,588
3.2591140270233154,298,638,644,588
3.2591140270233154,298,639,644,589
3.2591140270233154,299,640,644,589
3.2591140270233154,300,642,644,589
3.2591140270233154,301,643,644,589
3.2591140270233154,301,644,644,589
3.274801254272461,302,645,644,589
3.274801254272461,302,645,644,588
3.274801254272461,303,645,644,588
3.274801254272461,304,645,644,588
3.278748035430908,304,645,644,588
3.279273748397827,305,644,644,588
3.279273748397827,305,644,644,588
3.279273748397827,306,644,644,588
3.279273748397827,306,643,644,588
3.279273748397827,307,643,644,589
3.279273748397827,307,643,644,589
3.279273748397827,307,643,644,589
3.279273748397827,308,643,644,589
3.279273748397827,308,643,644,589
3.279273748397827,308,643,640,588
3.279273748397827,308,644,640,588
3.279273748397827,308,644,640,587
3.290496349334717,308,644,640,587
3.290496349334717,308,644,640,587
3.290496349334717,308,643,640,586
3.290496349334717,308,642,640,586
3.290496349334717,308,641,640,586
3.290496349334717,308,640,640,586
3.290496349334717,308,639,640,586
3.290496349334717,307,639,640,587
3.290496349334717,307,639,640,587
3.290496349334717,307,638,640,587
3.290496349334717,307,638,640,587
3.290496349334717,307,638,640,587
3.290496349334717,306,639,640,587
3.290496349334717,306,639,640,587
3.290496349334717,305,640,640,587
3.290496349334717,304,640,640,587
3.290496349334717,304,639,640,587
3.306150436401367,304,639,640,587
3.306150436401367,303,639,640,587
3.308128833770752,337,639,635,586
3.308723211288452,336,640,635,586
3.308723211288452,335,640,635,585
3.308723211288452,335,639,635,585
3.308723211288452,300,639,635,585
3.308723211288452,300,638,635,585
3.308723211288452,299,637,635,584
3.308723211288452,298,636,635,584
3.308723211288452,298,636,635,585
3.308723211288452,297,636,635,584
3.308723211288452,297,635,635,585
3.308723211288452,296,635,635,585
3.308723211288452,295,635,635,585
3.308723211288452,295,635,635,585
3.308723211288452,294,635,635,585
3.308723211288452,294,635,635,585
3.3219223022460938,293,635,635,585
3.3219223022460938,293,635,635,584
3.3219223022460938,292,636,635,584
3.3219223022460938,291,636,635,584
3.3219223022460938,291,636,635,584
3.3219223022460938,291,636,635,584
3.3219223022460938,325,636,635,584
3.3219223022460938,325,635,635,584
3.3219223022460938,324,635,635,584
3.3219223022460938,324,634,635,584
3.3219223022460938,289,634,635,584
3.3322458267211914,289,634,635,584
3.3322458267211914,289,635,635,584
3.3322458267211914,289,635,635,584
3.3322458267211914,288,634,635,584
3.3322458267211914,288,634,635,585
3.3322458267211914,288,634,635,585
3.3377459049224854,288,634,635,585
3.3377459049224854,288,635,635,585
3.3377459049224854,288,636,635,585
3.3377459049224854,288,636,635,584
3.3377459049224854,289,636,635,584
3.3377459049224854,289,637,635,584
3.3377459049224854,289,636,635,584
3.3377459049224854,289,635,635,584
3.3377459049224854,289,635,635,584
3.3377459049224854,289,635,635,584
3.3377459049224854,290,635,639,585
3.3377459049224854,290,635,639,585
3.3377459049224854,290,635,639,586
3.3377459049224854,291,635,639,586
3.3377459049224854,291,636,639,586
3.3377459049224854,291,637,639,586
3.3377459049224854,292,637,639,586
3.3534536361694336,292,638,639,586
3.3547213077545166,293,639,639,586
3.3547213077545166,294,639,639,586
3.3547213077545166,294,639,639,586
3.3547213077545166,295,640,639,586
3.3547213077545166,295,640,639,586
3.3547213077545166,296,640,639,586
3.3547213077545166,296,640,639,586
3.3547213077545166,297,640,639,586
3.3547213077545166,297,640,639,586
3.3547213077545166,298,640,639,585
3.3547213077545166,298,640,639,585
3.3547213077545166,299,640,639,585
3.3547213077545166,300,639,639,585
3.3547213077545166,300,639,639,585
3.3547213077545166,301,638,641,586
3.3547213077545166,301,638,641,586
3.369210958480835,302,638,641,587
3.369210958480835,302,638,641,587
3.371150255203247,303,638,641,587
3.371999502182007,303,638,641,587
3.372805118560791,303,639,641,587
3.373816967010498,304,640,641,587
3.373816967010498,304,640,641,587
3.374814510345459,305,641,641,587
3.375814914703369,305,641,641,587
3.3778202533721924,305,641,641,587
3.3778202533721924,306,641,641,587
3.3787810802459717,306,641,641,587
3.3797943592071533,306,641,641,587
3.380805015563965,307,641,641,587
3.3817927837371826,307,641,641,587
3.3827929496765137,307,641,641,587
3.383793354034424,308,641,641,587
3.3847968578338623,308,640,641,587
3.3847968578338623,308,640,641,587
3.385796070098877,307,640,641,588
3.3867931365966797,307,640,637,587
3.3877973556518555,341,641,637,586
3.389105796813965,340,641,637,586
3.389925003051758,340,641,637,586
3.3909387588500977,340,641,637,586
3.3909387588500977,306,641,637,585
3.3919384479522705,306,640,637,585
3.392937183380127,306,640,637,585
3.3939361572265625,305,639,637,585
3.394940137863159,305,638,637,585
3.395850896835327,305,637,637,585
3.395850896835327,304,636,637,585
3.395850896835327,304,636,637,585
3.3984293937683105,304,636,637,585
3.3999335765838623,303,636,637,585
3.3999335765838623,303,636,637,585
3.3999335765838623,303,636,637,585
3.3999335765838623,302,636,637,586
3.3999335765838623,302,636,637,586
3.3999335765838623,301,636,637,586
3.3999335765838623,300,636,637,586
3.3999335765838623,300,637,637,586
3.3999335765838623,299,637,634,585
3.3999335765838623,298,638,634,584
3.3999335765838623,298,638,634,584
3.410179376602173,298,638,634,584
3.4105544090270996,297,637,634,584
3.4105544090270996,297,637,634,584
3.4105544090270996,296,636,634,583
3.4105544090270996,296,635,634,583
3.4105544090270996,295,634,634,584
3.4105544090270996,295,634,634,584
3.4105544090270996,294,633,634,584
3.4105544090270996,294,633,634,584
3.4105544090270996,294,633,634,584
3.4105544090270996,293,633,634,584
3.4105544090270996,293,634,634,584
3.4105544090270996,292,634,634,584
3.4105544090270996,292,634,634,584
3.4105544090270996,292,634,634,584
3.4105544090270996,291,634,634,584
3.4105544090270996,291,634,634,584
3.4255144596099854,291,634,634,584
3.4255144596099854,290,634,634,584
3.4255144596099854,290,634,635,584
3.4255144596099854,290,634,635,584
3.4255144596099854,290,634,635,584
3.4255144596099854,290,634,635,584
3.4255144596099854,290,635,635,584
3.4255144596099854,290,635,635,584
3.432290554046631,290,635,635,584
3.432290554046631,290,635,635,584
3.432290554046631,290,635,635,584
3.432290554046631,290,635,635,584
3.432290554046631,291,635,635,584
3.432290554046631,291,635,635,584
3.432290554046631,291,635,635,584
3.432290554046631,291,635,635,584
3.432290554046631,291,635,635,584
3.432290554046631,291,635,635,584
3.441448211669922,291,635,635,584
3.441448211669922,292,635,635,584
3.441448211669922,292,635,635,584
3.441448211669922,292,635,635,584
3.441448211669922,293,635,635,584
3.441448211669922,293,635,635,584
3.441448211669922,293,635,635,584
3.441448211669922,294,635,639,585
3.441448211669922,294,636,639,586
3.441448211669922,295,636,639,586
3.441448211669922,295,636,639,586
3.441448211669922,295,637,639,586
3.441448211669922,296,638,639,586
3.441448211669922,297,638,639,586
3.441448211669922,297,639,639,586
3.441448211669922,297,639,639,586
3.441448211669922,298,639,639,586
3.441448211669922,298,639,639,586
3.4571375846862793,299,640,639,586
3.4571375846862793,299,640,639,586
3.4571375846862793,300,640,639,586
3.4571375846862793,300,640,639,585
3.4571375846862793,301,640,639,585
3.4571375846862793,301,639,639,585
3.4571375846862793,302,639,639,585
3.4571375846862793,302,639,639,585
3.4571375846862793,302,638,639,586
3.4571375846862793,303,637,639,586
3.4571375846862793,303,637,639,586
3.4571375846862793,337,637,639,586
3.4571375846862793,337,637,639,586
3.4571375846862793,338,638,639,587
3.4571375846862793,338,638,639,586
3.4571375846862793,305,639,639,586
3.4571375846862793,305,640,639,586
3.473154067993164,305,640,639,586
3.473154067993164,305,640,639,586
3.473154067993164,305,639,639,586
3.473154067993164,305,639,639,586
3.473154067993164,306,639,639,586
3.473154067993164,306,639,639,586
3.473154067993164,306,639,639,586
3.473154067993164,306,639,639,586
3.473154067993164,306,639,639,586
3.473154067993164,306,639,639,586
3.473154067993164,306,639,639,586
3.473154067993164,305,639,639,586
3.473154067993164,305,639,639,586
3.473154067993164,305,639,639,586
3.473154067993164,305,639,639,586
3.473154067993164,305,639,635,585
3.473154067993164,304,638,635,585
3.488929033279419,304,638,635,585
3.4901604652404785,304,638,635,585
3.490983724594116,304,638,635,585
3.490983724594116,303,638,635,584
3.490983724594116,303,637,635,584
3.490983724594116,303,636,635,584
3.490983724594116,303,636,635,584
3.490983724594116,302,635,635,584
3.490983724594116,302,635,635,584
3.490983724594116,301,635,635,584
3.490983724594116,301,634,635,584
3.490983724594116,300,634,635,584
3.490983724594116,300,635,635,585
3.490983724594116,300,634,635,585
3.490983724594116,299,634,635,585
3.490983724594116,299,635,635,585
3.490983724594116,298,635,635,585
3.504573106765747,298,635,635,585
3.504573106765747,297,635,635,585
3.504573106765747,297,636,635,585
3.504573106765747,296,636,633,584
3.504573106765747,296,636,633,584
3.504573106765747,296,636,633,583
3.504573106765747,295,636,633,583
3.504573106765747,295,636,633,583
3.504573106765747,295,635,633,583
3.504573106765747,295,634,633,583
3.504573106765747,294,634,633,583
3.504573106765747,294,633,633,583
3.504573106765747,294,633,633,583
3.504573106765747,293,633,633,583
3.504573106765747,293,633,633,583
3.504573106765747,293,633,633,583
3.504573106765747,293,633,633,583
3.504573106765747,292,633,633,583
3.520430564880371,292,633,633,583
3.521859645843506,292,633,633,583
3.5223844051361084,292,633,633,583
3.5223844051361084,292,633,633,583
3.5223844051361084,291,633,633,583
3.5223844051361084,291,633,633,583
3.5223844051361084,291,633,633,583
3.5223844051361084,292,633,633,583
3.5223844051361084,326,633,635,583
3.5223844051361084,326,633,635,584
3.5223844051361084,326,633,635,584
3.5223844051361084,326,633,635,584
3.5223844051361084,292,634,635,584
3.5322048664093018,293,634,635,584
3.5322048664093018,293,635,635,584
3.5322048664093018,293,635,635,584
3.5322048664093018,293,635,635,584
3.5322048664093018,293,635,635,584
3.5362768173217773,293,635,635,584
3.5362768173217773,294,635,635,584
3.5362768173217773,294,635,635,584
3.5362768173217773,294,636,635,584
3.5362768173217773,295,635,635,584
3.5362768173217773,295,635,635,584
3.5362768173217773,295,635,635,584
3.5362768173217773,296,635,635,584
3.5362768173217773,296,635,635,584
3.5362768173217773,296,636,635,584
3.5362768173217773,297,635,635,584
3.5362768173217773,297,635,635,584
3.5362768173217773,297,635,638,584
3.5362768173217773,298,635,638,585
3.5362768173217773,298,635,638,585
3.5362768173217773,299,635,638,585
3.5362768173217773,299,636,638,585
3.5519659519195557,299,636,638,585
3.5519659519195557,300,637,638,585
3.5519659519195557,300,637,638,585
3.5519659519195557,300,637,638,585
3.5519659519195557,301,637,638,586
3.5519659519195557,301,637,638,586
3.5519659519195557,302,638,638,586
3.5519659519195557,302,637,638,585
3.5519659519195557,302,638,638,586
3.5519659519195557,303,638,638,586
3.5519659519195557,303,638,638,586
3.5519659519195557,303,639,638,586
3.5519659519195557,304,639,638,585
3.5519659519195557,304,639,638,585
3.5519659519195557,304,639,638,585
3.5519659519195557,304,639,638,585
3.5519659519195557,304,638,638,585
3.56771183013916,338,638,637,585
3.56771183013916,338,638,637,585
3.569729804992676,338,638,637,585
3.569729804992676,338,637,637,585
3.569729804992676,305,637,637,585
3.569729804992676,304,637,637,585
3.569729804992676,304,637,637,585
3.569729804992676,304,637,637,585
3.569729804992676,305,637,637,585
3.569729804992676,305,637,637,585
3.569729804992676,305,637,637,585
3.569729804992676,305,637,637,585
3.569729804992676,304,637,637,585
3.569729804992676,304,637,637,585
3.569729804992676,304,637,637,585
3.569729804992676,304,637,637,585
3.569729804992676,304,637,637,585
3.583589553833008,304,637,637,585
3.583589553833008,304,637,637,585
3.583589553833008,303,636,637,585
3.583589553833008,303,636,637,585
3.583589553833008,303,636,637,585
3.583589553833008,336,636,634,585
3.583589553833008,336,636,634,584
3.583589553833008,335,636,634,584
3.583589553833008,335,636,634,584
3.583589553833008,301,636,634,584
3.583589553833008,300,636,634,584
3.583589553833008,300,636,634,584
3.583589553833008,300,635,634,583
3.583589553833008,299,635,634,584
3.583589553833008,299,634,634,584
3.583589553833008,298,634,634,584
3.583589553833008,298,634,634,584
3.583589553833008,298,634,634,584
3.5992348194122314,297,634,634,584
3.5992348194122314,297,634,634,584
3.5992348194122314,297,634,634,584
3.5992348194122314,296,634,634,584
3.5992348194122314,296,635,634,583
3.5992348194122314,296,635,634,583
3.5992348194122314,296,635,634,583
3.5992348194122314,295,635,634,583
3.5992348194122314,295,635,634,583
3.5992348194122314,329,634,632,583
3.5992348194122314,328,634,632,583
3.5992348194122314,328,634,632,583
3.5992348194122314,328,633,632,582
3.5992348194122314,293,633,632,582
3.5992348194122314,293,633,632,582
3.5992348194122314,293,633,632,582
3.5992348194122314,293,632,632,582
3.6150062084198,293,632,632,582
3.6150062084198,293,632,632,582
3.6150062084198,293,632,632,582
3.6150062084198,293,632,632,582
3.6150062084198,293,631,632,582
3.6150062084198,292,631,632,583
3.6150062084198,292,631,632,583
3.6150062084198,293,632,632,583
3.6150062084198,293,632,632,583
3.6150062084198,293,632,632,583
3.6150062084198,293,633,632,583
3.6150062084198,293,633,632,582
3.6150062084198,293,633,632,582
3.6150062084198,293,633,632,582
3.6150062084198,327,633,636,583
3.6150062084198,327,632,636,583
3.6150062084198,327,632,636,584
3.6307427883148193,328,632,636,584
3.6307427883148193,328,633,636,584
3.6322624683380127,294,633,636,585
3.6327764987945557,295,634,636,585
3.6327764987945557,295,635,636,585
3.6327764987945557,295,635,636,585
3.6327764987945557,296,636,636,585
3.6327764987945557,296,637,636,585
3.6327764987945557,296,637,636,584
3.6327764987945557,297,637,636,584
3.6327764987945557,297,638,636,584
3.6327764987945557,297,637,636,584
3.6327764987945557,298,637,636,584
3.6327764987945557,298,637,636,584
3.6327764987945557,298,636,636,584
3.6327764987945557,298,636,636,584
3.6327764987945557,299,636,636,584
3.6327764987945557,299,636,636,584
3.6464478969573975,300,636,636,584
3.648069381713867,300,636,637,584
3.6483170986175537,300,636,637,584
3.6483170986175537,300,636,637,584
3.6483170986175537,301,636,637,584
3.6483170986175537,301,636,637,584
3.6483170986175537,301,636,637,584
3.6483170986175537,302,636,637,585
3.6483170986175537,302,636,637,585
3.6483170986175537,302,636,637,585
3.6483170986175537,303,636,637,585
3.6483170986175537,303,636,637,585
3.6483170986175537,303,637,637,585
3.6483170986175537,303,637,637,585
3.6483170986175537,303,637,637,585
3.6483170986175537,303,637,637,585
3.6483170986175537,304,638,637,585
3.662116527557373,304,637,637,585
3.662116527557373,304,637,637,585
3.662116527557373,304,637,637,585
3.662116527557373,304,637,637,585
3.662116527557373,304,637,637,585
3.662116527557373,304,637,637,585
3.662116527557373,303,637,635,584
3.662116527557373,303,637,635,584
3.662116527557373,303,637,635,584
3.662116527557373,303,637,635,584
3.662116527557373,304,636,635,584
3.662116527557373,303,636,635,584
3.662116527557373,303,636,635,584
3.662116527557373,303,635,635,584
3.662116527557373,303,635,635,584
3.662116527557373,303,635,635,584
3.662116527557373,302,635,635,584
3.662116527557373,303,635,635,584
3.6779873371124268,302,635,635,584
3.6779873371124268,302,635,635,584
3.6804065704345703,302,635,635,584
3.6806640625,301,635,635,584
3.6806640625,301,635,635,584
3.6806640625,301,635,635,584
3.6806640625,300,635,635,584
3.6806640625,300,635,635,584
3.6806640625,300,635,635,584
3.6806640625,300,635,635,584
3.6806640625,299,635,633,583
3.6806640625,299,635,633,583
3.6806640625,299,635,633,583
3.6806640625,299,635,633,583
3.6806640625,298,634,633,583
3.6806640625,298,634,633,583
3.6806640625,298,633,633,583
3.693706750869751,297,633,633,583
3.693706750869751,297,633,633,583
3.693706750869751,297,633,633,583
3.693706750869751,296,633,633,583
3.693706750869751,296,633,633,583
3.693706750869751,296,633,633,583
3.693706750869751,296,633,633,583
3.693706750869751,295,633,633,583
3.693706750869751,295,633,633,583
3.693706750869751,295,633,633,583
3.693706750869751,295,633,633,583
3.693706750869751,295,633,633,583
3.693706750869751,294,633,633,583
3.693706750869751,294,633,633,583
3.693706750869751,294,633,633,583
3.693706750869751,294,633,633,583
3.693706750869751,294,633,633,583
3.693706750869751,294,633,633,583
3.709406614303589,294,633,633,583
3.710754156112671,294,633,633,583
3.7117788791656494,294,633,633,583
3.7127556800842285,294,633,633,583
3.713472604751587,294,633,633,583
3.714484453201294,294,634,633,583
3.714484453201294,294,634,633,583
3.7164816856384277,294,633,633,583
3.7164816856384277,294,633,633,583
3.7174835205078125,294,633,633,583
3.7184932231903076,294,634,633,583
3.719496250152588,294,634,633,582
3.7204928398132324,294,634,633,582
3.721491813659668,294,634,633,582
3.72249436378479,295,633,633,582
3.723494291305542,295,633,633,582
3.7244925498962402,295,633,633,582
3.725497245788574,295,632,633,583
3.725497245788574,295,632,633,583
3.7274930477142334,296,632,633,583
3.728496551513672,296,632,636,583
3.728496551513672,296,632,636,584
3.728496551513672,296,633,636,584
3.728496551513672,296,633,636,584
3.728496551513672,297,634,636,584
3.73232364654541,297,635,636,584
3.73232364654541,298,635,636,584
3.73232364654541,298,635,636,584
3.73232364654541,298,635,636,584
3.73232364654541,298,636,636,584
3.73232364654541,299,636,636,584
3.73232364654541,299,636,636,584
3.73232364654541,299,636,636,584
3.73232364654541,299,636,636,584
3.73232364654541,300,636,636,584
3.73232364654541,300,636,636,584
3.73232364654541,300,636,636,584
3.73232364654541,301,636,636,584
3.7451207637786865,301,636,636,584
3.7451207637786865,301,636,636,584
3.746140480041504,301,636,636,584
3.746140480041504,302,635,636,584
3.7471375465393066,302,635,635,584
3.748134136199951,302,635,635,584
3.7492406368255615,302,635,635,584
3.750485420227051,302,635,635,584
3.751054525375366,303,635,635,584
3.752065420150757,303,636,635,584
3.753065824508667,303,635,635,584
3.7540693283081055,303,636,635,584
3.755066156387329,303,636,635,584
3.755066156387329,303,635,635,584
3.756065845489502,303,636,635,584
3.7570650577545166,304,636,635,584
3.7580666542053223,304,635,635,584
3.7590668201446533,304,635,635,584
3.7600672245025635,303,635,635,584
3.7610700130462646,303,635,635,584
3.761735200881958,303,635,635,584
3.7628870010375977,303,635,635,584
3.7638843059539795,304,636,635,584
3.7648842334747314,303,635,635,584
3.7658843994140625,303,635,635,584
3.766883373260498,303,636,635,584
3.76800274848938,336,635,634,584
3.76800274848938,336,635,634,584
3.769015073776245,336,635,634,584
3.770015239715576,336,635,634,583
3.771015167236328,336,635,634,583
3.77201247215271,302,635,634,583
3.7730164527893066,302,635,634,583
3.774016857147217,302,635,634,583
3.7750139236450195,302,634,634,583
3.7760167121887207,302,634,634,583
3.7760167121887207,301,633,634,583
3.777017593383789,301,633,634,584
3.77801775932312,301,633,634,584
3.77801775932312,300,633,634,584
3.77801775932312,300,633,634,584
3.77801775932312,300,634,634,584
3.77801775932312,300,634,634,584
3.77801775932312,299,635,634,584
3.77801775932312,299,635,634,583
3.77801775932312,299,635,634,583
3.77801775932312,299,635,634,583
3.77801775932312,298,634,634,583
3.77801775932312,332,634,632,583
3.77801775932312,331,634,632,583
3.77801775932312,331,633,632,583
3.77801775932312,330,633,632,583
3.77801775932312,330,633,632,583
3.77801775932312,297,633,632,583
3.77801775932312,297,633,632,582
3.7937862873077393,296,633,632,582
3.7937862873077393,296,633,632,582
3.7937862873077393,296,633,632,582
3.7937862873077393,296,632,632,582
3.7937862873077393,296,632,632,582
3.7937862873077393,295,632,632,582
3.7937862873077393,295,632,632,582
3.7937862873077393,295,632,632,582
3.7937862873077393,295,631,632,583
3.7937862873077393,295,631,632,583
3.7937862873077393,295,631,632,583
3.7937862873077393,295,631,632,583
3.7937862873077393,295,632,632,583
3.7937862873077393,295,632,632,583
3.7937862873077393,295,633,632,582
3.7937862873077393,328,633,634,583
3.7937862873077393,328,633,634,583
3.8094794750213623,328,633,634,583
3.8094794750213623,328,633,634,583
3.8115122318267822,328,633,634,583
3.8115122318267822,295,634,634,583
3.8115122318267822,295,634,634,583
3.813523769378662,295,634,634,583
3.813523769378662,295,634,634,583
3.813523769378662,295,634,634,583
3.813523769378662,295,634,634,583
3.813523769378662,295,634,634,583
3.813523769378662,296,634,634,583
3.813523769378662,296,634,634,583
3.813523769378662,296,634,634,583
3.813523769378662,296,634,634,583
3.813523769378662,296,634,634,583
3.813523769378662,297,634,634,583
3.813523769378662,297,634,634,583
3.813523769378662,297,634,634,583
3.825329303741455,297,633,634,583
3.825329303741455,297,633,634,583
3.825329303741455,298,634,634,583
3.825329303741455,331,633,635,583
3.825329303741455,331,633,635,583
3.825329303741455,332,634,635,584
3.825329303741455,332,634,635,584
3.825329303741455,299,634,635,584
3.8324077129364014,299,634,635,584
3.8324077129364014,300,635,635,584
3.8324077129364014,300,635,635,584
3.8324077129364014,300,635,635,584
3.8324077129364014,300,636,635,584
3.8324077129364014,300,636,635,583
3.8324077129364014,301,636,635,583
3.8324077129364014,301,636,635,583
3.8324077129364014,301,636,635,583
3.841365098953247,301,635,635,583
3.841365098953247,302,635,635,583
3.841365098953247,302,635,635,583
3.841365098953247,302,634,635,584
3.841365098953247,302,634,635,584
3.841365098953247,303,634,635,584
3.841365098953247,303,634,635,584
3.841365098953247,336,634,635,584
3.841365098953247,336,635,635,584
3.841365098953247,336,635,635,584
3.841365098953247,336,635,635,584
3.841365098953247,336,636,635,584
3.841365098953247,303,636,635,584
3.841365098953247,303,635,635,584
3.841365098953247,303,635,635,584
3.841365098953247,303,636,635,583
3.841365098953247,303,635,635,584
3.841365098953247,303,635,635,584
3.857006788253784,303,635,635,584
3.857006788253784,303,635,635,584
3.857006788253784,303,635,635,584
3.857006788253784,303,635,635,584
3.857006788253784,303,635,635,584
3.857006788253784,303,635,635,584
3.857006788253784,303,635,635,584
3.857006788253784,303,635,635,584
3.857006788253784,302,635,635,584
3.857006788253784,302,635,635,584
3.857006788253784,302,635,635,584
3.857006788253784,302,635,635,584
3.857006788253784,302,635,631,583
3.857006788253784,301,635,631,582
3.857006788253784,301,635,631,582
3.857006788253784,301,635,631,582
3.857006788253784,300,634,631,582
3.8728063106536865,300,633,631,581
3.874021053314209,300,633,631,581
3.8750455379486084,300,631,631,581
3.87550950050354,300,631,631,582
3.876760721206665,299,630,631,582
3.8777759075164795,299,630,631,582
3.8782904148101807,299,630,631,582
3.8793046474456787,299,630,631,582
3.8803017139434814,298,630,631,582
3.8813135623931885,298,631,631,582
3.8823022842407227,298,631,631,582
3.883305072784424,298,631,631,582
3.883305072784424,298,631,631,582
3.884303092956543,298,631,631,582
3.885302782058716,297,631,631,582
3.886303186416626,297,631,631,582
3.887303590774536,297,631,633,582
3.888303756713867,297,631,633,583
3.889303684234619,296,631,633,583
3.8903043270111084,296,631,633,583
3.891305923461914,296,632,633,583
3.891305923461914,296,632,633,583
3.8933026790618896,296,632,633,583
3.894305467605591,296,633,633,583
3.894904136657715,296,633,633,583
3.894904136657715,296,633,633,583
3.894904136657715,296,634,633,583
3.894904136657715,296,634,633,582
3.894904136657715,296,634,633,582
3.894904136657715,296,633,633,582
3.894904136657715,296,633,633,583
3.894904136657715,296,633,633,583
3.894904136657715,296,633,633,583
3.894904136657715,296,633,633,583
3.894904136657715,296,633,633,583
3.894904136657715,296,633,633,583
3.894904136657715,296,633,633,583
3.894904136657715,296,633,633,583
3.894904136657715,296,633,633,583
3.894904136657715,296,633,633,583
3.894904136657715,296,633,633,583
3.894904136657715,296,633,633,583
3.9103424549102783,296,633,633,583
3.9103424549102783,296,633,633,583
3.9103424549102783,296,633,633,583
3.9103424549102783,296,634,633,582
3.9103424549102783,297,634,633,582
3.9103424549102783,297,634,633,582
3.9103424549102783,297,634,633,582
3.9103424549102783,298,633,633,582
3.9103424549102783,298,633,633,582
3.9103424549102783,298,633,633,582
3.9103424549102783,298,632,633,582
3.9103424549102783,298,632,633,583
3.9103424549102783,298,632,633,583
3.9103424549102783,298,632,633,583
3.9103424549102783,298,632,633,583
3.9103424549102783,298,632,633,583
3.9103424549102783,299,633,633,583
3.9260048866271973,299,633,633,583
3.9260048866271973,299,634,633,583
3.9284019470214844,333,634,635,583
3.9292068481445312,333,634,635,583
3.9292068481445312,333,634,635,583
3.9292068481445312,333,634,635,583
3.9292068481445312,300,634,635,583
3.932581901550293,300,634,635,583
3.932581901550293,300,634,635,583
3.932581901550293,301,634,635,584
3.932581901550293,301,634,635,584
3.932581901550293,301,634,635,584
3.932581901550293,301,634,635,584
3.932581901550293,301,634,635,584
3.932581901550293,301,635,635,584
3.932581901550293,302,635,635,584
3.932581901550293,302,635,635,584
3.9418396949768066,302,636,635,583
3.9418396949768066,302,636,635,583
3.9418396949768066,302,636,635,583
3.9418396949768066,302,635,635,583
3.9418396949768066,302,635,635,583
3.9418396949768066,302,635,635,583
3.9418396949768066,302,634,635,583
3.9418396949768066,336,634,633,583
3.9418396949768066,335,634,633,583
3.9418396949768066,335,633,633,583
3.9418396949768066,335,633,633,583
3.9418396949768066,302,633,633,583
3.9418396949768066,302,633,633,583
3.9418396949768066,302,633,633,583
3.9418396949768066,302,634,633,583
3.9418396949768066,302,634,633,583
3.9418396949768066,302,634,633,583
3.9418396949768066,301,634,633,583
3.95758056640625,301,634,633,583
3.95758056640625,301,633,633,583
3.95758056640625,301,633,633,583
3.95758056640625,301,633,633,583
3.95758056640625,301,633,633,583
3.95758056640625,301,633,633,583
3.95758056640625,301,633,633,583
3.95758056640625,301,633,633,583
3.95758056640625,301,633,633,583
3.95758056640625,301,633,633,583
3.95758056640625,301,633,633,583
3.95758056640625,301,633,633,583
3.95758056640625,301,633,633,583
3.95758056640625,300,633,633,583
3.95758056640625,300,634,633,583
3.95758056640625,300,633,633,583
3.95758056640625,300,633,633,583
3.95758056640625,299,633,633,583
3.9735469818115234,299,633,633,583
3.9735469818115234,299,633,633,583
3.9735469818115234,299,634,633,583
3.9735469818115234,298,633,633,583
3.9735469818115234,298,633,633,583
3.9735469818115234,298,633,633,583
3.9735469818115234,298,633,633,583
3.9735469818115234,298,633,633,583
3.9735469818115234,298,634,633,583
3.9735469818115234,298,634,633,583
3.9735469818115234,297,634,633,583
3.9735469818115234,297,634,633,582
3.9735469818115234,297,634,633,582
3.9735469818115234,297,633,633,582
3.9735469818115234,297,633,633,582
3.9735469818115234,297,633,631,582
3.9735469818115234,297,632,631,582
3.9893991947174072,297,631,631,582
3.9893991947174072,296,631,631,582
3.9893991947174072,296,631,631,582
3.9925951957702637,296,631,631,582
3.9931411743164062,296,631,631,582
3.9931411743164062,296,632,631,582
3.9931411743164062,296,632,631,582
3.9931411743164062,296,632,631,582
3.9931411743164062,296,632,631,582
3.9931411743164062,296,632,631,582
3.9931411743164062,296,631,631,582
3.9931411743164062,296,632,631,582
3.9931411743164062,296,632,631,581
3.9931411743164062,296,632,631,581
3.9931411743164062,297,632,631,581
3.9931411743164062,297,632,631,581
3.9931411743164062,296,631,631,581
4.005079507827759,296,631,631,581
4.005079507827759,296,631,631,581
4.005079507827759,296,630,631,581
4.005079507827759,330,630,634,582
4.005079507827759,330,630,634,583
4.005079507827759,330,630,634,583
4.005079507827759,331,630,634,583
4.005079507827759,331,631,634,583
4.005079507827759,297,631,634,583
4.005079507827759,298,632,634,584
4.005079507827759,298,633,634,584
4.005079507827759,298,634,634,584
4.005079507827759,298,634,634,583
4.005079507827759,299,634,634,583
4.005079507827759,299,635,634,583
4.005079507827759,299,635,634,583
4.005079507827759,299,635,634,583
4.005079507827759,300,635,634,583
4.020884275436401,300,634,634,583
4.020884275436401,300,634,634,583
4.020884275436401,300,634,634,583
4.020884275436401,300,634,634,583
4.020884275436401,300,634,634,583
4.020884275436401,301,634,634,583
4.020884275436401,301,634,634,583
4.020884275436401,334,634,633,583
4.020884275436401,334,633,633,583
4.020884275436401,334,633,633,583
4.020884275436401,335,634,633,583
4.020884275436401,335,633,633,583
4.020884275436401,301,633,633,583
4.0326056480407715,302,634,633,583
4.0326056480407715,302,634,633,583
4.0326056480407715,302,634,633,583
4.0326056480407715,302,634,633,583
4.036686897277832,302,634,633,582
4.036686897277832,302,633,633,582
4.038703203201294,302,633,633,583
4.038703203201294,302,633,633,583
4.038703203201294,303,633,633,583
4.041778564453125,303,633,633,583
4.042349100112915,303,633,633,583
4.042773008346558,303,633,633,583
4.042773008346558,302,633,633,583
4.042773008346558,302,633,633,583
4.042773008346558,302,633,633,583
4.042773008346558,302,633,633,583
4.042773008346558,302,634,633,583
4.042773008346558,335,634,633,582
4.042773008346558,335,634,633,582
4.042773008346558,335,633,633,582
4.042773008346558,335,633,633,582
4.042773008346558,302,633,633,582
4.052537441253662,302,632,633,582
4.052537441253662,302,632,633,583
4.052537441253662,302,632,633,583
4.052537441253662,302,632,633,583
4.052537441253662,302,632,633,583
4.052537441253662,301,632,633,583
4.052537441253662,301,632,633,583
4.052537441253662,301,632,633,583
4.052537441253662,301,633,633,583
4.052537441253662,301,633,633,583
4.052537441253662,300,634,633,583
4.052537441253662,300,633,633,583
4.052537441253662,300,633,633,583
4.052537441253662,300,633,633,583
4.052537441253662,300,633,633,583
4.052537441253662,300,633,633,583
4.052537441253662,300,633,633,583
4.052537441253662,299,633,632,583
4.068453550338745,299,633,632,582
4.068453550338745,299,633,632,582
4.068453550338745,299,632,632,582
4.068453550338745,299,632,632,582
4.068453550338745,299,632,632,582
4.068453550338745,299,632,632,582
4.068453550338745,298,632,632,582
4.068453550338745,298,631,632,582
4.068453550338745,298,631,632,583
4.068453550338745,298,631,632,583
4.068453550338745,298,631,632,583
4.068453550338745,298,632,632,583
4.068453550338745,298,632,632,583
4.068453550338745,297,632,632,583
4.068453550338745,297,633,632,583
4.068453550338745,297,633,632,583
4.068453550338745,297,633,632,582
4.084299802780151,297,633,632,582
4.084299802780151,297,633,632,582
4.084299802780151,297,633,632,582
4.084299802780151,297,632,632,582
4.084299802780151,297,632,632,582
4.084299802780151,297,632,632,582
4.084299802780151,297,631,632,582
4.084299802780151,297,632,632,583
4.084299802780151,297,632,632,582
4.084299802780151,297,631,632,582
4.084299802780151,297,631,632,583
4.084299802780151,297,632,632,583
4.084299802780151,297,632,632,583
4.084299802780151,297,632,632,583
4.084299802780151,297,633,632,583
4.084299802780151,297,633,632,582
4.084299802780151,297,633,632,582
4.084299802780151,297,633,632,582
4.09997820854187,297,633,632,582
4.09997820854187,297,633,632,582
4.101995468139648,298,632,632,582
4.103689670562744,298,632,632,582
4.104264736175537,298,632,632,582
4.104264736175537,298,631,632,582
4.104264736175537,299,631,632,582
4.104264736175537,299,631,632,582
4.104264736175537,299,631,634,583
4.104264736175537,299,632,634,583
4.104264736175537,299,632,634,583
4.104264736175537,299,632,634,583
4.104264736175537,299,632,634,584
4.104264736175537,299,632,634,584
4.104264736175537,299,633,634,584
4.104264736175537,299,634,634,584
4.104264736175537,300,634,634,584
4.115621566772461,300,635,634,583
4.115621566772461,300,635,634,583
4.115621566772461,300,635,634,583
4.115621566772461,300,635,634,583
4.115621566772461,301,635,634,583
4.115621566772461,301,634,634,583
4.115621566772461,301,634,634,583
4.115621566772461,301,634,634,583
4.115621566772461,301,634,634,583
4.115621566772461,302,633,634,583
4.115621566772461,302,633,634,583
4.115621566772461,302,633,634,584
4.115621566772461,302,634,634,584
4.115621566772461,335,634,632,583
4.115621566772461,335,634,632,583
4.115621566772461,335,634,632,583
4.115621566772461,335,634,632,582
4.131294012069702,335,634,632,582
4.132807493209839,302,634,632,582
4.132807493209839,302,634,632,582
4.132807493209839,302,633,632,582
4.132807493209839,302,633,632,582
4.132807493209839,302,632,632,582
4.132807493209839,302,632,632,582
4.132807493209839,302,631,632,582
4.132807493209839,302,631,632,582
4.132807493209839,302,631,632,583
4.132807493209839,302,631,632,583
4.132807493209839,302,631,632,583
4.132807493209839,302,631,632,583
4.132807493209839,302,632,632,583
4.132807493209839,302,632,632,583
4.132807493209839,302,633,632,583
4.132807493209839,302,633,632,582
4.147464752197266,302,633,632,582
4.1484129428863525,335,633,634,583
4.14866304397583,335,633,634,583
4.14866304397583,334,633,634,583
4.14866304397583,334,632,634,583
4.151840448379517,334,632,634,583
4.151840448379517,301,632,634,583
4.151840448379517,301,632,634,584
4.151840448379517,301,633,634,584
4.151840448379517,301,633,634,584
4.151840448379517,301,633,634,584
4.151840448379517,301,634,634,584
4.151840448379517,301,634,634,584
4.151840448379517,300,634,634,584
4.151840448379517,300,635,634,584
4.151840448379517,300,635,634,583
4.151840448379517,300,635,634,583
4.151840448379517,300,635,634,583
4.162979602813721,300,635,634,583
4.162979602813721,299,635,634,583
4.162979602813721,299,634,634,583
4.162979602813721,299,634,634,583
4.162979602813721,299,634,634,583
4.162979602813721,332,634,630,582
4.162979602813721,332,633,630,582
4.162979602813721,332,633,630,582
4.162979602813721,332,633,630,582
4.162979602813721,332,632,630,582
4.162979602813721,298,632,630,581
4.162979602813721,298,632,630,581
4.162979602813721,298,631,630,581
4.162979602813721,298,631,630,581
4.162979602813721,297,631,630,581
4.162979602813721,297,631,630,581
4.162979602813721,297,630,630,581
4.178649187088013,297,630,630,581
4.180186033248901,297,629,630,582
4.181034564971924,297,629,630,582
4.181034564971924,297,630,630,582
4.181034564971924,297,630,630,582
4.181034564971924,297,630,630,582
4.181034564971924,297,630,630,582
4.181034564971924,297,631,630,582
4.181034564971924,297,631,630,581
4.181034564971924,297,631,630,581
4.181034564971924,331,631,635,582
4.181034564971924,331,631,635,583
4.181034564971924,331,631,635,583
4.181034564971924,331,630,635,584
4.181034564971924,297,630,635,584
4.181034564971924,297,631,635,584
4.194481372833252,298,632,635,584
4.194481372833252,298,634,635,584
4.194481372833252,298,634,635,584
4.194481372833252,298,635,635,584
4.194481372833252,298,636,635,584
4.194481372833252,298,636,635,584
4.194481372833252,298,636,635,584
4.194481372833252,298,636,635,584
4.194481372833252,299,636,635,584
4.194481372833252,299,635,635,584
4.194481372833252,299,636,635,583
4.194481372833252,299,636,635,583
4.194481372833252,299,635,635,584
4.194481372833252,299,635,635,584
4.194481372833252,300,635,635,584
4.194481372833252,300,635,635,584
4.194481372833252,300,634,631,583
4.194481372833252,300,634,631,582
4.210181951522827,300,634,631,582
4.210181951522827,300,634,631,582
4.210181951522827,300,634,631,582
4.213362216949463,300,634,631,581
4.213362216949463,300,633,631,581
4.213362216949463,301,632,631,582
4.213362216949463,301,631,631,581
4.213362216949463,301,631,631,582
4.213362216949463,301,631,631,582
4.213362216949463,301,631,631,582
4.213362216949463,301,631,631,582
4.213362216949463,301,630,631,582
4.213362216949463,301,631,631,582
4.213362216949463,301,631,631,582
4.213362216949463,301,631,631,582
4.213362216949463,301,631,631,582
4.213362216949463,301,632,631,582
4.225944519042969,302,632,631,581
4.225944519042969,302,631,631,582
4.225944519042969,302,631,631,582
4.225944519042969,302,631,635,583
4.225944519042969,302,631,635,583
4.225944519042969,302,631,635,583
4.225944519042969,302,631,635,584
4.225944519042969,302,631,635,584
4.232677936553955,302,632,635,584
4.232677936553955,302,633,635,584
4.232677936553955,302,634,635,584
4.232677936553955,302,635,635,584
4.232677936553955,302,635,635,584
4.232677936553955,302,635,635,584
4.232677936553955,302,635,635,584
4.232677936553955,302,635,635,584
4.232677936553955,302,635,635,584
4.241611003875732,302,635,635,584
4.241611003875732,302,635,635,584
4.243288278579712,302,636,635,584
4.243288278579712,302,635,635,584
4.245469808578491,301,635,635,584
4.246487855911255,301,635,635,584
4.246487855911255,301,635,635,584
4.247938394546509,301,635,630,583
4.248957633972168,301,635,630,582
4.2498979568481445,301,635,630,582
4.250100135803223,301,635,630,582
4.251110076904297,301,634,630,581
4.2521092891693115,300,634,630,581
4.253108978271484,300,633,630,581
4.254108905792236,300,632,630,581
4.255109548568726,300,631,630,581
4.255109548568726,300,630,630,581
4.257110595703125,300,629,630,581
4.257110595703125,299,629,630,582
4.258110523223877,299,629,630,582
4.259111166000366,299,629,630,582
4.261112451553345,299,629,630,582
4.261112451553345,299,630,630,582
4.262181043624878,299,630,630,582
4.2632739543914795,299,630,630,582
4.264269590377808,299,631,630,581
4.26526951789856,299,631,630,581
4.266286134719849,298,631,630,581
4.267101287841797,298,631,630,581
4.268110990524292,331,631,634,582
4.268110990524292,331,630,634,582
4.26911187171936,331,630,634,583
4.2701096534729,331,630,634,583
4.2711122035980225,331,630,634,583
4.272112846374512,331,630,634,583
4.273112773895264,298,631,634,584
4.274110555648804,298,632,634,584
4.275114297866821,298,633,634,584
4.276113748550415,298,633,634,584
4.277110815048218,298,634,634,584
4.2776453495025635,298,635,634,584
4.278464078903198,298,635,634,583
4.279588937759399,298,635,634,583
4.280601739883423,298,635,634,583
4.281586647033691,298,635,634,583
4.2825868129730225,298,635,634,583
4.2825868129730225,298,634,634,583
4.284503698348999,298,634,634,583
4.284503698348999,298,634,634,583
4.285515785217285,298,634,634,583
4.286520004272461,298,633,634,583
4.287516117095947,298,633,631,583
4.28851580619812,332,633,631,583
4.289515972137451,332,633,631,583
4.290520429611206,332,633,631,582
4.291518211364746,332,634,631,582
4.292517423629761,298,633,631,582
4.293517589569092,298,633,631,582
4.293517589569092,298,633,631,582
4.294519662857056,298,632,631,582
4.294519662857056,299,632,631,582
4.294519662857056,299,632,631,582
4.294519662857056,299,632,631,582
4.294519662857056,299,631,631,581
4.294519662857056,299,631,631,581
4.294519662857056,299,631,631,582
4.294519662857056,299,631,631,582
4.294519662857056,299,631,631,582
4.294519662857056,299,631,631,582
4.294519662857056,300,631,631,582
4.294519662857056,300,631,631,582
4.294519662857056,300,631,631,582
4.294519662857056,300,632,631,581
4.294519662857056,300,631,631,581
4.294519662857056,300,631,635,583
4.294519662857056,300,631,635,583
4.310328722000122,301,631,635,583
4.310328722000122,300,631,635,583
4.310328722000122,300,631,635,584
4.310328722000122,301,632,635,584
4.310328722000122,301,632,635,584
4.310328722000122,301,634,635,584
4.310328722000122,301,634,635,584
4.310328722000122,301,635,635,584
4.310328722000122,302,635,635,584
4.310328722000122,302,635,635,584
4.310328722000122,302,635,635,584
4.310328722000122,302,635,635,584
4.310328722000122,302,636,635,584
4.310328722000122,302,636,635,584
4.310328722000122,302,636,635,584
4.310328722000122,302,635,635,584
4.310328722000122,302,635,635,584
4.326128005981445,302,635,635,584
4.326128005981445,302,635,635,584
4.326128005981445,302,635,631,583
4.326128005981445,302,635,631,583
4.326128005981445,301,635,631,582
4.326128005981445,301,635,631,582
4.326128005981445,301,634,631,582
4.326128005981445,301,634,631,582
4.332837820053101,301,634,631,582
4.332837820053101,301,633,631,582
4.332837820053101,301,632,631,581
4.332837820053101,301,632,631,581
4.332837820053101,301,631,631,582
4.332837820053101,301,631,631,582
4.332837820053101,301,631,631,582
4.332837820053101,301,631,631,582
4.332837820053101,301,631,631,582
4.332837820053101,301,630,631,582
4.342010259628296,300,631,631,582
4.342010259628296,300,631,631,582
4.342010259628296,300,631,631,582
4.342010259628296,300,632,631,582
4.342010259628296,300,632,631,581
4.342010259628296,300,632,631,581
4.3473896980285645,300,631,631,581
4.3473896980285645,300,630,633,582
4.3473896980285645,300,630,633,582
4.3473896980285645,300,630,633,583
4.3473896980285645,300,630,633,583
4.3473896980285645,300,630,633,583
4.3473896980285645,300,631,633,583
4.3473896980285645,299,631,633,583
4.3473896980285645,299,633,633,583
4.3473896980285645,299,633,633,583
4.3473896980285645,299,633,633,583
4.35765528678894,299,634,633,583
4.35765528678894,299,633,633,583
4.35765528678894,299,633,633,583
4.360399007797241,299,633,633,583
4.360399007797241,299,633,633,583
4.360399007797241,298,633,633,583
4.360399007797241,298,633,633,583
4.360399007797241,298,634,633,583
4.360399007797241,298,634,633,583
4.360399007797241,298,633,633,583
4.360399007797241,298,633,633,583
4.360399007797241,298,633,633,583
4.360399007797241,298,633,631,582
4.360399007797241,299,633,631,582
4.360399007797241,298,634,631,582
4.360399007797241,298,633,631,582
4.360399007797241,298,633,631,582
4.360399007797241,298,632,631,581
4.373743057250977,298,632,631,582
4.375188112258911,298,631,631,581
4.376189231872559,298,631,631,582
4.376994609832764,298,631,631,582
4.377758979797363,298,631,631,582
4.378235340118408,298,631,631,582
4.379250764846802,298,631,631,582
4.380246877670288,298,631,631,582
4.381247043609619,298,631,631,582
4.382247447967529,298,631,631,582
4.38324761390686,298,632,631,581
4.384247779846191,298,632,631,581
4.385248422622681,299,632,631,581
4.385248422622681,299,631,631,581
4.387248992919922,299,631,631,581
4.387248992919922,299,631,631,581
4.388249635696411,299,630,634,582
4.389247894287109,299,629,634,582
4.390641212463379,299,629,634,583
4.391654968261719,299,630,634,583
4.392801761627197,299,630,634,584
4.3932859897613525,299,631,634,584
4.394772052764893,299,632,634,584
4.394772052764893,299,634,634,584
4.394772052764893,300,634,634,584
4.394772052764893,300,635,634,584
4.394772052764893,300,635,634,583
4.394772052764893,300,635,634,583
4.394772052764893,300,636,634,583
4.394772052764893,300,636,634,583
4.394772052764893,300,635,634,583
4.394772052764893,300,635,634,583
4.394772052764893,301,634,634,583
4.394772052764893,301,634,634,583
4.394772052764893,301,633,634,583
4.394772052764893,301,633,634,583
4.394772052764893,301,634,634,583
4.394772052764893,301,634,632,583
4.394772052764893,334,634,632,582
4.409982919692993,334,634,632,582
4.409982919692993,334,634,632,582
4.409982919692993,334,633,632,582
4.409982919692993,301,633,632,582
4.409982919692993,301,633,632,582
4.409982919692993,301,632,632,582
4.409982919692993,301,632,632,582
4.409982919692993,301,632,632,582
4.409982919692993,301,631,632,582
4.409982919692993,301,632,632,582
4.409982919692993,301,632,632,582
4.409982919692993,301,632,632,582
4.409982919692993,302,631,632,582
4.409982919692993,302,631,632,583
4.409982919692993,302,631,632,583
4.409982919692993,301,631,632,583
4.409982919692993,301,632,632,583
4.409982919692993,301,633,632,583
4.425622224807739,301,633,632,582
4.425622224807739,301,633,632,582
4.425622224807739,301,633,632,582
4.425622224807739,301,633,633,582
4.425622224807739,301,632,633,582
4.425622224807739,301,632,633,583
4.425622224807739,301,632,633,583
4.425622224807739,300,632,633,583
4.432827472686768,300,632,633,583
4.432827472686768,300,632,633,583
4.432827472686768,300,632,633,583
4.432827472686768,301,633,633,583
4.432827472686768,301,633,633,583
4.432827472686768,301,633,633,583
4.432827472686768,300,633,633,583
4.432827472686768,300,633,633,583
4.432827472686768,300,633,633,583
4.441363334655762,300,633,633,583
4.441363334655762,300,633,633,583
4.441363334655762,300,633,633,583
4.441363334655762,300,633,633,583
4.441363334655762,300,633,633,583
4.441363334655762,300,633,633,583
4.441363334655762,299,633,633,583
4.441363334655762,299,633,633,583
4.441363334655762,333,633,631,582
4.441363334655762,333,633,631,582
4.441363334655762,332,633,631,582
4.441363334655762,332,633,631,582
4.441363334655762,299,633,631,582
4.441363334655762,299,632,631,582
4.441363334655762,299,631,631,582
4.441363334655762,299,631,631,582
4.441363334655762,299,631,631,582
4.441363334655762,299,631,631,582
4.457033395767212,298,631,631,582
4.457033395767212,298,631,631,582
4.457033395767212,298,631,631,582
4.457033395767212,298,632,631,582
4.457033395767212,298,632,631,582
4.457033395767212,298,632,631,582
4.457033395767212,298,631,631,582
4.457033395767212,298,631,631,582
4.457033395767212,298,632,631,582
4.457033395767212,298,632,631,582
4.457033395767212,298,632,631,582
4.457033395767212,298,632,631,581
4.457033395767212,331,632,633,582
4.457033395767212,332,631,633,582
4.457033395767212,332,631,633,582
4.457033395767212,331,631,633,582
4.457033395767212,298,630,633,583
4.472907781600952,298,631,633,583
4.472907781600952,298,631,633,583
4.472907781600952,298,631,633,583
4.472907781600952,298,632,633,583
4.472907781600952,299,633,633,583
4.472907781600952,299,633,633,583
4.472907781600952,299,633,633,583
4.472907781600952,299,634,633,583
4.472907781600952,299,634,633,583
4.472907781600952,299,634,633,583
4.472907781600952,299,634,633,583
4.472907781600952,299,633,633,583
4.472907781600952,299,633,633,583
4.472907781600952,299,633,633,583
4.472907781600952,299,634,633,583
4.472907781600952,300,634,633,582
4.472907781600952,300,634,633,582
4.488825559616089,300,633,632,582
4.488825559616089,300,633,632,582
4.488825559616089,300,633,632,582
4.488825559616089,300,632,632,582
4.492281675338745,300,632,632,582
4.492281675338745,300,632,632,582
4.492281675338745,300,632,632,582
4.492281675338745,300,632,632,582
4.492281675338745,300,632,632,582
4.492281675338745,300,632,632,582
4.492281675338745,300,632,632,582
4.492281675338745,300,632,632,582
4.492281675338745,301,632,632,582
4.492281675338745,301,632,632,582
4.492281675338745,301,632,632,582
4.492281675338745,301,632,632,582
4.492281675338745,301,632,632,582
4.492281675338745,301,632,632,582
4.504507064819336,301,632,632,582
4.504507064819336,301,632,632,582
4.504507064819336,301,632,632,582
4.504507064819336,301,631,632,582
4.504507064819336,301,631,633,583
4.504507064819336,301,631,633,583
4.504507064819336,301,632,633,583
4.504507064819336,301,632,633,583
4.504507064819336,301,632,633,583
4.504507064819336,301,633,633,583
4.504507064819336,301,633,633,583
4.504507064819336,301,634,633,583
4.504507064819336,301,634,633,583
4.504507064819336,301,634,633,582
4.504507064819336,301,634,633,582
4.504507064819336,301,634,633,582
4.504507064819336,301,633,633,582
4.504507064819336,301,633,633,582
4.520267009735107,302,632,633,583
4.521448612213135,301,632,633,583
4.521448612213135,301,632,633,583
4.521448612213135,301,632,633,583
4.524596929550171,301,632,633,583
4.524596929550171,301,633,633,583
4.524596929550171,301,633,633,583
4.524596929550171,301,633,633,583
4.524596929550171,301,634,632,582
4.524596929550171,301,634,632,582
4.524596929550171,300,634,632,582
4.524596929550171,300,633,632,582
4.524596929550171,300,633,632,582
4.532925605773926,300,633,632,582
4.532925605773926,300,632,632,582
4.532925605773926,300,632,632,582
4.532925605773926,300,631,632,582
4.5360682010650635,300,631,632,582
4.5360682010650635,300,631,632,582
4.538285493850708,300,632,632,582
4.538285493850708,299,632,632,582
4.538285493850708,299,632,632,582
4.538285493850708,299,632,632,582
4.538285493850708,299,632,632,582
4.538285493850708,299,632,632,582
4.538285493850708,299,632,632,582
4.538285493850708,299,632,632,582
4.538285493850708,299,632,632,582
4.538285493850708,299,632,632,582
4.538285493850708,299,632,632,582
4.538285493850708,299,632,632,582
4.538285493850708,299,632,632,582
4.538285493850708,299,632,632,582
4.538285493850708,299,632,632,582
4.538285493850708,299,631,632,582
4.551917314529419,298,632,632,582
4.551917314529419,298,631,632,582
4.551917314529419,298,631,632,582
4.551917314529419,298,631,632,582
4.551917314529419,298,631,632,583
4.551917314529419,298,631,632,583
4.551917314529419,298,632,632,583
4.551917314529419,298,632,632,582
4.551917314529419,298,632,632,582
4.551917314529419,298,632,632,582
4.551917314529419,298,633,632,582
4.551917314529419,298,633,632,582
4.551917314529419,298,632,632,582
4.551917314529419,298,632,632,582
4.551917314529419,298,632,632,582
4.551917314529419,298,632,632,582
4.551917314529419,298,632,632,582
4.551917314529419,298,632,632,582
4.5680177211761475,298,632,632,582
4.5680177211761475,298,632,632,582
4.5680177211761475,298,632,632,582
4.5680177211761475,298,632,632,582
4.5680177211761475,298,632,632,582
4.5680177211761475,298,632,632,582
4.5680177211761475,298,632,632,582
4.5680177211761475,298,632,632,582
4.5680177211761475,298,632,632,582
4.5680177211761475,298,632,632,582
4.5680177211761475,299,632,632,582
4.5680177211761475,299,632,632,582
4.5680177211761475,299,632,632,582
4.5680177211761475,299,632,632,582
4.5680177211761475,299,632,632,582
4.5680177211761475,299,632,632,582
4.5680177211761475,299,632,632,582
4.5680177211761475,299,632,632,582
4.584680795669556,299,632,632,582
4.585191011428833,299,632,632,582
4.585191011428833,299,632,632,582
4.585191011428833,300,632,632,582
4.585191011428833,300,632,633,583
4.585191011428833,300,632,633,583
4.585191011428833,300,632,633,583
4.585191011428833,300,632,633,583
4.585191011428833,300,632,633,583
4.585191011428833,300,632,633,583
4.585191011428833,300,633,633,583
4.585191011428833,300,633,633,583
4.585191011428833,300,634,633,583
4.585191011428833,301,634,633,582
4.585191011428833,300,634,633,582
4.585191011428833,300,634,633,582
4.585191011428833,301,634,633,582
4.59972357749939,301,633,633,582
4.59972357749939,301,633,633,582
4.59972357749939,301,633,633,582
4.59972357749939,301,632,633,582
4.59972357749939,301,632,633,583
4.59972357749939,301,632,633,583
4.59972357749939,301,632,633,583
4.59972357749939,301,632,633,583
4.59972357749939,301,633,633,583
4.59972357749939,301,633,631,582
4.59972357749939,301,633,631,582
4.59972357749939,301,633,631,582
4.59972357749939,301,633,631,582
4.59972357749939,301,633,631,582
4.59972357749939,301,633,631,582
4.59972357749939,301,633,631,581
4.59972357749939,301,632,631,581
4.61558723449707,301,631,631,581
4.616436958312988,301,631,631,582
4.617168664932251,301,631,631,582
4.617819309234619,301,631,631,582
4.617819309234619,301,631,631,582
4.617819309234619,301,631,631,582
4.617819309234619,300,631,631,582
4.617819309234619,300,631,631,582
4.617819309234619,300,631,631,582
4.617819309234619,301,632,631,582
4.617819309234619,301,632,631,581
4.617819309234619,301,632,631,581
4.617819309234619,301,632,631,581
4.617819309234619,301,632,631,581
4.617819309234619,301,631,633,582
4.617819309234619,301,631,633,582
4.617819309234619,300,630,633,582
4.617819309234619,300,630,633,582
4.631287097930908,300,630,633,583
4.632801055908203,300,630,633,583
4.632801055908203,300,631,633,583
4.632801055908203,300,631,633,583
4.632801055908203,300,632,633,583
4.632801055908203,300,633,633,583
4.632801055908203,300,634,633,583
4.632801055908203,300,634,633,583
4.632801055908203,300,634,633,583
4.632801055908203,299,634,633,582
4.632801055908203,299,634,633,582
4.632801055908203,299,633,633,582
4.632801055908203,299,634,633,583
4.632801055908203,299,633,633,582
4.632801055908203,299,633,633,582
4.632801055908203,299,633,633,582
4.632801055908203,299,633,633,582
4.64694356918335,299,632,633,583
4.6482062339782715,332,632,630,582
4.649421215057373,332,632,630,582
4.649731397628784,332,632,630,582
4.649731397628784,332,632,630,582
4.649731397628784,331,632,630,582
4.649731397628784,298,632,630,581
4.649731397628784,298,632,630,581
4.649731397628784,298,632,630,581
4.649731397628784,298,632,630,581
4.649731397628784,298,631,630,581
4.649731397628784,298,630,630,581
4.649731397628784,298,630,630,581
4.649731397628784,298,630,630,581
4.649731397628784,298,630,630,581
4.649731397628784,298,630,630,581
4.649731397628784,298,630,630,581
4.662866115570068,298,630,630,581
4.662866115570068,298,630,630,581
4.662866115570068,298,630,630,581
4.662866115570068,299,630,630,581
4.662866115570068,299,630,630,581
4.662866115570068,299,630,630,581
4.662866115570068,299,630,630,581
4.662866115570068,332,630,634,582
4.662866115570068,332,630,634,582
4.662866115570068,332,630,634,583
4.662866115570068,332,630,634,583
4.662866115570068,299,630,634,583
4.662866115570068,299,631,634,584
4.662866115570068,299,632,634,583
4.662866115570068,299,633,634,584
4.662866115570068,299,633,634,584
4.662866115570068,299,634,634,583
4.662866115570068,300,635,634,583
4.678605318069458,300,635,634,583
4.679518222808838,300,635,634,583
4.680988311767578,300,635,634,583
4.681267261505127,300,635,634,583
4.681267261505127,300,635,634,583
4.681267261505127,300,634,634,583
4.681267261505127,300,634,634,583
4.681267261505127,300,634,634,583
4.681267261505127,300,634,634,583
4.681267261505127,300,634,634,583
4.681267261505127,300,634,634,583
4.681267261505127,300,634,631,582
4.681267261505127,300,634,631,582
4.681267261505127,300,634,631,582
4.681267261505127,301,633,631,581
4.681267261505127,301,633,631,581
4.681267261505127,301,632,631,581
4.694348573684692,301,632,631,581
4.694348573684692,301,631,631,581
4.694348573684692,301,631,631,581
4.694348573684692,301,630,631,582
4.694348573684692,301,630,631,582
4.694348573684692,301,630,631,582
4.694348573684692,301,630,631,582
4.694348573684692,301,630,631,582
4.694348573684692,301,631,631,582
4.694348573684692,301,631,631,582
4.694348573684692,301,632,631,582
4.694348573684692,301,632,631,582
4.694348573684692,301,632,631,582
4.694348573684692,301,632,631,581
4.694348573684692,301,632,631,581
4.694348573684692,301,632,631,581
4.694348573684692,301,632,634,582
4.710009574890137,301,631,634,582
4.71113657951355,301,631,634,583
4.71113657951355,301,631,634,583
4.71113657951355,301,631,634,583
4.71113657951355,300,631,634,583
4.71113657951355,300,632,634,583
4.71113657951355,300,633,634,583
4.71113657951355,300,633,634,583
4.71113657951355,300,634,634,583
4.71113657951355,301,634,634,583
4.71113657951355,301,634,634,583
4.71113657951355,301,634,634,583
4.71113657951355,300,634,634,583
4.71113657951355,300,634,634,583
4.71113657951355,300,634,634,583
4.71113657951355,300,634,634,583
4.71113657951355,300,634,634,583
4.71113657951355,300,634,634,583
4.7256760597229,300,634,634,583
4.727302312850952,300,633,634,583
4.727302312850952,300,634,634,584
4.727302312850952,300,634,630,582
4.727302312850952,300,634,630,582
4.727302312850952,300,634,630,582
4.727302312850952,300,634,630,581
4.732858896255493,299,633,630,581
4.732858896255493,299,633,630,581
4.732858896255493,299,632,630,581
4.732858896255493,299,632,630,581
4.732858896255493,299,631,630,581
4.732858896255493,299,630,630,581
4.732858896255493,299,630,630,581
4.732858896255493,299,630,630,581
4.732858896255493,299,629,630,581
4.732858896255493,299,630,630,581
4.741530895233154,299,630,630,581
4.741530895233154,298,630,630,581
4.741530895233154,298,630,630,581
4.741530895233154,298,630,630,581
4.741530895233154,298,630,630,581
4.741530895233154,298,630,630,581
4.741530895233154,298,630,630,581
4.741530895233154,299,630,630,581
4.741530895233154,332,630,634,582
4.741530895233154,332,630,634,582
4.741530895233154,332,630,634,583
4.741530895233154,332,630,634,583
4.741530895233154,299,630,634,583
4.741530895233154,299,631,634,584
4.741530895233154,299,631,634,584
4.741530895233154,299,632,634,584
4.741530895233154,299,633,634,584
4.7572386264801025,299,634,634,584
4.7572386264801025,299,635,634,584
4.7572386264801025,299,636,634,583
4.7572386264801025,299,636,634,583
4.7572386264801025,299,636,634,583
4.7572386264801025,299,635,634,583
4.762394905090332,299,635,634,583
4.762394905090332,299,634,634,583
4.762394905090332,299,634,634,583
4.762394905090332,299,634,634,583
4.762394905090332,299,634,634,583
4.762394905090332,299,634,634,583
4.762394905090332,299,634,634,583
4.762394905090332,333,634,630,582
4.762394905090332,333,634,630,582
4.762394905090332,333,634,630,581
4.762394905090332,333,634,630,581
4.762394905090332,299,633,630,581
4.7730419635772705,299,633,630,581
4.774295330047607,299,632,630,581
4.774295330047607,299,631,630,581
4.774295330047607,299,630,630,581
4.774295330047607,300,630,630,581
4.777574062347412,300,630,630,581
4.778679847717285,300,630,630,581
4.779679298400879,300,630,630,581
4.779679298400879,300,630,630,581
4.780678987503052,300,630,630,581
4.781680107116699,300,630,630,581
4.782679796218872,300,630,630,581
4.783679485321045,300,630,630,581
4.7848429679870605,300,630,630,581
4.785856485366821,300,630,630,581
4.786856174468994,300,630,630,581
4.787856340408325,300,630,630,581
4.788856267929077,300,630,634,582
4.789856433868408,300,630,634,582
4.789856433868408,300,630,634,582
4.790856599807739,300,630,634,583
4.791856288909912,300,630,634,583
4.792856454849243,300,630,634,583
4.793857097625732,300,631,634,583
4.79473090171814,300,632,634,583
4.796180725097656,301,633,634,583
4.7966742515563965,301,633,634,583
4.797981023788452,301,634,634,584
4.797981023788452,301,634,634,583
4.798705339431763,301,634,634,583
4.799704551696777,301,634,634,583
4.800703525543213,301,635,634,583
4.801701545715332,301,634,634,583
4.802701711654663,301,634,634,583
4.803702116012573,301,634,634,583
4.804717540740967,301,634,634,583
4.8057029247283936,301,634,634,583
4.806702613830566,301,634,634,583
4.806702613830566,301,634,634,583
4.80870509147644,334,634,630,582
4.80870509147644,334,634,630,582
4.809705018997192,334,634,630,582
4.810703754425049,334,634,630,581
4.8117053508758545,334,633,630,581
4.81270432472229,301,633,630,581
4.81270432472229,301,633,630,581
4.81270432472229,300,631,630,581
4.81270432472229,300,631,630,581
4.81270432472229,300,631,630,581
4.81270432472229,300,630,630,581
4.81270432472229,300,630,630,581
4.81270432472229,300,630,630,581
4.81270432472229,300,630,630,581
4.81270432472229,300,629,630,581
4.81270432472229,300,630,630,581
4.81270432472229,300,630,630,581
4.81270432472229,300,630,630,581
4.81270432472229,300,630,630,581
4.81270432472229,300,630,630,581
4.81270432472229,300,630,630,581
4.81270432472229,299,630,630,581
4.828521728515625,299,630,632,582
4.828521728515625,299,630,632,582
4.828521728515625,299,630,632,582
4.828521728515625,299,630,632,582
4.828521728515625,300,630,632,582
4.832843065261841,300,630,632,582
4.832843065261841,300,630,632,583
4.832843065261841,299,631,632,583
4.832843065261841,299,631,632,583
4.832843065261841,299,632,632,582
4.832843065261841,299,633,632,582
4.832843065261841,299,633,632,582
4.832843065261841,299,633,632,582
4.832843065261841,299,633,632,582
4.832843065261841,299,633,632,582
4.832843065261841,299,632,632,582
4.832843065261841,299,632,632,582
4.844264268875122,299,632,632,582
4.844264268875122,299,632,632,582
4.844264268875122,299,632,632,582
4.846756458282471,299,632,632,582
4.846756458282471,299,632,632,582
4.846756458282471,299,632,631,582
4.846756458282471,332,632,631,582
4.846756458282471,332,632,631,582
4.846756458282471,332,632,631,582
4.846756458282471,332,632,631,582
4.846756458282471,299,632,631,582
4.846756458282471,299,632,631,581
4.846756458282471,299,632,631,581
4.846756458282471,299,632,631,581
4.846756458282471,299,632,631,581
4.846756458282471,299,631,631,581
4.846756458282471,299,631,631,581
4.846756458282471,299,630,631,581
4.860039949417114,299,630,631,581
4.860039949417114,299,630,631,582
4.862256288528442,299,630,631,582
4.862256288528442,299,630,631,582
4.864181756973267,299,630,631,582
4.864651918411255,299,631,631,582
4.865675210952759,299,631,631,582
4.866672992706299,299,631,631,582
4.867677688598633,300,632,631,581
4.868669509887695,300,632,633,582
4.868669509887695,300,632,633,582
4.869664907455444,300,632,633,582
4.870664596557617,300,631,633,582
4.871665716171265,300,631,633,582
4.872665643692017,300,631,633,583
4.873667001724243,300,631,633,583
4.874666929244995,300,631,633,583
4.87567138671875,300,632,633,583
4.876668453216553,300,632,633,583
4.8776702880859375,300,633,633,583
4.8784778118133545,300,634,633,583
4.87949800491333,300,634,633,583
4.880505323410034,300,634,633,583
4.880505323410034,300,634,633,582
4.882504224777222,300,634,633,582
4.882504224777222,300,634,633,582
4.884181976318359,301,634,633,582
4.884688138961792,301,633,633,582
4.885698318481445,301,633,633,582
4.886695384979248,301,633,633,582
4.887695550918579,301,632,633,582
4.8886964321136475,301,632,631,582
4.8886964321136475,301,632,631,582
4.890697240829468,301,632,631,582
4.890697240829468,300,632,631,582
4.891698122024536,300,632,631,582
4.892699480056763,300,632,631,582
4.894704341888428,300,632,631,582
4.894704341888428,300,632,631,582
4.894704341888428,300,632,631,582
4.894704341888428,301,632,631,581
4.894704341888428,301,632,631,581
4.894704341888428,301,632,631,581
4.894704341888428,300,631,631,581
4.894704341888428,300,631,631,581
4.894704341888428,300,630,631,581
4.894704341888428,300,630,631,582
4.894704341888428,300,630,631,582
4.894704341888428,300,630,631,582
4.894704341888428,300,630,631,582
4.894704341888428,300,630,631,582
4.894704341888428,300,630,631,582
4.894704341888428,300,631,631,582
4.894704341888428,300,632,632,582
4.894704341888428,300,632,632,582
4.910593271255493,300,632,632,582
4.910593271255493,300,632,632,582
4.9124369621276855,300,632,632,582
4.9126927852630615,300,632,632,582
4.9126927852630615,299,632,632,582
4.9126927852630615,299,632,632,582
4.9126927852630615,299,632,632,582
4.9126927852630615,299,632,632,582
4.9126927852630615,299,632,632,582
4.9126927852630615,300,632,632,582
4.9126927852630615,300,632,632,582
4.9126927852630615,300,632,632,582
4.9126927852630615,300,632,632,582
4.9126927852630615,300,632,632,582
4.9126927852630615,300,632,632,582
4.9126927852630615,300,632,632,582
4.9126927852630615,300,632,632,582
4.9126927852630615,300,632,632,582
4.92627477645874,300,631,632,582
4.92627477645874,300,631,632,582
4.92627477645874,299,632,632,582
4.92627477645874,333,632,631,582
4.92627477645874,333,632,631,582
4.92627477645874,333,632,631,581
4.92627477645874,333,632,631,581
4.92627477645874,299,632,631,581
4.9329915046691895,300,631,631,581
4.9329915046691895,300,631,631,581
4.9329915046691895,300,631,631,581
4.9329915046691895,300,630,631,582
4.9329915046691895,299,630,631,582
4.9329915046691895,299,630,631,582
4.9329915046691895,299,630,631,582
4.9329915046691895,299,630,631,582
4.9329915046691895,299,631,631,582
4.9329915046691895,300,631,631,582
4.94238805770874,299,631,631,582
4.94238805770874,300,632,631,582
4.94238805770874,300,632,631,582
4.94238805770874,300,632,631,581
4.94238805770874,300,632,631,581
4.94238805770874,300,632,631,581
4.94238805770874,300,632,631,581
4.94238805770874,300,631,633,582
4.94238805770874,300,631,633,582
4.94238805770874,300,631,633,582
4.94238805770874,300,630,633,582
4.94238805770874,300,631,633,583
4.94238805770874,300,631,633,583
4.94238805770874,300,631,633,583
4.94238805770874,300,631,633,583
4.94238805770874,300,632,633,583
4.94238805770874,300,632,633,583
4.958210229873657,300,633,633,583
4.958210229873657,300,634,633,583
4.958210229873657,300,634,633,583
4.958210229873657,300,634,633,583
4.958210229873657,300,634,633,583
4.958210229873657,300,634,633,582
4.958210229873657,300,634,633,582
4.958210229873657,300,633,633,583
4.958210229873657,300,633,633,583
4.958210229873657,300,633,633,583
4.958210229873657,300,632,633,583
4.958210229873657,300,633,633,583
4.958210229873657,300,633,631,582
4.958210229873657,300,633,631,582
4.958210229873657,300,633,631,582
4.958210229873657,300,633,631,582
4.958210229873657,300,632,631,581
4.958210229873657,300,632,631,582
4.974297523498535,300,632,631,581
4.974297523498535,300,631,631,581
4.974297523498535,300,631,631,582
4.974297523498535,300,631,631,582
4.974297523498535,300,631,631,582
4.974297523498535,300,630,631,582
4.974297523498535,300,631,631,582
4.974297523498535,300,631,631,582
4.974297523498535,300,631,631,582
4.974297523498535,300,631,631,582
4.974297523498535,301,632,631,582
4.974297523498535,300,632,631,581
4.974297523498535,300,632,631,581
4.974297523498535,300,631,631,581
4.974297523498535,300,631,631,581
4.974297523498535,300,631,633,582
4.974297523498535,300,631,633,582
4.990001440048218,300,630,633,582
4.991302251815796,300,630,633,582
4.991302251815796,300,630,633,583
4.991302251815796,300,630,633,583
4.991302251815796,300,631,633,583
4.991302251815796,300,631,633,583
4.991302251815796,300,632,633,583
4.991302251815796,300,632,633,583
4.991302251815796,300,633,633,583
4.991302251815796,301,633,633,583
4.991302251815796,301,633,633,583
4.991302251815796,301,633,633,583
4.991302251815796,301,634,633,583
4.991302251815796,301,634,633,583
4.991302251815796,301,633,633,583
4.991302251815796,301,633,633,583
4.991302251815796,301,633,633,583
5.005671977996826,301,633,633,583
5.005671977996826,301,633,633,583
5.0077080726623535,301,634,633,583
5.0077080726623535,301,634,633,583
5.0077080726623535,301,634,631,582
5.0077080726623535,301,634,631,582
5.0077080726623535,301,634,631,582
5.0077080726623535,301,633,631,581
5.0077080726623535,301,633,631,581
5.0077080726623535,300,632,631,581
5.0077080726623535,300,632,631,581
5.0077080726623535,300,631,631,581
5.0077080726623535,300,630,631,581
5.0077080726623535,300,630,631,582
5.0077080726623535,300,630,631,582
5.0077080726623535,300,630,631,582
5.0077080726623535,300,630,631,582
5.021426677703857,300,630,631,582
5.021426677703857,300,630,631,582
5.021426677703857,301,631,631,582
5.021426677703857,300,631,631,582
5.021426677703857,300,631,631,582
5.021426677703857,300,632,631,582
5.021426677703857,300,632,631,582
5.021426677703857,300,632,631,582
5.021426677703857,300,632,632,582
5.021426677703857,300,632,632,582
5.021426677703857,300,631,632,582
5.021426677703857,300,632,632,582
5.021426677703857,300,632,632,582
5.033071041107178,300,631,632,582
5.033071041107178,300,631,632,582
5.033071041107178,300,631,632,582
5.033071041107178,300,631,632,582
5.033071041107178,300,631,632,582
5.037280797958374,300,631,632,582
5.037280797958374,300,631,632,582
5.037280797958374,300,631,632,582
5.037280797958374,300,631,632,583
5.037280797958374,300,632,632,583
5.037280797958374,300,632,632,582
5.037280797958374,300,632,632,582
5.037280797958374,300,632,632,582
5.037280797958374,300,633,632,582
5.037280797958374,300,632,632,582
5.037280797958374,300,632,632,582
5.037280797958374,300,632,632,582
5.037280797958374,300,632,632,582
5.037280797958374,300,632,632,582
5.037280797958374,300,632,632,582
5.037280797958374,300,632,632,582
5.037280797958374,300,631,632,582
5.037280797958374,300,631,632,583
5.053401231765747,300,631,632,583
5.053401231765747,300,631,632,583
5.053401231765747,300,632,632,583
5.053401231765747,300,632,632,583
5.053401231765747,300,632,632,583
5.053401231765747,300,633,632,583
5.053401231765747,300,633,632,583
5.053401231765747,300,634,632,582
5.053401231765747,300,634,632,582
5.053401231765747,300,634,632,582
5.053401231765747,300,633,632,582
5.053401231765747,300,633,632,582
5.053401231765747,300,633,632,582
5.053401231765747,300,632,632,582
5.053401231765747,300,632,632,582
5.053401231765747,300,632,632,582
5.053401231765747,300,631,632,582
5.053401231765747,300,632,632,582
5.069398403167725,300,631,632,582
5.069398403167725,300,631,632,582
5.069398403167725,300,632,632,582
5.069398403167725,300,631,632,582
5.069398403167725,300,631,632,582
5.069398403167725,300,631,632,583
5.069398403167725,300,631,632,583
5.069398403167725,300,631,632,583
5.069398403167725,300,631,632,583
5.069398403167725,300,632,632,583
5.069398403167725,300,632,632,583
5.069398403167725,300,633,632,583
5.069398403167725,300,633,632,582
5.069398403167725,300,633,632,582
5.069398403167725,300,633,632,582
5.069398403167725,300,633,632,582
5.069398403167725,300,633,632,582
5.08519721031189,300,632,632,582
5.08519721031189,300,632,632,582
5.08519721031189,300,632,632,582
5.08519721031189,300,632,632,582
5.08519721031189,300,632,632,582
5.08519721031189,300,632,632,582
5.08519721031189,300,632,632,582
5.08519721031189,300,632,632,582
5.08519721031189,300,632,632,582
5.08519721031189,300,631,632,582
5.08519721031189,300,631,632,582
5.08519721031189,300,631,632,583
5.08519721031189,300,631,632,583
5.08519721031189,300,632,632,582
5.08519721031189,300,632,632,582
5.08519721031189,300,632,632,582
5.08519721031189,300,632,632,582
5.08519721031189,300,632,632,582
5.100980043411255,300,632,632,582
5.100980043411255,300,632,632,582
5.100980043411255,300,632,632,582
5.100980043411255,300,631,632,582
5.100980043411255,300,632,632,582
5.100980043411255,300,632,632,582
5.100980043411255,300,631,632,582
5.100980043411255,300,631,632,583
5.100980043411255,300,632,632,583
5.100980043411255,300,631,632,583
5.100980043411255,300,632,632,583
5.100980043411255,300,632,632,583
5.100980043411255,300,632,632,583
5.100980043411255,300,632,632,583
5.100980043411255,300,633,632,582
5.100980043411255,300,633,632,582
5.100980043411255,300,633,632,582
5.100980043411255,300,633,632,582
5.117083311080933,300,633,632,582
5.118216514587402,300,632,632,582
5.118216514587402,300,632,632,582
5.118216514587402,300,632,632,582
5.121382474899292,300,632,632,582
5.121635675430298,300,632,632,582
5.121635675430298,300,632,632,582
5.121635675430298,300,632,632,582
5.121635675430298,300,631,632,582
5.121635675430298,300,631,632,582
5.121635675430298,300,631,632,583
5.121635675430298,300,631,632,583
5.121635675430298,300,632,632,583
5.121635675430298,300,632,632,582
5.121635675430298,300,632,632,582
5.121635675430298,300,632,632,582
5.121635675430298,300,633,632,582
5.121635675430298,300,632,632,582
5.133106708526611,300,632,632,582
5.133106708526611,300,632,632,582
5.133106708526611,300,632,632,582
5.133106708526611,300,631,632,583
5.133106708526611,300,631,632,583
5.133106708526611,300,631,632,583
5.133106708526611,300,632,632,583
5.133106708526611,300,632,632,583
5.133106708526611,300,632,632,583
5.133106708526611,300,633,632,582
5.133106708526611,300,633,632,582
5.133106708526611,300,633,632,582
5.133106708526611,300,633,632,582
5.133106708526611,300,633,632,582
5.133106708526611,300,633,632,582
5.133106708526611,300,632,632,582
5.133106708526611,300,632,632,582
5.148814678192139,300,631,632,582
5.150224924087524,300,631,632,582
5.150723218917847,300,631,632,582
5.150723218917847,300,631,632,583
5.150723218917847,300,631,632,583
5.150723218917847,300,631,632,583
5.150723218917847,300,631,632,583
5.150723218917847,300,631,632,583
5.150723218917847,300,632,632,583
5.150723218917847,300,633,632,583
5.150723218917847,300,633,632,582
5.150723218917847,300,634,632,582
5.150723218917847,300,634,632,582
5.150723218917847,300,634,632,582
5.150723218917847,300,633,632,582
5.150723218917847,300,633,632,582
5.150723218917847,300,632,632,582
5.164608478546143,300,632,632,582
5.164608478546143,300,632,632,582
5.164608478546143,300,631,632,582
5.164608478546143,300,631,632,582
5.164608478546143,300,631,632,582
5.164608478546143,300,632,632,582
5.164608478546143,300,632,632,582
5.164608478546143,300,632,632,582
5.164608478546143,300,632,632,582
5.164608478546143,300,632,632,582
5.164608478546143,300,631,632,583
5.164608478546143,300,631,632,583
5.164608478546143,300,631,632,583
5.164608478546143,300,632,632,583
5.164608478546143,300,632,632,583
5.164608478546143,300,633,632,583
5.164608478546143,300,633,632,582
5.164608478546143,300,633,632,582
5.180328130722046,300,633,632,582
5.181925535202026,300,633,632,582
5.18259072303772,300,633,632,582
5.18259072303772,300,633,632,582
5.18259072303772,300,632,632,582
5.18259072303772,300,632,632,582
5.18259072303772,300,632,632,582
5.18259072303772,300,632,632,582
5.18259072303772,300,631,632,582
5.18259072303772,300,632,632,582
5.18259072303772,300,632,632,582
5.18259072303772,300,632,632,582
5.18259072303772,300,632,632,582
5.18259072303772,300,631,632,582
5.18259072303772,300,631,632,582
5.18259072303772,300,631,632,582
5.18259072303772,300,631,632,582
5.19597601890564,300,631,632,583
5.19597601890564,300,631,632,583
5.19597601890564,300,631,632,583
5.19597601890564,300,631,632,583
5.19597601890564,300,632,632,583
5.19597601890564,300,633,632,582
5.19597601890564,300,633,632,582
5.19597601890564,300,633,632,582
5.19597601890564,300,633,632,582
5.19597601890564,300,633,632,582
5.19597601890564,300,633,632,582
5.19597601890564,300,632,632,582
5.19597601890564,300,632,632,582
5.19597601890564,300,632,632,582
5.19597601890564,300,632,632,582
5.19597601890564,300,632,632,582
5.19597601890564,300,632,632,582
5.211739540100098,300,632,632,582
5.211739540100098,300,632,632,582
5.211739540100098,301,632,632,582
5.211739540100098,300,632,632,582
5.211739540100098,300,632,632,582
5.211739540100098,300,632,632,582
5.211739540100098,300,632,632,582
5.211739540100098,300,632,632,582
5.211739540100098,300,632,632,582
5.211739540100098,300,632,632,582
5.211739540100098,300,632,632,582
5.211739540100098,300,631,632,582
5.211739540100098,300,632,632,582
5.211739540100098,300,632,632,582
5.211739540100098,300,632,632,582
5.211739540100098,300,631,632,583
5.211739540100098,300,632,632,582
5.211739540100098,300,632,632,582
5.227441310882568,300,632,632,582
5.227441310882568,300,632,632,582
5.229647159576416,300,632,632,582
5.229647159576416,300,632,632,582
5.229647159576416,300,632,632,582
5.229647159576416,300,632,632,582
5.233095169067383,300,632,632,582
5.233095169067383,300,631,632,582
5.233095169067383,300,631,632,583
5.233095169067383,300,631,632,583
5.233095169067383,300,631,632,583
5.233095169067383,300,632,632,583
5.233095169067383,300,632,632,583
5.233095169067383,300,633,632,583
5.233095169067383,300,633,632,582
5.233095169067383,300,634,632,582
5.233095169067383,300,633,632,582
5.243116855621338,300,633,632,582
5.243116855621338,300,633,632,582
5.243116855621338,301,633,632,582
5.243116855621338,301,632,632,582
5.243116855621338,300,632,632,582
5.243116855621338,300,632,632,582
5.243116855621338,300,631,632,582
5.243116855621338,300,632,632,582
5.243116855621338,300,632,632,582
5.243116855621338,300,632,632,582
5.243116855621338,300,631,632,582
5.243116855621338,300,631,632,582
5.243116855621338,300,631,632,583
5.243116855621338,300,631,632,583
5.243116855621338,300,632,632,583
5.243116855621338,300,632,632,583
5.243116855621338,300,633,632,583
5.243116855621338,300,633,632,583
5.259707927703857,300,633,632,582
5.2603394985198975,300,633,632,582
5.2603394985198975,300,633,632,582
5.2603394985198975,300,633,632,582
5.2603394985198975,300,633,632,582
5.2603394985198975,300,632,632,582
5.2603394985198975,300,632,632,582
5.2603394985198975,300,632,632,582
5.2603394985198975,300,632,632,582
5.2603394985198975,300,632,632,582
5.2603394985198975,300,632,632,582
5.2603394985198975,300,632,632,582
5.2603394985198975,300,632,632,582
5.2603394985198975,300,632,632,582
5.2603394985198975,300,632,632,582
5.2603394985198975,300,632,632,582
5.2603394985198975,300,631,632,582
5.27447772026062,300,631,632,582
5.27447772026062,300,631,632,582
5.27447772026062,300,631,632,582
5.27447772026062,300,631,632,583
5.27447772026062,300,631,632,583
5.27447772026062,300,631,632,583
5.27447772026062,299,632,632,583
5.27447772026062,299,633,632,582
5.27447772026062,299,633,632,582
5.27447772026062,299,633,632,582
5.27447772026062,300,633,632,582
5.27447772026062,300,633,632,582
5.27447772026062,300,632,632,582
5.27447772026062,300,632,632,582
5.27447772026062,300,632,632,582
5.27447772026062,300,632,632,582
5.27447772026062,300,631,632,582
5.27447772026062,300,631,632,583
5.290359258651733,300,631,632,583
5.292178392410278,300,632,632,583
5.292178392410278,300,632,632,583
5.292178392410278,300,632,632,583
5.294909238815308,300,632,632,583
5.2959277629852295,300,633,632,583
5.296412706375122,300,633,632,582
5.29750919342041,300,633,632,582
5.29750919342041,300,633,632,582
5.298510789871216,300,633,632,582
5.299509763717651,300,633,632,582
5.300631761550903,300,632,632,582
5.301654577255249,300,632,632,582
5.302654504776001,300,631,632,582
5.303793430328369,300,631,632,582
5.304359197616577,300,632,632,582
5.30537223815918,300,632,632,582
5.306368827819824,300,632,632,582
5.306368827819824,300,631,632,582
5.308387517929077,300,631,632,583
5.308387517929077,300,631,632,583
5.309370517730713,300,632,632,583
5.31036901473999,300,632,632,583
5.311938285827637,300,632,632,583
5.311938285827637,300,633,632,582
5.313073396682739,300,633,632,582
5.314070463180542,300,633,632,582
5.3150718212127686,300,633,632,582
5.316070556640625,300,633,632,582
5.31707239151001,300,632,632,582
5.31707239151001,300,632,632,582
5.31908392906189,300,632,632,582
5.31908392906189,300,632,632,582
5.320632219314575,300,632,632,582
5.321152687072754,300,631,632,582
5.322165012359619,300,631,632,582
5.32316780090332,300,632,632,583
5.3241636753082275,300,632,632,582
5.325167179107666,300,631,632,582
5.325167179107666,300,632,632,583
5.32616662979126,300,632,632,582
5.327866315841675,300,632,632,582
5.327866315841675,300,632,632,582
5.327866315841675,300,633,632,582
5.327866315841675,300,632,632,582
5.327866315841675,300,632,632,582
5.327866315841675,300,632,632,582
5.333183526992798,300,631,632,582
5.333183526992798,300,631,632,583
5.333183526992798,300,632,632,583
5.333183526992798,300,632,632,583
5.333183526992798,300,632,632,583
5.333183526992798,300,632,632,583
5.333183526992798,300,633,632,583
5.333183526992798,300,633,632,582
5.333183526992798,300,633,632,582
5.333183526992798,300,633,632,582
5.333183526992798,300,633,632,582
5.3429248332977295,300,633,632,582
5.3429248332977295,300,632,632,582
5.3429248332977295,300,632,632,582
5.3429248332977295,300,632,632,582
5.3429248332977295,300,631,632,582
5.3429248332977295,300,632,632,582
5.3429248332977295,300,631,632,582
5.3429248332977295,300,631,632,583
5.3429248332977295,300,632,632,583
5.3429248332977295,300,632,632,582
5.3429248332977295,300,632,632,582
5.3429248332977295,300,632,632,582
5.3429248332977295,300,632,632,582
5.3429248332977295,300,632,632,582
5.3429248332977295,301,632,632,582
5.3429248332977295,301,631,632,582
5.3429248332977295,300,631,632,583
5.3429248332977295,300,631,632,583
5.358631372451782,300,631,632,583
5.358631372451782,300,632,632,583
5.360846519470215,300,632,632,583
5.361871004104614,300,633,632,583
5.362861633300781,300,633,632,582
5.363861799240112,300,633,632,582
5.3649351596832275,300,633,632,582
5.365481615066528,300,634,632,582
5.36648964881897,300,633,632,582
5.367489337921143,300,633,632,582
5.368509769439697,300,632,632,582
5.368509769439697,300,632,632,582
5.3694908618927,300,631,632,582
5.3704915046691895,300,631,632,582
5.3714916706085205,300,632,632,582
5.37249231338501,300,631,632,582
5.373493194580078,300,631,632,583
5.374493360519409,300,631,632,583
5.375495910644531,300,632,632,583
5.3764941692352295,299,632,632,582
5.377492427825928,299,632,632,582
5.378500699996948,299,633,632,582
5.378869533538818,299,633,632,582
5.379554748535156,300,632,632,582
5.380570650100708,300,632,632,582
5.381877899169922,300,632,632,582
5.382127523422241,300,631,632,583
5.383136510848999,300,632,632,582
5.384138345718384,300,632,632,582
5.385138750076294,300,632,632,582
5.386139631271362,300,632,632,582
5.387139320373535,300,632,632,582
5.387139320373535,300,632,632,582
5.3891377449035645,300,632,632,582
5.3891377449035645,300,632,632,582
5.390139818191528,300,632,632,582
5.391138553619385,300,632,632,582
5.392137765884399,300,632,632,582
5.393138647079468,300,632,632,582
5.39413857460022,300,631,632,582
5.394624948501587,300,631,632,583
5.3956263065338135,300,632,632,583
5.3956263065338135,299,632,632,583
5.3956263065338135,300,632,632,583
5.3956263065338135,300,632,632,583
5.3956263065338135,300,633,632,583
5.3956263065338135,300,633,632,583
5.3956263065338135,300,634,632,582
5.3956263065338135,300,634,632,582
5.3956263065338135,300,634,632,582
5.3956263065338135,300,633,632,582
5.3956263065338135,300,633,632,582
5.3956263065338135,300,632,632,582
5.3956263065338135,300,632,632,582
5.3956263065338135,300,632,632,582
5.3956263065338135,300,632,632,582
5.3956263065338135,300,631,632,582
5.3956263065338135,300,631,632,582
5.411681413650513,300,631,632,582
5.411681413650513,300,631,632,582
5.411681413650513,300,631,632,583
5.411681413650513,300,632,632,583
5.411681413650513,300,632,632,582
5.411681413650513,300,632,632,582
5.411681413650513,300,633,632,582
5.411681413650513,300,633,632,582
5.411681413650513,300,633,632,582
5.411681413650513,300,633,632,582
5.411681413650513,300,633,632,582
5.411681413650513,300,632,632,582
5.411681413650513,300,632,632,582
5.411681413650513,300,632,632,582
5.411681413650513,300,632,632,582
5.411681413650513,300,632,632,582
5.411681413650513,300,632,632,582
5.411681413650513,300,632,632,582
5.427412986755371,300,632,632,582
5.428546667098999,300,632,632,582
5.429044961929321,300,632,632,582
5.429044961929321,300,632,632,582
5.429044961929321,300,632,632,582
5.429044961929321,300,632,632,582
5.429044961929321,300,632,632,582
5.43317723274231,300,632,632,582
5.43317723274231,300,632,632,582
5.43317723274231,300,632,632,582
5.43317723274231,300,631,632,582
5.43317723274231,300,631,632,582
5.43317723274231,300,632,632,582
5.43317723274231,300,632,632,582
5.43317723274231,300,632,632,582
5.43317723274231,300,632,632,582
5.43317723274231,300,632,632,582
5.43317723274231,300,632,632,582
5.443075656890869,300,632,632,582
5.443075656890869,300,632,632,582
5.443075656890869,300,632,632,582
5.443075656890869,300,632,632,582
5.443075656890869,299,632,632,582
5.443075656890869,299,632,632,582
5.443075656890869,299,632,631,582
5.443075656890869,299,632,631,582
5.443075656890869,299,632,631,582
5.443075656890869,299,632,631,582
5.443075656890869,299,631,631,582
5.443075656890869,299,632,631,582
5.443075656890869,299,632,631,582
5.443075656890869,300,632,631,582
5.443075656890869,300,632,631,582
5.443075656890869,300,632,631,581
5.443075656890869,300,632,631,581
5.4587767124176025,299,632,631,581
5.4587767124176025,299,632,631,581
5.4587767124176025,299,631,631,581
5.4587767124176025,299,631,631,581
5.4587767124176025,299,631,631,581
5.4587767124176025,299,630,631,581
5.4587767124176025,299,630,631,582
5.4587767124176025,299,630,631,582
5.4587767124176025,299,630,631,582
5.4587767124176025,299,630,631,582
5.4587767124176025,299,631,631,582
5.4587767124176025,299,631,632,582
5.4587767124176025,299,631,632,582
5.4587767124176025,299,632,632,582
5.4587767124176025,299,632,632,582
5.4587767124176025,299,632,632,582
5.4587767124176025,299,632,632,582
5.4587767124176025,300,632,632,582
5.474546670913696,300,632,632,582
5.47630763053894,300,632,632,582
5.47630763053894,300,632,632,582
5.47630763053894,300,632,632,582
5.47630763053894,300,632,632,582
5.47630763053894,300,632,632,582
5.47630763053894,300,632,632,582
5.47630763053894,300,632,632,582
5.47630763053894,300,632,632,582
5.47630763053894,300,632,632,582
5.47630763053894,300,632,632,582
5.47630763053894,300,632,632,582
5.47630763053894,300,632,632,582
5.47630763053894,300,632,632,582
5.47630763053894,300,632,632,582
5.47630763053894,300,632,632,582
5.47630763053894,300,632,632,582
5.47630763053894,300,632,632,582
5.4902472496032715,300,632,632,582
5.4902472496032715,300,632,632,582
5.4902472496032715,300,632,632,582
5.4902472496032715,300,632,632,582
5.4902472496032715,300,632,632,582
5.4902472496032715,300,632,632,582
5.4902472496032715,300,632,632,582
5.4902472496032715,300,632,632,582
5.4902472496032715,300,632,632,582
5.4902472496032715,300,632,632,582
5.4902472496032715,300,632,632,582
5.4902472496032715,300,632,632,582
5.4902472496032715,300,632,632,582
5.4902472496032715,300,632,632,582
5.4902472496032715,300,632,632,582
5.4902472496032715,300,632,632,582
5.4902472496032715,300,632,632,582
5.505966901779175,300,632,632,582
5.505966901779175,300,632,632,582
5.505966901779175,300,632,632,582
5.505966901779175,300,632,632,582
5.505966901779175,300,632,632,582
5.505966901779175,300,632,632,582
5.505966901779175,300,632,632,582
5.505966901779175,300,632,632,582
5.505966901779175,300,632,632,582
5.505966901779175,300,632,632,582
5.505966901779175,300,631,632,582
5.505966901779175,300,631,632,582
5.505966901779175,300,632,632,582
5.505966901779175,300,632,632,582
5.505966901779175,300,631,632,582
5.505966901779175,300,631,632,582
5.505966901779175,300,631,632,582
5.505966901779175,300,631,632,582
5.52161979675293,300,632,632,582
5.523245334625244,300,632,632,582
5.523245334625244,300,632,632,582
5.523245334625244,300,632,632,582
5.523245334625244,300,632,632,582
5.523245334625244,300,632,632,582
5.523245334625244,300,632,632,582
5.523245334625244,300,632,632,582
5.523245334625244,300,632,632,582
5.523245334625244,300,632,632,582
5.523245334625244,300,632,632,582
5.523245334625244,300,632,632,582
5.523245334625244,300,632,632,582
5.533255338668823,300,632,632,582
5.533255338668823,300,632,632,582
5.533255338668823,300,632,632,582
5.533255338668823,299,632,632,582
5.533255338668823,299,632,632,582
5.537500619888306,299,632,632,582
5.537500619888306,299,632,632,582
5.537500619888306,299,632,632,582
5.537500619888306,299,632,632,582
5.537500619888306,299,632,632,582
5.537500619888306,299,632,632,582
5.537500619888306,299,632,632,582
5.537500619888306,299,632,632,582
5.537500619888306,300,632,632,582
5.537500619888306,300,632,632,582
5.537500619888306,300,632,632,582
5.537500619888306,300,632,632,582
5.537500619888306,300,632,632,582
5.537500619888306,300,632,632,582
5.537500619888306,300,632,632,582
5.537500619888306,300,632,632,582
5.537500619888306,300,632,632,582
5.553203344345093,300,632,632,582
5.553203344345093,300,632,632,582
5.5551698207855225,300,632,632,582
5.5556628704071045,300,631,632,582
5.5556628704071045,300,632,632,582
5.5556628704071045,299,632,632,582
5.5556628704071045,299,631,632,582
5.5556628704071045,299,632,632,583
5.5556628704071045,299,632,632,582
5.5556628704071045,299,632,632,582
5.5556628704071045,300,632,632,582
5.5556628704071045,300,632,632,582
5.5556628704071045,300,632,632,582
5.5556628704071045,300,632,632,582
5.5556628704071045,300,632,632,582
5.5556628704071045,300,632,632,582
5.5556628704071045,300,632,632,582
5.5556628704071045,300,632,632,582
5.568854570388794,300,632,632,582
5.568854570388794,300,632,632,582
5.568854570388794,300,632,632,582
5.568854570388794,300,632,632,582
5.568854570388794,300,632,632,582
5.568854570388794,299,632,632,582
5.568854570388794,300,632,632,582
5.568854570388794,300,632,632,582
5.568854570388794,300,632,632,582
5.568854570388794,300,632,632,582
5.568854570388794,300,632,632,582
5.568854570388794,300,632,632,582
5.568854570388794,300,632,632,582
5.568854570388794,300,632,632,582
5.568854570388794,300,632,632,582
5.568854570388794,300,632,632,582
5.568854570388794,300,632,632,582
5.568854570388794,300,632,632,582
5.584871053695679,300,632,632,582
5.584871053695679,300,632,632,582
5.584871053695679,300,632,632,582
5.584871053695679,300,632,632,582
5.584871053695679,300,632,632,582
5.584871053695679,300,632,632,582
5.584871053695679,300,632,632,582
5.584871053695679,300,632,632,582
5.584871053695679,300,632,632,582
5.584871053695679,300,632,632,582
5.584871053695679,300,632,632,582
5.584871053695679,300,632,632,582
5.584871053695679,300,632,632,582
5.584871053695679,300,632,632,582
5.584871053695679,300,631,632,582
5.584871053695679,300,631,632,583
5.584871053695679,300,631,632,583
5.584871053695679,300,631,632,583
5.600927114486694,300,632,632,583
5.601953029632568,300,633,632,583
5.603196859359741,300,633,632,582
5.603196859359741,300,633,632,582
5.603196859359741,300,634,632,582
5.603196859359741,300,634,632,582
5.603196859359741,300,633,632,582
5.603196859359741,300,633,632,582
5.603196859359741,300,632,632,582
5.603196859359741,300,632,632,582
5.603196859359741,300,631,632,582
5.603196859359741,300,631,632,582
5.603196859359741,300,631,632,582
5.603196859359741,300,631,632,582
5.603196859359741,300,632,632,583
5.603196859359741,300,632,632,582
5.603196859359741,300,632,632,582
5.616684198379517,300,632,632,582
5.616684198379517,300,632,632,582
5.616684198379517,300,632,632,582
5.616684198379517,300,632,632,582
5.616684198379517,300,632,632,582
5.616684198379517,300,632,632,582
5.616684198379517,300,632,632,582
5.616684198379517,300,632,632,582
5.616684198379517,300,632,632,582
5.616684198379517,300,632,632,582
5.616684198379517,300,632,632,582
5.616684198379517,300,632,632,582
5.616684198379517,299,632,632,582
5.616684198379517,299,632,632,582
5.616684198379517,299,632,631,582
5.616684198379517,299,632,631,582
5.616684198379517,299,632,631,582
5.616684198379517,300,632,631,582
5.6324193477630615,300,632,631,582
5.633957862854004,300,632,631,582
5.634627342224121,300,632,631,582
5.634627342224121,300,632,631,582
5.634627342224121,300,631,631,582
5.634627342224121,300,631,631,582
5.634627342224121,300,631,631,582
5.634627342224121,299,631,631,582
5.634627342224121,299,631,631,582
5.634627342224121,299,631,631,582
5.634627342224121,299,632,631,582
5.634627342224121,299,632,631,581
5.634627342224121,299,632,631,581
5.634627342224121,299,632,631,581
5.634627342224121,299,632,631,581
5.634627342224121,299,631,631,581
5.634627342224121,299,631,631,581
5.648109197616577,299,630,631,582
5.649559259414673,300,630,633,582
5.649559259414673,300,630,633,582
5.649559259414673,300,630,633,583
5.649559259414673,300,630,633,583
5.649559259414673,300,631,633,583
5.649559259414673,300,632,633,583
5.649559259414673,300,632,633,583
5.649559259414673,300,633,633,583
5.649559259414673,300,633,633,583
5.649559259414673,300,634,633,583
5.649559259414673,300,634,633,582
5.649559259414673,300,633,633,583
5.649559259414673,300,633,633,583
5.649559259414673,300,633,633,583
5.649559259414673,300,633,633,583
5.649559259414673,300,634,633,583
5.663819313049316,300,634,633,582
5.663819313049316,300,633,633,582
5.663819313049316,300,633,633,582
5.663819313049316,300,633,633,582
5.663819313049316,300,633,633,582
5.663819313049316,300,633,633,582
5.663819313049316,300,633,630,582
5.663819313049316,300,632,630,582
5.663819313049316,300,632,630,582
5.663819313049316,300,632,630,582
5.663819313049316,300,632,630,581
5.663819313049316,300,632,630,581
5.663819313049316,300,632,630,581
5.663819313049316,300,632,630,581
5.663819313049316,300,631,630,581
5.663819313049316,300,630,630,581
5.663819313049316,300,630,630,581
5.663819313049316,300,629,630,581
5.679838180541992,300,629,630,581
5.679838180541992,300,630,630,581
5.679838180541992,300,630,630,581
5.679838180541992,300,630,630,581
5.679838180541992,300,630,630,581
5.679838180541992,300,630,630,581
5.679838180541992,300,630,630,581
5.679838180541992,300,630,630,581
5.679838180541992,300,630,630,581
5.679838180541992,300,630,630,581
5.679838180541992,300,630,630,581
5.679838180541992,300,630,633,582
5.679838180541992,300,630,633,582
5.679838180541992,300,630,633,582
5.679838180541992,300,631,633,583
5.679838180541992,300,631,633,583
5.679838180541992,300,632,633,583
5.679838180541992,300,632,633,583
5.6959192752838135,300,633,633,583
5.6971964836120605,301,633,633,583
5.697454214096069,300,633,633,583
5.697454214096069,300,634,633,582
5.697454214096069,300,634,633,582
5.697454214096069,300,634,633,582
5.697454214096069,300,634,633,582
5.697454214096069,300,633,633,582
5.697454214096069,300,633,633,582
5.697454214096069,300,633,633,582
5.697454214096069,300,632,633,583
5.697454214096069,300,632,633,583
5.697454214096069,300,632,633,583
5.697454214096069,300,632,633,583
5.697454214096069,300,633,633,583
5.697454214096069,300,633,630,582
5.697454214096069,300,633,630,582
5.711683034896851,300,633,630,581
5.711683034896851,300,633,630,581
5.711683034896851,300,633,630,581
5.711683034896851,300,632,630,581
5.711683034896851,300,631,630,581
5.711683034896851,300,630,630,581
5.711683034896851,300,630,630,581
5.711683034896851,300,630,630,581
5.711683034896851,300,629,630,581
5.711683034896851,300,629,630,581
5.711683034896851,300,630,630,581
5.711683034896851,300,630,630,581
5.711683034896851,300,630,630,581
5.711683034896851,300,631,630,581
5.711683034896851,300,631,630,581
5.711683034896851,300,630,630,581
5.711683034896851,300,630,630,581
5.7275309562683105,300,630,630,581
5.7275309562683105,300,631,630,581
5.729318141937256,300,631,633,581
5.729318141937256,301,632,633,581
5.729318141937256,301,632,633,581
5.729318141937256,301,632,633,581
5.729318141937256,302,632,633,581
5.733505964279175,303,632,633,582
5.733505964279175,304,632,633,582
5.733505964279175,306,632,633,582
5.733505964279175,308,633,633,582
5.733505964279175,311,633,633,582
5.733505964279175,313,633,633,582
5.733505964279175,315,634,633,582
5.733505964279175,318,634,633,581
5.733505964279175,321,634,633,581
5.733505964279175,325,635,633,581
5.733505964279175,328,635,633,581
5.743368625640869,331,634,633,581
5.743368625640869,334,634,633,581
5.743368625640869,338,634,633,581
5.743368625640869,341,634,633,581
5.743368625640869,345,634,633,581
5.743368625640869,347,634,633,581
5.743368625640869,350,634,666,588
5.743368625640869,353,634,666,591
5.743368625640869,355,635,666,594
5.743368625640869,358,636,666,596
5.743368625640869,361,639,666,596
5.743368625640869,365,642,666,598
5.743368625640869,368,646,666,599
5.743368625640869,371,653,666,600
5.743368625640869,374,657,666,600
5.743368625640869,378,661,666,600
5.743368625640869,381,665,666,599
5.759061574935913,386,666,666,599
5.759061574935913,389,667,666,599
5.761118173599243,391,668,666,598
5.761118173599243,394,668,666,598
5.761118173599243,397,668,666,598
5.761118173599243,400,667,666,598
5.761118173599243,402,667,666,598
5.761118173599243,404,666,666,598
5.761118173599243,405,666,666,598
5.761118173599243,406,665,666,598
5.761118173599243,407,665,666,598
5.761118173599243,407,664,657,597
5.761118173599243,408,664,657,596
5.761118173599243,408,663,657,595
5.761118173599243,408,663,657,595
5.761118173599243,407,662,657,595
5.761118173599243,407,661,657,595
5.77471661567688,407,659,657,595
5.77471661567688,406,658,657,595
5.77471661567688,406,657,657,595
5.77471661567688,406,657,657,595
5.77471661567688,406,656,657,595
5.77471661567688,405,656,657,595
5.77471661567688,405,656,657,595
5.77471661567688,405,656,657,595
5.77471661567688,404,655,657,596
5.77471661567688,403,655,657,596
5.77471661567688,403,655,657,596
5.77471661567688,402,656,657,596
5.77471661567688,401,656,657,596
5.77471661567688,400,656,657,596
5.77471661567688,398,657,657,596
5.77471661567688,397,657,657,596
5.77471661567688,396,657,649,594
5.790483474731445,395,657,649,593
5.790483474731445,393,657,649,593
5.792370796203613,391,656,649,592
5.792950630187988,390,655,649,592
5.792950630187988,389,654,649,591
5.792950630187988,387,653,649,591
5.792950630187988,386,652,649,591
5.792950630187988,384,651,649,591
5.792950630187988,383,649,649,591
5.792950630187988,382,648,649,592
5.792950630187988,380,647,649,592
5.792950630187988,380,647,649,592
5.792950630187988,378,647,649,592
5.792950630187988,377,648,649,592
5.792950630187988,376,648,649,592
5.792950630187988,375,649,649,592
5.792950630187988,374,649,649,592
5.806166172027588,373,649,649,592
5.806166172027588,372,649,649,592
5.806166172027588,371,649,649,592
5.806166172027588,370,649,649,592
5.806166172027588,369,649,667,597
5.806166172027588,368,649,667,598
5.806166172027588,366,650,667,600
5.806166172027588,365,651,667,601
5.806166172027588,364,653,667,602
5.806166172027588,363,656,667,602
5.806166172027588,362,660,667,602
5.806166172027588,362,663,667,602
5.806166172027588,361,665,667,602
5.806166172027588,360,667,667,602
5.806166172027588,359,668,667,602
5.806166172027588,359,669,667,601
5.806166172027588,359,669,667,601
5.806166172027588,358,669,667,601
5.8220908641815186,358,669,667,601
5.823482990264893,358,668,667,601
5.823911190032959,358,668,667,601
5.823911190032959,357,667,667,601
5.823911190032959,357,667,667,601
5.823911190032959,357,667,667,601
5.828492164611816,357,667,667,601
5.828492164611816,356,667,667,601
5.829577922821045,356,667,672,602
5.8305745124816895,356,667,672,602
5.831573486328125,356,667,672,603
5.832714080810547,356,668,672,603
5.832714080810547,355,669,672,603
5.833712577819824,355,669,672,603
5.834853172302246,355,670,672,604
5.8358473777771,355,670,672,604
5.836973190307617,355,670,672,604
5.837503910064697,356,671,672,604
5.838517189025879,356,671,672,604
5.839516639709473,356,672,672,604
5.840513706207275,357,672,672,604
5.841514587402344,358,672,672,604
5.841514587402344,358,673,672,603
5.843514680862427,359,673,672,603
5.844517230987549,360,673,672,603
5.844884634017944,361,673,672,603
5.846039772033691,361,673,672,603
5.847038984298706,362,672,672,603
5.848039388656616,362,672,672,603
5.849039554595947,363,672,672,603
5.85003924369812,363,671,694,609
5.85003924369812,364,672,694,611
5.851041316986084,364,672,694,612
5.8520402908325195,365,674,694,614
5.853042125701904,366,676,694,615
5.8546082973480225,366,681,694,616
5.854916095733643,367,684,694,616
5.855928421020508,367,688,694,616
5.856929302215576,368,691,694,616
5.857928037643433,369,693,694,616
5.858929872512817,369,695,694,615
5.859929800033569,370,695,694,615
5.860653638839722,372,696,694,615
5.860653638839722,373,696,694,615
5.863054513931274,374,695,694,614
5.863054513931274,375,695,694,615
5.8640711307525635,375,694,694,614
5.865067958831787,376,694,694,615
5.8660666942596436,377,693,694,615
5.867067098617554,377,693,694,615
5.868067741394043,377,693,694,615
5.86906886100769,378,693,694,615
5.86906886100769,378,693,694,615
5.8710925579071045,378,693,694,615
5.871917486190796,378,693,694,615
5.871917486190796,378,694,694,615
5.87293004989624,378,694,694,615
5.873928070068359,377,693,694,615
5.874927759170532,377,693,694,615
5.8759307861328125,377,693,694,616
5.876929044723511,377,692,694,616
5.87793231010437,377,692,694,616
5.87895655632019,377,692,694,616
5.8799729347229,377,692,694,616
5.8799729347229,377,692,694,616
5.880969762802124,377,693,694,616
5.881967544555664,377,693,694,616
5.882969617843628,377,693,694,616
5.883967638015747,377,694,694,616
5.884970426559448,377,694,694,616
5.885971307754517,377,694,694,616
5.8869688510894775,376,694,694,616
5.8882856369018555,376,694,694,616
5.888924837112427,375,694,694,616
5.889955997467041,374,694,701,618
5.891942024230957,373,694,701,619
5.891942024230957,372,694,701,619
5.8929407596588135,372,694,701,620
5.893942356109619,370,695,701,620
5.894840478897095,370,697,701,620
5.894840478897095,369,698,701,620
5.896856307983398,368,698,701,621
5.896856307983398,367,700,701,621
5.898868560791016,366,700,701,621
5.898868560791016,366,701,701,621
5.898868560791016,365,701,701,620
5.898868560791016,364,702,701,620
5.898868560791016,364,701,701,620
5.898868560791016,363,702,701,620
5.898868560791016,362,701,701,620
5.898868560791016,362,701,701,620
5.898868560791016,361,701,701,620
5.898868560791016,360,700,701,620
5.898868560791016,360,700,701,620
5.898868560791016,359,700,701,620
5.898868560791016,358,700,701,620
5.9096808433532715,357,700,702,621
5.9096808433532715,356,700,702,621
5.9096808433532715,355,701,702,621
5.9096808433532715,353,701,702,621
5.9096808433532715,352,701,702,621
5.9096808433532715,351,702,702,621
5.9096808433532715,350,702,702,621
5.9096808433532715,349,702,702,621
5.9096808433532715,349,702,702,621
5.9096808433532715,348,702,702,621
5.9096808433532715,347,702,702,621
5.9096808433532715,347,701,702,621
5.9096808433532715,346,702,702,621
5.9096808433532715,345,702,702,621
5.9096808433532715,345,702,702,621
5.9096808433532715,345,702,702,621
5.9096808433532715,345,702,702,621
5.925374269485474,345,702,702,621
5.925374269485474,344,702,702,621
5.926814794540405,344,702,702,621
5.926814794540405,344,702,702,621
5.926814794540405,344,702,702,621
5.926814794540405,343,702,714,624
5.926814794540405,343,702,714,625
5.926814794540405,342,702,714,626
5.926814794540405,342,704,714,627
5.933698415756226,341,705,714,627
5.933698415756226,341,706,714,628
5.933698415756226,341,708,714,628
5.933698415756226,340,710,714,628
5.933698415756226,340,712,714,628
5.933698415756226,340,714,714,628
5.933698415756226,340,714,714,628
5.933698415756226,340,715,714,627
5.933698415756226,341,715,714,627
5.94110107421875,341,716,714,627
5.94248628616333,342,715,714,627
5.94248628616333,342,715,714,627
5.94248628616333,343,714,714,627
5.94248628616333,343,714,714,627
5.94248628616333,344,714,714,627
5.94248628616333,344,713,714,627
5.94248628616333,344,714,714,627
5.94248628616333,344,714,714,627
5.94248628616333,345,714,722,629
5.94248628616333,345,714,722,630
5.94248628616333,345,714,722,630
5.94248628616333,345,715,722,631
5.94248628616333,346,716,722,631
5.94248628616333,346,717,722,632
5.94248628616333,346,719,722,632
5.94248628616333,346,720,722,632
5.9567084312438965,346,720,722,632
5.9567084312438965,347,721,722,632
5.9567084312438965,348,721,722,632
5.9567084312438965,348,722,722,631
5.9567084312438965,349,723,722,631
5.9567084312438965,349,722,722,631
5.9567084312438965,350,722,722,631
5.9567084312438965,351,722,722,631
5.9567084312438965,352,722,722,631
5.9567084312438965,352,721,722,631
5.9567084312438965,353,721,722,632
5.9567084312438965,354,721,722,632
5.9567084312438965,354,721,722,632
5.9567084312438965,354,721,722,632
5.9567084312438965,354,722,732,634
5.9567084312438965,355,722,732,635
5.9567084312438965,355,722,732,636
5.9725120067596436,355,724,732,636
5.9725120067596436,355,725,732,637
5.9725120067596436,355,726,732,637
5.9725120067596436,355,728,732,637
5.9725120067596436,355,728,732,638
5.9725120067596436,356,729,732,638
5.9725120067596436,356,730,732,638
5.9725120067596436,356,731,732,638
5.9725120067596436,356,732,732,638
5.9725120067596436,357,732,732,638
5.9725120067596436,357,733,732,637
5.9725120067596436,358,733,732,637
5.9725120067596436,358,733,732,637
5.9725120067596436,358,733,732,637
5.9725120067596436,359,733,732,637
5.9725120067596436,359,732,732,637
5.9725120067596436,358,732,732,637
5.9881696701049805,358,731,732,637
5.9881696701049805,358,731,732,637
5.9881696701049805,358,731,731,637
5.9881696701049805,358,731,731,637
5.9881696701049805,357,731,731,637
5.9881696701049805,356,731,731,637
5.9881696701049805,355,731,731,637
5.9881696701049805,355,731,731,637
5.9881696701049805,354,731,731,637
5.9881696701049805,354,731,731,637
5.9881696701049805,353,731,731,637
5.9881696701049805,353,730,731,637
5.9881696701049805,352,730,731,637
5.9881696701049805,352,730,731,638
5.9881696701049805,351,730,731,638
5.9881696701049805,351,730,731,638
5.9881696701049805,350,730,731,638
5.9881696701049805,350,730,731,638
6.004277467727661,350,731,731,638
6.004277467727661,350,731,731,638
6.004277467727661,349,731,731,638
6.004277467727661,349,732,731,638
6.004277467727661,348,732,731,637
6.009076833724976,348,732,731,637
6.009076833724976,347,732,735,638
6.009076833724976,346,731,735,638
6.009076833724976,345,731,735,639
6.009076833724976,344,731,735,639
6.009076833724976,343,731,735,640
6.009076833724976,342,731,735,640
6.009076833724976,342,732,735,640
6.009076833724976,340,732,735,640
6.009076833724976,340,733,735,640
6.009076833724976,339,734,735,640
6.009076833724976,338,735,735,640
6.009076833724976,338,735,735,640
6.020114183425903,337,735,735,640
6.020114183425903,337,735,735,640
6.020114183425903,336,735,735,640
6.020114183425903,336,735,735,640
6.020114183425903,336,735,735,640
6.020114183425903,336,735,735,640
6.020114183425903,336,735,735,640
6.020114183425903,336,735,735,640
6.020114183425903,335,735,735,640
6.020114183425903,335,735,735,640
6.020114183425903,335,735,741,641
6.020114183425903,334,735,741,642
6.020114183425903,334,735,741,642
6.020114183425903,333,735,741,643
6.020114183425903,332,736,741,643
6.0336997509002686,332,737,741,643
6.0336997509002686,331,738,741,643
6.035792827606201,331,739,741,643
6.035792827606201,331,740,741,643
6.035792827606201,330,740,741,643
6.035792827606201,330,741,741,643
6.035792827606201,330,741,741,643
6.035792827606201,330,740,741,643
6.035792827606201,330,740,741,644
6.035792827606201,330,740,741,644
6.035792827606201,330,740,741,644
6.035792827606201,330,740,741,644
6.035792827606201,331,741,741,644
6.035792827606201,331,742,741,643
6.035792827606201,331,742,741,643
6.035792827606201,331,743,741,643
6.035792827606201,332,743,741,643
6.035792827606201,332,742,749,645
6.035792827606201,332,742,749,645
6.051570177078247,332,742,749,646
6.051570177078247,332,742,749,647
6.051570177078247,332,743,749,647
6.051570177078247,332,744,749,648
6.051570177078247,332,745,749,648
6.051570177078247,332,746,749,648
6.051570177078247,332,747,749,648
6.051570177078247,332,749,749,647
6.051570177078247,332,749,749,647
6.051570177078247,333,749,749,647
6.051570177078247,333,750,749,647
6.051570177078247,334,750,749,647
6.051570177078247,334,750,749,647
6.051570177078247,335,750,749,647
6.051570177078247,335,749,749,647
6.051570177078247,336,749,749,647
6.051570177078247,336,748,749,647
6.067237138748169,337,748,749,647
6.067237138748169,338,748,749,647
6.067237138748169,338,748,749,647
6.067237138748169,338,748,754,649
6.067237138748169,338,749,754,649
6.067237138748169,339,749,754,649
6.067237138748169,339,749,754,650
6.067237138748169,339,750,754,650
6.067237138748169,339,751,754,650
6.067237138748169,339,752,754,650
6.067237138748169,339,752,754,650
6.067237138748169,339,753,754,650
6.067237138748169,340,753,754,650
6.067237138748169,340,753,754,650
6.067237138748169,340,753,754,650
6.067237138748169,340,753,754,650
6.067237138748169,341,754,754,650
6.067237138748169,341,753,754,650
6.0831687450408936,341,753,754,650
6.0831687450408936,342,753,754,651
6.0831687450408936,342,753,754,651
6.0831687450408936,343,753,754,651
6.0831687450408936,343,753,754,651
6.0831687450408936,343,754,754,651
6.0831687450408936,343,754,754,651
6.0831687450408936,343,754,758,652
6.0831687450408936,344,755,758,652
6.0831687450408936,343,755,758,652
6.0831687450408936,343,755,758,652
6.0831687450408936,343,756,758,652
6.0831687450408936,342,757,758,652
6.0831687450408936,342,757,758,652
6.0831687450408936,341,757,758,652
6.0831687450408936,341,757,758,652
6.0831687450408936,341,756,758,652
6.098867893218994,341,756,758,653
6.098867893218994,341,757,758,653
6.098867893218994,340,757,758,653
6.098867893218994,340,757,758,653
6.098867893218994,340,757,758,653
6.098867893218994,340,757,758,653
6.098867893218994,340,757,758,653
6.098867893218994,340,758,758,653
6.098867893218994,340,758,758,653
6.098867893218994,340,758,758,653
6.098867893218994,340,758,758,653
6.098867893218994,339,758,758,653
6.098867893218994,339,758,759,653
6.098867893218994,338,758,759,653
6.098867893218994,338,758,759,653
6.098867893218994,337,758,759,653
6.098867893218994,336,758,759,654
6.114564657211304,336,758,759,654
6.114564657211304,335,758,759,654
6.114564657211304,334,758,759,654
6.114564657211304,334,759,759,654
6.114564657211304,333,759,759,654
6.114564657211304,332,759,759,654
6.114564657211304,332,759,759,654
6.114564657211304,332,759,759,654
6.114564657211304,331,759,759,654
6.114564657211304,331,759,759,654
6.114564657211304,330,759,759,654
6.114564657211304,330,759,759,654
6.114564657211304,330,759,759,654
6.114564657211304,330,759,759,654
6.114564657211304,329,759,759,654
6.114564657211304,329,759,759,654
6.114564657211304,329,759,759,654
6.114564657211304,328,759,762,654
6.130472421646118,328,759,762,655
6.130472421646118,327,759,762,655
6.130472421646118,327,759,762,655
6.130472421646118,326,759,762,655
6.133986711502075,325,760,762,655
6.133986711502075,325,760,762,655
6.133986711502075,324,761,762,655
6.133986711502075,324,761,762,655
6.133986711502075,324,761,762,655
6.133986711502075,323,761,762,656
6.133986711502075,323,761,762,656
6.133986711502075,323,761,762,656
6.133986711502075,323,762,762,656
6.133986711502075,322,762,762,656
6.133986711502075,323,762,762,656
6.133986711502075,323,762,762,656
6.133986711502075,323,763,762,655
6.146249532699585,323,763,762,655
6.147497653961182,323,763,762,655
6.1477508544921875,323,763,762,655
6.1477508544921875,323,763,762,655
6.1477508544921875,323,762,768,656
6.1477508544921875,323,762,768,657
6.1477508544921875,323,762,768,658
6.1477508544921875,323,762,768,658
6.1477508544921875,323,762,768,659
6.1477508544921875,323,764,768,659
6.1477508544921875,323,765,768,659
6.1477508544921875,323,766,768,659
6.1477508544921875,323,767,768,659
6.1477508544921875,322,768,768,659
6.1477508544921875,323,768,768,659
6.1477508544921875,323,769,768,659
6.1477508544921875,323,769,768,658
6.1477508544921875,323,769,768,658
6.161922216415405,324,768,768,658
6.161922216415405,324,768,768,658
6.161922216415405,324,768,768,658
6.161922216415405,325,768,768,658
6.161922216415405,325,768,768,658
6.161922216415405,325,767,768,658
6.161922216415405,326,767,768,659
6.161922216415405,326,767,768,659
6.161922216415405,326,767,774,660
6.161922216415405,327,767,774,661
6.161922216415405,327,768,774,661
6.161922216415405,327,769,774,662
6.161922216415405,327,770,774,662
6.161922216415405,328,771,774,662
6.161922216415405,328,772,774,662
6.161922216415405,328,773,774,662
6.177568435668945,328,774,774,662
6.177568435668945,328,774,774,662
6.177568435668945,328,775,774,662
6.177568435668945,328,775,774,661
6.177568435668945,329,775,774,661
6.177568435668945,329,775,774,661
6.177568435668945,329,774,774,661
6.177568435668945,330,774,774,661
6.177568435668945,330,773,774,662
6.177568435668945,330,773,774,662
6.177568435668945,331,772,774,662
6.177568435668945,331,772,774,662
6.177568435668945,332,773,774,662
6.177568435668945,332,773,774,662
6.177568435668945,332,774,776,663
6.177568435668945,332,774,776,663
6.177568435668945,332,774,776,663
6.177568435668945,332,775,776,663
6.193417549133301,332,775,776,663
6.193417549133301,332,776,776,663
6.193417549133301,332,776,776,663
6.193417549133301,332,776,776,663
6.193417549133301,332,776,776,663
6.193417549133301,332,776,776,663
6.193417549133301,332,776,776,663
6.193417549133301,332,775,776,663
6.193417549133301,332,775,776,663
6.193417549133301,331,775,776,663
6.193417549133301,331,775,776,663
6.193417549133301,331,775,776,663
6.193417549133301,331,775,776,663
6.193417549133301,332,775,776,664
6.193417549133301,332,775,776,664
6.193417549133301,332,775,776,664
6.193417549133301,332,775,776,664
6.209076404571533,332,776,776,664
6.209076404571533,331,776,778,664
6.209076404571533,331,777,778,664
6.209076404571533,331,777,778,664
6.209076404571533,330,777,778,664
6.209076404571533,330,777,778,664
6.209076404571533,330,778,778,664
6.209076404571533,329,778,778,664
6.209076404571533,328,777,778,664
6.209076404571533,328,777,778,665
6.209076404571533,327,777,778,665
6.209076404571533,327,777,778,665
6.209076404571533,327,777,778,665
6.209076404571533,326,777,778,665
6.209076404571533,326,777,778,665
6.209076404571533,326,778,778,665
6.209076404571533,325,778,778,665
6.209076404571533,325,778,778,665
6.225649118423462,325,778,778,665
6.226227045059204,325,778,778,665
6.226227045059204,325,779,778,665
6.226227045059204,325,778,778,664
6.226227045059204,325,778,778,665
6.226227045059204,324,778,778,665
6.226227045059204,324,778,778,665
6.226227045059204,323,778,778,665
6.226227045059204,323,778,778,665
6.226227045059204,322,778,778,665
6.233918905258179,322,778,778,665
6.233918905258179,321,778,778,665
6.233918905258179,321,778,778,665
6.233918905258179,321,778,778,665
6.233918905258179,320,778,778,665
6.233918905258179,320,778,778,665
6.233918905258179,319,778,778,665
6.24043869972229,319,778,778,665
6.24043869972229,319,777,778,665
6.24043869972229,318,777,778,665
6.24043869972229,318,777,778,665
6.24043869972229,318,777,778,665
6.24043869972229,318,778,778,665
6.24043869972229,318,778,778,665
6.24043869972229,318,778,778,665
6.24043869972229,318,778,778,665
6.24043869972229,318,778,778,665
6.24043869972229,318,778,784,666
6.24043869972229,318,778,784,667
6.24043869972229,318,779,784,667
6.24043869972229,318,779,784,668
6.24043869972229,317,779,784,668
6.24043869972229,317,780,784,668
6.24043869972229,317,781,784,668
6.256129741668701,317,782,784,668
6.256129741668701,316,783,784,668
6.256129741668701,316,784,784,668
6.256129741668701,316,784,784,668
6.256129741668701,316,784,784,668
6.256129741668701,316,784,784,668
6.256129741668701,316,784,784,668
6.256129741668701,316,784,784,668
6.256129741668701,316,784,784,668
6.256129741668701,317,784,784,668
6.256129741668701,317,784,784,668
6.256129741668701,317,784,784,668
6.256129741668701,317,784,784,668
6.256129741668701,318,784,784,668
6.256129741668701,318,784,784,668
6.256129741668701,318,784,784,668
6.256129741668701,318,784,786,669
6.256129741668701,319,784,786,669
6.271812915802002,319,784,786,669
6.271812915802002,319,785,786,669
6.271812915802002,319,785,786,669
6.271812915802002,319,786,786,669
6.271812915802002,319,786,786,669
6.271812915802002,319,786,786,669
6.271812915802002,320,786,786,669
6.271812915802002,320,786,786,669
6.271812915802002,320,786,786,669
6.271812915802002,320,786,786,669
6.271812915802002,320,786,786,669
6.271812915802002,320,786,786,669
6.271812915802002,320,786,786,669
6.271812915802002,320,786,786,669
6.271812915802002,321,786,786,669
6.271812915802002,321,786,786,669
6.271812915802002,322,785,786,669
6.28757119178772,322,786,786,669
6.288637399673462,322,786,786,669
6.289369583129883,322,786,786,669
6.289369583129883,323,786,791,670
6.289369583129883,323,786,791,670
6.289369583129883,323,786,791,671
6.289369583129883,323,786,791,671
6.289369583129883,324,787,791,672
6.289369583129883,324,787,791,672
6.289369583129883,324,788,791,672
6.289369583129883,324,789,791,672
6.289369583129883,324,789,791,672
6.289369583129883,324,790,791,672
6.289369583129883,324,791,791,672
6.289369583129883,324,791,791,672
6.289369583129883,324,792,791,672
6.289369583129883,324,791,791,672
6.289369583129883,324,791,791,672
6.303341388702393,324,791,791,672
6.303341388702393,324,791,791,672
6.303341388702393,325,791,791,672
6.303341388702393,325,791,791,672
6.303341388702393,325,791,791,672
6.303341388702393,325,791,791,672
6.303341388702393,325,791,791,672
6.303341388702393,325,791,791,672
6.303341388702393,325,791,791,672
6.303341388702393,325,791,791,672
6.303341388702393,325,791,791,672
6.303341388702393,324,791,791,672
6.303341388702393,324,791,791,672
6.303341388702393,324,791,791,672
6.303341388702393,324,791,791,672
6.303341388702393,324,791,791,672
6.303341388702393,323,791,791,672
6.303341388702393,323,790,791,672
6.320092678070068,322,790,791,672
6.32080340385437,322,790,791,672
6.32080340385437,322,790,791,672
6.32080340385437,322,790,791,672
6.32080340385437,322,790,791,672
6.32080340385437,321,790,791,673
6.32080340385437,321,790,791,673
6.32080340385437,321,791,791,673
6.32080340385437,321,791,791,673
6.32080340385437,321,791,791,673
6.32080340385437,321,792,791,672
6.32080340385437,368,792,793,673
6.32080340385437,367,792,793,673
6.32080340385437,367,792,793,673
6.32080340385437,367,792,793,673
6.32080340385437,366,792,793,673
6.333855152130127,319,792,793,673
6.33486795425415,318,792,793,673
6.33486795425415,318,792,793,673
6.33486795425415,318,793,793,673
6.33486795425415,317,793,793,673
6.33486795425415,317,793,793,673
6.33486795425415,316,793,793,673
6.33486795425415,316,792,793,673
6.33486795425415,316,792,793,673
6.33486795425415,315,792,793,673
6.33486795425415,315,792,793,673
6.33486795425415,315,792,793,673
6.33486795425415,315,792,793,674
6.33486795425415,315,792,793,674
6.33486795425415,314,792,793,674
6.33486795425415,314,792,793,674
6.33486795425415,314,793,793,674
6.33486795425415,314,794,794,674
6.350641489028931,314,794,794,674
6.350641489028931,314,794,794,674
6.352618455886841,313,794,794,674
6.352618455886841,313,794,794,674
6.352618455886841,313,794,794,674
6.352618455886841,313,795,794,674
6.3560097217559814,312,795,794,673
6.3560097217559814,312,795,794,673
6.357941389083862,312,794,794,674
6.357941389083862,312,794,794,674
6.357941389083862,312,793,794,674
6.361164808273315,312,793,794,674
6.36148738861084,311,793,794,674
6.36148738861084,311,793,794,674
6.362653732299805,311,793,794,674
6.363755941390991,311,794,794,674
6.3646674156188965,311,794,794,674
6.365671157836914,311,794,794,674
6.367013454437256,311,794,794,674
6.367334842681885,312,794,794,674
6.368347883224487,312,794,794,674
6.369346618652344,312,794,799,675
6.370349645614624,312,794,799,675
6.371346712112427,312,794,799,675
6.372347354888916,312,795,799,676
6.3733460903167725,312,795,799,676
6.374348163604736,312,795,799,676
6.374348163604736,312,796,799,677
6.3753485679626465,313,796,799,677
6.376352548599243,313,797,799,677
6.377347946166992,313,798,799,677
6.378680467605591,313,799,799,677
6.379683256149292,313,800,799,677
6.380682945251465,313,800,799,676
6.380682945251465,313,800,799,676
6.3816819190979,313,800,799,676
6.382679224014282,313,800,799,676
6.384359359741211,314,800,799,676
6.384613275527954,314,799,799,676
6.385621547698975,314,799,799,676
6.386621713638306,315,798,799,676
6.3876237869262695,315,798,799,676
6.388622760772705,315,798,799,677
6.389623641967773,315,798,800,677
6.390622615814209,315,798,800,677
6.391622304916382,316,798,800,677
6.391622304916382,316,799,800,677
6.392624855041504,316,799,800,677
6.393624782562256,316,799,800,677
6.394958257675171,317,800,800,677
6.394958257675171,317,800,800,677
6.394958257675171,317,800,800,677
6.394958257675171,317,800,800,677
6.394958257675171,317,800,800,677
6.394958257675171,317,799,800,677
6.394958257675171,317,799,800,677
6.394958257675171,317,799,800,677
6.394958257675171,317,799,800,677
6.394958257675171,317,799,800,678
6.394958257675171,318,799,800,678
6.394958257675171,318,799,800,678
6.394958257675171,318,799,800,678
6.394958257675171,318,800,800,678
6.394958257675171,318,801,800,677
6.394958257675171,319,801,800,677
6.394958257675171,319,801,803,678
6.410431385040283,319,801,803,678
6.410431385040283,319,801,803,678
6.410431385040283,319,801,803,678
6.410431385040283,319,800,803,678
6.410431385040283,319,801,803,679
6.410431385040283,319,801,803,679
6.410431385040283,319,801,803,679
6.410431385040283,319,802,803,679
6.410431385040283,319,802,803,679
6.410431385040283,319,802,803,679
6.410431385040283,319,803,803,679
6.410431385040283,318,803,803,679
6.410431385040283,318,803,803,679
6.410431385040283,318,804,803,679
6.410431385040283,318,804,803,679
6.410431385040283,318,803,803,679
6.410431385040283,318,803,803,679
6.410431385040283,318,803,803,679
6.4265453815460205,318,803,803,679
6.4265453815460205,318,803,803,679
6.4265453815460205,317,803,803,679
6.4265453815460205,317,803,803,679
6.4265453815460205,366,803,801,678
6.4265453815460205,365,803,801,678
6.4265453815460205,365,803,801,678
6.4265453815460205,365,802,801,678
6.433849811553955,317,802,801,678
6.433849811553955,316,802,801,678
6.433849811553955,316,801,801,678
6.433849811553955,316,801,801,678
6.433849811553955,315,801,801,678
6.433849811553955,315,801,801,678
6.433849811553955,315,801,801,678
6.433849811553955,315,800,801,678
6.433849811553955,314,800,801,678
6.442445516586304,314,800,801,678
6.443434715270996,313,800,801,679
6.443666696548462,313,800,801,679
6.443666696548462,313,801,801,679
6.443666696548462,313,801,801,679
6.443666696548462,313,801,801,679
6.443666696548462,312,802,801,678
6.443666696548462,312,802,801,678
6.443666696548462,312,802,801,678
6.443666696548462,312,802,805,679
6.443666696548462,312,802,805,679
6.443666696548462,312,802,805,680
6.443666696548462,312,802,805,680
6.443666696548462,312,802,805,680
6.443666696548462,311,802,805,680
6.443666696548462,311,803,805,680
6.443666696548462,311,803,805,681
6.443666696548462,311,804,805,680
6.45825719833374,310,804,805,681
6.45825719833374,310,805,805,680
6.45825719833374,310,805,805,680
6.45825719833374,310,805,805,680
6.45825719833374,309,805,805,680
6.45825719833374,309,805,805,680
6.45825719833374,309,805,805,680
6.45825719833374,309,805,805,680
6.45825719833374,309,805,805,680
6.45825719833374,309,804,805,680
6.45825719833374,309,804,805,680
6.45825719833374,309,804,805,681
6.45825719833374,309,804,805,681
6.45825719833374,309,805,804,681
6.45825719833374,309,805,804,680
6.45825719833374,309,805,804,680
6.45825719833374,309,805,804,680
6.473906517028809,309,805,804,680
6.473906517028809,309,805,804,680
6.473906517028809,309,805,804,680
6.473906517028809,309,805,804,680
6.473906517028809,309,805,804,680
6.473906517028809,309,805,804,680
6.473906517028809,309,805,804,680
6.473906517028809,309,804,804,680
6.473906517028809,309,804,804,680
6.473906517028809,309,804,804,680
6.473906517028809,309,804,804,680
6.473906517028809,309,804,804,680
6.473906517028809,309,804,804,680
6.473906517028809,309,804,804,680
6.473906517028809,309,804,804,680
6.473906517028809,310,804,804,680
6.473906517028809,310,805,804,680
6.473906517028809,310,805,804,679
6.489594221115112,359,805,810,681
6.489594221115112,359,804,810,681
6.489594221115112,360,804,810,682
6.489594221115112,360,804,810,682
6.489594221115112,311,804,810,683
6.489594221115112,311,805,810,683
6.489594221115112,312,807,810,683
6.489594221115112,312,808,810,683
6.489594221115112,312,808,810,683
6.489594221115112,312,809,810,683
6.489594221115112,312,810,810,683
6.489594221115112,312,810,810,683
6.489594221115112,313,810,810,683
6.489594221115112,313,810,810,683
6.489594221115112,313,810,810,683
6.489594221115112,313,810,810,683
6.489594221115112,313,810,810,683
6.5055787563323975,313,810,810,683
6.5055787563323975,313,810,810,683
6.5055787563323975,313,810,810,683
6.5055787563323975,314,810,810,683
6.5055787563323975,314,810,810,683
6.5055787563323975,364,810,809,683
6.5055787563323975,364,810,809,683
6.5055787563323975,364,810,809,683
6.5055787563323975,364,810,809,683
6.5055787563323975,364,810,809,683
6.5055787563323975,314,810,809,683
6.5055787563323975,314,810,809,683
6.5055787563323975,314,810,809,682
6.5055787563323975,314,810,809,682
6.5055787563323975,315,810,809,682
6.5055787563323975,315,810,809,682
6.5055787563323975,315,809,809,682
6.5055787563323975,314,808,809,682
6.521708726882935,314,808,809,683
6.521708726882935,314,808,809,683
6.521708726882935,314,808,809,683
6.521708726882935,314,808,809,683
6.521708726882935,314,808,809,683
6.521708726882935,314,808,809,683
6.521708726882935,315,809,809,683
6.521708726882935,314,809,809,683
6.521708726882935,314,809,809,683
6.521708726882935,364,809,811,683
6.521708726882935,364,810,811,683
6.521708726882935,364,810,811,683
6.521708726882935,364,809,811,683
6.521708726882935,364,809,811,684
6.533944606781006,314,809,811,684
6.533944606781006,314,809,811,684
6.533944606781006,314,809,811,684
6.533944606781006,314,810,811,684
6.537625074386597,314,811,811,684
6.537625074386597,313,811,811,684
6.540151357650757,313,811,811,684
6.5408642292022705,313,811,811,684
6.5408642292022705,313,811,811,684
6.5408642292022705,312,811,811,684
6.5408642292022705,312,812,811,684
6.5408642292022705,312,811,811,684
6.5408642292022705,312,811,811,684
6.5408642292022705,312,811,811,684
6.5408642292022705,312,811,811,684
6.5408642292022705,311,811,811,684
6.5408642292022705,311,811,811,684
6.5408642292022705,361,811,810,684
6.5408642292022705,361,811,810,684
6.5408642292022705,361,811,810,683
6.5408642292022705,361,811,810,683
6.553338050842285,361,811,810,683
6.553338050842285,310,811,810,683
6.553338050842285,310,811,810,683
6.553338050842285,310,811,810,683
6.553338050842285,310,810,810,683
6.553338050842285,310,810,810,683
6.553338050842285,309,810,810,683
6.553338050842285,309,809,810,683
6.553338050842285,309,809,810,684
6.553338050842285,308,809,810,684
6.553338050842285,308,809,810,684
6.553338050842285,308,809,810,684
6.553338050842285,308,809,810,684
6.553338050842285,308,810,810,684
6.553338050842285,308,810,810,684
6.553338050842285,308,811,810,684
6.553338050842285,308,811,810,683
6.569015026092529,308,811,810,683
6.570072889328003,358,811,812,684
6.570072889328003,358,811,812,684
6.570072889328003,357,811,812,684
6.570072889328003,357,810,812,684
6.570072889328003,357,810,812,684
6.570072889328003,307,810,812,684
6.570072889328003,307,810,812,685
6.570072889328003,308,811,812,685
6.570072889328003,307,811,812,685
6.570072889328003,307,811,812,685
6.570072889328003,307,812,812,685
6.570072889328003,307,812,812,685
6.570072889328003,307,813,812,684
6.570072889328003,307,813,812,684
6.570072889328003,307,813,812,684
6.570072889328003,307,813,812,684
6.584707498550415,307,813,812,684
6.584707498550415,307,813,812,684
6.584707498550415,307,812,812,684
6.584707498550415,307,812,812,684
6.584707498550415,307,811,812,684
6.584707498550415,307,811,812,684
6.584707498550415,358,811,814,685
6.584707498550415,358,811,814,685
6.584707498550415,358,811,814,685
6.584707498550415,358,811,814,686
6.584707498550415,358,812,814,686
6.584707498550415,308,812,814,686
6.584707498550415,308,813,814,686
6.584707498550415,308,813,814,686
6.584707498550415,308,814,814,686
6.584707498550415,309,815,814,686
6.584707498550415,309,815,814,686
6.584707498550415,309,815,814,685
6.600396394729614,309,815,814,685
6.6017906665802,309,815,814,685
6.6020588874816895,309,814,814,685
6.6020588874816895,309,814,814,685
6.6020588874816895,309,814,814,685
6.6020588874816895,309,813,814,685
6.6020588874816895,309,813,814,686
6.6020588874816895,309,813,814,686
6.6020588874816895,310,813,814,686
6.6020588874816895,310,813,814,686
6.6020588874816895,310,813,816,686
6.6020588874816895,310,814,816,686
6.6020588874816895,310,814,816,687
6.6020588874816895,311,815,816,687
6.6020588874816895,311,815,816,687
6.6020588874816895,311,815,816,687
6.6020588874816895,311,815,816,687
6.616121768951416,311,816,816,687
6.616121768951416,311,816,816,687
6.616121768951416,311,816,816,687
6.616121768951416,312,816,816,687
6.616121768951416,312,817,816,686
6.616121768951416,312,817,816,686
6.616121768951416,312,817,816,686
6.616121768951416,312,817,816,686
6.616121768951416,312,816,816,686
6.616121768951416,312,816,816,686
6.616121768951416,312,815,816,686
6.616121768951416,312,815,816,687
6.616121768951416,312,815,816,687
6.616121768951416,312,815,816,687
6.616121768951416,312,815,816,687
6.616121768951416,362,815,816,687
6.616121768951416,362,815,816,687
6.631782531738281,362,816,816,687
6.632884979248047,362,816,816,687
6.633161783218384,362,816,816,687
6.6341729164123535,312,816,816,687
6.6341729164123535,312,816,816,687
6.6341729164123535,312,816,816,687
6.6341729164123535,312,816,816,687
6.6341729164123535,312,817,816,687
6.6341729164123535,312,817,816,687
6.6341729164123535,312,817,816,687
6.6341729164123535,311,816,816,687
6.6341729164123535,311,816,816,687
6.6341729164123535,311,816,816,687
6.6341729164123535,311,816,816,687
6.6341729164123535,311,816,816,687
6.6341729164123535,311,816,816,687
6.6341729164123535,310,816,816,687
6.6341729164123535,310,816,816,687
6.647444248199463,310,816,816,687
6.647444248199463,310,816,816,687
6.647444248199463,310,816,816,687
6.647444248199463,310,816,816,687
6.647444248199463,310,816,816,687
6.647444248199463,309,816,816,687
6.647444248199463,309,816,816,687
6.647444248199463,309,816,816,687
6.647444248199463,309,816,816,687
6.647444248199463,309,816,816,687
6.647444248199463,308,816,816,687
6.647444248199463,308,816,816,687
6.647444248199463,308,816,816,687
6.647444248199463,308,816,816,687
6.647444248199463,308,816,816,687
6.647444248199463,308,816,816,687
6.647444248199463,308,816,816,687
6.647444248199463,307,816,816,687
6.6633522510528564,307,816,816,687
6.665012359619141,307,816,816,687
6.665012359619141,307,816,816,687
6.665012359619141,306,816,816,687
6.665012359619141,306,816,816,687
6.665012359619141,306,816,816,687
6.665012359619141,306,816,816,687
6.665012359619141,357,816,817,687
6.665012359619141,357,816,817,687
6.665012359619141,357,816,817,687
6.665012359619141,357,816,817,687
6.665012359619141,357,816,817,687
6.665012359619141,306,816,817,687
6.665012359619141,306,816,817,687
6.665012359619141,306,816,817,687
6.665012359619141,306,816,817,688
6.665012359619141,306,816,817,688
6.679030895233154,306,816,817,688
6.679030895233154,306,816,817,688
6.680298805236816,306,817,817,688
6.680298805236816,305,817,817,688
6.680298805236816,305,817,817,688
6.680298805236816,305,817,817,688
6.680298805236816,305,818,817,688
6.680298805236816,305,817,817,687
6.680298805236816,305,818,817,688
6.680298805236816,305,818,817,687
6.680298805236816,305,818,817,687
6.680298805236816,305,818,817,687
6.680298805236816,356,818,819,688
6.680298805236816,356,817,819,688
6.680298805236816,356,817,819,688
6.680298805236816,357,817,819,688
6.680298805236816,357,817,819,688
6.694674015045166,306,817,819,688
6.6958699226379395,306,818,819,688
6.69611668586731,306,818,819,688
6.69611668586731,306,818,819,688
6.69611668586731,306,818,819,689
6.69611668586731,306,818,819,689
6.69611668586731,306,818,819,689
6.69611668586731,306,818,819,689
6.69611668586731,307,819,819,689
6.69611668586731,307,819,819,689
6.69611668586731,307,820,819,689
6.69611668586731,307,820,819,688
6.69611668586731,307,820,819,688
6.69611668586731,307,820,819,688
6.69611668586731,307,820,819,688
6.69611668586731,307,820,819,688
6.69611668586731,307,819,819,688
6.710359811782837,358,819,820,688
6.710359811782837,359,819,820,689
6.710359811782837,359,818,820,689
6.710359811782837,359,818,820,689
6.710359811782837,308,819,820,689
6.710359811782837,308,819,820,689
6.710359811782837,308,819,820,689
6.710359811782837,308,819,820,689
6.710359811782837,309,820,820,689
6.710359811782837,309,820,820,689
6.710359811782837,309,820,820,689
6.710359811782837,309,820,820,689
6.710359811782837,309,820,820,689
6.710359811782837,309,820,820,689
6.710359811782837,309,820,820,689
6.710359811782837,309,819,820,689
6.710359811782837,309,819,820,689
6.710359811782837,309,820,820,689
6.7260212898254395,309,820,820,689
6.7260212898254395,309,820,820,689
6.7260212898254395,309,820,820,689
6.7260212898254395,310,820,820,689
6.7260212898254395,361,820,822,690
6.7260212898254395,361,820,822,690
6.7260212898254395,361,820,822,690
6.7260212898254395,361,820,822,690
6.7260212898254395,361,820,822,690
6.734098434448242,310,821,822,690
6.734098434448242,310,821,822,690
6.734098434448242,310,821,822,690
6.734098434448242,310,822,822,691
6.734098434448242,310,822,822,690
6.734098434448242,310,822,822,690
6.734098434448242,310,822,822,690
6.734098434448242,310,822,822,690
6.7418553829193115,310,822,822,690
6.742837190628052,310,822,822,690
6.743335247039795,309,822,822,690
6.743335247039795,309,822,822,690
6.743335247039795,309,822,822,690
6.743335247039795,309,822,822,690
6.743335247039795,309,822,822,690
6.743335247039795,308,821,822,690
6.743335247039795,308,821,822,691
6.743335247039795,360,821,819,690
6.743335247039795,360,822,819,690
6.743335247039795,360,822,819,689
6.743335247039795,359,822,819,689
6.743335247039795,359,822,819,689
6.743335247039795,308,822,819,689
6.743335247039795,308,821,819,689
6.743335247039795,307,821,819,689
6.757543563842773,308,821,819,688
6.757543563842773,307,820,819,689
6.757543563842773,307,820,819,688
6.757543563842773,307,819,819,689
6.757543563842773,307,819,819,689
6.757543563842773,307,818,819,689
6.757543563842773,307,818,819,689
6.757543563842773,307,818,819,689
6.757543563842773,307,818,819,689
6.757543563842773,307,818,819,689
6.757543563842773,306,819,819,689
6.757543563842773,306,819,819,689
6.757543563842773,306,819,819,689
6.757543563842773,306,820,819,689
6.757543563842773,357,820,824,690
6.757543563842773,357,820,824,690
6.757543563842773,357,820,824,691
6.757543563842773,357,820,824,691
6.773254156112671,357,820,824,691
6.773254156112671,305,820,824,691
6.775271654129028,305,821,824,692
6.775271654129028,305,822,824,692
6.775271654129028,305,822,824,692
6.775271654129028,305,823,824,692
6.775271654129028,305,824,824,692
6.775271654129028,305,824,824,691
6.775271654129028,305,825,824,691
6.775271654129028,305,825,824,691
6.775271654129028,305,825,824,691
6.775271654129028,304,825,824,691
6.775271654129028,304,824,824,691
6.775271654129028,304,824,824,691
6.775271654129028,304,823,824,691
6.775271654129028,304,823,824,691
6.775271654129028,304,823,824,691
6.78954005241394,304,823,824,692
6.790299415588379,356,823,821,691
6.790299415588379,356,823,821,691
6.790299415588379,356,823,821,691
6.790299415588379,356,823,821,690
6.790299415588379,356,824,821,690
6.790299415588379,304,823,821,690
6.790299415588379,304,823,821,690
6.790299415588379,304,823,821,690
6.790299415588379,305,822,821,690
6.790299415588379,305,822,821,690
6.790299415588379,305,822,821,690
6.790299415588379,305,821,821,690
6.790299415588379,305,821,821,690
6.790299415588379,305,821,821,690
6.790299415588379,305,821,821,690
6.790299415588379,305,821,821,690
6.804862976074219,305,820,821,690
6.804862976074219,305,820,821,690
6.804862976074219,305,821,821,690
6.804862976074219,305,820,821,690
6.804862976074219,305,821,821,690
6.804862976074219,305,821,821,690
6.804862976074219,357,821,827,691
6.804862976074219,357,821,827,692
6.804862976074219,357,822,827,692
6.804862976074219,357,822,827,692
6.804862976074219,357,822,827,692
6.804862976074219,306,822,827,693
6.804862976074219,306,823,827,693
6.804862976074219,306,824,827,693
6.804862976074219,306,825,827,693
6.804862976074219,306,826,827,693
6.804862976074219,306,826,827,693
6.804862976074219,307,827,827,693
6.820663213729858,307,827,827,693
6.820663213729858,307,827,827,693
6.820663213729858,307,827,827,693
6.820663213729858,307,827,827,693
6.820663213729858,307,827,827,693
6.820663213729858,307,827,827,693
6.820663213729858,307,827,827,693
6.820663213729858,307,827,827,693
6.820663213729858,307,827,827,693
6.820663213729858,308,827,827,693
6.820663213729858,308,827,827,693
6.820663213729858,360,827,823,692
6.820663213729858,360,827,823,692
6.820663213729858,360,827,823,692
6.820663213729858,359,827,823,691
6.834225416183472,308,826,823,691
6.834225416183472,308,825,823,691
6.836449861526489,308,825,823,691
6.836449861526489,308,824,823,691
6.836449861526489,308,823,823,691
6.836449861526489,308,823,823,691
6.836449861526489,308,823,823,691
6.836449861526489,308,823,823,691
6.836449861526489,308,823,823,691
6.836449861526489,308,822,823,691
6.836449861526489,308,822,823,691
6.836449861526489,308,822,823,691
6.836449861526489,308,822,823,691
6.836449861526489,308,822,823,691
6.836449861526489,307,822,823,692
6.836449861526489,307,823,823,691
6.836449861526489,308,823,823,691
6.836449861526489,308,823,823,691
6.836449861526489,359,823,827,692
6.836449861526489,359,823,827,693
6.852344274520874,359,823,827,693
6.852344274520874,359,823,827,693
6.8543620109558105,307,824,827,693
6.8543620109558105,307,825,827,694
6.8543620109558105,307,825,827,694
6.8543620109558105,307,826,827,694
6.8543620109558105,307,827,827,694
6.8543620109558105,307,827,827,694
6.8595192432403564,307,827,827,694
6.8595192432403564,307,828,827,694
6.861527442932129,307,828,827,693
6.861527442932129,307,828,827,693
6.861527442932129,307,828,827,693
6.861527442932129,306,828,827,693
6.861527442932129,306,828,827,693
6.861527442932129,306,827,827,693
6.861527442932129,306,827,827,693
6.868021249771118,306,826,827,693
6.869170427322388,306,826,827,693
6.870229959487915,306,826,827,693
6.870736598968506,358,826,824,693
6.87174391746521,358,826,824,693
6.872844457626343,357,827,824,692
6.872844457626343,357,827,824,692
6.873852014541626,305,826,824,692
6.874850273132324,305,826,824,692
6.875850439071655,305,826,824,692
6.876850128173828,305,825,824,692
6.877753019332886,305,825,824,692
6.878293037414551,305,825,824,692
6.879615783691406,305,824,824,692
6.879615783691406,304,824,824,692
6.881113290786743,304,824,824,692
6.881113290786743,304,824,824,692
6.881113290786743,304,824,824,692
6.881113290786743,304,824,824,692
6.881113290786743,304,824,824,692
6.881113290786743,304,824,824,692
6.881113290786743,304,824,824,692
6.881113290786743,304,824,824,692
6.881113290786743,304,824,824,692
6.881113290786743,304,824,824,692
6.881113290786743,356,824,828,693
6.881113290786743,356,824,828,693
6.881113290786743,356,824,828,693
6.881113290786743,356,824,828,694
6.894408464431763,304,825,828,694
6.894759178161621,303,825,828,694
6.895786285400391,303,826,828,694
6.896802186965942,303,827,828,694
6.897787809371948,303,827,828,694
6.8987860679626465,303,827,828,694
6.8987860679626465,303,828,828,694
6.899786472320557,303,828,828,694
6.9007861614227295,303,828,828,694
6.90178656578064,303,828,828,694
6.9027862548828125,303,828,828,694
6.903809070587158,303,828,828,694
6.904786586761475,303,828,828,694
6.905786514282227,303,828,828,694
6.906805515289307,303,828,828,694
6.907787322998047,303,829,828,694
6.907787322998047,303,828,828,694
6.909787654876709,303,829,828,694
6.909787654876709,356,829,825,693
6.9113006591796875,356,828,825,693
6.912388801574707,356,828,825,692
6.912388801574707,356,828,825,692
6.913389444351196,356,828,825,692
6.91438889503479,304,827,825,692
6.915391445159912,304,827,825,692
6.916390657424927,304,826,825,692
6.9173903465271,304,825,825,692
6.9183900356292725,304,825,825,692
6.919390916824341,304,825,825,692
6.920397043228149,304,825,825,692
6.921396017074585,304,825,825,692
6.921396017074585,304,824,825,692
6.922396659851074,304,824,825,692
6.9233973026275635,304,824,825,692
6.924396514892578,304,824,825,692
6.925396919250488,304,824,825,692
6.926398515701294,304,824,825,693
6.92739725112915,304,824,825,693
6.928398132324219,305,825,825,692
6.928398132324219,305,825,825,692
6.928398132324219,357,825,831,694
6.928398132324219,357,825,831,694
6.928398132324219,357,825,831,695
6.928398132324219,358,825,831,695
6.928398132324219,358,826,831,696
6.93441915512085,306,827,831,696
6.93441915512085,306,828,831,696
6.93441915512085,306,829,831,696
6.93441915512085,306,830,831,696
6.93441915512085,306,831,831,696
6.93441915512085,306,832,831,696
6.93441915512085,306,832,831,695
6.93441915512085,306,832,831,695
6.93441915512085,307,832,831,695
6.93441915512085,307,832,831,695
6.9442596435546875,307,831,831,695
6.9442596435546875,306,831,831,695
6.9442596435546875,306,831,831,695
6.9442596435546875,306,831,831,695
6.9442596435546875,306,830,831,695
6.9442596435546875,307,830,831,696
6.9442596435546875,307,830,831,696
6.9442596435546875,359,830,827,695
6.9442596435546875,359,830,827,695
6.9442596435546875,359,831,827,694
6.9442596435546875,359,831,827,694
6.9442596435546875,306,831,827,693
6.9442596435546875,306,830,827,693
6.9442596435546875,306,829,827,693
6.9442596435546875,306,828,827,693
6.9442596435546875,306,828,827,693
6.9442596435546875,306,827,827,693
6.9442596435546875,306,827,827,693
6.959956169128418,306,826,827,694
6.959956169128418,306,826,827,694
6.959956169128418,306,826,827,694
6.959956169128418,306,826,827,694
6.959956169128418,306,826,827,694
6.959956169128418,306,826,827,694
6.959956169128418,306,826,827,694
6.959956169128418,305,827,827,694
6.959956169128418,305,827,827,694
6.959956169128418,305,827,827,694
6.959956169128418,305,828,827,694
6.959956169128418,358,828,830,694
6.959956169128418,357,828,830,694
6.959956169128418,357,828,830,695
6.959956169128418,357,828,830,695
6.959956169128418,305,828,830,695
6.959956169128418,304,828,830,695
6.975893259048462,304,829,830,695
6.975893259048462,304,829,830,695
6.975893259048462,304,829,830,695
6.975893259048462,304,829,830,695
6.975893259048462,304,830,830,695
6.975893259048462,304,830,830,695
6.975893259048462,304,830,830,695
6.975893259048462,304,830,830,695
6.975893259048462,304,830,830,695
6.975893259048462,304,830,830,695
6.975893259048462,304,830,830,695
6.975893259048462,304,830,830,695
6.975893259048462,304,830,830,695
6.975893259048462,303,830,830,695
6.975893259048462,303,830,830,695
6.975893259048462,303,830,830,695
6.975893259048462,356,830,828,695
6.975893259048462,355,830,828,694
6.991970539093018,355,830,828,694
6.991970539093018,355,830,828,694
6.991970539093018,355,830,828,694
6.991970539093018,302,829,828,694
6.991970539093018,302,829,828,694
6.991970539093018,302,828,828,694
6.991970539093018,302,828,828,694
6.991970539093018,302,828,828,694
6.991970539093018,302,828,828,694
6.991970539093018,302,828,828,694
6.991970539093018,302,828,828,694
6.991970539093018,302,828,828,694
6.991970539093018,302,827,828,694
6.991970539093018,302,828,828,694
6.991970539093018,302,828,828,694
6.991970539093018,302,828,828,694
6.991970539093018,302,828,828,694
7.007990598678589,302,828,828,694
7.007990598678589,302,828,828,694
7.007990598678589,302,828,828,694
7.007990598678589,354,828,831,695
7.007990598678589,354,828,831,695
7.01175332069397,354,828,831,695
7.01175332069397,354,828,831,696
7.01175332069397,354,829,831,696
7.01175332069397,302,829,831,696
7.01175332069397,302,830,831,696
7.01175332069397,302,830,831,696
7.01175332069397,302,831,831,696
7.018349885940552,302,831,831,696
7.018349885940552,302,832,831,696
7.020358085632324,302,832,831,695
7.020358085632324,303,832,831,695
7.022366523742676,303,832,831,695
7.022366523742676,303,832,831,695
7.024117708206177,303,831,831,695
7.025151252746582,303,831,831,695
7.0259363651275635,303,830,831,695
7.0259363651275635,303,830,831,695
7.0259363651275635,303,830,831,696
7.028431415557861,303,830,831,696
7.028431415557861,303,830,831,696
7.028431415557861,304,831,830,696
7.028431415557861,304,831,830,695
7.028431415557861,304,831,830,695
7.028431415557861,304,831,830,695
7.028431415557861,304,831,830,695
7.034620046615601,304,831,830,695
7.034620046615601,304,831,830,695
7.034620046615601,304,830,830,695
7.034620046615601,304,830,830,695
7.034620046615601,304,830,830,695
7.034620046615601,304,830,830,695
7.040115118026733,305,830,830,695
7.040115118026733,305,830,830,695
7.040115118026733,305,830,830,695
7.040115118026733,305,830,830,695
7.040115118026733,305,830,830,695
7.045093059539795,305,830,830,695
7.045599699020386,305,829,830,695
7.045599699020386,305,829,830,695
7.0477025508880615,305,829,830,695
7.0477025508880615,305,829,830,695
7.049457550048828,305,830,830,696
7.049457550048828,358,830,831,696
7.051469087600708,358,830,831,696
7.051469087600708,358,830,831,696
7.051469087600708,358,831,831,696
7.053478717803955,358,831,831,696
7.053478717803955,305,831,831,696
7.05548620223999,305,832,831,696
7.05548620223999,305,832,831,695
7.05548620223999,305,832,831,695
7.058269739151001,305,832,831,695
7.058269739151001,305,831,831,695
7.060279130935669,305,831,831,695
7.060279130935669,305,831,831,695
7.060279130935669,305,830,831,696
7.060279130935669,306,830,831,696
7.064228534698486,306,830,831,696
7.064228534698486,305,830,831,696
7.064228534698486,305,830,831,696
7.06624174118042,305,831,831,696
7.06624174118042,305,831,831,696
7.06825065612793,305,832,831,696
7.06825065612793,305,831,831,696
7.070258140563965,305,831,831,696
7.071264982223511,305,831,831,696
7.071264982223511,305,831,831,696
7.073309898376465,305,831,831,696
7.073309898376465,305,832,831,695
7.073309898376465,305,832,831,695
7.075319051742554,304,832,831,695
7.075319051742554,304,831,831,695
7.077327013015747,304,831,831,695
7.077327013015747,304,831,831,695
7.077327013015747,304,830,831,696
7.077327013015747,304,830,831,696
7.081407785415649,304,830,831,696
7.081407785415649,304,830,831,696
7.081407785415649,304,830,831,696
7.083416938781738,304,830,831,696
7.083416938781738,304,830,831,696
7.08542537689209,303,831,831,696
7.0871758460998535,303,831,831,696
7.0871758460998535,303,831,831,696
7.0871758460998535,303,831,831,696
7.089184522628784,303,831,831,696
7.089184522628784,356,832,831,696
7.091193199157715,355,832,831,696
7.091193199157715,355,832,831,696
7.093200445175171,355,832,831,696
7.093200445175171,355,831,831,696
7.093200445175171,302,831,831,696
7.093200445175171,302,831,831,696
7.093200445175171,302,831,831,696
7.096863746643066,302,831,831,696
7.096863746643066,302,832,831,696
7.096863746643066,302,831,831,695
7.1004638671875,302,831,831,696
7.1004638671875,302,831,831,696
7.1004638671875,302,831,831,696
7.102473735809326,302,831,831,696
7.102473735809326,302,831,831,696
7.102473735809326,302,831,831,696
7.102473735809326,302,831,831,696
7.102473735809326,301,831,831,696
7.102473735809326,301,831,831,696
7.108412981033325,301,831,831,696
7.108412981033325,301,831,831,696
7.108412981033325,301,831,831,696
7.108412981033325,301,832,831,695
7.108412981033325,301,831,831,695
7.108412981033325,301,831,831,696
7.108412981033325,301,831,831,696
7.108412981033325,301,831,831,696
7.108412981033325,301,831,831,696
7.108412981033325,301,831,831,696
7.116683483123779,301,831,831,696
7.116683483123779,301,831,831,696
7.119036674499512,302,831,831,696
7.119852066040039,302,831,831,696
7.119852066040039,302,831,831,696
7.119852066040039,302,832,831,696
7.119852066040039,302,832,831,695
7.119852066040039,302,832,831,695
7.123799562454224,302,831,831,695
7.123799562454224,302,831,831,695
7.125808477401733,302,830,831,696
7.125808477401733,302,830,831,696
7.127817153930664,302,830,831,696
7.127817153930664,302,830,831,696
7.127817153930664,302,830,831,696
7.127817153930664,302,831,833,696
7.127817153930664,302,831,833,696
7.132721662521362,302,831,833,697
7.132721662521362,302,831,833,697
7.134263038635254,302,832,833,697
7.134774446487427,302,832,833,697
7.134774446487427,303,832,833,697
7.136783599853516,302,833,833,697
7.136783599853516,303,833,833,697
7.138792276382446,303,833,833,697
7.138792276382446,303,833,833,697
7.140801429748535,303,834,833,697
7.140801429748535,303,834,833,697
7.140801429748535,303,833,833,697
7.142809867858887,303,833,833,697
7.142809867858887,304,834,833,696
7.142809867858887,304,834,833,696
7.146378755569458,304,833,833,696
7.146378755569458,304,833,833,696
7.146378755569458,304,833,833,696
7.146378755569458,304,833,833,696
7.150128126144409,304,832,833,696
7.150128126144409,304,832,833,697
7.150128126144409,304,832,833,697
7.150128126144409,304,832,833,697
7.150128126144409,304,832,833,697
7.150128126144409,304,832,833,697
7.150128126144409,304,833,833,697
7.150128126144409,304,833,833,697
7.150128126144409,304,833,833,697
7.150128126144409,304,833,833,697
7.158972501754761,304,833,833,697
7.158972501754761,304,834,833,697
7.160980224609375,305,834,833,697
7.160980224609375,305,834,833,697
7.160980224609375,305,834,833,697
7.160980224609375,305,833,833,697
7.163564205169678,305,833,833,697
7.163564205169678,305,833,833,697
7.165574073791504,305,833,833,697
7.165574073791504,305,833,833,697
7.167584419250488,305,833,833,697
7.167584419250488,305,833,833,697
7.169594049453735,305,833,833,697
7.169594049453735,304,833,834,697
7.171602010726929,304,833,834,697
7.171602010726929,304,833,834,697
7.173610210418701,304,833,834,697
7.173610210418701,304,833,834,697
7.173610210418701,304,833,834,697
7.175618410110474,304,833,834,697
7.175618410110474,304,833,834,697
7.177623987197876,304,833,834,698
7.177623987197876,304,833,834,698
7.177623987197876,304,833,834,698
7.180588960647583,304,833,834,698
7.1817240715026855,304,834,834,698
7.1817240715026855,304,834,834,698
7.1817240715026855,304,835,834,697
7.1841418743133545,304,835,834,697
7.1841418743133545,304,835,834,697
7.186153173446655,303,835,834,697
7.186153173446655,303,835,834,697
7.1881632804870605,303,834,834,697
7.1881632804870605,303,834,834,697
7.1881632804870605,303,834,834,697
7.190172910690308,356,834,832,697
7.190172910690308,356,833,832,697
7.192180871963501,356,833,832,697
7.192180871963501,356,833,832,697
7.194188117980957,355,833,832,696
7.1951584815979,302,833,832,696
7.1951584815979,302,833,832,696
7.1951584815979,302,833,832,696
7.198063135147095,301,832,832,696
7.198063135147095,301,832,832,696
7.198063135147095,301,832,832,696
7.199813365936279,301,832,832,696
7.199813365936279,301,831,832,696
7.201821327209473,302,831,832,697
7.201821327209473,302,831,832,697
7.201821327209473,301,831,832,697
7.201821327209473,301,831,832,697
7.201821327209473,301,832,832,697
7.201821327209473,301,831,832,697
7.201821327209473,301,832,832,697
7.201821327209473,301,832,832,697
7.201821327209473,301,832,832,697
7.201821327209473,354,832,834,697
7.211824655532837,354,833,834,697
7.211824655532837,354,833,834,697
7.211824655532837,354,833,834,697
7.213534355163574,354,834,834,697
7.213534355163574,300,833,834,698
7.213534355163574,300,833,834,698
7.213534355163574,300,833,834,698
7.213534355163574,300,833,834,698
7.213534355163574,300,833,834,698
7.213534355163574,301,834,834,698
7.213534355163574,301,834,834,698
7.213534355163574,301,835,834,697
7.222158670425415,301,835,834,697
7.222158670425415,301,835,834,697
7.222158670425415,301,835,834,697
7.222158670425415,301,834,834,697
7.225748538970947,301,834,834,697
7.225748538970947,301,834,834,697
7.225748538970947,301,834,834,697
7.228811025619507,301,834,834,697
7.229512691497803,301,833,834,698
7.229512691497803,301,834,833,697
7.229512691497803,301,833,833,697
7.229512691497803,301,834,833,697
7.229512691497803,301,834,833,697
7.229512691497803,301,834,833,697
7.234763860702515,301,834,833,697
7.234763860702515,301,834,833,697
7.234763860702515,301,834,833,697
7.234763860702515,301,834,833,697
7.234763860702515,301,834,833,697
7.234763860702515,302,834,833,696
7.234763860702515,302,834,833,696
7.234763860702515,302,834,833,696
7.234763860702515,302,833,833,696
7.234763860702515,302,833,833,696
7.244630575180054,302,832,833,697
7.244630575180054,302,832,833,697
7.244630575180054,302,832,833,697
7.244630575180054,302,832,833,697
7.244630575180054,302,832,833,697
7.244630575180054,302,832,833,697
7.244630575180054,302,833,833,697
7.244630575180054,302,833,835,697
7.244630575180054,302,834,835,698
7.244630575180054,302,834,835,698
7.244630575180054,302,834,835,698
7.244630575180054,302,834,835,698
7.244630575180054,302,834,835,698
7.244630575180054,303,834,835,698
7.244630575180054,303,835,835,698
7.244630575180054,303,835,835,698
7.244630575180054,303,835,835,698
7.244630575180054,303,836,835,698
7.260792970657349,303,836,835,697
7.260792970657349,303,836,835,697
7.262436151504517,304,835,835,698
7.262436151504517,304,835,835,698
7.262436151504517,304,835,835,698
7.262436151504517,304,835,835,698
7.262436151504517,304,835,835,698
7.262436151504517,304,835,835,698
7.262436151504517,304,835,835,698
7.262436151504517,304,835,835,698
7.262436151504517,304,836,835,698
7.262436151504517,304,835,835,698
7.262436151504517,304,835,835,698
7.262436151504517,304,835,835,698
7.262436151504517,304,835,835,698
7.262436151504517,303,835,835,698
7.262436151504517,303,835,835,698
7.262436151504517,303,836,835,698
7.276199579238892,303,836,835,697
7.276199579238892,303,835,835,697
7.276199579238892,303,835,835,697
7.276199579238892,303,835,835,697
7.276199579238892,303,835,835,697
7.276199579238892,303,834,835,697
7.276199579238892,303,834,835,698
7.276199579238892,303,834,835,698
7.276199579238892,303,834,835,698
7.276199579238892,303,833,835,698
7.276199579238892,303,834,835,698
7.276199579238892,303,834,835,698
7.276199579238892,303,834,835,698
7.276199579238892,303,835,835,698
7.276199579238892,303,835,835,698
7.276199579238892,302,835,835,698
7.276199579238892,355,835,834,698
7.292094469070435,355,835,834,698
7.293284893035889,355,835,834,698
7.293805837631226,355,836,834,698
7.293805837631226,302,835,834,697
7.293805837631226,302,835,834,697
7.293805837631226,302,835,834,697
7.293805837631226,302,835,834,697
7.293805837631226,301,834,834,697
7.293805837631226,301,834,834,697
7.293805837631226,301,834,834,697
7.293805837631226,301,834,834,697
7.293805837631226,301,833,834,697
7.293805837631226,301,833,834,698
7.293805837631226,301,833,834,698
7.293805837631226,301,833,834,698
7.293805837631226,301,834,834,698
7.293805837631226,301,834,834,698
7.293805837631226,301,834,834,698
7.308175563812256,301,835,834,697
7.309316158294678,301,835,834,697
7.309316158294678,301,835,834,697
7.309316158294678,354,835,836,698
7.309316158294678,354,835,836,698
7.309316158294678,353,835,836,698
7.309316158294678,353,834,836,698
7.309316158294678,300,834,836,698
7.309316158294678,300,834,836,699
7.309316158294678,300,835,836,698
7.309316158294678,300,835,836,699
7.309316158294678,300,836,836,699
7.309316158294678,300,836,836,698
7.309316158294678,300,836,836,698
7.309316158294678,300,836,836,698
7.309316158294678,300,836,836,698
7.309316158294678,300,836,836,698
7.309316158294678,300,836,836,698
7.324300765991211,300,836,836,698
7.324300765991211,300,835,836,698
7.324300765991211,300,835,836,699
7.324300765991211,300,835,836,699
7.324300765991211,300,835,836,699
7.324300765991211,300,835,836,699
7.324300765991211,300,836,836,699
7.324300765991211,300,836,834,698
7.324300765991211,300,837,834,698
7.324300765991211,300,837,834,698
7.324300765991211,300,837,834,697
7.334975242614746,300,836,834,697
7.334975242614746,300,836,834,697
7.334975242614746,300,835,834,697
7.334975242614746,300,835,834,697
7.334975242614746,300,834,834,697
7.334975242614746,300,834,834,697
7.334975242614746,300,834,834,697
7.3404059410095215,300,834,834,697
7.3404059410095215,300,833,834,697
7.3404059410095215,300,833,834,698
7.3404059410095215,301,833,834,698
7.3404059410095215,301,833,834,698
7.3404059410095215,301,834,834,698
7.3404059410095215,301,834,834,698
7.3404059410095215,301,835,834,698
7.3404059410095215,301,835,834,697
7.3404059410095215,301,835,834,697
7.3404059410095215,301,835,834,697
7.3404059410095215,301,835,837,698
7.3404059410095215,301,835,837,698
7.3404059410095215,301,835,837,698
7.3404059410095215,301,835,837,698
7.3404059410095215,302,835,837,699
7.3404059410095215,302,835,837,699
7.356388092041016,302,835,837,699
7.356388092041016,302,835,837,699
7.356388092041016,302,836,837,699
7.356388092041016,302,836,837,699
7.356388092041016,302,837,837,699
7.356388092041016,302,838,837,699
7.356388092041016,302,838,837,699
7.356388092041016,302,838,837,699
7.356388092041016,303,838,837,699
7.356388092041016,303,837,837,698
7.356388092041016,303,837,837,699
7.356388092041016,303,837,837,699
7.356388092041016,303,837,837,699
7.356388092041016,303,836,837,699
7.356388092041016,302,836,837,699
7.356388092041016,302,836,837,699
7.356388092041016,302,837,834,698
7.3721723556518555,303,837,834,698
7.373106479644775,303,837,834,698
7.373674392700195,303,837,834,697
7.375186920166016,303,836,834,697
7.375718593597412,303,836,834,697
7.376731634140015,302,835,834,697
7.37773060798645,302,834,834,697
7.378410577774048,303,834,834,697
7.379424095153809,303,834,834,697
7.380422353744507,303,833,834,698
7.381423234939575,303,833,834,698
7.381423234939575,303,833,834,698
7.383422136306763,303,833,834,698
7.384424448013306,303,834,834,698
7.384424448013306,303,834,834,698
7.385423898696899,303,835,834,698
7.386423826217651,303,835,834,697
7.387423753738403,303,835,834,697
7.388425827026367,303,835,834,697
7.38942551612854,302,835,834,697
7.390424966812134,302,834,837,698
7.391703367233276,302,834,837,698
7.392289161682129,302,834,837,699
7.393302917480469,302,834,837,699
7.394301891326904,302,834,837,699
7.396135568618774,302,834,837,699
7.396135568618774,302,834,837,699
7.396135568618774,302,835,837,699
7.396135568618774,303,836,837,699
7.396135568618774,303,836,837,699
7.396135568618774,302,837,837,699
7.396135568618774,302,837,837,699
7.396135568618774,302,837,837,699
7.396135568618774,302,837,837,699
7.396135568618774,302,837,837,699
7.396135568618774,302,837,837,699
7.396135568618774,302,837,837,699
7.396135568618774,302,837,837,699
7.396135568618774,302,837,837,699
7.396135568618774,302,836,837,699
7.396135568618774,301,836,837,699
7.396135568618774,301,836,837,699
7.410049676895142,301,837,837,700
7.411258220672607,301,837,834,699
7.412154674530029,301,837,834,698
7.412633419036865,301,837,834,698
7.412633419036865,301,837,834,698
7.414646148681641,301,837,834,698
7.414646148681641,301,837,834,697
7.414646148681641,301,836,834,697
7.414646148681641,301,835,834,697
7.414646148681641,300,835,834,697
7.414646148681641,300,834,834,697
7.414646148681641,300,834,834,697
7.414646148681641,300,834,834,697
7.414646148681641,300,834,834,697
7.414646148681641,300,833,834,697
7.414646148681641,300,833,834,698
7.414646148681641,300,833,834,698
7.414646148681641,300,833,834,698
7.414646148681641,300,833,834,698
7.428018569946289,300,833,834,698
7.4284141063690186,300,834,834,698
7.429408550262451,300,834,834,698
7.430508136749268,300,835,834,698
7.431022882461548,300,835,837,698
7.43205189704895,300,835,837,699
7.433051586151123,300,835,837,699
7.434051275253296,300,835,837,699
7.4350502490997314,300,836,837,699
7.4350502490997314,300,836,837,699
7.436155319213867,300,836,837,699
7.437155485153198,300,837,837,699
7.438155651092529,300,837,837,699
7.439168453216553,300,837,837,699
7.440157413482666,300,837,837,699
7.441157817840576,300,838,837,699
7.441157817840576,300,837,837,699
7.442164897918701,300,837,837,699
7.443157196044922,300,837,837,699
7.444159030914307,300,837,837,699
7.445355653762817,300,837,837,699
7.44641375541687,300,837,837,699
7.4474122524261475,300,837,837,699
7.448415517807007,300,836,837,699
7.449410915374756,300,837,837,699
7.450411796569824,300,837,837,699
7.451410531997681,300,837,834,698
7.452412366867065,300,837,834,698
7.452412366867065,300,837,834,698
7.453410863876343,300,837,834,697
7.454411029815674,300,836,834,697
7.455689191818237,300,836,834,697
7.456252813339233,300,835,834,697
7.45726203918457,300,835,834,697
7.458261013031006,300,834,834,697
7.459268808364868,300,834,834,697
7.460261106491089,300,833,834,697
7.460261106491089,301,833,834,698
7.461261749267578,301,833,834,698
7.462260961532593,301,833,834,698
7.462260961532593,301,833,834,698
7.462260961532593,301,834,834,698
7.462260961532593,301,834,834,698
7.462260961532593,301,835,834,697
7.462260961532593,301,835,834,697
7.462260961532593,301,835,834,697
7.462260961532593,301,835,834,697
7.462260961532593,301,835,834,697
7.462260961532593,302,834,838,698
7.462260961532593,302,834,838,699
7.462260961532593,302,834,838,699
7.462260961532593,302,834,838,700
7.462260961532593,302,834,838,700
7.462260961532593,302,835,838,700
7.462260961532593,302,836,838,700
7.462260961532593,302,837,838,700
7.478004693984985,302,838,838,700
7.478004693984985,302,838,838,700
7.478004693984985,302,839,838,700
7.478004693984985,302,839,838,699
7.478004693984985,303,839,838,699
7.478004693984985,303,839,838,699
7.478004693984985,303,839,838,699
7.478004693984985,303,838,838,699
7.478004693984985,303,838,838,699
7.478004693984985,303,837,838,700
7.478004693984985,303,837,838,700
7.478004693984985,303,836,838,700
7.478004693984985,303,836,838,700
7.478004693984985,303,837,838,700
7.478004693984985,303,837,836,700
7.478004693984985,303,838,836,699
7.478004693984985,303,839,836,699
7.49374794960022,303,839,836,699
7.49374794960022,303,839,836,698
7.49579930305481,303,838,836,698
7.49579930305481,303,838,836,698
7.49579930305481,303,837,836,698
7.49579930305481,303,836,836,698
7.49579930305481,303,836,836,698
7.49579930305481,303,835,836,698
7.49579930305481,302,835,836,699
7.49579930305481,302,835,836,699
7.49579930305481,302,835,836,699
7.49579930305481,302,835,836,699
7.49579930305481,302,835,836,699
7.49579930305481,302,836,836,699
7.49579930305481,302,837,836,699
7.49579930305481,302,837,836,699
7.49579930305481,302,837,836,699
7.509422063827515,302,837,836,699
7.509422063827515,302,837,836,698
7.509422063827515,355,837,836,698
7.509422063827515,355,836,836,698
7.509422063827515,355,836,836,698
7.509422063827515,355,836,836,698
7.509422063827515,301,835,836,698
7.509422063827515,301,835,836,699
7.509422063827515,301,835,836,699
7.509422063827515,301,835,836,699
7.509422063827515,301,835,836,699
7.509422063827515,301,835,836,699
7.509422063827515,301,836,836,699
7.509422063827515,301,836,836,699
7.509422063827515,301,836,836,699
7.509422063827515,301,837,836,699
7.509422063827515,301,837,836,699
7.525192499160767,301,837,836,698
7.525192499160767,300,837,836,698
7.526672601699829,300,836,836,698
7.527231693267822,300,836,836,698
7.527231693267822,300,836,836,698
7.527231693267822,300,835,836,698
7.527231693267822,300,835,836,699
7.527231693267822,300,835,835,699
7.527231693267822,300,835,835,699
7.527231693267822,300,836,835,698
7.527231693267822,300,836,835,698
7.527231693267822,300,836,835,698
7.534997940063477,300,836,835,698
7.534997940063477,300,836,835,698
7.534997940063477,300,836,835,698
7.534997940063477,300,836,835,698
7.534997940063477,299,835,835,698
7.534997940063477,299,835,835,698
7.534997940063477,299,835,835,698
7.5412843227386475,299,835,835,698
7.5412843227386475,300,835,835,698
7.5412843227386475,300,835,835,698
7.5412843227386475,300,835,835,698
7.5412843227386475,300,835,835,698
7.5412843227386475,300,835,835,698
7.5412843227386475,300,835,835,698
7.5412843227386475,300,835,835,698
7.5412843227386475,300,835,835,698
7.5412843227386475,300,835,835,698
7.5412843227386475,300,835,838,699
7.5412843227386475,300,835,838,699
7.5412843227386475,300,835,838,699
7.5412843227386475,300,835,838,699
7.5412843227386475,300,835,838,699
7.5412843227386475,300,836,838,700
7.5412843227386475,300,837,838,700
7.556952714920044,300,837,838,700
7.556952714920044,300,837,838,700
7.556952714920044,300,838,838,700
7.556952714920044,300,838,838,700
7.556952714920044,301,838,838,700
7.556952714920044,301,839,838,700
7.556952714920044,301,839,838,699
7.556952714920044,301,839,838,699
7.556952714920044,301,839,838,699
7.556952714920044,301,839,838,699
7.556952714920044,301,838,838,699
7.556952714920044,301,838,838,699
7.556952714920044,301,837,838,700
7.556952714920044,301,837,838,700
7.556952714920044,301,837,838,700
7.556952714920044,301,837,836,699
7.556952714920044,301,837,836,699
7.57266640663147,301,838,836,699
7.573864221572876,301,838,836,699
7.574587821960449,301,838,836,699
7.574587821960449,301,838,836,699
7.574587821960449,301,837,836,698
7.574587821960449,301,837,836,698
7.574587821960449,301,837,836,698
7.574587821960449,302,836,836,698
7.574587821960449,302,836,836,698
7.574587821960449,302,836,836,698
7.574587821960449,302,835,836,698
7.574587821960449,302,835,836,699
7.574587821960449,302,835,836,699
7.574587821960449,302,835,836,699
7.574587821960449,302,835,836,699
7.574587821960449,302,835,836,699
7.574587821960449,302,836,836,699
7.588424921035767,302,836,836,699
7.588424921035767,302,836,836,699
7.589562654495239,302,837,836,699
7.589562654495239,302,837,838,699
7.589562654495239,302,837,838,699
7.589562654495239,302,837,838,699
7.589562654495239,302,837,838,699
7.589562654495239,302,837,838,699
7.589562654495239,302,837,838,699
7.589562654495239,302,837,838,699
7.589562654495239,302,837,838,699
7.589562654495239,302,837,838,700
7.589562654495239,302,837,838,700
7.589562654495239,302,837,838,700
7.589562654495239,302,837,838,700
7.589562654495239,302,838,838,700
7.589562654495239,302,838,838,700
7.589562654495239,302,838,838,700
7.604243993759155,302,838,838,700
7.6053831577301025,302,839,838,700
7.6053831577301025,302,839,838,699
7.6053831577301025,302,838,838,699
7.6053831577301025,302,838,838,700
7.6053831577301025,301,838,838,700
7.6053831577301025,301,838,838,700
7.6053831577301025,301,838,835,699
7.6053831577301025,301,838,835,699
7.6053831577301025,301,838,835,698
7.6053831577301025,301,838,835,698
7.6053831577301025,301,838,835,698
7.6053831577301025,301,838,835,698
7.6053831577301025,301,837,835,698
7.6053831577301025,301,836,835,698
7.6053831577301025,301,836,835,698
7.6053831577301025,301,835,835,698
7.619949579238892,301,835,835,698
7.619949579238892,301,835,835,698
7.619949579238892,300,835,835,698
7.619949579238892,301,835,835,698
7.619949579238892,301,835,835,698
7.619949579238892,301,835,835,698
7.619949579238892,300,835,835,698
7.619949579238892,300,835,835,698
7.619949579238892,300,835,835,698
7.619949579238892,300,835,835,698
7.619949579238892,300,835,835,698
7.619949579238892,300,835,835,698
7.619949579238892,300,835,835,698
7.619949579238892,300,835,838,699
7.619949579238892,300,835,838,699
7.619949579238892,300,835,838,699
7.619949579238892,300,835,838,699
7.6351940631866455,300,835,838,699
7.6351940631866455,300,836,838,700
7.6351940631866455,300,836,838,700
7.6351940631866455,300,836,838,700
7.6351940631866455,300,837,838,700
7.6351940631866455,300,838,838,700
7.6351940631866455,300,838,838,700
7.6351940631866455,300,839,838,700
7.6351940631866455,300,839,838,700
7.6351940631866455,300,839,838,699
7.6351940631866455,300,839,838,699
7.6351940631866455,300,839,838,699
7.6351940631866455,300,838,838,699
7.6351940631866455,300,838,838,699
7.6351940631866455,300,837,838,699
7.6351940631866455,300,837,838,700
7.6351940631866455,300,836,838,700
7.6351940631866455,300,836,836,699
7.65107274055481,300,837,836,699
7.65107274055481,300,837,836,699
7.653613090515137,300,837,836,699
7.654429912567139,300,838,836,699
7.654429912567139,300,838,836,699
7.654429912567139,300,838,836,699
7.654429912567139,300,837,836,699
7.654429912567139,300,837,836,699
7.654429912567139,300,837,836,699
7.654429912567139,300,837,836,698
7.654429912567139,300,837,836,698
7.654429912567139,300,837,836,698
7.654429912567139,300,836,836,698
7.654429912567139,300,836,836,698
7.654429912567139,300,836,836,698
7.654429912567139,300,835,836,698
7.654429912567139,300,835,836,699
7.66675329208374,300,835,836,699
7.667781829833984,300,835,836,699
7.667781829833984,300,835,836,699
7.667781829833984,300,836,836,699
7.667781829833984,300,836,838,699
7.667781829833984,300,836,838,700
7.667781829833984,301,837,838,699
7.667781829833984,301,837,838,699
7.667781829833984,301,837,838,700
7.667781829833984,301,837,838,700
7.667781829833984,301,838,838,700
7.667781829833984,301,838,838,700
7.667781829833984,301,839,838,700
7.667781829833984,301,839,838,699
7.667781829833984,301,839,838,699
7.667781829833984,301,838,838,699
7.667781829833984,301,838,838,699
7.682511568069458,301,838,838,699
7.683560132980347,301,838,838,699
7.683794975280762,302,837,838,699
7.683794975280762,302,837,838,700
7.683794975280762,302,837,838,700
7.683794975280762,302,836,838,700
7.683794975280762,302,837,838,700
7.683794975280762,302,837,838,700
7.683794975280762,302,837,838,700
7.683794975280762,302,838,837,700
7.683794975280762,302,838,837,700
7.683794975280762,302,838,837,700
7.683794975280762,302,838,837,700
7.683794975280762,302,838,837,700
7.683794975280762,302,838,837,699
7.683794975280762,302,838,837,699
7.683794975280762,302,838,837,699
7.683794975280762,302,838,837,699
7.69819974899292,302,837,837,699
7.69819974899292,302,837,837,699
7.69819974899292,302,837,837,699
7.69819974899292,302,836,837,700
7.69819974899292,302,836,837,700
7.69819974899292,302,836,837,700
7.69819974899292,302,837,837,700
7.69819974899292,302,837,837,700
7.69819974899292,302,837,837,700
7.69819974899292,302,838,837,699
7.69819974899292,302,838,837,699
7.69819974899292,302,838,837,699
7.69819974899292,302,838,837,699
7.69819974899292,302,838,837,699
7.69819974899292,302,838,837,699
7.69819974899292,302,837,837,699
7.69819974899292,302,837,837,699
7.71394681930542,301,836,837,699
7.71394681930542,301,836,837,699
7.71394681930542,302,836,837,699
7.71394681930542,302,836,837,699
7.71394681930542,302,836,837,700
7.71394681930542,302,836,837,700
7.71394681930542,302,836,837,700
7.71394681930542,302,837,837,700
7.71394681930542,301,837,837,700
7.71394681930542,302,838,837,700
7.71394681930542,302,838,837,699
7.71394681930542,302,838,837,699
7.71394681930542,302,838,837,699
7.71394681930542,302,838,837,699
7.71394681930542,301,837,837,699
7.71394681930542,301,837,837,699
7.71394681930542,301,836,837,699
7.729615926742554,301,836,837,699
7.730840682983398,354,836,837,699
7.7314136028289795,354,836,837,700
7.7314136028289795,354,836,837,700
7.7314136028289795,354,836,837,700
7.7314136028289795,354,837,837,700
7.735401630401611,301,837,837,700
7.735401630401611,301,837,837,700
7.735401630401611,301,838,837,700
7.735401630401611,301,838,837,699
7.735401630401611,301,838,837,699
7.735401630401611,301,838,837,699
7.735401630401611,301,838,837,699
7.735401630401611,301,838,837,699
7.735401630401611,301,837,837,699
7.735401630401611,301,837,837,699
7.735401630401611,301,837,837,699
7.745394468307495,301,837,837,699
7.745394468307495,301,837,837,699
7.745394468307495,301,836,837,699
7.745394468307495,301,836,837,700
7.745394468307495,300,836,837,700
7.745394468307495,300,836,837,700
7.745394468307495,300,837,837,700
7.745394468307495,300,837,837,700
7.745394468307495,300,838,837,699
7.745394468307495,300,838,837,699
7.745394468307495,300,838,837,699
7.745394468307495,300,838,837,699
7.745394468307495,300,838,837,699
7.745394468307495,300,837,837,699
7.745394468307495,300,837,837,699
7.745394468307495,300,837,837,699
7.745394468307495,300,836,837,699
7.745394468307495,300,836,837,699
7.761225461959839,300,836,837,699
7.762505292892456,300,836,837,700
7.763340473175049,300,837,837,700
7.763340473175049,300,837,837,699
7.763340473175049,300,837,837,699
7.763340473175049,301,837,837,699
7.763340473175049,301,837,837,699
7.763340473175049,300,837,837,699
7.763340473175049,300,837,837,699
7.763340473175049,300,836,837,699
7.763340473175049,300,836,837,700
7.763340473175049,300,836,837,700
7.763340473175049,300,836,837,700
7.763340473175049,300,837,837,700
7.763340473175049,300,837,837,700
7.763340473175049,301,838,837,700
7.763340473175049,301,838,837,699
7.7769787311553955,301,839,837,699
7.7769787311553955,301,838,837,699
7.7769787311553955,301,838,837,699
7.778995513916016,301,838,837,699
7.778995513916016,301,837,837,699
7.778995513916016,301,837,837,699
7.778995513916016,301,837,837,699
7.778995513916016,301,837,837,699
7.778995513916016,301,837,837,699
7.778995513916016,301,837,837,699
7.778995513916016,301,836,837,699
7.778995513916016,301,836,837,700
7.778995513916016,301,836,837,700
7.778995513916016,301,837,837,699
7.778995513916016,301,837,837,699
7.778995513916016,301,837,837,699
7.778995513916016,301,837,838,700
7.778995513916016,301,838,838,700
7.792677164077759,301,837,838,700
7.792677164077759,301,837,838,700
7.792677164077759,301,838,838,700
7.792677164077759,301,838,838,700
7.792677164077759,301,838,838,700
7.792677164077759,301,838,838,700
7.792677164077759,301,838,838,700
7.792677164077759,301,838,838,700
7.792677164077759,302,838,838,700
7.792677164077759,302,839,838,700
7.792677164077759,302,839,838,699
7.792677164077759,302,838,838,700
7.792677164077759,302,838,838,700
7.792677164077759,302,838,838,700
7.792677164077759,302,838,838,700
7.792677164077759,302,838,838,700
7.792677164077759,302,838,838,700
7.792677164077759,302,838,838,700
7.8086583614349365,302,838,838,700
7.8086583614349365,302,837,838,700
7.8086583614349365,302,837,838,700
7.8086583614349365,302,838,838,700
7.8086583614349365,302,838,838,700
7.8086583614349365,302,839,838,700
7.8086583614349365,302,839,838,700
7.8086583614349365,302,839,838,699
7.8086583614349365,302,838,838,699
7.8086583614349365,302,838,838,700
7.8086583614349365,302,838,838,700
7.8086583614349365,302,838,838,700
7.8086583614349365,302,838,838,700
7.8086583614349365,301,838,838,700
7.8086583614349365,301,838,838,700
7.8086583614349365,301,838,838,700
7.8086583614349365,301,838,838,700
7.82433009147644,301,838,838,700
7.825417518615723,301,838,838,700
7.825660943984985,301,838,838,700
7.825660943984985,301,838,838,700
7.825660943984985,301,838,838,700
7.825660943984985,301,838,838,700
7.825660943984985,301,838,838,700
7.825660943984985,301,838,838,700
7.825660943984985,354,838,837,699
7.825660943984985,355,838,837,699
7.825660943984985,355,838,837,699
7.825660943984985,354,838,837,699
7.835443735122681,301,838,837,699
7.835443735122681,301,837,837,699
7.835443735122681,300,837,837,699
7.835443735122681,300,836,837,699
7.835443735122681,300,836,837,699
7.835443735122681,300,836,837,700
7.840174674987793,300,836,837,700
7.840174674987793,300,836,837,700
7.840174674987793,300,836,837,700
7.840174674987793,300,837,837,700
7.840174674987793,301,838,837,700
7.840174674987793,301,838,837,699
7.840174674987793,301,838,837,699
7.840174674987793,301,838,837,699
7.840174674987793,300,838,837,699
7.840174674987793,300,837,837,699
7.840174674987793,300,837,837,699
7.840174674987793,300,837,837,699
7.840174674987793,300,836,838,700
7.840174674987793,300,836,838,700
7.840174674987793,300,836,838,700
7.840174674987793,300,836,838,700
7.840174674987793,300,837,838,700
7.855894088745117,300,838,838,700
7.855894088745117,300,838,838,700
7.855894088745117,300,838,838,700
7.855894088745117,300,838,838,700
7.855894088745117,300,838,838,700
7.855894088745117,300,839,838,700
7.855894088745117,300,839,838,700
7.855894088745117,300,839,838,700
7.855894088745117,300,838,838,700
7.855894088745117,300,838,838,700
7.855894088745117,300,838,838,700
7.855894088745117,300,838,838,700
7.855894088745117,300,838,838,700
7.855894088745117,300,838,838,700
7.855894088745117,300,838,838,700
7.855894088745117,300,838,838,700
7.855894088745117,300,838,838,700
7.855894088745117,300,838,838,700
7.871812105178833,300,838,838,700
7.873114109039307,300,838,838,700
7.87413215637207,300,839,838,700
7.875107049942017,300,838,838,700
7.875678062438965,300,838,838,700
7.876688003540039,300,838,838,700
7.877688407897949,300,838,838,700
7.878132104873657,300,838,838,700
7.879387378692627,300,838,838,700
7.880384683609009,300,839,838,700
7.880384683609009,300,838,838,699
7.881384611129761,300,838,838,700
7.882385969161987,300,839,838,700
7.8833863735198975,301,839,838,699
7.884387254714966,301,838,838,700
7.885387182235718,301,838,838,700
7.886387586593628,301,838,838,700
7.887387275695801,301,838,838,700
7.888387203216553,301,837,838,700
7.889387845993042,301,837,838,700
7.889387845993042,301,837,838,700
7.891451358795166,301,837,839,700
7.892234802246094,301,838,839,700
7.892234802246094,301,838,839,700
7.894246339797974,300,839,839,700
7.894861459732056,300,839,839,700
7.894861459732056,300,839,839,700
7.894861459732056,301,839,839,700
7.894861459732056,301,838,839,700
7.894861459732056,301,838,839,700
7.894861459732056,301,838,839,701
7.894861459732056,301,838,839,701
7.894861459732056,301,838,839,701
7.894861459732056,301,839,839,701
7.894861459732056,301,839,839,701
7.894861459732056,301,839,839,701
7.894861459732056,301,840,839,700
7.894861459732056,301,840,839,700
7.894861459732056,301,840,839,700
7.894861459732056,301,840,839,700
7.894861459732056,301,840,839,700
7.894861459732056,301,839,839,700
7.910052061080933,301,839,839,700
7.910052061080933,301,839,838,700
7.912078857421875,301,839,838,700
7.912804126739502,301,838,838,700
7.912804126739502,301,838,838,700
7.912804126739502,301,838,838,700
7.912804126739502,301,838,838,700
7.912804126739502,301,838,838,700
7.912804126739502,301,838,838,700
7.912804126739502,301,838,838,700
7.912804126739502,301,838,838,700
7.912804126739502,301,838,838,700
7.912804126739502,301,838,838,700
7.912804126739502,301,838,838,700
7.912804126739502,301,838,838,700
7.912804126739502,301,839,838,700
7.912804126739502,301,839,838,700
7.912804126739502,301,838,838,700
7.9258763790130615,301,838,838,700
7.927156925201416,301,838,838,700
7.927156925201416,301,838,838,700
7.927156925201416,301,838,838,700
7.927156925201416,301,838,838,700
7.927156925201416,300,838,838,700
7.927156925201416,300,838,838,700
7.927156925201416,300,838,838,700
7.927156925201416,300,838,838,700
7.927156925201416,300,838,838,700
7.927156925201416,300,838,838,700
7.935547113418579,300,839,838,700
7.935547113418579,300,838,838,700
7.935547113418579,300,838,838,700
7.935547113418579,300,838,838,700
7.935547113418579,300,838,838,700
7.935547113418579,300,838,838,700
7.935547113418579,300,838,838,700
7.941807746887207,300,838,838,700
7.943827152252197,300,838,838,700
7.943827152252197,300,838,838,700
7.943827152252197,300,838,838,700
7.946014165878296,300,838,838,700
7.946841239929199,300,838,838,700
7.947103977203369,301,839,838,700
7.947103977203369,300,838,838,700
7.947103977203369,300,838,838,700
7.947103977203369,300,838,838,700
7.947103977203369,300,838,838,700
7.947103977203369,300,838,838,700
7.947103977203369,300,838,838,700
7.947103977203369,300,838,838,700
7.947103977203369,300,838,838,700
7.947103977203369,300,838,838,700
7.947103977203369,300,838,838,700
7.947103977203369,300,838,838,700
7.957719802856445,300,838,838,700
7.957719802856445,300,838,838,700
7.957719802856445,300,838,838,700
7.957719802856445,300,838,838,700
7.961910963058472,300,838,838,700
7.9625349044799805,300,838,838,700
7.9625349044799805,300,838,838,700
7.9625349044799805,300,838,838,700
7.9625349044799805,300,839,838,700
7.9625349044799805,300,839,838,700
7.9625349044799805,300,839,838,699
7.967741012573242,300,838,838,700
7.967741012573242,300,838,838,700
7.967741012573242,300,837,838,700
7.967741012573242,300,837,838,700
7.967741012573242,300,837,838,700
7.967741012573242,300,837,838,700
7.967741012573242,300,838,838,700
7.967741012573242,300,838,838,700
7.967741012573242,300,838,838,700
7.967741012573242,300,838,838,700
7.967741012573242,300,838,838,700
7.977725267410278,300,838,838,700
7.97854471206665,300,839,838,700
7.979560136795044,300,838,838,700
7.9805567264556885,300,838,838,700
7.9805567264556885,300,838,838,700
7.98255467414856,300,838,838,700
7.98255467414856,300,838,838,700
7.984081506729126,300,838,838,700
7.984807729721069,300,838,838,699
7.98582124710083,300,838,838,700
7.986820936203003,300,838,838,700
7.987821340560913,300,838,838,700
7.988821506500244,300,838,838,700
7.988821506500244,300,838,838,700
7.990821123123169,301,838,838,700
7.990821123123169,301,838,839,700
7.991823434829712,301,838,839,700
7.99282431602478,300,838,839,700
7.993823528289795,300,838,839,700
7.994828224182129,300,838,839,700
7.995496511459351,300,838,839,700
7.996613025665283,301,838,839,700
7.997610569000244,301,838,839,700
7.998610019683838,301,838,839,700
7.999608278274536,301,838,839,701
7.999608278274536,301,838,839,701
8.001409769058228,301,839,839,700
8.001409769058228,301,839,839,700
8.002418756484985,301,839,839,700
8.003419399261475,301,839,839,700
8.004420757293701,301,839,839,700
8.00542688369751,301,839,839,700
8.006421566009521,301,839,839,700
8.007421255111694,301,838,839,700
8.008421421051025,301,838,839,701
8.009424448013306,301,838,839,701
8.010422229766846,301,838,839,701
8.011425018310547,301,838,838,701
8.012421369552612,301,839,838,701
8.012421369552612,301,839,838,700
8.012421369552612,301,840,838,700
8.012421369552612,301,840,838,700
8.012421369552612,301,840,838,700
8.012421369552612,301,840,838,700
8.012421369552612,301,840,838,700
8.012421369552612,301,839,838,700
8.012421369552612,301,839,838,700
8.012421369552612,301,838,838,700
8.012421369552612,301,838,838,700
8.012421369552612,301,838,838,700
8.012421369552612,301,838,838,700
8.012421369552612,301,838,838,700
8.012421369552612,301,838,838,700
8.012421369552612,301,838,838,700
8.012421369552612,301,838,838,700
8.012421369552612,301,838,838,700
8.028249502182007,301,838,838,700
8.028249502182007,301,838,838,700
8.028249502182007,301,839,838,700
8.028249502182007,301,839,839,700
8.028249502182007,301,838,839,700
8.028249502182007,301,839,839,700
8.028249502182007,301,838,839,700
8.028249502182007,301,838,839,700
8.035773277282715,300,838,839,700
8.035773277282715,300,838,839,700
8.035773277282715,300,838,839,700
8.035773277282715,300,838,839,701
8.035773277282715,300,838,839,701
8.035773277282715,300,839,839,700
8.035773277282715,301,839,839,700
8.035773277282715,301,839,839,700
8.035773277282715,301,839,839,700
8.035773277282715,301,839,839,700
8.043972492218018,301,839,839,700
8.043972492218018,301,839,839,700
8.043972492218018,301,839,839,700
8.043972492218018,301,838,839,700
8.043972492218018,300,838,839,701
8.043972492218018,300,838,839,701
8.043972492218018,300,838,839,701
8.043972492218018,300,838,837,700
8.043972492218018,300,838,837,700
8.043972492218018,300,838,837,700
8.043972492218018,300,838,837,700
8.043972492218018,300,839,837,700
8.043972492218018,300,839,837,700
8.043972492218018,300,839,837,700
8.043972492218018,300,839,837,700
8.043972492218018,300,839,837,699
8.043972492218018,300,838,837,699
8.059823036193848,300,838,837,699
8.06078839302063,300,838,837,699
8.06078839302063,300,837,837,699
8.06078839302063,300,837,837,699
8.06078839302063,300,837,837,699
8.06078839302063,300,837,837,699
8.06078839302063,300,836,837,699
8.06078839302063,300,836,837,700
8.06078839302063,300,836,837,700
8.06078839302063,300,836,837,700
8.06078839302063,300,837,837,700
8.06078839302063,300,837,837,700
8.06078839302063,300,838,840,700
8.06078839302063,300,838,840,700
8.06078839302063,300,838,840,700
8.06078839302063,300,838,840,701
8.06078839302063,300,838,840,701
8.07550311088562,300,838,840,701
8.07550311088562,300,839,840,701
8.07550311088562,300,839,840,701
8.07550311088562,300,839,840,701
8.07550311088562,300,840,840,701
8.07550311088562,300,840,840,701
8.07550311088562,300,840,840,701
8.07550311088562,300,840,840,701
8.07550311088562,300,840,840,701
8.07550311088562,300,840,840,701
8.07550311088562,300,840,840,701
8.07550311088562,300,840,840,701
8.07550311088562,301,840,840,701
8.07550311088562,301,840,840,701
8.07550311088562,301,840,840,701
8.07550311088562,301,840,840,701
8.07550311088562,301,840,840,701
8.07550311088562,301,840,840,701
8.091344118118286,300,840,838,700
8.091344118118286,300,840,838,700
8.091344118118286,300,840,838,700
8.091344118118286,300,840,838,700
8.091344118118286,300,840,838,700
8.091344118118286,300,839,838,700
8.091344118118286,300,839,838,700
8.091344118118286,300,838,838,700
8.091344118118286,300,838,838,700
8.091344118118286,300,838,838,700
8.091344118118286,300,838,838,700
8.091344118118286,300,838,838,700
8.091344118118286,300,838,838,700
8.091344118118286,300,838,838,700
8.091344118118286,301,838,838,700
8.091344118118286,301,838,838,700
8.091344118118286,301,838,838,700
8.1069917678833,301,838,838,700
8.107829809188843,301,838,838,700
8.107829809188843,301,838,838,700
8.107829809188843,301,838,838,700
8.107829809188843,301,838,838,700
8.107829809188843,301,838,839,700
8.107829809188843,301,838,839,700
8.107829809188843,300,838,839,700
8.107829809188843,300,838,839,700
8.107829809188843,301,838,839,700
8.107829809188843,301,838,839,701
8.107829809188843,301,838,839,701
8.107829809188843,301,838,839,701
8.107829809188843,301,839,839,701
8.107829809188843,301,839,839,701
8.107829809188843,301,839,839,701
8.107829809188843,301,839,839,701
8.107829809188843,301,840,839,701
8.122944593429565,301,840,839,700
8.122944593429565,301,840,839,700
8.122944593429565,301,841,839,700
8.122944593429565,301,841,839,700
8.122944593429565,301,840,839,700
8.122944593429565,301,839,839,700
8.122944593429565,301,838,839,700
8.122944593429565,301,838,839,700
8.122944593429565,301,838,839,700
8.122944593429565,301,838,838,700
8.122944593429565,301,838,838,700
8.122944593429565,300,838,838,700
8.122944593429565,300,838,838,700
8.122944593429565,300,839,838,700
8.135885000228882,300,839,838,700
8.135885000228882,300,839,838,700
8.135885000228882,300,839,838,700
8.138590097427368,300,839,838,700
8.139939546585083,300,839,838,700
8.139939546585083,300,839,838,699
8.139939546585083,300,839,838,699
8.139939546585083,300,838,838,699
8.139939546585083,300,838,838,699
8.139939546585083,300,838,838,699
8.139939546585083,300,838,838,699
8.139939546585083,300,837,838,699
8.139939546585083,300,837,838,700
8.139939546585083,300,837,838,700
8.139939546585083,300,836,838,700
8.139939546585083,300,837,838,700
8.139939546585083,300,837,838,700
8.139939546585083,300,838,839,700
8.139939546585083,300,838,839,700
8.139939546585083,300,838,839,700
8.154293060302734,299,838,839,700
8.154293060302734,299,839,839,700
8.154293060302734,300,839,839,700
8.154293060302734,300,838,839,700
8.154293060302734,300,838,839,701
8.154293060302734,300,838,839,701
8.154293060302734,300,839,839,700
8.154293060302734,300,839,839,700
8.154293060302734,300,839,839,700
8.154293060302734,300,840,839,700
8.154293060302734,300,839,839,700
8.154293060302734,300,839,839,700
8.154293060302734,300,839,839,700
8.154293060302734,300,839,839,700
8.154293060302734,300,839,839,700
8.154293060302734,300,839,839,700
8.154293060302734,300,839,839,700
8.154293060302734,300,838,839,701
8.169994831085205,300,838,839,701
8.169994831085205,300,838,839,701
8.169994831085205,300,839,839,701
8.169994831085205,300,839,839,701
8.169994831085205,300,840,839,701
8.169994831085205,300,840,839,701
8.169994831085205,300,840,839,700
8.169994831085205,300,840,839,700
8.169994831085205,300,840,839,700
8.169994831085205,300,840,839,700
8.169994831085205,300,840,839,700
8.169994831085205,300,839,839,700
8.169994831085205,300,839,839,700
8.169994831085205,300,839,839,700
8.169994831085205,300,838,839,700
8.169994831085205,300,838,839,700
8.169994831085205,300,838,839,701
8.1859450340271,300,839,839,701
8.186914920806885,300,839,839,700
8.187536239624023,300,839,839,700
8.187536239624023,300,839,839,700
8.187536239624023,300,840,839,700
8.187536239624023,300,839,839,700
8.187536239624023,300,839,839,700
8.187536239624023,300,839,839,700
8.187536239624023,300,839,839,700
8.187536239624023,300,838,839,700
8.187536239624023,299,838,839,701
8.187536239624023,299,838,839,701
8.187536239624023,299,838,839,701
8.187536239624023,299,838,839,701
8.187536239624023,299,839,839,701
8.187536239624023,299,839,839,701
8.187536239624023,300,840,839,700
8.187536239624023,300,840,839,700
8.201645374298096,299,840,839,700
8.201645374298096,299,840,839,700
8.201645374298096,300,840,839,700
8.201645374298096,300,840,839,700
8.201645374298096,300,840,839,700
8.201645374298096,300,839,839,700
8.201645374298096,300,839,839,700
8.201645374298096,300,839,839,700
8.201645374298096,300,838,839,700
8.201645374298096,300,838,839,700
8.201645374298096,300,838,839,700
8.201645374298096,300,838,839,701
8.201645374298096,299,838,839,701
8.201645374298096,299,838,839,701
8.201645374298096,299,838,839,701
8.201645374298096,299,839,839,701
8.201645374298096,299,840,839,701
8.217448472976685,299,840,839,700
8.218581676483154,299,840,839,700
8.218887329101562,300,840,839,700
8.218887329101562,300,840,839,700
8.218887329101562,300,840,839,700
8.218887329101562,300,839,839,700
8.218887329101562,300,839,839,700
8.218887329101562,300,839,839,700
8.218887329101562,300,838,839,700
8.218887329101562,300,838,839,701
8.218887329101562,300,838,839,701
8.218887329101562,300,838,839,701
8.218887329101562,300,839,839,701
8.218887329101562,300,840,839,701
8.218887329101562,300,840,839,700
8.218887329101562,300,840,839,700
8.218887329101562,300,840,839,700
8.218887329101562,300,840,839,700
8.233329772949219,300,839,839,700
8.233329772949219,300,839,839,700
8.235868453979492,300,839,839,700
8.236742734909058,300,839,839,700
8.237012386322021,300,838,839,701
8.237012386322021,300,838,839,701
8.237012386322021,300,838,839,701
8.237012386322021,300,839,839,701
8.237012386322021,300,839,839,701
8.237012386322021,299,840,839,701
8.237012386322021,299,840,839,701
8.237012386322021,299,840,839,700
8.237012386322021,299,840,839,700
8.237012386322021,300,841,839,700
8.237012386322021,300,840,839,700
8.237012386322021,300,840,839,700
8.237012386322021,300,839,839,700
8.24916386604309,300,839,839,700
8.24916386604309,300,838,839,700
8.24916386604309,300,838,839,700
8.24916386604309,300,838,839,700
8.24916386604309,300,838,839,700
8.24916386604309,300,838,839,701
8.24916386604309,300,838,839,701
8.24916386604309,300,838,839,701
8.24916386604309,300,839,839,701
8.24916386604309,300,839,839,701
8.24916386604309,300,839,839,701
8.24916386604309,300,840,839,701
8.24916386604309,300,840,839,700
8.24916386604309,300,840,839,700
8.24916386604309,300,840,839,700
8.24916386604309,300,840,839,700
8.24916386604309,300,840,839,700
8.264916896820068,300,839,839,700
8.266007900238037,300,839,839,700
8.266263246536255,300,839,839,700
8.266263246536255,300,839,839,700
8.266263246536255,300,838,839,700
8.266263246536255,300,838,839,700
8.266263246536255,300,838,839,700
8.266263246536255,300,838,839,701
8.266263246536255,300,839,839,700
8.266263246536255,300,839,839,700
8.266263246536255,300,839,839,700
8.266263246536255,300,839,839,700
8.266263246536255,300,839,839,700
8.266263246536255,300,839,839,700
8.266263246536255,300,839,839,700
8.266263246536255,300,839,839,700
8.266263246536255,300,838,839,700
8.266263246536255,300,838,839,701
8.280709028244019,300,838,839,701
8.280709028244019,300,838,839,701
8.280709028244019,300,838,839,701
8.280709028244019,300,839,839,701
8.280709028244019,300,839,839,701
8.280709028244019,300,839,839,701
8.280709028244019,300,840,839,701
8.280709028244019,300,840,839,700
8.280709028244019,300,840,839,700
8.280709028244019,300,840,839,700
8.280709028244019,300,840,839,700
8.280709028244019,300,840,839,700
8.280709028244019,300,839,839,700
8.280709028244019,300,838,839,700
8.280709028244019,300,838,839,701
8.280709028244019,300,838,839,701
8.280709028244019,300,838,839,701
8.296496868133545,300,839,839,701
8.296496868133545,299,839,839,701
8.298514604568481,299,840,839,700
8.299116849899292,299,840,839,700
8.299652099609375,300,840,839,700
8.299652099609375,300,840,839,700
8.299652099609375,300,840,839,700
8.303242206573486,300,840,839,700
8.303242206573486,300,839,839,700
8.303242206573486,300,839,839,700
8.303242206573486,300,839,839,700
8.303242206573486,300,838,839,700
8.303242206573486,300,838,839,700
8.303242206573486,300,838,839,700
8.303242206573486,300,839,839,700
8.303242206573486,300,839,839,700
8.303242206573486,300,839,839,700
8.303242206573486,300,839,839,700
8.312145471572876,300,838,839,700
8.312145471572876,300,838,839,701
8.312145471572876,300,838,839,701
8.312145471572876,300,838,839,701
8.312145471572876,300,839,839,701
8.312145471572876,299,839,839,701
8.312145471572876,299,839,839,701
8.312145471572876,299,840,839,701
8.312145471572876,300,840,839,700
8.312145471572876,300,840,839,700
8.312145471572876,300,840,839,700
8.312145471572876,300,840,839,700
8.312145471572876,300,839,839,700
8.312145471572876,299,839,839,700
8.312145471572876,300,839,839,700
8.312145471572876,300,839,839,700
8.312145471572876,300,839,839,700
8.328051090240479,300,839,839,700
8.328051090240479,300,839,839,700
8.328051090240479,300,838,839,700
8.328051090240479,300,838,839,700
8.328051090240479,300,838,839,700
8.328051090240479,300,838,839,701
8.328051090240479,300,838,839,701
8.328051090240479,300,838,839,701
8.328051090240479,299,838,839,701
8.336023807525635,299,839,839,701
8.336023807525635,299,840,839,700
8.336023807525635,299,840,839,700
8.336023807525635,299,840,839,700
8.336023807525635,300,840,839,700
8.336023807525635,300,840,839,700
8.336023807525635,300,839,839,700
8.336023807525635,300,839,839,700
8.34375786781311,300,839,839,700
8.34375786781311,300,839,839,700
8.345571756362915,300,839,839,700
8.345571756362915,300,838,839,700
8.345571756362915,300,838,839,700
8.345571756362915,300,838,839,701
8.345571756362915,300,838,839,701
8.345571756362915,300,838,839,701
8.345571756362915,300,839,839,701
8.345571756362915,300,839,839,701
8.345571756362915,300,840,839,701
8.345571756362915,300,840,839,700
8.345571756362915,300,840,839,700
8.345571756362915,300,840,839,700
8.345571756362915,300,840,839,700
8.345571756362915,300,840,839,700
8.345571756362915,300,840,839,700
8.345571756362915,300,839,839,700
8.359845161437988,300,839,839,700
8.361042499542236,300,838,839,700
8.361042499542236,300,838,839,700
8.363005876541138,300,838,839,700
8.363521337509155,300,838,839,700
8.364534616470337,300,838,839,700
8.365530967712402,300,838,839,701
8.366531610488892,300,839,839,701
8.366531610488892,300,839,839,700
8.36853313446045,300,839,839,700
8.36853313446045,300,839,839,700
8.36953353881836,300,839,839,700
8.370533466339111,300,839,839,700
8.371533870697021,300,839,839,700
8.372533559799194,300,838,839,700
8.373533725738525,300,838,839,701
8.374533653259277,300,838,839,701
8.375534772872925,300,838,839,701
8.376539468765259,300,839,839,701
8.377533674240112,300,839,839,701
8.37853479385376,300,839,839,701
8.379363536834717,300,840,839,701
8.380188703536987,300,840,839,701
8.380188703536987,300,840,839,700
8.381200313568115,300,840,839,700
8.382198095321655,300,840,839,700
8.383198261260986,300,840,839,700
8.384198904037476,300,840,839,700
8.385200262069702,300,839,839,700
8.386200666427612,300,839,839,700
8.387202501296997,300,839,839,700
8.388200759887695,300,839,839,700
8.388200759887695,300,838,839,700
8.389200925827026,300,838,839,701
8.3902006149292,300,839,839,701
8.39119815826416,300,839,839,700
8.392201900482178,300,839,839,700
8.393202543258667,300,839,839,700
8.394201278686523,300,840,839,700
8.395039319992065,300,840,839,700
8.396305561065674,300,839,839,700
8.39668583869934,300,839,839,700
8.397940874099731,300,839,839,700
8.397940874099731,300,838,839,700
8.397940874099731,300,838,839,701
8.397940874099731,300,839,839,701
8.397940874099731,300,838,839,700
8.397940874099731,300,839,839,701
8.397940874099731,300,839,839,701
8.397940874099731,300,839,839,701
8.397940874099731,300,839,839,701
8.397940874099731,300,840,839,701
8.397940874099731,300,840,839,700
8.397940874099731,300,840,839,700
8.397940874099731,300,840,839,700
8.397940874099731,300,840,839,700
8.397940874099731,300,839,839,700
8.397940874099731,300,839,839,700
8.412222623825073,300,839,839,700
8.412222623825073,300,839,839,700
8.412222623825073,300,838,839,700
8.412222623825073,300,838,839,700
8.412222623825073,300,838,839,700
8.412222623825073,300,838,839,701
8.412222623825073,300,839,839,701
8.412222623825073,300,839,839,700
8.412222623825073,300,839,839,700
8.412222623825073,300,839,839,700
8.412222623825073,300,839,839,700
8.412222623825073,300,839,839,700
8.412222623825073,300,839,839,700
8.412222623825073,300,839,839,700
8.412222623825073,300,839,839,700
8.412222623825073,300,839,839,700
8.412222623825073,300,838,839,700
8.412222623825073,300,838,839,701
8.428355932235718,300,838,839,701
8.428355932235718,300,838,839,701
8.428355932235718,300,839,839,701
8.428355932235718,300,839,839,701
8.428355932235718,300,840,839,701
8.428355932235718,300,840,839,701
8.428355932235718,300,840,839,700
8.428355932235718,300,840,839,700
8.436005115509033,300,840,839,700
8.436005115509033,300,840,839,700
8.436005115509033,300,840,839,700
8.436005115509033,300,839,839,700
8.436005115509033,300,839,839,700
8.436005115509033,300,839,839,700
8.436005115509033,300,838,839,700
8.436005115509033,300,838,839,700
8.436005115509033,300,839,839,701
8.436005115509033,300,839,839,700
8.44413685798645,300,839,839,700
8.44413685798645,300,839,839,700
8.44413685798645,300,839,839,700
8.44413685798645,300,839,839,700
8.44413685798645,300,839,839,700
8.44413685798645,300,839,839,700
8.44413685798645,300,839,839,700
8.44413685798645,300,838,839,700
8.44413685798645,300,838,839,701
8.44413685798645,300,838,839,701
8.44413685798645,300,838,839,701
8.44413685798645,300,838,839,701
8.44413685798645,300,839,839,701
8.44413685798645,300,840,839,701
8.44413685798645,300,840,839,701
8.44413685798645,300,840,839,700
8.44413685798645,300,840,839,700
8.460026979446411,300,840,839,700
8.460026979446411,300,840,839,700
8.460026979446411,300,840,839,700
8.460026979446411,300,839,839,700
8.460026979446411,300,839,839,700
8.460026979446411,300,839,839,700
8.460026979446411,300,838,839,701
8.460026979446411,300,838,839,701
8.460026979446411,300,838,839,701
8.460026979446411,300,839,839,701
8.460026979446411,300,839,839,701
8.460026979446411,300,839,839,701
8.460026979446411,300,840,839,701
8.460026979446411,300,840,839,700
8.460026979446411,300,840,839,700
8.460026979446411,300,841,839,700
8.460026979446411,300,840,839,700
8.460026979446411,300,840,839,700
8.475685358047485,300,839,839,700
8.477346181869507,300,839,839,700
8.477346181869507,300,839,839,700
8.477346181869507,300,838,839,700
8.477346181869507,300,838,839,700
8.477346181869507,300,838,839,700
8.477346181869507,300,838,839,700
8.477346181869507,300,838,839,700
8.477346181869507,300,838,839,701
8.477346181869507,300,838,839,701
8.477346181869507,300,839,839,700
8.477346181869507,300,839,839,700
8.477346181869507,300,839,839,700
8.477346181869507,300,839,839,700
8.477346181869507,300,839,839,700
8.477346181869507,300,839,839,700
8.477346181869507,300,838,839,700
8.477346181869507,300,838,839,701
8.492724180221558,300,838,839,701
8.492724180221558,300,838,839,701
8.494662046432495,300,838,839,701
8.495005369186401,300,839,839,701
8.49600887298584,300,839,839,701
8.497005701065063,300,840,839,701
8.498353958129883,300,840,839,701
8.499120235443115,300,841,839,700
8.499120235443115,300,841,839,700
8.501144886016846,300,840,839,700
8.501144886016846,300,840,839,700
8.502126932144165,300,839,839,700
8.503128051757812,300,839,839,700
8.504141569137573,300,839,839,700
8.505143404006958,300,839,839,700
8.50612998008728,300,838,839,700
8.50713300704956,300,838,839,700
8.508131265640259,300,838,839,700
8.50913143157959,300,838,839,701
8.510131359100342,300,838,839,701
8.511131525039673,300,839,839,701
8.511923551559448,300,839,839,701
8.511923551559448,300,839,839,701
8.51306939125061,300,840,839,700
8.51406741142273,300,840,839,700
8.515483140945435,300,840,839,700
8.515730142593384,300,840,839,700
8.516741037368774,300,840,839,700
8.517741918563843,300,839,839,700
8.518742084503174,300,839,839,700
8.519742250442505,300,839,839,700
8.520742416381836,300,838,839,700
8.521756649017334,300,838,839,700
8.52275538444519,300,839,839,700
8.52275538444519,300,839,839,700
8.523755550384521,300,838,839,701
8.524755716323853,300,838,839,701
8.525753498077393,300,838,839,701
8.526768207550049,300,839,839,701
8.527757167816162,300,839,839,701
8.528757810592651,300,840,839,701
8.528757810592651,300,840,839,700
8.528757810592651,300,840,839,700
8.528757810592651,300,840,839,700
8.528757810592651,300,839,839,700
8.528757810592651,300,839,839,700
8.528757810592651,300,839,839,700
8.528757810592651,300,838,839,700
8.536048412322998,300,838,839,700
8.536048412322998,300,838,839,700
8.536048412322998,300,839,839,701
8.536048412322998,300,839,839,700
8.536048412322998,300,839,839,700
8.536048412322998,300,839,839,700
8.536048412322998,300,839,839,700
8.536048412322998,300,839,839,700
8.536048412322998,300,839,839,700
8.544458150863647,300,839,839,700
8.544458150863647,300,838,839,701
8.544458150863647,300,838,839,701
8.544458150863647,299,838,839,701
8.544458150863647,300,839,839,701
8.544458150863647,300,839,839,701
8.544458150863647,300,839,839,701
8.544458150863647,300,840,839,701
8.544458150863647,300,840,839,700
8.544458150863647,300,841,839,700
8.544458150863647,300,841,839,700
8.544458150863647,300,841,839,700
8.544458150863647,300,840,839,700
8.544458150863647,300,840,839,700
8.544458150863647,299,839,839,700
8.544458150863647,299,839,839,700
8.544458150863647,299,838,839,700
8.544458150863647,300,839,839,700
8.560335159301758,300,838,839,700
8.560335159301758,300,838,839,700
8.560335159301758,300,838,839,700
8.560335159301758,300,838,839,700
8.560335159301758,300,838,839,700
8.560335159301758,300,838,839,700
8.560335159301758,300,838,839,701
8.560335159301758,300,838,839,701
8.560335159301758,300,838,839,701
8.560335159301758,300,839,839,701
8.560335159301758,300,839,839,701
8.560335159301758,300,839,839,701
8.560335159301758,300,840,839,700
8.560335159301758,300,840,839,700
8.560335159301758,300,840,839,700
8.560335159301758,300,840,839,700
8.560335159301758,300,840,839,700
8.560335159301758,300,839,839,700
8.576050996780396,300,839,839,700
8.576050996780396,300,839,839,700
8.576050996780396,300,839,839,700
8.576050996780396,300,839,839,700
8.576050996780396,300,839,839,700
8.576050996780396,300,839,839,700
8.576050996780396,300,839,839,700
8.576050996780396,300,838,839,700
8.576050996780396,300,839,839,700
8.576050996780396,300,838,839,700
8.576050996780396,300,838,839,700
8.576050996780396,300,838,839,701
8.576050996780396,300,838,839,701
8.576050996780396,300,838,839,701
8.576050996780396,300,839,839,701
8.576050996780396,300,839,839,701
8.591700792312622,300,839,839,701
8.591700792312622,300,839,839,701
8.591700792312622,300,840,839,701
8.591700792312622,300,840,839,700
8.591700792312622,300,840,839,700
8.591700792312622,300,840,839,700
8.591700792312622,300,840,839,700
8.591700792312622,300,839,839,700
8.591700792312622,300,839,839,700
8.591700792312622,300,839,839,700
8.591700792312622,300,838,839,700
8.591700792312622,300,838,839,700
8.591700792312622,300,838,839,701
8.591700792312622,300,838,839,701
8.591700792312622,300,838,839,701
8.591700792312622,300,839,839,701
8.591700792312622,300,839,839,701
8.591700792312622,300,840,839,701
8.60745096206665,300,840,839,700
8.60745096206665,300,840,839,700
8.60745096206665,301,840,839,700
8.60745096206665,301,840,839,700
8.60745096206665,301,839,839,700
8.60745096206665,301,839,840,701
8.60745096206665,301,838,840,701
8.60745096206665,300,838,840,701
8.60745096206665,300,838,840,701
8.60745096206665,300,838,840,701
8.60745096206665,300,839,840,701
8.60745096206665,301,839,840,701
8.60745096206665,301,840,840,701
8.60745096206665,300,840,840,701
8.60745096206665,300,840,840,701
8.60745096206665,300,840,840,701
8.60745096206665,300,840,840,701
8.60745096206665,300,840,840,701
8.623405456542969,300,840,840,701
8.623405456542969,300,840,840,701
8.623405456542969,300,840,840,701
8.623405456542969,300,840,840,701
8.623405456542969,300,840,840,701
8.623405456542969,300,840,840,701
8.623405456542969,300,840,840,701
8.623405456542969,300,840,840,701
8.623405456542969,300,840,840,701
8.623405456542969,300,840,838,701
8.623405456542969,300,840,838,701
8.623405456542969,300,841,838,700
8.623405456542969,301,840,838,700
8.623405456542969,301,840,838,700
8.636131525039673,301,840,838,700
8.636131525039673,301,839,838,700
8.636131525039673,301,839,838,700
8.639508485794067,301,839,838,700
8.639508485794067,300,838,838,700
8.641243934631348,300,838,838,700
8.641243934631348,300,838,838,700
8.641243934631348,300,838,838,700
8.641243934631348,300,838,838,700
8.641243934631348,300,838,838,700
8.641243934631348,300,838,838,699
8.641243934631348,300,838,838,700
8.641243934631348,300,838,838,700
8.641243934631348,300,838,838,700
8.641243934631348,300,838,838,700
8.641243934631348,300,838,838,700
8.641243934631348,301,838,838,700
8.641243934631348,301,837,841,700
8.641243934631348,301,837,841,701
8.641243934631348,300,837,841,701
8.641243934631348,300,837,841,701
8.654996395111084,300,838,841,702
8.654996395111084,300,838,841,702
8.654996395111084,300,840,841,702
8.654996395111084,300,840,841,702
8.654996395111084,300,841,841,702
8.654996395111084,300,841,841,702
8.654996395111084,300,842,841,702
8.654996395111084,300,842,841,701
8.654996395111084,300,842,841,701
8.654996395111084,300,842,841,701
8.654996395111084,300,841,841,701
8.654996395111084,300,841,841,701
8.654996395111084,300,841,841,701
8.654996395111084,300,841,841,701
8.654996395111084,300,840,841,701
8.654996395111084,300,840,841,702
8.654996395111084,300,840,841,702
8.670674800872803,300,840,841,702
8.670674800872803,300,840,837,701
8.672692775726318,300,841,837,701
8.672692775726318,300,841,837,700
8.672692775726318,300,841,837,700
8.672692775726318,300,841,837,699
8.672692775726318,300,841,837,699
8.672692775726318,300,840,837,699
8.672692775726318,300,839,837,699
8.672692775726318,300,838,837,699
8.672692775726318,300,837,837,699
8.672692775726318,300,837,837,699
8.672692775726318,300,836,837,699
8.672692775726318,300,836,837,700
8.672692775726318,300,836,837,700
8.672692775726318,300,836,837,700
8.672692775726318,300,836,837,700
8.686362504959106,300,837,837,700
8.686362504959106,300,838,837,700
8.686362504959106,300,838,837,699
8.686362504959106,300,838,837,699
8.686362504959106,300,838,837,699
8.686362504959106,300,838,837,699
8.686362504959106,300,837,842,700
8.686362504959106,300,837,842,701
8.686362504959106,300,837,842,701
8.686362504959106,300,837,842,702
8.686362504959106,300,837,842,702
8.686362504959106,300,838,842,703
8.686362504959106,300,839,842,703
8.686362504959106,300,840,842,703
8.686362504959106,300,842,842,703
8.686362504959106,300,843,842,702
8.686362504959106,300,843,842,702
8.702038764953613,300,843,842,702
8.703366756439209,300,844,842,702
8.70422911643982,300,844,842,702
8.70422911643982,301,843,842,702
8.70422911643982,300,843,842,702
8.70422911643982,300,843,842,702
8.70422911643982,300,842,842,701
8.70422911643982,300,842,842,702
8.70422911643982,300,842,842,702
8.70422911643982,301,841,842,702
8.70422911643982,301,842,842,702
8.70422911643982,300,842,837,700
8.70422911643982,300,842,837,700
8.70422911643982,300,842,837,700
8.70422911643982,300,841,837,699
8.70422911643982,301,840,837,699
8.70422911643982,301,839,837,699
8.717782020568848,300,839,837,699
8.717782020568848,300,838,837,699
8.717782020568848,300,837,837,699
8.717782020568848,300,836,837,699
8.717782020568848,300,836,837,699
8.717782020568848,300,836,837,699
8.717782020568848,300,836,837,699
8.717782020568848,300,836,837,700
8.717782020568848,300,836,837,700
8.717782020568848,300,836,837,700
8.717782020568848,300,837,837,700
8.717782020568848,300,837,837,700
8.717782020568848,300,838,837,700
8.717782020568848,300,838,837,699
8.717782020568848,301,838,837,699
8.717782020568848,301,838,837,699
8.717782020568848,300,837,841,700
8.733452796936035,300,837,841,700
8.733452796936035,300,837,841,701
8.733452796936035,300,836,841,701
8.736148118972778,300,837,841,702
8.736148118972778,300,837,841,702
8.736148118972778,300,838,841,702
8.736148118972778,300,840,841,702
8.736148118972778,300,840,841,702
8.736148118972778,300,841,841,702
8.736148118972778,300,842,841,702
8.736148118972778,300,842,841,702
8.736148118972778,300,842,841,702
8.736148118972778,301,842,841,701
8.736148118972778,301,842,841,701
8.736148118972778,301,842,841,701
8.736148118972778,301,842,841,701
8.736148118972778,301,841,841,701
8.749120712280273,301,841,841,701
8.749957799911499,301,841,841,701
8.750774621963501,301,840,841,702
8.750774621963501,301,840,838,701
8.750774621963501,301,840,838,701
8.750774621963501,301,840,838,701
8.750774621963501,301,840,838,701
8.750774621963501,301,841,838,700
8.750774621963501,301,841,838,700
8.750774621963501,301,840,838,700
8.750774621963501,301,840,838,700
8.750774621963501,301,839,838,700
8.750774621963501,301,839,838,700
8.750774621963501,300,838,838,700
8.750774621963501,300,838,838,700
8.750774621963501,300,838,838,700
8.750774621963501,300,838,838,700
8.750774621963501,300,838,838,700
8.764989376068115,300,838,838,700
8.764989376068115,300,838,838,700
8.764989376068115,300,838,838,700
8.764989376068115,300,838,838,700
8.764989376068115,300,838,838,700
8.764989376068115,300,838,838,700
8.764989376068115,300,838,838,700
8.764989376068115,300,838,838,700
8.764989376068115,301,838,841,701
8.764989376068115,301,838,841,701
8.764989376068115,300,838,841,701
8.764989376068115,300,838,841,701
8.764989376068115,300,838,841,702
8.764989376068115,300,839,841,702
8.764989376068115,300,839,841,702
8.764989376068115,300,840,841,702
8.764989376068115,300,841,841,702
8.78063702583313,300,841,841,702
8.78063702583313,300,841,841,702
8.782371997833252,300,841,841,702
8.782951354980469,300,842,841,702
8.784108877182007,300,842,841,701
8.784950733184814,300,842,841,701
8.78598666191101,300,842,841,701
8.786576271057129,300,842,841,701
8.787174463272095,300,841,841,701
8.787174463272095,300,841,841,701
8.787174463272095,300,841,841,701
8.787174463272095,300,840,841,701
8.787174463272095,300,840,841,702
8.787174463272095,300,840,838,701
8.787174463272095,300,840,838,701
8.787174463272095,300,840,838,701
8.787174463272095,300,841,838,700
8.787174463272095,300,841,838,700
8.796530961990356,300,840,838,700
8.796530961990356,300,840,838,700
8.796530961990356,300,839,838,700
8.796530961990356,300,839,838,700
8.796530961990356,300,838,838,700
8.796530961990356,300,838,838,700
8.796530961990356,300,838,838,700
8.796530961990356,299,838,838,700
8.796530961990356,299,838,838,700
8.796530961990356,299,838,838,700
8.796530961990356,299,838,838,700
8.796530961990356,300,838,838,700
8.796530961990356,300,838,838,700
8.796530961990356,300,838,838,700
8.796530961990356,300,838,838,700
8.796530961990356,300,838,838,700
8.796530961990356,300,838,838,700
8.812176704406738,300,838,841,701
8.812176704406738,300,838,841,701
8.812176704406738,300,838,841,701
8.812176704406738,300,838,841,701
8.812176704406738,299,838,841,702
8.812176704406738,299,838,841,702
8.812176704406738,299,839,841,702
8.812176704406738,299,840,841,702
8.812176704406738,300,840,841,702
8.812176704406738,300,841,841,702
8.812176704406738,300,842,841,702
8.812176704406738,300,842,841,701
8.812176704406738,300,842,841,701
8.812176704406738,300,842,841,701
8.812176704406738,300,842,841,701
8.812176704406738,300,841,841,701
8.812176704406738,300,841,841,701
8.812176704406738,300,841,841,701
8.827913999557495,300,841,841,701
8.827913999557495,300,840,841,701
8.827913999557495,300,840,841,702
8.827913999557495,300,840,841,702
8.827913999557495,300,840,838,701
8.827913999557495,300,840,838,701
8.827913999557495,300,841,838,701
8.827913999557495,300,841,838,700
8.827913999557495,300,841,838,700
8.836040019989014,300,841,838,700
8.836040019989014,300,840,838,700
8.836040019989014,300,840,838,700
8.836040019989014,300,839,838,700
8.836040019989014,300,839,838,700
8.836040019989014,300,839,838,700
8.836040019989014,300,838,838,699
8.836040019989014,300,838,838,700
8.8435959815979,300,838,838,700
8.8435959815979,300,838,838,700
8.8435959815979,300,838,838,700
8.8435959815979,300,838,838,700
8.8435959815979,300,838,838,700
8.8435959815979,300,838,838,700
8.8435959815979,300,838,838,700
8.8435959815979,300,838,838,700
8.8435959815979,300,838,838,700
8.8435959815979,300,838,838,700
8.8435959815979,301,838,841,701
8.8435959815979,301,838,841,701
8.8435959815979,301,838,841,701
8.8435959815979,300,838,841,701
8.8435959815979,300,838,841,701
8.8435959815979,300,839,841,702
8.8435959815979,300,839,841,702
8.8435959815979,301,840,841,702
8.859313726425171,301,840,841,702
8.859313726425171,300,841,841,702
8.861331701278687,300,841,841,702
8.861331701278687,301,841,841,702
8.863347291946411,301,842,841,702
8.863347291946411,301,842,841,701
8.865357875823975,301,842,841,701
8.866344213485718,301,842,841,701
8.867677688598633,301,841,841,701
8.867677688598633,301,841,841,701
8.868696212768555,301,841,841,701
8.869707822799683,301,840,841,701
8.87070107460022,301,840,841,701
8.871691703796387,301,840,841,702
8.87269115447998,301,840,839,701
8.87269115447998,301,840,839,701
8.87369179725647,301,840,839,701
8.874691724777222,301,840,839,701
8.875692367553711,301,840,839,701
8.876692771911621,300,840,839,701
8.877692461013794,300,840,839,701
8.87869381904602,300,840,839,701
8.879693031311035,300,840,839,700
8.880692958831787,301,840,839,700
8.881693601608276,300,840,839,700
8.881693601608276,300,840,839,700
8.88325548171997,300,839,839,700
8.884445667266846,300,839,839,700
8.884976863861084,300,839,839,700
8.885986804962158,300,838,839,700
8.886986017227173,300,838,839,701
8.887985944747925,300,838,839,701
8.88898515701294,300,838,839,701
8.889986753463745,301,838,839,701
8.889986753463745,301,839,839,701
8.89198899269104,301,839,839,701
8.89198899269104,300,839,840,701
8.892987728118896,300,839,840,701
8.894655466079712,300,839,840,701
8.895203351974487,300,839,840,701
8.896219491958618,300,839,840,701
8.897216081619263,300,839,840,701
8.897216081619263,300,839,840,701
8.898216962814331,300,840,840,702
8.899216175079346,300,840,840,701
8.900216817855835,300,840,840,701
8.900216817855835,300,840,840,701
8.900216817855835,300,840,840,701
8.900216817855835,300,840,840,701
8.900216817855835,300,840,840,701
8.900216817855835,300,840,840,701
8.900216817855835,300,840,840,701
8.900216817855835,300,840,840,701
8.900216817855835,300,840,840,701
8.900216817855835,300,840,840,701
8.900216817855835,300,840,840,701
8.900216817855835,300,840,840,701
8.900216817855835,300,840,840,701
8.900216817855835,300,840,839,701
8.900216817855835,300,840,839,701
8.900216817855835,300,840,839,701
8.900216817855835,299,840,839,701
8.91597032546997,299,840,839,701
8.917008876800537,299,840,839,701
8.91783595085144,299,840,839,701
8.91783595085144,299,840,839,701
8.91783595085144,299,840,839,701
8.91783595085144,299,840,839,700
8.91783595085144,299,840,839,700
8.91783595085144,299,840,839,700
8.91783595085144,299,840,839,700
8.91783595085144,299,839,839,700
8.91783595085144,299,838,839,700
8.91783595085144,299,838,839,701
8.91783595085144,300,838,839,701
8.91783595085144,299,838,839,701
8.91783595085144,299,838,839,701
8.91783595085144,299,839,839,701
8.91783595085144,299,839,839,701
8.91783595085144,299,839,839,701
8.93160891532898,299,840,840,701
8.93160891532898,300,840,840,701
8.93160891532898,299,840,840,701
8.93160891532898,299,840,840,701
8.93160891532898,299,840,840,701
8.936026096343994,299,840,840,701
8.936026096343994,299,840,840,701
8.936026096343994,299,840,840,701
8.936026096343994,300,840,840,701
8.936026096343994,300,840,840,701
8.936026096343994,300,840,840,701
8.936026096343994,300,840,840,701
8.936026096343994,300,840,840,701
8.936026096343994,299,840,840,701
8.936026096343994,300,840,840,701
8.936026096343994,300,840,840,701
8.936026096343994,300,840,840,701
8.936026096343994,300,840,840,701
8.948336839675903,300,840,840,701
8.948857069015503,300,840,840,701
8.948857069015503,300,840,840,701
8.948857069015503,300,840,840,701
8.948857069015503,300,840,840,701
8.948857069015503,300,840,840,701
8.948857069015503,300,840,840,701
8.948857069015503,300,840,840,701
8.948857069015503,300,840,840,701
8.948857069015503,300,840,840,701
8.948857069015503,300,840,840,701
8.948857069015503,300,840,840,701
8.948857069015503,300,840,840,701
8.948857069015503,300,840,840,701
8.948857069015503,300,840,840,701
8.948857069015503,300,840,840,701
8.948857069015503,300,840,840,701
8.963092565536499,300,840,840,701
8.963092565536499,300,840,840,701
8.963092565536499,300,840,840,701
8.963092565536499,300,840,840,701
8.963092565536499,300,840,840,701
8.963092565536499,300,840,840,701
8.963092565536499,300,840,840,701
8.963092565536499,300,840,840,701
8.963092565536499,300,840,840,701
8.963092565536499,300,840,840,701
8.963092565536499,301,840,840,701
8.963092565536499,301,840,840,701
8.963092565536499,301,840,840,701
8.963092565536499,301,840,840,701
8.963092565536499,300,839,840,701
8.963092565536499,300,840,840,701
8.963092565536499,300,839,840,701
8.963092565536499,300,839,840,701
8.978978872299194,300,840,840,701
8.978978872299194,300,840,840,701
8.981023788452148,300,840,840,701
8.98129415512085,300,840,840,701
8.98129415512085,300,840,840,701
8.98129415512085,300,840,840,701
8.98129415512085,301,840,840,701
8.98129415512085,301,840,840,701
8.98129415512085,301,840,840,701
8.98129415512085,301,840,840,701
8.98129415512085,300,840,840,701
8.98129415512085,300,840,840,701
8.98129415512085,300,840,840,701
8.98129415512085,300,840,840,701
8.98129415512085,300,840,840,701
8.98129415512085,300,840,840,701
8.98129415512085,300,840,840,701
8.994743347167969,300,840,840,701
8.994743347167969,300,840,840,701
8.994743347167969,300,840,840,701
8.994743347167969,300,840,840,701
8.994743347167969,300,840,840,701
8.994743347167969,300,840,840,701
8.994743347167969,300,840,840,701
8.994743347167969,300,840,840,701
8.994743347167969,300,840,840,701
8.994743347167969,300,840,840,701
8.994743347167969,300,840,840,701
8.994743347167969,300,840,840,701
8.994743347167969,300,840,840,701
8.994743347167969,300,840,840,701
8.994743347167969,300,840,840,701
8.994743347167969,300,840,840,701
8.994743347167969,300,840,840,701
8.994743347167969,300,840,840,701
9.010449171066284,300,840,840,701
9.010449171066284,300,840,840,701
9.012239456176758,300,840,840,701
9.012909650802612,300,840,840,701
9.012909650802612,300,840,840,701
9.012909650802612,300,839,840,701
9.012909650802612,300,839,840,701
9.012909650802612,299,839,840,701
9.012909650802612,299,839,840,701
9.012909650802612,299,839,840,701
9.012909650802612,299,840,840,701
9.012909650802612,299,840,840,701
9.012909650802612,299,840,840,701
9.012909650802612,299,840,840,701
9.012909650802612,299,840,840,701
9.012909650802612,299,840,840,701
9.012909650802612,299,840,840,701
9.012909650802612,299,840,840,701
9.012909650802612,300,840,840,701
9.012909650802612,300,840,840,701
9.028048276901245,300,840,840,701
9.028709888458252,299,840,840,701
9.029839515686035,299,840,840,701
9.0308518409729,299,840,840,701
9.0308518409729,299,840,840,701
9.031850337982178,299,840,839,701
9.03285002708435,299,840,839,701
9.033849239349365,299,840,839,701
9.034850120544434,299,840,839,701
9.036358118057251,299,840,839,701
9.036358118057251,299,840,839,701
9.0373694896698,299,840,839,701
9.038369417190552,299,840,839,700
9.039369821548462,299,840,839,700
9.040370464324951,299,840,839,700
9.041370391845703,299,840,839,700
9.042370557785034,299,840,839,700
9.043370485305786,299,840,839,700
9.044371128082275,299,839,839,700
9.04522967338562,299,838,839,700
9.046364068984985,299,838,839,700
9.047359943389893,299,838,839,701
9.048273801803589,299,838,839,701
9.048574686050415,299,838,839,701
9.049584865570068,299,839,839,701
9.050583362579346,299,839,839,701
9.051584005355835,299,840,839,701
9.052583694458008,300,840,840,701
9.053585052490234,299,840,840,701
9.053585052490234,299,840,840,701
9.054585933685303,299,840,840,701
9.055586099624634,299,840,840,701
9.056586742401123,299,840,840,701
9.057586908340454,299,840,840,701
9.058587074279785,299,840,840,701
9.059588193893433,299,840,840,701
9.060588598251343,299,840,840,701
9.061593532562256,300,841,840,701
9.061593532562256,300,841,840,700
9.061593532562256,300,840,840,700
9.061593532562256,300,840,840,700
9.061593532562256,300,840,840,700
9.061593532562256,300,839,840,701
9.061593532562256,300,839,840,701
9.061593532562256,300,839,840,701
9.061593532562256,300,839,840,701
9.061593532562256,300,839,840,701
9.061593532562256,300,839,840,701
9.061593532562256,300,840,840,701
9.061593532562256,300,840,839,701
9.061593532562256,300,840,839,701
9.061593532562256,300,841,839,700
9.061593532562256,300,840,839,700
9.061593532562256,300,840,839,700
9.061593532562256,300,840,839,700
9.07746434211731,300,840,839,700
9.07746434211731,300,839,839,700
9.07746434211731,300,839,839,700
9.07746434211731,300,839,839,700
9.07746434211731,300,839,839,700
9.07746434211731,300,838,839,700
9.07746434211731,300,839,839,701
9.07746434211731,300,838,839,700
9.07746434211731,300,839,839,701
9.07746434211731,300,839,839,700
9.07746434211731,300,839,839,700
9.07746434211731,300,839,839,700
9.07746434211731,300,839,839,700
9.07746434211731,300,839,839,700
9.07746434211731,300,839,839,700
9.07746434211731,300,839,839,700
9.07746434211731,300,839,839,700
9.09327745437622,300,839,839,700
9.09327745437622,300,838,839,701
9.09327745437622,300,838,839,701
9.096054077148438,300,838,839,701
9.096630573272705,300,838,839,701
9.096630573272705,300,838,839,701
9.096630573272705,300,839,839,701
9.096630573272705,300,839,839,701
9.096630573272705,300,840,839,701
9.096630573272705,300,840,839,701
9.096630573272705,300,840,839,701
9.096630573272705,300,840,839,700
9.096630573272705,300,840,839,700
9.096630573272705,300,840,839,700
9.096630573272705,300,840,839,700
9.096630573272705,300,840,839,700
9.096630573272705,301,839,839,700
9.096630573272705,300,839,839,700
9.10913348197937,300,839,839,700
9.10913348197937,300,839,839,700
9.10913348197937,300,839,839,700
9.10913348197937,300,838,839,701
9.10913348197937,300,838,839,701
9.10913348197937,300,838,839,701
9.10913348197937,300,838,839,701
9.10913348197937,300,839,839,701
9.10913348197937,300,839,839,701
9.10913348197937,300,840,839,701
9.10913348197937,300,840,839,700
9.10913348197937,300,840,839,700
9.10913348197937,300,840,839,700
9.10913348197937,300,840,839,700
9.10913348197937,300,839,839,700
9.10913348197937,300,839,839,700
9.10913348197937,300,839,839,700
9.10913348197937,300,839,839,700
9.125997304916382,300,838,839,700
9.126348733901978,300,838,839,701
9.126348733901978,300,838,839,701
9.126348733901978,300,838,839,701
9.126348733901978,300,839,839,701
9.126348733901978,300,840,839,700
9.126348733901978,300,840,839,700
9.126348733901978,300,840,839,700
9.126348733901978,300,840,839,700
9.126348733901978,300,839,839,700
9.126348733901978,300,839,839,700
9.126348733901978,300,839,839,700
9.136411428451538,300,838,839,700
9.136411428451538,300,838,839,700
9.136411428451538,300,838,839,701
9.136411428451538,300,838,839,701
9.136411428451538,300,838,839,701
9.140523910522461,300,839,839,701
9.140523910522461,300,839,839,701
9.140523910522461,300,839,839,701
9.140523910522461,300,840,839,700
9.140523910522461,300,840,839,700
9.140523910522461,300,840,839,700
9.140523910522461,300,840,839,700
9.140523910522461,300,840,839,700
9.140523910522461,300,840,839,700
9.140523910522461,300,839,839,700
9.140523910522461,300,838,839,700
9.140523910522461,299,838,839,700
9.140523910522461,299,838,839,700
9.140523910522461,299,838,839,701
9.140523910522461,299,838,839,701
9.140523910522461,299,838,839,701
9.140523910522461,299,838,839,701
9.156208992004395,299,839,839,701
9.156208992004395,299,839,839,701
9.156208992004395,299,840,839,700
9.156208992004395,299,840,839,700
9.156208992004395,299,840,839,700
9.156208992004395,299,840,839,700
9.156208992004395,299,839,839,700
9.156208992004395,299,839,839,700
9.156208992004395,299,839,839,700
9.156208992004395,299,838,839,700
9.156208992004395,299,838,839,700
9.156208992004395,299,838,839,701
9.156208992004395,299,838,839,701
9.156208992004395,300,838,839,701
9.156208992004395,300,839,839,701
9.156208992004395,300,839,839,701
9.156208992004395,300,840,839,701
9.171927213668823,300,840,841,701
9.171927213668823,300,840,841,701
9.171927213668823,300,840,841,701
9.171927213668823,299,840,841,701
9.171927213668823,299,840,841,701
9.171927213668823,299,840,841,701
9.171927213668823,299,840,841,701
9.171927213668823,299,840,841,701
9.171927213668823,299,840,841,701
9.171927213668823,299,840,841,702
9.171927213668823,299,840,841,702
9.171927213668823,299,840,841,702
9.171927213668823,299,840,841,702
9.171927213668823,300,841,841,702
9.171927213668823,300,841,841,702
9.171927213668823,300,842,841,702
9.171927213668823,300,842,841,701
9.171927213668823,300,842,841,701
9.187837362289429,300,842,841,701
9.187837362289429,300,842,841,701
9.187837362289429,300,842,841,701
9.187837362289429,300,841,841,701
9.187837362289429,300,841,838,700
9.187837362289429,300,840,838,700
9.187837362289429,300,840,838,700
9.187837362289429,300,840,838,700
9.187837362289429,300,840,838,700
9.187837362289429,300,839,838,700
9.187837362289429,300,839,838,700
9.187837362289429,300,838,838,700
9.187837362289429,300,838,838,700
9.187837362289429,300,838,838,700
9.187837362289429,300,838,838,700
9.187837362289429,300,839,838,700
9.187837362289429,300,839,838,700
9.203588962554932,300,838,838,700
9.204810857772827,300,838,838,700
9.204810857772827,300,838,838,700
9.204810857772827,300,838,838,700
9.204810857772827,300,838,838,700
9.204810857772827,300,838,838,700
9.204810857772827,300,839,838,700
9.204810857772827,300,839,838,700
9.204810857772827,300,839,838,700
9.204810857772827,300,839,838,700
9.204810857772827,300,838,841,701
9.204810857772827,300,838,841,701
9.204810857772827,300,838,841,701
9.204810857772827,300,838,841,701
9.204810857772827,300,838,841,701
9.204810857772827,300,838,841,702
9.204810857772827,300,839,841,702
9.219304084777832,300,839,841,702
9.219304084777832,300,840,841,702
9.219304084777832,300,841,841,702
9.219304084777832,300,842,841,702
9.219304084777832,300,842,841,701
9.219304084777832,300,842,841,701
9.219304084777832,300,842,841,701
9.219304084777832,300,842,841,701
9.219304084777832,300,842,841,701
9.219304084777832,300,842,841,701
9.219304084777832,300,841,841,701
9.219304084777832,300,841,841,701
9.219304084777832,300,840,841,701
9.219304084777832,300,840,841,701
9.219304084777832,300,840,838,701
9.219304084777832,300,840,838,701
9.219304084777832,300,840,838,700
9.234986543655396,300,840,838,700
9.235910892486572,300,840,838,700
9.236685991287231,300,840,838,700
9.236685991287231,300,840,838,700
9.236685991287231,300,839,838,700
9.236685991287231,300,839,838,700
9.236685991287231,300,839,838,700
9.236685991287231,300,838,838,700
9.236685991287231,300,838,838,700
9.236685991287231,300,838,838,700
9.236685991287231,299,838,838,700
9.236685991287231,299,838,838,700
9.236685991287231,299,839,838,700
9.236685991287231,299,839,838,700
9.236685991287231,299,838,838,700
9.236685991287231,300,838,838,700
9.236685991287231,300,838,838,700
9.236685991287231,300,838,838,700
9.250810623168945,300,838,838,700
9.250810623168945,300,839,838,700
9.250810623168945,300,838,841,700
9.250810623168945,300,838,841,701
9.250810623168945,300,838,841,701
9.250810623168945,300,838,841,701
9.250810623168945,299,838,841,701
9.250810623168945,299,839,841,702
9.250810623168945,299,840,841,702
9.250810623168945,299,840,841,702
9.250810623168945,299,840,841,702
9.250810623168945,299,841,841,702
9.250810623168945,299,841,841,702
9.250810623168945,300,842,841,702
9.250810623168945,300,842,841,701
9.250810623168945,300,842,841,701
9.250810623168945,300,842,841,701
9.266498565673828,300,842,841,701
9.26767110824585,300,841,841,701
9.26767110824585,300,841,841,701
9.26767110824585,300,840,841,701
9.26767110824585,300,840,841,701
9.26767110824585,300,840,841,701
9.26767110824585,300,840,841,702
9.26767110824585,300,840,838,701
9.26767110824585,300,840,838,701
9.26767110824585,300,840,838,701
9.26767110824585,300,841,838,700
9.26767110824585,300,841,838,700
9.26767110824585,300,841,838,700
9.26767110824585,299,840,838,700
9.26767110824585,299,840,838,700
9.26767110824585,299,839,838,700
9.26767110824585,299,839,838,700
9.26767110824585,299,838,838,700
9.282151460647583,300,838,838,700
9.282151460647583,300,838,838,700
9.282151460647583,299,838,838,700
9.282151460647583,299,838,838,700
9.282151460647583,299,838,838,700
9.282151460647583,299,838,838,700
9.282151460647583,299,838,838,700
9.282151460647583,299,838,838,700
9.282151460647583,299,838,838,700
9.282151460647583,299,838,838,700
9.282151460647583,299,838,838,700
9.282151460647583,300,838,840,700
9.282151460647583,300,838,840,700
9.282151460647583,300,838,840,701
9.282151460647583,300,838,840,701
9.282151460647583,300,838,840,701
9.282151460647583,300,838,840,701
9.298032999038696,300,839,840,701
9.298032999038696,300,839,840,701
9.298032999038696,300,840,840,701
9.298032999038696,299,840,840,701
9.298032999038696,299,840,840,701
9.298032999038696,299,840,840,701
9.298032999038696,299,840,840,701
9.298032999038696,300,840,840,701
9.298032999038696,300,840,840,701
9.298032999038696,300,840,840,701
9.298032999038696,300,841,840,701
9.298032999038696,300,840,840,701
9.298032999038696,300,840,840,701
9.298032999038696,300,840,840,701
9.298032999038696,300,840,840,701
9.298032999038696,300,840,840,701
9.298032999038696,300,840,839,701
9.298032999038696,300,841,839,701
9.313930988311768,300,840,839,700
9.313930988311768,300,840,839,700
9.313930988311768,300,840,839,700
9.313930988311768,300,840,839,700
9.313930988311768,300,840,839,700
9.313930988311768,300,839,839,700
9.313930988311768,300,839,839,700
9.313930988311768,300,838,839,700
9.313930988311768,300,838,839,701
9.313930988311768,300,838,839,701
9.313930988311768,300,838,839,701
9.313930988311768,300,838,839,701
9.313930988311768,300,839,839,701
9.313930988311768,300,839,839,701
9.313930988311768,300,839,839,701
9.313930988311768,300,840,839,701
9.313930988311768,300,840,839,700
9.33004117012024,300,840,839,700
9.33004117012024,300,840,839,700
9.33004117012024,300,840,839,700
9.332066297531128,300,839,839,700
9.333536624908447,300,839,839,700
9.334346532821655,300,839,839,700
9.334346532821655,300,838,839,700
9.334346532821655,300,838,839,701
9.336354494094849,300,838,839,701
9.336354494094849,300,838,839,701
9.336354494094849,300,838,839,701
9.336354494094849,300,838,839,701
9.336354494094849,300,839,839,701
9.336354494094849,300,840,839,701
9.336354494094849,300,840,839,700
9.336354494094849,300,841,839,700
9.336354494094849,300,841,839,700
9.336354494094849,300,840,839,700
9.345886945724487,300,839,839,700
9.345886945724487,300,839,839,700
9.345886945724487,300,839,839,700
9.345886945724487,300,838,839,700
9.345886945724487,300,838,839,700
9.345886945724487,300,838,839,701
9.345886945724487,300,838,839,701
9.345886945724487,300,838,839,701
9.345886945724487,300,838,839,701
9.345886945724487,300,839,839,701
9.345886945724487,300,839,839,701
9.345886945724487,300,840,839,700
9.345886945724487,300,840,839,700
9.345886945724487,300,840,839,700
9.345886945724487,300,840,839,700
9.345886945724487,300,840,839,700
9.345886945724487,300,839,839,700
9.345886945724487,300,839,839,700
9.361931085586548,300,839,839,700
9.363109111785889,300,838,839,700
9.364116191864014,300,838,839,700
9.365298748016357,300,838,839,701
9.36630892753601,300,838,839,701
9.36630892753601,300,838,839,701
9.367309331893921,300,838,839,701
9.368308305740356,300,839,839,701
9.3693106174469,300,839,839,701
9.370309114456177,300,840,839,701
9.371309757232666,300,840,839,700
9.372308731079102,300,840,839,700
9.373311042785645,300,840,839,700
9.374310970306396,300,840,839,700
9.375308275222778,300,839,839,700
9.37631106376648,300,839,839,700
9.37631106376648,300,838,839,700
9.377309799194336,300,838,839,700
9.378997564315796,300,838,839,701
9.38001275062561,300,838,839,701
9.38001275062561,300,838,839,701
9.381791114807129,300,839,839,701
9.382050275802612,300,839,839,701
9.383062839508057,300,840,839,701
9.384062767028809,299,840,839,700
9.385062456130981,299,840,839,700
9.386062383651733,300,840,839,700
9.387064933776855,300,840,839,700
9.388062477111816,300,840,839,700
9.388062477111816,300,839,839,700
9.39005994796753,300,839,839,700
9.39005994796753,300,839,839,700
9.391064167022705,300,838,839,700
9.392062664031982,300,838,839,701
9.393064260482788,300,838,839,701
9.394063949584961,300,838,839,701
9.395021915435791,300,839,839,701
9.395021915435791,300,839,839,701
9.395021915435791,300,839,839,701
9.395021915435791,300,839,839,701
9.395021915435791,300,840,839,701
9.395021915435791,300,840,839,700
9.395021915435791,300,840,839,700
9.395021915435791,300,840,839,700
9.395021915435791,300,840,839,700
9.395021915435791,299,839,839,700
9.395021915435791,299,839,839,700
9.395021915435791,299,839,839,700
9.395021915435791,299,839,839,700
9.395021915435791,299,838,839,700
9.395021915435791,300,838,839,700
9.395021915435791,300,838,839,701
9.409952878952026,300,838,839,701
9.409952878952026,300,838,839,701
9.409952878952026,300,839,839,701
9.409952878952026,300,839,839,701
9.409952878952026,300,840,839,701
9.409952878952026,300,840,839,700
9.409952878952026,300,840,839,700
9.409952878952026,300,840,839,700
9.409952878952026,300,840,839,700
9.409952878952026,300,840,839,700
9.409952878952026,299,839,839,700
9.409952878952026,299,839,839,700
9.409952878952026,299,839,839,700
9.409952878952026,299,838,839,700
9.409952878952026,300,838,839,700
9.409952878952026,300,839,839,700
9.409952878952026,300,838,839,700
9.409952878952026,300,838,839,701
9.425763845443726,300,838,839,701
9.427021026611328,300,838,839,701
9.427021026611328,300,838,839,701
9.427021026611328,300,839,839,701
9.427021026611328,300,839,839,701
9.427021026611328,300,840,839,701
9.427021026611328,300,840,839,700
9.427021026611328,300,840,839,700
9.427021026611328,300,840,839,700
9.427021026611328,300,840,839,700
9.427021026611328,300,840,839,700
9.427021026611328,300,839,839,700
9.436475038528442,300,839,839,700
9.436475038528442,300,838,839,700
9.436475038528442,300,838,839,700
9.436475038528442,300,838,839,701
9.436475038528442,300,838,839,701
9.441553354263306,300,839,839,701
9.441553354263306,300,839,839,701
9.441553354263306,300,839,839,701
9.441553354263306,300,839,839,701
9.441553354263306,300,840,839,700
9.441553354263306,300,840,839,700
9.441553354263306,300,840,839,700
9.441553354263306,300,840,839,700
9.441553354263306,300,840,839,700
9.441553354263306,300,839,839,700
9.441553354263306,300,839,839,700
9.441553354263306,301,839,839,700
9.441553354263306,301,838,840,701
9.441553354263306,301,838,840,701
9.441553354263306,301,839,840,701
9.441553354263306,301,838,840,701
9.441553354263306,301,838,840,701
9.441553354263306,301,839,840,701
9.4572434425354,300,839,840,701
9.4572434425354,300,839,840,701
9.459511995315552,300,840,840,701
9.46011209487915,300,840,840,701
9.46011209487915,300,840,840,701
9.46011209487915,300,840,840,701
9.46011209487915,300,840,840,701
9.46011209487915,300,840,840,701
9.46011209487915,300,840,840,701
9.46011209487915,300,840,840,701
9.46011209487915,300,840,840,701
9.46011209487915,300,840,840,701
9.46011209487915,300,840,840,701
9.46011209487915,300,840,840,701
9.46011209487915,300,840,840,701
9.46011209487915,300,840,840,701
9.46011209487915,300,840,840,701
9.473156452178955,300,840,838,701
9.473156452178955,300,840,838,700
9.473156452178955,300,840,838,700
9.473156452178955,300,840,838,700
9.473156452178955,300,840,838,700
9.473156452178955,300,839,838,700
9.473156452178955,300,839,838,700
9.473156452178955,300,839,838,700
9.473156452178955,300,838,838,700
9.473156452178955,300,838,838,700
9.473156452178955,300,838,838,700
9.473156452178955,299,838,838,700
9.473156452178955,299,838,838,700
9.473156452178955,299,839,838,700
9.473156452178955,300,839,838,700
9.473156452178955,300,838,838,700
9.473156452178955,300,838,838,700
9.473156452178955,300,838,838,700
9.48888087272644,299,838,838,700
9.48888087272644,299,838,838,700
9.48888087272644,300,838,838,700
9.48888087272644,300,838,838,700
9.48888087272644,300,838,841,701
9.48888087272644,300,838,841,701
9.48888087272644,300,838,841,701
9.48888087272644,300,838,841,701
9.48888087272644,300,838,841,701
9.48888087272644,300,839,841,702
9.48888087272644,299,839,841,702
9.48888087272644,299,839,841,702
9.48888087272644,299,840,841,702
9.48888087272644,299,841,841,702
9.48888087272644,299,841,841,702
9.48888087272644,299,842,841,702
9.48888087272644,299,842,841,701
9.504652261734009,299,842,841,701
9.505489110946655,299,842,841,701
9.506240367889404,299,841,841,701
9.506240367889404,299,841,841,701
9.506240367889404,300,841,841,701
9.506240367889404,300,840,841,702
9.506240367889404,300,840,841,702
9.51140832901001,300,840,841,702
9.51140832901001,300,840,841,702
9.51140832901001,300,840,838,701
9.51140832901001,300,840,838,701
9.51140832901001,300,841,838,700
9.51140832901001,300,841,838,700
9.51140832901001,300,841,838,700
9.51140832901001,300,840,838,700
9.51140832901001,300,840,838,700
9.51140832901001,300,839,838,700
9.52037239074707,300,838,838,700
9.52037239074707,300,838,838,700
9.52037239074707,300,838,838,700
9.52037239074707,300,838,838,700
9.52037239074707,300,838,838,700
9.52037239074707,300,838,838,700
9.52037239074707,300,838,838,700
9.52037239074707,300,838,838,700
9.52037239074707,300,838,838,700
9.52037239074707,300,838,838,700
9.52037239074707,300,838,838,700
9.52037239074707,300,838,838,700
9.52037239074707,300,838,838,700
9.52037239074707,300,838,838,700
9.52037239074707,300,838,841,701
9.52037239074707,300,838,841,701
9.52037239074707,301,838,841,701
9.52037239074707,301,838,841,701
9.536732912063599,301,838,841,702
9.537405729293823,301,839,841,702
9.537840843200684,301,839,841,702
9.539024591445923,301,839,841,702
9.539024591445923,301,840,841,702
9.539024591445923,301,841,841,702
9.539024591445923,301,841,841,702
9.539024591445923,301,842,841,702
9.539024591445923,301,842,841,702
9.54462480545044,300,842,841,702
9.545474767684937,300,842,841,701
9.546261548995972,301,842,841,701
9.547272443771362,301,842,841,701
9.548269748687744,301,842,841,701
9.549269437789917,301,841,841,701
9.550270318984985,301,841,841,701
9.550270318984985,301,841,841,701
9.551270961761475,301,840,841,701
9.552270650863647,301,840,839,701
9.553270816802979,301,840,839,701
9.554271697998047,301,839,839,701
9.555272579193115,301,840,839,701
9.556272268295288,301,840,839,701
9.55727219581604,301,840,839,701
9.55827260017395,301,840,839,701
9.55927324295044,301,840,839,701
9.55927324295044,301,840,839,701
9.56127405166626,301,840,839,701
9.56127405166626,301,840,839,701
9.562875986099243,301,840,839,700
9.563619136810303,300,840,839,700
9.564632654190063,300,840,839,700
9.564632654190063,300,840,839,700
9.566630125045776,300,839,839,700
9.567628860473633,301,839,839,700
9.567628860473633,301,838,839,701
9.56863284111023,300,838,839,701
9.569631576538086,300,838,839,701
9.570629835128784,300,838,839,701
9.571630001068115,300,839,839,701
9.572630882263184,300,839,839,701
9.573631048202515,300,839,839,701
9.574631690979004,300,840,839,700
9.575634717941284,300,840,839,700
9.575634717941284,300,840,839,700
9.577630281448364,300,840,839,700
9.577630281448364,300,839,839,700
9.578633546829224,300,838,839,700
9.57963490486145,300,838,839,700
9.57963490486145,300,838,839,701
9.57963490486145,300,837,839,701
9.57963490486145,300,838,839,701
9.57963490486145,300,838,839,701
9.57963490486145,300,839,839,701
9.57963490486145,300,839,839,701
9.57963490486145,300,839,839,701
9.57963490486145,300,840,839,700
9.57963490486145,300,840,839,700
9.57963490486145,300,840,839,700
9.57963490486145,300,840,839,700
9.57963490486145,300,839,839,700
9.57963490486145,300,839,839,700
9.57963490486145,300,839,839,700
9.57963490486145,300,838,839,700
9.57963490486145,300,838,839,701
9.595422506332397,300,838,839,701
9.595422506332397,300,838,839,701
9.597436666488647,300,838,839,701
9.597436666488647,300,839,839,701
9.597436666488647,300,839,839,701
9.597436666488647,300,840,839,701
9.597436666488647,300,840,839,700
9.597436666488647,300,840,839,700
9.597436666488647,300,840,839,700
9.597436666488647,300,839,839,700
9.597436666488647,300,839,839,700
9.597436666488647,300,839,839,700
9.597436666488647,300,838,839,700
9.597436666488647,300,838,839,701
9.597436666488647,300,838,839,701
9.597436666488647,300,838,839,701
9.597436666488647,300,838,839,701
9.611186027526855,300,838,839,701
9.611186027526855,300,839,839,701
9.611186027526855,300,840,839,701
9.611186027526855,300,840,839,701
9.611186027526855,300,840,839,700
9.611186027526855,300,840,839,700
9.611186027526855,300,840,839,700
9.611186027526855,300,839,839,700
9.611186027526855,300,839,839,700
9.611186027526855,300,838,839,700
9.611186027526855,300,838,839,701
9.611186027526855,300,838,839,701
9.611186027526855,300,838,839,701
9.611186027526855,300,838,839,701
9.611186027526855,300,839,839,701
9.611186027526855,300,839,839,701
9.611186027526855,300,840,839,701
9.611186027526855,300,840,839,701
9.62702226638794,300,840,839,700
9.62702226638794,300,840,839,700
9.62932538986206,301,840,839,700
9.629603624343872,301,840,839,700
9.629603624343872,301,839,839,700
9.629603624343872,301,839,839,700
9.629603624343872,300,839,839,700
9.629603624343872,300,838,839,700
9.629603624343872,300,838,839,701
9.629603624343872,301,838,839,701
9.629603624343872,301,837,839,701
9.636756420135498,301,838,839,701
9.636756420135498,301,839,839,701
9.636756420135498,301,839,839,701
9.636756420135498,300,839,839,701
9.636756420135498,300,840,839,701
9.636756420135498,300,840,839,701
9.642728805541992,300,840,839,700
9.642728805541992,300,840,839,700
9.642728805541992,301,840,839,700
9.642728805541992,301,840,839,700
9.642728805541992,301,839,839,700
9.642728805541992,301,839,839,700
9.642728805541992,301,838,839,700
9.642728805541992,301,838,839,701
9.642728805541992,301,838,839,701
9.642728805541992,301,838,839,701
9.642728805541992,301,838,839,701
9.642728805541992,301,839,840,701
9.642728805541992,301,839,840,701
9.642728805541992,301,840,840,701
9.642728805541992,301,840,840,701
9.642728805541992,301,840,840,701
9.642728805541992,301,840,840,701
9.642728805541992,301,840,840,701
9.65861964225769,301,839,840,701
9.65861964225769,300,839,840,701
9.65861964225769,300,839,840,701
9.65861964225769,300,839,840,701
9.65861964225769,300,839,840,701
9.65861964225769,300,840,840,701
9.65861964225769,300,840,840,701
9.65861964225769,300,840,840,701
9.65861964225769,300,840,840,701
9.65861964225769,300,840,840,701
9.65861964225769,300,840,840,701
9.65861964225769,300,840,840,701
9.65861964225769,300,840,840,701
9.65861964225769,300,840,840,701
9.65861964225769,300,840,840,701
9.65861964225769,300,840,840,701
9.65861964225769,300,840,838,701
9.65861964225769,300,840,838,701
9.674419641494751,300,840,838,700
9.674419641494751,300,840,838,700
9.674419641494751,300,840,838,700
9.674419641494751,300,839,838,700
9.674419641494751,300,839,838,700
9.674419641494751,300,839,838,700
9.674419641494751,300,838,838,700
9.674419641494751,300,838,838,700
9.674419641494751,300,838,838,700
9.674419641494751,300,838,838,700
9.674419641494751,300,838,838,700
9.674419641494751,300,838,838,700
9.674419641494751,300,838,838,700
9.674419641494751,300,838,838,700
9.674419641494751,300,838,838,700
9.674419641494751,300,838,838,700
9.674419641494751,300,838,838,700
9.690173625946045,300,838,838,700
9.690173625946045,300,838,838,700
9.692402839660645,300,838,838,700
9.692960977554321,300,838,841,701
9.692960977554321,300,838,841,701
9.692960977554321,300,838,841,701
9.692960977554321,300,838,841,701
9.692960977554321,300,839,841,702
9.692960977554321,300,839,841,702
9.692960977554321,300,839,841,702
9.692960977554321,300,840,841,702
9.692960977554321,300,841,841,702
9.692960977554321,300,841,841,702
9.692960977554321,299,841,841,702
9.692960977554321,300,842,841,702
9.692960977554321,300,842,841,701
9.692960977554321,300,842,841,701
9.692960977554321,300,842,841,701
9.706201076507568,300,842,841,701
9.706201076507568,300,841,841,701
9.706201076507568,300,841,841,701
9.706201076507568,300,840,841,702
9.706201076507568,300,840,841,702
9.706201076507568,300,840,841,702
9.706201076507568,300,840,841,702
9.706201076507568,300,840,838,701
9.706201076507568,300,841,838,701
9.706201076507568,300,841,838,701
9.706201076507568,300,841,838,700
9.706201076507568,299,841,838,700
9.706201076507568,300,841,838,700
9.706201076507568,300,840,838,700
9.706201076507568,300,840,838,700
9.706201076507568,300,839,838,700
9.706201076507568,300,838,838,700
9.721874475479126,300,838,838,700
9.721874475479126,299,838,838,700
9.721874475479126,299,838,838,700
9.721874475479126,299,838,838,700
9.725673913955688,299,838,838,700
9.72622561454773,299,838,838,700
9.72622561454773,299,838,838,700
9.72622561454773,300,838,838,700
9.72622561454773,300,838,838,700
9.72622561454773,300,838,838,700
9.72622561454773,300,838,838,700
9.72622561454773,300,838,838,700
9.72622561454773,300,838,841,700
9.72622561454773,300,838,841,701
9.72622561454773,300,838,841,701
9.72622561454773,300,838,841,701
9.72622561454773,300,839,841,701
9.736899137496948,300,839,841,701
9.737910270690918,300,839,841,701
9.737910270690918,300,839,841,702
9.737910270690918,300,839,841,702
9.737910270690918,300,839,841,702
9.737910270690918,300,840,841,702
9.737910270690918,300,840,841,702
9.737910270690918,300,841,841,702
9.737910270690918,300,841,841,702
9.737910270690918,300,842,841,702
9.737910270690918,300,842,841,702
9.737910270690918,300,842,841,702
9.737910270690918,300,842,841,701
9.737910270690918,300,842,841,701
9.737910270690918,300,842,841,701
9.737910270690918,300,841,841,701
9.737910270690918,300,841,841,701
9.737910270690918,301,840,838,701
9.753578186035156,301,840,838,701
9.753578186035156,301,840,838,700
9.753578186035156,301,840,838,700
9.753578186035156,301,840,838,700
9.753578186035156,301,840,838,700
9.753578186035156,300,839,838,700
9.753578186035156,300,839,838,700
9.753578186035156,300,838,838,700
9.753578186035156,300,838,838,700
9.753578186035156,300,838,838,700
9.753578186035156,300,838,838,700
9.753578186035156,300,838,838,700
9.753578186035156,300,838,838,700
9.753578186035156,300,838,838,700
9.753578186035156,300,838,838,700
9.753578186035156,300,838,838,700
9.753578186035156,300,838,838,700
9.753578186035156,300,838,838,700
9.769237279891968,300,838,838,700
9.769237279891968,300,838,838,700
9.769237279891968,300,838,838,700
9.769237279891968,300,838,841,701
9.769237279891968,300,838,841,701
9.769237279891968,301,838,841,701
9.769237279891968,301,838,841,701
9.769237279891968,301,838,841,702
9.769237279891968,301,839,841,702
9.769237279891968,301,839,841,702
9.769237279891968,301,840,841,702
9.769237279891968,300,840,841,702
9.769237279891968,300,841,841,702
9.769237279891968,300,841,841,702
9.769237279891968,300,842,841,702
9.769237279891968,300,842,841,701
9.769237279891968,300,842,841,701
9.785001277923584,300,842,841,701
9.785001277923584,300,842,841,701
9.787129163742065,300,842,841,701
9.787129163742065,300,841,841,701
9.789142847061157,300,840,841,701
9.789142847061157,300,840,841,702
9.789142847061157,300,840,841,702
9.789142847061157,300,840,841,702
9.789142847061157,300,840,841,702
9.789142847061157,300,840,838,701
9.789142847061157,300,841,838,701
9.789142847061157,300,841,838,701
9.789142847061157,300,841,838,700
9.789142847061157,300,841,838,700
9.789142847061157,300,841,838,700
9.789142847061157,300,840,838,700
9.789142847061157,300,839,838,700
9.80066728591919,300,839,838,700
9.80066728591919,300,838,838,700
9.80066728591919,300,838,838,700
9.80066728591919,300,838,838,700
9.80066728591919,300,838,838,700
9.80066728591919,299,838,838,700
9.80066728591919,299,838,838,700
9.80066728591919,299,838,838,700
9.80066728591919,300,838,838,700
9.80066728591919,300,838,838,700
9.80066728591919,300,838,838,700
9.80066728591919,300,838,838,700
9.80066728591919,300,838,838,700
9.80066728591919,300,838,838,700
9.80066728591919,300,838,841,700
9.80066728591919,300,838,841,701
9.80066728591919,300,838,841,701
9.80066728591919,300,838,841,701
9.816462516784668,300,839,841,701
9.817651510238647,300,839,841,701
9.817909240722656,300,839,841,702
9.817909240722656,300,839,841,702
9.817909240722656,300,839,841,702
9.817909240722656,300,839,841,702
9.817909240722656,300,840,841,702
9.817909240722656,300,841,841,702
9.817909240722656,300,841,841,702
9.817909240722656,300,842,841,702
9.817909240722656,300,842,841,702
9.817909240722656,300,842,841,702
9.817909240722656,300,842,841,701
9.817909240722656,300,842,841,701
9.817909240722656,300,842,841,701
9.817909240722656,300,842,841,701
9.817909240722656,300,841,841,701
9.832122087478638,300,841,841,701
9.832122087478638,300,840,838,701
9.832122087478638,300,840,838,701
9.832122087478638,300,840,838,701
9.832122087478638,300,840,838,700
9.832122087478638,299,840,838,700
9.837027549743652,299,840,838,700
9.837027549743652,299,839,838,700
9.837027549743652,299,839,838,700
9.837027549743652,300,839,838,700
9.837027549743652,300,839,838,700
9.837027549743652,300,838,838,700
9.837027549743652,300,838,838,700
9.837027549743652,300,838,838,700
9.837027549743652,299,838,838,700
9.837027549743652,299,838,838,700
9.837027549743652,300,838,838,700
9.837027549743652,300,838,838,700
9.848000049591064,300,838,838,700
9.848954677581787,300,838,838,700
9.848954677581787,300,838,838,700
9.848954677581787,300,838,838,700
9.848954677581787,300,838,838,700
9.848954677581787,300,838,841,701
9.848954677581787,300,839,841,701
9.848954677581787,300,839,841,701
9.848954677581787,300,838,841,701
9.848954677581787,300,839,841,701
9.848954677581787,300,839,841,701
9.848954677581787,300,839,841,702
9.848954677581787,300,840,841,702
9.848954677581787,300,840,841,702
9.848954677581787,300,840,841,702
9.848954677581787,300,841,841,702
9.848954677581787,300,841,841,702
9.86372995376587,300,841,841,702
9.86372995376587,300,842,841,701
9.865743160247803,301,842,841,701
9.865743160247803,300,842,841,701
9.867753982543945,300,842,841,701
9.86853313446045,300,841,841,701
9.869362115859985,300,841,841,701
9.870370626449585,301,840,841,701
9.870370626449585,301,840,841,702
9.871369361877441,301,840,841,702
9.872370719909668,301,840,839,701
9.873369932174683,300,840,839,701
9.874370336532593,300,841,839,701
9.875369310379028,300,841,839,701
9.876371622085571,300,841,839,700
9.877370834350586,300,841,839,700
9.878620862960815,300,841,839,700
9.878620862960815,300,840,839,700
9.879634618759155,300,839,839,700
9.880632162094116,300,839,839,700
9.881632328033447,300,838,839,700
9.88263463973999,300,838,839,701
9.883634090423584,300,838,839,701
9.884634733200073,300,838,839,701
9.884634733200073,300,838,839,701
9.886781215667725,300,838,839,701
9.886781215667725,300,839,839,701
9.887792348861694,300,839,839,701
9.888792991638184,300,840,839,701
9.889793157577515,300,840,839,701
9.890793561935425,300,840,839,700
9.89179277420044,300,840,839,700
9.892793416976929,300,840,840,701
9.893792390823364,300,840,840,701
9.894795656204224,300,840,840,701
9.894795656204224,300,839,840,701
9.894795656204224,300,839,840,701
9.894795656204224,300,840,840,701
9.894795656204224,300,839,840,701
9.894795656204224,300,839,840,701
9.894795656204224,300,839,840,701
9.894795656204224,300,839,840,701
9.894795656204224,300,839,840,701
9.894795656204224,300,839,840,701
9.894795656204224,300,839,840,701
9.894795656204224,300,840,840,701
9.894795656204224,300,840,840,701
9.894795656204224,300,840,840,701
9.894795656204224,300,840,840,701
9.894795656204224,300,840,840,701
9.894795656204224,300,840,840,701
9.894795656204224,300,840,840,701
9.910454034805298,300,840,840,701
9.910454034805298,300,840,840,701
9.910454034805298,300,840,840,701
9.910454034805298,300,840,840,701
9.910454034805298,300,840,840,701
9.910454034805298,300,840,840,701
9.910454034805298,300,840,840,701
9.910454034805298,300,840,840,701
9.910454034805298,300,840,840,701
9.910454034805298,300,840,840,701
9.910454034805298,300,840,840,701
9.910454034805298,299,840,840,701
9.910454034805298,299,840,840,701
9.910454034805298,299,840,840,701
9.910454034805298,299,840,840,701
9.910454034805298,299,840,840,701
9.910454034805298,299,840,840,701
9.910454034805298,299,840,840,701
9.926387310028076,299,840,840,701
9.927621364593506,300,840,840,701
9.927621364593506,300,840,840,701
9.929235458374023,300,840,840,701
9.929235458374023,300,840,840,701
9.929235458374023,300,840,840,701
9.929235458374023,300,840,840,701
9.929235458374023,300,840,840,701
9.929235458374023,300,840,840,701
9.929235458374023,300,840,840,701
9.929235458374023,300,840,840,701
9.929235458374023,300,840,840,701
9.937121868133545,300,840,840,701
9.937121868133545,300,839,840,701
9.937121868133545,300,840,840,701
9.937121868133545,300,840,840,701
9.937121868133545,299,840,840,701
9.937121868133545,299,840,840,701
9.942190408706665,299,840,840,701
9.942190408706665,299,840,840,701
9.942190408706665,299,840,840,701
9.942190408706665,299,840,840,701
9.942190408706665,299,841,840,701
9.942190408706665,299,840,840,701
9.942190408706665,300,840,840,701
9.942190408706665,300,840,840,701
9.942190408706665,299,840,840,701
9.942190408706665,299,840,840,701
9.942190408706665,299,840,840,701
9.942190408706665,299,840,839,701
9.942190408706665,299,840,839,701
9.942190408706665,299,840,839,701
9.942190408706665,299,840,839,701
9.942190408706665,299,840,839,701
9.942190408706665,299,840,839,701
9.958094358444214,299,841,839,701
9.958094358444214,299,840,839,700
9.958094358444214,299,840,839,700
9.958094358444214,299,840,839,700
9.958094358444214,299,840,839,700
9.958094358444214,299,839,839,700
9.958094358444214,299,839,839,700
9.958094358444214,299,839,839,700
9.958094358444214,299,839,839,700
9.958094358444214,299,838,839,700
9.958094358444214,299,838,839,701
9.958094358444214,299,838,839,701
9.958094358444214,299,838,839,701
9.958094358444214,299,839,839,701
9.958094358444214,299,839,839,701
9.958094358444214,299,839,839,701
9.958094358444214,299,840,840,701
9.958094358444214,299,840,840,701
9.974038124084473,299,841,840,701
9.975553035736084,300,841,840,700
9.975553035736084,300,841,840,700
9.975553035736084,300,841,840,700
9.975553035736084,300,840,840,700
9.975553035736084,300,839,840,700
9.975553035736084,300,839,840,701
9.975553035736084,300,838,840,701
9.975553035736084,300,838,840,701
9.975553035736084,300,838,840,701
9.975553035736084,300,839,840,701
9.975553035736084,300,839,840,701
9.975553035736084,300,839,840,701
9.975553035736084,300,840,840,701
9.975553035736084,300,840,840,701
9.975553035736084,300,840,840,701
9.975553035736084,300,841,840,701
9.989699363708496,300,841,840,701
9.990476131439209,300,840,840,701
9.990476131439209,300,840,840,701
9.990476131439209,300,840,840,701
9.990476131439209,300,840,839,701
9.990476131439209,300,840,839,701
9.990476131439209,300,841,839,700
9.990476131439209,300,840,839,700
9.990476131439209,300,840,839,700
9.990476131439209,300,840,839,700
9.990476131439209,300,840,839,700
9.990476131439209,300,839,839,700
9.990476131439209,300,839,839,700
9.990476131439209,300,839,839,700
9.990476131439209,300,838,839,700
9.990476131439209,300,838,839,700
9.990476131439209,300,838,839,701
9.990476131439209,300,838,839,701
10.005531787872314,300,838,839,701
10.005531787872314,300,839,839,701
10.005531787872314,300,839,839,701
10.005531787872314,300,839,839,701
10.005531787872314,300,840,839,701
10.005531787872314,300,840,839,700
10.005531787872314,300,840,839,700
10.005531787872314,300,840,839,700
10.005531787872314,300,840,839,700
10.005531787872314,300,840,839,700
10.005531787872314,300,839,839,700
10.005531787872314,300,839,839,700
10.005531787872314,300,838,839,700
10.005531787872314,300,838,839,700
10.005531787872314,300,838,839,700
10.005531787872314,300,838,839,701
10.005531787872314,300,837,839,701
10.021233320236206,300,837,839,701
10.022368669509888,300,837,839,701
10.022368669509888,300,838,839,701
10.022368669509888,299,838,839,701
10.022368669509888,300,840,839,701
10.022368669509888,300,840,839,701
10.022368669509888,299,840,839,701
10.022368669509888,299,840,839,701
10.022368669509888,299,840,839,700
10.022368669509888,299,840,839,700
10.022368669509888,300,840,839,700
10.022368669509888,300,840,839,700
10.022368669509888,300,840,839,700
10.022368669509888,300,839,839,700
10.022368669509888,300,839,839,700
10.022368669509888,300,838,839,700
10.022368669509888,300,838,839,701
10.037201642990112,300,838,839,701
10.038127183914185,300,838,839,701
10.038127183914185,300,839,839,701
10.038127183914185,300,839,839,701
10.040154218673706,300,839,839,701
10.040154218673706,300,840,839,700
10.04259967803955,300,840,839,700
10.042872667312622,299,840,839,700
10.042872667312622,299,840,839,700
10.042872667312622,299,840,839,700
10.042872667312622,299,839,839,700
10.042872667312622,299,839,839,700
10.042872667312622,299,838,839,700
10.042872667312622,299,838,839,700
10.042872667312622,299,838,839,701
10.042872667312622,300,838,839,701
10.042872667312622,300,838,839,701
10.042872667312622,300,838,839,701
10.052963972091675,300,839,839,701
10.052963972091675,300,839,839,701
10.052963972091675,300,840,839,701
10.052963972091675,300,840,839,700
10.052963972091675,300,841,839,700
10.052963972091675,300,840,839,700
10.052963972091675,300,840,839,700
10.052963972091675,300,839,839,700
10.052963972091675,300,839,839,700
10.052963972091675,299,838,839,700
10.052963972091675,299,838,839,700
10.052963972091675,299,838,839,701
10.052963972091675,299,838,839,701
10.052963972091675,299,839,839,701
10.052963972091675,299,839,839,701
10.052963972091675,299,839,839,701
10.052963972091675,299,840,839,701
10.068721294403076,299,840,839,700
10.069766283035278,299,840,839,700
10.070353507995605,299,840,839,700
10.070353507995605,300,839,839,700
10.070353507995605,300,839,839,700
10.070353507995605,300,839,839,700
10.070353507995605,300,839,839,700
10.070353507995605,300,839,839,700
10.070353507995605,300,839,839,700
10.070353507995605,300,838,839,701
10.078075885772705,300,838,839,701
10.078075885772705,300,838,839,701
10.079444885253906,300,839,839,701
10.080552816390991,300,839,839,701
10.081467151641846,300,839,839,701
10.082473039627075,300,840,839,701
10.083457469940186,300,840,839,700
10.084546089172363,300,840,839,700
10.084795713424683,300,840,839,700
10.085806369781494,300,840,839,700
10.086804866790771,300,839,839,700
10.08780550956726,300,839,839,700
10.088804960250854,300,838,839,700
10.089806318283081,300,838,839,701
10.090806245803833,300,838,839,701
10.090806245803833,300,838,839,701
10.092804193496704,300,838,839,701
10.092804193496704,300,839,839,701
10.094810247421265,300,839,839,701
10.095430374145508,300,839,839,701
10.095787048339844,300,840,839,701
10.096790075302124,300,840,839,700
10.097787380218506,300,840,839,700
10.0987868309021,300,840,839,700
10.099786758422852,300,840,839,700
10.100960969924927,300,839,839,700
10.101725578308105,300,838,839,701
10.101725578308105,300,838,839,701
10.102736949920654,300,838,839,701
10.103737115859985,300,838,839,701
10.104738235473633,300,839,839,701
10.105737924575806,300,839,839,701
10.106738090515137,300,839,839,701
10.107738018035889,300,840,839,700
10.108739376068115,300,840,839,700
10.109739542007446,300,840,839,700
10.11073923110962,300,840,839,700
10.111741065979004,300,840,839,700
10.112738609313965,300,839,839,700
10.112738609313965,300,839,839,700
10.112738609313965,300,839,839,700
10.112738609313965,300,838,839,700
10.112738609313965,300,838,839,700
10.112738609313965,300,838,839,701
10.112738609313965,300,838,839,701
10.112738609313965,300,838,839,701
10.112738609313965,300,838,839,701
10.112738609313965,300,839,839,701
10.112738609313965,300,839,839,701
10.112738609313965,300,840,839,701
10.112738609313965,300,840,839,700
10.112738609313965,300,840,839,700
10.112738609313965,300,840,839,700
10.112738609313965,300,840,839,700
10.112738609313965,300,840,839,700
10.128581285476685,300,839,839,700
10.128581285476685,300,839,839,700
10.130019903182983,300,838,839,700
10.130019903182983,300,838,839,700
10.130019903182983,300,838,839,700
10.130019903182983,300,838,839,701
10.130019903182983,300,838,839,701
10.130019903182983,300,838,839,701
10.130019903182983,300,839,839,701
10.130019903182983,300,839,839,701
10.13731598854065,300,840,839,700
10.13731598854065,300,840,839,700
10.13731598854065,300,840,839,700
10.13731598854065,300,839,839,700
10.13731598854065,300,839,839,700
10.13731598854065,300,839,839,700
10.13731598854065,300,839,839,700
10.13731598854065,300,838,839,700
10.144219398498535,299,838,839,701
10.144219398498535,299,838,839,701
10.144219398498535,299,839,839,701
10.144219398498535,299,839,839,701
10.144219398498535,299,840,839,701
10.144219398498535,299,840,839,700
10.144219398498535,299,840,839,700
10.144219398498535,299,840,839,700
10.144219398498535,299,840,839,700
10.144219398498535,300,839,839,700
10.144219398498535,300,839,839,700
10.144219398498535,300,839,839,700
10.144219398498535,300,839,839,700
10.144219398498535,300,838,839,700
10.144219398498535,300,838,839,700
10.144219398498535,300,838,839,701
10.144219398498535,300,838,839,701
10.144219398498535,300,838,839,701
10.160135746002197,300,839,839,701
10.160135746002197,300,839,839,701
10.160135746002197,300,839,839,701
10.163684844970703,300,840,839,701
10.16393256187439,300,840,839,700
10.16393256187439,300,840,839,700
10.16393256187439,299,840,839,700
10.16393256187439,299,840,839,700
10.16393256187439,299,839,839,700
10.16393256187439,299,839,839,700
10.16393256187439,299,838,839,700
10.16393256187439,300,838,839,700
10.16393256187439,300,838,839,700
10.16393256187439,300,838,839,700
10.16393256187439,300,838,839,701
10.16393256187439,300,838,839,701
10.16393256187439,300,838,839,701
10.175796508789062,300,839,839,701
10.175796508789062,300,839,839,701
10.175796508789062,300,839,839,701
10.175796508789062,300,840,839,700
10.175796508789062,300,840,839,700
10.175796508789062,300,840,839,700
10.175796508789062,300,840,839,700
10.175796508789062,299,839,839,700
10.175796508789062,299,838,839,700
10.175796508789062,299,838,839,701
10.175796508789062,299,838,839,701
10.175796508789062,300,839,839,701
10.175796508789062,300,839,839,701
10.175796508789062,300,839,839,701
10.175796508789062,300,840,839,701
10.175796508789062,300,840,839,700
10.175796508789062,300,840,839,700
10.191487073898315,300,840,839,700
10.191487073898315,300,840,839,700
10.191487073898315,300,840,839,700
10.191487073898315,300,839,839,700
10.191487073898315,300,839,839,700
10.191487073898315,300,838,839,700
10.191487073898315,300,838,839,700
10.191487073898315,300,839,839,700
10.191487073898315,300,838,839,700
10.191487073898315,300,838,839,701
10.191487073898315,300,838,839,701
10.191487073898315,300,838,839,701
10.191487073898315,300,838,839,701
10.191487073898315,300,839,839,701
10.191487073898315,300,839,839,701
10.191487073898315,300,840,839,701
10.191487073898315,300,840,839,700
10.20717978477478,300,840,839,700
10.20717978477478,300,840,839,700
10.20717978477478,300,840,839,700
10.20717978477478,300,839,839,700
10.20717978477478,300,839,839,700
10.20717978477478,300,839,839,700
10.20717978477478,300,838,839,700
10.20717978477478,300,838,839,701
10.20717978477478,300,838,839,701
10.20717978477478,300,839,839,701
10.20717978477478,300,839,839,701
10.20717978477478,300,840,839,701
10.20717978477478,300,840,839,700
10.20717978477478,301,840,839,700
10.20717978477478,301,840,839,700
10.20717978477478,300,839,839,700
10.20717978477478,300,839,839,700
10.20717978477478,300,839,839,700
10.223074197769165,300,838,839,700
10.224518299102783,300,838,839,701
10.22475290298462,300,838,839,701
10.22475290298462,300,838,839,701
10.22475290298462,300,838,839,701
10.22475290298462,300,839,839,701
10.22475290298462,300,840,839,700
10.22475290298462,300,840,839,700
10.22475290298462,300,840,839,700
10.22475290298462,300,840,839,700
10.22475290298462,300,840,839,700
10.22475290298462,300,839,839,700
10.22475290298462,300,839,839,700
10.22475290298462,300,839,839,700
10.22475290298462,300,839,839,700
10.22475290298462,300,838,839,700
10.237464666366577,300,838,839,701
10.238979578018188,300,838,839,701
10.238979578018188,300,838,839,701
10.238979578018188,301,839,839,701
10.238979578018188,301,839,839,701
10.238979578018188,300,839,839,701
10.238979578018188,300,840,839,701
10.238979578018188,300,840,839,700
10.238979578018188,300,840,839,700
10.238979578018188,300,840,839,700
10.238979578018188,300,840,839,700
10.238979578018188,300,839,839,700
10.238979578018188,300,839,839,700
10.238979578018188,300,839,839,700
10.238979578018188,300,838,839,700
10.238979578018188,300,838,839,700
10.238979578018188,300,838,839,701
10.238979578018188,300,838,839,701
10.25466275215149,300,838,839,701
10.255420684814453,300,839,839,701
10.256261110305786,300,839,839,701
10.256261110305786,300,839,839,701
10.256261110305786,300,840,839,700
10.256261110305786,300,840,839,700
10.256261110305786,300,840,839,700
10.256261110305786,300,840,839,700
10.256261110305786,300,839,839,700
10.256261110305786,300,838,839,700
10.256261110305786,300,838,839,701
10.256261110305786,300,838,839,701
10.256261110305786,300,838,839,701
10.256261110305786,300,839,839,701
10.256261110305786,300,839,839,701
10.256261110305786,300,840,839,701
10.256261110305786,300,840,839,700
10.256261110305786,300,840,839,700
10.270442485809326,299,840,839,700
10.270442485809326,299,840,839,700
10.270442485809326,299,840,839,700
10.270442485809326,299,839,839,700
10.270442485809326,299,839,839,700
10.270442485809326,300,838,839,700
10.270442485809326,300,838,839,700
10.270442485809326,300,838,839,701
10.270442485809326,300,839,839,701
10.270442485809326,300,839,839,700
10.270442485809326,300,839,839,700
10.270442485809326,299,839,839,700
10.270442485809326,299,839,839,700
10.270442485809326,300,839,839,700
10.270442485809326,300,839,839,700
10.270442485809326,300,839,839,700
10.270442485809326,299,839,839,700
10.286116123199463,299,838,839,701
10.286116123199463,299,838,839,701
10.286116123199463,299,838,839,701
10.286116123199463,299,838,839,701
10.286116123199463,299,839,839,701
10.286116123199463,299,839,839,701
10.286116123199463,300,840,839,701
10.286116123199463,300,840,839,700
10.286116123199463,300,840,841,701
10.286116123199463,300,840,841,701
10.286116123199463,299,840,841,701
10.286116123199463,299,840,841,701
10.286116123199463,299,840,841,701
10.286116123199463,300,839,841,702
10.286116123199463,300,840,841,702
10.286116123199463,300,840,841,702
10.286116123199463,300,840,841,702
10.286116123199463,300,840,841,702
10.302833318710327,300,841,841,702
10.303569316864014,299,841,841,702
10.303569316864014,299,841,841,702
10.303569316864014,299,842,841,702
10.303569316864014,299,842,841,701
10.303569316864014,300,842,841,701
10.303569316864014,299,842,841,701
10.303569316864014,299,842,841,701
10.303569316864014,299,842,841,701
10.303569316864014,299,841,841,701
10.303569316864014,299,841,841,701
10.303569316864014,299,840,841,701
10.303569316864014,299,840,837,700
10.303569316864014,300,840,837,700
10.303569316864014,299,840,837,700
10.303569316864014,299,840,837,700
10.303569316864014,299,839,837,700
10.317427396774292,299,839,837,700
10.317427396774292,299,838,837,699
10.317427396774292,300,838,837,699
10.317427396774292,300,838,837,699
10.317427396774292,299,838,837,699
10.317427396774292,299,837,837,699
10.317427396774292,299,837,837,699
10.317427396774292,299,837,837,699
10.317427396774292,299,837,837,699
10.317427396774292,299,836,837,700
10.317427396774292,299,836,837,700
10.317427396774292,299,836,837,700
10.317427396774292,299,836,837,700
10.317427396774292,299,837,837,700
10.317427396774292,299,837,837,700
10.317427396774292,299,838,837,700
10.317427396774292,300,838,837,700
10.33318543434143,300,838,842,701
10.33318543434143,300,838,842,701
10.335210084915161,300,838,842,701
10.335210084915161,300,839,842,702
10.335210084915161,300,839,842,702
10.337723016738892,300,840,842,702
10.337723016738892,300,840,842,702
10.337723016738892,300,841,842,702
10.337723016738892,300,841,842,702
10.337723016738892,300,841,842,702
10.337723016738892,300,841,842,702
10.337723016738892,300,841,842,702
10.337723016738892,300,842,842,702
10.337723016738892,300,842,842,702
10.337723016738892,300,842,842,702
10.337723016738892,300,842,842,702
10.337723016738892,300,842,842,702
10.348889350891113,300,842,842,702
10.34995722770691,300,842,842,702
10.350195169448853,300,842,842,702
10.350195169448853,300,842,842,702
10.350195169448853,300,842,842,702
10.350195169448853,300,842,837,701
10.350195169448853,300,842,837,700
10.350195169448853,300,842,837,700
10.350195169448853,300,841,837,700
10.350195169448853,300,841,837,699
10.350195169448853,300,840,837,699
10.350195169448853,300,840,837,699
10.350195169448853,300,839,837,699
10.350195169448853,300,838,837,699
10.350195169448853,300,837,837,699
10.350195169448853,300,837,837,699
10.350195169448853,300,836,837,699
10.350195169448853,300,836,837,700
10.364928960800171,300,836,837,700
10.36625337600708,300,836,837,700
10.367121934890747,300,837,837,700
10.367961883544922,300,837,837,700
10.368972063064575,300,837,837,700
10.368972063064575,300,838,837,700
10.370969533920288,300,838,837,699
10.370969533920288,299,838,837,699
10.371971368789673,299,838,837,699
10.372972011566162,299,838,841,700
10.373970746994019,299,837,841,700
10.374973773956299,300,837,841,701
10.37597370147705,300,837,841,701
10.376971006393433,300,837,841,701
10.378378629684448,300,838,841,702
10.378762006759644,300,838,841,702
10.379894256591797,300,839,841,702
10.379894256591797,300,839,841,702
10.38089370727539,300,840,841,702
10.381893396377563,300,841,841,702
10.382893323898315,300,841,841,702
10.384545803070068,300,841,841,702
10.384824752807617,300,842,841,702
10.385837316513062,299,842,841,702
10.386847257614136,300,842,841,702
10.387837648391724,300,842,841,701
10.388834238052368,300,843,841,701
10.389837265014648,300,843,841,701
10.390838861465454,300,842,841,701
10.391835451126099,300,842,841,701
10.392838716506958,300,841,841,701
10.392838716506958,300,840,838,700
10.394841194152832,300,840,838,700
10.395328283309937,300,840,838,700
10.395328283309937,300,839,838,700
10.395328283309937,300,839,838,700
10.395328283309937,300,839,838,700
10.395328283309937,300,838,838,700
10.395328283309937,300,838,838,700
10.395328283309937,299,838,838,700
10.395328283309937,299,838,838,700
10.395328283309937,300,838,838,700
10.395328283309937,300,838,838,700
10.395328283309937,299,838,838,700
10.395328283309937,300,838,838,700
10.395328283309937,299,838,838,700
10.395328283309937,299,838,838,700
10.395328283309937,300,838,838,700
10.395328283309937,300,838,838,700
10.395328283309937,299,838,838,700
10.395328283309937,299,838,838,700
10.410604000091553,299,838,838,700
10.412332773208618,299,838,838,700
10.413157939910889,300,838,840,701
10.413157939910889,300,838,840,701
10.413157939910889,300,838,840,701
10.413157939910889,300,838,840,701
10.413157939910889,300,839,840,701
10.413157939910889,300,839,840,701
10.413157939910889,300,839,840,701
10.413157939910889,300,840,840,701
10.413157939910889,300,839,840,701
10.413157939910889,300,839,840,701
10.413157939910889,300,840,840,701
10.413157939910889,300,839,840,701
10.413157939910889,300,839,840,701
10.413157939910889,300,840,840,701
10.413157939910889,300,840,840,701
10.42628264427185,300,839,840,701
10.42628264427185,300,840,840,702
10.42628264427185,300,840,840,701
10.42628264427185,300,840,840,701
10.42628264427185,300,840,840,701
10.42628264427185,300,840,840,701
10.42628264427185,300,840,840,701
10.42628264427185,300,840,840,701
10.42628264427185,300,840,839,701
10.42628264427185,300,840,839,701
10.42628264427185,300,840,839,701
10.42628264427185,300,840,839,701
10.42628264427185,301,840,839,701
10.437747478485107,301,840,839,701
10.437747478485107,300,840,839,701
10.437747478485107,300,840,839,701
10.437747478485107,300,840,839,700
10.442123651504517,300,840,839,700
10.442123651504517,300,840,839,700
10.443840742111206,300,840,839,700
10.443840742111206,300,839,839,700
10.443840742111206,300,839,839,700
10.443840742111206,300,839,839,700
10.443840742111206,300,838,839,701
10.443840742111206,300,838,839,701
10.443840742111206,300,838,839,701
10.443840742111206,300,839,839,701
10.443840742111206,300,839,839,701
10.443840742111206,300,839,839,701
10.443840742111206,300,839,839,701
10.443840742111206,300,840,839,701
10.443840742111206,300,840,839,701
10.443840742111206,300,840,839,700
10.443840742111206,300,840,839,700
10.457828760147095,300,840,839,700
10.457828760147095,300,839,839,700
10.457828760147095,301,839,839,700
10.457828760147095,301,838,839,700
10.457828760147095,301,838,839,701
10.457828760147095,301,838,839,701
10.457828760147095,301,838,839,701
10.457828760147095,300,837,839,701
10.457828760147095,300,838,839,701
10.457828760147095,300,838,839,701
10.457828760147095,300,839,839,701
10.457828760147095,300,840,839,701
10.457828760147095,300,840,839,701
10.457828760147095,300,840,839,701
10.457828760147095,300,840,839,701
10.457828760147095,300,840,839,700
10.457828760147095,300,840,839,700
10.457828760147095,300,840,839,700
10.473819017410278,300,840,839,700
10.473819017410278,300,840,839,700
10.473819017410278,300,839,839,700
10.476941585540771,300,838,839,700
10.476941585540771,300,838,839,701
10.478607654571533,300,838,839,701
10.47888731956482,300,838,839,701
10.47888731956482,300,839,839,701
10.47888731956482,300,839,839,701
10.47888731956482,300,839,839,701
10.47888731956482,300,839,839,701
10.47888731956482,300,840,839,700
10.47888731956482,300,840,839,700
10.47888731956482,300,840,839,700
10.47888731956482,300,840,839,700
10.47888731956482,300,839,839,700
10.47888731956482,300,839,839,700
10.47888731956482,300,839,839,700
10.489931344985962,300,838,839,700
10.489931344985962,300,838,839,701
10.489931344985962,300,838,839,701
10.489931344985962,300,838,839,701
10.489931344985962,300,838,839,701
10.489931344985962,300,838,839,701
10.489931344985962,300,839,839,701
10.489931344985962,300,840,839,701
10.489931344985962,300,840,839,700
10.489931344985962,300,840,839,700
10.489931344985962,300,840,839,700
10.489931344985962,300,840,839,700
10.489931344985962,300,839,839,700
10.489931344985962,300,838,839,700
10.489931344985962,300,838,839,701
10.489931344985962,300,838,839,701
10.489931344985962,300,838,839,701
10.489931344985962,300,838,839,701
10.506042003631592,300,838,839,701
10.506042003631592,300,839,839,701
10.506042003631592,300,839,839,701
10.506042003631592,300,840,839,701
10.506042003631592,300,840,839,700
10.506042003631592,300,840,839,700
10.506042003631592,300,840,839,700
10.506042003631592,300,839,839,700
10.506042003631592,300,839,839,700
10.506042003631592,300,838,839,700
10.506042003631592,300,838,839,701
10.506042003631592,300,838,839,701
10.506042003631592,300,838,839,701
10.506042003631592,300,838,839,701
10.506042003631592,300,838,839,701
10.506042003631592,300,839,839,701
10.506042003631592,300,839,839,701
10.52172565460205,300,840,839,701
10.523340225219727,300,840,839,701
10.523340225219727,300,840,839,701
10.523340225219727,300,840,839,701
10.523340225219727,300,840,839,700
10.523340225219727,300,840,839,700
10.523340225219727,300,840,839,700
10.523340225219727,300,839,839,700
10.523340225219727,300,839,839,700
10.523340225219727,300,839,839,700
10.523340225219727,300,838,839,701
10.523340225219727,300,838,839,701
10.523340225219727,300,838,839,701
10.523340225219727,300,838,839,701
10.523340225219727,300,839,839,701
10.523340225219727,300,839,839,701
10.523340225219727,300,840,839,701
10.523340225219727,300,840,839,700
10.537892580032349,300,840,839,700
10.537892580032349,300,840,839,700
10.537892580032349,301,839,839,700
10.537892580032349,300,839,839,700
10.537892580032349,301,839,839,700
10.537892580032349,300,838,839,701
10.537892580032349,300,837,839,701
10.537892580032349,300,837,839,701
10.537892580032349,300,837,839,701
10.537892580032349,300,837,839,701
10.537892580032349,300,838,839,701
10.537892580032349,300,839,839,701
10.537892580032349,300,839,839,701
10.537892580032349,300,840,839,701
10.537892580032349,300,840,839,701
10.537892580032349,300,840,839,701
10.537892580032349,300,840,839,701
10.553701639175415,300,840,839,701
10.555044174194336,300,840,839,700
10.555044174194336,300,840,839,700
10.555044174194336,300,840,839,700
10.555044174194336,300,840,839,700
10.555044174194336,300,840,839,700
10.555044174194336,300,839,839,700
10.555044174194336,300,839,839,700
10.555044174194336,300,838,839,700
10.555044174194336,300,838,839,701
10.555044174194336,300,838,839,701
10.555044174194336,300,838,839,701
10.555044174194336,300,838,839,701
10.555044174194336,300,838,839,701
10.555044174194336,300,839,839,701
10.555044174194336,300,839,839,701
10.555044174194336,300,839,839,701
10.569403648376465,300,840,839,701
10.569403648376465,300,840,839,701
10.569403648376465,300,840,839,700
10.569403648376465,300,840,839,700
10.569403648376465,300,840,839,700
10.569403648376465,300,839,839,700
10.569403648376465,300,839,839,700
10.569403648376465,300,839,839,700
10.569403648376465,300,838,839,700
10.569403648376465,300,838,839,701
10.569403648376465,301,838,839,701
10.569403648376465,301,838,839,701
10.569403648376465,301,838,839,701
10.569403648376465,301,838,839,701
10.569403648376465,301,838,839,701
10.569403648376465,300,839,839,701
10.569403648376465,300,839,839,701
10.569403648376465,300,840,839,701
10.585104942321777,300,840,839,701
10.585104942321777,300,840,839,701
10.585104942321777,300,840,839,700
10.585104942321777,300,840,839,700
10.585104942321777,300,840,839,700
10.585104942321777,300,840,839,700
10.585104942321777,300,839,839,700
10.585104942321777,300,839,839,700
10.585104942321777,300,838,839,701
10.585104942321777,300,838,839,701
10.585104942321777,300,838,839,701
10.585104942321777,300,838,839,701
10.585104942321777,300,839,839,701
10.585104942321777,300,839,839,701
10.585104942321777,300,839,839,701
10.585104942321777,300,839,839,701
10.585104942321777,300,840,839,701
10.60075044631958,300,840,839,700
10.602644920349121,300,840,839,700
10.603378772735596,300,840,839,700
10.603378772735596,300,840,839,700
10.603378772735596,300,839,839,700
10.605395555496216,300,839,839,700
10.605395555496216,300,839,839,700
10.605395555496216,300,838,839,701
10.605395555496216,300,838,839,701
10.605395555496216,300,838,839,701
10.605395555496216,300,838,839,701
10.611584901809692,300,839,839,701
10.611932754516602,300,839,839,701
10.612961769104004,300,839,839,701
10.613960981369019,300,840,839,701
10.614934921264648,300,840,839,701
10.615933179855347,300,840,839,700
10.616933345794678,300,840,839,700
10.616933345794678,300,840,839,700
10.617933988571167,300,840,839,700
10.61893343925476,300,839,839,700
10.619933605194092,300,838,839,700
10.620933532714844,300,838,839,701
10.621933698654175,300,838,839,701
10.622933149337769,300,838,839,701
10.623948097229004,300,838,839,701
10.624939203262329,300,838,839,701
10.624939203262329,300,838,839,701
10.626952886581421,300,838,839,701
10.627939224243164,300,839,839,701
10.628358602523804,300,840,839,701
10.629404306411743,300,840,839,701
10.630603075027466,300,840,839,700
10.631187200546265,300,840,839,700
10.632193088531494,300,840,839,700
10.633193254470825,300,840,839,700
10.634192705154419,300,839,839,700
10.635194063186646,300,839,839,700
10.635194063186646,300,838,839,700
10.636194467544556,300,838,839,701
10.637195110321045,300,838,839,701
10.638193845748901,300,838,839,701
10.639458894729614,300,838,839,701
10.640459775924683,300,839,839,701
10.641458749771118,300,839,839,701
10.641458749771118,300,839,839,701
10.642460823059082,300,840,839,700
10.643462181091309,300,840,839,700
10.64445948600769,300,840,839,700
10.645472526550293,300,840,839,700
10.645472526550293,300,840,839,700
10.645472526550293,300,839,839,700
10.645472526550293,300,838,839,700
10.645472526550293,300,838,839,701
10.645472526550293,300,838,839,701
10.645472526550293,300,838,839,701
10.645472526550293,300,838,839,701
10.645472526550293,300,839,839,701
10.645472526550293,300,839,839,701
10.645472526550293,300,839,839,701
10.645472526550293,300,840,839,701
10.645472526550293,300,840,839,700
10.645472526550293,300,840,839,700
10.645472526550293,300,840,839,700
10.645472526550293,300,840,839,700
10.645472526550293,300,839,839,700
10.645472526550293,300,839,839,700
10.66133999824524,300,838,839,701
10.663042545318604,300,838,839,701
10.663547277450562,300,838,839,701
10.663547277450562,300,838,839,701
10.663547277450562,300,838,839,701
10.663547277450562,300,838,839,701
10.663547277450562,300,839,839,701
10.663547277450562,300,840,839,701
10.663547277450562,300,840,839,701
10.663547277450562,300,840,839,700
10.663547277450562,300,840,839,700
10.663547277450562,300,840,839,700
10.663547277450562,300,840,839,700
10.663547277450562,300,840,839,700
10.663547277450562,300,839,839,700
10.663547277450562,300,839,839,700
10.663547277450562,300,838,839,700
10.677172183990479,301,838,839,701
10.677172183990479,301,838,839,701
10.677172183990479,301,838,839,701
10.677172183990479,301,838,839,701
10.677172183990479,301,839,839,701
10.677172183990479,301,839,839,701
10.677172183990479,301,840,839,701
10.677172183990479,300,840,839,700
10.677172183990479,301,840,839,700
10.677172183990479,301,840,839,700
10.677172183990479,301,839,839,700
10.677172183990479,301,839,839,700
10.677172183990479,301,839,839,700
10.677172183990479,300,838,839,700
10.677172183990479,300,838,839,701
10.677172183990479,300,838,839,701
10.677172183990479,300,838,839,701
10.692849159240723,300,838,839,701
10.692849159240723,300,838,839,701
10.692849159240723,300,839,839,701
10.695969581604004,300,839,839,701
10.69629430770874,300,840,839,701
10.69629430770874,300,840,839,701
10.69629430770874,301,840,839,700
10.69629430770874,301,840,839,700
10.69629430770874,301,840,839,700
10.69629430770874,301,840,839,700
10.69629430770874,301,839,839,700
10.69629430770874,301,838,839,700
10.69629430770874,300,838,839,701
10.69629430770874,300,838,839,701
10.69629430770874,300,838,839,701
10.69629430770874,300,838,839,701
10.69629430770874,300,838,839,701
10.708541631698608,300,839,839,701
10.708541631698608,300,839,839,701
10.708541631698608,300,840,839,701
10.708541631698608,300,840,839,700
10.708541631698608,300,840,839,700
10.708541631698608,300,840,839,700
10.708541631698608,300,840,839,700
10.708541631698608,300,839,839,700
10.708541631698608,300,839,839,700
10.708541631698608,300,839,839,700
10.708541631698608,300,838,839,701
10.708541631698608,300,838,839,701
10.708541631698608,300,838,839,701
10.708541631698608,300,839,839,701
10.708541631698608,300,839,839,701
10.708541631698608,300,839,839,701
10.708541631698608,300,839,839,701
10.708541631698608,300,840,839,701
10.724208354949951,300,840,839,700
10.726053953170776,300,840,839,700
10.726053953170776,300,840,839,700
10.726053953170776,300,840,839,700
10.726053953170776,300,839,839,700
10.726053953170776,300,838,839,700
10.726053953170776,300,838,839,701
10.726053953170776,300,838,839,701
10.726053953170776,300,838,839,701
10.726053953170776,300,838,839,701
10.726053953170776,300,839,839,701
10.726053953170776,300,839,839,701
10.726053953170776,300,839,839,701
10.726053953170776,300,839,839,701
10.726053953170776,300,840,839,700
10.738081455230713,300,840,839,700
10.738081455230713,300,840,839,700
10.740097045898438,300,840,839,700
10.740097045898438,300,839,839,700
10.740097045898438,300,839,839,700
10.740097045898438,300,838,839,700
10.740097045898438,300,838,839,701
10.740097045898438,300,838,839,701
10.740097045898438,300,838,839,701
10.740097045898438,300,838,839,701
10.740097045898438,300,839,839,701
10.740097045898438,299,839,839,701
10.740097045898438,300,839,839,701
10.740097045898438,300,840,839,701
10.740097045898438,300,840,839,701
10.740097045898438,300,840,839,700
10.740097045898438,300,840,839,700
10.740097045898438,300,840,839,700
10.740097045898438,300,840,839,700
10.755778312683105,300,839,839,700
10.756725311279297,300,839,839,700
10.757015466690063,300,839,839,700
10.757015466690063,300,838,839,701
10.757015466690063,300,838,839,701
10.757015466690063,300,838,839,701
10.757015466690063,300,838,839,701
10.757015466690063,300,838,839,701
10.757015466690063,300,839,839,701
10.757015466690063,300,839,839,701
10.757015466690063,300,840,839,701
10.757015466690063,300,840,839,700
10.757015466690063,300,840,839,700
10.757015466690063,300,840,839,700
10.757015466690063,300,840,839,700
10.757015466690063,300,840,839,700
10.757015466690063,300,839,839,700
10.771429061889648,300,838,839,700
10.771429061889648,300,838,839,701
10.771429061889648,300,838,839,701
10.771429061889648,300,838,839,701
10.771429061889648,300,838,839,701
10.771429061889648,300,839,839,701
10.771429061889648,300,839,839,701
10.771429061889648,300,840,839,700
10.771429061889648,300,840,839,700
10.771429061889648,300,840,839,700
10.771429061889648,300,840,839,700
10.771429061889648,301,840,839,700
10.771429061889648,301,839,839,700
10.771429061889648,301,838,839,700
10.771429061889648,301,838,839,700
10.771429061889648,301,838,839,701
10.771429061889648,300,837,839,701
10.771429061889648,300,837,839,701
10.787200927734375,300,838,839,701
10.787200927734375,300,838,839,701
10.787200927734375,300,839,839,701
10.787200927734375,300,839,839,701
10.787200927734375,300,840,839,701
10.787200927734375,300,840,839,701
10.787200927734375,300,840,839,701
10.787200927734375,300,840,839,700
10.787200927734375,300,840,839,700
10.787200927734375,300,840,839,700
10.787200927734375,300,839,839,700
10.787200927734375,300,839,839,700
10.787200927734375,300,839,839,700
10.787200927734375,300,839,839,700
10.787200927734375,300,839,839,700
10.787200927734375,300,838,839,701
10.787200927734375,300,838,839,701
10.802937507629395,300,838,839,701
10.802937507629395,300,838,839,701
10.802937507629395,300,838,839,701
10.802937507629395,301,839,839,701
10.802937507629395,300,839,839,701
10.802937507629395,300,840,839,701
10.802937507629395,300,840,839,700
10.802937507629395,300,840,839,700
10.802937507629395,300,840,839,700
10.802937507629395,300,840,839,700
10.802937507629395,300,839,839,700
10.802937507629395,300,839,839,700
10.802937507629395,300,839,839,700
10.802937507629395,301,838,839,700
10.802937507629395,301,838,839,701
10.802937507629395,301,838,839,701
10.802937507629395,301,838,839,701
10.802937507629395,301,839,839,701
10.818794012069702,301,839,839,701
10.818794012069702,301,839,839,701
10.818794012069702,301,840,839,700
10.818794012069702,301,840,839,700
10.818794012069702,301,840,839,700
10.818794012069702,300,840,839,700
10.818794012069702,300,839,839,700
10.818794012069702,300,839,839,700
10.818794012069702,300,838,839,700
10.818794012069702,300,838,839,701
10.818794012069702,300,838,839,701
10.818794012069702,300,838,839,701
10.818794012069702,300,838,839,701
10.818794012069702,300,839,839,701
10.818794012069702,300,839,839,701
10.818794012069702,300,839,839,701
10.818794012069702,300,840,839,701
10.834462881088257,300,839,839,700
10.834462881088257,300,839,839,701
10.834462881088257,300,840,839,700
10.834462881088257,300,839,839,700
10.838245630264282,300,839,839,700
10.838245630264282,300,839,839,700
10.838245630264282,300,839,839,700
10.838245630264282,300,839,839,700
10.838245630264282,300,839,839,700
10.838245630264282,300,838,839,700
10.838245630264282,300,838,839,701
10.838245630264282,300,838,839,701
10.838245630264282,300,838,839,701
10.838245630264282,300,838,839,701
10.838245630264282,300,839,839,701
10.838245630264282,300,839,839,701
10.838245630264282,300,840,839,701
10.838245630264282,300,840,839,701
10.851300954818726,300,840,839,700
10.852034091949463,300,840,839,700
10.852034091949463,300,840,839,700
10.852034091949463,300,839,839,700
10.852034091949463,300,839,839,700
10.852034091949463,300,839,839,700
10.852034091949463,300,839,839,700
10.852034091949463,299,838,839,701
10.852034091949463,299,838,839,701
10.852034091949463,300,838,839,701
10.852034091949463,300,839,839,701
10.852034091949463,300,839,839,701
10.852034091949463,300,840,839,701
10.852034091949463,300,840,839,700
10.852034091949463,300,840,839,700
10.852034091949463,300,840,839,700
10.852034091949463,300,839,839,700
10.866406917572021,300,839,839,700
10.866406917572021,300,839,839,700
10.86842155456543,300,839,839,700
10.86842155456543,300,838,839,700
10.870434999465942,300,838,839,701
10.870434999465942,299,838,839,701
10.872087478637695,299,839,839,701
10.87319278717041,299,839,839,701
10.873822927474976,299,839,838,700
10.874835729598999,299,839,838,700
10.87589406967163,300,839,838,700
10.87589406967163,300,840,838,700
10.876832723617554,300,839,838,700
10.878221273422241,300,839,838,700
10.878221273422241,300,839,838,700
10.879455327987671,300,839,838,700
10.88045334815979,300,839,838,700
10.881453514099121,300,838,838,700
10.882453680038452,300,838,838,700
10.883453130722046,299,838,838,700
10.884454488754272,299,838,838,700
10.885454654693604,299,838,838,700
10.88645315170288,299,839,838,700
10.88645315170288,299,838,838,700
10.888455629348755,299,838,838,700
10.888455629348755,299,838,838,700
10.890126466751099,300,838,838,700
10.890392780303955,300,838,838,700
10.89140248298645,300,838,838,700
10.892403602600098,300,839,838,700
10.893405199050903,300,838,840,700
10.894401788711548,300,838,840,700
10.895132780075073,300,838,840,701
10.895132780075073,300,838,840,701
10.895132780075073,300,838,840,701
10.895132780075073,300,838,840,701
10.895132780075073,300,839,840,701
10.895132780075073,300,839,840,701
10.895132780075073,300,840,840,701
10.895132780075073,300,840,840,701
10.895132780075073,300,840,840,701
10.895132780075073,300,840,840,701
10.895132780075073,300,840,840,701
10.895132780075073,300,840,840,701
10.895132780075073,300,840,840,701
10.895132780075073,300,840,840,701
10.895132780075073,300,840,840,701
10.895132780075073,300,840,840,701
10.895132780075073,300,840,840,701
10.9102942943573,300,841,840,701
10.9102942943573,300,841,840,701
10.9127516746521,300,840,840,701
10.913079738616943,300,840,840,701
10.913079738616943,300,840,838,700
10.913079738616943,300,840,838,700
10.913079738616943,300,840,838,700
10.913079738616943,300,840,838,700
10.913079738616943,300,839,838,700
10.913079738616943,300,839,838,700
10.913079738616943,300,838,838,700
10.913079738616943,300,838,838,700
10.913079738616943,300,838,838,700
10.913079738616943,300,838,838,700
10.913079738616943,300,839,838,700
10.913079738616943,300,839,838,700
10.913079738616943,300,838,838,700
10.926231145858765,300,838,838,700
10.926231145858765,300,838,838,700
10.926231145858765,299,838,838,700
10.926231145858765,299,839,838,700
10.926231145858765,299,839,838,699
10.926231145858765,300,838,838,700
10.926231145858765,300,838,838,700
10.926231145858765,300,838,838,700
10.926231145858765,300,838,838,700
10.926231145858765,300,838,840,700
10.926231145858765,300,838,840,700
10.926231145858765,300,838,840,700
10.926231145858765,300,838,840,701
10.926231145858765,300,838,840,701
10.938132286071777,300,839,840,701
10.938132286071777,300,839,840,701
10.938132286071777,300,840,840,701
10.938132286071777,300,840,840,701
10.941924571990967,300,840,840,701
10.941924571990967,300,840,840,701
10.941924571990967,300,840,840,701
10.941924571990967,300,840,840,701
10.941924571990967,300,840,840,701
10.941924571990967,300,840,840,701
10.941924571990967,300,840,840,701
10.941924571990967,300,840,840,701
10.941924571990967,300,840,840,701
10.941924571990967,300,840,840,701
10.941924571990967,300,841,840,701
10.941924571990967,300,840,840,701
10.941924571990967,300,840,840,701
10.941924571990967,300,840,838,700
10.941924571990967,300,840,838,700
10.941924571990967,300,840,838,700
10.941924571990967,300,840,838,700
10.941924571990967,300,839,838,700
10.957751512527466,300,839,838,700
10.957751512527466,300,839,838,700
10.957751512527466,300,839,838,700
10.957751512527466,300,838,838,700
10.957751512527466,300,838,838,700
10.957751512527466,300,838,838,700
10.957751512527466,300,838,838,700
10.957751512527466,300,838,838,700
10.957751512527466,300,838,838,700
10.957751512527466,299,838,838,700
10.957751512527466,299,838,838,700
10.957751512527466,299,838,838,700
10.957751512527466,299,838,838,700
10.957751512527466,299,838,838,700
10.957751512527466,300,838,838,700
10.957751512527466,300,838,838,700
10.957751512527466,300,838,838,700
10.973482608795166,300,838,840,700
10.973482608795166,300,838,840,700
10.973482608795166,300,838,840,701
10.973482608795166,300,838,840,701
10.973482608795166,300,838,840,701
10.973482608795166,300,839,840,701
10.973482608795166,300,839,840,701
10.973482608795166,300,839,840,701
10.973482608795166,300,840,840,701
10.973482608795166,300,840,840,701
10.973482608795166,300,840,840,701
10.973482608795166,300,840,840,701
10.973482608795166,300,840,840,701
10.973482608795166,300,840,840,701
10.973482608795166,299,839,840,701
10.973482608795166,299,839,840,701
10.973482608795166,299,839,840,701
10.973482608795166,299,839,840,701
10.989442110061646,299,840,840,701
10.989442110061646,299,840,840,701
10.991600275039673,300,840,840,701
10.992449522018433,300,840,840,701
10.993821382522583,300,840,838,701
10.993821382522583,300,840,838,700
10.993821382522583,300,840,838,700
10.993821382522583,300,840,838,700
10.993821382522583,300,840,838,700
10.993821382522583,300,840,838,700
10.993821382522583,300,839,838,700
10.993821382522583,300,839,838,700
10.993821382522583,300,839,838,700
10.993821382522583,300,839,838,700
10.993821382522583,300,839,838,700
10.993821382522583,300,838,838,699
10.993821382522583,300,838,838,700
11.00525951385498,300,838,838,700
11.00525951385498,300,838,838,700
11.00525951385498,300,838,838,700
11.00525951385498,299,838,838,700
11.00525951385498,299,838,838,700
11.00525951385498,299,838,838,700
11.00525951385498,299,838,838,700
11.00525951385498,299,838,838,700
11.00525951385498,299,838,838,700
11.00525951385498,300,838,838,700
11.00525951385498,300,838,840,700
11.00525951385498,300,838,840,700
11.00525951385498,300,838,840,700
11.00525951385498,300,838,840,701
11.00525951385498,300,838,840,701
11.00525951385498,300,838,840,701
11.00525951385498,300,838,840,701
11.00525951385498,300,839,840,701
11.021343231201172,300,840,840,701
11.021650075912476,300,840,840,701
11.023319721221924,300,840,840,701
11.023319721221924,300,840,840,701
11.023319721221924,300,840,840,701
11.023319721221924,300,840,840,701
11.023319721221924,300,840,840,701
11.023319721221924,300,840,840,701
11.023319721221924,300,840,840,701
11.023319721221924,299,840,840,701
11.023319721221924,300,840,840,701
11.023319721221924,300,840,840,701
11.023319721221924,300,840,840,701
11.023319721221924,300,841,840,701
11.023319721221924,300,840,838,700
11.023319721221924,300,840,838,700
11.023319721221924,300,840,838,700
11.023319721221924,300,840,838,700
11.037336349487305,300,839,838,700
11.038350582122803,300,839,838,700
11.038350582122803,300,839,838,700
11.038350582122803,300,839,838,700
11.038350582122803,300,838,838,700
11.038350582122803,300,838,838,700
11.038350582122803,300,838,838,700
11.038350582122803,300,838,838,700
11.038350582122803,300,838,838,700
11.038350582122803,300,838,838,700
11.038350582122803,300,838,838,700
11.038350582122803,300,838,838,700
11.038350582122803,300,838,838,700
11.038350582122803,300,838,838,700
11.038350582122803,300,838,838,700
11.038350582122803,300,838,838,700
11.038350582122803,300,838,838,700
11.038350582122803,300,838,838,699
11.053399085998535,300,838,840,700
11.053399085998535,300,838,840,700
11.053399085998535,300,838,840,700
11.053399085998535,300,838,840,701
11.053399085998535,300,838,840,701
11.053399085998535,300,838,840,701
11.053399085998535,300,838,840,701
11.053399085998535,300,839,840,701
11.053399085998535,300,839,840,701
11.053399085998535,300,840,840,701
11.053399085998535,300,840,840,701
11.053399085998535,300,840,840,701
11.053399085998535,300,840,840,701
11.053399085998535,300,840,840,701
11.053399085998535,300,840,840,701
11.053399085998535,300,840,840,701
11.053399085998535,300,840,840,701
11.053399085998535,300,840,840,701
11.069342613220215,300,840,840,701
11.070789337158203,300,840,840,701
11.071470022201538,300,840,840,701
11.072538375854492,300,840,840,701
11.07328987121582,300,840,840,701
11.07328987121582,300,840,838,700
11.07328987121582,300,840,838,700
11.07328987121582,300,840,838,700
11.07328987121582,300,840,838,700
11.07328987121582,300,839,838,700
11.07328987121582,300,839,838,700
11.07328987121582,300,839,838,700
11.07328987121582,300,839,838,700
11.07328987121582,300,839,838,700
11.07328987121582,300,839,838,700
11.07328987121582,300,839,838,700
11.07328987121582,300,838,838,699
11.07328987121582,300,838,838,700
11.085346460342407,300,838,838,700
11.085346460342407,300,838,838,700
11.085346460342407,300,838,838,700
11.085346460342407,300,838,838,700
11.085346460342407,299,838,838,700
11.085346460342407,299,838,838,700
11.085346460342407,299,838,838,700
11.085346460342407,299,838,838,700
11.085346460342407,299,838,838,700
11.085346460342407,299,838,839,700
11.085346460342407,299,838,839,700
11.085346460342407,299,838,839,700
11.085346460342407,299,838,839,700
11.085346460342407,299,838,839,700
11.085346460342407,300,838,839,700
11.085346460342407,300,838,839,700
11.085346460342407,300,838,839,700
11.101670742034912,300,839,839,700
11.102226734161377,300,838,839,700
11.102226734161377,300,838,839,701
11.102226734161377,300,838,839,701
11.102226734161377,300,838,839,701
11.102226734161377,300,838,839,701
11.102226734161377,299,839,839,701
11.102226734161377,300,839,839,701
11.102226734161377,300,839,839,701
11.102226734161377,300,840,839,700
11.102226734161377,300,840,839,700
11.102226734161377,300,840,839,700
11.102226734161377,300,840,839,700
11.102226734161377,300,840,839,700
11.102226734161377,300,839,839,700
11.102226734161377,300,839,839,700
11.102226734161377,300,838,839,701
11.116864681243896,300,838,839,701
11.116864681243896,300,838,839,701
11.116864681243896,300,839,839,701
11.116864681243896,300,839,839,701
11.116864681243896,300,839,839,701
11.116864681243896,300,839,839,701
11.116864681243896,300,840,839,701
11.116864681243896,300,840,839,700
11.116864681243896,300,840,839,700
11.116864681243896,300,840,839,700
11.116864681243896,300,840,839,700
11.116864681243896,300,840,839,700
11.116864681243896,300,839,839,700
11.116864681243896,300,839,839,700
11.116864681243896,300,838,839,700
11.116864681243896,300,838,839,700
11.116864681243896,300,838,839,701
11.116864681243896,300,839,839,701
11.132550716400146,300,839,839,700
11.134005308151245,300,839,839,700
11.134647369384766,300,839,839,700
11.134647369384766,300,839,839,700
11.136670112609863,300,839,839,700
11.136670112609863,300,839,839,700
11.136670112609863,300,839,839,700
11.138682842254639,300,838,839,700
11.138682842254639,300,838,839,701
11.138682842254639,300,839,839,701
11.138682842254639,300,839,839,701
11.138682842254639,300,839,839,701
11.138682842254639,300,839,839,701
11.144914627075195,300,840,839,701
11.14570665359497,300,840,839,700
11.14570665359497,300,840,839,700
11.147716283798218,300,840,839,700
11.14871621131897,300,839,839,700
11.14871621131897,299,839,839,700
11.149717569351196,300,839,839,700
11.150716781616211,300,839,839,700
11.151715993881226,300,839,839,700
11.152714729309082,300,838,839,701
11.153716564178467,300,838,839,701
11.15471625328064,300,838,839,701
11.155715465545654,300,839,839,701
11.156715869903564,300,839,839,701
11.156715869903564,300,839,839,701
11.15871524810791,300,840,839,701
11.15871524810791,300,840,839,701
11.159716129302979,300,840,839,700
11.160717964172363,300,840,839,700
11.161587476730347,300,840,839,700
11.162778854370117,300,840,839,700
11.163848638534546,300,840,839,700
11.164792537689209,300,839,839,700
11.164792537689209,300,839,839,700
11.166250944137573,300,838,839,701
11.167258262634277,300,838,839,701
11.168258666992188,300,838,839,701
11.169259071350098,300,838,839,701
11.17026424407959,300,838,839,701
11.171260356903076,300,839,839,701
11.172260761260986,300,839,839,701
11.172260761260986,300,840,839,701
11.173261880874634,299,840,839,700
11.17426061630249,300,840,839,700
11.175262451171875,299,840,839,700
11.17626428604126,299,840,839,700
11.177263498306274,299,839,839,700
11.178264379501343,299,839,839,700
11.179265022277832,299,839,839,700
11.179265022277832,299,838,839,700
11.179265022277832,300,838,839,701
11.179265022277832,300,838,839,701
11.179265022277832,300,838,839,701
11.179265022277832,300,838,839,701
11.179265022277832,300,839,839,701
11.179265022277832,300,839,839,701
11.179265022277832,300,839,839,701
11.179265022277832,299,840,839,701
11.179265022277832,299,840,839,700
11.179265022277832,299,840,839,700
11.179265022277832,299,840,839,700
11.179265022277832,299,840,839,700
11.179265022277832,299,839,839,700
11.179265022277832,299,839,839,700
11.179265022277832,299,839,838,700
11.179265022277832,299,838,838,700
11.195092916488647,300,838,838,700
11.195092916488647,300,838,838,700
11.195092916488647,300,838,838,700
11.195092916488647,299,838,838,700
11.195092916488647,299,838,838,700
11.195092916488647,299,839,838,700
11.195092916488647,300,839,838,700
11.195092916488647,300,838,838,700
11.195092916488647,300,838,838,700
11.195092916488647,300,838,838,700
11.195092916488647,300,838,838,700
11.195092916488647,300,838,838,700
11.195092916488647,299,839,838,700
11.195092916488647,299,838,838,700
11.195092916488647,299,838,838,700
11.195092916488647,299,838,838,700
11.195092916488647,299,838,838,700
11.210798501968384,300,838,838,700
11.210798501968384,300,838,838,700
11.210798501968384,299,838,838,700
11.210798501968384,299,838,838,700
11.210798501968384,300,838,839,700
11.210798501968384,300,838,839,700
11.210798501968384,299,838,839,700
11.210798501968384,300,838,839,700
11.210798501968384,299,839,839,700
11.210798501968384,300,838,839,700
11.210798501968384,300,838,839,701
11.210798501968384,300,838,839,701
11.210798501968384,300,839,839,700
11.210798501968384,300,839,839,700
11.210798501968384,300,839,839,700
11.210798501968384,300,840,839,700
11.210798501968384,300,839,839,700
11.210798501968384,300,839,839,700
11.22649097442627,300,839,839,700
11.227899312973022,300,838,839,701
11.229336500167847,300,838,839,701
11.229591608047485,300,838,839,701
11.229591608047485,300,838,839,701
11.229591608047485,300,839,839,701
11.229591608047485,300,839,839,701
11.229591608047485,300,840,839,701
11.229591608047485,300,840,838,700
11.229591608047485,300,840,838,700
11.229591608047485,300,840,838,700
11.229591608047485,300,840,838,700
11.229591608047485,300,840,838,700
11.23863172531128,300,839,838,700
11.23863172531128,300,838,838,700
11.23863172531128,300,838,838,700
11.23863172531128,300,838,838,700
11.242156505584717,300,838,838,700
11.242156505584717,300,838,838,700
11.242156505584717,300,838,838,700
11.242156505584717,300,838,838,700
11.242156505584717,300,838,838,700
11.242156505584717,300,838,838,700
11.242156505584717,300,838,838,700
11.242156505584717,300,838,838,700
11.242156505584717,300,838,838,700
11.242156505584717,300,838,838,700
11.242156505584717,300,838,838,700
11.242156505584717,300,838,838,700
11.242156505584717,300,838,838,700
11.242156505584717,300,838,838,700
11.242156505584717,300,838,838,700
11.242156505584717,300,838,838,700
11.242156505584717,300,838,838,700
11.242156505584717,300,838,838,700
11.258010864257812,300,838,838,700
11.259379148483276,300,838,838,700
11.259379148483276,300,838,838,700
11.259379148483276,300,838,838,700
11.259379148483276,301,838,838,699
11.259379148483276,301,838,838,700
11.259379148483276,301,838,838,700
11.259379148483276,301,838,838,700
11.259379148483276,301,837,838,700
11.259379148483276,301,838,838,700
11.259379148483276,301,838,838,700
11.259379148483276,300,837,838,700
11.259379148483276,300,837,838,700
11.259379148483276,300,837,838,700
11.259379148483276,300,838,838,700
11.259379148483276,300,838,838,700
11.259379148483276,300,838,838,700
11.273671388626099,300,838,838,700
11.273671388626099,300,838,838,700
11.273671388626099,300,838,838,700
11.273671388626099,300,838,838,700
11.273671388626099,300,838,838,700
11.273671388626099,300,838,838,700
11.273671388626099,300,838,838,700
11.273671388626099,300,838,838,700
11.273671388626099,300,838,838,700
11.273671388626099,300,838,838,700
11.273671388626099,300,838,838,700
11.273671388626099,300,838,838,700
11.273671388626099,300,838,838,700
11.273671388626099,300,838,838,700
11.273671388626099,300,839,838,700
11.273671388626099,300,838,838,700
11.273671388626099,300,838,838,700
11.273671388626099,300,838,838,700
11.273671388626099,300,838,838,700
11.289703369140625,300,838,838,700
11.289703369140625,300,838,838,700
11.289703369140625,300,838,838,700
11.289703369140625,300,838,838,700
11.289703369140625,300,838,838,700
11.289703369140625,300,838,838,700
11.289703369140625,300,838,838,700
11.289703369140625,300,838,838,700
11.289703369140625,300,838,838,700
11.289703369140625,300,838,838,700
11.289703369140625,300,838,838,700
11.289703369140625,300,838,838,700
11.289703369140625,300,838,838,700
11.289703369140625,300,838,838,700
11.289703369140625,300,838,838,700
11.289703369140625,300,838,838,700
11.289703369140625,300,838,838,700
11.305392980575562,300,838,838,700
11.306702136993408,300,837,838,700
11.307621955871582,300,837,838,700
11.307621955871582,300,837,838,700
11.307621955871582,300,837,838,700
11.307621955871582,300,837,838,700
11.307621955871582,300,838,838,700
11.307621955871582,300,838,838,700
11.307621955871582,300,838,838,700
11.307621955871582,300,838,838,700
11.307621955871582,300,838,838,700
11.307621955871582,300,838,838,700
11.307621955871582,300,838,838,700
11.307621955871582,300,838,838,700
11.307621955871582,300,838,838,700
11.307621955871582,300,838,838,700
11.307621955871582,301,838,838,700
11.307621955871582,300,838,838,700
11.321332931518555,300,838,838,700
11.321332931518555,300,838,838,700
11.321332931518555,300,838,838,700
11.321332931518555,300,838,838,700
11.321332931518555,300,838,838,700
11.321332931518555,300,838,838,700
11.321332931518555,300,838,838,700
11.321332931518555,300,838,838,700
11.321332931518555,300,838,838,700
11.321332931518555,300,838,838,700
11.321332931518555,300,838,838,700
11.321332931518555,300,838,838,700
11.321332931518555,300,838,838,700
11.321332931518555,301,838,838,700
11.321332931518555,301,838,838,700
11.321332931518555,301,838,838,700
11.321332931518555,301,838,838,700
11.321332931518555,301,838,838,700
11.33701777458191,301,838,838,700
11.33701777458191,301,838,838,700
11.338538408279419,301,838,838,700
11.338538408279419,301,838,838,700
11.338538408279419,301,838,838,700
11.338538408279419,301,838,838,700
11.338538408279419,301,838,838,700
11.338538408279419,301,838,838,700
11.338538408279419,301,838,838,700
11.338538408279419,301,838,838,700
11.338538408279419,301,838,838,700
11.338538408279419,301,838,838,700
11.338538408279419,301,837,838,700
11.338538408279419,301,837,838,701
11.338538408279419,301,837,838,701
11.338538408279419,301,838,838,701
11.338538408279419,301,838,838,700
11.338538408279419,301,838,838,700
11.352672576904297,301,839,838,700
11.352672576904297,301,839,839,700
11.355295896530151,301,839,839,700
11.355295896530151,301,839,839,700
11.355295896530151,301,838,839,701
11.355295896530151,301,838,839,701
11.355295896530151,301,838,839,701
11.355295896530151,301,839,839,701
11.355295896530151,301,839,839,701
11.355295896530151,301,839,839,701
11.355295896530151,301,839,839,701
11.355295896530151,301,839,839,701
11.355295896530151,301,839,839,701
11.355295896530151,301,840,839,701
11.355295896530151,301,840,839,700
11.355295896530151,301,840,839,700
11.355295896530151,301,840,839,700
11.368789911270142,301,840,839,700
11.368789911270142,301,839,839,700
11.370171785354614,301,839,839,700
11.371471643447876,301,838,839,700
11.372228384017944,301,838,839,701
11.3732430934906,301,838,839,701
11.3732430934906,300,838,838,701
11.374238014221191,300,838,838,701
11.37523627281189,300,838,838,701
11.376239538192749,300,839,838,701
11.378240585327148,300,839,838,700
11.378240585327148,300,840,838,700
11.379130601882935,301,840,838,700
11.380147457122803,301,840,838,700
11.381144046783447,300,840,838,700
11.382148742675781,300,839,838,700
11.383143901824951,300,839,838,700
11.384144067764282,300,839,838,700
11.384144067764282,300,838,838,700
11.385144233703613,300,837,838,700
11.386144161224365,300,837,838,700
11.387145280838013,300,837,838,700
11.38879942893982,300,837,838,700
11.389069318771362,300,837,838,700
11.390078783035278,300,838,838,700
11.391082525253296,300,837,838,700
11.392082691192627,299,838,838,700
11.393082618713379,299,838,838,700
11.39407992362976,299,838,838,700
11.39508605003357,299,838,838,700
11.39508605003357,299,838,838,700
11.39508605003357,299,838,838,700
11.39508605003357,299,838,838,700
11.39508605003357,299,838,838,700
11.39508605003357,299,838,838,700
11.39508605003357,300,838,838,700
11.39508605003357,300,838,838,700
11.39508605003357,300,838,838,700
11.39508605003357,300,838,838,700
11.39508605003357,300,838,838,700
11.39508605003357,300,838,838,700
11.39508605003357,300,838,838,700
11.39508605003357,300,838,838,700
11.39508605003357,300,838,838,700
11.39508605003357,300,838,838,700
11.39508605003357,300,838,838,700
11.39508605003357,300,838,838,700
11.41080093383789,300,838,838,700
11.41080093383789,300,838,838,700
11.412927150726318,300,838,838,700
11.413485527038574,300,838,838,700
11.413485527038574,300,838,840,701
11.413485527038574,300,838,840,701
11.413485527038574,300,838,840,701
11.413485527038574,300,839,840,701
11.413485527038574,300,839,840,701
11.413485527038574,300,839,840,701
11.413485527038574,300,840,840,701
11.413485527038574,300,840,840,701
11.413485527038574,300,840,840,701
11.413485527038574,300,840,840,701
11.413485527038574,300,840,840,701
11.413485527038574,301,840,840,701
11.413485527038574,301,840,840,701
11.413485527038574,301,840,840,701
11.426722764968872,301,840,840,701
11.42809271812439,300,840,840,701
11.42809271812439,300,840,840,701
11.42809271812439,300,840,840,701
11.42809271812439,300,840,840,701
11.42809271812439,300,840,840,701
11.42809271812439,300,840,840,701
11.42809271812439,300,840,840,701
11.42809271812439,300,840,837,700
11.42809271812439,300,840,837,700
11.42809271812439,301,840,837,700
11.42809271812439,301,840,837,700
11.42809271812439,301,839,837,700
11.43851089477539,301,839,837,699
11.43851089477539,301,839,837,699
11.43851089477539,300,838,837,699
11.43851089477539,300,838,837,699
11.43851089477539,300,837,837,699
11.442595720291138,301,837,837,699
11.442595720291138,301,836,837,700
11.442595720291138,301,836,837,700
11.442595720291138,301,836,837,700
11.442595720291138,301,836,837,700
11.442595720291138,301,837,837,700
11.442595720291138,301,837,837,700
11.442595720291138,301,837,837,700
11.442595720291138,301,837,837,700
11.442595720291138,301,838,837,700
11.442595720291138,301,838,837,700
11.442595720291138,301,838,837,700
11.442595720291138,301,838,841,700
11.442595720291138,301,838,841,701
11.442595720291138,301,838,841,701
11.442595720291138,301,838,841,701
11.442595720291138,301,838,841,701
11.458269357681274,301,838,841,702
11.458269357681274,301,838,841,702
11.458269357681274,301,839,841,702
11.458269357681274,301,840,841,702
11.458269357681274,301,840,841,702
11.458269357681274,301,841,841,702
11.458269357681274,302,841,841,702
11.458269357681274,302,841,841,702
11.458269357681274,301,841,841,702
11.458269357681274,301,841,841,702
11.458269357681274,301,841,841,702
11.458269357681274,301,841,841,702
11.458269357681274,301,841,841,702
11.458269357681274,301,841,841,702
11.458269357681274,301,841,841,702
11.458269357681274,301,841,841,702
11.458269357681274,301,842,841,701
11.474000215530396,301,842,837,700
11.474000215530396,300,842,837,700
11.474000215530396,300,842,837,700
11.474000215530396,300,841,837,699
11.474000215530396,300,840,837,699
11.474000215530396,300,839,837,699
11.474000215530396,300,838,837,699
11.474000215530396,300,838,837,699
11.474000215530396,300,837,837,699
11.474000215530396,300,836,837,699
11.474000215530396,300,836,837,700
11.474000215530396,300,836,837,700
11.474000215530396,300,836,837,700
11.474000215530396,300,836,837,700
11.474000215530396,300,836,837,700
11.474000215530396,300,837,837,700
11.474000215530396,300,837,837,700
11.48979139328003,300,838,837,700
11.48979139328003,300,838,837,700
11.48979139328003,300,838,837,699
11.48979139328003,300,838,837,699
11.48979139328003,300,838,837,699
11.48979139328003,300,838,840,700
11.48979139328003,300,837,840,700
11.48979139328003,300,837,840,701
11.48979139328003,300,837,840,701
11.48979139328003,300,837,840,701
11.48979139328003,300,837,840,701
11.48979139328003,300,838,840,701
11.48979139328003,300,839,840,701
11.48979139328003,300,839,840,701
11.48979139328003,300,840,840,701
11.48979139328003,300,840,840,701
11.48979139328003,300,840,840,701
11.48979139328003,300,840,840,701
11.505765676498413,300,840,840,701
11.505765676498413,300,840,840,701
11.505765676498413,300,840,840,701
11.505765676498413,299,839,840,701
11.505765676498413,299,840,840,701
11.505765676498413,299,840,840,701
11.505765676498413,299,840,840,701
11.505765676498413,299,840,840,701
11.505765676498413,300,840,840,701
11.505765676498413,300,840,838,701
11.505765676498413,300,840,838,700
11.505765676498413,300,840,838,700
11.505765676498413,300,840,838,700
11.505765676498413,300,840,838,700
11.505765676498413,300,840,838,700
11.505765676498413,300,839,838,700
11.520334005355835,300,839,838,700
11.520334005355835,300,838,838,700
11.521845817565918,300,838,838,700
11.521845817565918,300,838,838,700
11.521845817565918,300,838,838,700
11.521845817565918,300,838,838,700
11.521845817565918,300,838,838,700
11.521845817565918,300,838,838,700
11.521845817565918,300,838,838,700
11.521845817565918,300,838,838,700
11.521845817565918,300,838,838,700
11.521845817565918,300,838,838,700
11.521845817565918,300,838,838,700
11.521845817565918,300,838,838,700
11.521845817565918,300,838,838,700
11.521845817565918,300,838,840,700
11.521845817565918,300,838,840,701
11.521845817565918,300,838,840,701
11.521845817565918,300,838,840,701
11.537729024887085,300,838,840,701
11.538760423660278,300,839,840,701
11.539041519165039,300,839,840,701
11.539041519165039,300,840,840,701
11.539041519165039,300,840,840,701
11.539041519165039,300,840,840,701
11.539041519165039,300,840,840,701
11.539041519165039,300,841,840,701
11.539041519165039,301,840,840,701
11.539041519165039,301,840,840,701
11.539041519165039,301,840,840,701
11.539041519165039,301,840,840,701
11.539041519165039,301,839,840,701
11.539041519165039,301,839,840,701
11.539041519165039,301,839,840,701
11.539041519165039,301,839,840,701
11.539041519165039,301,839,840,701
11.539041519165039,301,839,840,702
11.553400754928589,301,840,840,702
11.553400754928589,301,840,838,701
11.553400754928589,301,840,838,701
11.553400754928589,301,841,838,701
11.553400754928589,301,841,838,700
11.553400754928589,301,840,838,700
11.553400754928589,301,840,838,700
11.553400754928589,301,840,838,700
11.553400754928589,301,839,838,700
11.553400754928589,301,839,838,700
11.553400754928589,301,838,838,700
11.553400754928589,301,838,838,700
11.553400754928589,301,838,838,700
11.553400754928589,301,837,838,700
11.553400754928589,301,838,838,700
11.553400754928589,301,838,838,700
11.553400754928589,301,838,838,700
11.569249868392944,300,838,838,700
11.569249868392944,300,838,838,700
11.569249868392944,300,838,838,700
11.569249868392944,300,838,838,700
11.569249868392944,301,838,838,700
11.569249868392944,301,838,838,700
11.569249868392944,301,838,840,701
11.569249868392944,300,838,840,701
11.569249868392944,300,838,840,701
11.569249868392944,300,838,840,701
11.569249868392944,300,838,840,701
11.569249868392944,300,839,840,701
11.569249868392944,300,839,840,701
11.569249868392944,301,840,840,701
11.569249868392944,300,840,840,701
11.569249868392944,300,840,840,701
11.569249868392944,300,840,840,701
11.58495044708252,300,840,840,701
11.58495044708252,300,840,840,701
11.58495044708252,301,840,840,701
11.58495044708252,300,839,840,701
11.58495044708252,300,839,840,701
11.58495044708252,300,839,840,701
11.58495044708252,300,839,840,701
11.58495044708252,300,839,840,702
11.58495044708252,300,840,840,701
11.58495044708252,300,840,840,701
11.58495044708252,300,840,840,701
11.58495044708252,300,840,838,701
11.58495044708252,300,840,838,701
11.58495044708252,300,840,838,700
11.58495044708252,300,840,838,700
11.58495044708252,300,840,838,700
11.58495044708252,300,840,838,700
11.58495044708252,300,839,838,700
11.600786447525024,300,839,838,700
11.60197377204895,300,838,838,700
11.602499723434448,299,838,838,700
11.602499723434448,299,837,838,700
11.602499723434448,299,838,838,700
11.602499723434448,299,838,838,700
11.602499723434448,299,838,838,700
11.602499723434448,299,838,838,700
11.602499723434448,299,838,838,700
11.602499723434448,300,838,838,700
11.602499723434448,300,838,838,700
11.602499723434448,300,838,838,700
11.602499723434448,300,838,838,700
11.602499723434448,300,838,838,700
11.602499723434448,300,838,838,700
11.602499723434448,300,838,840,701
11.602499723434448,300,838,840,701
11.602499723434448,300,838,840,701
11.61678433418274,300,838,840,701
11.61678433418274,300,839,840,701
11.61678433418274,300,839,840,701
11.61678433418274,300,839,840,701
11.61678433418274,300,840,840,701
11.61678433418274,300,840,840,701
11.61678433418274,300,840,840,701
11.61678433418274,300,840,840,701
11.61678433418274,300,840,840,701
11.61678433418274,300,840,840,701
11.61678433418274,300,840,840,701
11.61678433418274,300,840,840,701
11.61678433418274,300,840,840,701
11.61678433418274,300,840,840,701
11.61678433418274,300,839,840,701
11.61678433418274,299,839,840,701
11.61678433418274,299,839,840,701
11.632501602172852,299,839,840,702
11.632501602172852,299,840,840,702
11.632501602172852,299,840,837,701
11.632501602172852,300,841,837,700
11.632501602172852,300,841,837,700
11.632501602172852,300,841,837,700
11.632501602172852,300,840,837,700
11.638478994369507,300,840,837,699
11.638478994369507,300,839,837,699
11.638478994369507,300,839,837,699
11.638478994369507,300,838,837,699
11.638478994369507,300,838,837,699
11.638478994369507,300,837,837,699
11.638478994369507,300,837,837,699
11.638478994369507,300,836,837,700
11.638478994369507,300,836,837,700
11.638478994369507,300,836,837,700
11.648252010345459,300,836,837,700
11.648252010345459,300,837,837,700
11.648252010345459,300,837,837,700
11.648252010345459,300,837,837,700
11.648252010345459,300,838,837,700
11.648252010345459,300,838,837,699
11.648252010345459,300,838,837,699
11.648252010345459,300,838,841,700
11.648252010345459,301,837,841,700
11.648252010345459,301,837,841,701
11.648252010345459,301,837,841,701
11.648252010345459,301,837,841,702
11.648252010345459,301,837,841,702
11.648252010345459,301,838,841,702
11.648252010345459,301,838,841,702
11.648252010345459,301,840,841,702
11.648252010345459,301,840,841,702
11.648252010345459,301,841,841,702
11.663966655731201,301,842,841,702
11.66507887840271,301,842,841,702
11.6664559841156,301,842,841,702
11.667218685150146,301,842,841,701
11.667218685150146,301,841,841,701
11.667218685150146,301,841,841,702
11.667218685150146,301,841,841,702
11.667218685150146,301,841,841,702
11.667218685150146,301,841,841,702
11.667218685150146,301,841,841,702
11.667218685150146,301,841,841,702
11.667218685150146,301,841,837,701
11.667218685150146,301,841,837,700
11.667218685150146,301,842,837,700
11.667218685150146,301,841,837,699
11.667218685150146,301,841,837,699
11.678622961044312,301,840,837,699
11.679722547531128,301,839,837,699
11.680739164352417,301,838,837,699
11.68174433708191,300,837,837,699
11.68274712562561,301,836,837,699
11.683733463287354,301,836,837,699
11.683733463287354,301,836,837,700
11.684733152389526,301,836,837,700
11.6857328414917,300,836,837,700
11.686731338500977,300,836,837,700
11.687734842300415,300,837,837,700
11.688734292984009,300,837,837,700
11.68973445892334,300,837,837,700
11.690732955932617,301,838,837,700
11.691735029220581,301,838,837,699
11.692735433578491,300,838,837,699
11.693733215332031,300,838,837,699
11.694738626480103,300,838,840,700
11.695537805557251,300,837,840,700
11.695974111557007,300,837,840,701
11.697482585906982,300,836,840,701
11.698054790496826,300,837,840,701
11.699066162109375,300,837,840,701
11.700066089630127,300,838,840,701
11.701068878173828,300,839,840,702
11.702068328857422,300,839,840,702
11.702068328857422,300,840,840,701
11.703067064285278,300,841,840,701
11.704065799713135,300,841,840,701
11.705069303512573,300,840,840,701
11.706067562103271,300,841,840,701
11.70706844329834,300,840,840,701
11.708072185516357,300,840,840,701
11.709068536758423,300,840,840,701
11.710068464279175,300,839,840,701
11.711070537567139,300,839,840,701
11.712071418762207,300,839,840,701
11.712071418762207,300,839,840,701
11.712071418762207,300,839,840,701
11.712071418762207,300,840,838,701
11.712071418762207,300,840,838,701
11.712071418762207,300,840,838,700
11.712071418762207,300,840,838,700
11.712071418762207,300,840,838,700
11.712071418762207,300,840,838,700
11.712071418762207,300,839,838,700
11.712071418762207,300,839,838,700
11.712071418762207,300,839,838,700
11.712071418762207,300,838,838,700
11.712071418762207,300,838,838,700
11.712071418762207,300,838,838,700
11.712071418762207,300,838,838,700
11.712071418762207,300,838,838,700
11.712071418762207,299,838,838,700
11.727785348892212,299,838,838,700
11.727785348892212,299,838,838,700
11.729452848434448,299,838,838,700
11.729452848434448,299,838,838,700
11.729452848434448,300,838,838,700
11.729452848434448,300,838,838,700
11.729452848434448,300,838,838,700
11.729452848434448,300,838,840,701
11.729452848434448,300,838,840,701
11.729452848434448,300,838,840,701
11.729452848434448,300,838,840,701
11.729452848434448,300,838,840,701
11.738545894622803,300,839,840,701
11.738545894622803,300,839,840,701
11.738545894622803,300,840,840,701
11.738545894622803,300,840,840,701
11.738545894622803,300,840,840,701
11.74342393875122,300,840,840,701
11.74342393875122,300,840,840,701
11.74560284614563,300,840,840,701
11.746196269989014,300,840,840,701
11.746461629867554,300,840,840,701
11.746461629867554,300,839,840,701
11.746461629867554,300,839,840,701
11.746461629867554,300,840,840,701
11.746461629867554,299,840,840,701
11.746461629867554,299,840,840,701
11.746461629867554,299,840,840,701
11.746461629867554,299,841,840,701
11.746461629867554,299,840,837,700
11.746461629867554,300,840,837,700
11.746461629867554,300,840,837,700
11.746461629867554,300,840,837,700
11.746461629867554,300,840,837,699
11.759078741073608,300,840,837,699
11.759078741073608,300,839,837,699
11.759078741073608,300,839,837,699
11.759078741073608,300,838,837,699
11.759078741073608,300,838,837,699
11.759078741073608,300,837,837,699
11.759078741073608,300,836,837,699
11.759078741073608,300,836,837,699
11.759078741073608,300,836,837,700
11.759078741073608,300,836,837,700
11.759078741073608,300,836,837,700
11.759078741073608,300,836,837,700
11.759078741073608,300,837,837,700
11.759078741073608,300,837,837,700
11.759078741073608,300,838,837,700
11.759078741073608,300,838,837,699
11.759078741073608,300,838,837,699
11.759078741073608,300,838,841,700
11.775124311447144,300,838,841,700
11.776420831680298,300,838,841,701
11.77673053741455,300,838,841,701
11.77673053741455,300,838,841,701
11.77673053741455,300,838,841,701
11.77673053741455,300,838,841,701
11.77673053741455,300,839,841,702
11.77673053741455,301,839,841,702
11.77673053741455,301,840,841,702
11.77673053741455,301,841,841,702
11.77673053741455,301,842,841,701
11.77673053741455,301,842,841,701
11.77673053741455,301,842,841,701
11.77673053741455,301,842,841,701
11.77673053741455,300,841,841,701
11.77673053741455,300,841,841,701
11.77673053741455,300,841,841,701
11.790857553482056,300,840,841,701
11.790857553482056,300,840,841,701
11.79287600517273,300,840,841,702
11.793800115585327,300,840,841,702
11.793800115585327,300,840,837,701
11.795183181762695,300,841,837,700
11.795183181762695,300,841,837,700
11.795183181762695,300,841,837,700
11.795183181762695,300,841,837,699
11.795183181762695,300,840,837,699
11.795183181762695,300,840,837,699
11.795183181762695,300,839,837,699
11.795183181762695,300,838,837,699
11.795183181762695,300,837,837,699
11.795183181762695,300,837,837,699
11.795183181762695,300,836,837,699
11.795183181762695,300,836,837,700
11.795183181762695,300,836,837,700
11.806564569473267,300,836,837,700
11.806564569473267,300,837,837,700
11.806564569473267,300,837,837,700
11.806564569473267,299,837,837,700
11.806564569473267,299,837,837,700
11.806564569473267,299,838,837,700
11.806564569473267,299,838,837,699
11.806564569473267,299,838,837,699
11.806564569473267,299,838,841,700
11.806564569473267,299,838,841,700
11.806564569473267,299,837,841,701
11.806564569473267,299,837,841,701
11.806564569473267,299,837,841,701
11.806564569473267,299,837,841,702
11.806564569473267,299,838,841,702
11.806564569473267,300,839,841,702
11.806564569473267,300,840,841,702
11.822268962860107,300,841,841,702
11.822268962860107,300,841,841,702
11.822268962860107,300,842,841,701
11.822268962860107,300,842,841,701
11.822268962860107,300,842,841,701
11.822268962860107,300,842,841,701
11.822268962860107,300,841,841,701
11.822268962860107,300,841,841,701
11.822268962860107,300,840,841,701
11.822268962860107,300,840,841,702
11.822268962860107,299,840,841,702
11.822268962860107,299,840,841,702
11.822268962860107,299,840,841,702
11.822268962860107,299,841,837,701
11.822268962860107,299,841,837,700
11.822268962860107,299,842,837,700
11.822268962860107,299,842,837,699
11.838348627090454,299,841,837,699
11.839128255844116,299,841,837,699
11.839128255844116,299,839,837,699
11.839128255844116,299,838,837,699
11.839128255844116,299,837,837,699
11.839128255844116,299,837,837,699
11.839128255844116,299,836,837,699
11.839128255844116,299,836,837,699
11.839128255844116,299,836,837,699
11.839128255844116,299,836,837,700
11.839128255844116,299,836,837,700
11.839128255844116,299,836,837,700
11.839128255844116,299,837,837,700
11.839128255844116,299,837,837,700
11.839128255844116,299,837,837,700
11.839128255844116,299,838,837,700
11.839128255844116,299,838,837,699
11.853831052780151,299,838,837,699
11.853831052780151,299,838,840,700
11.853831052780151,299,838,840,700
11.855973720550537,299,838,840,700
11.855973720550537,300,837,840,701
11.857988119125366,300,837,840,701
11.857988119125366,300,837,840,701
11.859998226165771,300,838,840,701
11.859998226165771,300,839,840,701
11.859998226165771,300,839,840,701
11.859998226165771,300,840,840,701
11.859998226165771,300,840,840,701
11.859998226165771,300,840,840,701
11.859998226165771,300,840,840,701
11.859998226165771,300,840,840,701
11.859998226165771,300,840,840,701
11.859998226165771,300,840,840,701
11.859998226165771,300,840,840,701
11.869672775268555,300,840,840,701
11.871190071105957,300,839,840,701
11.872335433959961,300,839,840,701
11.872335433959961,300,839,840,701
11.873354434967041,300,840,840,702
11.874356746673584,300,840,837,701
11.875357627868652,300,841,837,700
11.876431703567505,300,841,837,700
11.877410411834717,300,841,837,700
11.878316164016724,300,840,837,699
11.879563093185425,300,840,837,699
11.879563093185425,300,839,837,699
11.880519151687622,300,838,837,699
11.881516218185425,300,838,837,699
11.88251256942749,300,837,837,699
11.883512735366821,300,837,837,699
11.884514808654785,300,836,837,699
11.885514259338379,300,836,837,700
11.88651418685913,300,836,837,700
11.887515306472778,301,836,837,700
11.888658285140991,300,837,837,700
11.889496564865112,300,837,837,700
11.890325546264648,300,837,837,700
11.891342163085938,300,838,837,700
11.891342163085938,300,838,837,700
11.893342018127441,300,838,837,699
11.893342018127441,300,838,837,699
11.895081996917725,300,838,840,700
11.895081996917725,300,838,840,700
11.895081996917725,301,837,840,700
11.895081996917725,301,837,840,701
11.895081996917725,300,837,840,701
11.895081996917725,300,838,840,701
11.895081996917725,300,838,840,701
11.895081996917725,300,839,840,701
11.895081996917725,300,839,840,701
11.895081996917725,301,839,840,701
11.895081996917725,301,840,840,701
11.895081996917725,301,840,840,701
11.895081996917725,301,840,840,701
11.895081996917725,301,840,840,701
11.895081996917725,301,840,840,701
11.895081996917725,300,840,840,701
11.895081996917725,300,840,840,701
11.910202264785767,300,840,840,701
11.911076068878174,300,840,840,701
11.912374019622803,300,840,840,701
11.913176536560059,300,840,840,701
11.913176536560059,300,840,840,701
11.913176536560059,300,840,837,700
11.913176536560059,300,840,837,700
11.913176536560059,300,840,837,700
11.913176536560059,300,840,837,700
11.913176536560059,300,839,837,700
11.913176536560059,300,839,837,699
11.913176536560059,300,838,837,699
11.913176536560059,300,838,837,699
11.913176536560059,300,838,837,699
11.913176536560059,300,838,837,699
11.913176536560059,300,837,837,699
11.913176536560059,300,837,837,699
11.913176536560059,300,837,837,699
11.926237344741821,300,836,837,700
11.926237344741821,300,836,837,700
11.926237344741821,300,836,837,700
11.926237344741821,300,836,837,700
11.926237344741821,300,837,837,700
11.926237344741821,300,837,837,700
11.926237344741821,300,838,837,700
11.926237344741821,299,838,837,699
11.926237344741821,299,838,837,699
11.926237344741821,299,838,839,700
11.926237344741821,299,838,839,700
11.926237344741821,299,837,839,700
11.926237344741821,299,837,839,700
11.926237344741821,299,837,839,700
11.938942432403564,299,837,839,701
11.938942432403564,300,838,839,701
11.938942432403564,300,838,839,701
11.941996574401855,300,838,839,701
11.941996574401855,300,839,839,701
11.941996574401855,300,839,839,701
11.941996574401855,300,840,839,700
11.941996574401855,300,840,839,700
11.941996574401855,300,840,839,700
11.941996574401855,300,840,839,700
11.941996574401855,300,839,839,700
11.941996574401855,300,839,839,700
11.941996574401855,300,839,839,700
11.941996574401855,299,838,839,700
11.941996574401855,299,838,839,701
11.941996574401855,299,838,839,701
11.941996574401855,299,838,839,701
11.941996574401855,299,839,838,701
11.941996574401855,300,839,838,700
11.941996574401855,300,840,838,700
11.941996574401855,300,840,838,700
11.958106279373169,300,840,838,700
11.958106279373169,300,839,838,700
11.958106279373169,300,839,838,700
11.958106279373169,300,839,838,700
11.958106279373169,300,839,838,699
11.958106279373169,300,838,838,699
11.958106279373169,300,838,838,700
11.958106279373169,300,838,838,700
11.958106279373169,300,838,838,700
11.958106279373169,300,838,838,700
11.958106279373169,300,838,838,700
11.958106279373169,300,838,838,700
11.958106279373169,300,838,838,700
11.958106279373169,300,838,838,700
11.958106279373169,299,838,838,700
11.958106279373169,299,838,838,700
11.958106279373169,300,838,838,700
11.958106279373169,300,838,838,700
11.974193572998047,300,838,840,700
11.97573971748352,300,838,840,700
11.97606348991394,300,838,840,700
11.97606348991394,300,838,840,701
11.97606348991394,300,838,840,701
11.97606348991394,300,838,840,701
11.97606348991394,300,839,840,701
11.97606348991394,300,839,840,701
11.97606348991394,300,839,840,701
11.97606348991394,300,839,840,701
11.97606348991394,300,840,840,701
11.97606348991394,301,840,840,701
11.97606348991394,301,841,840,701
11.97606348991394,301,841,840,701
11.97606348991394,301,841,840,701
11.97606348991394,301,840,840,701
11.97606348991394,301,840,840,701
11.97606348991394,301,840,840,701
11.99027419090271,301,840,840,701
11.99027419090271,301,840,840,701
11.99027419090271,300,840,840,701
11.99027419090271,300,840,840,701
11.99027419090271,300,839,837,700
11.99027419090271,300,840,837,700
11.99027419090271,300,840,837,700
11.99027419090271,300,840,837,699
11.99027419090271,300,840,837,699
11.99027419090271,300,840,837,699
11.99027419090271,300,839,837,699
11.99027419090271,300,838,837,699
11.99027419090271,300,838,837,699
11.99027419090271,300,837,837,699
11.99027419090271,300,836,837,699
11.99027419090271,300,836,837,699
11.99027419090271,300,836,837,699
12.00602102279663,300,836,837,699
12.00602102279663,300,836,837,699
12.00602102279663,300,836,837,700
12.00602102279663,300,836,837,700
12.00602102279663,300,836,837,700
12.00602102279663,300,836,837,700
12.00602102279663,300,837,837,700
12.00602102279663,300,837,837,700
12.00602102279663,300,838,837,700
12.00602102279663,300,838,840,700
12.00602102279663,300,838,840,700
12.00602102279663,300,838,840,700
12.00602102279663,300,838,840,700
12.00602102279663,300,838,840,701
12.00602102279663,300,838,840,701
12.00602102279663,301,838,840,701
12.00602102279663,300,838,840,701
12.00602102279663,300,839,840,701
12.022146463394165,300,839,840,701
12.023526906967163,300,840,840,701
12.02439832687378,300,840,840,701
12.02439832687378,300,840,840,701
12.02439832687378,300,840,840,701
12.02439832687378,300,840,840,701
12.02439832687378,300,840,840,701
12.02439832687378,300,840,840,701
12.02439832687378,300,840,840,701
12.02439832687378,300,840,840,701
12.02439832687378,300,840,840,701
12.02439832687378,300,840,840,701
12.02439832687378,300,840,840,701
12.02439832687378,300,840,840,701
12.02439832687378,300,840,837,700
12.02439832687378,300,840,837,700
12.02439832687378,300,840,837,700
12.02439832687378,300,840,837,699
12.038253784179688,300,839,837,699
12.039268255233765,300,839,837,699
12.039268255233765,300,838,837,699
12.039268255233765,300,838,837,699
12.039268255233765,300,837,837,699
12.039268255233765,300,837,837,699
12.039268255233765,300,836,837,699
12.039268255233765,300,836,837,700
12.039268255233765,300,836,837,700
12.039268255233765,300,836,837,700
12.039268255233765,300,837,837,700
12.039268255233765,300,837,837,700
12.039268255233765,300,837,837,700
12.039268255233765,300,838,837,700
12.039268255233765,299,838,837,699
12.039268255233765,299,838,837,699
12.039268255233765,299,838,837,699
12.054497241973877,299,838,837,699
12.055214405059814,299,838,839,700
12.055214405059814,299,837,839,700
12.055214405059814,300,837,839,700
12.055214405059814,300,837,839,700
12.055214405059814,300,837,839,700
12.055214405059814,300,837,839,701
12.055214405059814,300,838,839,700
12.055214405059814,300,838,839,701
12.055214405059814,300,838,839,701
12.055214405059814,300,839,839,700
12.055214405059814,300,839,839,700
12.055214405059814,300,839,839,700
12.055214405059814,300,839,839,700
12.055214405059814,300,840,839,700
12.055214405059814,300,839,839,700
12.055214405059814,300,839,839,700
12.069679260253906,300,838,839,701
12.069679260253906,300,838,839,701
12.069679260253906,300,837,839,701
12.069679260253906,300,838,839,701
12.069679260253906,300,838,839,701
12.069679260253906,300,839,839,701
12.069679260253906,300,839,838,700
12.069679260253906,300,840,838,700
12.069679260253906,300,840,838,700
12.069679260253906,300,840,838,700
12.069679260253906,300,840,838,700
12.069679260253906,300,839,838,700
12.069679260253906,300,839,838,700
12.069679260253906,300,838,838,700
12.069679260253906,300,838,838,700
12.069679260253906,300,838,838,700
12.069679260253906,301,838,838,700
12.069679260253906,301,838,838,700
12.085351705551147,301,838,838,700
12.086402416229248,301,838,838,700
12.086402416229248,300,838,838,700
12.086402416229248,300,838,838,700
12.086402416229248,300,838,838,700
12.086402416229248,300,839,838,700
12.086402416229248,300,839,838,699
12.086402416229248,300,838,838,700
12.086402416229248,300,838,838,700
12.086402416229248,300,838,838,700
12.086402416229248,300,838,838,700
12.086402416229248,300,838,838,700
12.086402416229248,300,838,838,700
12.086402416229248,300,838,838,700
12.086402416229248,300,838,838,700
12.086402416229248,300,838,838,700
12.086402416229248,300,838,838,700
12.101014852523804,300,838,838,700
12.101014852523804,300,838,838,700
12.101014852523804,300,838,838,700
12.101014852523804,301,838,838,700
12.101014852523804,301,838,838,700
12.101014852523804,301,838,838,700
12.101014852523804,301,838,838,700
12.101014852523804,301,838,838,700
12.101014852523804,301,838,838,700
12.101014852523804,301,838,838,700
12.101014852523804,301,838,838,700
12.101014852523804,300,838,838,700
12.101014852523804,300,838,838,700
12.101014852523804,300,838,838,700
12.101014852523804,300,838,838,700
12.101014852523804,300,838,838,700
12.101014852523804,300,839,838,700
12.101014852523804,300,839,838,700
12.116657972335815,300,838,838,699
12.118182182312012,300,838,838,700
12.118406057357788,300,838,838,700
12.118406057357788,300,837,838,700
12.118406057357788,300,837,838,700
12.118406057357788,300,838,838,700
12.118406057357788,300,838,838,700
12.118406057357788,300,838,838,700
12.118406057357788,300,838,838,700
12.118406057357788,300,838,838,700
12.118406057357788,300,838,838,700
12.118406057357788,300,838,838,700
12.118406057357788,300,838,838,700
12.118406057357788,300,838,838,700
12.118406057357788,300,838,838,700
12.118406057357788,300,838,838,700
12.118406057357788,300,838,838,700
12.132477760314941,300,838,838,700
12.132477760314941,300,838,838,700
12.132477760314941,300,839,838,700
12.132477760314941,300,838,838,699
12.132477760314941,300,838,838,700
12.132477760314941,300,838,838,700
12.132477760314941,300,838,838,700
12.132477760314941,300,837,838,700
12.132477760314941,300,838,838,700
12.139609336853027,300,838,838,700
12.139609336853027,300,838,838,700
12.139609336853027,300,838,838,700
12.139609336853027,300,838,838,700
12.139609336853027,300,838,838,700
12.139609336853027,300,838,838,700
12.139609336853027,300,839,838,700
12.139609336853027,300,839,838,699
12.139609336853027,300,839,838,699
12.148324966430664,300,838,838,699
12.149104833602905,300,838,838,699
12.149104833602905,300,837,838,699
12.149104833602905,300,837,838,700
12.149104833602905,300,837,838,700
12.149104833602905,300,836,838,700
12.149104833602905,300,836,838,700
12.149104833602905,300,836,838,700
12.149104833602905,300,837,838,700
12.149104833602905,300,838,838,700
12.149104833602905,300,838,838,700
12.149104833602905,300,839,838,700
12.149104833602905,300,839,838,700
12.149104833602905,300,839,838,700
12.149104833602905,300,838,838,700
12.149104833602905,300,838,838,700
12.149104833602905,300,838,838,700
12.149104833602905,300,838,838,700
12.164167404174805,300,838,838,700
12.164167404174805,300,838,838,700
12.164167404174805,300,838,838,700
12.164167404174805,300,838,838,700
12.164167404174805,300,838,838,700
12.164167404174805,300,838,838,700
12.164167404174805,300,838,838,700
12.164167404174805,300,838,838,700
12.164167404174805,300,838,838,700
12.164167404174805,300,838,838,700
12.164167404174805,300,838,838,700
12.164167404174805,300,838,838,700
12.164167404174805,300,838,838,700
12.164167404174805,300,838,838,700
12.164167404174805,300,838,838,700
12.164167404174805,300,838,838,700
12.164167404174805,300,838,838,700
12.179819107055664,300,838,838,700
12.179819107055664,300,838,838,700
12.180875778198242,300,838,838,700
12.180875778198242,300,838,838,700
12.180875778198242,300,838,838,700
12.180875778198242,300,838,838,700
12.180875778198242,300,838,838,700
12.180875778198242,300,838,838,700
12.180875778198242,300,838,838,700
12.180875778198242,300,838,838,700
12.180875778198242,300,838,838,700
12.180875778198242,300,838,838,700
12.180875778198242,300,838,838,700
12.180875778198242,300,838,838,700
12.180875778198242,300,838,838,700
12.180875778198242,300,838,838,700
12.180875778198242,300,838,838,700
12.180875778198242,300,838,838,700
12.195704936981201,300,838,838,700
12.197096586227417,300,838,838,700
12.197096586227417,300,839,838,700
12.197606086730957,300,839,838,700
12.197606086730957,300,839,838,700
12.197606086730957,300,838,838,700
12.197606086730957,300,838,838,700
12.197606086730957,300,838,838,700
12.197606086730957,300,838,838,700
12.197606086730957,300,838,838,700
12.197606086730957,301,838,838,700
12.197606086730957,301,837,838,700
12.197606086730957,301,838,838,700
12.197606086730957,300,838,838,700
12.197606086730957,300,838,838,700
12.197606086730957,300,838,838,700
12.197606086730957,300,838,838,700
12.197606086730957,301,838,838,700
12.211679220199585,301,838,838,700
12.21237063407898,300,838,838,700
12.213412046432495,300,838,838,700
12.213855981826782,300,838,838,700
12.214868068695068,300,838,838,700
12.215864896774292,300,838,838,700
12.216865062713623,300,838,838,700
12.216865062713623,300,838,838,700
12.217865228652954,300,837,838,700
12.218864917755127,300,838,838,700
12.219863891601562,301,838,838,700
12.220865964889526,301,838,838,700
12.221866846084595,301,838,838,700
12.222867012023926,301,838,838,700
12.222867012023926,301,838,838,700
12.224864721298218,301,838,838,700
12.224864721298218,301,838,838,700
12.22587537765503,301,838,838,700
12.226873397827148,301,838,838,700
12.227876901626587,301,838,838,700
12.229399919509888,301,838,838,700
12.230527400970459,301,838,838,700
12.230527400970459,301,837,838,700
12.23152232170105,301,837,838,700
12.233253002166748,301,837,838,700
12.233253002166748,301,837,838,700
12.234265089035034,301,837,839,701
12.23526406288147,301,837,839,701
12.236263990402222,301,838,839,701
12.237264633178711,300,838,839,701
12.238264799118042,300,839,839,701
12.239775657653809,300,839,839,701
12.239775657653809,300,839,839,701
12.240787744522095,300,840,839,701
12.241790056228638,301,840,839,700
12.242789268493652,301,840,839,700
12.243789911270142,301,840,839,700
12.244791507720947,301,840,839,700
12.245793342590332,301,839,839,700
12.245793342590332,301,839,839,700
12.245793342590332,301,838,839,700
12.245793342590332,301,838,839,700
12.245793342590332,301,838,839,700
12.245793342590332,301,838,839,700
12.245793342590332,301,838,839,701
12.245793342590332,301,838,839,701
12.245793342590332,301,838,839,701
12.245793342590332,301,838,839,701
12.245793342590332,301,839,838,701
12.245793342590332,301,839,838,700
12.245793342590332,301,840,838,700
12.245793342590332,301,840,838,700
12.245793342590332,300,839,838,700
12.245793342590332,300,839,838,700
12.245793342590332,300,839,838,700
12.245793342590332,300,839,838,700
12.261641263961792,300,838,838,700
12.262972354888916,300,838,838,700
12.263531684875488,301,838,838,700
12.263531684875488,301,838,838,700
12.263531684875488,301,838,838,700
12.263531684875488,301,838,838,700
12.263531684875488,301,838,838,700
12.263531684875488,301,838,838,700
12.263531684875488,301,838,838,700
12.263531684875488,301,838,838,700
12.263531684875488,300,837,838,700
12.263531684875488,300,837,838,700
12.263531684875488,300,838,838,700
12.263531684875488,300,838,838,700
12.263531684875488,300,838,838,700
12.263531684875488,300,838,838,700
12.263531684875488,300,838,838,700
12.263531684875488,300,838,838,700
12.27753496170044,300,838,838,700
12.27753496170044,300,838,838,700
12.27753496170044,300,838,838,700
12.27753496170044,300,838,838,700
12.27753496170044,300,838,838,700
12.27753496170044,300,838,838,700
12.27753496170044,300,838,838,700
12.27753496170044,300,838,838,700
12.27753496170044,300,838,838,700
12.27753496170044,300,838,838,700
12.27753496170044,300,838,838,700
12.27753496170044,300,838,838,700
12.27753496170044,300,838,838,700
12.27753496170044,300,838,838,700
12.27753496170044,300,838,838,700
12.27753496170044,300,838,838,700
12.27753496170044,300,838,838,700
12.27753496170044,300,838,838,700
12.29335904121399,300,838,838,700
12.294636487960815,300,838,838,700
12.294636487960815,300,838,838,700
12.296239852905273,300,838,838,700
12.296239852905273,300,838,838,700
12.296239852905273,300,838,838,700
12.296239852905273,300,838,838,700
12.296239852905273,300,838,838,700
12.296239852905273,300,838,838,700
12.296239852905273,300,838,838,700
12.296239852905273,300,838,838,700
12.296239852905273,300,838,838,700
12.296239852905273,300,838,838,700
12.296239852905273,300,838,838,700
12.296239852905273,300,838,838,700
12.296239852905273,300,838,838,700
12.296239852905273,300,838,838,700
12.296239852905273,301,838,838,700
12.309110879898071,301,837,838,700
12.309110879898071,301,837,838,700
12.309110879898071,301,837,838,700
12.309110879898071,301,838,838,700
12.309110879898071,301,838,838,700
12.309110879898071,301,837,838,700
12.309110879898071,301,838,839,701
12.309110879898071,301,838,839,701
12.309110879898071,301,838,839,701
12.309110879898071,301,839,839,701
12.309110879898071,300,839,839,701
12.309110879898071,300,839,839,701
12.309110879898071,300,839,839,701
12.309110879898071,301,840,839,700
12.309110879898071,301,840,839,700
12.309110879898071,301,840,839,700
12.309110879898071,301,840,839,700
12.324804544448853,301,839,839,700
12.324804544448853,301,839,839,700
12.324804544448853,301,838,839,700
12.324804544448853,301,838,839,701
12.324804544448853,301,838,839,701
12.324804544448853,301,838,839,701
12.324804544448853,301,838,839,701
12.324804544448853,301,838,839,701
12.324804544448853,301,839,839,701
12.324804544448853,301,839,839,701
12.324804544448853,301,840,839,701
12.324804544448853,301,840,838,700
12.324804544448853,301,840,838,700
12.324804544448853,301,840,838,700
12.324804544448853,301,839,838,700
12.324804544448853,301,839,838,700
12.324804544448853,301,839,838,700
12.339961528778076,301,838,838,700
12.339961528778076,300,838,838,700
12.339961528778076,300,838,838,700
12.339961528778076,300,838,838,700
12.339961528778076,300,838,838,700
12.339961528778076,300,838,838,700
12.339961528778076,300,838,838,700
12.339961528778076,301,838,838,700
12.339961528778076,301,838,838,700
12.339961528778076,301,838,838,700
12.339961528778076,301,838,838,700
12.339961528778076,300,838,838,700
12.339961528778076,300,837,838,700
12.339961528778076,300,837,838,700
12.339961528778076,300,837,838,700
12.339961528778076,300,837,838,700
12.339961528778076,300,837,839,701
12.355621099472046,300,837,839,701
12.355621099472046,300,838,839,701
12.355621099472046,300,838,839,701
12.355621099472046,300,839,839,701
12.355621099472046,300,839,839,701
12.355621099472046,300,839,839,701
12.355621099472046,300,840,839,701
12.355621099472046,300,840,839,700
12.355621099472046,300,840,839,700
12.355621099472046,300,839,839,700
12.355621099472046,300,839,839,700
12.355621099472046,300,839,839,700
12.355621099472046,300,839,839,700
12.355621099472046,300,839,839,700
12.355621099472046,300,838,839,700
12.355621099472046,300,838,839,701
12.355621099472046,300,838,839,701
12.371261358261108,300,838,839,701
12.371261358261108,300,838,839,701
12.37300992012024,300,838,839,701
12.373631954193115,300,839,839,701
12.374765872955322,300,840,839,701
12.375760793685913,300,840,839,701
12.376760005950928,300,840,839,701
12.377641916275024,300,840,839,700
12.378856658935547,300,840,839,700
12.379096746444702,300,840,839,700
12.380122423171997,300,840,839,700
12.381118297576904,300,839,839,700
12.382117986679077,300,839,839,700
12.38311767578125,300,839,839,700
12.384118795394897,300,838,839,701
12.384118795394897,300,838,839,701
12.385119199752808,300,838,839,701
12.386119604110718,300,838,839,701
12.387125015258789,300,838,839,701
12.388121128082275,300,839,839,701
12.38912034034729,300,839,839,701
12.390120267868042,300,840,839,701
12.39112138748169,300,839,839,701
12.392123222351074,300,840,839,701
12.393121480941772,300,840,839,701
12.393121480941772,300,839,839,701
12.395124197006226,300,839,839,701
12.395124197006226,300,840,839,701
12.395124197006226,300,840,839,700
12.395124197006226,299,840,839,700
12.395124197006226,299,840,839,700
12.395124197006226,299,840,839,700
12.395124197006226,300,839,839,700
12.395124197006226,300,839,839,700
12.395124197006226,300,838,839,700
12.395124197006226,300,838,839,701
12.395124197006226,300,838,839,701
12.395124197006226,300,838,839,701
12.395124197006226,300,838,839,701
12.395124197006226,300,838,839,701
12.395124197006226,300,839,839,701
12.395124197006226,300,839,839,701
12.395124197006226,300,839,839,701
12.395124197006226,300,840,839,701
12.410917520523071,300,840,839,701
12.410917520523071,300,840,839,700
12.410917520523071,300,840,839,700
12.410917520523071,300,840,839,700
12.410917520523071,300,840,839,700
12.410917520523071,300,839,839,700
12.410917520523071,300,839,839,700
12.410917520523071,300,839,839,700
12.410917520523071,300,838,839,700
12.410917520523071,300,838,839,701
12.410917520523071,300,838,839,701
12.410917520523071,300,838,839,701
12.410917520523071,300,838,839,701
12.410917520523071,300,839,839,701
12.410917520523071,300,839,839,701
12.410917520523071,300,839,839,701
12.410917520523071,300,840,839,701
12.42655634880066,300,840,839,700
12.427776575088501,300,840,839,700
12.427776575088501,300,840,839,700
12.42960500717163,301,840,839,700
12.42960500717163,300,839,839,700
12.42960500717163,300,839,839,700
12.42960500717163,300,838,839,701
12.42960500717163,300,838,839,701
12.42960500717163,300,837,839,701
12.42960500717163,301,838,839,701
12.42960500717163,300,838,839,701
12.42960500717163,300,839,839,701
12.42960500717163,300,839,839,701
12.42960500717163,300,840,839,701
12.42960500717163,300,840,839,701
12.44031834602356,300,840,839,701
12.44031834602356,300,840,839,701
12.44031834602356,300,840,839,700
12.442330121994019,300,840,839,700
12.442330121994019,300,839,839,700
12.442330121994019,301,839,839,700
12.442330121994019,301,839,839,700
12.442330121994019,301,839,839,700
12.442330121994019,301,839,839,700
12.442330121994019,301,838,839,700
12.442330121994019,301,838,839,701
12.442330121994019,301,838,839,701
12.442330121994019,301,838,839,701
12.442330121994019,301,838,839,701
12.442330121994019,301,838,839,701
12.442330121994019,301,839,839,701
12.442330121994019,300,839,839,701
12.442330121994019,300,840,839,701
12.442330121994019,300,840,839,701
12.442330121994019,300,840,839,701
12.458011388778687,300,840,839,700
12.458011388778687,300,840,839,700
12.458011388778687,300,840,839,700
12.458011388778687,301,839,839,700
12.458011388778687,301,839,839,700
12.458011388778687,301,838,839,700
12.458011388778687,301,838,839,701
12.458011388778687,300,838,839,701
12.458011388778687,300,838,839,701
12.458011388778687,300,838,839,701
12.458011388778687,301,838,839,701
12.458011388778687,301,839,839,701
12.458011388778687,301,839,839,701
12.458011388778687,301,839,839,701
12.458011388778687,301,839,839,701
12.458011388778687,301,840,839,701
12.458011388778687,301,840,839,701
12.473729133605957,301,839,839,701
12.473729133605957,300,839,838,701
12.473729133605957,300,839,838,700
12.473729133605957,301,839,838,700
12.473729133605957,301,840,838,700
12.473729133605957,301,840,838,700
12.473729133605957,300,840,838,700
12.473729133605957,300,839,838,700
12.473729133605957,300,839,838,700
12.473729133605957,300,838,838,700
12.473729133605957,300,838,838,700
12.473729133605957,300,838,838,700
12.473729133605957,300,838,838,700
12.473729133605957,300,838,838,700
12.473729133605957,300,837,838,700
12.473729133605957,300,838,838,700
12.473729133605957,300,838,838,700
12.473729133605957,300,838,838,700
12.489395380020142,300,838,838,700
12.489395380020142,300,838,838,700
12.489395380020142,300,838,838,700
12.489395380020142,300,838,838,700
12.489395380020142,300,838,838,700
12.489395380020142,300,838,838,700
12.489395380020142,300,838,840,700
12.489395380020142,300,838,840,701
12.489395380020142,300,838,840,701
12.489395380020142,300,838,840,701
12.489395380020142,300,838,840,701
12.489395380020142,300,839,840,701
12.489395380020142,300,839,840,701
12.489395380020142,300,840,840,701
12.489395380020142,300,840,840,701
12.489395380020142,300,840,840,701
12.489395380020142,301,840,840,701
12.505214929580688,301,840,840,701
12.506118059158325,301,840,840,701
12.506640434265137,301,840,840,701
12.506640434265137,301,840,840,701
12.506640434265137,301,840,840,701
12.506640434265137,301,840,840,701
12.506640434265137,301,840,840,701
12.506640434265137,301,840,840,701
12.506640434265137,301,840,840,701
12.506640434265137,301,840,840,701
12.506640434265137,301,840,840,701
12.506640434265137,301,840,838,701
12.506640434265137,300,840,838,700
12.506640434265137,300,840,838,700
12.506640434265137,300,840,838,700
12.506640434265137,300,840,838,700
12.506640434265137,300,839,838,700
12.520894050598145,300,839,838,700
12.520894050598145,300,838,838,700
12.520894050598145,300,838,838,700
12.520894050598145,300,838,838,700
12.520894050598145,300,838,838,700
12.520894050598145,300,837,838,700
12.520894050598145,300,838,838,700
12.520894050598145,300,838,838,700
12.520894050598145,300,838,838,700
12.520894050598145,301,838,838,700
12.520894050598145,301,837,838,700
12.520894050598145,301,838,838,700
12.520894050598145,300,837,838,700
12.520894050598145,300,838,838,700
12.520894050598145,300,838,838,700
12.520894050598145,300,838,838,700
12.520894050598145,300,838,839,700
12.520894050598145,300,838,839,701
12.537373781204224,300,838,839,701
12.538119316101074,300,838,839,701
12.538119316101074,301,838,839,701
12.538119316101074,301,839,839,701
12.540627002716064,301,839,839,701
12.540627002716064,300,839,839,701
12.540627002716064,300,840,839,700
12.540627002716064,300,840,839,700
12.540627002716064,300,840,839,700
12.540627002716064,300,840,839,700
12.540627002716064,301,840,839,700
12.540627002716064,301,839,839,700
12.540627002716064,301,839,839,700
12.540627002716064,301,838,839,700
12.540627002716064,301,838,839,701
12.540627002716064,301,838,839,701
12.540627002716064,301,838,839,701
12.552363157272339,301,838,839,701
12.552363157272339,301,838,839,701
12.552363157272339,301,838,839,701
12.552363157272339,301,839,840,701
12.552363157272339,301,839,840,701
12.552363157272339,301,839,840,701
12.552363157272339,301,840,840,701
12.552363157272339,300,840,840,701
12.552363157272339,300,840,840,701
12.552363157272339,300,840,840,701
12.552363157272339,300,840,840,701
12.552363157272339,300,840,840,701
12.552363157272339,301,840,840,701
12.552363157272339,301,840,840,701
12.552363157272339,301,840,840,701
12.552363157272339,301,840,840,701
12.552363157272339,301,840,840,701
12.552363157272339,301,840,840,701
12.568163871765137,301,840,840,701
12.568163871765137,300,840,840,701
12.568163871765137,300,840,840,701
12.568163871765137,300,840,840,701
12.568163871765137,300,840,840,701
12.568163871765137,300,840,840,701
12.568163871765137,301,840,840,701
12.568163871765137,301,840,839,701
12.568163871765137,301,840,839,701
12.568163871765137,300,840,839,701
12.568163871765137,300,840,839,701
12.568163871765137,300,840,839,701
12.568163871765137,300,840,839,701
12.568163871765137,300,840,839,701
12.568163871765137,300,840,839,700
12.568163871765137,300,839,839,700
12.568163871765137,300,839,839,701
12.568163871765137,300,839,839,701
12.58402967453003,300,839,839,701
12.58402967453003,300,839,839,701
12.58402967453003,300,839,839,701
12.58402967453003,300,839,839,701
12.58402967453003,300,840,839,701
12.58402967453003,300,840,839,700
12.58402967453003,300,840,839,700
12.58402967453003,300,840,839,700
12.58402967453003,300,839,839,700
12.58402967453003,300,839,839,700
12.58402967453003,300,838,839,701
12.58402967453003,299,838,839,701
12.58402967453003,299,838,838,700
12.58402967453003,299,838,838,700
12.58402967453003,299,838,838,700
12.58402967453003,300,838,838,700
12.58402967453003,300,838,838,700
12.599665403366089,300,838,838,700
12.600818157196045,300,838,838,700
12.600818157196045,300,838,838,700
12.600818157196045,300,838,838,700
12.600818157196045,300,838,838,700
12.600818157196045,300,838,838,700
12.600818157196045,300,837,838,700
12.600818157196045,300,838,838,701
12.600818157196045,300,838,838,700
12.600818157196045,300,838,838,700
12.600818157196045,300,838,838,700
12.600818157196045,300,838,838,700
12.600818157196045,300,838,838,700
12.600818157196045,300,838,838,700
12.600818157196045,300,838,838,700
12.600818157196045,300,838,838,700
12.600818157196045,300,838,838,700
12.600818157196045,300,838,840,701
12.615732908248901,300,838,840,701
12.615732908248901,300,838,840,701
12.615732908248901,300,838,840,701
12.615732908248901,300,839,840,702
12.615732908248901,300,839,840,702
12.615732908248901,300,839,840,702
12.615732908248901,300,840,840,702
12.615732908248901,300,840,840,701
12.615732908248901,300,841,840,701
12.615732908248901,300,841,840,701
12.615732908248901,300,841,840,701
12.615732908248901,300,841,840,701
12.615732908248901,300,840,840,701
12.615732908248901,300,840,840,701
12.615732908248901,301,840,840,701
12.615732908248901,301,840,840,701
12.615732908248901,301,840,840,701
12.631659269332886,301,840,840,701
12.631659269332886,300,840,840,701
12.631659269332886,300,839,840,701
12.631659269332886,300,839,840,701
12.631659269332886,300,839,838,701
12.631659269332886,300,839,838,701
12.631659269332886,300,839,838,701
12.631659269332886,300,839,838,701
12.631659269332886,300,840,838,701
12.631659269332886,300,840,838,700
12.631659269332886,300,840,838,700
12.640744686126709,300,840,838,700
12.640744686126709,300,839,838,700
12.640744686126709,300,839,838,700
12.640744686126709,300,839,838,700
12.640744686126709,300,838,838,700
12.640744686126709,301,838,838,700
12.640744686126709,301,838,838,700
12.647371768951416,301,838,838,700
12.647371768951416,301,837,838,700
12.647371768951416,300,838,838,700
12.647371768951416,300,838,838,700
12.647371768951416,300,838,838,700
12.647371768951416,300,838,838,700
12.647371768951416,300,838,838,700
12.647371768951416,300,838,838,700
12.647371768951416,300,838,838,700
12.647371768951416,300,838,840,701
12.647371768951416,300,838,840,701
12.647371768951416,300,839,840,701
12.647371768951416,300,839,840,701
12.647371768951416,300,839,840,701
12.647371768951416,300,839,840,701
12.647371768951416,300,840,840,701
12.647371768951416,300,840,840,701
12.647371768951416,300,840,840,701
12.663378953933716,300,840,840,701
12.663378953933716,300,840,840,701
12.663378953933716,300,840,840,701
12.663378953933716,300,840,840,701
12.663378953933716,300,840,840,701
12.663378953933716,300,840,840,701
12.663378953933716,300,841,840,701
12.663378953933716,300,840,840,701
12.663378953933716,300,840,840,701
12.663378953933716,300,840,840,701
12.663378953933716,300,840,840,701
12.663378953933716,300,840,840,701
12.663378953933716,300,840,840,701
12.663378953933716,300,840,838,700
12.663378953933716,300,840,838,700
12.663378953933716,299,840,838,700
12.663378953933716,299,840,838,700
12.679040908813477,300,839,838,700
12.679040908813477,300,839,838,700
12.679040908813477,300,839,838,700
12.679040908813477,300,839,838,700
12.679040908813477,299,838,838,700
12.679040908813477,299,838,838,700
12.679040908813477,299,838,838,700
12.679040908813477,299,838,838,700
12.679040908813477,299,838,838,700
12.679040908813477,299,838,838,700
12.679040908813477,299,838,838,700
12.679040908813477,299,838,838,700
12.679040908813477,299,838,838,700
12.679040908813477,299,838,838,700
12.679040908813477,299,838,838,700
12.679040908813477,299,838,838,700
12.679040908813477,299,838,838,700
12.679040908813477,299,838,838,700
12.694796085357666,299,838,840,700
12.696051597595215,299,838,840,701
12.696896314620972,299,838,840,701
12.696896314620972,299,838,840,701
12.696896314620972,299,839,840,701
12.696896314620972,299,839,840,701
12.696896314620972,299,839,840,701
12.696896314620972,299,839,840,701
12.696896314620972,299,840,840,701
12.696896314620972,299,840,840,701
12.696896314620972,299,840,840,701
12.696896314620972,299,840,840,701
12.696896314620972,299,840,840,701
12.696896314620972,299,840,840,701
12.696896314620972,299,840,840,701
12.696896314620972,299,840,840,701
12.696896314620972,299,840,840,701
12.696896314620972,299,840,840,701
12.710792303085327,299,840,840,701
12.710792303085327,299,840,840,701
12.712832689285278,299,840,840,701
12.713252782821655,299,840,840,701
12.713252782821655,299,839,840,701
12.713252782821655,299,839,838,701
12.713252782821655,299,839,838,701
12.713252782821655,299,840,838,700
12.713252782821655,299,840,838,700
12.713252782821655,299,840,838,700
12.713252782821655,299,840,838,700
12.713252782821655,299,839,838,700
12.713252782821655,299,839,838,700
12.713252782821655,299,839,838,700
12.713252782821655,299,839,838,700
12.713252782821655,299,838,838,700
12.713252782821655,299,838,838,700
12.713252782821655,299,838,838,700
12.713252782821655,299,838,838,700
12.72854471206665,299,838,838,700
12.729281902313232,299,838,838,700
12.730508089065552,300,839,838,700
12.730508089065552,300,838,838,699
12.731532096862793,300,838,838,700
12.732536554336548,300,838,838,700
12.733534097671509,300,838,838,700
12.734857320785522,300,838,838,700
12.735133171081543,300,838,840,700
12.736145734786987,300,838,840,700
12.737144470214844,300,838,840,700
12.738146305084229,300,838,840,701
12.739145278930664,300,838,840,701
12.739145278930664,300,839,840,701
12.740655422210693,300,839,840,701
12.741669178009033,300,839,840,701
12.742669343948364,300,840,840,701
12.743669509887695,300,840,840,701
12.744668245315552,300,840,840,701
12.744668245315552,300,840,840,701
12.746254682540894,300,840,840,701
12.746254682540894,300,840,840,701
12.747326850891113,300,840,840,701
12.748324632644653,300,840,840,701
12.749326229095459,300,840,840,701
12.75032663345337,300,840,840,701
12.751685619354248,301,840,840,701
12.752538919448853,301,840,840,701
12.753550291061401,301,840,840,701
12.754550457000732,301,840,840,701
12.755559921264648,301,840,838,700
12.755559921264648,300,840,838,700
12.756550788879395,300,840,838,700
12.757550954818726,300,840,838,700
12.75855302810669,300,839,838,700
12.75955080986023,300,839,838,700
12.760551691055298,300,839,838,700
12.761552333831787,300,839,838,700
12.76255488395691,300,838,838,700
12.76255488395691,300,838,838,700
12.76255488395691,300,838,838,700
12.76255488395691,300,838,838,700
12.76255488395691,300,838,838,700
12.76255488395691,300,838,838,700
12.76255488395691,300,838,838,700
12.76255488395691,300,838,838,700
12.76255488395691,300,838,838,700
12.76255488395691,301,838,838,700
12.76255488395691,300,838,838,700
12.76255488395691,300,838,838,700
12.76255488395691,300,839,838,700
12.76255488395691,300,838,838,700
12.76255488395691,300,838,839,700
12.76255488395691,300,838,839,700
12.76255488395691,300,838,839,700
12.76255488395691,300,838,839,700
12.778364658355713,300,838,839,700
12.780141115188599,300,838,839,700
12.780457973480225,300,839,839,700
12.780457973480225,300,838,839,700
12.780457973480225,300,838,839,700
12.780457973480225,300,838,839,701
12.780457973480225,300,838,839,701
12.780457973480225,300,838,839,701
12.780457973480225,300,839,839,701
12.780457973480225,300,839,839,701
12.780457973480225,300,840,839,701
12.780457973480225,300,840,839,700
12.780457973480225,300,840,839,700
12.780457973480225,300,840,839,700
12.780457973480225,300,840,839,700
12.780457973480225,300,840,839,700
12.780457973480225,300,839,839,700
12.794026851654053,300,839,839,700
12.794026851654053,300,838,839,700
12.794026851654053,300,838,839,701
12.794026851654053,300,838,839,701
12.794026851654053,300,838,839,701
12.794026851654053,300,839,839,701
12.794026851654053,300,839,839,701
12.794026851654053,300,839,839,701
12.794026851654053,300,840,839,701
12.794026851654053,300,840,839,700
12.794026851654053,300,840,839,700
12.794026851654053,300,840,839,700
12.794026851654053,300,840,839,700
12.794026851654053,299,839,839,700
12.794026851654053,299,839,839,700
12.794026851654053,299,838,839,700
12.794026851654053,299,838,839,700
12.809714317321777,300,838,839,701
12.811017513275146,300,838,839,701
12.811017513275146,299,838,839,701
12.811017513275146,299,838,839,701
12.81380844116211,299,839,839,701
12.814920663833618,299,839,839,701
12.815178155899048,299,839,838,700
12.815178155899048,299,840,838,700
12.815178155899048,299,840,838,700
12.815178155899048,299,840,838,700
12.815178155899048,299,839,838,700
12.815178155899048,299,839,838,700
12.815178155899048,299,839,838,700
12.815178155899048,299,839,838,700
12.815178155899048,299,839,838,700
12.815178155899048,299,838,838,699
12.815178155899048,299,838,838,700
12.815178155899048,299,838,838,700
12.825706005096436,299,838,838,700
12.825706005096436,299,838,838,700
12.825706005096436,299,838,838,700
12.825706005096436,299,838,838,700
12.825706005096436,299,838,838,700
12.825706005096436,299,838,838,700
12.825706005096436,299,838,838,700
12.825706005096436,300,838,838,700
12.825706005096436,300,838,838,700
12.825706005096436,300,838,838,700
12.825706005096436,299,838,840,700
12.825706005096436,299,837,840,701
12.825706005096436,299,837,840,701
12.825706005096436,299,838,840,701
12.825706005096436,299,838,840,701
12.825706005096436,299,839,840,701
12.825706005096436,299,839,840,701
12.840777397155762,299,840,840,701
12.841797351837158,299,840,840,701
12.841797351837158,299,840,840,701
12.841797351837158,299,840,840,701
12.841797351837158,299,840,840,701
12.841797351837158,299,840,840,701
12.841797351837158,300,840,840,701
12.841797351837158,300,840,840,701
12.841797351837158,300,840,840,701
12.841797351837158,300,840,840,701
12.841797351837158,300,840,840,701
12.841797351837158,300,840,840,701
12.841797351837158,300,840,840,701
12.841797351837158,300,840,840,701
12.841797351837158,300,840,840,701
12.841797351837158,300,840,840,701
12.841797351837158,300,840,838,700
12.841797351837158,300,840,838,700
12.85751485824585,300,840,838,700
12.85751485824585,300,840,838,700
12.85751485824585,300,840,838,700
12.85751485824585,300,839,838,700
12.85751485824585,300,838,838,700
12.85751485824585,300,838,838,700
12.85751485824585,300,838,838,700
12.85751485824585,300,838,838,700
12.85751485824585,300,838,838,700
12.85751485824585,300,838,838,700
12.85751485824585,300,838,838,700
12.85751485824585,300,838,838,700
12.85751485824585,300,838,838,700
12.85751485824585,300,838,838,700
12.85751485824585,300,838,838,700
12.85751485824585,300,838,838,700
12.85751485824585,300,839,838,700
12.85751485824585,300,838,838,699
12.87337064743042,300,838,838,700
12.87460446357727,300,838,838,700
12.875463247299194,300,837,840,700
12.876387119293213,300,837,840,701
12.877400398254395,300,837,840,701
12.877400398254395,300,837,840,701
12.878401279449463,300,838,840,701
12.879666566848755,300,839,840,701
12.880662679672241,300,839,840,701
12.8816659450531,300,840,840,701
12.882664680480957,300,840,840,701
12.882664680480957,300,840,840,701
12.883664608001709,300,840,840,701
12.88466477394104,300,840,840,701
12.885664701461792,300,840,840,701
12.88666319847107,300,840,840,701
12.88766622543335,300,840,840,701
12.888665914535522,300,840,840,701
12.889665842056274,300,840,840,701
12.890666961669922,300,840,840,701
12.891664743423462,300,840,840,701
12.892667293548584,300,840,840,701
12.892667293548584,300,840,840,701
12.893667221069336,300,840,840,701
12.894665956497192,300,840,838,701
12.896252155303955,300,840,838,700
12.896822929382324,300,840,838,700
12.896822929382324,300,840,838,700
12.896822929382324,300,840,838,700
12.896822929382324,300,839,838,700
12.896822929382324,300,839,838,700
12.896822929382324,300,839,838,700
12.896822929382324,300,838,838,700
12.896822929382324,300,838,838,700
12.896822929382324,300,838,838,700
12.896822929382324,299,838,838,700
12.896822929382324,299,838,838,700
12.896822929382324,299,838,838,700
12.896822929382324,299,838,838,700
12.896822929382324,299,838,838,700
12.896822929382324,300,838,838,700
12.910370349884033,300,838,838,700
12.910370349884033,300,838,838,700
12.910370349884033,300,838,838,700
12.910370349884033,300,838,838,700
12.910370349884033,300,838,838,700
12.910370349884033,300,838,838,700
12.910370349884033,300,838,840,700
12.910370349884033,299,838,840,701
12.910370349884033,299,838,840,701
12.910370349884033,299,838,840,701
12.910370349884033,299,838,840,701
12.910370349884033,299,839,840,701
12.910370349884033,299,840,840,701
12.910370349884033,299,840,840,701
12.910370349884033,299,840,840,701
12.910370349884033,299,840,840,701
12.910370349884033,299,840,840,701
12.910370349884033,299,840,840,701
12.926051616668701,299,840,840,701
12.926051616668701,299,840,840,701
12.926051616668701,299,840,840,701
12.926051616668701,299,840,840,701
12.926051616668701,300,840,840,701
12.926051616668701,300,840,840,701
12.926051616668701,300,840,840,701
12.926051616668701,300,840,840,701
12.926051616668701,300,840,840,701
12.926051616668701,300,840,840,701
12.926051616668701,300,840,838,700
12.926051616668701,299,840,838,700
12.926051616668701,299,840,838,700
12.926051616668701,299,840,838,700
12.926051616668701,299,840,838,700
12.926051616668701,299,839,838,700
12.926051616668701,299,839,838,700
12.941017389297485,299,838,838,700
12.942033052444458,299,838,838,700
12.943366289138794,299,838,838,700
12.94368052482605,299,838,838,700
12.94368052482605,299,838,838,700
12.94368052482605,299,838,838,700
12.94368052482605,299,838,838,700
12.94368052482605,299,838,838,700
12.94368052482605,300,838,838,700
12.94368052482605,300,838,838,700
12.94368052482605,300,838,838,700
12.94368052482605,300,838,838,700
12.94368052482605,300,838,838,700
12.94368052482605,300,838,838,700
12.94368052482605,300,838,838,700
12.94368052482605,300,838,838,700
12.94368052482605,300,838,840,700
12.94368052482605,300,837,840,701
12.94368052482605,300,838,840,701
12.958097457885742,300,838,840,701
12.958097457885742,300,838,840,701
12.958097457885742,300,839,840,701
12.958097457885742,300,840,840,701
12.958097457885742,300,840,840,701
12.958097457885742,300,840,840,701
12.958097457885742,300,840,840,701
12.958097457885742,300,840,840,701
12.958097457885742,300,840,840,701
12.958097457885742,300,840,840,701
12.958097457885742,300,840,840,701
12.958097457885742,300,840,840,701
12.958097457885742,300,840,840,701
12.958097457885742,300,840,840,701
12.958097457885742,300,840,840,701
12.958097457885742,300,840,840,701
12.958097457885742,300,840,840,701
12.958097457885742,300,840,840,701
12.974015474319458,300,840,840,701
12.974015474319458,300,840,838,701
12.974015474319458,300,840,838,700
12.974015474319458,300,840,838,700
12.974015474319458,300,840,838,700
12.974015474319458,300,840,838,700
12.974015474319458,300,840,838,700
12.974015474319458,300,839,838,700
12.974015474319458,300,839,838,700
12.974015474319458,300,838,838,700
12.974015474319458,300,838,838,700
12.974015474319458,300,838,838,700
12.974015474319458,300,838,838,700
12.974015474319458,300,838,838,700
12.974015474319458,300,838,838,700
12.974015474319458,300,838,838,700
12.974015474319458,300,838,838,700
12.974015474319458,300,838,838,700
12.989840030670166,300,838,838,700
12.989840030670166,300,838,838,700
12.989840030670166,300,838,838,700
12.989840030670166,300,838,838,700
12.989840030670166,300,838,838,700
12.989840030670166,300,838,838,700
12.989840030670166,300,838,840,700
12.989840030670166,300,838,840,701
12.989840030670166,300,838,840,701
12.989840030670166,300,838,840,701
12.989840030670166,300,839,840,701
12.989840030670166,300,839,840,701
12.989840030670166,300,840,840,701
12.989840030670166,300,840,840,701
12.989840030670166,300,840,840,701
12.989840030670166,300,840,840,701
12.989840030670166,300,840,840,701
13.005623817443848,300,840,840,701
13.006579875946045,300,840,840,701
13.00735592842102,300,840,840,701
13.00735592842102,300,839,840,701
13.00735592842102,300,840,840,701
13.00735592842102,300,840,840,701
13.00735592842102,300,840,840,701
13.00735592842102,300,840,840,701
13.00735592842102,300,840,840,701
13.00735592842102,300,840,840,701
13.00735592842102,300,840,840,701
13.00735592842102,300,840,838,701
13.00735592842102,300,840,838,700
13.00735592842102,300,840,838,700
13.00735592842102,300,840,838,700
13.00735592842102,300,840,838,700
13.00735592842102,300,839,838,700
13.00735592842102,300,839,838,700
13.022108316421509,300,838,838,700
13.022739887237549,300,838,838,700
13.022739887237549,299,838,838,700
13.022739887237549,299,838,838,700
13.022739887237549,299,838,838,700
13.022739887237549,299,838,838,700
13.022739887237549,300,838,838,700
13.022739887237549,300,838,838,700
13.022739887237549,300,838,838,700
13.022739887237549,300,838,838,700
13.022739887237549,300,838,838,700
13.022739887237549,300,838,838,700
13.022739887237549,300,838,838,700
13.022739887237549,300,838,838,700
13.022739887237549,300,838,838,700
13.022739887237549,300,837,840,701
13.022739887237549,299,837,840,701
13.022739887237549,299,838,840,701
13.038241863250732,299,838,840,701
13.039028644561768,299,838,840,701
13.039537906646729,299,839,840,701
13.039537906646729,300,840,840,701
13.041050910949707,300,840,840,701
13.041050910949707,300,840,840,701
13.041050910949707,300,840,840,701
13.041050910949707,300,840,840,701
13.041050910949707,300,840,840,701
13.041050910949707,300,840,840,701
13.041050910949707,299,840,840,701
13.041050910949707,300,840,840,701
13.041050910949707,300,840,840,701
13.041050910949707,300,840,840,701
13.041050910949707,300,840,840,701
13.041050910949707,300,840,840,701
13.041050910949707,300,840,840,701
13.041050910949707,300,840,840,701
13.053991317749023,300,840,840,701
13.053991317749023,300,840,840,701
13.053991317749023,300,840,838,701
13.053991317749023,300,840,838,700
13.053991317749023,299,840,838,700
13.053991317749023,299,840,838,700
13.053991317749023,299,840,838,700
13.053991317749023,299,839,838,700
13.053991317749023,299,839,838,700
13.053991317749023,299,839,838,700
13.053991317749023,299,838,838,700
13.053991317749023,299,838,838,700
13.053991317749023,299,838,838,700
13.053991317749023,299,838,838,700
13.053991317749023,299,838,838,700
13.053991317749023,300,838,838,700
13.053991317749023,300,838,838,700
13.053991317749023,300,838,838,700
13.07010555267334,300,838,838,700
13.07010555267334,300,838,838,700
13.07010555267334,300,838,838,700
13.07010555267334,300,838,838,700
13.07010555267334,300,838,838,700
13.07010555267334,300,838,838,700
13.07010555267334,300,838,840,700
13.07010555267334,300,837,840,701
13.07010555267334,300,837,840,701
13.07010555267334,300,837,840,701
13.07010555267334,300,838,840,701
13.07010555267334,300,839,840,701
13.07010555267334,300,839,840,701
13.07010555267334,300,840,840,701
13.07010555267334,300,840,840,701
13.07010555267334,300,840,840,701
13.07010555267334,300,840,840,701
13.0857675075531,300,840,840,701
13.0857675075531,300,840,840,701
13.0857675075531,300,840,840,701
13.0857675075531,300,840,840,701
13.0857675075531,300,840,840,701
13.0857675075531,300,840,840,701
13.0857675075531,300,840,840,701
13.0857675075531,300,840,840,701
13.0857675075531,300,840,840,701
13.0857675075531,300,840,840,701
13.0857675075531,300,840,840,701
13.0857675075531,300,840,838,701
13.0857675075531,300,840,838,700
13.0857675075531,300,840,838,700
13.0857675075531,300,840,838,700
13.0857675075531,300,840,838,700
13.0857675075531,300,840,838,700
13.0857675075531,300,839,838,700
13.101471185684204,300,838,838,700
13.101471185684204,300,838,838,700
13.101471185684204,300,838,838,700
13.101471185684204,300,838,838,700
13.101471185684204,300,838,838,700
13.101471185684204,300,838,838,700
13.101471185684204,300,838,838,700
13.101471185684204,300,838,838,700
13.101471185684204,300,838,838,700
13.101471185684204,300,838,838,700
13.101471185684204,300,838,838,700
13.101471185684204,300,838,838,700
13.101471185684204,300,838,838,700
13.101471185684204,300,838,838,700
13.101471185684204,300,838,838,700
13.101471185684204,300,837,840,701
13.101471185684204,300,837,840,701
13.117213010787964,300,838,840,701
13.117213010787964,300,838,840,701
13.117213010787964,300,838,840,701
13.117213010787964,300,838,840,701
13.117213010787964,300,839,840,702
13.117213010787964,300,840,840,701
13.117213010787964,300,840,840,701
13.117213010787964,300,840,840,701
13.117213010787964,300,841,840,701
13.117213010787964,300,840,840,701
13.117213010787964,300,840,840,701
13.117213010787964,300,840,840,701
13.117213010787964,300,840,840,701
13.117213010787964,300,840,840,701
13.117213010787964,300,840,840,701
13.117213010787964,300,840,840,701
13.117213010787964,300,840,840,701
13.117213010787964,300,840,840,701
13.132886409759521,300,840,840,701
13.132886409759521,300,839,840,701
13.132886409759521,300,840,840,701
13.132886409759521,300,840,838,701
13.132886409759521,300,839,838,701
13.132886409759521,300,839,838,701
13.132886409759521,300,839,838,701
13.132886409759521,300,840,838,701
13.132886409759521,300,840,838,700
13.14115023612976,300,840,838,700
13.14115023612976,300,840,838,700
13.14115023612976,300,839,838,700
13.14115023612976,300,839,838,700
13.14115023612976,300,839,838,700
13.14115023612976,300,838,838,700
13.14115023612976,300,838,838,700
13.14115023612976,300,838,838,700
13.148526668548584,300,838,838,700
13.148526668548584,300,838,838,700
13.148526668548584,300,838,838,700
13.148526668548584,300,838,838,700
13.148526668548584,300,838,838,700
13.148526668548584,300,838,838,700
13.148526668548584,300,838,838,700
13.148526668548584,300,838,838,700
13.148526668548584,300,838,840,701
13.148526668548584,300,838,840,701
13.148526668548584,300,838,840,701
13.148526668548584,300,838,840,701
13.148526668548584,300,838,840,701
13.148526668548584,300,839,840,701
13.148526668548584,300,839,840,701
13.148526668548584,300,840,840,701
13.148526668548584,300,840,840,701
13.164353132247925,300,840,840,701
13.165201663970947,300,839,840,701
13.165728330612183,300,840,840,701
13.165728330612183,300,840,840,701
13.165728330612183,300,840,840,701
13.165728330612183,300,840,840,701
13.165728330612183,300,840,840,701
13.165728330612183,300,840,840,701
13.165728330612183,300,839,840,701
13.165728330612183,300,840,840,701
13.165728330612183,300,840,840,701
13.165728330612183,300,840,840,701
13.165728330612183,300,840,840,701
13.165728330612183,300,840,838,701
13.165728330612183,300,840,838,700
13.165728330612183,300,840,838,700
13.165728330612183,300,840,838,700
13.165728330612183,300,840,838,700
13.180222749710083,300,839,838,700
13.181150436401367,300,838,838,700
13.181150436401367,300,838,838,700
13.181150436401367,300,838,838,700
13.181150436401367,300,838,838,700
13.181150436401367,300,838,838,700
13.181150436401367,300,838,838,700
13.181150436401367,300,838,838,700
13.181150436401367,300,838,838,700
13.181150436401367,300,838,838,700
13.181150436401367,300,838,838,700
13.181150436401367,300,838,838,700
13.181150436401367,300,838,838,700
13.181150436401367,300,838,838,700
13.181150436401367,300,838,838,700
13.181150436401367,301,838,838,700
13.181150436401367,301,838,838,700
13.181150436401367,301,837,841,701
13.196135520935059,300,837,841,701
13.196135520935059,300,838,841,702
13.198152542114258,300,838,841,702
13.198152542114258,300,838,841,702
13.198152542114258,300,839,841,702
13.198152542114258,300,840,841,702
13.198152542114258,300,840,841,702
13.198152542114258,300,841,841,702
13.198152542114258,300,842,841,702
13.198152542114258,300,842,841,702
13.198152542114258,300,842,841,702
13.198152542114258,300,842,841,702
13.198152542114258,300,842,841,702
13.198152542114258,301,841,841,701
13.198152542114258,301,842,841,701
13.198152542114258,301,842,841,701
13.198152542114258,300,841,841,701
13.21188235282898,300,841,841,701
13.21188235282898,300,841,841,701
13.21188235282898,300,840,841,701
13.21188235282898,300,840,841,702
13.21188235282898,300,840,837,701
13.21188235282898,300,840,837,701
13.21188235282898,300,840,837,700
13.21188235282898,300,840,837,700
13.21188235282898,300,840,837,700
13.21188235282898,300,840,837,700
13.21188235282898,300,840,837,699
13.21188235282898,300,839,837,699
13.21188235282898,300,838,837,699
13.21188235282898,300,838,837,699
13.21188235282898,300,837,837,699
13.21188235282898,300,837,837,699
13.21188235282898,300,836,837,700
13.227654457092285,300,836,837,700
13.227654457092285,300,836,837,700
13.229782342910767,300,836,837,700
13.230363368988037,300,836,837,700
13.230363368988037,300,837,837,700
13.230363368988037,300,837,837,700
13.230363368988037,300,837,837,700
13.230363368988037,300,838,837,700
13.230363368988037,300,838,837,700
13.230363368988037,300,837,841,700
13.230363368988037,300,837,841,701
13.230363368988037,300,837,841,701
13.230363368988037,300,837,841,702
13.230363368988037,299,838,841,702
13.230363368988037,300,838,841,702
13.24142575263977,300,840,841,702
13.24142575263977,300,840,841,702
13.24142575263977,300,840,841,702
13.243438959121704,300,841,841,702
13.243438959121704,300,841,841,702
13.245176792144775,300,842,841,702
13.24678373336792,300,842,841,702
13.24755311012268,300,842,841,702
13.24856686592102,300,841,841,701
13.249561786651611,300,841,841,702
13.249561786651611,300,841,841,702
13.25156283378601,300,841,841,702
13.25156283378601,300,841,841,702
13.252561807632446,300,841,841,702
13.253565073013306,300,841,841,702
13.254565477371216,300,841,841,702
13.255563259124756,300,841,837,701
13.256565570831299,300,842,837,700
13.25756573677063,300,841,837,700
13.25856351852417,300,841,837,700
13.259565591812134,300,840,837,699
13.259565591812134,300,840,837,699
13.260567903518677,300,839,837,699
13.261566638946533,300,838,837,699
13.262566328048706,300,838,837,699
13.262566328048706,300,837,837,699
13.262566328048706,300,837,837,699
13.262566328048706,300,837,837,699
13.262566328048706,300,836,837,700
13.262566328048706,300,836,837,700
13.262566328048706,300,836,837,700
13.262566328048706,300,836,837,700
13.262566328048706,300,836,837,700
13.262566328048706,300,837,837,700
13.262566328048706,300,838,837,700
13.262566328048706,300,838,837,700
13.262566328048706,300,838,837,699
13.262566328048706,300,838,837,699
13.262566328048706,300,837,841,700
13.262566328048706,300,837,841,701
13.262566328048706,300,837,841,701
13.278663396835327,300,837,841,701
13.2796630859375,300,837,841,702
13.280396461486816,300,837,841,702
13.280660152435303,300,838,841,702
13.281672477722168,300,839,841,702
13.282670259475708,300,840,841,702
13.283668994903564,300,841,841,702
13.284671068191528,300,841,841,702
13.285671472549438,300,842,841,702
13.28667140007019,300,842,841,702
13.287672281265259,300,842,841,702
13.287672281265259,300,842,841,702
13.289672136306763,300,842,841,701
13.289672136306763,300,842,841,701
13.290671110153198,300,842,841,701
13.29167127609253,300,842,841,701
13.29267430305481,300,841,841,701
13.293673753738403,300,841,841,701
13.295205354690552,300,840,841,701
13.295972108840942,300,840,837,701
13.295972108840942,300,840,837,700
13.2979896068573,300,839,837,700
13.298160552978516,300,839,837,700
13.299182653427124,300,839,837,700
13.300179958343506,300,839,837,700
13.301182746887207,300,839,837,700
13.302183389663696,300,839,837,700
13.303184270858765,300,838,837,699
13.303184270858765,300,838,837,700
13.304182767868042,300,838,837,699
13.305181741714478,300,838,837,699
13.30618667602539,300,837,837,700
13.307184934616089,300,837,837,700
13.308184623718262,300,837,837,700
13.309195041656494,300,837,837,700
13.310187101364136,300,837,837,700
13.311187505722046,300,837,837,700
13.312186479568481,300,837,837,700
13.312186479568481,300,837,837,700
13.312186479568481,300,838,837,700
13.312186479568481,300,838,837,699
13.312186479568481,300,837,841,700
13.312186479568481,300,837,841,701
13.312186479568481,300,837,841,701
13.312186479568481,300,837,841,701
13.312186479568481,300,837,841,702
13.312186479568481,300,837,841,702
13.312186479568481,300,838,841,702
13.312186479568481,300,839,841,702
13.312186479568481,300,840,841,702
13.312186479568481,300,841,841,702
13.312186479568481,300,841,841,702
13.312186479568481,301,841,841,702
13.312186479568481,300,842,841,702
13.312186479568481,300,842,841,702
13.328012943267822,300,842,841,701
13.328012943267822,300,842,841,701
13.328012943267822,300,842,841,701
13.328012943267822,300,841,841,701
13.328012943267822,301,841,841,701
13.328012943267822,301,841,841,701
13.328012943267822,301,840,841,702
13.328012943267822,300,840,841,702
13.328012943267822,300,840,837,701
13.328012943267822,300,840,837,701
13.328012943267822,300,841,837,700
13.328012943267822,300,841,837,700
13.328012943267822,300,841,837,700
13.328012943267822,300,840,837,699
13.328012943267822,300,840,837,699
13.341654300689697,300,839,837,699
13.341654300689697,300,839,837,699
13.343839883804321,300,838,837,699
13.343839883804321,300,837,837,699
13.345781087875366,300,837,837,699
13.34637713432312,299,836,837,699
13.34637713432312,300,836,837,700
13.34637713432312,300,836,837,700
13.34637713432312,300,836,837,700
13.34637713432312,300,836,837,700
13.34637713432312,300,837,837,700
13.34637713432312,300,837,837,700
13.34637713432312,300,837,837,700
13.34637713432312,300,838,837,700
13.34637713432312,300,838,837,699
13.34637713432312,300,838,841,700
13.34637713432312,300,837,841,701
13.34637713432312,300,837,841,701
13.34637713432312,300,837,841,701
13.35945987701416,300,837,841,702
13.35945987701416,300,838,841,702
13.360869407653809,300,838,841,702
13.36189079284668,300,839,841,702
13.362887382507324,300,840,841,702
13.364221096038818,300,841,841,702
13.365062475204468,300,841,841,702
13.366078615188599,300,841,841,702
13.366078615188599,300,841,841,702
13.367077350616455,300,841,841,702
13.36807632446289,300,841,841,702
13.369078636169434,300,842,841,702
13.370079517364502,300,842,841,702
13.371079444885254,300,842,841,702
13.372076749801636,300,842,841,701
13.373079299926758,300,842,841,701
13.374079704284668,300,841,841,701
13.375083446502686,300,841,841,701
13.376081466674805,300,841,837,700
13.377081394195557,300,840,837,700
13.378084659576416,300,840,837,700
13.378084659576416,300,839,837,700
13.379844903945923,300,839,837,700
13.379844903945923,300,838,837,700
13.381574392318726,300,838,837,700
13.382585763931274,300,838,837,700
13.382585763931274,300,838,837,700
13.38358473777771,300,838,837,700
13.384583950042725,300,838,837,699
13.385586738586426,300,838,837,699
13.386586666107178,300,838,837,699
13.387587785720825,300,838,837,699
13.38858675956726,300,837,837,699
13.389586687088013,300,837,837,699
13.39058780670166,300,836,837,700
13.391594409942627,300,836,837,700
13.39258861541748,300,836,837,700
13.393588542938232,300,836,837,700
13.394589185714722,300,836,837,700
13.395537853240967,300,837,837,700
13.39655327796936,300,837,841,701
13.39655327796936,300,837,841,701
13.39655327796936,300,837,841,701
13.39655327796936,300,837,841,702
13.39655327796936,300,838,841,702
13.39655327796936,300,839,841,702
13.39655327796936,300,839,841,702
13.39655327796936,300,840,841,702
13.39655327796936,300,841,841,702
13.39655327796936,300,841,841,702
13.39655327796936,300,842,841,702
13.39655327796936,300,842,841,702
13.39655327796936,300,842,841,702
13.39655327796936,300,842,841,702
13.39655327796936,300,842,841,701
13.39655327796936,300,842,841,701
13.39655327796936,300,841,841,701
13.39655327796936,300,841,841,701
13.412488222122192,300,841,841,701
13.412488222122192,300,841,841,701
13.412488222122192,300,840,841,701
13.412488222122192,300,840,841,702
13.416506290435791,300,840,837,701
13.417103290557861,300,840,837,701
13.417103290557861,300,840,837,700
13.417103290557861,300,840,837,700
13.417103290557861,300,840,837,700
13.417103290557861,300,839,837,700
13.417103290557861,300,839,837,700
13.417103290557861,300,838,837,699
13.417103290557861,300,838,837,699
13.417103290557861,300,838,837,699
13.417103290557861,300,838,837,699
13.417103290557861,300,837,837,699
13.417103290557861,300,836,837,699
13.428136110305786,300,836,837,700
13.428136110305786,300,836,837,700
13.428136110305786,300,836,837,700
13.428136110305786,300,836,837,700
13.428136110305786,300,837,837,700
13.428136110305786,300,837,837,700
13.428136110305786,300,838,837,700
13.428136110305786,300,838,837,699
13.428136110305786,300,838,837,699
13.428136110305786,300,837,841,701
13.428136110305786,300,838,841,701
13.428136110305786,300,837,841,701
13.428136110305786,300,837,841,701
13.428136110305786,300,838,841,702
13.428136110305786,300,838,841,702
13.428136110305786,300,838,841,702
13.44201135635376,300,840,841,702
13.44201135635376,300,840,841,702
13.444027185440063,300,841,841,702
13.444027185440063,300,842,841,702
13.444027185440063,300,842,841,702
13.444027185440063,300,842,841,702
13.444027185440063,300,842,841,702
13.444027185440063,300,842,841,701
13.444027185440063,300,842,841,701
13.444027185440063,300,842,841,701
13.444027185440063,301,841,841,701
13.444027185440063,301,841,841,701
13.444027185440063,300,841,841,701
13.444027185440063,300,840,841,702
13.444027185440063,300,840,837,701
13.444027185440063,300,840,837,701
13.444027185440063,300,840,837,700
13.444027185440063,300,840,837,700
13.444027185440063,300,840,837,700
13.4598069190979,300,840,837,700
13.461170196533203,300,840,837,700
13.461170196533203,300,840,837,699
13.463152408599854,300,839,837,699
13.463152408599854,299,838,837,699
13.463152408599854,299,837,837,699
13.463152408599854,299,837,837,699
13.463152408599854,300,836,837,700
13.463152408599854,300,836,837,700
13.463152408599854,300,836,837,700
13.463152408599854,300,836,837,700
13.463152408599854,300,836,837,700
13.463152408599854,300,837,837,700
13.463152408599854,300,837,837,700
13.463152408599854,300,838,837,700
13.463152408599854,300,838,837,700
13.463152408599854,300,838,837,700
13.475532054901123,300,838,841,700
13.476757526397705,300,838,841,701
13.476757526397705,300,838,841,701
13.476757526397705,300,838,841,701
13.476757526397705,300,838,841,701
13.476757526397705,300,838,841,701
13.476757526397705,300,839,841,702
13.476757526397705,300,839,841,702
13.476757526397705,300,840,841,702
13.476757526397705,300,840,841,702
13.476757526397705,300,841,841,702
13.476757526397705,300,841,841,702
13.476757526397705,300,842,841,702
13.476757526397705,300,842,841,701
13.476757526397705,300,842,841,701
13.476757526397705,300,842,841,701
13.476757526397705,300,842,841,701
13.476757526397705,300,841,841,701
13.492515087127686,300,841,841,701
13.493343114852905,300,841,841,701
13.493343114852905,300,840,841,702
13.493343114852905,300,840,841,702
13.493343114852905,300,840,837,701
13.493343114852905,300,840,837,701
13.493343114852905,300,840,837,700
13.493343114852905,300,841,837,700
13.493343114852905,300,841,837,700
13.493343114852905,300,840,837,700
13.493343114852905,300,839,837,699
13.493343114852905,300,839,837,699
13.493343114852905,300,838,837,699
13.493343114852905,300,838,837,699
13.493343114852905,300,837,837,699
13.493343114852905,300,837,837,699
13.493343114852905,300,836,837,700
13.507447004318237,300,836,837,700
13.507447004318237,300,836,837,700
13.509737253189087,300,836,837,700
13.510481119155884,300,836,837,700
13.511037588119507,300,837,837,700
13.512708902359009,300,838,837,700
13.513439893722534,300,838,837,700
13.513439893722534,300,838,837,700
13.513439893722534,300,838,837,699
13.513439893722534,300,838,841,700
13.513439893722534,300,838,841,701
13.513439893722534,300,837,841,701
13.513439893722534,300,837,841,701
13.513439893722534,300,837,841,702
13.513439893722534,300,838,841,702
13.513439893722534,300,838,841,702
13.513439893722534,300,839,841,702
13.523147583007812,300,840,841,702
13.52408742904663,300,841,841,702
13.524599552154541,300,841,841,702
13.524599552154541,300,841,841,702
13.526611089706421,300,841,841,702
13.526611089706421,300,841,841,702
13.528625726699829,300,841,841,702
13.529732704162598,300,842,841,702
13.529732704162598,300,842,841,702
13.531741857528687,300,842,841,702
13.531741857528687,300,842,841,701
13.531741857528687,300,842,841,701
13.531741857528687,300,841,841,702
13.531741857528687,300,841,841,702
13.531741857528687,300,841,837,701
13.531741857528687,300,841,837,700
13.531741857528687,300,841,837,700
13.538902521133423,300,840,837,700
13.540348291397095,300,840,837,699
13.54067325592041,300,840,837,699
13.542186260223389,300,839,837,699
13.542186260223389,300,838,837,699
13.542186260223389,300,837,837,699
13.542186260223389,300,837,837,699
13.542186260223389,300,836,837,699
13.542186260223389,300,836,837,700
13.542186260223389,300,836,837,700
13.542186260223389,300,836,837,700
13.542186260223389,299,836,837,700
13.542186260223389,299,836,837,700
13.542186260223389,300,837,837,700
13.542186260223389,300,837,837,700
13.542186260223389,300,837,837,700
13.542186260223389,300,837,837,700
13.542186260223389,300,838,837,700
13.554726600646973,300,838,837,700
13.554726600646973,300,838,841,701
13.554726600646973,300,838,841,701
13.554726600646973,300,838,841,701
13.554726600646973,300,838,841,701
13.554726600646973,300,838,841,701
13.554726600646973,300,839,841,702
13.554726600646973,299,839,841,702
13.554726600646973,299,839,841,702
13.554726600646973,299,840,841,702
13.554726600646973,300,841,841,702
13.554726600646973,300,841,841,702
13.554726600646973,300,842,841,702
13.554726600646973,300,842,841,701
13.554726600646973,300,842,841,701
13.554726600646973,300,842,841,701
13.554726600646973,300,842,841,701
13.570579290390015,300,841,841,701
13.571545600891113,300,841,841,701
13.571545600891113,300,841,841,701
13.571545600891113,300,841,841,701
13.571545600891113,300,840,841,701
13.571545600891113,300,840,841,702
13.571545600891113,299,840,837,701
13.571545600891113,299,840,837,700
13.571545600891113,299,840,837,700
13.571545600891113,299,840,837,700
13.571545600891113,299,840,837,700
13.571545600891113,300,840,837,699
13.571545600891113,299,839,837,699
13.571545600891113,299,839,837,699
13.571545600891113,299,838,837,699
13.571545600891113,299,838,837,699
13.571545600891113,299,838,837,699
13.571545600891113,299,837,837,699
13.586536407470703,299,836,837,700
13.588021278381348,299,836,837,700
13.588021278381348,299,836,837,700
13.588021278381348,299,836,837,700
13.588021278381348,299,837,837,700
13.588021278381348,299,837,837,700
13.588021278381348,299,837,837,700
13.588021278381348,299,838,837,700
13.588021278381348,299,838,837,700
13.588021278381348,299,839,837,699
13.588021278381348,299,838,841,700
13.588021278381348,299,838,841,701
13.588021278381348,299,838,841,701
13.588021278381348,299,837,841,701
13.588021278381348,299,838,841,702
13.588021278381348,299,838,841,702
13.588021278381348,299,838,841,702
13.60220718383789,299,839,841,702
13.60220718383789,299,840,841,702
13.60220718383789,299,841,841,702
13.60220718383789,299,841,841,702
13.60220718383789,299,842,841,702
13.60220718383789,299,842,841,701
13.60220718383789,299,842,841,701
13.60220718383789,299,842,841,701
13.60220718383789,299,842,841,701
13.60220718383789,299,842,841,701
13.60220718383789,299,841,841,701
13.60220718383789,299,840,841,701
13.60220718383789,300,840,841,702
13.60220718383789,300,840,841,702
13.60220718383789,300,840,841,702
13.60220718383789,300,840,838,701
13.60220718383789,300,841,838,701
13.617887258529663,300,841,838,700
13.619119644165039,300,841,838,700
13.619926452636719,300,841,838,700
13.619926452636719,300,841,838,700
13.619926452636719,300,840,838,700
13.619926452636719,299,839,838,700
13.619926452636719,299,838,838,700
13.619926452636719,299,838,838,700
13.619926452636719,299,838,838,700
13.619926452636719,300,838,838,700
13.619926452636719,299,838,838,700
13.619926452636719,299,838,838,700
13.619926452636719,299,838,838,700
13.619926452636719,299,838,838,700
13.619926452636719,299,838,838,700
13.619926452636719,299,838,838,700
13.619926452636719,299,838,838,700
13.619926452636719,300,838,838,700
13.633662462234497,300,838,838,700
13.633662462234497,300,838,838,700
13.633662462234497,300,838,840,700
13.633662462234497,300,838,840,701
13.633662462234497,300,837,840,701
13.633662462234497,300,838,840,701
13.633662462234497,300,838,840,701
13.633662462234497,300,838,840,701
13.633662462234497,300,839,840,701
13.64206600189209,300,839,840,701
13.64206600189209,300,840,840,701
13.64206600189209,300,840,840,701
13.64206600189209,300,840,840,701
13.64206600189209,300,841,840,701
13.64206600189209,300,841,840,701
13.64206600189209,300,840,840,701
13.64206600189209,300,840,840,701
13.64206600189209,300,840,840,701
13.649724960327148,300,840,840,701
13.649724960327148,300,840,840,701
13.649724960327148,300,840,840,701
13.649724960327148,300,840,840,701
13.649724960327148,300,840,840,701
13.649724960327148,300,840,840,701
13.649724960327148,300,840,838,700
13.649724960327148,299,840,838,700
13.649724960327148,299,840,838,700
13.649724960327148,299,840,838,700
13.649724960327148,300,840,838,700
13.649724960327148,300,839,838,700
13.649724960327148,299,839,838,700
13.649724960327148,299,839,838,700
13.649724960327148,299,838,838,700
13.649724960327148,299,838,838,700
13.649724960327148,300,838,838,700
13.6653733253479,300,838,838,700
13.666710376739502,299,838,838,700
13.667219638824463,299,838,838,700
13.667219638824463,299,838,838,700
13.667219638824463,299,838,838,700
13.667219638824463,300,838,838,700
13.667219638824463,299,838,838,700
13.667219638824463,299,838,838,700
13.667219638824463,299,838,838,700
13.667219638824463,300,838,838,700
13.667219638824463,300,838,838,700
13.667219638824463,300,838,838,700
13.667219638824463,300,838,840,700
13.667219638824463,300,838,840,701
13.667219638824463,300,838,840,701
13.667219638824463,300,838,840,701
13.667219638824463,299,838,840,701
13.68101692199707,299,838,840,701
13.68101692199707,299,839,840,701
13.68101692199707,299,839,840,701
13.68101692199707,299,840,840,701
13.68101692199707,300,840,840,701
13.68101692199707,300,840,840,701
13.68101692199707,300,840,840,701
13.68101692199707,300,840,840,701
13.68101692199707,300,840,840,701
13.68101692199707,300,840,840,701
13.68101692199707,300,840,840,701
13.68101692199707,300,840,840,701
13.68101692199707,300,840,840,701
13.68101692199707,299,840,840,701
13.68101692199707,299,840,840,701
13.68101692199707,299,840,840,701
13.68101692199707,300,840,840,701
13.68101692199707,300,840,838,701
13.696706533432007,300,840,838,700
13.696706533432007,300,840,838,700
13.696706533432007,300,840,838,700
13.696706533432007,300,839,838,700
13.696706533432007,300,839,838,700
13.696706533432007,300,839,838,700
13.696706533432007,300,839,838,700
13.696706533432007,300,838,838,700
13.696706533432007,300,838,838,700
13.696706533432007,299,838,838,700
13.696706533432007,299,838,838,700
13.696706533432007,299,838,838,700
13.696706533432007,299,838,838,700
13.696706533432007,300,838,838,700
13.696706533432007,300,838,838,700
13.696706533432007,300,838,838,700
13.696706533432007,300,838,838,700
13.712730884552002,300,838,838,700
13.712730884552002,300,838,838,700
13.712730884552002,300,838,838,700
13.712730884552002,300,838,838,700
13.712730884552002,300,838,840,700
13.712730884552002,300,838,840,701
13.712730884552002,300,838,840,701
13.712730884552002,300,838,840,701
13.712730884552002,300,838,840,701
13.712730884552002,300,838,840,701
13.712730884552002,300,839,840,701
13.712730884552002,300,839,840,701
13.712730884552002,300,839,840,701
13.712730884552002,299,840,840,701
13.712730884552002,299,840,840,701
13.712730884552002,300,840,840,701
13.712730884552002,300,840,840,701
13.712730884552002,299,840,840,701
13.728758811950684,299,840,840,701
13.728758811950684,299,840,840,701
13.730363368988037,299,840,840,701
13.730875968933105,299,840,840,701
13.730875968933105,299,840,840,701
13.730875968933105,299,840,840,701
13.730875968933105,300,840,840,701
13.730875968933105,300,840,840,701
13.730875968933105,300,840,840,701
13.730875968933105,300,840,838,701
13.730875968933105,300,840,838,700
13.730875968933105,299,840,838,700
13.730875968933105,300,840,838,700
13.730875968933105,299,840,838,700
13.730875968933105,300,839,838,700
13.74217414855957,300,839,838,700
13.74217414855957,300,838,838,700
13.74217414855957,300,838,838,700
13.744445085525513,300,838,838,700
13.744445085525513,300,838,838,700
13.744445085525513,300,838,838,700
13.744445085525513,300,838,838,700
13.744445085525513,300,838,838,700
13.744445085525513,300,838,838,700
13.744445085525513,300,838,838,700
13.744445085525513,299,838,838,700
13.744445085525513,299,838,838,700
13.744445085525513,299,838,838,700
13.744445085525513,300,838,838,700
13.744445085525513,300,838,838,700
13.744445085525513,300,838,838,700
13.744445085525513,300,838,840,701
13.744445085525513,300,838,840,701
13.744445085525513,300,838,840,701
13.744445085525513,300,838,840,701
13.76011037826538,300,838,840,701
13.76011037826538,300,838,840,701
13.76011037826538,300,839,840,702
13.76011037826538,300,839,840,701
13.76011037826538,300,840,840,701
13.76011037826538,300,840,840,701
13.76011037826538,300,840,840,701
13.76011037826538,300,840,840,701
13.76011037826538,300,840,840,701
13.76011037826538,300,840,840,701
13.76011037826538,300,840,840,701
13.76011037826538,300,840,840,701
13.76011037826538,300,840,840,701
13.76011037826538,300,840,840,701
13.76011037826538,300,840,840,701
13.76011037826538,300,840,840,701
13.76011037826538,300,840,840,701
13.76011037826538,300,840,840,701
13.775799036026001,300,840,838,701
13.777255535125732,300,840,838,701
13.777784824371338,300,840,838,700
13.777784824371338,300,840,838,700
13.777784824371338,300,840,838,700
13.777784824371338,300,840,838,700
13.777784824371338,300,839,838,700
13.777784824371338,300,839,838,700
13.777784824371338,300,839,838,700
13.783837080001831,300,838,838,700
13.783837080001831,299,838,838,700
13.783837080001831,299,838,838,700
13.783837080001831,299,838,838,700
13.783837080001831,299,838,838,700
13.783837080001831,299,838,838,700
13.783837080001831,300,838,838,700
13.783837080001831,299,838,838,700
13.783837080001831,299,838,838,700
13.783837080001831,299,838,838,700
13.793103456497192,299,838,838,700
13.795579433441162,300,838,838,700
13.795579433441162,300,838,838,700
13.795579433441162,300,838,840,701
13.796774625778198,300,838,840,701
13.79807710647583,300,838,840,701
13.799086093902588,300,838,840,701
13.799086093902588,300,839,840,701
13.800086736679077,300,839,840,701
13.801086664199829,300,839,840,701
13.802087783813477,300,839,840,701
13.803086280822754,300,840,840,701
13.804089307785034,300,840,840,701
13.805087804794312,300,840,840,701
13.805087804794312,300,840,840,701
13.8060884475708,300,840,840,701
13.807087659835815,300,840,840,701
13.808089256286621,300,840,840,701
13.809086799621582,300,840,840,701
13.810089349746704,300,840,840,701
13.811089515686035,300,840,840,701
13.812469720840454,300,840,840,701
13.813129425048828,300,840,840,701
13.81412959098816,300,840,840,701
13.815197944641113,300,840,840,701
13.815197944641113,300,840,838,701
13.816208362579346,300,840,838,701
13.81720781326294,300,840,838,701
13.818205833435059,300,840,838,700
13.819208860397339,300,840,838,700
13.820209980010986,300,840,838,700
13.821209907531738,300,839,838,700
13.821209907531738,300,839,838,700
13.823208332061768,299,839,838,700
13.823208332061768,299,838,838,700
13.824212074279785,300,838,838,700
13.825210332870483,299,838,838,700
13.826210260391235,299,838,838,700
13.827211856842041,300,838,838,700
13.828223943710327,300,838,838,700
13.828223943710327,299,838,838,700
13.828223943710327,300,838,838,700
13.828223943710327,300,838,838,700
13.828223943710327,299,838,838,700
13.828223943710327,299,838,838,700
13.828223943710327,299,838,838,700
13.828223943710327,299,838,838,700
13.828223943710327,300,838,838,700
13.828223943710327,300,838,840,701
13.828223943710327,300,838,840,701
13.828223943710327,300,838,840,701
13.828223943710327,300,838,840,701
13.828223943710327,300,838,840,701
13.828223943710327,300,838,840,701
13.828223943710327,300,839,840,701
13.842334747314453,300,839,840,701
13.842334747314453,300,840,840,701
13.844091892242432,300,840,840,701
13.844091892242432,300,840,840,701
13.84630036354065,300,840,840,701
13.84630036354065,300,840,840,701
13.84630036354065,300,840,840,701
13.84630036354065,300,840,840,701
13.84630036354065,300,840,840,701
13.84630036354065,300,840,840,701
13.84630036354065,300,840,840,701
13.84630036354065,300,840,840,701
13.84630036354065,300,840,840,701
13.84630036354065,300,840,840,701
13.84630036354065,300,840,840,701
13.84630036354065,300,840,838,701
13.84630036354065,300,840,838,700
13.84630036354065,300,840,838,700
13.84630036354065,300,840,838,700
13.859845876693726,300,839,838,700
13.859845876693726,300,839,838,700
13.861555814743042,300,839,838,700
13.862577676773071,300,839,838,700
13.863542318344116,300,838,838,700
13.863542318344116,300,838,838,700
13.864554643630981,300,838,838,700
13.865552186965942,300,838,838,700
13.866560459136963,300,838,838,700
13.867563009262085,300,838,838,700
13.868552446365356,300,838,838,700
13.869555234909058,300,838,838,700
13.870553731918335,300,838,838,700
13.871556758880615,300,838,838,700
13.872563600540161,300,838,838,700
13.872563600540161,300,838,838,700
13.873554706573486,300,838,838,700
13.87455439567566,300,838,838,700
13.875566005706787,300,838,840,701
13.876553773880005,300,838,840,701
13.877551555633545,300,838,840,701
13.878554105758667,300,838,840,701
13.879567384719849,300,838,840,701
13.880539655685425,300,839,840,701
13.881060123443604,300,839,840,701
13.882073640823364,300,839,840,701
13.883071184158325,300,840,840,701
13.883071184158325,300,840,840,701
13.884072303771973,300,840,840,701
13.885071039199829,300,840,840,701
13.886072397232056,300,840,840,701
13.887070178985596,300,840,840,701
13.888072490692139,300,840,840,701
13.889073371887207,300,840,840,701
13.890076398849487,300,840,840,701
13.891073942184448,300,840,840,701
13.891073942184448,300,840,840,701
13.892200469970703,300,840,840,701
13.893213748931885,300,840,840,701
13.895217418670654,300,840,840,701
13.895546436309814,300,840,840,701
13.896093130111694,300,840,838,701
13.897545576095581,300,840,838,700
13.898237943649292,300,840,838,700
13.898237943649292,300,840,838,700
13.898237943649292,300,840,838,700
13.898237943649292,300,839,838,700
13.898237943649292,300,839,838,700
13.898237943649292,300,838,838,700
13.898237943649292,300,838,838,700
13.898237943649292,300,838,838,700
13.898237943649292,300,838,838,700
13.898237943649292,300,838,838,700
13.898237943649292,300,838,838,700
13.898237943649292,300,838,838,700
13.898237943649292,300,838,838,700
13.898237943649292,300,838,838,700
13.898237943649292,300,838,838,700
13.898237943649292,300,838,838,700
13.912813186645508,300,838,838,700
13.912813186645508,300,838,838,700
13.912813186645508,300,838,838,700
13.912813186645508,300,839,838,700
13.912813186645508,300,839,840,700
13.912813186645508,300,839,840,700
13.912813186645508,300,838,840,700
13.912813186645508,300,838,840,701
13.912813186645508,300,837,840,701
13.912813186645508,300,837,840,701
13.912813186645508,300,837,840,701
13.912813186645508,300,838,840,702
13.912813186645508,300,839,840,702
13.912813186645508,300,839,840,702
13.912813186645508,300,840,840,702
13.912813186645508,300,841,840,701
13.912813186645508,300,841,840,701
13.912813186645508,300,842,840,701
13.928510189056396,299,842,840,701
13.928510189056396,300,842,840,701
13.928510189056396,300,841,840,701
13.928510189056396,300,840,840,701
13.928510189056396,300,840,840,701
13.928510189056396,300,840,840,701
13.928510189056396,300,840,840,701
13.928510189056396,300,840,840,701
13.928510189056396,300,840,838,700
13.928510189056396,300,839,838,700
13.928510189056396,300,839,838,700
13.928510189056396,300,839,838,700
13.928510189056396,300,839,838,700
13.928510189056396,300,839,838,700
13.928510189056396,300,839,838,700
13.942589521408081,300,838,838,700
13.942589521408081,300,838,838,700
13.944346904754639,300,838,838,700
13.944346904754639,300,838,838,700
13.945936441421509,300,838,838,700
13.946199655532837,300,838,838,700
13.946199655532837,300,838,838,700
13.946199655532837,299,838,838,700
13.946199655532837,299,838,838,700
13.946199655532837,299,838,838,700
13.946199655532837,299,838,838,700
13.946199655532837,299,838,838,700
13.946199655532837,299,838,838,700
13.946199655532837,299,838,838,700
13.946199655532837,299,838,838,700
13.946199655532837,299,838,838,700
13.946199655532837,300,838,839,700
13.946199655532837,300,838,839,700
13.946199655532837,300,838,839,700
13.946199655532837,300,838,839,701
13.96012806892395,300,838,839,701
13.96012806892395,300,838,839,701
13.96012806892395,300,838,839,701
13.96012806892395,300,839,839,701
13.96012806892395,300,839,839,701
13.96012806892395,300,839,839,701
13.96012806892395,300,840,839,700
13.96012806892395,300,840,839,700
13.96012806892395,300,840,839,700
13.96012806892395,300,840,839,700
13.96012806892395,300,840,839,700
13.96012806892395,300,839,839,700
13.96012806892395,300,839,839,700
13.96012806892395,300,839,839,700
13.96012806892395,300,838,839,700
13.96012806892395,300,838,839,701
13.96012806892395,300,838,839,701
13.975779294967651,300,838,839,701
13.975779294967651,300,838,839,701
13.975779294967651,300,839,839,701
13.975779294967651,300,839,839,701
13.975779294967651,300,840,839,701
13.975779294967651,300,840,839,700
13.975779294967651,300,840,839,700
13.975779294967651,300,840,839,700
13.975779294967651,300,839,839,700
13.975779294967651,300,839,839,700
13.975779294967651,300,839,839,700
13.975779294967651,300,839,839,700
13.975779294967651,300,838,839,700
13.975779294967651,300,838,839,701
13.975779294967651,300,838,839,701
13.975779294967651,300,838,839,701
13.975779294967651,300,838,839,701
13.991456270217896,300,839,839,701
13.991456270217896,300,839,839,701
13.991456270217896,300,839,839,701
13.99413275718689,300,840,839,701
13.994987964630127,300,840,839,700
13.994987964630127,300,840,839,700
13.994987964630127,300,840,839,700
13.994987964630127,300,840,839,700
13.994987964630127,300,839,839,700
13.994987964630127,300,839,839,700
13.994987964630127,300,838,839,701
13.994987964630127,300,838,839,701
13.994987964630127,300,838,839,701
13.994987964630127,300,838,839,701
13.994987964630127,300,839,839,701
13.994987964630127,300,839,839,701
13.994987964630127,300,839,839,701
14.007130146026611,300,840,839,701
14.007770776748657,300,840,839,700
14.008265256881714,300,840,839,701
14.008265256881714,300,840,839,700
14.008265256881714,300,839,839,700
14.008265256881714,300,839,839,700
14.008265256881714,300,839,839,700
14.008265256881714,300,839,839,700
14.008265256881714,300,838,839,701
14.008265256881714,300,838,839,701
14.008265256881714,300,838,839,701
14.008265256881714,300,838,839,701
14.008265256881714,300,838,839,701
14.008265256881714,300,839,839,701
14.008265256881714,300,839,839,701
14.008265256881714,300,839,839,701
14.008265256881714,300,840,839,701
14.008265256881714,300,840,839,701
14.023258209228516,300,839,839,700
14.023258209228516,300,839,839,701
14.023258209228516,300,839,839,701
14.023258209228516,300,839,839,701
14.023258209228516,300,839,839,701
14.023258209228516,300,839,839,701
14.023258209228516,300,840,839,700
14.023258209228516,299,839,839,701
14.023258209228516,300,839,839,701
14.023258209228516,300,839,839,701
14.023258209228516,300,839,839,701
14.023258209228516,300,839,839,701
14.023258209228516,300,839,839,701
14.023258209228516,300,839,839,701
14.023258209228516,300,840,839,701
14.023258209228516,300,840,839,700
14.023258209228516,300,840,839,700
14.023258209228516,300,840,839,700
14.038843393325806,300,839,839,700
14.040279150009155,300,839,839,700
14.040966987609863,300,839,839,700
14.040966987609863,300,838,839,700
14.042981147766113,300,837,839,700
14.042981147766113,300,837,839,701
14.042981147766113,300,837,839,701
14.042981147766113,300,837,839,701
14.042981147766113,300,838,839,701
14.042981147766113,300,838,839,701
14.042981147766113,300,839,839,701
14.042981147766113,300,839,839,701
14.042981147766113,300,839,839,701
14.042981147766113,300,839,839,701
14.042981147766113,300,840,839,701
14.042981147766113,300,840,839,701
14.042981147766113,300,840,839,701
14.054691314697266,300,840,839,701
14.054691314697266,300,840,839,701
14.054691314697266,300,840,839,700
14.054691314697266,300,840,839,700
14.054691314697266,300,840,839,700
14.054691314697266,300,839,839,700
14.054691314697266,300,839,839,700
14.054691314697266,300,838,839,700
14.054691314697266,300,838,839,701
14.054691314697266,300,838,839,701
14.054691314697266,300,838,839,701
14.054691314697266,300,838,839,701
14.054691314697266,300,838,839,701
14.054691314697266,300,838,839,701
14.054691314697266,300,839,839,701
14.054691314697266,300,839,839,701
14.054691314697266,300,839,839,701
14.054691314697266,300,839,839,701
14.07052493095398,300,840,839,701
14.071794748306274,300,840,839,701
14.071794748306274,300,840,839,700
14.071794748306274,300,840,839,700
14.071794748306274,300,840,839,700
14.071794748306274,300,839,839,700
14.071794748306274,300,839,839,700
14.071794748306274,300,839,839,700
14.071794748306274,300,838,839,700
14.071794748306274,300,838,839,701
14.071794748306274,300,838,839,701
14.071794748306274,300,837,839,701
14.071794748306274,300,837,839,701
14.071794748306274,300,838,839,701
14.071794748306274,300,838,839,701
14.071794748306274,300,839,839,701
14.071794748306274,300,839,839,701
14.08626413345337,300,840,839,701
14.08626413345337,300,840,839,701
14.08626413345337,300,840,839,701
14.08626413345337,300,840,839,701
14.08626413345337,300,840,839,700
14.08626413345337,300,840,839,700
14.08626413345337,300,840,839,700
14.08626413345337,300,839,839,700
14.08626413345337,300,839,839,700
14.08626413345337,300,838,839,700
14.08626413345337,300,838,839,701
14.08626413345337,300,838,839,701
14.08626413345337,301,838,839,701
14.08626413345337,301,838,839,701
14.08626413345337,300,838,839,701
14.08626413345337,300,839,839,701
14.08626413345337,300,839,839,701
14.08626413345337,300,840,839,701
14.10275387763977,300,840,839,701
14.103167533874512,300,839,839,700
14.103167533874512,300,839,839,701
14.103167533874512,300,839,839,701
14.103167533874512,300,839,839,701
14.103167533874512,300,839,839,701
14.103167533874512,300,839,839,701
14.103167533874512,300,839,839,701
14.103167533874512,300,839,839,701
14.103167533874512,300,839,839,701
14.103167533874512,300,839,839,701
14.103167533874512,300,839,839,701
14.103167533874512,300,840,839,700
14.103167533874512,300,840,839,700
14.103167533874512,300,840,839,700
14.103167533874512,300,840,839,700
14.103167533874512,300,840,839,700
14.11760687828064,300,839,839,700
14.11760687828064,300,838,839,700
14.11760687828064,300,838,839,700
14.11760687828064,300,837,839,701
14.11760687828064,300,837,839,701
14.11760687828064,300,837,839,701
14.11760687828064,300,838,839,701
14.11760687828064,300,838,839,701
14.11760687828064,300,839,839,701
14.11760687828064,300,840,839,701
14.11760687828064,300,840,839,701
14.11760687828064,300,840,839,701
14.11760687828064,300,840,839,701
14.11760687828064,300,840,839,701
14.11760687828064,300,840,839,701
14.11760687828064,300,840,839,700
14.11760687828064,300,840,839,700
14.133430242538452,300,840,839,700
14.133430242538452,300,839,839,700
14.133430242538452,300,839,839,700
14.133430242538452,300,838,839,700
14.133430242538452,300,838,839,701
14.133430242538452,300,838,839,701
14.133430242538452,300,838,839,701
14.133430242538452,300,838,839,701
14.133430242538452,300,838,839,701
14.133430242538452,300,839,839,701
14.133430242538452,300,839,839,701
14.143108129501343,300,839,839,701
14.143108129501343,300,840,839,701
14.143108129501343,300,840,839,701
14.143108129501343,300,840,839,701
14.143108129501343,300,840,839,700
14.143108129501343,299,840,839,700
14.143108129501343,300,840,839,700
14.149159669876099,300,840,839,700
14.149159669876099,300,839,839,700
14.149159669876099,300,839,839,700
14.149159669876099,300,838,839,700
14.149159669876099,300,838,839,701
14.149159669876099,300,838,839,701
14.149159669876099,300,838,839,701
14.149159669876099,300,838,839,701
14.149159669876099,300,839,839,701
14.149159669876099,300,839,839,701
14.149159669876099,300,839,839,701
14.149159669876099,300,839,839,701
14.149159669876099,300,839,839,701
14.149159669876099,300,839,839,701
14.149159669876099,300,840,839,700
14.149159669876099,299,840,839,700
14.149159669876099,299,839,839,700
14.16486382484436,299,839,839,700
14.16603136062622,299,839,839,700
14.16603136062622,299,839,839,700
14.167808532714844,299,838,839,700
14.167808532714844,299,838,839,701
14.167808532714844,299,838,839,701
14.167808532714844,299,838,839,701
14.167808532714844,300,838,839,701
14.167808532714844,300,838,839,701
14.167808532714844,300,839,839,701
14.167808532714844,300,839,839,701
14.167808532714844,300,839,839,701
14.167808532714844,300,840,839,701
14.167808532714844,300,839,839,701
14.167808532714844,300,840,839,701
14.167808532714844,300,840,839,700
14.167808532714844,300,840,839,700
14.180548906326294,300,839,839,700
14.181346416473389,300,839,839,700
14.181346416473389,300,839,839,700
14.181346416473389,300,838,839,700
14.181346416473389,300,838,839,701
14.181346416473389,300,838,839,701
14.181346416473389,300,838,839,701
14.181346416473389,300,838,839,701
14.181346416473389,300,838,839,701
14.181346416473389,300,839,839,701
14.181346416473389,300,839,839,701
14.181346416473389,300,839,839,701
14.181346416473389,300,839,839,701
14.181346416473389,300,839,839,701
14.181346416473389,300,840,839,701
14.181346416473389,300,840,839,701
14.181346416473389,300,840,839,701
14.181346416473389,300,840,839,700
14.196252346038818,300,840,839,700
14.196252346038818,300,839,839,700
14.196252346038818,300,839,839,700
14.196252346038818,300,839,839,700
14.196252346038818,300,838,839,700
14.196252346038818,300,838,839,701
14.196252346038818,300,837,839,701
14.196252346038818,300,837,839,701
14.196252346038818,300,837,839,701
14.196252346038818,300,838,839,702
14.196252346038818,300,838,839,702
14.196252346038818,300,839,839,701
14.196252346038818,300,840,839,701
14.196252346038818,300,840,839,701
14.196252346038818,300,840,839,701
14.196252346038818,300,840,839,701
14.196252346038818,300,840,839,701
14.212026119232178,300,840,839,701
14.212026119232178,300,840,839,701
14.21404767036438,300,840,839,701
14.214901447296143,300,840,839,700
14.214901447296143,300,840,839,700
14.214901447296143,300,840,839,700
14.214901447296143,300,839,839,700
14.214901447296143,300,839,839,700
14.214901447296143,300,839,839,700
14.214901447296143,300,838,839,700
14.214901447296143,300,838,839,701
14.214901447296143,300,838,839,701
14.214901447296143,300,838,839,701
14.214901447296143,300,838,839,701
14.214901447296143,300,839,839,701
14.214901447296143,300,839,839,701
14.214901447296143,300,839,839,701
14.228018999099731,300,839,839,701
14.228018999099731,300,839,839,701
14.23002314567566,300,839,839,701
14.23002314567566,300,839,839,701
14.23002314567566,300,840,839,701
14.23002314567566,300,840,839,700
14.23002314567566,300,840,839,700
14.23002314567566,300,840,839,700
14.23002314567566,300,840,839,700
14.23002314567566,300,839,839,700
14.23002314567566,300,839,839,700
14.23002314567566,300,839,839,700
14.23002314567566,300,838,839,701
14.23002314567566,300,838,839,701
14.23002314567566,300,838,839,701
14.23002314567566,300,838,839,701
14.23002314567566,300,838,839,701
14.242994785308838,300,839,839,701
14.24401307106018,300,839,839,701
14.24401307106018,300,839,839,701
14.24401307106018,300,839,839,701
14.24401307106018,300,840,839,701
14.24401307106018,300,840,839,701
14.24401307106018,299,840,839,700
14.24401307106018,299,840,839,700
14.24401307106018,299,840,839,700
14.24401307106018,299,839,839,700
14.24401307106018,299,839,839,700
14.24401307106018,300,838,839,700
14.24401307106018,300,838,839,700
14.24401307106018,300,838,839,701
14.24401307106018,300,838,839,701
14.24401307106018,300,838,839,701
14.24401307106018,300,838,839,701
14.24401307106018,300,838,839,701
14.259704113006592,300,839,839,701
14.259704113006592,300,839,839,701
14.261219501495361,300,840,839,701
14.262575626373291,300,840,839,701
14.262575626373291,300,840,839,701
14.262575626373291,300,840,839,700
14.262575626373291,300,840,839,700
14.262575626373291,299,839,839,700
14.262575626373291,299,840,839,701
14.262575626373291,299,840,839,700
14.262575626373291,299,839,839,700
14.262575626373291,299,839,839,700
14.262575626373291,300,838,839,701
14.262575626373291,300,838,839,701
14.262575626373291,300,838,839,701
14.262575626373291,300,838,839,701
14.262575626373291,300,839,839,701
14.262575626373291,300,839,839,701
14.275795698165894,300,839,839,701
14.275795698165894,300,840,839,701
14.275795698165894,300,840,839,700
14.275795698165894,300,840,839,700
14.275795698165894,300,840,839,700
14.275795698165894,300,840,839,700
14.275795698165894,300,838,839,700
14.275795698165894,300,838,839,701
14.275795698165894,300,837,839,701
14.275795698165894,300,837,839,701
14.275795698165894,300,837,839,701
14.275795698165894,300,838,839,701
14.275795698165894,300,838,839,701
14.275795698165894,300,839,839,701
14.275795698165894,300,839,839,701
14.275795698165894,300,839,839,701
14.275795698165894,300,839,839,701
14.291482210159302,300,840,839,701
14.291482210159302,300,840,839,701
14.291482210159302,300,840,839,701
14.291482210159302,300,840,839,701
14.291482210159302,300,840,839,701
14.291482210159302,300,840,839,701
14.291482210159302,300,840,839,701
14.291482210159302,300,840,839,700
14.291482210159302,300,840,839,700
14.291482210159302,300,840,839,700
14.291482210159302,300,839,839,700
14.291482210159302,300,839,839,700
14.291482210159302,300,839,839,700
14.291482210159302,300,838,839,701
14.291482210159302,300,838,839,701
14.291482210159302,300,838,839,701
14.291482210159302,300,838,839,701
14.291482210159302,300,838,839,701
14.307258129119873,300,839,839,701
14.308786392211914,299,839,839,701
14.309271335601807,300,839,839,701
14.309271335601807,300,840,839,701
14.309271335601807,300,840,839,700
14.312138795852661,300,840,839,700
14.313153505325317,300,840,839,700
14.314152717590332,300,839,839,700
14.315152406692505,300,839,839,700
14.315152406692505,300,838,839,700
14.31615161895752,300,839,839,701
14.317254543304443,301,838,839,701
14.318358421325684,301,838,839,701
14.319467544555664,301,838,839,701
14.319467544555664,300,838,839,701
14.320537090301514,300,838,839,701
14.32148551940918,300,839,839,701
14.32254934310913,300,839,839,701
14.323487043380737,300,839,839,701
14.324480295181274,300,839,839,701
14.32549524307251,300,839,839,701
14.326483964920044,300,840,839,701
14.327483415603638,300,840,839,701
14.328500509262085,300,840,839,700
14.328847646713257,300,840,839,700
14.330074548721313,300,839,839,700
14.331060886383057,300,839,839,700
14.332062005996704,300,839,839,700
14.333061933517456,300,839,839,700
14.334060907363892,300,838,839,700
14.334060907363892,300,838,839,701
14.336062908172607,300,838,839,701
14.336854457855225,300,838,839,701
14.337129354476929,300,838,839,701
14.338144302368164,300,838,839,701
14.339141607284546,300,839,839,701
14.340140342712402,300,839,839,701
14.341143131256104,300,840,839,701
14.342142105102539,300,840,839,701
14.343139410018921,300,840,839,701
14.343139410018921,300,840,839,701
14.345131397247314,300,840,839,700
14.345131397247314,300,840,839,700
14.345131397247314,300,840,839,700
14.345131397247314,300,840,839,700
14.345131397247314,300,839,839,700
14.345131397247314,300,839,839,700
14.345131397247314,300,838,839,701
14.345131397247314,300,838,839,701
14.345131397247314,300,838,839,701
14.345131397247314,300,838,839,701
14.345131397247314,300,838,839,701
14.345131397247314,300,838,839,701
14.345131397247314,300,839,839,701
14.345131397247314,300,839,839,701
14.345131397247314,300,840,839,701
14.345131397247314,300,840,839,701
14.345131397247314,300,840,839,701
14.3600594997406,300,840,839,700
14.3600594997406,300,839,839,700
14.362289905548096,300,839,839,701
14.363114833831787,300,839,839,701
14.363114833831787,300,838,839,701
14.364915609359741,300,838,839,701
14.365931987762451,300,838,839,701
14.365931987762451,299,838,839,701
14.36693000793457,299,839,839,701
14.367928981781006,299,839,839,701
14.36893081665039,299,840,839,701
14.36993145942688,300,840,839,700
14.370932579040527,300,840,839,700
14.371933221817017,300,840,839,700
14.372936010360718,299,840,839,700
14.37393307685852,299,839,839,700
14.374932765960693,299,839,839,700
14.375935554504395,299,838,839,700
14.376930952072144,300,838,839,701
14.376930952072144,300,838,839,701
14.377932071685791,300,838,839,701
14.379145622253418,300,838,839,701
14.380167961120605,300,838,839,701
14.381160974502563,300,839,839,701
14.382335424423218,300,839,839,701
14.383151054382324,300,839,839,701
14.383151054382324,299,840,839,701
14.384159803390503,299,840,839,701
14.385159015655518,300,840,839,700
14.386159420013428,300,840,839,700
14.387159824371338,300,840,839,700
14.388160228729248,300,839,839,700
14.38916301727295,300,839,839,700
14.39016079902649,300,839,839,700
14.391165494918823,300,838,839,700
14.392163038253784,300,838,839,701
14.393162965774536,300,838,839,701
14.394162654876709,300,838,839,701
14.395165205001831,300,838,839,701
14.395165205001831,300,838,839,701
14.395165205001831,300,839,839,701
14.395165205001831,300,839,839,701
14.395165205001831,300,840,839,701
14.395165205001831,300,840,839,701
14.395165205001831,300,840,839,700
14.395165205001831,300,839,839,700
14.395165205001831,300,839,839,700
14.395165205001831,300,839,839,701
14.395165205001831,300,839,839,701
14.395165205001831,300,839,839,701
14.395165205001831,300,839,839,701
14.395165205001831,300,839,839,701
14.395165205001831,300,839,839,701
14.395165205001831,300,840,839,701
14.395165205001831,300,840,839,701
14.395165205001831,300,840,839,700
14.41089677810669,300,840,839,700
14.41089677810669,300,840,839,700
14.41089677810669,300,840,839,700
14.41089677810669,300,839,839,700
14.41089677810669,300,839,839,700
14.41089677810669,300,838,839,700
14.41089677810669,300,838,839,700
14.41089677810669,300,838,839,701
14.41089677810669,300,838,839,701
14.41089677810669,300,838,839,701
14.41089677810669,300,838,839,701
14.41089677810669,300,838,839,701
14.41089677810669,300,839,839,701
14.41089677810669,300,839,839,701
14.41089677810669,300,839,839,701
14.41089677810669,300,840,839,701
14.41089677810669,300,840,839,700
14.41089677810669,300,840,839,700
14.426709651947021,300,840,839,700
14.426709651947021,300,840,839,700
14.426709651947021,300,839,839,700
14.426709651947021,300,839,839,700
14.426709651947021,300,838,839,700
14.426709651947021,300,838,839,701
14.426709651947021,300,838,839,701
14.426709651947021,300,838,839,701
14.426709651947021,300,838,839,701
14.426709651947021,300,838,839,701
14.426709651947021,300,839,839,701
14.426709651947021,300,839,839,701
14.426709651947021,300,840,839,701
14.426709651947021,300,840,839,701
14.426709651947021,300,840,839,700
14.426709651947021,300,840,839,700
14.426709651947021,301,839,839,700
14.442365169525146,300,839,839,700
14.443892240524292,300,839,839,700
14.443892240524292,300,838,839,701
14.443892240524292,300,838,839,701
14.447080135345459,300,838,839,701
14.447465181350708,300,838,839,701
14.447465181350708,300,838,839,701
14.447465181350708,300,839,839,701
14.447465181350708,300,839,839,701
14.447465181350708,300,840,839,701
14.447465181350708,300,840,839,701
14.447465181350708,300,840,839,701
14.447465181350708,300,840,839,700
14.447465181350708,300,839,839,700
14.447465181350708,300,839,839,701
14.447465181350708,300,839,839,701
14.447465181350708,300,839,839,701
14.458355903625488,300,839,839,701
14.458355903625488,300,839,839,701
14.458355903625488,300,839,839,701
14.458355903625488,300,839,839,701
14.458355903625488,300,840,839,700
14.458355903625488,300,840,839,700
14.458355903625488,300,840,839,700
14.458355903625488,300,840,839,700
14.458355903625488,300,840,839,700
14.458355903625488,300,839,839,700
14.458355903625488,300,839,839,700
14.458355903625488,300,838,839,700
14.458355903625488,300,838,839,700
14.458355903625488,300,838,839,700
14.458355903625488,300,838,839,701
14.458355903625488,299,838,839,701
14.458355903625488,299,838,839,701
14.458355903625488,300,838,839,701
14.474300384521484,299,839,839,701
14.474300384521484,299,839,839,701
14.474300384521484,299,840,839,701
14.474300384521484,299,840,838,700
14.474300384521484,299,840,838,700
14.474300384521484,300,840,838,700
14.474300384521484,300,840,838,700
14.474300384521484,300,839,838,699
14.474300384521484,300,839,838,700
14.474300384521484,300,838,838,700
14.474300384521484,300,838,838,700
14.474300384521484,299,837,838,700
14.474300384521484,299,837,838,700
14.474300384521484,299,837,838,700
14.474300384521484,299,837,838,700
14.474300384521484,299,837,838,700
14.474300384521484,299,838,838,700
14.474300384521484,299,838,838,700
14.489999055862427,299,838,838,700
14.491687536239624,299,838,838,700
14.49224591255188,299,838,838,700
14.49224591255188,299,838,838,700
14.49224591255188,299,838,838,700
14.49224591255188,299,838,838,700
14.49224591255188,299,838,838,700
14.49224591255188,299,838,839,700
14.49224591255188,299,838,839,700
14.49224591255188,300,838,839,700
14.49224591255188,300,838,839,701
14.49224591255188,300,838,839,701
14.49224591255188,300,838,839,701
14.49224591255188,300,838,839,701
14.49224591255188,300,838,839,701
14.49224591255188,300,839,839,701
14.49224591255188,300,839,839,701
14.505702018737793,300,840,839,701
14.505702018737793,300,840,839,700
14.505702018737793,300,840,839,700
14.505702018737793,300,840,839,700
14.505702018737793,300,840,839,700
14.505702018737793,299,839,839,700
14.505702018737793,299,839,839,700
14.505702018737793,299,838,839,701
14.505702018737793,299,838,839,701
14.505702018737793,299,838,839,701
14.505702018737793,299,838,839,701
14.505702018737793,299,839,839,701
14.505702018737793,354,839,838,700
14.505702018737793,354,840,838,700
14.505702018737793,354,840,838,700
14.505702018737793,354,840,838,700
14.505702018737793,300,840,838,700
14.505702018737793,300,839,838,700
14.521823406219482,300,838,838,700
14.521823406219482,300,838,838,700
14.521823406219482,300,838,838,700
14.521823406219482,300,837,838,700
14.521823406219482,300,837,838,700
14.521823406219482,300,837,838,700
14.521823406219482,300,838,838,700
14.521823406219482,300,838,838,700
14.521823406219482,300,838,838,700
14.521823406219482,300,838,838,700
14.521823406219482,300,838,838,700
14.521823406219482,300,838,838,700
14.521823406219482,300,838,838,700
14.521823406219482,300,838,838,700
14.521823406219482,300,838,838,700
14.521823406219482,300,838,838,700
14.521823406219482,300,838,840,701
14.53764295578003,300,838,840,701
14.53867483139038,300,838,840,701
14.53867483139038,300,838,840,701
14.53867483139038,300,839,840,701
14.53867483139038,300,839,840,701
14.53867483139038,300,839,840,701
14.53867483139038,300,840,840,701
14.543401718139648,300,840,840,701
14.543401718139648,300,840,840,701
14.543401718139648,300,840,840,701
14.543401718139648,300,840,840,701
14.543401718139648,300,840,840,701
14.543401718139648,300,840,840,701
14.543401718139648,300,840,840,701
14.543401718139648,300,840,840,701
14.543401718139648,300,840,840,701
14.543401718139648,300,840,840,701
14.543401718139648,300,840,840,701
14.553377389907837,300,840,840,701
14.553377389907837,300,840,840,701
14.553377389907837,300,840,840,701
14.553377389907837,300,840,837,700
14.553377389907837,300,840,837,700
14.553377389907837,300,840,837,700
14.553377389907837,300,840,837,700
14.553377389907837,300,840,837,700
14.553377389907837,300,839,837,699
14.553377389907837,300,839,837,699
14.553377389907837,300,838,837,699
14.553377389907837,300,837,837,699
14.553377389907837,300,836,837,700
14.553377389907837,300,836,837,700
14.553377389907837,300,836,837,700
14.553377389907837,300,836,837,700
14.553377389907837,300,836,837,700
14.569112300872803,300,837,837,700
14.570500373840332,299,837,837,700
14.570500373840332,299,838,837,700
14.570500373840332,299,838,837,700
14.570500373840332,299,838,837,700
14.570500373840332,299,838,837,699
14.570500373840332,299,838,837,699
14.570500373840332,299,838,837,699
14.570500373840332,299,838,839,700
14.570500373840332,300,837,839,700
14.570500373840332,300,837,839,700
14.570500373840332,300,837,839,700
14.570500373840332,300,837,839,700
14.570500373840332,300,837,839,701
14.570500373840332,300,837,839,701
14.570500373840332,300,838,839,701
14.570500373840332,300,838,839,701
14.570500373840332,300,839,839,701
14.58497142791748,300,839,839,701
14.58497142791748,300,840,839,701
14.58497142791748,300,840,839,700
14.58497142791748,300,840,839,700
14.58497142791748,299,840,839,700
14.58497142791748,299,840,839,700
14.58497142791748,299,840,839,700
14.58497142791748,299,839,839,700
14.58497142791748,300,839,839,700
14.58497142791748,300,839,839,700
14.58497142791748,300,838,839,700
14.58497142791748,300,838,839,700
14.58497142791748,300,838,838,700
14.58497142791748,300,838,838,700
14.58497142791748,300,838,838,700
14.58497142791748,300,838,838,700
14.58497142791748,300,839,838,700
14.600769281387329,300,838,838,700
14.600769281387329,300,838,838,700
14.600769281387329,300,838,838,700
14.600769281387329,300,838,838,700
14.600769281387329,299,838,838,700
14.600769281387329,299,838,838,700
14.600769281387329,299,838,838,700
14.600769281387329,299,838,838,700
14.600769281387329,299,838,838,700
14.600769281387329,299,838,838,700
14.600769281387329,300,838,838,700
14.600769281387329,300,838,838,700
14.600769281387329,300,839,838,700
14.600769281387329,300,838,838,700
14.600769281387329,300,838,838,700
14.600769281387329,300,838,838,700
14.600769281387329,300,838,838,700
14.600769281387329,300,838,838,700
14.616478681564331,300,838,838,700
14.618061065673828,300,838,838,700
14.618530750274658,300,838,838,700
14.619587182998657,300,838,838,700
14.619982957839966,300,838,838,700
14.619982957839966,300,838,838,700
14.619982957839966,300,838,838,700
14.619982957839966,300,838,838,700
14.619982957839966,300,838,838,700
14.619982957839966,300,839,838,700
14.619982957839966,300,838,838,700
14.619982957839966,300,838,838,700
14.619982957839966,300,838,838,700
14.619982957839966,300,838,838,700
14.619982957839966,300,838,838,700
14.619982957839966,300,838,838,700
14.619982957839966,300,838,838,700
14.619982957839966,300,838,838,700
14.632387161254883,300,838,838,700
14.632387161254883,300,838,838,700
14.632387161254883,300,838,838,700
14.632387161254883,300,838,838,700
14.632387161254883,300,838,838,700
14.632387161254883,300,838,838,700
14.632387161254883,300,838,838,700
14.632387161254883,300,838,838,700
14.632387161254883,300,838,838,700
14.632387161254883,300,838,838,700
14.632387161254883,300,838,838,700
14.632387161254883,300,838,838,700
14.643378257751465,300,838,838,700
14.643378257751465,300,838,838,700
14.643378257751465,300,837,838,700
14.643378257751465,300,837,838,700
14.643378257751465,300,838,838,700
14.648062944412231,300,838,838,700
14.648885011672974,300,838,838,700
14.649404525756836,300,839,838,700
14.649404525756836,300,838,838,700
14.649404525756836,300,838,838,700
14.649404525756836,300,838,838,700
14.649404525756836,300,838,838,700
14.649404525756836,300,838,838,700
14.649404525756836,300,838,838,700
14.649404525756836,300,838,838,700
14.649404525756836,300,838,838,700
14.649404525756836,300,838,838,700
14.649404525756836,300,838,838,700
14.649404525756836,300,838,838,700
14.649404525756836,300,838,838,700
14.649404525756836,300,838,838,700
14.649404525756836,300,838,838,700
14.649404525756836,300,838,838,700
14.649404525756836,300,838,838,700
14.664009094238281,300,838,838,700
14.664009094238281,300,838,838,700
14.664009094238281,300,838,838,700
14.664009094238281,300,838,838,700
14.664009094238281,300,838,838,700
14.664009094238281,300,838,838,700
14.664009094238281,300,838,838,700
14.664009094238281,300,838,838,700
14.664009094238281,300,838,838,700
14.664009094238281,300,838,838,700
14.664009094238281,300,838,838,700
14.664009094238281,300,838,838,700
14.664009094238281,300,838,838,700
14.664009094238281,300,838,838,700
14.664009094238281,300,838,838,700
14.664009094238281,300,838,838,700
14.664009094238281,300,838,838,700
14.679795503616333,300,839,838,700
14.679795503616333,300,838,838,700
14.681079387664795,300,838,838,700
14.681079387664795,300,838,838,700
14.681079387664795,300,838,838,700
14.681079387664795,300,837,838,700
14.681079387664795,300,838,838,700
14.681079387664795,300,838,838,700
14.681079387664795,300,838,838,700
14.681079387664795,300,838,838,700
14.681079387664795,300,838,838,700
14.681079387664795,300,838,838,700
14.681079387664795,300,838,838,700
14.681079387664795,300,838,838,700
14.681079387664795,300,838,838,700
14.681079387664795,300,838,838,700
14.681079387664795,300,838,838,700
14.681079387664795,300,838,838,700
14.69558072090149,300,838,838,700
14.69558072090149,300,838,838,700
14.69558072090149,300,838,838,700
14.69558072090149,300,838,838,700
14.69558072090149,300,838,838,700
14.69558072090149,300,838,838,700
14.69558072090149,300,838,838,700
14.69558072090149,300,838,838,700
14.69558072090149,300,838,838,700
14.69558072090149,300,838,838,700
14.69558072090149,300,838,838,700
14.69558072090149,300,838,838,700
14.69558072090149,300,838,838,700
14.69558072090149,300,838,838,700
14.69558072090149,300,838,838,700
14.69558072090149,300,838,838,700
14.69558072090149,300,838,838,700
14.69558072090149,300,838,838,700
14.711265325546265,300,838,838,700
14.711265325546265,300,838,838,700
14.711265325546265,300,838,838,700
14.711265325546265,300,838,838,700
14.711265325546265,300,838,838,700
14.711265325546265,300,838,838,700
14.711265325546265,300,838,838,700
14.711265325546265,300,838,838,700
14.711265325546265,300,838,838,700
14.711265325546265,300,838,838,700
14.711265325546265,300,838,838,700
14.711265325546265,300,838,838,700
14.711265325546265,300,838,838,700
14.711265325546265,300,838,838,700
14.711265325546265,300,838,838,700
14.711265325546265,300,838,838,700
14.711265325546265,300,837,838,700
14.711265325546265,300,837,838,700
14.727911949157715,300,837,838,700
14.728691816329956,300,837,838,700
14.7288818359375,300,838,838,700
14.7288818359375,300,838,838,700
14.7288818359375,300,838,838,700
14.7288818359375,300,838,838,700
14.7288818359375,300,838,838,700
14.7288818359375,300,838,838,700
14.7288818359375,300,838,838,700
14.7288818359375,300,838,838,700
14.7288818359375,300,838,838,700
14.7288818359375,300,838,838,700
14.7288818359375,300,838,838,700
14.7288818359375,300,838,838,700
14.7288818359375,300,838,838,700
14.7288818359375,300,838,838,700
14.7288818359375,300,838,838,700
14.7288818359375,300,838,838,700
14.743413925170898,300,838,838,700
14.743413925170898,300,838,838,700
14.74543046951294,300,838,838,700
14.746356010437012,300,838,838,700
14.746356010437012,300,838,838,700
14.748189926147461,300,838,838,700
14.748189926147461,300,838,838,700
14.748189926147461,300,838,838,700
14.748189926147461,300,838,838,700
14.748189926147461,300,838,838,700
14.748189926147461,300,838,838,700
14.748189926147461,300,838,838,700
14.748189926147461,300,838,838,700
14.748189926147461,300,838,838,700
14.748189926147461,300,838,838,700
14.748189926147461,300,838,838,700
14.748189926147461,300,838,838,700
14.748189926147461,300,838,838,700
14.759291172027588,300,838,838,700
14.759291172027588,300,838,838,700
14.759291172027588,300,838,838,700
14.759291172027588,300,838,838,700
14.759291172027588,300,838,838,700
14.759291172027588,300,838,838,700
14.759291172027588,300,837,838,700
14.759291172027588,300,838,838,700
14.759291172027588,300,838,838,700
14.759291172027588,300,837,838,700
14.759291172027588,300,837,838,700
14.759291172027588,300,837,838,701
14.759291172027588,300,838,838,701
14.759291172027588,300,838,838,700
14.759291172027588,300,839,838,700
14.759291172027588,300,839,838,700
14.759291172027588,300,839,838,700
14.759291172027588,300,839,838,700
14.775183916091919,300,839,838,700
14.775183916091919,300,838,838,700
14.775183916091919,300,838,838,700
14.775183916091919,300,838,838,700
14.775183916091919,300,838,838,700
14.775183916091919,300,838,838,700
14.775183916091919,300,838,838,700
14.775183916091919,300,838,838,700
14.775183916091919,300,838,838,700
14.775183916091919,300,838,838,700
14.775183916091919,300,838,838,700
14.775183916091919,300,838,838,700
14.775183916091919,300,838,838,700
14.775183916091919,300,838,838,700
14.775183916091919,300,838,838,700
14.775183916091919,300,838,838,700
14.775183916091919,300,838,838,700
14.775183916091919,300,838,838,700
14.790894746780396,300,838,838,700
14.790894746780396,300,838,838,700
14.790894746780396,300,838,838,700
14.790894746780396,300,838,838,700
14.790894746780396,300,838,838,700
14.790894746780396,300,838,838,700
14.790894746780396,299,838,837,700
14.790894746780396,299,838,837,700
14.790894746780396,300,838,837,700
14.790894746780396,300,838,837,700
14.790894746780396,300,838,837,700
14.790894746780396,300,838,837,700
14.790894746780396,300,838,837,699
14.790894746780396,300,838,837,699
14.790894746780396,300,838,837,699
14.790894746780396,300,837,837,699
14.790894746780396,300,836,837,699
14.806678533554077,300,836,837,700
14.806678533554077,300,836,837,700
14.808775424957275,300,836,837,700
14.809029340744019,300,836,837,700
14.809029340744019,300,836,837,700
14.809029340744019,299,837,837,700
14.809029340744019,299,837,837,700
14.809029340744019,299,838,837,700
14.809029340744019,299,838,837,700
14.809029340744019,300,838,837,699
14.809029340744019,300,838,837,699
14.809029340744019,300,838,839,700
14.809029340744019,300,837,839,700
14.809029340744019,300,837,839,700
14.809029340744019,300,837,839,700
14.809029340744019,300,837,839,701
14.809029340744019,300,837,839,701
14.82240891456604,300,838,839,701
14.82240891456604,300,838,839,701
14.82240891456604,300,839,839,701
14.82240891456604,300,839,839,701
14.82240891456604,300,840,839,701
14.82240891456604,300,840,839,700
14.82240891456604,300,840,839,700
14.82240891456604,300,840,839,700
14.82240891456604,300,840,839,700
14.82240891456604,300,840,839,700
14.82240891456604,300,839,839,700
14.82240891456604,300,838,839,700
14.82240891456604,300,838,839,700
14.82240891456604,300,838,839,700
14.82240891456604,300,838,839,701
14.82240891456604,300,838,839,701
14.82240891456604,300,838,837,700
14.83809757232666,300,838,837,700
14.83809757232666,300,838,837,700
14.840090990066528,300,839,837,700
14.840845584869385,300,839,837,700
14.840845584869385,300,839,837,699
14.842708587646484,300,838,837,699
14.843725204467773,300,838,837,699
14.843725204467773,300,837,837,699
14.843725204467773,300,837,837,700
14.846161127090454,300,837,837,700
14.846666812896729,300,837,837,700
14.847790002822876,300,836,837,700
14.848809719085693,300,836,837,700
14.848809719085693,300,837,837,700
14.850790739059448,300,837,837,700
14.851832389831543,300,838,837,699
14.852401494979858,300,838,837,699
14.85342025756836,300,838,837,699
14.854416370391846,300,838,837,699
14.855429649353027,300,838,837,699
14.856417894363403,300,837,837,699
14.856417894363403,300,837,839,700
14.857416152954102,300,837,839,700
14.858415603637695,300,837,839,700
14.85941767692566,300,836,839,701
14.86041808128357,300,837,839,701
14.861417770385742,300,837,839,701
14.862760782241821,300,838,839,701
14.863445520401001,300,838,839,701
14.864573240280151,300,839,839,701
14.864573240280151,300,839,839,701
14.865571737289429,300,840,839,701
14.866572141647339,300,840,839,700
14.86757206916809,300,840,839,700
14.868906259536743,300,840,839,700
14.86948013305664,300,840,839,700
14.870496988296509,300,840,839,700
14.871491432189941,301,839,839,700
14.872491359710693,301,838,839,700
14.873499870300293,300,838,839,700
14.874491930007935,300,838,839,701
14.875492095947266,300,838,839,701
14.876507759094238,300,838,839,701
14.876507759094238,300,839,837,700
14.878495693206787,300,839,837,700
14.879257440567017,300,839,837,700
14.879893064498901,300,840,837,700
14.88029932975769,300,840,837,699
14.881314277648926,300,839,837,699
14.882312536239624,300,839,837,699
14.88331151008606,300,839,837,699
14.884314060211182,300,837,837,699
14.885396718978882,301,837,837,699
14.886157751083374,301,836,837,699
14.88716983795166,301,836,837,699
14.88716983795166,300,836,837,700
14.888169765472412,300,836,837,700
14.88916802406311,300,836,837,700
14.890170097351074,300,836,837,700
14.891173124313354,300,837,837,700
14.892169952392578,300,837,837,700
14.89317011833191,300,837,837,700
14.894171237945557,300,838,837,700
14.895623207092285,300,838,837,699
14.896093368530273,300,838,837,699
14.89711308479309,300,838,839,700
14.898110151290894,300,838,839,700
14.8991117477417,300,837,839,700
14.900110006332397,300,837,839,700
14.900110006332397,300,837,839,700
14.901110410690308,300,837,839,701
14.903111219406128,300,837,839,701
14.903111219406128,300,837,839,701
14.904109239578247,300,838,839,701
14.90510892868042,300,838,839,701
14.906578540802002,300,839,839,701
14.906578540802002,300,840,839,701
14.907613039016724,300,840,839,700
14.908609390258789,300,840,839,700
14.909608364105225,300,840,839,700
14.910620927810669,300,839,839,700
14.91160774230957,300,839,839,700
14.91160774230957,300,838,839,701
14.91160774230957,300,838,839,701
14.91160774230957,300,838,839,701
14.91160774230957,300,838,839,701
14.91160774230957,300,838,839,701
14.91160774230957,300,839,837,701
14.91160774230957,300,839,837,700
14.91160774230957,300,839,837,700
14.91160774230957,301,840,837,700
14.91160774230957,300,839,837,699
14.91160774230957,300,839,837,699
14.91160774230957,300,839,837,699
14.91160774230957,300,838,837,699
14.91160774230957,300,837,837,699
14.91160774230957,301,837,837,700
14.91160774230957,301,836,837,700
14.91160774230957,300,836,837,700
14.927547931671143,300,836,837,700
14.927547931671143,300,836,837,700
14.927547931671143,300,836,837,700
14.927547931671143,300,837,837,700
14.927547931671143,300,838,837,700
14.927547931671143,300,838,837,700
14.927547931671143,300,838,837,700
14.927547931671143,300,838,837,700
14.927547931671143,300,838,837,700
14.927547931671143,300,838,837,699
14.927547931671143,300,838,839,700
14.927547931671143,300,838,839,700
14.927547931671143,300,838,839,700
14.927547931671143,300,837,839,700
14.927547931671143,300,837,839,700
14.927547931671143,300,837,839,701
14.927547931671143,301,837,839,701
14.943782567977905,301,838,839,701
14.943782567977905,300,838,839,701
14.945602416992188,300,838,839,701
14.946108341217041,300,839,839,701
14.946108341217041,300,839,839,701
14.948116064071655,300,839,839,701
14.948116064071655,301,839,839,701
14.950124263763428,301,840,839,701
14.950124263763428,301,840,839,701
14.952134132385254,301,840,839,700
14.952134132385254,301,840,839,700
14.952134132385254,301,840,839,700
14.954145193099976,301,839,839,700
14.954145193099976,301,839,839,700
14.956151962280273,301,839,839,700
14.956151962280273,301,838,838,700
14.958161354064941,301,838,838,700
14.958161354064941,301,838,838,700
14.95916748046875,301,838,838,700
14.95916748046875,301,838,838,700
14.961174726486206,301,838,838,700
14.962792158126831,301,838,838,700
14.962792158126831,301,838,838,700
14.962792158126831,301,838,838,700
14.964802265167236,301,837,838,701
14.964802265167236,301,837,838,701
14.966809749603271,300,837,838,701
14.966809749603271,300,838,838,701
14.968817234039307,300,838,838,701
14.968817234039307,300,839,838,700
14.970824241638184,300,839,838,700
14.970824241638184,300,840,838,700
14.972831964492798,300,840,838,700
14.972831964492798,300,839,838,700
14.972831964492798,301,839,838,700
14.97551155090332,300,839,838,700
14.976016283035278,300,838,838,700
14.976016283035278,300,838,838,700
14.978023767471313,300,838,838,700
14.978959560394287,300,837,838,700
14.979466438293457,300,837,838,700
14.979466438293457,301,838,838,700
14.981472730636597,300,838,838,700
14.981472730636597,300,838,838,700
14.983479976654053,300,837,838,700
14.983479976654053,300,838,838,700
14.985487461090088,300,838,838,700
14.985487461090088,300,838,838,700
14.985487461090088,300,838,838,700
14.987493515014648,300,838,838,700
14.987493515014648,300,837,838,700
14.989499807357788,300,837,838,701
14.990506649017334,300,838,838,700
14.99142050743103,300,838,838,700
14.99142050743103,300,838,838,700
14.99142050743103,300,838,838,700
14.99142050743103,300,838,838,700
14.99142050743103,300,838,838,700
14.99612021446228,300,838,838,700
14.99612021446228,300,838,838,700
14.99612021446228,300,838,838,700
14.998128414154053,300,838,838,701
14.998128414154053,300,838,838,701
15.000135898590088,300,838,838,700
15.000135898590088,300,838,838,700
15.002142906188965,300,838,838,700
15.002142906188965,300,838,838,700
15.004150629043579,300,838,838,700
15.004150629043579,300,838,838,700
15.004150629043579,300,838,838,700
15.006155252456665,300,838,838,700
15.006155252456665,300,837,838,700
15.008164167404175,300,837,838,701
15.008164167404175,300,837,838,701
15.010172843933105,300,837,838,701
15.010172843933105,300,838,838,701
15.012248277664185,300,839,838,701
15.0127534866333,300,839,838,701
15.0127534866333,300,839,838,700
15.014760732650757,300,839,838,700
15.014760732650757,300,840,838,700
15.016767978668213,300,839,838,700
15.016767978668213,300,839,838,700
15.016767978668213,300,839,838,700
15.018774032592773,300,838,838,700
15.018774032592773,301,838,838,700
15.020781517028809,300,838,838,700
15.021788835525513,300,838,838,700
15.021788835525513,300,838,838,700
15.021788835525513,300,838,838,700
15.021788835525513,300,838,838,700
15.021788835525513,300,838,838,700
15.021788835525513,300,838,838,700
15.021788835525513,300,838,838,700
15.021788835525513,300,838,838,700
15.029224157333374,300,838,838,700
15.029224157333374,300,838,838,700
15.031234741210938,300,838,838,700
15.031234741210938,300,838,838,700
15.031234741210938,300,838,838,700
15.031234741210938,300,838,838,700
15.031234741210938,300,838,838,700
15.031234741210938,300,838,838,700
15.031234741210938,300,838,838,700
15.031234741210938,300,838,838,700
15.037872076034546,300,838,838,700
15.037872076034546,300,838,838,700
15.037872076034546,300,838,838,700
15.037872076034546,300,838,838,700
15.037872076034546,300,838,838,700
15.037872076034546,300,838,838,700
15.037872076034546,300,838,838,700
15.04374384880066,301,838,838,700
15.04374384880066,300,837,838,700
15.04597783088684,300,837,838,700
15.04597783088684,300,837,838,701
15.047984600067139,300,837,838,701
15.047984600067139,300,838,838,700
15.047984600067139,300,838,838,700
15.049992799758911,300,838,838,700
15.052000045776367,301,839,838,700
15.052000045776367,301,839,838,700
15.052000045776367,301,839,838,700
15.05375361442566,301,838,838,700
15.05375361442566,301,838,838,700
15.05375361442566,301,838,838,700
15.05375361442566,301,838,839,701
15.05375361442566,301,838,839,701
15.05375361442566,301,838,839,701
15.05375361442566,301,838,839,701
15.05375361442566,300,838,839,701
15.05375361442566,300,839,839,701
15.05375361442566,300,839,839,701
15.05375361442566,300,839,839,701
15.063968181610107,301,840,839,701
15.063968181610107,301,840,839,700
15.065977573394775,301,840,839,700
15.065977573394775,301,840,839,700
15.067986011505127,301,840,839,700
15.067986011505127,301,839,839,700
15.069735765457153,301,839,839,700
15.071173906326294,301,838,839,700
15.071173906326294,300,838,839,701
15.071173906326294,300,838,839,701
15.073180198669434,300,838,839,701
15.073180198669434,300,838,839,701
15.07518720626831,300,838,839,701
15.07518720626831,301,839,839,701
15.077196598052979,300,839,837,700
15.077196598052979,300,839,837,700
15.07919955253601,300,840,837,700
15.079705476760864,300,840,837,700
15.079705476760864,300,840,837,699
15.081712484359741,300,839,837,699
15.081712484359741,300,839,837,699
15.083719253540039,300,838,837,699
15.083719253540039,301,838,837,699
15.085469722747803,300,837,837,699
15.086248636245728,300,836,837,699
15.086248636245728,300,836,837,700
15.086248636245728,300,835,837,700
15.086248636245728,300,835,837,700
15.086248636245728,300,836,837,700
15.086248636245728,300,836,837,700
15.086248636245728,300,837,837,700
15.086248636245728,300,837,837,700
15.086248636245728,300,838,837,700
15.086248636245728,300,838,837,700
15.095530271530151,300,838,837,700
15.096038341522217,300,838,837,700
15.096038341522217,300,838,840,700
15.098046779632568,300,838,840,701
15.098046779632568,300,838,840,701
15.100054025650024,300,838,840,701
15.100054025650024,300,838,840,701
15.101561546325684,301,838,840,701
15.101561546325684,300,839,840,701
15.101561546325684,300,839,840,701
15.101561546325684,300,840,840,701
15.101561546325684,300,840,840,701
15.101561546325684,300,840,840,701
15.101561546325684,300,840,840,701
15.101561546325684,300,840,840,701
15.101561546325684,300,840,840,701
15.101561546325684,300,840,840,701
15.101561546325684,300,840,840,701
15.101561546325684,300,840,840,701
15.101561546325684,300,840,840,701
15.113389015197754,300,840,840,701
15.113389015197754,299,840,840,701
15.115398168563843,299,840,840,701
15.115398168563843,300,840,840,701
15.117407083511353,300,840,837,700
15.117407083511353,300,840,837,700
15.117407083511353,300,840,837,700
15.117407083511353,300,840,837,700
15.117407083511353,299,839,837,700
15.117407083511353,300,839,837,700
15.117407083511353,300,839,837,699
15.117407083511353,300,839,837,699
15.117407083511353,300,838,837,699
15.117407083511353,300,837,837,699
15.117407083511353,300,837,837,699
15.117407083511353,300,836,837,700
15.117407083511353,299,836,837,700
15.128838539123535,299,836,837,700
15.129345893859863,299,836,837,700
15.129345893859863,299,836,837,700
15.131355285644531,299,837,837,700
15.131355285644531,300,837,837,700
15.133105039596558,300,838,837,700
15.134461879730225,300,838,837,700
15.135331630706787,300,838,837,699
15.135837316513062,300,838,837,699
15.135837316513062,300,838,840,700
15.13784670829773,300,838,840,700
15.13784670829773,300,837,840,701
15.139854192733765,300,837,840,701
15.139854192733765,300,837,840,701
15.14186143875122,300,837,840,701
15.14186143875122,300,838,840,701
15.14186143875122,300,838,840,701
15.143868684768677,300,839,840,702
15.143868684768677,300,840,840,701
15.14591383934021,300,840,840,701
15.14591383934021,300,840,840,701
15.147920370101929,300,840,840,701
15.147920370101929,300,840,840,701
15.148927211761475,300,840,840,701
15.148927211761475,300,840,840,701
15.150935888290405,300,840,840,701
15.150935888290405,300,840,840,701
15.152944326400757,300,840,840,701
15.152944326400757,300,840,840,701
15.154951572418213,300,840,840,701
15.154951572418213,300,840,840,701
15.156958818435669,300,840,840,701
15.156958818435669,300,839,837,700
15.15896487236023,300,839,837,700
15.15896487236023,301,839,837,700
15.15896487236023,301,839,837,700
15.160972118377686,301,839,837,700
15.162227392196655,301,839,837,700
15.162733793258667,301,838,837,700
15.162733793258667,301,838,837,700
15.164740562438965,301,837,837,700
15.164740562438965,301,838,837,700
15.164740562438965,301,838,837,700
15.164740562438965,301,837,837,699
15.164740562438965,301,837,837,700
15.164740562438965,300,837,837,700
15.164740562438965,300,837,837,700
15.164740562438965,300,837,837,700
15.164740562438965,300,838,837,700
15.164740562438965,300,837,837,699
15.164740562438965,300,837,837,700
15.164740562438965,300,837,837,700
15.164740562438965,300,837,837,700
15.164740562438965,300,837,837,700
15.164740562438965,300,837,840,700
15.164740562438965,300,837,840,701
15.164740562438965,300,837,840,701
15.18040418624878,301,838,840,701
15.18040418624878,301,838,840,701
15.18040418624878,301,838,840,701
15.18040418624878,301,839,840,701
15.18040418624878,301,840,840,701
15.18040418624878,300,840,840,701
15.18040418624878,300,840,840,701
15.18040418624878,300,840,840,701
15.18040418624878,300,840,840,701
15.18040418624878,300,840,840,701
15.18040418624878,300,839,840,701
15.18040418624878,301,840,840,701
15.18040418624878,301,840,840,701
15.18040418624878,300,840,840,701
15.18040418624878,301,840,840,701
15.18040418624878,300,840,840,701
15.18040418624878,300,840,840,701
15.18040418624878,300,840,840,701
15.196039915084839,300,840,840,701
15.196039915084839,300,840,837,700
15.196039915084839,300,839,837,700
15.196039915084839,300,839,837,700
15.196039915084839,301,839,837,700
15.196039915084839,301,839,837,700
15.196039915084839,301,839,837,700
15.196039915084839,301,839,837,700
15.196039915084839,301,838,837,699
15.196039915084839,301,838,837,700
15.196039915084839,300,837,837,699
15.196039915084839,300,837,837,700
15.196039915084839,300,837,837,700
15.196039915084839,300,836,837,700
15.196039915084839,300,836,837,700
15.196039915084839,300,836,837,700
15.196039915084839,300,837,837,700
15.211892366409302,300,837,837,700
15.211892366409302,300,838,837,700
15.211892366409302,300,838,837,700
15.211892366409302,300,838,837,699
15.211892366409302,300,838,837,699
15.211892366409302,300,838,837,699
15.211892366409302,300,837,840,700
15.211892366409302,300,837,840,700
15.211892366409302,300,837,840,701
15.211892366409302,300,837,840,701
15.211892366409302,300,837,840,701
15.211892366409302,300,837,840,701
15.211892366409302,300,837,840,701
15.211892366409302,300,838,840,701
15.211892366409302,300,839,840,702
15.211892366409302,300,839,840,702
15.211892366409302,300,840,840,702
15.211892366409302,300,840,840,701
15.22783350944519,300,841,840,701
15.22783350944519,300,841,840,701
15.22783350944519,300,841,840,701
15.22783350944519,300,841,840,701
15.22783350944519,300,841,840,701
15.22783350944519,300,840,840,701
15.22783350944519,300,840,840,701
15.22783350944519,300,840,840,701
15.22783350944519,300,840,840,701
15.22783350944519,300,840,840,701
15.22783350944519,300,840,837,700
15.22783350944519,300,839,837,700
15.22783350944519,300,839,837,700
15.22783350944519,300,840,837,700
15.22783350944519,300,839,837,700
15.22783350944519,300,839,837,700
15.22783350944519,300,839,837,700
15.22783350944519,300,839,837,699
15.243845462799072,300,838,837,699
15.243845462799072,300,838,837,699
15.243845462799072,300,837,837,699
15.243845462799072,300,837,837,699
15.243845462799072,300,836,837,700
15.243845462799072,300,836,837,700
15.243845462799072,300,836,837,700
15.243845462799072,300,836,837,700
15.243845462799072,300,836,837,700
15.243845462799072,300,836,837,700
15.243845462799072,300,837,837,700
15.243845462799072,300,837,837,700
15.243845462799072,300,837,837,700
15.243845462799072,300,837,837,700
15.243845462799072,300,838,840,700
15.243845462799072,300,838,840,701
15.243845462799072,300,838,840,701
15.259726524353027,300,838,840,701
15.259726524353027,300,838,840,701
15.259726524353027,300,838,840,701
15.259726524353027,300,838,840,701
15.259726524353027,301,839,840,701
15.259726524353027,301,840,840,701
15.259726524353027,301,840,840,701
15.259726524353027,301,840,840,701
15.259726524353027,300,840,840,701
15.259726524353027,300,840,840,701
15.259726524353027,300,840,840,701
15.259726524353027,300,840,840,701
15.259726524353027,300,840,840,701
15.259726524353027,301,840,840,701
15.259726524353027,301,840,840,701
15.259726524353027,301,840,840,701
15.259726524353027,301,840,840,701
15.259726524353027,301,840,840,701
15.275374174118042,300,840,840,701
15.275374174118042,300,840,840,701
15.275374174118042,300,840,837,700
15.275374174118042,300,839,837,700
15.275374174118042,300,839,837,700
15.275374174118042,301,839,837,700
15.275374174118042,301,839,837,700
15.275374174118042,301,839,837,700
15.275374174118042,301,839,837,699
15.275374174118042,301,838,837,699
15.275374174118042,301,838,837,700
15.275374174118042,301,837,837,699
15.275374174118042,301,837,837,700
15.275374174118042,301,837,837,700
15.275374174118042,301,836,837,700
15.275374174118042,300,836,837,700
15.275374174118042,300,836,837,700
15.291121006011963,300,837,837,700
15.291121006011963,300,837,837,700
15.291121006011963,300,837,837,700
15.291121006011963,300,838,837,700
15.291121006011963,300,838,837,700
15.291121006011963,300,838,837,700
15.291121006011963,300,838,837,700
15.291121006011963,300,838,840,700
15.291121006011963,301,838,840,700
15.291121006011963,300,838,840,701
15.291121006011963,300,838,840,701
15.291121006011963,300,838,840,701
15.291121006011963,300,838,840,701
15.291121006011963,300,838,840,701
15.291121006011963,300,839,840,701
15.291121006011963,300,839,840,701
15.291121006011963,300,839,840,701
15.291121006011963,300,840,840,701
15.307000875473022,300,840,840,701
15.307000875473022,300,840,840,701
15.307000875473022,300,840,840,701
15.307000875473022,300,840,840,701
15.307000875473022,300,840,840,701
15.307000875473022,300,840,840,701
15.307000875473022,300,840,840,701
15.307000875473022,300,840,840,701
15.307000875473022,300,840,840,701
15.307000875473022,300,840,840,701
15.307000875473022,300,840,840,701
15.307000875473022,300,840,837,700
15.307000875473022,300,840,837,700
15.307000875473022,300,840,837,700
15.307000875473022,300,839,837,700
15.307000875473022,300,839,837,700
15.307000875473022,300,839,837,700
15.32305359840393,300,839,837,699
15.323864459991455,300,838,837,699
15.324688911437988,300,838,837,699
15.324688911437988,300,838,837,699
15.324688911437988,300,837,837,699
15.324688911437988,300,836,837,700
15.324688911437988,300,836,837,700
15.324688911437988,300,836,837,700
15.324688911437988,300,836,837,700
15.324688911437988,299,836,837,700
15.324688911437988,299,837,837,700
15.324688911437988,300,837,837,700
15.324688911437988,300,838,837,700
15.324688911437988,300,838,837,700
15.324688911437988,300,838,837,700
15.324688911437988,300,837,837,700
15.324688911437988,300,838,840,700
15.324688911437988,300,838,840,700
15.339035034179688,300,838,840,701
15.339035034179688,300,838,840,701
15.339035034179688,300,838,840,701
15.339035034179688,300,838,840,701
15.339035034179688,300,838,840,701
15.339035034179688,300,839,840,701
15.344042301177979,300,840,840,701
15.344042301177979,300,840,840,701
15.344042301177979,300,840,840,701
15.344042301177979,300,840,840,701
15.344042301177979,300,840,840,701
15.344042301177979,300,840,840,701
15.344042301177979,300,840,840,701
15.344042301177979,300,840,840,701
15.344042301177979,300,840,840,701
15.344042301177979,300,839,840,701
15.344042301177979,300,840,840,701
15.344042301177979,300,840,840,701
15.355122327804565,300,840,840,701
15.355122327804565,300,840,840,701
15.355122327804565,300,840,840,701
15.355122327804565,300,839,837,700
15.355122327804565,300,839,837,700
15.355122327804565,300,839,837,700
15.355122327804565,300,839,837,700
15.355122327804565,300,839,837,700
15.355122327804565,300,839,837,700
15.355122327804565,300,839,837,700
15.355122327804565,300,839,837,699
15.355122327804565,300,838,837,699
15.355122327804565,300,838,837,699
15.355122327804565,300,837,837,700
15.355122327804565,300,837,837,700
15.355122327804565,300,837,837,700
15.355122327804565,300,836,837,700
15.370972871780396,300,836,837,700
15.372066736221313,300,836,837,700
15.372811317443848,300,837,837,700
15.373817682266235,300,838,837,699
15.373817682266235,300,838,837,699
15.375626802444458,300,838,837,699
15.375626802444458,300,838,837,699
15.375626802444458,300,837,840,700
15.3789803981781,300,837,840,700
15.3789803981781,300,837,840,701
15.379592180252075,300,836,840,701
15.380794525146484,300,837,840,701
15.381678104400635,300,838,840,701
15.3828125,300,838,840,701
15.383675813674927,300,838,840,701
15.383675813674927,300,839,840,701
15.384672164916992,300,839,840,701
15.385672807693481,300,840,840,701
15.38706374168396,300,840,840,701
15.387335777282715,300,840,840,701
15.388347387313843,300,840,840,701
15.389343500137329,300,840,840,701
15.39034366607666,300,840,840,701
15.391344547271729,300,840,840,701
15.392345190048218,300,840,840,701
15.393344163894653,300,840,840,701
15.394345045089722,300,840,840,701
15.395349025726318,300,840,840,701
15.396324634552002,300,840,840,701
15.396324634552002,300,840,840,701
15.397381782531738,300,840,837,700
15.398382425308228,300,840,837,700
15.399381160736084,300,840,837,700
15.400381088256836,300,840,837,700
15.401381254196167,300,839,837,699
15.402381896972656,300,839,837,699
15.402381896972656,300,838,837,699
15.404351234436035,300,838,837,699
15.404351234436035,300,838,837,699
15.405361413955688,300,837,837,699
15.406362056732178,300,837,837,699
15.407362222671509,300,836,837,699
15.408361911773682,300,836,837,700
15.40936279296875,299,836,837,700
15.410362958908081,299,836,837,700
15.411363363265991,299,836,837,700
15.412384510040283,299,837,837,700
15.412384510040283,299,837,837,700
15.412384510040283,299,837,837,700
15.412384510040283,300,838,837,700
15.412384510040283,299,838,837,700
15.412384510040283,299,838,837,699
15.412384510040283,299,838,839,700
15.412384510040283,299,838,839,700
15.412384510040283,299,838,839,700
15.412384510040283,300,837,839,700
15.412384510040283,300,837,839,700
15.412384510040283,300,837,839,700
15.412384510040283,300,838,839,700
15.412384510040283,300,838,839,701
15.412384510040283,300,838,839,701
15.412384510040283,300,838,839,701
15.412384510040283,300,838,839,701
15.428090333938599,300,839,839,701
15.428090333938599,299,839,839,701
15.429774761199951,300,840,839,701
15.430546522140503,300,840,839,700
15.430546522140503,300,840,839,700
15.430546522140503,300,840,839,700
15.430546522140503,300,840,839,700
15.430546522140503,300,839,839,700
15.430546522140503,300,839,839,700
15.430546522140503,300,839,839,700
15.430546522140503,300,838,839,700
15.430546522140503,300,838,838,700
15.430546522140503,300,838,838,700
15.430546522140503,300,838,838,700
15.430546522140503,300,838,838,700
15.430546522140503,300,838,838,700
15.430546522140503,300,838,838,700
15.430546522140503,300,839,838,700
15.430546522140503,300,838,838,700
15.444154024124146,300,838,838,700
15.444154024124146,300,838,838,700
15.444154024124146,300,838,838,700
15.444154024124146,300,838,838,700
15.444154024124146,300,838,838,700
15.444154024124146,300,838,838,700
15.444154024124146,300,838,838,700
15.444154024124146,300,838,838,700
15.444154024124146,300,838,838,700
15.444154024124146,300,838,838,700
15.444154024124146,300,838,838,700
15.444154024124146,300,838,838,700
15.444154024124146,300,838,838,700
15.444154024124146,300,838,838,700
15.444154024124146,300,838,838,700
15.444154024124146,300,838,838,700
15.444154024124146,300,838,838,700
15.459927797317505,300,838,838,700
15.459927797317505,300,838,838,700
15.459927797317505,300,838,838,700
15.459927797317505,300,838,838,700
15.459927797317505,300,838,838,700
15.459927797317505,300,838,838,700
15.465148687362671,300,838,838,700
15.46541976928711,300,838,838,700
15.46541976928711,300,838,838,700
15.46541976928711,300,838,838,700
15.46541976928711,300,838,838,700
15.46541976928711,300,838,838,700
15.46541976928711,300,838,838,700
15.46541976928711,300,838,838,700
15.46541976928711,300,838,838,700
15.46541976928711,300,838,838,700
15.46541976928711,300,838,838,700
15.46541976928711,300,838,838,700
15.475714206695557,300,838,838,700
15.475714206695557,300,838,838,700
15.475714206695557,300,838,838,700
15.475714206695557,300,838,838,700
15.475714206695557,300,838,838,700
15.475714206695557,300,838,838,700
15.475714206695557,300,838,838,700
15.475714206695557,300,838,838,700
15.475714206695557,301,838,838,700
15.475714206695557,301,838,838,700
15.475714206695557,301,838,838,700
15.475714206695557,301,838,838,700
15.475714206695557,301,838,838,700
15.475714206695557,301,838,838,700
15.475714206695557,301,838,838,700
15.475714206695557,300,838,838,700
15.475714206695557,300,838,838,700
15.475714206695557,300,838,838,700
15.491396188735962,300,838,838,700
15.491396188735962,300,838,838,700
15.493436336517334,300,838,838,700
15.493670463562012,300,838,838,700
15.493670463562012,300,838,838,700
15.493670463562012,300,838,838,700
15.493670463562012,300,838,838,700
15.493670463562012,300,838,838,700
15.493670463562012,300,838,838,700
15.493670463562012,300,838,838,700
15.493670463562012,300,838,838,700
15.493670463562012,300,838,838,700
15.493670463562012,300,838,838,700
15.493670463562012,300,838,838,700
15.493670463562012,300,838,838,700
15.493670463562012,300,838,838,700
15.493670463562012,300,838,838,700
15.493670463562012,300,838,838,700
15.507222414016724,300,838,838,700
15.507222414016724,300,838,838,700
15.507222414016724,300,838,838,700
15.507222414016724,300,838,838,700
15.507222414016724,300,838,838,700
15.507222414016724,300,838,838,700
15.507222414016724,300,838,838,700
15.507222414016724,300,838,838,700
15.507222414016724,300,838,838,700
15.507222414016724,300,838,838,700
15.507222414016724,300,838,838,700
15.507222414016724,300,838,838,700
15.507222414016724,300,838,838,700
15.507222414016724,300,838,838,700
15.507222414016724,300,838,838,700
15.507222414016724,300,838,838,700
15.507222414016724,300,838,838,700
15.507222414016724,300,838,838,700
15.523085832595825,300,839,838,700
15.524357080459595,300,839,838,700
15.524357080459595,300,839,838,700
15.52593183517456,300,838,838,700
15.526755809783936,300,838,838,700
15.526755809783936,300,838,838,700
15.526755809783936,300,838,838,700
15.526755809783936,300,838,838,700
15.526755809783936,300,838,838,700
15.526755809783936,300,838,838,700
15.526755809783936,300,838,838,700
15.526755809783936,300,838,838,700
15.526755809783936,300,838,838,700
15.526755809783936,300,838,838,700
15.526755809783936,300,839,838,700
15.526755809783936,300,838,838,699
15.526755809783936,300,838,838,700
15.526755809783936,300,838,838,700
15.539066791534424,300,838,838,700
15.539066791534424,300,838,838,700
15.539066791534424,300,838,838,700
15.539066791534424,299,838,838,700
15.539066791534424,299,837,838,700
15.539066791534424,299,838,838,700
15.54442310333252,299,838,838,700
15.54442310333252,300,838,838,700
15.54442310333252,300,838,838,700
15.54442310333252,300,838,838,700
15.54442310333252,300,838,838,700
15.54442310333252,300,838,838,700
15.54442310333252,300,838,838,700
15.54442310333252,300,838,838,700
15.54442310333252,300,838,838,700
15.54442310333252,300,838,838,700
15.54442310333252,300,838,838,700
15.54442310333252,300,838,838,700
15.555087089538574,300,838,838,700
15.555087089538574,300,838,838,700
15.555087089538574,300,838,838,700
15.555087089538574,300,838,838,700
15.555087089538574,300,838,838,700
15.555087089538574,300,838,838,700
15.555087089538574,300,838,838,700
15.555087089538574,300,838,838,700
15.555087089538574,300,838,838,700
15.555087089538574,300,838,838,700
15.555087089538574,300,838,838,700
15.555087089538574,300,838,838,700
15.555087089538574,300,838,838,700
15.555087089538574,300,838,838,700
15.555087089538574,300,838,838,700
15.555087089538574,300,838,838,700
15.555087089538574,300,838,838,700
15.555087089538574,300,838,838,700
15.57081937789917,300,838,838,700
15.57081937789917,300,838,838,700
15.57081937789917,299,838,838,700
15.57081937789917,299,838,838,700
15.57081937789917,300,838,838,700
15.57081937789917,300,838,838,700
15.57081937789917,300,838,838,700
15.57081937789917,300,838,838,700
15.57081937789917,300,839,838,700
15.57081937789917,300,838,838,700
15.57081937789917,300,838,838,700
15.57081937789917,300,838,838,700
15.57081937789917,300,838,838,700
15.57081937789917,300,838,838,700
15.57081937789917,300,838,838,700
15.57081937789917,300,838,838,700
15.57081937789917,300,838,838,700
15.586520671844482,300,838,838,700
15.586520671844482,300,838,838,700
15.586520671844482,300,838,838,700
15.586520671844482,300,838,838,700
15.586520671844482,300,838,838,700
15.586520671844482,300,838,838,700
15.586520671844482,300,838,838,700
15.586520671844482,300,838,838,700
15.586520671844482,300,838,838,700
15.586520671844482,300,838,838,700
15.586520671844482,300,838,838,700
15.586520671844482,300,838,838,700
15.586520671844482,300,838,838,700
15.586520671844482,300,838,838,700
15.586520671844482,300,838,838,700
15.586520671844482,300,838,838,700
15.586520671844482,300,838,838,700
15.586520671844482,300,838,838,700
15.602222681045532,300,838,838,700
15.602222681045532,300,838,838,700
15.602222681045532,300,838,838,700
15.602222681045532,300,838,838,700
15.602222681045532,300,838,838,700
15.602222681045532,300,838,838,700
15.602222681045532,300,838,838,700
15.602222681045532,300,838,838,700
15.602222681045532,300,838,838,700
15.602222681045532,300,838,838,700
15.602222681045532,300,838,838,700
15.602222681045532,300,838,838,700
15.602222681045532,300,838,838,700
15.602222681045532,300,838,838,700
15.602222681045532,300,838,838,700
15.602222681045532,300,839,838,699
15.602222681045532,300,838,838,700
15.602222681045532,300,838,838,700
15.617944717407227,300,838,838,700
15.617944717407227,300,838,838,700
15.617944717407227,300,837,838,700
15.617944717407227,300,838,838,700
15.617944717407227,300,838,838,700
15.617944717407227,300,838,838,700
15.617944717407227,300,838,838,700
15.617944717407227,300,838,838,700
15.617944717407227,300,838,838,700
15.617944717407227,300,838,838,700
15.617944717407227,300,838,838,700
15.617944717407227,300,838,838,700
15.617944717407227,300,838,838,700
15.617944717407227,300,838,838,700
15.617944717407227,300,838,838,700
15.617944717407227,300,838,838,700
15.617944717407227,300,838,838,700
15.617944717407227,300,838,838,700
15.633829116821289,300,838,838,700
15.633829116821289,300,838,838,700
15.636126041412354,300,838,838,700
15.636126041412354,300,838,838,700
15.636126041412354,300,838,838,700
15.636126041412354,300,838,838,700
15.636126041412354,299,838,838,700
15.636126041412354,299,838,838,700
15.636126041412354,300,838,838,700
15.636126041412354,300,838,838,700
15.636126041412354,300,838,838,700
15.636126041412354,300,838,838,700
15.644799947738647,300,838,838,700
15.644799947738647,300,838,838,700
15.644799947738647,300,838,838,700
15.644799947738647,300,838,838,700
15.644799947738647,300,838,838,700
15.644799947738647,300,838,838,700
15.649518251419067,300,838,838,700
15.649518251419067,300,837,838,700
15.649518251419067,300,838,838,700
15.649518251419067,299,838,838,700
15.649518251419067,299,838,838,700
15.649518251419067,300,838,838,700
15.649518251419067,300,838,838,700
15.649518251419067,300,838,838,700
15.649518251419067,300,838,838,700
15.649518251419067,300,838,838,700
15.649518251419067,300,838,838,700
15.649518251419067,300,838,838,700
15.649518251419067,300,838,838,700
15.649518251419067,300,838,838,700
15.649518251419067,300,838,838,700
15.649518251419067,300,838,838,700
15.649518251419067,300,838,838,700
15.649518251419067,300,838,838,700
15.665385961532593,300,838,838,700
15.665385961532593,300,838,838,700
15.665385961532593,300,838,838,700
15.665385961532593,300,838,838,700
15.665385961532593,300,838,838,700
15.665385961532593,300,838,838,700
15.665385961532593,300,838,838,700
15.665385961532593,300,838,838,700
15.665385961532593,300,838,838,700
15.665385961532593,300,838,838,700
15.665385961532593,300,838,838,700
15.665385961532593,300,838,838,700
15.665385961532593,300,839,838,700
15.665385961532593,300,838,838,699
15.665385961532593,300,838,838,700
15.665385961532593,300,838,838,700
15.665385961532593,300,838,838,700
15.681092023849487,300,837,838,700
15.681977987289429,300,837,838,700
15.682899713516235,300,838,838,700
15.683185338973999,300,838,838,700
15.683185338973999,300,838,838,700
15.683185338973999,300,838,838,700
15.683185338973999,300,838,838,700
15.683185338973999,300,838,838,700
15.683185338973999,300,838,838,700
15.683185338973999,300,838,838,700
15.683185338973999,300,838,838,700
15.683185338973999,300,838,838,700
15.683185338973999,300,838,838,700
15.683185338973999,300,838,838,700
15.683185338973999,300,838,838,700
15.683185338973999,300,838,838,700
15.683185338973999,300,838,838,700
15.683185338973999,300,838,838,700
15.697024583816528,300,838,838,700
15.697024583816528,300,838,838,700
15.697024583816528,300,838,838,700
15.697024583816528,300,838,838,700
15.697024583816528,300,838,838,700
15.697024583816528,300,838,838,700
15.697024583816528,300,838,838,700
15.697024583816528,300,838,838,700
15.697024583816528,300,838,838,700
15.697024583816528,300,838,838,700
15.697024583816528,300,838,838,700
15.697024583816528,300,838,838,700
15.697024583816528,300,838,838,700
15.697024583816528,300,838,838,700
15.697024583816528,300,838,838,700
15.697024583816528,300,838,838,700
15.697024583816528,300,838,838,700
15.697024583816528,300,838,838,700
15.712741136550903,300,838,838,700
15.712741136550903,301,838,838,700
15.712741136550903,300,838,838,700
15.712741136550903,300,838,838,700
15.712741136550903,300,838,838,700
15.712741136550903,300,838,838,700
15.712741136550903,300,838,838,700
15.712741136550903,300,838,838,700
15.712741136550903,300,838,838,700
15.712741136550903,300,838,838,700
15.712741136550903,300,838,838,700
15.712741136550903,300,838,838,700
15.712741136550903,300,838,838,700
15.712741136550903,300,838,838,700
15.712741136550903,300,838,838,700
15.712741136550903,300,838,838,700
15.712741136550903,300,838,838,700
15.712741136550903,300,838,838,700
15.728430032730103,300,838,838,700
15.728430032730103,300,838,838,700
15.728430032730103,300,838,838,700
15.728430032730103,300,838,838,700
15.728430032730103,300,838,838,700
15.728430032730103,300,838,838,700
15.728430032730103,300,838,838,700
15.728430032730103,300,838,838,700
15.728430032730103,300,838,838,700
15.728430032730103,300,838,838,700
15.728430032730103,300,838,838,700
15.728430032730103,300,839,838,700
15.728430032730103,300,838,838,700
15.728430032730103,300,838,838,700
15.728430032730103,300,838,838,700
15.728430032730103,300,838,838,700
15.728430032730103,300,838,838,700
15.728430032730103,300,838,838,700
15.744245767593384,300,838,838,700
15.745262145996094,300,838,838,700
15.745262145996094,300,838,838,700
15.745262145996094,300,838,838,700
15.745262145996094,300,838,838,700
15.745262145996094,300,838,838,700
15.745262145996094,300,838,838,700
15.745262145996094,300,838,838,700
15.745262145996094,300,838,838,700
15.745262145996094,300,838,838,700
15.745262145996094,300,838,838,700
15.745262145996094,300,838,838,700
15.745262145996094,300,838,838,700
15.745262145996094,300,838,838,700
15.745262145996094,300,838,838,700
15.745262145996094,300,838,838,700
15.745262145996094,300,838,838,700
15.745262145996094,300,838,838,700
15.760376214981079,299,838,838,700
15.760376214981079,300,838,838,700
15.762307405471802,300,838,838,700
15.763055801391602,300,838,838,700
15.763055801391602,300,838,838,700
15.763055801391602,300,838,838,700
15.763055801391602,300,838,838,700
15.763055801391602,300,838,838,700
15.763055801391602,300,838,838,700
15.763055801391602,300,838,838,700
15.763055801391602,300,838,838,700
15.763055801391602,300,838,838,700
15.763055801391602,300,837,838,700
15.763055801391602,300,837,838,700
15.763055801391602,300,837,838,700
15.763055801391602,300,837,838,700
15.763055801391602,300,838,838,700
15.763055801391602,300,838,838,700
15.776238679885864,300,838,838,700
15.776238679885864,300,838,838,700
15.776238679885864,300,838,838,700
15.776238679885864,300,838,838,700
15.776238679885864,300,838,838,700
15.776238679885864,300,838,838,700
15.776238679885864,300,838,838,700
15.776238679885864,300,838,838,700
15.776238679885864,300,838,838,700
15.776238679885864,300,838,838,700
15.776238679885864,300,838,838,700
15.776238679885864,300,838,838,700
15.776238679885864,300,838,838,700
15.776238679885864,300,838,838,700
15.776238679885864,300,838,838,700
15.776238679885864,300,838,838,700
15.776238679885864,300,838,838,700
15.776238679885864,300,838,838,700
15.791913270950317,300,838,838,700
15.791913270950317,300,838,838,700
15.791913270950317,300,838,838,700
15.791913270950317,300,838,838,700
15.791913270950317,300,838,838,700
15.791913270950317,300,838,838,700
15.791913270950317,300,838,838,700
15.791913270950317,300,838,838,700
15.791913270950317,300,839,838,700
15.791913270950317,300,839,838,700
15.791913270950317,300,839,838,700
15.791913270950317,300,838,838,700
15.791913270950317,300,838,838,700
15.791913270950317,300,838,838,700
15.791913270950317,300,838,838,700
15.791913270950317,300,838,838,700
15.791913270950317,300,838,838,700
15.791913270950317,300,838,838,700
15.80766248703003,300,837,838,700
15.80766248703003,300,837,838,700
15.80766248703003,301,837,838,700
15.80766248703003,300,837,838,700
15.80766248703003,300,837,838,700
15.80766248703003,300,838,838,700
15.80766248703003,300,838,838,700
15.80766248703003,300,838,838,700
15.80766248703003,300,838,838,700
15.80766248703003,300,838,838,700
15.80766248703003,300,838,838,700
15.80766248703003,300,838,838,700
15.80766248703003,300,838,838,700
15.80766248703003,300,838,838,700
15.80766248703003,300,838,838,700
15.80766248703003,300,838,838,700
15.80766248703003,300,838,838,700
15.823386669158936,301,838,838,700
15.82433009147644,300,838,838,700
15.82433009147644,301,838,838,700
15.82433009147644,301,838,838,700
15.82433009147644,301,838,838,700
15.82433009147644,301,838,838,700
15.82433009147644,301,837,838,700
15.82433009147644,300,838,838,701
15.82433009147644,300,838,838,700
15.82433009147644,300,838,838,700
15.82433009147644,301,838,838,700
15.82433009147644,301,838,838,700
15.82433009147644,301,838,838,700
15.82433009147644,301,838,838,700
15.82433009147644,301,838,838,700
15.82433009147644,301,838,838,700
15.82433009147644,300,838,838,700
15.82433009147644,301,838,838,700
15.839037895202637,301,838,838,700
15.839037895202637,301,838,838,700
15.839037895202637,301,838,838,700
15.839037895202637,301,838,838,700
15.839037895202637,301,838,838,700
15.839037895202637,301,838,838,700
15.839037895202637,301,838,838,700
15.845339298248291,301,838,838,700
15.845339298248291,301,838,838,700
15.845339298248291,301,838,838,700
15.845339298248291,301,838,838,700
15.845339298248291,301,838,838,700
15.845339298248291,301,838,838,700
15.845339298248291,300,838,838,700
15.845339298248291,300,837,838,701
15.845339298248291,300,838,838,701
15.845339298248291,300,838,838,701
15.854850769042969,300,838,838,701
15.854850769042969,300,839,838,701
15.856106758117676,301,839,838,700
15.856106758117676,301,839,838,700
15.856106758117676,301,839,839,701
15.856106758117676,301,839,839,701
15.856106758117676,300,839,839,701
15.856106758117676,300,839,839,701
15.856106758117676,300,839,839,701
15.856106758117676,300,839,839,701
15.856106758117676,300,839,839,701
15.856106758117676,300,839,839,701
15.856106758117676,300,839,839,701
15.856106758117676,300,839,839,701
15.856106758117676,301,840,839,701
15.856106758117676,300,840,839,700
15.856106758117676,300,840,839,700
15.856106758117676,300,839,839,700
15.856106758117676,300,839,839,700
15.870935201644897,300,839,839,700
15.872323989868164,300,838,839,700
15.873141527175903,300,838,839,700
15.874599695205688,300,838,839,701
15.875613927841187,300,838,839,701
15.875613927841187,300,838,839,701
15.876614809036255,300,838,839,701
15.877609252929688,300,838,837,700
15.879196405410767,300,839,837,700
15.879196405410767,300,839,837,700
15.881206274032593,300,839,837,700
15.881206274032593,300,839,837,700
15.882208108901978,300,838,837,699
15.883208751678467,300,838,837,700
15.88420844078064,300,838,837,699
15.885209083557129,300,838,837,699
15.88620901107788,300,838,837,699
15.887211561203003,300,837,837,699
15.888211965560913,300,837,837,699
15.889209508895874,300,836,837,699
15.889209508895874,300,836,837,700
15.890587329864502,300,836,837,700
15.891105890274048,300,835,837,700
15.891105890274048,299,836,837,700
15.89311957359314,299,836,837,700
15.89311957359314,299,836,837,700
15.89311957359314,299,837,837,700
15.896284341812134,299,838,837,700
15.897599220275879,299,838,837,700
15.898184299468994,299,838,839,700
15.89919900894165,300,838,839,700
15.900197267532349,300,838,839,700
15.901206970214844,300,838,839,700
15.901206970214844,300,838,839,701
15.90219759941101,300,838,839,701
15.903198480606079,300,838,839,701
15.90419864654541,300,838,839,701
15.905198812484741,300,838,839,701
15.906216144561768,300,839,839,701
15.907199621200562,300,839,839,701
15.908200025558472,300,839,839,701
15.908200025558472,300,839,839,701
15.909198999404907,300,840,839,701
15.91019868850708,300,840,839,700
15.911201238632202,300,840,839,700
15.912590503692627,300,840,839,700
15.913089513778687,300,839,839,700
15.91452670097351,300,839,839,700
15.915051460266113,300,838,839,700
15.916060209274292,300,838,839,701
15.917060613632202,300,838,839,701
15.918059587478638,300,838,838,701
15.919061183929443,300,838,838,701
15.919061183929443,300,838,838,701
15.920060873031616,300,839,838,700
15.921062469482422,300,839,838,700
15.922062397003174,300,840,838,700
15.923063278198242,300,840,838,700
15.924060821533203,300,839,838,700
15.925063133239746,300,839,838,700
15.926063299179077,301,839,838,700
15.927069902420044,301,838,838,700
15.928062677383423,301,838,838,700
15.928062677383423,301,838,838,700
15.929067373275757,301,838,838,700
15.930063962936401,301,837,838,700
15.930063962936401,300,838,838,700
15.930063962936401,300,838,838,700
15.930063962936401,300,838,838,700
15.930063962936401,300,838,838,700
15.930063962936401,300,838,838,700
15.930063962936401,301,838,838,700
15.930063962936401,301,838,838,700
15.930063962936401,301,838,839,700
15.930063962936401,301,838,839,700
15.930063962936401,301,838,839,700
15.930063962936401,301,838,839,701
15.930063962936401,301,838,839,701
15.930063962936401,301,838,839,701
15.930063962936401,301,838,839,701
15.930063962936401,300,838,839,701
15.930063962936401,300,839,839,701
15.945424795150757,300,839,839,701
15.945424795150757,301,839,839,701
15.945424795150757,301,840,839,700
15.94805645942688,301,840,839,700
15.94805645942688,301,839,839,701
15.95006799697876,301,839,839,701
15.95006799697876,301,839,839,701
15.95006799697876,301,839,839,701
15.95006799697876,300,839,839,701
15.95006799697876,300,839,839,701
15.95006799697876,300,839,839,701
15.95006799697876,300,839,839,701
15.95006799697876,301,839,839,701
15.95006799697876,301,840,838,700
15.95006799697876,300,840,838,700
15.95006799697876,300,840,838,700
15.95006799697876,300,840,838,700
15.96127438545227,300,839,838,700
15.96127438545227,300,839,838,700
15.96127438545227,300,838,838,700
15.96127438545227,300,838,838,700
15.96127438545227,300,838,838,700
15.96127438545227,300,838,838,700
15.96127438545227,300,838,838,700
15.96127438545227,300,838,838,700
15.96127438545227,300,838,838,700
15.96127438545227,300,837,838,700
15.96127438545227,300,837,838,700
15.96127438545227,300,837,838,700
15.96127438545227,300,837,838,700
15.96127438545227,300,837,838,700
15.96127438545227,300,837,838,700
15.96127438545227,300,837,838,700
15.96127438545227,300,837,838,700
15.976924419403076,300,838,838,700
15.976924419403076,300,838,838,700
15.976924419403076,300,838,838,700
15.979501247406006,300,838,838,700
15.980016946792603,300,838,838,700
15.980016946792603,300,838,838,700
15.980016946792603,299,838,838,700
15.980016946792603,300,838,838,700
15.980016946792603,300,838,838,700
15.980016946792603,300,838,838,700
15.980016946792603,300,838,838,700
15.980016946792603,300,838,838,700
15.980016946792603,300,838,838,700
15.980016946792603,300,838,838,700
15.980016946792603,300,838,838,700
15.980016946792603,300,838,838,700
15.980016946792603,300,838,838,700
15.980016946792603,300,838,838,700
15.99260926246643,300,838,838,700
15.99260926246643,300,838,838,700
15.99260926246643,300,838,838,700
15.99260926246643,299,838,838,700
15.99260926246643,300,838,838,700
15.99260926246643,300,838,838,700
15.99260926246643,300,838,838,700
15.99260926246643,300,838,838,700
15.99260926246643,300,838,838,700
15.99260926246643,300,838,838,700
15.99260926246643,300,838,838,700
15.99260926246643,300,838,838,700
15.99260926246643,300,838,838,700
15.99260926246643,300,838,838,700
15.99260926246643,300,838,838,700
15.99260926246643,300,838,838,700
15.99260926246643,300,838,838,700
15.99260926246643,300,838,838,700
16.00857186317444,301,838,838,700
16.009360551834106,301,838,838,700
16.009869813919067,300,838,838,700
16.009869813919067,300,838,838,700
16.009869813919067,300,838,838,700
16.009869813919067,300,837,838,700
16.009869813919067,300,837,838,701
16.009869813919067,300,837,838,701
16.009869813919067,300,838,838,700
16.009869813919067,300,838,838,700
16.009869813919067,300,838,838,700
16.009869813919067,300,839,838,700
16.009869813919067,300,839,838,700
16.009869813919067,300,839,838,700
16.009869813919067,300,839,838,700
16.009869813919067,300,839,838,700
16.009869813919067,300,838,838,700
16.009869813919067,300,838,838,700
16.024406671524048,301,838,838,700
16.024406671524048,301,837,838,700
16.024406671524048,301,837,838,700
16.024406671524048,301,838,838,700
16.024406671524048,301,838,838,700
16.024406671524048,301,838,838,700
16.024406671524048,301,838,838,700
16.024406671524048,301,838,838,700
16.024406671524048,301,838,838,700
16.024406671524048,301,838,838,700
16.024406671524048,301,838,838,700
16.024406671524048,301,838,838,700
16.024406671524048,301,838,838,700
16.024406671524048,301,837,838,700
16.024406671524048,301,838,838,701
16.024406671524048,301,838,839,701
16.024406671524048,301,838,839,701
16.04011034965515,301,838,839,701
16.04011034965515,301,838,839,701
16.04011034965515,301,839,839,701
16.04011034965515,301,839,839,701
16.04011034965515,301,839,839,701
16.04011034965515,301,839,839,701
16.04564070701599,301,840,839,701
16.04564070701599,301,840,839,701
16.04564070701599,301,840,839,700
16.04564070701599,301,840,839,700
16.04564070701599,301,840,839,700
16.04564070701599,301,839,839,700
16.04564070701599,301,838,839,700
16.04564070701599,301,838,839,701
16.04564070701599,301,838,839,701
16.04564070701599,301,837,839,701
16.04564070701599,301,837,839,701
16.04564070701599,301,838,839,701
16.05598020553589,301,838,839,701
16.05598020553589,301,839,839,701
16.05598020553589,301,840,838,701
16.05598020553589,301,840,838,700
16.05598020553589,301,840,838,700
16.05598020553589,301,839,838,700
16.05598020553589,301,839,838,700
16.05598020553589,301,839,838,700
16.05598020553589,301,838,838,700
16.05598020553589,300,838,838,700
16.05598020553589,300,838,838,700
16.05598020553589,300,838,838,700
16.05598020553589,300,837,838,700
16.05598020553589,300,837,838,701
16.05598020553589,300,837,838,701
16.05598020553589,301,837,838,701
16.05598020553589,301,838,838,701
16.05598020553589,301,838,838,701
16.071967124938965,301,839,838,701
16.071967124938965,300,839,838,700
16.071967124938965,300,839,838,700
16.071967124938965,300,839,838,700
16.071967124938965,300,839,838,700
16.071967124938965,300,839,838,700
16.071967124938965,300,839,839,700
16.071967124938965,300,838,839,700
16.071967124938965,300,838,839,700
16.071967124938965,300,838,839,701
16.071967124938965,300,838,839,701
16.071967124938965,300,838,839,701
16.071967124938965,299,838,839,701
16.071967124938965,299,838,839,701
16.071967124938965,300,839,839,701
16.071967124938965,300,839,839,701
16.071967124938965,300,839,839,701
16.087796926498413,300,840,839,701
16.088932514190674,300,840,839,700
16.089192152023315,300,840,839,700
16.089192152023315,300,840,839,700
16.089192152023315,300,839,839,700
16.089192152023315,300,839,839,700
16.089192152023315,299,838,839,700
16.089192152023315,299,838,839,701
16.089192152023315,299,838,839,701
16.089192152023315,299,838,839,701
16.089192152023315,300,838,839,701
16.089192152023315,300,838,839,701
16.089192152023315,300,839,839,701
16.089192152023315,299,839,839,701
16.089192152023315,299,839,839,701
16.089192152023315,299,840,839,701
16.089192152023315,299,840,839,701
16.10345959663391,299,840,839,701
16.10345959663391,299,840,839,700
16.10345959663391,300,840,839,700
16.10345959663391,300,840,839,700
16.10345959663391,300,839,839,700
16.10345959663391,300,839,839,700
16.10345959663391,300,839,839,700
16.10345959663391,300,838,839,701
16.10345959663391,300,838,839,701
16.10345959663391,300,838,839,701
16.10345959663391,300,838,839,701
16.10345959663391,300,838,839,701
16.10345959663391,300,838,839,701
16.10345959663391,300,839,839,701
16.10345959663391,300,839,839,701
16.10345959663391,300,839,839,701
16.10345959663391,300,840,839,701
16.10345959663391,300,840,839,700
16.1192307472229,300,840,839,700
16.120619297027588,300,840,839,700
16.120619297027588,300,839,839,700
16.120619297027588,300,839,839,700
16.120619297027588,300,839,839,700
16.120619297027588,300,839,839,700
16.120619297027588,300,838,839,701
16.120619297027588,300,838,839,701
16.120619297027588,300,838,839,701
16.120619297027588,300,838,839,701
16.120619297027588,300,838,839,701
16.120619297027588,300,839,839,701
16.120619297027588,300,839,839,701
16.120619297027588,300,839,839,701
16.120619297027588,300,839,839,701
16.120619297027588,300,840,839,701
16.120619297027588,300,839,839,701
16.13511633872986,300,839,839,701
16.13511633872986,300,840,839,701
16.13511633872986,300,840,839,701
16.13511633872986,300,840,839,701
16.13511633872986,300,840,839,700
16.13511633872986,300,840,839,700
16.13511633872986,300,840,839,700
16.13511633872986,300,840,839,700
16.13511633872986,300,839,839,700
16.13511633872986,300,838,839,700
16.13511633872986,300,838,839,701
16.13511633872986,300,838,839,701
16.14568042755127,301,838,839,701
16.14568042755127,301,838,839,701
16.14568042755127,301,838,839,701
16.14568042755127,301,839,839,701
16.14568042755127,301,839,839,701
16.14568042755127,300,839,839,701
16.151546955108643,300,840,839,701
16.151798009872437,300,840,839,700
16.151798009872437,300,839,839,700
16.151798009872437,300,839,839,701
16.151798009872437,300,839,839,701
16.151798009872437,301,839,839,701
16.151798009872437,301,839,839,701
16.151798009872437,301,839,839,701
16.151798009872437,300,839,839,701
16.151798009872437,300,839,839,701
16.151798009872437,300,839,839,701
16.151798009872437,300,840,839,701
16.151798009872437,300,840,839,700
16.151798009872437,301,840,839,700
16.151798009872437,301,840,839,700
16.151798009872437,301,839,839,700
16.151798009872437,301,839,839,700
16.166452884674072,301,839,839,700
16.166452884674072,301,838,839,700
16.166452884674072,301,838,839,701
16.166452884674072,301,838,839,701
16.166452884674072,300,838,839,701
16.166452884674072,300,838,839,701
16.166452884674072,300,838,839,701
16.166452884674072,300,838,839,701
16.166452884674072,300,838,839,701
16.166452884674072,301,838,839,701
16.166452884674072,300,839,839,701
16.166452884674072,300,839,839,701
16.166452884674072,300,840,839,701
16.166452884674072,300,840,838,700
16.166452884674072,300,840,838,700
16.166452884674072,300,839,838,700
16.166452884674072,300,839,838,700
16.18213152885437,300,839,838,700
16.18213152885437,300,838,838,700
16.18213152885437,300,838,838,700
16.18213152885437,300,838,838,700
16.18213152885437,300,837,838,700
16.18213152885437,300,837,838,700
16.18213152885437,300,838,838,701
16.18213152885437,300,838,838,700
16.18213152885437,300,838,838,700
16.18213152885437,300,838,838,700
16.190472841262817,300,838,838,700
16.190472841262817,300,838,838,700
16.190472841262817,300,838,838,700
16.190472841262817,300,838,838,700
16.190472841262817,300,838,838,700
16.190472841262817,300,838,838,700
16.190472841262817,300,838,838,700
16.190472841262817,300,838,838,700
16.19798994064331,300,837,840,701
16.19798994064331,300,837,840,701
16.19798994064331,300,838,840,701
16.19798994064331,300,838,840,702
16.19798994064331,300,838,840,702
16.19798994064331,300,839,840,702
16.19798994064331,300,839,840,702
16.19798994064331,300,840,840,702
16.19798994064331,300,840,840,702
16.19798994064331,300,841,840,701
16.19798994064331,300,842,840,701
16.19798994064331,300,842,840,701
16.19798994064331,300,841,840,701
16.19798994064331,300,841,840,701
16.19798994064331,300,840,840,701
16.19798994064331,300,840,840,701
16.19798994064331,300,840,840,701
16.19798994064331,300,840,840,701
16.214917182922363,300,839,840,701
16.215616703033447,300,839,840,701
16.215616703033447,300,839,840,701
16.215616703033447,300,839,840,701
16.215616703033447,300,840,838,701
16.215616703033447,300,840,838,700
16.215616703033447,300,840,838,700
16.215616703033447,300,840,838,700
16.215616703033447,300,839,838,700
16.215616703033447,299,839,838,700
16.215616703033447,299,839,838,700
16.215616703033447,300,838,838,700
16.215616703033447,300,838,838,700
16.215616703033447,300,838,838,700
16.215616703033447,300,837,838,700
16.215616703033447,300,838,838,700
16.215616703033447,300,838,838,700
16.229777097702026,300,838,838,700
16.23072862625122,300,838,838,700
16.231563568115234,300,838,838,700
16.232529401779175,300,838,838,700
16.23303747177124,300,838,838,700
16.23303747177124,300,838,838,700
16.23303747177124,300,837,838,700
16.23303747177124,300,837,838,700
16.23303747177124,300,838,838,700
16.23303747177124,300,838,840,701
16.23303747177124,300,838,840,701
16.23303747177124,300,838,840,701
16.23303747177124,300,838,840,701
16.23303747177124,300,838,840,701
16.23303747177124,300,839,840,701
16.23303747177124,300,839,840,701
16.23303747177124,300,840,840,701
16.23303747177124,300,840,840,701
16.24624466896057,300,840,840,701
16.247071743011475,300,840,840,701
16.247071743011475,301,840,840,701
16.247071743011475,301,840,840,701
16.247071743011475,301,840,840,701
16.247071743011475,300,839,840,701
16.247071743011475,300,839,840,701
16.247071743011475,300,839,840,702
16.247071743011475,300,839,840,702
16.247071743011475,300,839,840,702
16.247071743011475,300,840,840,702
16.247071743011475,300,841,840,702
16.247071743011475,300,841,840,701
16.247071743011475,300,842,838,701
16.247071743011475,300,842,838,700
16.247071743011475,300,842,838,700
16.247071743011475,300,841,838,700
16.261343717575073,300,841,838,700
16.261343717575073,301,840,838,700
16.261343717575073,300,839,838,700
16.261343717575073,300,839,838,700
16.261343717575073,300,838,838,700
16.261343717575073,300,838,838,700
16.261343717575073,300,838,838,700
16.261343717575073,300,838,838,700
16.261343717575073,300,838,838,700
16.261343717575073,300,838,838,700
16.261343717575073,300,838,838,700
16.261343717575073,300,838,838,700
16.261343717575073,300,838,838,700
16.261343717575073,300,838,838,700
16.261343717575073,300,838,838,700
16.261343717575073,300,838,838,700
16.261343717575073,300,838,838,700
16.277058839797974,300,838,838,700
16.278013229370117,300,838,840,700
16.27908968925476,300,838,840,700
16.279738187789917,300,838,840,700
16.279738187789917,300,838,840,701
16.279738187789917,300,838,840,701
16.279738187789917,300,838,840,701
16.279738187789917,300,839,840,701
16.279738187789917,300,839,840,701
16.279738187789917,300,839,840,701
16.279738187789917,300,840,840,701
16.279738187789917,300,840,840,701
16.279738187789917,300,840,840,701
16.279738187789917,300,840,840,701
16.279738187789917,300,840,840,701
16.279738187789917,300,840,840,701
16.279738187789917,300,840,840,701
16.279738187789917,300,840,840,701
16.292733669281006,300,840,840,701
16.292733669281006,300,839,840,701
16.292733669281006,299,839,840,701
16.292733669281006,299,839,840,701
16.292733669281006,299,840,840,701
16.292733669281006,299,840,840,701
16.292733669281006,299,840,837,700
16.292733669281006,299,841,837,700
16.292733669281006,299,840,837,700
16.292733669281006,299,840,837,700
16.292733669281006,299,840,837,699
16.292733669281006,299,839,837,699
16.292733669281006,299,838,837,699
16.292733669281006,299,838,837,699
16.292733669281006,299,837,837,699
16.292733669281006,299,837,837,699
16.292733669281006,299,836,837,699
16.308565616607666,299,836,837,700
16.309793710708618,299,836,837,700
16.310309886932373,299,836,837,700
16.310309886932373,299,837,837,700
16.310309886932373,299,837,837,700
16.310309886932373,299,837,837,700
16.310309886932373,299,838,837,699
16.310309886932373,299,838,837,699
16.310309886932373,299,838,837,699
16.310309886932373,299,838,837,699
16.310309886932373,299,838,837,699
16.310309886932373,299,837,840,700
16.310309886932373,299,836,840,700
16.310309886932373,299,836,840,701
16.310309886932373,299,836,840,701
16.310309886932373,300,837,840,701
16.310309886932373,299,838,840,701
16.310309886932373,299,839,840,701
16.32442808151245,300,839,840,701
16.32442808151245,300,840,840,701
16.32442808151245,300,840,840,701
16.32442808151245,300,840,840,701
16.32442808151245,300,840,840,701
16.32442808151245,300,840,840,701
16.32442808151245,300,840,840,701
16.32442808151245,300,840,840,701
16.32442808151245,300,840,840,701
16.32442808151245,300,840,840,701
16.32442808151245,300,840,840,701
16.32442808151245,300,840,840,701
16.32442808151245,300,840,840,701
16.32442808151245,300,840,840,701
16.32442808151245,300,840,840,701
16.32442808151245,300,840,837,700
16.32442808151245,300,840,837,700
16.34006905555725,300,840,837,700
16.34006905555725,300,840,837,700
16.34006905555725,300,840,837,699
16.34006905555725,300,839,837,699
16.34006905555725,300,838,837,699
16.34006905555725,300,838,837,699
16.345661878585815,300,837,837,699
16.345661878585815,300,837,837,699
16.345661878585815,300,837,837,699
16.345661878585815,300,837,837,699
16.345661878585815,300,836,837,699
16.345661878585815,300,836,837,700
16.345661878585815,300,836,837,700
16.345661878585815,300,836,837,700
16.345661878585815,300,836,837,700
16.345661878585815,300,837,837,700
16.345661878585815,300,837,837,700
16.355854511260986,300,837,837,700
16.355854511260986,300,838,837,700
16.355854511260986,300,838,837,699
16.355854511260986,300,838,840,700
16.355854511260986,300,838,840,700
16.355854511260986,300,838,840,700
16.355854511260986,300,838,840,701
16.355854511260986,300,838,840,701
16.355854511260986,300,837,840,701
16.355854511260986,301,838,840,701
16.355854511260986,301,838,840,701
16.355854511260986,301,839,840,701
16.355854511260986,301,839,840,701
16.355854511260986,301,840,840,701
16.355854511260986,301,840,840,701
16.355854511260986,301,840,840,701
16.355854511260986,301,840,840,701
16.355854511260986,301,839,840,701
16.372273445129395,301,840,840,701
16.37290930747986,301,840,840,701
16.37433648109436,301,839,840,701
16.375,301,839,840,702
16.375595092773438,301,839,840,702
16.37661337852478,300,840,840,702
16.377609968185425,300,840,840,702
16.378526210784912,300,841,837,701
16.37908935546875,300,842,837,700
16.380107402801514,300,842,837,700
16.38110327720642,300,841,837,699
16.382103443145752,301,841,837,699
16.383103847503662,300,840,837,699
16.383103847503662,300,839,837,699
16.384104251861572,300,838,837,699
16.385104656219482,300,837,837,699
16.386104822158813,300,837,837,699
16.387105464935303,300,836,837,699
16.388105392456055,300,836,837,699
16.389103651046753,300,836,837,700
16.390106678009033,300,836,837,700
16.391106605529785,300,836,837,700
16.39226770401001,300,836,837,700
16.39259672164917,300,836,837,700
16.393609285354614,300,837,837,700
16.394609928131104,300,837,837,700
16.395612001419067,300,837,837,700
16.395612001419067,299,838,837,699
16.395612001419067,299,838,837,699
16.395612001419067,299,838,839,700
16.395612001419067,299,838,839,700
16.395612001419067,299,837,839,700
16.395612001419067,299,837,839,700
16.395612001419067,299,837,839,701
16.395612001419067,299,837,839,701
16.395612001419067,299,838,839,701
16.395612001419067,299,838,839,701
16.395612001419067,299,839,839,701
16.395612001419067,299,839,839,701
16.395612001419067,300,840,839,701
16.395612001419067,300,840,839,700
16.395612001419067,300,840,839,700
16.395612001419067,300,840,839,700
16.395612001419067,300,839,839,700
16.411349773406982,300,839,839,700
16.411349773406982,299,838,839,700
16.411349773406982,299,838,839,700
16.411349773406982,299,838,839,700
16.411349773406982,299,838,839,701
16.411349773406982,299,838,839,701
16.411349773406982,299,838,839,701
16.411349773406982,299,839,838,701
16.411349773406982,299,839,838,700
16.411349773406982,299,839,838,700
16.411349773406982,299,839,838,700
16.411349773406982,299,839,838,700
16.411349773406982,299,839,838,700
16.411349773406982,299,839,838,700
16.411349773406982,299,838,838,700
16.411349773406982,299,838,838,700
16.411349773406982,299,838,838,700
16.4271719455719,299,838,838,700
16.428391456604004,299,838,838,700
16.428391456604004,299,838,838,700
16.430023670196533,299,838,838,700
16.430283069610596,299,838,838,700
16.430283069610596,300,838,838,700
16.430283069610596,300,838,838,700
16.430283069610596,300,838,838,700
16.430283069610596,300,838,838,700
16.430283069610596,300,838,838,700
16.430283069610596,300,838,838,700
16.430283069610596,300,838,838,700
16.430283069610596,300,838,840,701
16.430283069610596,300,838,840,701
16.430283069610596,300,838,840,701
16.430283069610596,300,839,840,701
16.430283069610596,300,839,840,701
16.442835092544556,300,839,840,701
16.442835092544556,300,839,840,701
16.442835092544556,300,840,840,701
16.442835092544556,300,840,840,701
16.445738792419434,300,840,840,701
16.446727991104126,300,840,840,701
16.446727991104126,300,840,840,701
16.448877811431885,300,840,840,701
16.448877811431885,300,840,840,701
16.448877811431885,300,840,840,701
16.448877811431885,301,840,840,701
16.448877811431885,301,840,840,701
16.448877811431885,301,840,840,701
16.448877811431885,301,839,840,701
16.448877811431885,300,839,840,701
16.448877811431885,300,839,840,701
16.448877811431885,300,839,840,701
16.448877811431885,300,840,840,701
16.448877811431885,300,840,837,700
16.448877811431885,300,840,837,700
16.448877811431885,300,840,837,700
16.461395740509033,300,840,837,700
16.462631225585938,300,839,837,699
16.463327169418335,300,839,837,699
16.464340448379517,300,838,837,700
16.464340448379517,300,838,837,699
16.46533703804016,300,837,837,700
16.46633815765381,300,837,837,700
16.46734046936035,300,836,837,700
16.46833872795105,300,837,837,700
16.4693386554718,300,837,837,700
16.470336437225342,300,837,837,700
16.471339225769043,300,838,837,700
16.4723379611969,300,838,837,699
16.473339796066284,300,838,837,699
16.474339485168457,300,838,837,699
16.475342512130737,300,838,837,699
16.475342512130737,300,837,837,699
16.4763400554657,300,837,837,699
16.47834539413452,300,837,837,699
16.47834539413452,300,836,840,700
16.479342937469482,300,836,840,701
16.480553150177002,300,836,840,701
16.48155188560486,300,836,840,701
16.482746839523315,300,837,840,702
16.483271837234497,300,838,840,702
16.484280347824097,300,839,840,702
16.485280513763428,300,839,840,702
16.4862802028656,300,840,840,701
16.4862802028656,300,841,840,701
16.487281799316406,300,842,840,701
16.488282680511475,300,842,840,701
16.489283323287964,300,842,840,701
16.490283489227295,300,841,840,701
16.491288423538208,300,841,840,701
16.492283821105957,300,840,840,701
16.493284463882446,300,840,840,701
16.494288444519043,300,840,840,701
16.4952871799469,300,840,840,701
16.4952871799469,300,840,840,701
16.49628496170044,300,840,840,701
16.49628496170044,300,840,840,701
16.49628496170044,300,840,837,700
16.49628496170044,300,840,837,700
16.49628496170044,300,840,837,700
16.49628496170044,300,840,837,699
16.49628496170044,300,839,837,699
16.49628496170044,300,839,837,699
16.49628496170044,300,838,837,699
16.49628496170044,300,837,837,699
16.49628496170044,300,837,837,699
16.49628496170044,300,837,837,699
16.49628496170044,299,836,837,699
16.49628496170044,299,837,837,700
16.49628496170044,300,836,837,700
16.49628496170044,300,836,837,700
16.49628496170044,300,836,837,700
16.51193618774414,300,836,837,700
16.51193618774414,300,837,837,700
16.51193618774414,299,837,837,700
16.51193618774414,299,838,837,700
16.51193618774414,299,838,837,700
16.51193618774414,299,838,837,699
16.51193618774414,299,838,837,699
16.51193618774414,299,838,839,700
16.51193618774414,299,837,839,700
16.51193618774414,299,837,839,700
16.51193618774414,299,837,839,700
16.51193618774414,299,837,839,701
16.51193618774414,299,837,839,701
16.51193618774414,299,838,839,701
16.51193618774414,299,838,839,701
16.51193618774414,299,838,839,701
16.51193618774414,299,839,839,701
16.51193618774414,299,839,839,701
16.528003692626953,300,840,839,700
16.528003692626953,300,840,839,700
16.528003692626953,300,840,839,700
16.528003692626953,300,839,839,700
16.528003692626953,300,839,839,700
16.528003692626953,300,839,839,700
16.528003692626953,300,838,839,701
16.528003692626953,299,838,839,701
16.528003692626953,299,838,839,701
16.528003692626953,299,838,839,701
16.528003692626953,300,838,839,701
16.528003692626953,300,839,838,701
16.528003692626953,300,840,838,700
16.528003692626953,300,840,838,700
16.528003692626953,300,840,838,700
16.528003692626953,300,840,838,700
16.528003692626953,300,839,838,700
16.543833255767822,300,839,838,700
16.543833255767822,300,838,838,700
16.545857667922974,300,838,838,700
16.545857667922974,300,838,838,700
16.545857667922974,300,838,838,700
16.545857667922974,300,838,838,700
16.545857667922974,300,838,838,700
16.545857667922974,300,838,838,700
16.545857667922974,300,838,838,700
16.545857667922974,300,838,838,700
16.545857667922974,300,838,838,700
16.545857667922974,300,838,838,700
16.545857667922974,300,838,838,700
16.545857667922974,300,838,838,700
16.545857667922974,300,838,838,700
16.545857667922974,300,838,838,700
16.545857667922974,300,838,838,700
16.545857667922974,300,838,838,700
16.559606313705444,300,838,838,700
16.559606313705444,300,838,838,700
16.559606313705444,300,838,838,700
16.559606313705444,300,838,838,700
16.559606313705444,300,838,838,700
16.559606313705444,300,838,838,700
16.559606313705444,300,838,838,700
16.559606313705444,300,838,838,700
16.559606313705444,300,838,838,700
16.559606313705444,300,838,838,700
16.559606313705444,301,838,838,700
16.559606313705444,301,838,838,700
16.559606313705444,301,838,838,700
16.559606313705444,301,838,838,700
16.559606313705444,301,838,838,700
16.559606313705444,301,838,838,700
16.559606313705444,301,838,838,700
16.57526993751526,300,837,838,700
16.576263904571533,300,837,838,700
16.576526165008545,300,837,838,700
16.576526165008545,300,838,838,700
16.576526165008545,300,838,838,700
16.576526165008545,300,838,838,700
16.576526165008545,300,838,838,700
16.576526165008545,300,838,838,700
16.576526165008545,300,838,838,700
16.576526165008545,300,838,838,700
16.576526165008545,300,838,838,700
16.576526165008545,300,838,838,700
16.576526165008545,300,838,838,700
16.576526165008545,300,838,838,700
16.576526165008545,300,838,838,700
16.576526165008545,300,838,838,700
16.576526165008545,300,838,838,700
16.576526165008545,300,838,838,700
16.5910062789917,300,838,838,700
16.5910062789917,300,838,838,700
16.5910062789917,300,838,838,700
16.5910062789917,300,838,838,700
16.5910062789917,300,838,838,700
16.5910062789917,301,838,838,700
16.5910062789917,300,838,838,700
16.5910062789917,300,838,838,700
16.5910062789917,300,838,838,700
16.5910062789917,300,838,838,700
16.5910062789917,300,838,838,700
16.5910062789917,300,838,838,700
16.5910062789917,300,838,838,700
16.5910062789917,300,838,838,700
16.5910062789917,300,838,838,700
16.5910062789917,300,838,838,700
16.5910062789917,300,838,838,700
16.5910062789917,300,838,838,700
16.606667280197144,300,838,838,700
16.607943773269653,300,838,838,700
16.608465433120728,300,838,838,700
16.608465433120728,300,838,838,700
16.608465433120728,300,838,838,700
16.608465433120728,300,838,838,700
16.608465433120728,300,838,838,700
16.608465433120728,300,838,838,700
16.608465433120728,300,837,838,700
16.608465433120728,300,837,838,700
16.608465433120728,300,837,838,700
16.608465433120728,300,837,838,700
16.608465433120728,300,838,838,701
16.608465433120728,300,838,838,700
16.608465433120728,300,838,838,700
16.608465433120728,300,838,838,700
16.608465433120728,300,839,838,700
16.622535943984985,300,839,838,700
16.622535943984985,300,838,838,700
16.622535943984985,300,838,838,700
16.622535943984985,300,838,838,700
16.622535943984985,300,838,838,700
16.622535943984985,300,838,838,700
16.622535943984985,300,838,838,700
16.622535943984985,300,838,838,700
16.622535943984985,300,838,838,700
16.622535943984985,300,838,838,700
16.622535943984985,300,838,838,700
16.622535943984985,300,838,838,700
16.622535943984985,300,838,838,700
16.622535943984985,300,838,838,700
16.622535943984985,300,838,838,700
16.622535943984985,300,838,838,700
16.622535943984985,300,838,838,700
16.622535943984985,300,839,838,700
16.63840937614441,300,838,838,700
16.63840937614441,299,838,838,700
16.64003586769104,299,838,838,700
16.640291929244995,299,838,838,700
16.640291929244995,299,838,838,700
16.640291929244995,299,838,838,700
16.640291929244995,300,838,838,700
16.640291929244995,300,838,838,700
16.640291929244995,300,838,838,700
16.645959854125977,299,838,838,700
16.645959854125977,300,838,838,700
16.645959854125977,300,838,838,700
16.645959854125977,300,838,838,700
16.645959854125977,300,839,838,700
16.645959854125977,300,839,838,700
16.645959854125977,300,838,838,700
16.645959854125977,300,838,838,700
16.645959854125977,300,837,838,700
16.654117822647095,300,837,838,700
16.655001640319824,300,837,838,700
16.655001640319824,300,838,838,700
16.655001640319824,300,838,838,700
16.655001640319824,300,838,838,700
16.655001640319824,300,838,838,700
16.655001640319824,300,838,838,700
16.655001640319824,300,838,838,700
16.655001640319824,300,838,838,700
16.655001640319824,300,838,838,700
16.655001640319824,300,838,838,700
16.655001640319824,300,838,838,700
16.655001640319824,300,838,838,700
16.655001640319824,300,838,838,700
16.655001640319824,300,838,838,700
16.655001640319824,300,838,838,700
16.655001640319824,300,838,838,700
16.655001640319824,300,838,838,700
16.669926166534424,300,838,838,700
16.670879364013672,300,838,838,700
16.670879364013672,300,838,838,700
16.670879364013672,300,838,838,700
16.670879364013672,300,838,838,700
16.670879364013672,300,838,838,700
16.670879364013672,300,838,838,700
16.670879364013672,300,838,838,700
16.670879364013672,300,838,838,700
16.670879364013672,300,838,838,700
16.670879364013672,300,838,838,700
16.670879364013672,300,838,838,700
16.670879364013672,300,838,838,700
16.670879364013672,300,838,838,700
16.670879364013672,301,838,838,700
16.670879364013672,301,838,838,700
16.670879364013672,301,838,838,700
16.670879364013672,300,838,838,700
16.68558645248413,300,838,838,700
16.68683409690857,300,838,838,700
16.68683409690857,300,838,838,700
16.68683409690857,301,838,838,700
16.68683409690857,301,838,838,700
16.68683409690857,301,838,838,700
16.68683409690857,301,838,838,700
16.68683409690857,301,838,838,700
16.68683409690857,301,838,838,700
16.68683409690857,301,838,838,700
16.68683409690857,301,838,838,700
16.68683409690857,301,838,838,700
16.68683409690857,300,838,838,700
16.68683409690857,300,838,838,700
16.68683409690857,300,838,838,700
16.68683409690857,300,838,838,700
16.68683409690857,300,839,838,700
16.68683409690857,300,838,838,700
16.701334953308105,300,838,838,700
16.701334953308105,300,838,838,700
16.701334953308105,301,838,838,700
16.701334953308105,301,838,838,700
16.701334953308105,301,838,838,700
16.701334953308105,301,837,838,700
16.701334953308105,301,837,838,700
16.701334953308105,301,837,838,700
16.701334953308105,301,838,838,700
16.701334953308105,301,838,838,700
16.701334953308105,301,838,838,700
16.701334953308105,301,838,838,700
16.701334953308105,301,838,838,700
16.701334953308105,301,837,838,700
16.701334953308105,301,837,838,700
16.701334953308105,301,838,838,700
16.701334953308105,301,837,838,701
16.716996431350708,301,838,838,700
16.716996431350708,301,838,838,700
16.716996431350708,301,838,839,701
16.716996431350708,300,838,839,701
16.716996431350708,300,838,839,701
16.716996431350708,300,839,839,701
16.716996431350708,300,839,839,701
16.716996431350708,300,839,839,701
16.716996431350708,300,840,839,700
16.716996431350708,301,840,839,700
16.716996431350708,301,839,839,701
16.716996431350708,300,839,839,700
16.716996431350708,300,839,839,700
16.716996431350708,300,839,839,700
16.716996431350708,300,839,839,700
16.716996431350708,300,839,839,700
16.716996431350708,300,838,839,700
16.716996431350708,301,838,839,701
16.73312020301819,301,837,839,701
16.73312020301819,301,837,839,701
16.73312020301819,301,837,839,701
16.73312020301819,300,838,839,701
16.73312020301819,300,838,839,701
16.73312020301819,300,839,839,701
16.73312020301819,300,839,837,701
16.73312020301819,300,840,837,700
16.73312020301819,300,840,837,700
16.73312020301819,300,840,837,700
16.73312020301819,300,839,837,700
16.73312020301819,300,839,837,700
16.73312020301819,300,838,837,699
16.73312020301819,300,838,837,699
16.74606204032898,300,838,837,699
16.74606204032898,300,837,837,699
16.74606204032898,300,837,837,699
16.74879002571106,300,837,837,699
16.74879002571106,300,836,837,699
16.74879002571106,300,836,837,700
16.74879002571106,300,836,837,700
16.74879002571106,300,836,837,700
16.74879002571106,300,836,837,700
16.74879002571106,300,837,837,700
16.74879002571106,300,837,837,700
16.74879002571106,300,838,837,700
16.74879002571106,300,838,837,700
16.74879002571106,300,838,837,700
16.74879002571106,300,838,840,700
16.74879002571106,300,838,840,700
16.74879002571106,300,838,840,701
16.74879002571106,300,838,840,701
16.74879002571106,300,838,840,701
16.74879002571106,300,838,840,701
16.764452695846558,300,838,840,701
16.76568293571472,300,839,840,701
16.76608681678772,300,840,840,701
16.76608681678772,300,840,840,701
16.76608681678772,301,840,840,701
16.76608681678772,301,839,840,701
16.76608681678772,301,840,840,701
16.76608681678772,301,840,840,701
16.76608681678772,301,840,840,701
16.76608681678772,301,840,840,701
16.76608681678772,301,840,840,701
16.76608681678772,301,839,840,701
16.76608681678772,301,839,840,701
16.76608681678772,301,839,840,701
16.76608681678772,301,839,840,701
16.76608681678772,301,839,840,702
16.76608681678772,301,839,838,701
16.76608681678772,301,840,838,701
16.780193328857422,301,840,838,701
16.780193328857422,301,840,838,701
16.780193328857422,301,840,838,700
16.780193328857422,301,840,838,700
16.780193328857422,301,840,838,700
16.780193328857422,301,840,838,700
16.780193328857422,301,839,838,700
16.780193328857422,301,838,838,700
16.780193328857422,301,838,838,700
16.780193328857422,301,838,838,700
16.780193328857422,301,838,838,700
16.780193328857422,301,838,838,700
16.780193328857422,301,838,838,700
16.780193328857422,301,838,838,700
16.780193328857422,301,838,838,700
16.780193328857422,301,838,838,700
16.780193328857422,301,838,838,700
16.79605770111084,301,838,838,700
16.797188997268677,301,838,838,700
16.797685146331787,300,838,838,700
16.797685146331787,300,838,838,700
16.797685146331787,300,838,838,700
16.797685146331787,300,838,838,700
16.797685146331787,300,837,838,700
16.797685146331787,300,837,838,700
16.797685146331787,301,837,838,700
16.797685146331787,301,838,838,700
16.797685146331787,301,838,838,700
16.797685146331787,301,838,838,700
16.797685146331787,301,838,838,700
16.797685146331787,300,838,838,700
16.797685146331787,300,838,838,700
16.797685146331787,300,838,838,700
16.797685146331787,300,838,838,700
16.797685146331787,300,838,838,700
16.81185746192932,300,838,838,700
16.81185746192932,300,838,838,700
16.81185746192932,300,837,838,700
16.81185746192932,300,837,838,701
16.81185746192932,300,837,838,701
16.81185746192932,300,837,838,701
16.81185746192932,300,838,838,701
16.81185746192932,300,838,838,701
16.81185746192932,300,839,838,701
16.81185746192932,300,839,838,701
16.81185746192932,300,840,838,700
16.81185746192932,300,840,838,700
16.81185746192932,300,840,838,700
16.81185746192932,300,840,838,700
16.81185746192932,300,839,838,700
16.81185746192932,300,838,838,700
16.81185746192932,300,838,838,700
16.81185746192932,300,838,838,700
16.827609539031982,300,838,838,700
16.827609539031982,301,838,838,700
16.827609539031982,301,838,838,700
16.827609539031982,300,838,838,700
16.827609539031982,300,838,838,700
16.827609539031982,300,838,838,700
16.827609539031982,300,838,838,700
16.827609539031982,300,838,838,700
16.827609539031982,300,838,838,700
16.827609539031982,301,838,838,700
16.827609539031982,301,838,838,700
16.827609539031982,300,838,838,700
16.827609539031982,300,838,838,700
16.827609539031982,300,838,838,700
16.827609539031982,300,838,838,700
16.827609539031982,300,838,838,700
16.827609539031982,300,837,838,700
16.8433518409729,300,837,838,700
16.8433518409729,300,837,838,700
16.8433518409729,300,838,838,700
16.8433518409729,301,838,838,700
16.8462131023407,301,838,838,700
16.8462131023407,301,838,838,700
16.8462131023407,301,838,838,700
16.8462131023407,301,838,838,700
16.8462131023407,301,838,838,700
16.8462131023407,301,838,838,700
16.8462131023407,301,838,838,700
16.8462131023407,301,838,838,700
16.8462131023407,300,838,838,700
16.8462131023407,300,837,838,700
16.8462131023407,300,837,838,700
16.8462131023407,300,837,838,700
16.8462131023407,300,837,838,701
16.8462131023407,300,837,838,701
16.859201192855835,300,837,838,701
16.859201192855835,300,838,838,701
16.859201192855835,300,838,838,701
16.859201192855835,300,839,838,700
16.859201192855835,300,839,838,700
16.859201192855835,300,839,838,700
16.859201192855835,300,840,838,700
16.859201192855835,300,840,838,700
16.859201192855835,300,839,838,700
16.859201192855835,301,838,838,700
16.859201192855835,301,838,838,700
16.859201192855835,301,838,838,700
16.859201192855835,301,838,838,700
16.859201192855835,301,838,838,700
16.859201192855835,301,838,838,700
16.859201192855835,301,838,838,700
16.859201192855835,301,838,838,700
16.87490749359131,301,838,838,700
16.87490749359131,301,838,838,700
16.876181602478027,301,838,838,700
16.87750482559204,301,838,838,700
16.87852144241333,301,838,839,700
16.87943172454834,301,838,839,700
16.88025951385498,301,838,839,700
16.88127040863037,301,838,839,700
16.88127040863037,300,838,839,700
16.883267879486084,301,838,839,701
16.883267879486084,301,838,839,701
16.884267568588257,301,838,839,701
16.88526964187622,301,838,839,701
16.88626980781555,301,838,839,701
16.88726806640625,301,839,839,701
16.888270616531372,301,839,839,701
16.88927125930786,301,840,839,701
16.88927125930786,301,840,839,701
16.89127016067505,301,840,839,701
16.89227795600891,301,840,839,700
16.89227795600891,301,840,839,700
16.893272399902344,301,839,839,700
16.89527463912964,301,839,839,700
16.895626544952393,301,838,839,700
16.895626544952393,300,838,839,701
16.895626544952393,300,838,839,701
16.895626544952393,300,837,839,701
16.895626544952393,300,838,837,700
16.895626544952393,300,838,837,700
16.895626544952393,300,838,837,700
16.895626544952393,301,839,837,700
16.895626544952393,301,839,837,700
16.895626544952393,301,839,837,700
16.895626544952393,300,838,837,700
16.895626544952393,300,838,837,700
16.895626544952393,300,838,837,700
16.895626544952393,300,837,837,700
16.895626544952393,300,837,837,700
16.895626544952393,300,838,837,700
16.895626544952393,300,838,837,699
16.911081552505493,300,838,837,699
16.911081552505493,300,838,837,699
16.911081552505493,300,837,837,699
16.911081552505493,300,837,837,699
16.911081552505493,300,837,837,699
16.911081552505493,300,836,837,699
16.911081552505493,300,836,837,700
16.911081552505493,300,836,837,700
16.911081552505493,300,836,837,700
16.911081552505493,300,836,840,701
16.911081552505493,300,837,840,701
16.911081552505493,300,837,840,701
16.911081552505493,300,838,840,701
16.911081552505493,300,838,840,701
16.911081552505493,300,839,840,701
16.911081552505493,300,839,840,701
16.911081552505493,300,839,840,701
16.911081552505493,300,840,840,701
16.92695116996765,300,840,840,701
16.92695116996765,300,840,840,701
16.92695116996765,300,840,840,701
16.92695116996765,301,840,840,701
16.92695116996765,301,840,840,701
16.92695116996765,301,840,840,701
16.92695116996765,301,840,840,701
16.92695116996765,301,840,840,701
16.92695116996765,301,839,840,701
16.92695116996765,301,839,840,702
16.92695116996765,301,839,840,702
16.92695116996765,301,839,840,702
16.92695116996765,300,839,840,702
16.92695116996765,300,840,837,701
16.92695116996765,300,840,837,701
16.92695116996765,300,841,837,700
16.92695116996765,300,841,837,700
16.94268822669983,300,841,837,700
16.94268822669983,300,840,837,699
16.94268822669983,300,840,837,699
16.94268822669983,300,839,837,699
16.9463050365448,300,838,837,699
16.9463050365448,300,837,837,699
16.9463050365448,300,837,837,699
16.9463050365448,300,836,837,699
16.9463050365448,300,836,837,700
16.9463050365448,300,835,837,700
16.9463050365448,301,836,837,700
16.9463050365448,300,836,837,700
16.9463050365448,300,836,837,700
16.9463050365448,300,837,837,700
16.9463050365448,300,837,837,700
16.9463050365448,300,837,837,700
16.9463050365448,300,838,837,700
16.9463050365448,300,838,837,700
16.95853304862976,300,838,840,700
16.960551977157593,300,838,840,700
16.960551977157593,300,838,840,701
16.960551977157593,300,838,840,701
16.962563037872314,300,838,840,701
16.962563037872314,300,838,840,701
16.964300394058228,300,839,840,701
16.964300394058228,300,839,840,701
16.964300394058228,300,839,840,701
16.964300394058228,300,839,840,701
16.964300394058228,300,839,840,701
16.964300394058228,301,839,840,701
16.964300394058228,301,840,840,701
16.964300394058228,301,840,840,701
16.964300394058228,301,840,840,701
16.964300394058228,301,840,840,701
16.964300394058228,301,840,840,701
16.964300394058228,301,839,840,702
16.964300394058228,301,839,840,702
16.964300394058228,301,840,840,702
16.964300394058228,301,840,840,701
16.964300394058228,300,840,840,701
16.979299783706665,300,840,837,701
16.980093240737915,300,840,837,700
16.9811007976532,300,840,837,700
16.9811007976532,300,840,837,700
16.98209834098816,300,840,837,700
16.983098030090332,300,839,837,699
16.984098196029663,300,838,837,699
16.98510479927063,300,838,837,700
16.986098766326904,300,837,837,700
16.987099170684814,300,837,837,700
16.987099170684814,300,837,837,700
16.98911714553833,300,837,837,700
16.98911714553833,300,837,837,700
16.990100383758545,300,837,837,700
16.991100072860718,300,837,837,700
16.99210023880005,300,837,837,700
16.993101119995117,300,837,837,700
16.995107889175415,300,838,837,700
16.995683670043945,300,838,837,699
16.996137619018555,300,838,837,699
16.997408151626587,300,838,837,699
16.997408151626587,300,837,837,699
16.99911332130432,300,837,840,700
16.999356269836426,300,836,840,700
17.000365257263184,300,836,840,701
17.001364707946777,300,836,840,701
17.00236487388611,300,836,840,701
17.003366470336914,300,837,840,702
17.00436520576477,300,838,840,702
17.00536608695984,300,838,840,702
17.006364583969116,300,840,840,702
17.006364583969116,300,840,840,701
17.007366180419922,300,841,840,701
17.00836706161499,300,841,840,701
17.00936770439148,301,841,840,701
17.010366916656494,301,841,840,701
17.011367082595825,301,841,840,701
17.012372970581055,301,840,840,701
17.012372970581055,301,840,840,701
17.012372970581055,301,840,840,701
17.012372970581055,301,839,840,701
17.012372970581055,301,839,840,701
17.012372970581055,301,839,840,701
17.012372970581055,300,839,840,702
17.012372970581055,300,839,838,701
17.012372970581055,300,839,838,701
17.012372970581055,300,840,838,701
17.012372970581055,300,840,838,701
17.012372970581055,300,841,838,700
17.012372970581055,300,840,838,700
17.012372970581055,300,840,838,700
17.012372970581055,300,840,838,700
17.012372970581055,300,839,838,700
17.012372970581055,300,839,838,700
17.012372970581055,300,838,838,700
17.028510570526123,300,838,838,700
17.028510570526123,300,837,838,700
17.028510570526123,300,837,838,700
17.028510570526123,300,838,838,700
17.028510570526123,300,838,838,700
17.028510570526123,300,838,838,700
17.028510570526123,301,838,838,700
17.028510570526123,300,838,838,700
17.028510570526123,300,837,838,700
17.028510570526123,300,837,838,700
17.028510570526123,300,838,838,700
17.028510570526123,300,838,839,701
17.028510570526123,300,838,839,701
17.028510570526123,300,838,839,701
17.028510570526123,300,838,839,701
17.028510570526123,300,838,839,701
17.028510570526123,300,839,839,701
17.028510570526123,300,839,839,701
17.044453620910645,300,839,839,701
17.044453620910645,300,839,839,701
17.046469688415527,300,839,839,701
17.046469688415527,300,839,839,701
17.046469688415527,300,839,839,701
17.046469688415527,300,840,839,700
17.046469688415527,300,840,839,700
17.046469688415527,300,840,839,700
17.046469688415527,300,840,839,700
17.046469688415527,300,839,839,700
17.046469688415527,300,839,839,700
17.046469688415527,300,838,839,700
17.046469688415527,300,838,839,701
17.046469688415527,300,838,839,701
17.046469688415527,300,837,839,701
17.046469688415527,300,838,839,701
17.046469688415527,300,838,839,701
17.060328006744385,300,839,839,701
17.060328006744385,300,839,839,701
17.060328006744385,300,840,839,701
17.060328006744385,300,840,839,701
17.060328006744385,300,839,839,701
17.060328006744385,300,840,839,701
17.060328006744385,300,840,839,701
17.060328006744385,300,840,839,700
17.060328006744385,300,840,839,700
17.060328006744385,300,840,839,700
17.060328006744385,300,839,839,700
17.060328006744385,300,839,839,700
17.060328006744385,300,838,839,700
17.060328006744385,300,838,839,700
17.060328006744385,300,838,839,701
17.060328006744385,300,838,839,701
17.060328006744385,300,838,839,701
17.0759220123291,300,838,839,701
17.07715129852295,300,838,839,701
17.07767367362976,300,839,839,701
17.07767367362976,300,839,839,701
17.07767367362976,300,840,839,701
17.07767367362976,300,840,839,701
17.07767367362976,300,840,839,701
17.07767367362976,300,840,839,701
17.07767367362976,299,840,839,700
17.07767367362976,300,840,839,700
17.07767367362976,300,839,839,700
17.07767367362976,300,839,839,700
17.07767367362976,300,839,839,700
17.07767367362976,300,838,839,700
17.07767367362976,300,838,839,701
17.07767367362976,300,838,839,701
17.07767367362976,300,838,839,701
17.07767367362976,300,838,839,701
17.091563940048218,300,839,839,701
17.091563940048218,300,839,839,701
17.091563940048218,300,839,839,701
17.091563940048218,300,839,839,701
17.091563940048218,300,839,839,701
17.091563940048218,300,839,839,701
17.091563940048218,300,839,839,701
17.091563940048218,300,839,839,701
17.091563940048218,300,839,839,701
17.091563940048218,300,839,839,701
17.091563940048218,300,839,839,701
17.091563940048218,300,840,839,701
17.091563940048218,300,840,839,701
17.091563940048218,300,840,839,700
17.091563940048218,300,840,839,700
17.091563940048218,300,840,839,700
17.091563940048218,300,839,839,700
17.107311248779297,300,839,839,700
17.107311248779297,300,838,839,700
17.107311248779297,300,838,839,701
17.107311248779297,300,838,839,701
17.107311248779297,300,838,839,701
17.107311248779297,300,838,839,701
17.107311248779297,300,839,839,701
17.107311248779297,300,839,839,701
17.107311248779297,300,839,839,701
17.107311248779297,300,840,839,700
17.107311248779297,300,840,839,700
17.107311248779297,300,840,839,700
17.107311248779297,300,840,839,700
17.107311248779297,300,839,839,700
17.107311248779297,300,839,839,700
17.107311248779297,300,838,839,700
17.107311248779297,300,838,839,701
17.12311577796936,300,838,839,701
17.123988389968872,300,838,839,701
17.124550342559814,300,838,839,701
17.124550342559814,300,838,839,701
17.124550342559814,300,839,839,701
17.124550342559814,300,839,839,701
17.124550342559814,300,839,839,701
17.124550342559814,300,839,839,701
17.124550342559814,300,840,839,701
17.124550342559814,300,840,839,701
17.124550342559814,301,840,839,701
17.124550342559814,301,840,839,700
17.124550342559814,301,840,839,700
17.124550342559814,301,840,839,700
17.124550342559814,301,839,839,700
17.124550342559814,301,839,839,700
17.124550342559814,301,838,839,701
17.13878560066223,300,838,839,701
17.13878560066223,300,838,839,701
17.13878560066223,300,838,839,701
17.13878560066223,300,838,839,701
17.13878560066223,300,838,839,701
17.13878560066223,300,839,839,701
17.13878560066223,300,839,839,701
17.13878560066223,300,839,839,701
17.13878560066223,300,840,839,701
17.146688222885132,300,840,839,701
17.146688222885132,300,839,839,701
17.146688222885132,300,840,839,701
17.146688222885132,300,840,839,701
17.146688222885132,300,840,839,700
17.146688222885132,300,839,839,701
17.146688222885132,300,839,839,701
17.146688222885132,300,839,839,701
17.146688222885132,300,839,839,701
17.154629707336426,300,839,839,701
17.154629707336426,300,839,839,701
17.154629707336426,300,840,839,701
17.154629707336426,300,840,839,700
17.154629707336426,300,840,839,700
17.154629707336426,300,840,839,700
17.154629707336426,300,839,839,700
17.154629707336426,300,839,839,700
17.154629707336426,300,839,839,700
17.154629707336426,300,838,839,701
17.154629707336426,299,838,839,701
17.154629707336426,299,838,839,701
17.154629707336426,299,838,839,701
17.154629707336426,299,838,839,701
17.154629707336426,299,839,839,701
17.154629707336426,299,839,839,701
17.154629707336426,300,839,839,701
17.154629707336426,300,840,839,701
17.170625686645508,300,840,839,700
17.170625686645508,300,840,839,700
17.170625686645508,300,840,839,700
17.170625686645508,300,840,839,700
17.170625686645508,300,839,839,700
17.170625686645508,300,839,839,700
17.170625686645508,300,838,839,700
17.170625686645508,300,838,839,701
17.170625686645508,300,837,839,701
17.170625686645508,300,838,839,701
17.170625686645508,300,838,839,701
17.170625686645508,299,838,839,701
17.170625686645508,299,839,839,701
17.170625686645508,299,840,839,701
17.170625686645508,299,840,839,701
17.170625686645508,299,840,839,701
17.170625686645508,299,840,839,701
17.18638801574707,299,840,839,701
17.187278509140015,299,840,839,700
17.188034296035767,299,840,839,700
17.188034296035767,299,840,839,700
17.18942880630493,299,839,839,700
