time,pos,cur,cmd_pos,cmd_cur
0.0,297,494,512,512
0.0,298,495,512,512
0.0,298,496,512,512
0.0,299,496,512,512
0.0,300,497,512,512
0.0,300,497,512,512
0.0,301,497,512,512
0.0,302,497,512,512
0.0,303,497,512,512
0.0,304,497,512,512
0.0,305,497,512,512
0.00941014289855957,306,498,512,512
0.00941014289855957,308,498,512,512
0.011427879333496094,309,498,512,512
0.011427879333496094,311,498,512,512
0.011427879333496094,312,498,512,512
0.011427879333496094,315,498,512,512
0.011427879333496094,317,499,512,512
0.011427879333496094,320,499,512,512
0.011427879333496094,323,500,512,512
0.011427879333496094,326,500,512,512
0.011427879333496094,328,501,512,512
0.011427879333496094,331,501,512,512
0.011427879333496094,333,501,512,512
0.011427879333496094,335,502,512,512
0.011427879333496094,337,502,512,512
0.011427879333496094,341,502,512,512
0.011427879333496094,343,502,512,512
0.011427879333496094,346,502,512,512
0.011427879333496094,349,502,512,512
0.025489091873168945,352,502,512,512
0.025489091873168945,356,502,512,512
0.025489091873168945,359,502,512,512
0.025489091873168945,363,501,512,512
0.025489091873168945,367,501,512,512
0.025489091873168945,372,502,512,512
0.025489091873168945,376,501,512,512
0.025489091873168945,379,501,512,512
0.025489091873168945,383,502,512,512
0.03398275375366211,386,502,512,512
0.03398275375366211,389,502,512,512
0.03398275375366211,392,503,512,512
0.03398275375366211,395,503,512,512
0.03398275375366211,397,503,512,512
0.03398275375366211,399,503,512,512
0.03398275375366211,402,503,512,512
0.03398275375366211,402,502,512,512
0.04121065139770508,405,502,512,512
0.04222679138183594,406,502,512,512
0.04222679138183594,407,502,512,512
0.04222679138183594,409,501,512,512
0.04222679138183594,410,501,512,512
0.04222679138183594,412,501,512,512
0.04222679138183594,414,501,512,512
0.04222679138183594,415,501,512,512
0.04222679138183594,416,501,512,512
0.04222679138183594,417,501,512,512
0.04222679138183594,417,501,512,512
0.04222679138183594,418,501,512,512
0.04222679138183594,418,501,512,512
0.04222679138183594,417,501,512,512
0.04222679138183594,416,501,512,512
0.04222679138183594,415,501,512,512
0.04222679138183594,413,501,512,512
0.04222679138183594,412,501,512,512
0.04222679138183594,410,501,512,512
0.05692553520202637,406,501,512,512
0.05692553520202637,404,501,512,512
0.05692553520202637,402,501,512,512
0.05692553520202637,399,501,512,512
0.05692553520202637,396,500,512,512
0.05692553520202637,394,500,512,512
0.05692553520202637,391,500,512,512
0.05692553520202637,389,500,512,512
0.05692553520202637,388,500,512,512
0.05692553520202637,384,500,512,512
0.05692553520202637,382,500,512,512
0.05692553520202637,379,500,512,512
0.05692553520202637,375,500,512,512
0.05692553520202637,372,500,512,512
0.05692553520202637,369,500,512,512
0.05692553520202637,366,500,512,512
0.05692553520202637,363,500,512,512
0.0726931095123291,360,501,512,512
0.0726931095123291,356,501,512,512
0.0726931095123291,352,501,512,512
0.0726931095123291,349,501,512,512
0.0726931095123291,345,501,512,512
0.0726931095123291,342,501,512,512
0.0726931095123291,340,501,512,512
0.0726931095123291,337,501,512,512
0.0726931095123291,334,501,512,512
0.0726931095123291,331,500,512,512
0.0726931095123291,328,500,512,512
0.0726931095123291,326,500,512,512
0.0726931095123291,324,500,512,512
0.0726931095123291,323,501,512,512
0.0726931095123291,321,501,512,512
0.0726931095123291,319,502,512,512
0.0726931095123291,318,502,512,512
0.0726931095123291,315,502,512,512
0.08841943740844727,314,503,512,512
0.08841943740844727,312,503,512,512
0.08841943740844727,309,504,512,512
0.09121274948120117,308,504,512,512
0.09158110618591309,306,504,512,512
0.09158110618591309,305,504,512,512
0.09158110618591309,304,504,512,512
0.09158110618591309,303,504,512,512
0.09158110618591309,302,504,512,512
0.09158110618591309,302,504,512,512
0.09158110618591309,301,505,512,512
0.09158110618591309,301,504,512,512
0.09158110618591309,301,504,512,512
0.09158110618591309,302,505,512,512
0.09158110618591309,302,505,512,512
0.09158110618591309,302,505,512,512
0.09158110618591309,303,505,512,512
0.09158110618591309,304,506,512,512
0.10426974296569824,305,506,512,512
0.10426974296569824,306,507,512,512
0.10426974296569824,307,507,512,512
0.10426974296569824,308,507,512,512
0.10426974296569824,309,508,512,512
0.10426974296569824,310,508,512,512
0.10426974296569824,311,508,512,512
0.10426974296569824,313,508,512,512
0.10426974296569824,314,508,512,512
0.10426974296569824,315,508,512,512
0.10426974296569824,317,508,512,512
0.10426974296569824,318,509,512,512
0.10426974296569824,321,509,512,512
0.10426974296569824,324,509,512,512
0.10426974296569824,326,509,512,512
0.10426974296569824,328,508,512,512
0.10426974296569824,332,509,512,512
0.10426974296569824,335,508,512,512
0.12009334564208984,337,509,512,512
0.12136340141296387,340,509,512,512
0.12175750732421875,343,509,512,512
0.12175750732421875,346,509,512,512
0.12175750732421875,348,509,512,512
0.12175750732421875,351,509,512,512
0.12175750732421875,354,510,512,512
0.12175750732421875,358,510,512,512
0.12175750732421875,360,511,512,512
0.12175750732421875,363,510,512,512
0.12175750732421875,365,510,512,512
0.12175750732421875,367,510,512,512
0.12175750732421875,371,510,512,512
0.12175750732421875,374,509,512,512
0.12175750732421875,376,509,512,512
0.12175750732421875,379,509,512,512
0.1340925693511963,383,509,512,512
0.1340925693511963,386,509,512,512
0.13584494590759277,388,509,512,512
0.1364753246307373,391,508,512,512
0.1364753246307373,393,508,512,512
0.1364753246307373,395,509,512,512
0.1364753246307373,398,509,512,512
0.1364753246307373,400,509,512,512
0.1364753246307373,401,508,512,512
0.1364753246307373,403,509,512,512
0.1364753246307373,404,508,512,512
0.1364753246307373,405,508,512,512
0.1364753246307373,405,508,512,512
0.1364753246307373,406,508,512,512
0.1364753246307373,406,508,512,512
0.1364753246307373,406,508,512,512
0.1364753246307373,406,507,512,512
0.1364753246307373,406,507,512,512
0.1364753246307373,406,507,512,512
0.1364753246307373,406,507,512,512
0.15150904655456543,406,507,512,512
0.15150904655456543,406,506,512,512
0.15150904655456543,405,506,512,512
0.15150904655456543,405,506,512,512
0.15150904655456543,404,506,512,512
0.15150904655456543,403,506,512,512
0.15150904655456543,401,506,512,512
0.15150904655456543,400,506,512,512
0.15150904655456543,398,506,512,512
0.15150904655456543,396,506,512,512
0.15150904655456543,393,506,512,512
0.15150904655456543,391,505,512,512
0.15150904655456543,387,505,512,512
0.15150904655456543,385,505,512,512
0.15150904655456543,383,505,512,512
0.15150904655456543,379,505,512,512
0.15150904655456543,378,505,512,512
0.15150904655456543,374,505,512,512
0.16731524467468262,371,505,512,512
0.1687180995941162,369,504,512,512
0.1687180995941162,366,505,512,512
0.1687180995941162,363,505,512,512
0.1687180995941162,361,505,512,512
0.1687180995941162,358,505,512,512
0.1687180995941162,355,505,512,512
0.1687180995941162,353,505,512,512
0.1687180995941162,350,505,512,512
0.1687180995941162,348,505,512,512
0.1687180995941162,345,505,512,512
0.1687180995941162,343,505,512,512
0.1687180995941162,339,505,512,512
0.1687180995941162,337,506,512,512
0.1687180995941162,334,505,512,512
0.1687180995941162,332,506,512,512
0.1687180995941162,330,506,512,512
0.1687180995941162,328,506,512,512
0.18322348594665527,325,505,512,512
0.18322348594665527,324,506,512,512
0.18322348594665527,322,506,512,512
0.18322348594665527,319,506,512,512
0.18322348594665527,318,506,512,512
0.18322348594665527,317,506,512,512
0.18322348594665527,315,506,512,512
0.18322348594665527,314,506,512,512
0.18322348594665527,313,506,512,512
0.18322348594665527,312,507,512,512
0.18322348594665527,311,507,512,512
0.18322348594665527,311,507,512,512
0.18322348594665527,310,508,512,512
0.18322348594665527,309,508,512,512
0.18322348594665527,309,508,512,512
0.18322348594665527,309,508,512,512
0.18322348594665527,308,508,512,512
0.18322348594665527,308,508,512,512
0.19894027709960938,308,508,512,512
0.19894027709960938,308,509,512,512
0.2009577751159668,308,508,512,512
0.2009577751159668,308,508,512,512
0.20296907424926758,308,509,512,512
0.20296907424926758,309,509,512,512
0.20501017570495605,309,509,512,512
0.20586490631103516,311,509,512,512
0.20586490631103516,312,510,512,512
0.20586490631103516,313,509,512,512
0.20586490631103516,315,509,512,512
0.20586490631103516,317,510,512,512
0.20586490631103516,318,510,512,512
0.20586490631103516,320,510,512,512
0.20586490631103516,321,511,512,512
0.20586490631103516,322,511,512,512
0.20586490631103516,324,511,512,512
0.21471738815307617,326,511,512,512
0.21471738815307617,327,511,512,512
0.21471738815307617,330,511,512,512
0.21471738815307617,332,511,512,512
0.21471738815307617,334,512,512,512
0.21471738815307617,336,512,512,512
0.21471738815307617,338,511,512,512
0.21471738815307617,340,511,512,512
0.21471738815307617,344,511,512,512
0.21471738815307617,346,511,512,512
0.21471738815307617,349,511,512,512
0.21471738815307617,351,511,512,512
0.21471738815307617,354,511,512,512
0.21471738815307617,357,511,512,512
0.21471738815307617,360,511,512,512
0.21471738815307617,363,511,512,512
0.21471738815307617,365,511,512,512
0.21471738815307617,367,511,512,512
0.21471738815307617,371,512,512,512
0.2307906150817871,373,511,512,512
0.2307906150817871,375,511,512,512
0.2307906150817871,377,511,512,512
0.2307906150817871,378,511,512,512
0.23422884941101074,381,511,512,512
0.23422884941101074,383,511,512,512
0.23422884941101074,385,511,512,512
0.23422884941101074,386,511,512,512
0.23422884941101074,389,510,512,512
0.23422884941101074,390,510,512,512
0.23422884941101074,392,510,512,512
0.23422884941101074,394,509,512,512
0.23422884941101074,395,509,512,512
0.23422884941101074,396,509,512,512
0.23422884941101074,398,509,512,512
0.23422884941101074,399,509,512,512
0.23422884941101074,399,509,512,512
0.2464451789855957,400,509,512,512
0.2464451789855957,401,509,512,512
0.2464451789855957,401,509,512,512
0.2464451789855957,401,509,512,512
0.2464451789855957,400,509,512,512
0.2464451789855957,400,508,512,512
0.2464451789855957,399,508,512,512
0.2464451789855957,398,508,512,512
0.2464451789855957,397,508,512,512
0.2464451789855957,396,508,512,512
0.2464451789855957,395,508,512,512
0.2464451789855957,394,508,512,512
0.2464451789855957,392,507,512,512
0.2464451789855957,391,507,512,512
0.2464451789855957,390,507,512,512
0.2464451789855957,389,507,512,512
0.2464451789855957,386,507,512,512
0.2464451789855957,385,507,512,512
0.26216602325439453,383,506,512,512
0.26216602325439453,381,506,512,512
0.26216602325439453,379,506,512,512
0.26216602325439453,377,506,512,512
0.26216602325439453,374,506,512,512
0.26216602325439453,372,507,512,512
0.26216602325439453,369,507,512,512
0.26216602325439453,365,507,512,512
0.26216602325439453,363,507,512,512
0.26216602325439453,360,506,512,512
0.26216602325439453,358,506,512,512
0.26216602325439453,356,506,512,512
0.26216602325439453,354,507,512,512
0.26216602325439453,351,506,512,512
0.26216602325439453,348,506,512,512
0.26216602325439453,346,506,512,512
0.26216602325439453,345,506,512,512
0.26216602325439453,342,506,512,512
0.278289794921875,341,506,512,512
0.278289794921875,338,506,512,512
0.2802586555480957,336,506,512,512
0.2806539535522461,334,506,512,512
0.2806539535522461,333,507,512,512
0.2806539535522461,330,506,512,512
0.2806539535522461,328,507,512,512
0.2806539535522461,328,507,512,512
0.2806539535522461,325,507,512,512
0.2806539535522461,324,507,512,512
0.2806539535522461,322,508,512,512
0.2806539535522461,320,508,512,512
0.2806539535522461,319,508,512,512
0.2806539535522461,318,508,512,512
0.2806539535522461,316,508,512,512
0.2806539535522461,315,508,512,512
0.2806539535522461,315,508,512,512
0.2806539535522461,314,508,512,512
0.2941915988922119,314,508,512,512
0.2941915988922119,314,508,512,512
0.2941915988922119,313,508,512,512
0.2941915988922119,313,508,512,512
0.2941915988922119,313,509,512,512
0.2941915988922119,313,509,512,512
0.2941915988922119,313,509,512,512
0.2941915988922119,313,509,512,512
0.2941915988922119,314,510,512,512
0.2941915988922119,314,510,512,512
0.2941915988922119,314,510,512,512
0.2941915988922119,315,510,512,512
0.2941915988922119,315,510,512,512
0.2941915988922119,316,510,512,512
0.2941915988922119,317,510,512,512
0.2941915988922119,318,510,512,512
0.2941915988922119,319,510,512,512
0.2941915988922119,320,511,512,512
0.2941915988922119,321,510,512,512
0.3101990222930908,323,510,512,512
0.3116142749786377,324,510,512,512
0.3116142749786377,326,511,512,512
0.3133728504180908,328,511,512,512
0.3133728504180908,329,511,512,512
0.3133728504180908,332,511,512,512
0.3133728504180908,333,511,512,512
0.3133728504180908,336,511,512,512
0.3133728504180908,338,511,512,512
0.3133728504180908,339,512,512,512
0.3133728504180908,341,512,512,512
0.3133728504180908,344,512,512,512
0.3133728504180908,346,512,512,512
0.3133728504180908,348,512,512,512
0.3133728504180908,349,511,512,512
0.3133728504180908,351,511,512,512
0.3133728504180908,352,511,512,512
0.3133728504180908,356,511,512,512
0.3263070583343506,358,511,512,512
0.3263070583343506,361,512,512,512
0.3263070583343506,364,512,512,512
0.3263070583343506,366,511,512,512
0.3263070583343506,368,511,512,512
0.3263070583343506,370,511,512,512
0.3263070583343506,372,511,512,512
0.3263070583343506,374,511,512,512
0.3263070583343506,376,511,512,512
0.33429980278015137,379,511,512,512
0.33429980278015137,380,511,512,512
0.33429980278015137,382,511,512,512
0.33429980278015137,383,511,512,512
0.33429980278015137,385,511,512,512
0.33429980278015137,386,511,512,512
0.33429980278015137,388,511,512,512
0.33429980278015137,388,510,512,512
0.33429980278015137,389,510,512,512
0.3424227237701416,390,510,512,512
0.3437974452972412,391,510,512,512
0.3442392349243164,392,509,512,512
0.3442392349243164,393,509,512,512
0.3442392349243164,393,509,512,512
0.3442392349243164,393,509,512,512
0.3442392349243164,394,509,512,512
0.3442392349243164,394,509,512,512
0.3442392349243164,394,508,512,512
0.3442392349243164,394,508,512,512
0.3442392349243164,393,509,512,512
0.3442392349243164,392,509,512,512
0.3442392349243164,391,508,512,512
0.3442392349243164,391,508,512,512
0.3442392349243164,389,508,512,512
0.3442392349243164,388,508,512,512
0.3442392349243164,387,508,512,512
0.3442392349243164,386,508,512,512
0.35823631286621094,384,508,512,512
0.35823631286621094,382,507,512,512
0.35823631286621094,380,507,512,512
0.35823631286621094,379,507,512,512
0.35823631286621094,377,507,512,512
0.35823631286621094,376,507,512,512
0.35823631286621094,374,507,512,512
0.35823631286621094,372,507,512,512
0.35823631286621094,370,507,512,512
0.35823631286621094,367,507,512,512
0.35823631286621094,365,507,512,512
0.35823631286621094,363,507,512,512
0.35823631286621094,362,507,512,512
0.35823631286621094,360,507,512,512
0.35823631286621094,358,507,512,512
0.35823631286621094,356,507,512,512
0.35823631286621094,352,507,512,512
0.35823631286621094,350,507,512,512
0.37400364875793457,348,507,512,512
0.37400364875793457,346,507,512,512
0.37400364875793457,345,507,512,512
0.37400364875793457,343,507,512,512
0.37400364875793457,341,507,512,512
0.37400364875793457,338,507,512,512
0.37400364875793457,337,507,512,512
0.37400364875793457,335,507,512,512
0.37400364875793457,333,507,512,512
0.37400364875793457,332,507,512,512
0.37400364875793457,330,507,512,512
0.37400364875793457,329,507,512,512
0.37400364875793457,328,507,512,512
0.37400364875793457,327,508,512,512
0.37400364875793457,325,508,512,512
0.37400364875793457,324,508,512,512
0.37400364875793457,322,508,512,512
0.37400364875793457,321,508,512,512
0.3897404670715332,321,508,512,512
0.3897404670715332,320,508,512,512
0.3897404670715332,319,508,512,512
0.3897404670715332,318,509,512,512
0.3897404670715332,318,509,512,512
0.3897404670715332,317,509,512,512
0.3897404670715332,317,509,512,512
0.39648890495300293,317,509,512,512
0.3970494270324707,317,509,512,512
0.3970494270324707,317,509,512,512
0.3970494270324707,317,509,512,512
0.3970494270324707,317,509,512,512
0.3970494270324707,317,509,512,512
0.3970494270324707,318,509,512,512
0.3970494270324707,319,509,512,512
0.3970494270324707,319,509,512,512
0.3970494270324707,319,509,512,512
0.3970494270324707,320,510,512,512
0.405501127243042,321,510,512,512
0.405501127243042,322,511,512,512
0.405501127243042,323,511,512,512
0.405501127243042,324,511,512,512
0.405501127243042,325,511,512,512
0.405501127243042,326,511,512,512
0.405501127243042,328,511,512,512
0.405501127243042,329,511,512,512
0.405501127243042,331,511,512,512
0.405501127243042,332,511,512,512
0.405501127243042,333,511,512,512
0.405501127243042,335,511,512,512
0.405501127243042,337,511,512,512
0.405501127243042,339,511,512,512
0.405501127243042,341,511,512,512
0.405501127243042,342,511,512,512
0.405501127243042,344,511,512,512
0.405501127243042,346,511,512,512
0.4213402271270752,348,511,512,512
0.4227330684661865,351,511,512,512
0.42366957664489746,352,511,512,512
0.42394351959228516,354,512,512,512
0.42394351959228516,356,512,512,512
0.42394351959228516,358,512,512,512
0.42394351959228516,360,512,512,512
0.42394351959228516,362,512,512,512
0.42394351959228516,363,512,512,512
0.42394351959228516,365,511,512,512
0.42394351959228516,368,511,512,512
0.42394351959228516,369,511,512,512
0.42394351959228516,371,511,512,512
0.42394351959228516,373,511,512,512
0.42394351959228516,374,511,512,512
0.4344964027404785,376,511,512,512
0.4344964027404785,377,511,512,512
0.4344964027404785,379,511,512,512
0.43707871437072754,381,511,512,512
0.43707871437072754,382,510,512,512
0.43707871437072754,384,510,512,512
0.43707871437072754,384,510,512,512
0.43707871437072754,385,510,512,512
0.43707871437072754,386,510,512,512
0.43707871437072754,387,510,512,512
0.43707871437072754,387,510,512,512
0.43707871437072754,388,509,512,512
0.43707871437072754,388,509,512,512
0.43707871437072754,388,509,512,512
0.43707871437072754,388,509,512,512
0.43707871437072754,388,509,512,512
0.43707871437072754,388,509,512,512
0.43707871437072754,388,509,512,512
0.43707871437072754,387,508,512,512
0.43707871437072754,387,508,512,512
0.43707871437072754,386,508,512,512
0.45282816886901855,385,508,512,512
0.45282816886901855,385,508,512,512
0.45282816886901855,384,508,512,512
0.45282816886901855,383,508,512,512
0.45282816886901855,382,508,512,512
0.45282816886901855,381,508,512,512
0.45282816886901855,379,508,512,512
0.45282816886901855,378,507,512,512
0.45282816886901855,377,507,512,512
0.45282816886901855,375,508,512,512
0.45282816886901855,374,507,512,512
0.45282816886901855,372,507,512,512
0.45282816886901855,370,507,512,512
0.45282816886901855,368,507,512,512
0.45282816886901855,367,507,512,512
0.45282816886901855,364,507,512,512
0.45282816886901855,363,507,512,512
0.46868038177490234,361,507,512,512
0.46868038177490234,358,507,512,512
0.47069287300109863,356,507,512,512
0.47176289558410645,355,507,512,512
0.47213077545166016,353,507,512,512
0.47213077545166016,352,507,512,512
0.47213077545166016,349,507,512,512
0.47213077545166016,348,507,512,512
0.47213077545166016,346,507,512,512
0.47213077545166016,344,507,512,512
0.47213077545166016,342,507,512,512
0.47213077545166016,340,507,512,512
0.47213077545166016,339,507,512,512
0.47213077545166016,337,507,512,512
0.47213077545166016,336,507,512,512
0.47213077545166016,335,507,512,512
0.47213077545166016,333,507,512,512
0.47213077545166016,332,507,512,512
0.484466552734375,331,507,512,512
0.484466552734375,329,508,512,512
0.484466552734375,329,508,512,512
0.484466552734375,328,508,512,512
0.4878203868865967,326,508,512,512
0.4878203868865967,325,508,512,512
0.48983073234558105,325,508,512,512
0.48983073234558105,324,508,512,512
0.48983073234558105,323,508,512,512
0.4918379783630371,323,508,512,512
0.4918379783630371,322,508,512,512
0.4938476085662842,322,508,512,512
0.4938476085662842,322,509,512,512
0.4938476085662842,322,509,512,512
0.4938476085662842,322,509,512,512
0.4938476085662842,322,509,512,512
0.4938476085662842,322,509,512,512
0.4990403652191162,322,509,512,512
0.4990403652191162,322,509,512,512
0.5005502700805664,322,509,512,512
0.5005502700805664,322,509,512,512
0.5005502700805664,323,509,512,512
0.5005502700805664,324,510,512,512
0.5005502700805664,324,510,512,512
0.5005502700805664,325,510,512,512
0.5005502700805664,326,510,512,512
0.5005502700805664,327,510,512,512
0.5005502700805664,328,510,512,512
0.5005502700805664,329,510,512,512
0.5005502700805664,330,511,512,512
0.5005502700805664,331,511,512,512
0.5005502700805664,333,510,512,512
0.5005502700805664,334,511,512,512
0.5005502700805664,336,511,512,512
0.5005502700805664,337,511,512,512
0.5005502700805664,338,511,512,512
0.516202449798584,340,511,512,512
0.5169816017150879,341,511,512,512
0.5181026458740234,343,511,512,512
0.5184731483459473,345,511,512,512
0.5184731483459473,347,511,512,512
0.5184731483459473,349,511,512,512
0.5184731483459473,350,511,512,512
0.5184731483459473,352,511,512,512
0.5184731483459473,354,511,512,512
0.5184731483459473,355,510,512,512
0.5184731483459473,356,510,512,512
0.5184731483459473,358,510,512,512
0.5184731483459473,360,510,512,512
0.5184731483459473,362,511,512,512
0.5184731483459473,364,511,512,512
0.5184731483459473,366,511,512,512
0.5184731483459473,367,511,512,512
0.5184731483459473,369,511,512,512
0.5319669246673584,370,510,512,512
0.5319669246673584,372,510,512,512
0.5319669246673584,373,510,512,512
0.5344493389129639,375,510,512,512
0.5344493389129639,376,510,512,512
0.5344493389129639,377,510,512,512
0.5344493389129639,378,510,512,512
0.5344493389129639,379,510,512,512
0.5344493389129639,380,510,512,512
0.5344493389129639,380,510,512,512
0.5344493389129639,381,510,512,512
0.5344493389129639,382,509,512,512
0.5344493389129639,383,509,512,512
0.5344493389129639,383,509,512,512
0.5344493389129639,384,509,512,512
0.5344493389129639,384,509,512,512
0.5344493389129639,384,509,512,512
0.5344493389129639,384,509,512,512
0.5476291179656982,384,509,512,512
0.5476291179656982,384,509,512,512
0.5476291179656982,384,509,512,512
0.5476291179656982,383,508,512,512
0.5476291179656982,383,508,512,512
0.5476291179656982,382,509,512,512
0.5476291179656982,382,508,512,512
0.5476291179656982,381,508,512,512
0.5476291179656982,380,508,512,512
0.5476291179656982,379,508,512,512
0.5476291179656982,377,508,512,512
0.5476291179656982,376,508,512,512
0.5476291179656982,375,508,512,512
0.5476291179656982,374,508,512,512
0.5476291179656982,373,508,512,512
0.5476291179656982,372,507,512,512
0.5476291179656982,370,507,512,512
0.5476291179656982,369,507,512,512
0.5637307167053223,367,507,512,512
0.564720630645752,365,507,512,512
0.564720630645752,364,507,512,512
0.5666220188140869,362,507,512,512
0.5671346187591553,359,507,512,512
0.5671346187591553,359,507,512,512
0.5671346187591553,357,507,512,512
0.5671346187591553,355,508,512,512
0.5671346187591553,354,508,512,512
0.5671346187591553,352,507,512,512
0.5671346187591553,350,507,512,512
0.5671346187591553,349,507,512,512
0.5671346187591553,347,507,512,512
0.5671346187591553,346,507,512,512
0.5671346187591553,344,507,512,512
0.5671346187591553,343,507,512,512
0.5671346187591553,342,507,512,512
0.5671346187591553,340,507,512,512
0.5793554782867432,339,507,512,512
0.5793554782867432,337,507,512,512
0.5793554782867432,336,508,512,512
0.5793554782867432,335,508,512,512
0.5793554782867432,334,508,512,512
0.5793554782867432,333,508,512,512
0.5793554782867432,332,508,512,512
0.5793554782867432,331,508,512,512
0.5793554782867432,329,508,512,512
0.5793554782867432,329,508,512,512
0.5793554782867432,328,508,512,512
0.5793554782867432,327,508,512,512
0.5793554782867432,326,508,512,512
0.5793554782867432,326,508,512,512
0.5793554782867432,326,508,512,512
0.5793554782867432,325,508,512,512
0.5793554782867432,325,509,512,512
0.5951313972473145,325,509,512,512
0.5951313972473145,325,509,512,512
0.5951313972473145,325,509,512,512
0.5976476669311523,325,509,512,512
0.5976476669311523,325,509,512,512
0.5976476669311523,325,509,512,512
0.5976476669311523,325,510,512,512
0.5976476669311523,326,510,512,512
0.5976476669311523,326,509,512,512
0.5976476669311523,327,509,512,512
0.5976476669311523,327,509,512,512
0.5976476669311523,328,509,512,512
0.5976476669311523,328,509,512,512
0.5976476669311523,329,510,512,512
0.5976476669311523,330,510,512,512
0.5976476669311523,331,510,512,512
0.5976476669311523,332,510,512,512
0.5976476669311523,333,510,512,512
0.6107935905456543,334,510,512,512
0.6107935905456543,335,510,512,512
0.6107935905456543,337,511,512,512
0.6107935905456543,338,511,512,512
0.6107935905456543,339,511,512,512
0.6107935905456543,341,510,512,512
0.6107935905456543,342,510,512,512
0.6107935905456543,344,510,512,512
0.6107935905456543,345,511,512,512
0.6107935905456543,346,511,512,512
0.6107935905456543,348,511,512,512
0.6107935905456543,349,511,512,512
0.6107935905456543,350,511,512,512
0.6107935905456543,352,511,512,512
0.6107935905456543,354,510,512,512
0.6107935905456543,355,511,512,512
0.6107935905456543,356,511,512,512
0.6107935905456543,358,511,512,512
0.6264562606811523,360,510,512,512
0.6275498867034912,361,510,512,512
0.6282334327697754,363,510,512,512
0.6282334327697754,364,510,512,512
0.6282334327697754,365,510,512,512
0.6282334327697754,367,510,512,512
0.6282334327697754,368,510,512,512
0.6282334327697754,370,510,512,512
0.6282334327697754,371,510,512,512
0.6343774795532227,372,510,512,512
0.6343774795532227,373,510,512,512
0.6343774795532227,374,510,512,512
0.6343774795532227,375,510,512,512
0.6343774795532227,376,510,512,512
0.6343774795532227,377,510,512,512
0.6343774795532227,378,509,512,512
0.6343774795532227,378,509,512,512
0.6343774795532227,378,509,512,512
0.642580509185791,379,509,512,512
0.642580509185791,379,509,512,512
0.642580509185791,380,509,512,512
0.642580509185791,380,509,512,512
0.642580509185791,380,509,512,512
0.642580509185791,380,509,512,512
0.642580509185791,380,509,512,512
0.642580509185791,380,509,512,512
0.642580509185791,379,509,512,512
0.642580509185791,379,508,512,512
0.642580509185791,379,508,512,512
0.642580509185791,378,508,512,512
0.642580509185791,377,508,512,512
0.642580509185791,377,508,512,512
0.642580509185791,375,508,512,512
0.642580509185791,375,508,512,512
0.642580509185791,374,508,512,512
0.642580509185791,373,508,512,512
0.658414363861084,372,508,512,512
0.658414363861084,371,508,512,512
0.658414363861084,370,508,512,512
0.658414363861084,368,508,512,512
0.6620206832885742,367,508,512,512
0.6624526977539062,366,507,512,512
0.6624526977539062,365,507,512,512
0.6624526977539062,363,507,512,512
0.6624526977539062,362,507,512,512
0.6624526977539062,360,507,512,512
0.6624526977539062,359,508,512,512
0.6624526977539062,357,508,512,512
0.6624526977539062,355,507,512,512
0.6624526977539062,354,507,512,512
0.6624526977539062,353,507,512,512
0.6624526977539062,351,507,512,512
0.6624526977539062,350,507,512,512
0.6624526977539062,349,508,512,512
0.674006462097168,347,508,512,512
0.674006462097168,345,507,512,512
0.674006462097168,344,507,512,512
0.674006462097168,343,508,512,512
0.674006462097168,341,508,512,512
0.674006462097168,341,508,512,512
0.674006462097168,339,508,512,512
0.674006462097168,338,508,512,512
0.674006462097168,337,508,512,512
0.674006462097168,336,508,512,512
0.674006462097168,335,508,512,512
0.674006462097168,334,508,512,512
0.674006462097168,333,508,512,512
0.674006462097168,333,508,512,512
0.674006462097168,332,508,512,512
0.674006462097168,331,508,512,512
0.674006462097168,330,508,512,512
0.674006462097168,330,508,512,512
0.6898527145385742,329,509,512,512
0.6898527145385742,329,509,512,512
0.6898527145385742,329,509,512,512
0.6898527145385742,328,509,512,512
0.6898527145385742,328,509,512,512
0.6898527145385742,328,509,512,512
0.6898527145385742,328,509,512,512
0.6898527145385742,327,509,512,512
0.6898527145385742,327,509,512,512
0.6898527145385742,327,510,512,512
0.6898527145385742,328,509,512,512
0.6898527145385742,328,509,512,512
0.6898527145385742,329,509,512,512
0.6898527145385742,329,510,512,512
0.6898527145385742,330,510,512,512
0.6898527145385742,330,510,512,512
0.6898527145385742,331,510,512,512
0.6898527145385742,331,510,512,512
0.705714225769043,332,510,512,512
0.706897497177124,333,510,512,512
0.7076539993286133,334,510,512,512
0.7076539993286133,335,510,512,512
0.7076539993286133,336,510,512,512
0.7076539993286133,337,510,512,512
0.7076539993286133,337,510,512,512
0.7076539993286133,338,510,512,512
0.7076539993286133,340,510,512,512
0.7076539993286133,341,510,512,512
0.7076539993286133,342,510,512,512
0.7076539993286133,343,510,512,512
0.7076539993286133,344,511,512,512
0.7076539993286133,345,510,512,512
0.7076539993286133,347,510,512,512
0.7076539993286133,349,511,512,512
0.7076539993286133,350,510,512,512
0.7076539993286133,351,510,512,512
0.7214205265045166,353,511,512,512
0.7214205265045166,354,510,512,512
0.7214205265045166,356,510,512,512
0.7214205265045166,357,510,512,512
0.7214205265045166,357,510,512,512
0.7214205265045166,359,510,512,512
0.7214205265045166,361,510,512,512
0.7214205265045166,362,510,512,512
0.7214205265045166,364,510,512,512
0.7214205265045166,365,510,512,512
0.7214205265045166,366,510,512,512
0.7214205265045166,367,510,512,512
0.7214205265045166,368,510,512,512
0.7214205265045166,369,510,512,512
0.7214205265045166,370,510,512,512
0.7345688343048096,371,510,512,512
0.7345688343048096,372,509,512,512
0.7345688343048096,373,509,512,512
0.7372350692749023,374,509,512,512
0.7372350692749023,374,509,512,512
0.7372350692749023,375,509,512,512
0.7372350692749023,375,510,512,512
0.7372350692749023,375,510,512,512
0.7372350692749023,376,509,512,512
0.7372350692749023,376,509,512,512
0.7372350692749023,376,509,512,512
0.7372350692749023,376,509,512,512
0.7372350692749023,376,509,512,512
0.7372350692749023,376,509,512,512
0.7372350692749023,376,509,512,512
0.7372350692749023,376,509,512,512
0.7372350692749023,375,509,512,512
0.7372350692749023,375,509,512,512
0.7372350692749023,375,508,512,512
0.7372350692749023,374,509,512,512
0.7372350692749023,374,509,512,512
0.7530958652496338,373,508,512,512
0.7530958652496338,373,508,512,512
0.7530958652496338,372,508,512,512
0.7530958652496338,371,508,512,512
0.7530958652496338,370,508,512,512
0.7530958652496338,369,508,512,512
0.7530958652496338,368,508,512,512
0.7530958652496338,367,508,512,512
0.760404109954834,366,508,512,512
0.760404109954834,365,508,512,512
0.760404109954834,364,507,512,512
0.760404109954834,362,507,512,512
0.760404109954834,361,508,512,512
0.760404109954834,360,507,512,512
0.760404109954834,359,507,512,512
0.760404109954834,357,507,512,512
0.760404109954834,356,508,512,512
0.760404109954834,354,508,512,512
0.7690281867980957,353,508,512,512
0.7690281867980957,352,508,512,512
0.7690281867980957,351,508,512,512
0.7690281867980957,350,507,512,512
0.7690281867980957,348,508,512,512
0.7690281867980957,347,508,512,512
0.7690281867980957,346,508,512,512
0.7690281867980957,345,508,512,512
0.7690281867980957,344,508,512,512
0.7690281867980957,343,508,512,512
0.7690281867980957,341,508,512,512
0.7690281867980957,340,508,512,512
0.7690281867980957,339,508,512,512
0.7690281867980957,338,508,512,512
0.7690281867980957,337,508,512,512
0.7690281867980957,336,508,512,512
0.7690281867980957,336,508,512,512
0.7690281867980957,335,508,512,512
0.7848827838897705,335,508,512,512
0.7861611843109131,334,508,512,512
0.7861611843109131,333,508,512,512
0.7861611843109131,332,509,512,512
0.7861611843109131,332,509,512,512
0.7861611843109131,331,509,512,512
0.7861611843109131,331,509,512,512
0.7861611843109131,331,509,512,512
0.7861611843109131,330,509,512,512
0.7861611843109131,330,509,512,512
0.7861611843109131,330,509,512,512
0.7861611843109131,330,509,512,512
0.7861611843109131,330,509,512,512
0.7861611843109131,330,509,512,512
0.7861611843109131,330,509,512,512
0.7861611843109131,331,509,512,512
0.7861611843109131,331,509,512,512
0.7861611843109131,331,510,512,512
0.8014309406280518,332,510,512,512
0.8022277355194092,332,510,512,512
0.8028912544250488,332,509,512,512
0.8036620616912842,333,509,512,512
0.8036620616912842,334,509,512,512
0.8036620616912842,334,509,512,512
0.8036620616912842,335,509,512,512
0.8036620616912842,336,510,512,512
0.8036620616912842,336,510,512,512
0.8036620616912842,338,510,512,512
0.8036620616912842,338,510,512,512
0.8036620616912842,339,510,512,512
0.8036620616912842,341,510,512,512
0.8036620616912842,342,511,512,512
0.8036620616912842,343,510,512,512
0.8036620616912842,344,510,512,512
0.8036620616912842,345,510,512,512
0.8036620616912842,346,510,512,512
0.817040205001831,347,510,512,512
0.817040205001831,348,510,512,512
0.817040205001831,350,510,512,512
0.817040205001831,351,510,512,512
0.817040205001831,352,510,512,512
0.817040205001831,354,510,512,512
0.817040205001831,355,511,512,512
0.817040205001831,356,510,512,512
0.817040205001831,357,510,512,512
0.817040205001831,358,511,512,512
0.817040205001831,359,510,512,512
0.817040205001831,360,510,512,512
0.817040205001831,362,510,512,512
0.817040205001831,362,510,512,512
0.817040205001831,364,510,512,512
0.817040205001831,365,510,512,512
0.817040205001831,366,510,512,512
0.817040205001831,367,510,512,512
0.8321466445922852,368,510,512,512
0.8321466445922852,368,510,512,512
0.8347733020782471,369,510,512,512
0.8347733020782471,370,510,512,512
0.8347733020782471,370,510,512,512
0.8347733020782471,371,510,512,512
0.8347733020782471,371,510,512,512
0.8347733020782471,372,510,512,512
0.8347733020782471,373,510,512,512
0.8347733020782471,373,509,512,512
0.8347733020782471,373,509,512,512
0.8347733020782471,374,509,512,512
0.8347733020782471,374,509,512,512
0.8347733020782471,374,509,512,512
0.8347733020782471,373,508,512,512
0.8347733020782471,373,508,512,512
0.8347733020782471,373,508,512,512
0.8478198051452637,373,508,512,512
0.8478198051452637,373,509,512,512
0.8478198051452637,372,509,512,512
0.8478198051452637,372,509,512,512
0.8478198051452637,371,509,512,512
0.8478198051452637,371,509,512,512
0.8478198051452637,370,508,512,512
0.8478198051452637,369,508,512,512
0.8478198051452637,368,508,512,512
0.8478198051452637,367,508,512,512
0.8478198051452637,367,508,512,512
0.8478198051452637,366,508,512,512
0.8478198051452637,365,508,512,512
0.8478198051452637,364,508,512,512
0.8478198051452637,364,508,512,512
0.8478198051452637,363,508,512,512
0.8478198051452637,361,508,512,512
0.8478198051452637,360,508,512,512
0.8638339042663574,359,508,512,512
0.8638339042663574,358,508,512,512
0.8638339042663574,357,508,512,512
0.8638339042663574,356,508,512,512
0.8638339042663574,355,508,512,512
0.8638339042663574,353,508,512,512
0.8638339042663574,352,508,512,512
0.8638339042663574,351,508,512,512
0.8638339042663574,350,508,512,512
0.8638339042663574,349,508,512,512
0.8638339042663574,348,508,512,512
0.8638339042663574,347,508,512,512
0.8638339042663574,346,508,512,512
0.8638339042663574,345,507,512,512
0.8638339042663574,344,508,512,512
0.8638339042663574,342,508,512,512
0.8638339042663574,341,508,512,512
0.8638339042663574,341,508,512,512
0.879511833190918,340,508,512,512
0.879511833190918,339,508,512,512
0.8813493251800537,339,508,512,512
0.8813493251800537,338,508,512,512
0.8813493251800537,337,508,512,512
0.8813493251800537,336,508,512,512
0.8813493251800537,335,508,512,512
0.8813493251800537,335,508,512,512
0.8813493251800537,334,508,512,512
0.8813493251800537,334,508,512,512
0.8813493251800537,333,509,512,512
0.8813493251800537,333,509,512,512
0.8813493251800537,333,509,512,512
0.8813493251800537,332,509,512,512
0.8813493251800537,332,509,512,512
0.8813493251800537,332,509,512,512
0.8813493251800537,332,509,512,512
0.8813493251800537,332,509,512,512
0.8952775001525879,332,509,512,512
0.8952775001525879,332,509,512,512
0.8952775001525879,332,510,512,512
0.8952775001525879,333,510,512,512
0.8952775001525879,333,510,512,512
0.8952775001525879,333,510,512,512
0.8952775001525879,334,510,512,512
0.8952775001525879,334,510,512,512
0.8952775001525879,335,510,512,512
0.8952775001525879,335,510,512,512
0.8952775001525879,336,510,512,512
0.8952775001525879,336,510,512,512
0.8952775001525879,337,510,512,512
0.8952775001525879,338,510,512,512
0.8952775001525879,338,510,512,512
0.8952775001525879,339,510,512,512
0.8952775001525879,340,510,512,512
0.8952775001525879,341,510,512,512
0.9111242294311523,342,510,512,512
0.9111242294311523,343,510,512,512
0.9111242294311523,344,511,512,512
0.9111242294311523,344,511,512,512
0.9111242294311523,346,510,512,512
0.9111242294311523,347,511,512,512
0.9111242294311523,348,511,512,512
0.9111242294311523,349,511,512,512
0.9187567234039307,350,510,512,512
0.9194693565368652,351,511,512,512
0.9194693565368652,352,511,512,512
0.9194693565368652,353,511,512,512
0.9194693565368652,354,511,512,512
0.9194693565368652,355,510,512,512
0.9194693565368652,356,510,512,512
0.9194693565368652,357,510,512,512
0.9194693565368652,358,510,512,512
0.9194693565368652,359,510,512,512
0.9268975257873535,360,510,512,512
0.9268975257873535,360,510,512,512
0.9268975257873535,362,510,512,512
0.9268975257873535,363,510,512,512
0.9268975257873535,364,510,512,512
0.9268975257873535,364,510,512,512
0.9268975257873535,365,510,512,512
0.9268975257873535,366,510,512,512
0.9268975257873535,366,510,512,512
0.9349045753479004,367,510,512,512
0.9349045753479004,368,510,512,512
0.9349045753479004,368,510,512,512
0.9349045753479004,369,510,512,512
0.9349045753479004,369,510,512,512
0.9349045753479004,370,509,512,512
0.9349045753479004,370,510,512,512
0.9349045753479004,370,509,512,512
0.9349045753479004,370,509,512,512
0.9427268505096436,370,509,512,512
0.9440104961395264,370,509,512,512
0.9445221424102783,370,509,512,512
0.9458451271057129,370,509,512,512
0.9470226764678955,370,509,512,512
0.9472935199737549,369,509,512,512
0.9472935199737549,369,509,512,512
0.9472935199737549,369,509,512,512
0.9472935199737549,369,509,512,512
0.9472935199737549,368,509,512,512
0.9472935199737549,368,509,512,512
0.9472935199737549,367,509,512,512
0.9472935199737549,366,508,512,512
0.9472935199737549,366,508,512,512
0.9472935199737549,365,508,512,512
0.9472935199737549,364,508,512,512
0.9472935199737549,364,508,512,512
0.9472935199737549,363,509,512,512
0.9584856033325195,362,509,512,512
0.9584856033325195,361,508,512,512
0.9584856033325195,360,508,512,512
0.9584856033325195,360,508,512,512
0.9584856033325195,359,508,512,512
0.9584856033325195,358,508,512,512
0.9584856033325195,357,508,512,512
0.9584856033325195,356,508,512,512
0.9584856033325195,355,508,512,512
0.9584856033325195,353,508,512,512
0.9584856033325195,352,508,512,512
0.9584856033325195,351,508,512,512
0.9584856033325195,350,508,512,512
0.9584856033325195,350,508,512,512
0.9584856033325195,349,508,512,512
0.9584856033325195,348,508,512,512
0.9584856033325195,347,508,512,512
0.9584856033325195,346,508,512,512
0.9743413925170898,345,508,512,512
0.9743413925170898,344,508,512,512
0.9743413925170898,343,509,512,512
0.9743413925170898,342,508,512,512
0.9743413925170898,341,508,512,512
0.9743413925170898,340,508,512,512
0.9743413925170898,340,508,512,512
0.9743413925170898,339,509,512,512
0.9743413925170898,338,509,512,512
0.9743413925170898,338,509,512,512
0.9743413925170898,337,509,512,512
0.9743413925170898,337,509,512,512
0.9743413925170898,336,509,512,512
0.9743413925170898,336,509,512,512
0.9743413925170898,336,509,512,512
0.9743413925170898,335,509,512,512
0.9743413925170898,335,509,512,512
0.9901080131530762,335,509,512,512
0.9901080131530762,335,509,512,512
0.9901080131530762,334,509,512,512
0.9901080131530762,334,509,512,512
0.9901080131530762,334,509,512,512
0.9901080131530762,334,509,512,512
0.9901080131530762,334,509,512,512
0.9901080131530762,335,509,512,512
0.9901080131530762,335,509,512,512
0.9901080131530762,335,509,512,512
0.9901080131530762,335,509,512,512
0.9901080131530762,336,510,512,512
0.9901080131530762,336,510,512,512
0.9901080131530762,336,510,512,512
0.9901080131530762,337,510,512,512
0.9901080131530762,337,510,512,512
0.9901080131530762,338,510,512,512
0.9901080131530762,338,510,512,512
1.005972146987915,339,510,512,512
1.005972146987915,340,510,512,512
1.005972146987915,340,510,512,512
1.005972146987915,341,510,512,512
1.005972146987915,342,510,512,512
1.005972146987915,342,510,512,512
1.005972146987915,344,510,512,512
1.005972146987915,344,510,512,512
1.005972146987915,345,510,512,512
1.005972146987915,346,510,512,512
1.005972146987915,347,510,512,512
1.005972146987915,348,510,512,512
1.005972146987915,349,510,512,512
1.005972146987915,350,510,512,512
1.005972146987915,351,510,512,512
1.005972146987915,352,510,512,512
1.005972146987915,353,510,512,512
1.005972146987915,354,510,512,512
1.0216624736785889,354,510,512,512
1.0216624736785889,355,510,512,512
1.0238423347473145,356,510,512,512
1.0238423347473145,357,510,512,512
1.0238423347473145,358,511,512,512
1.0238423347473145,358,510,512,512
1.0238423347473145,360,510,512,512
1.0238423347473145,361,510,512,512
1.0238423347473145,361,510,512,512
1.0238423347473145,362,510,512,512
1.0238423347473145,363,510,512,512
1.0238423347473145,363,510,512,512
1.0238423347473145,364,510,512,512
1.0238423347473145,365,510,512,512
1.0238423347473145,365,510,512,512
1.0238423347473145,366,509,512,512
1.03519606590271,366,509,512,512
1.03519606590271,367,510,512,512
1.0373303890228271,367,510,512,512
1.0373303890228271,367,509,512,512
1.0373303890228271,368,509,512,512
1.0373303890228271,368,509,512,512
1.0373303890228271,368,509,512,512
1.0373303890228271,368,509,512,512
1.0373303890228271,368,509,512,512
1.0373303890228271,368,509,512,512
1.0373303890228271,368,509,512,512
1.0373303890228271,368,509,512,512
1.0373303890228271,368,509,512,512
1.0373303890228271,367,509,512,512
1.0373303890228271,367,509,512,512
1.0373303890228271,367,509,512,512
1.0373303890228271,367,509,512,512
1.0373303890228271,366,509,512,512
1.0373303890228271,366,509,512,512
1.0373303890228271,365,509,512,512
1.0534732341766357,365,509,512,512
1.0542185306549072,364,509,512,512
1.0544743537902832,363,509,512,512
1.0544743537902832,363,509,512,512
1.0544743537902832,362,508,512,512
1.0544743537902832,361,508,512,512
1.0544743537902832,361,508,512,512
1.0544743537902832,360,508,512,512
1.0544743537902832,359,508,512,512
1.0544743537902832,358,509,512,512
1.0544743537902832,357,508,512,512
1.0544743537902832,356,508,512,512
1.0544743537902832,355,508,512,512
1.0544743537902832,355,508,512,512
1.0544743537902832,354,508,512,512
1.0544743537902832,353,508,512,512
1.0544743537902832,352,508,512,512
1.0544743537902832,351,508,512,512
1.068868637084961,350,508,512,512
1.0696871280670166,349,508,512,512
1.0696871280670166,348,508,512,512
1.0696871280670166,347,508,512,512
1.0696871280670166,346,508,512,512
1.0696871280670166,346,509,512,512
1.0696871280670166,345,508,512,512
1.0696871280670166,344,508,512,512
1.0696871280670166,343,508,512,512
1.0696871280670166,342,508,512,512
1.0696871280670166,342,508,512,512
1.0696871280670166,341,509,512,512
1.0696871280670166,340,509,512,512
1.0696871280670166,340,509,512,512
1.0696871280670166,340,509,512,512
1.0696871280670166,339,509,512,512
1.0696871280670166,339,509,512,512
1.0696871280670166,338,508,512,512
1.084632158279419,338,508,512,512
1.084632158279419,338,508,512,512
1.086644172668457,337,508,512,512
1.086644172668457,337,508,512,512
1.086644172668457,337,509,512,512
1.086644172668457,336,509,512,512
1.086644172668457,336,509,512,512
1.086644172668457,336,509,512,512
1.086644172668457,336,509,512,512
1.086644172668457,336,509,512,512
1.086644172668457,336,509,512,512
1.086644172668457,336,509,512,512
1.086644172668457,336,510,512,512
1.086644172668457,336,510,512,512
1.086644172668457,337,510,512,513
1.086644172668457,337,510,512,513
1.086644172668457,337,509,512,513
1.1004488468170166,338,510,512,513
1.1004488468170166,338,510,512,513
1.1004488468170166,338,511,512,513
1.1004488468170166,339,512,512,513
1.1043460369110107,340,512,512,513
1.1043460369110107,340,512,540,520
1.1043460369110107,341,512,540,522
1.1043460369110107,341,512,540,522
1.1043460369110107,342,513,540,525
1.1043460369110107,343,515,540,527
1.1043460369110107,343,520,540,528
1.1043460369110107,344,524,540,529
1.1043460369110107,345,528,540,529
1.1043460369110107,346,534,540,530
1.1043460369110107,347,537,540,529
1.1043460369110107,347,539,540,529
1.1043460369110107,348,542,540,528
1.1043460369110107,349,543,540,528
1.1162207126617432,349,543,540,528
1.1162207126617432,350,543,540,527
1.1162207126617432,351,543,540,527
1.1162207126617432,351,542,540,527
1.1162207126617432,352,541,540,527
1.1162207126617432,352,540,540,527
1.1162207126617432,352,539,540,527
1.1162207126617432,352,539,540,527
1.1162207126617432,352,538,540,528
1.1162207126617432,353,538,506,520
1.1162207126617432,353,538,506,517
1.1162207126617432,352,537,506,515
1.1162207126617432,352,536,506,512
1.1162207126617432,352,534,506,512
1.1162207126617432,352,530,506,510
1.1162207126617432,352,526,506,509
1.1319172382354736,352,519,506,508
1.1319172382354736,352,514,506,508
1.1337652206420898,352,510,506,509
1.13454270362854,351,506,506,509
1.135054588317871,351,504,506,510
1.135054588317871,351,503,506,510
1.135054588317871,351,502,506,511
1.135054588317871,351,502,506,511
1.135054588317871,351,503,506,511
1.135054588317871,350,504,506,511
1.135054588317871,350,505,506,511
1.135054588317871,350,506,506,511
1.135054588317871,350,506,506,511
1.135054588317871,350,507,506,511
1.135054588317871,350,507,506,511
1.135054588317871,350,507,543,519
1.135054588317871,350,507,543,522
1.135054588317871,350,507,543,525
1.1479291915893555,350,509,543,528
1.149193286895752,350,514,543,530
1.149193286895752,350,518,543,532
1.149193286895752,350,523,543,532
1.149193286895752,350,529,543,532
1.149193286895752,350,534,543,532
1.149193286895752,350,540,543,532
1.149193286895752,350,543,543,531
1.149193286895752,350,545,543,531
1.149193286895752,350,547,543,530
1.149193286895752,349,547,543,530
1.149193286895752,349,547,543,529
1.149193286895752,349,546,543,529
1.149193286895752,348,545,543,529
1.149193286895752,348,544,543,529
1.149193286895752,347,543,543,529
1.149193286895752,347,542,543,530
1.163766860961914,346,542,543,530
1.163766860961914,346,541,543,530
1.163766860961914,345,541,517,524
1.163766860961914,344,541,517,522
1.163766860961914,343,541,517,520
1.163766860961914,342,539,517,518
1.163766860961914,341,537,517,517
1.163766860961914,340,534,517,515
1.163766860961914,340,529,517,515
1.163766860961914,339,525,517,515
1.163766860961914,339,522,517,515
1.163766860961914,338,519,517,515
1.163766860961914,337,517,517,516
1.163766860961914,337,515,517,516
1.163766860961914,336,514,517,516
1.163766860961914,335,514,517,517
1.163766860961914,335,514,517,517
1.17952299118042,335,515,517,517
1.1808557510375977,334,515,517,517
1.1814348697662354,334,516,517,517
1.1814348697662354,333,517,517,517
1.1814348697662354,333,518,517,517
1.1814348697662354,333,518,517,517
1.1814348697662354,333,518,517,517
1.1814348697662354,333,518,548,524
1.1870408058166504,333,518,548,527
1.1870408058166504,333,519,548,529
1.189838171005249,333,524,548,533
1.189838171005249,334,530,548,534
1.189838171005249,334,535,548,534
1.189838171005249,334,539,548,535
1.189838171005249,334,544,548,534
1.189838171005249,334,546,548,534
1.189838171005249,335,549,548,533
1.195345401763916,335,550,548,533
1.195345401763916,335,551,548,533
1.1973581314086914,335,552,548,532
1.1993696689605713,336,551,548,532
1.1993696689605713,336,551,548,532
1.2014565467834473,336,550,548,532
1.2014565467834473,336,549,548,532
1.2029240131378174,336,548,548,532
1.2039618492126465,336,547,548,532
1.2039618492126465,336,547,548,532
1.2052676677703857,337,547,535,529
1.207275152206421,337,546,535,528
1.207275152206421,337,546,535,527
1.207275152206421,337,546,535,527
1.207275152206421,337,544,535,527
1.2102067470550537,337,543,535,526
1.2111129760742188,337,542,535,526
1.2111129760742188,337,540,535,525
1.2121217250823975,337,538,535,525
1.2131218910217285,337,537,535,526
1.214355230331421,337,535,535,526
1.2154974937438965,338,534,535,526
1.2154974937438965,338,534,535,526
1.2164993286132812,338,534,535,526
1.217496633529663,338,534,535,526
1.2184946537017822,338,535,535,526
1.2191674709320068,338,535,535,526
1.2191674709320068,338,535,535,526
1.2191674709320068,339,535,535,526
1.2191674709320068,339,535,535,526
1.2191674709320068,339,535,535,526
1.2191674709320068,339,535,535,526
1.2191674709320068,339,535,556,531
1.2191674709320068,339,535,556,533
1.2191674709320068,340,535,556,533
1.2191674709320068,340,536,556,535
1.2191674709320068,340,537,556,536
1.2191674709320068,340,540,556,537
1.2191674709320068,341,544,556,538
1.2317321300506592,341,547,556,538
1.2317321300506592,341,551,556,539
1.233351230621338,341,553,556,538
1.233351230621338,341,555,556,538
1.2353582382202148,342,557,556,538
1.2353582382202148,342,558,556,537
1.2353582382202148,342,558,556,537
1.2353582382202148,342,558,556,537
1.2353582382202148,342,558,556,537
1.2353582382202148,342,558,556,537
1.2353582382202148,342,557,556,537
1.2353582382202148,341,557,556,537
1.2353582382202148,341,556,556,537
1.2353582382202148,341,556,556,537
1.2353582382202148,340,555,556,537
1.2353582382202148,340,555,544,534
1.2353582382202148,340,555,544,533
1.2353582382202148,339,554,544,533
1.2483782768249512,339,554,544,533
1.2492337226867676,338,553,544,532
1.249929666519165,338,552,544,531
1.250441551208496,337,550,544,531
1.251450538635254,337,548,544,531
1.2524487972259521,336,546,544,531
1.2534489631652832,336,545,544,531
1.2544493675231934,335,544,544,531
1.2544493675231934,335,544,544,531
1.2554495334625244,334,543,544,531
1.2564499378204346,333,543,544,531
1.2574501037597656,333,543,544,531
1.2584507465362549,333,543,544,531
1.2594506740570068,332,543,544,531
1.2604506015777588,332,543,544,531
1.261451244354248,331,543,544,531
1.2624516487121582,331,543,544,532
1.2634515762329102,330,543,544,532
1.2644524574279785,330,543,544,532
1.265456199645996,330,544,558,535
1.265885591506958,330,544,558,536
1.267019510269165,329,545,558,537
1.2680153846740723,329,545,558,538
1.269017219543457,329,547,558,538
1.270232915878296,328,548,558,539
1.270232915878296,328,550,558,539
1.2712416648864746,328,553,558,540
1.2722418308258057,328,555,558,540
1.2732419967651367,328,557,558,539
1.274242639541626,328,558,558,539
1.275242805480957,328,559,558,539
1.276242733001709,328,560,558,539
1.2772459983825684,327,560,558,538
1.278244972229004,327,560,558,538
1.2792448997497559,327,559,558,538
1.2802457809448242,327,559,558,538
1.2812447547912598,327,559,558,538
1.2822473049163818,327,558,558,538
1.2822473049163818,327,558,558,538
1.2822473049163818,327,557,558,539
1.2822473049163818,327,557,558,539
1.2822473049163818,326,557,555,538
1.2822473049163818,326,557,555,538
1.2822473049163818,326,557,555,538
1.2822473049163818,326,557,555,538
1.2822473049163818,326,557,555,537
1.2822473049163818,326,557,555,537
1.2822473049163818,326,557,555,537
1.2822473049163818,326,557,555,537
1.2822473049163818,326,556,555,537
1.2822473049163818,327,556,555,537
1.2822473049163818,327,555,555,537
1.2822473049163818,327,555,555,537
1.2822473049163818,327,555,555,537
1.2822473049163818,327,555,555,537
1.2981104850769043,327,555,555,537
1.2981104850769043,327,555,555,537
1.2981104850769043,328,555,555,537
1.2981104850769043,328,555,555,537
1.2981104850769043,328,555,555,537
1.2981104850769043,328,555,555,537
1.2981104850769043,328,555,555,537
1.2981104850769043,328,555,555,537
1.2981104850769043,328,555,567,540
1.2981104850769043,329,555,567,541
1.2981104850769043,329,555,567,542
1.2981104850769043,329,555,567,542
1.2981104850769043,330,557,567,543
1.2981104850769043,330,558,567,543
1.2981104850769043,330,560,567,544
1.2981104850769043,331,562,567,544
1.2981104850769043,331,564,567,544
1.2981104850769043,331,565,567,544
1.3141961097717285,331,567,567,544
1.3141961097717285,332,568,567,544
1.3141961097717285,332,568,567,543
1.3141961097717285,332,568,567,543
1.3141961097717285,332,568,567,543
1.3141961097717285,332,568,567,543
1.3141961097717285,332,568,567,543
1.3141961097717285,333,568,567,543
1.3141961097717285,333,567,567,543
1.3141961097717285,333,566,567,543
1.3141961097717285,333,566,567,544
1.3141961097717285,333,565,567,544
1.3141961097717285,333,565,564,543
1.3141961097717285,333,565,564,543
1.3141961097717285,333,566,564,543
1.3141961097717285,333,566,564,543
1.3141961097717285,332,566,564,542
1.3299016952514648,332,566,564,542
1.3299016952514648,332,566,564,542
1.3299016952514648,332,566,564,542
1.3299016952514648,332,565,564,542
1.3339323997497559,332,565,564,542
1.3344526290893555,332,564,564,542
1.335458517074585,331,564,564,542
1.335458517074585,331,563,564,542
1.335458517074585,331,563,564,542
1.335458517074585,331,563,564,543
1.335458517074585,330,563,564,543
1.335458517074585,330,563,564,543
1.335458517074585,330,563,564,543
1.335458517074585,329,563,564,543
1.335458517074585,329,564,564,543
1.335458517074585,329,564,564,543
1.335458517074585,329,564,564,543
1.3455719947814941,329,565,569,544
1.3455719947814941,329,565,569,544
1.3475902080535889,328,565,569,544
1.3475902080535889,328,565,569,545
1.3475902080535889,328,565,569,545
1.3475902080535889,327,566,569,545
1.3475902080535889,327,566,569,545
1.3475902080535889,327,567,569,545
1.3475902080535889,327,567,569,545
1.3475902080535889,326,568,569,546
1.3475902080535889,326,568,569,546
1.3552062511444092,326,568,569,546
1.3552062511444092,325,569,569,546
1.3572161197662354,325,569,569,546
1.3572161197662354,325,570,569,545
1.359222650527954,324,570,569,545
1.359222650527954,324,570,569,545
1.3612265586853027,324,570,569,545
1.3612265586853027,324,570,569,545
1.3632302284240723,324,570,569,545
1.3632302284240723,324,569,569,545
1.3632302284240723,323,569,569,545
1.3652334213256836,323,568,569,545
1.3652334213256836,323,568,569,545
1.3672373294830322,322,568,569,546
1.3672373294830322,322,568,569,546
1.3692421913146973,322,568,569,546
1.3692421913146973,322,568,569,546
1.3712458610534668,322,569,569,546
1.3712458610534668,322,569,569,546
1.3712458610534668,322,570,569,546
1.3712458610534668,321,570,569,545
1.3712458610534668,321,570,569,545
1.3712458610534668,321,570,569,545
1.3712458610534668,321,570,569,545
1.377004623413086,321,570,569,545
1.377004623413086,321,569,569,545
1.377004623413086,321,569,569,545
1.377004623413086,321,568,569,545
1.377004623413086,321,568,569,545
1.377004623413086,321,568,569,546
1.377004623413086,321,568,569,546
1.377004623413086,321,568,569,546
1.377004623413086,321,569,569,546
1.377004623413086,321,569,577,548
1.377004623413086,321,570,577,548
1.377004623413086,322,570,577,549
1.377004623413086,322,571,577,549
1.377004623413086,322,572,577,550
1.377004623413086,322,573,577,550
1.377004623413086,322,574,577,550
1.377004623413086,322,575,577,550
1.393397331237793,322,576,577,550
1.394216537475586,323,577,577,550
1.394216537475586,323,578,577,549
1.394216537475586,323,578,577,549
1.394216537475586,323,578,577,549
1.394216537475586,323,578,577,549
1.394216537475586,324,577,577,549
1.394216537475586,324,577,577,549
1.394216537475586,324,577,577,549
1.394216537475586,324,576,577,549
1.394216537475586,324,576,577,549
1.394216537475586,324,576,577,549
1.394216537475586,325,576,577,550
1.394216537475586,325,576,577,550
1.394216537475586,325,576,579,550
1.394216537475586,325,576,579,550
1.394216537475586,325,576,579,551
1.4082903861999512,325,577,579,551
1.4082903861999512,325,577,579,551
1.4082903861999512,325,578,579,551
1.4082903861999512,325,578,579,551
1.4082903861999512,325,579,579,551
1.4082903861999512,326,579,579,551
1.4082903861999512,326,579,579,551
1.4082903861999512,326,579,579,551
1.4082903861999512,326,580,579,551
1.4082903861999512,326,579,579,551
1.4082903861999512,326,579,579,551
1.4082903861999512,326,580,579,551
1.4082903861999512,326,579,579,551
1.4082903861999512,325,579,579,551
1.4082903861999512,325,579,579,551
1.4082903861999512,325,579,579,551
1.4082903861999512,325,579,579,551
1.4082903861999512,325,579,579,551
1.4242510795593262,325,579,579,551
1.4242510795593262,325,579,580,551
1.4242510795593262,324,579,580,551
1.4242510795593262,324,579,580,551
1.4242510795593262,324,579,580,551
1.4242510795593262,324,579,580,551
1.4242510795593262,324,579,580,551
1.4242510795593262,324,579,580,551
1.4242510795593262,324,579,580,551
1.4242510795593262,324,579,580,552
1.4242510795593262,324,579,580,552
1.4242510795593262,323,579,580,552
1.4353713989257812,323,579,580,552
1.4353713989257812,323,580,580,552
1.4353713989257812,323,580,580,552
1.4353713989257812,322,580,580,552
1.4353713989257812,322,581,580,552
1.4400370121002197,322,581,580,551
1.4407663345336914,322,581,580,551
1.4407663345336914,321,581,580,551
1.4407663345336914,321,581,580,551
1.4407663345336914,321,580,580,551
1.4407663345336914,321,580,580,551
1.4407663345336914,321,579,582,552
1.4407663345336914,320,578,582,552
1.4407663345336914,320,578,582,553
1.4407663345336914,320,578,582,553
1.4407663345336914,320,579,582,553
1.4407663345336914,319,580,582,554
1.4407663345336914,319,581,582,554
1.4407663345336914,319,581,582,553
1.4407663345336914,319,582,582,553
1.4407663345336914,319,583,582,553
1.4407663345336914,319,584,582,553
1.4557902812957764,318,584,582,553
1.4557902812957764,318,583,582,553
1.4557902812957764,318,583,582,553
1.4557902812957764,318,583,582,553
1.4557902812957764,318,582,582,552
1.4557902812957764,318,582,582,553
1.4557902812957764,317,582,582,553
1.4557902812957764,317,582,582,553
1.4557902812957764,317,582,582,553
1.4557902812957764,317,582,582,553
1.4557902812957764,317,582,582,553
1.4557902812957764,317,582,585,553
1.4557902812957764,317,582,585,554
1.4557902812957764,317,582,585,554
1.4557902812957764,317,582,585,554
1.4557902812957764,317,583,585,554
1.4557902812957764,317,583,585,554
1.4557902812957764,317,583,585,554
1.4725730419158936,317,584,585,554
1.4733366966247559,317,584,585,554
1.4733366966247559,317,584,585,554
1.4733366966247559,317,584,585,555
1.4733366966247559,317,584,585,555
1.4733366966247559,317,584,585,555
1.4733366966247559,317,585,585,555
1.4733366966247559,317,586,585,555
1.4733366966247559,317,586,585,554
1.4733366966247559,317,586,585,554
1.4733366966247559,318,586,585,554
1.4733366966247559,318,586,585,554
1.4733366966247559,318,586,585,554
1.4733366966247559,318,585,585,554
1.4733366966247559,318,585,585,554
1.4733366966247559,318,584,589,555
1.4733366966247559,318,584,589,556
1.4873671531677246,318,584,589,556
1.4887034893035889,318,584,589,556
1.4887034893035889,318,585,589,557
1.4887034893035889,318,586,589,557
1.4887034893035889,318,587,589,557
1.4887034893035889,319,588,589,557
1.4887034893035889,319,589,589,557
1.4887034893035889,319,589,589,557
1.4887034893035889,319,590,589,557
1.4887034893035889,319,590,589,556
1.4887034893035889,319,590,589,556
1.4887034893035889,319,590,589,556
1.4887034893035889,320,589,589,556
1.4887034893035889,320,589,589,556
1.4887034893035889,320,588,589,556
1.4887034893035889,320,588,589,557
1.4887034893035889,320,588,589,557
1.5032107830047607,320,588,589,557
1.5042788982391357,320,588,589,557
1.5042788982391357,320,588,589,557
1.5042788982391357,320,588,590,557
1.5042788982391357,320,589,590,557
1.5042788982391357,320,589,590,557
1.5042788982391357,320,590,590,557
1.5042788982391357,320,590,590,557
1.5042788982391357,320,590,590,557
1.5042788982391357,320,590,590,557
1.5042788982391357,320,590,590,557
1.5042788982391357,320,589,590,557
1.5042788982391357,320,589,590,557
1.5042788982391357,320,590,590,557
1.5042788982391357,320,589,590,557
1.5042788982391357,320,589,590,558
1.5042788982391357,320,589,590,558
1.5042788982391357,320,589,590,558
1.5199916362762451,320,590,590,558
1.5204496383666992,320,590,590,558
1.5204496383666992,320,591,590,558
1.5204496383666992,319,591,590,557
1.5204496383666992,319,591,590,557
1.5204496383666992,319,591,590,557
1.5204496383666992,319,591,590,557
1.5204496383666992,319,590,592,558
1.5204496383666992,319,590,592,558
1.5204496383666992,319,590,592,558
1.5204496383666992,318,589,592,558
1.5204496383666992,318,589,592,559
1.5204496383666992,318,590,592,559
1.5204496383666992,318,590,592,559
1.5204496383666992,317,591,592,559
1.5204496383666992,317,592,592,559
1.5204496383666992,317,592,592,559
1.5354359149932861,317,592,592,559
1.5354359149932861,317,593,592,559
1.5354359149932861,317,593,592,558
1.5354359149932861,317,593,592,558
1.5354359149932861,317,593,592,558
1.5354359149932861,316,593,592,558
1.5354359149932861,316,592,592,558
1.5354359149932861,316,592,592,558
1.5354359149932861,315,591,592,559
1.5354359149932861,315,591,592,559
1.5354359149932861,315,591,592,559
1.5354359149932861,315,591,592,559
1.5354359149932861,315,591,592,559
1.5354359149932861,315,591,592,559
1.5354359149932861,315,592,592,559
1.5354359149932861,315,592,592,559
1.5354359149932861,314,593,592,559
1.5354359149932861,314,593,592,558
1.551262378692627,314,593,592,558
1.551262378692627,314,593,592,558
1.5534634590148926,314,592,592,558
1.5537223815917969,314,592,592,558
1.5537223815917969,314,591,592,558
1.5537223815917969,314,591,592,559
1.5537223815917969,314,591,592,559
1.5537223815917969,313,591,592,559
1.5537223815917969,313,591,592,559
1.5537223815917969,313,591,592,559
1.5537223815917969,313,592,592,559
1.5537223815917969,313,592,592,559
1.5537223815917969,313,593,592,559
1.5537223815917969,313,593,592,559
1.5537223815917969,313,593,592,559
1.5537223815917969,313,593,592,558
1.5537223815917969,313,593,596,559
1.5669465065002441,313,592,596,560
1.5669465065002441,313,592,596,560
1.5669465065002441,313,592,596,560
1.5669465065002441,313,592,596,561
1.5669465065002441,313,593,596,561
1.5669465065002441,313,593,596,561
1.5669465065002441,314,594,596,561
1.5669465065002441,314,595,596,561
1.5669465065002441,314,596,596,561
1.5669465065002441,314,596,596,561
1.5669465065002441,314,597,596,561
1.5669465065002441,314,597,596,561
1.5669465065002441,314,597,596,561
1.5669465065002441,314,597,596,561
1.5669465065002441,315,597,596,560
1.5669465065002441,315,597,596,560
1.5669465065002441,315,597,596,560
1.582716703414917,315,597,596,560
1.582716703414917,315,596,596,560
1.5847489833831787,315,595,596,560
1.585059404373169,315,595,596,561
1.585059404373169,315,595,598,561
1.585059404373169,315,595,598,561
1.585059404373169,315,595,598,562
1.585059404373169,315,595,598,562
1.585059404373169,315,596,598,562
1.585059404373169,316,597,598,562
1.585059404373169,316,597,598,562
1.585059404373169,316,598,598,562
1.585059404373169,316,598,598,562
1.585059404373169,316,598,598,562
1.585059404373169,316,598,598,562
1.585059404373169,316,598,598,562
1.585059404373169,316,598,598,562
1.585059404373169,316,598,598,562
1.5983765125274658,316,598,598,562
1.5983765125274658,316,598,598,562
1.5983765125274658,316,598,598,562
1.5983765125274658,316,598,598,562
1.5983765125274658,316,598,598,562
1.5983765125274658,316,598,598,562
1.5983765125274658,316,598,598,562
1.5983765125274658,316,598,598,562
1.5983765125274658,316,598,599,562
1.5983765125274658,316,598,599,562
1.5983765125274658,316,598,599,562
1.5983765125274658,316,598,599,562
1.5983765125274658,316,598,599,563
1.5983765125274658,316,598,599,563
1.5983765125274658,315,598,599,563
1.5983765125274658,315,598,599,563
1.5983765125274658,316,599,599,563
1.6143171787261963,316,599,599,563
1.6143171787261963,316,599,599,563
1.6143171787261963,315,599,599,563
1.6143171787261963,315,599,599,563
1.6143171787261963,315,600,599,562
1.6143171787261963,315,600,599,562
1.6143171787261963,315,600,599,562
1.6143171787261963,315,599,599,562
1.6143171787261963,315,599,599,562
1.6143171787261963,315,599,599,562
1.6143171787261963,314,598,599,562
1.6143171787261963,314,598,599,563
1.6143171787261963,314,598,599,563
1.6143171787261963,342,598,600,563
1.6143171787261963,342,598,600,563
1.6143171787261963,342,598,600,563
1.6143171787261963,342,599,600,564
1.6143171787261963,342,599,600,563
1.630105972290039,313,600,600,563
1.630105972290039,313,600,600,563
1.630105972290039,313,600,600,563
1.630105972290039,313,600,600,563
1.630105972290039,313,600,600,563
1.630105972290039,313,600,600,563
1.635432481765747,313,600,600,563
1.635432481765747,312,600,600,563
1.635432481765747,312,599,600,563
1.635432481765747,312,599,600,564
1.635432481765747,312,600,600,564
1.635432481765747,312,600,600,563
1.635432481765747,312,600,600,563
1.635432481765747,312,600,600,563
1.635432481765747,312,600,600,563
1.635432481765747,311,600,600,563
1.635432481765747,311,600,600,563
1.635432481765747,311,600,602,564
1.6467304229736328,311,599,602,564
1.6472969055175781,311,599,602,564
1.6472969055175781,311,599,602,564
1.6472969055175781,311,599,602,565
1.6472969055175781,311,599,602,565
1.6472969055175781,311,600,602,565
1.6472969055175781,311,601,602,565
1.6472969055175781,311,602,602,565
1.6472969055175781,310,603,602,565
1.6472969055175781,310,603,602,565
1.6472969055175781,310,603,602,565
1.6472969055175781,310,603,602,565
1.6472969055175781,311,603,602,565
1.6472969055175781,311,603,602,564
1.6472969055175781,311,603,602,564
1.6472969055175781,311,604,602,564
1.6472969055175781,311,603,602,564
1.661529541015625,311,603,602,564
1.661529541015625,311,602,602,564
1.661529541015625,311,602,602,564
1.661529541015625,311,601,602,564
1.661529541015625,311,601,604,565
1.661529541015625,311,601,604,565
1.661529541015625,311,601,604,565
1.661529541015625,311,601,604,566
1.661529541015625,311,602,604,566
1.661529541015625,311,602,604,566
1.661529541015625,311,602,604,566
1.661529541015625,311,604,604,566
1.661529541015625,311,604,604,566
1.661529541015625,311,605,604,565
1.661529541015625,311,605,604,565
1.661529541015625,311,605,604,565
1.661529541015625,311,605,604,565
1.6772747039794922,312,604,604,565
1.6783876419067383,312,604,604,565
1.6783876419067383,312,604,604,565
1.680403709411621,312,603,604,565
1.680403709411621,312,603,604,565
1.680403709411621,312,603,604,566
1.680403709411621,312,603,604,566
1.680403709411621,312,603,604,566
1.680403709411621,312,604,604,566
1.680403709411621,312,604,605,566
1.680403709411621,312,604,605,566
1.680403709411621,312,604,605,566
1.680403709411621,312,604,605,566
1.680403709411621,312,604,605,566
1.680403709411621,312,605,605,566
1.680403709411621,312,605,605,566
1.680403709411621,312,605,605,566
1.6929662227630615,312,605,605,566
1.6929662227630615,312,605,605,566
1.6929662227630615,312,605,605,566
1.6929662227630615,312,605,605,566
1.6929662227630615,312,605,605,566
1.6929662227630615,312,605,605,566
1.6929662227630615,312,605,605,566
1.6929662227630615,312,605,605,566
1.6929662227630615,312,605,605,566
1.6929662227630615,312,605,605,566
1.6929662227630615,312,605,605,566
1.6929662227630615,312,605,605,566
1.6929662227630615,312,605,605,566
1.6929662227630615,312,605,605,566
1.6929662227630615,312,605,605,566
1.6929662227630615,312,605,607,566
1.6929662227630615,312,605,607,567
1.6929662227630615,312,605,607,567
1.708744764328003,312,605,607,567
1.7101356983184814,312,605,607,567
1.7107467651367188,312,605,607,567
1.7107467651367188,312,606,607,567
1.7107467651367188,312,606,607,567
1.7107467651367188,312,606,607,567
1.7107467651367188,312,607,607,567
1.7107467651367188,312,607,607,567
1.7107467651367188,312,606,607,567
1.7107467651367188,312,606,607,568
1.7107467651367188,311,607,607,568
1.7107467651367188,311,607,607,567
1.7107467651367188,311,607,607,567
1.7107467651367188,311,607,607,567
1.7107467651367188,311,607,607,567
1.7107467651367188,311,607,607,567
1.7107467651367188,311,607,607,567
1.7245211601257324,311,607,607,567
1.7245211601257324,311,607,607,567
1.7245211601257324,311,606,607,567
1.7245211601257324,311,606,607,568
1.7245211601257324,311,606,607,568
1.7245211601257324,310,606,607,568
1.7245211601257324,310,606,607,568
1.7245211601257324,310,607,607,568
1.7245211601257324,310,607,607,568
1.7245211601257324,310,608,607,568
1.7245211601257324,310,608,607,568
1.7245211601257324,310,608,607,568
1.735476016998291,309,608,607,567
1.735476016998291,309,608,607,567
1.735476016998291,309,608,607,567
1.735476016998291,309,608,607,567
1.735476016998291,309,608,607,567
1.735476016998291,309,607,607,567
1.7403674125671387,309,607,607,567
1.7403674125671387,309,607,607,567
1.7403674125671387,309,606,607,568
1.7403674125671387,309,606,607,568
1.7403674125671387,309,606,607,568
1.7403674125671387,308,607,607,568
1.7403674125671387,338,607,608,568
1.7403674125671387,338,607,608,568
1.7403674125671387,338,608,608,568
1.7403674125671387,338,608,608,568
1.7403674125671387,308,608,608,568
1.7403674125671387,308,608,608,568
1.7403674125671387,308,608,608,568
1.7403674125671387,308,608,608,568
1.7403674125671387,308,608,608,568
1.7403674125671387,308,608,608,568
1.7403674125671387,308,608,608,568
1.756134033203125,308,608,608,568
1.756134033203125,308,608,608,568
1.756134033203125,308,608,608,568
1.756134033203125,308,608,608,568
1.756134033203125,308,608,608,568
1.756134033203125,308,608,608,568
1.756134033203125,308,608,608,568
1.756134033203125,308,608,608,568
1.756134033203125,308,609,608,568
1.756134033203125,308,609,608,568
1.756134033203125,308,608,608,567
1.756134033203125,308,608,611,568
1.756134033203125,308,608,611,569
1.756134033203125,308,608,611,569
1.756134033203125,308,608,611,569
1.756134033203125,308,607,611,570
1.756134033203125,309,608,611,570
1.756134033203125,309,608,611,570
1.771965742111206,309,609,611,570
1.771965742111206,309,610,611,570
1.771965742111206,309,611,611,570
1.771965742111206,309,612,611,570
1.771965742111206,309,612,611,570
1.771965742111206,309,612,611,569
1.771965742111206,310,612,611,569
1.771965742111206,310,612,611,569
1.771965742111206,310,612,611,569
1.771965742111206,310,611,611,569
1.771965742111206,310,611,611,569
1.771965742111206,310,611,611,569
1.771965742111206,309,610,611,569
1.771965742111206,310,610,611,570
1.771965742111206,310,610,611,570
1.771965742111206,310,610,611,570
1.771965742111206,310,610,611,570
1.787851095199585,310,611,611,570
1.7887589931488037,310,611,611,570
1.7887589931488037,310,611,611,570
1.7887589931488037,310,612,611,569
1.7887589931488037,310,612,611,569
1.7887589931488037,310,612,611,569
1.7887589931488037,310,612,611,569
1.7887589931488037,310,612,611,569
1.7887589931488037,310,611,611,569
1.7887589931488037,310,611,611,569
1.7887589931488037,310,611,611,569
1.7887589931488037,310,610,611,570
1.7887589931488037,310,610,611,570
1.7887589931488037,310,610,611,570
1.7887589931488037,310,610,611,570
1.7887589931488037,310,611,611,570
1.7887589931488037,309,611,611,570
1.7887589931488037,309,612,611,570
1.8045532703399658,309,612,611,569
1.8045532703399658,309,612,611,569
1.8045532703399658,309,612,612,569
1.8045532703399658,309,611,612,569
1.8045532703399658,309,611,612,570
1.8045532703399658,309,611,612,570
1.8045532703399658,309,610,612,570
1.8045532703399658,309,610,612,570
1.8045532703399658,309,610,612,570
1.8045532703399658,309,611,612,570
1.8045532703399658,309,611,612,570
1.8045532703399658,309,612,612,570
1.8045532703399658,309,612,612,570
1.8045532703399658,308,612,612,570
1.8045532703399658,308,612,612,570
1.8045532703399658,308,612,612,570
1.8045532703399658,308,612,612,570
1.8192758560180664,308,612,612,570
1.8203859329223633,308,612,612,570
1.8203859329223633,308,612,612,570
1.8203859329223633,308,612,612,570
1.8203859329223633,308,612,612,570
1.8203859329223633,308,612,612,570
1.8203859329223633,308,612,612,570
1.8203859329223633,308,612,613,571
1.8203859329223633,307,612,613,571
1.8203859329223633,307,612,613,571
1.8203859329223633,307,612,613,571
1.8203859329223633,307,613,613,571
1.8203859329223633,307,613,613,571
1.8203859329223633,307,613,613,571
1.8203859329223633,307,613,613,571
1.8203859329223633,307,614,613,571
1.8203859329223633,307,614,613,570
1.8203859329223633,307,614,613,570
1.8356199264526367,307,614,613,570
1.8356199264526367,307,614,613,570
1.8356199264526367,306,613,613,570
1.8356199264526367,306,613,613,570
1.8356199264526367,306,612,613,570
1.8356199264526367,306,612,613,571
1.8356199264526367,306,612,613,571
1.8356199264526367,306,612,613,571
1.8356199264526367,306,613,613,571
1.8356199264526367,306,613,613,571
1.8356199264526367,306,613,613,571
1.8356199264526367,306,613,613,571
1.8356199264526367,306,614,613,571
1.8356199264526367,306,614,613,571
1.8356199264526367,306,614,613,570
1.8356199264526367,306,614,613,570
1.8356199264526367,306,613,613,570
1.8356199264526367,306,613,613,570
1.851271152496338,306,613,613,570
1.851271152496338,306,612,613,570
1.851271152496338,306,612,613,571
1.851271152496338,306,612,613,571
1.851271152496338,306,612,613,571
1.851271152496338,306,612,613,571
1.8570082187652588,306,612,613,571
1.8570082187652588,306,613,613,571
1.8590190410614014,306,613,613,571
1.8590190410614014,306,613,613,571
1.8590190410614014,306,614,613,571
1.8590190410614014,307,613,613,571
1.8590190410614014,307,613,613,571
1.8590190410614014,307,614,613,570
1.8590190410614014,307,614,613,570
1.8590190410614014,307,614,613,570
1.8590190410614014,337,614,616,571
1.8670144081115723,337,613,616,571
1.8670144081115723,338,613,616,572
1.8670144081115723,338,613,616,572
1.8670144081115723,307,613,616,572
1.8670144081115723,307,613,616,572
1.8670144081115723,307,614,616,572
1.8670144081115723,307,615,616,573
1.8670144081115723,307,615,616,572
1.8670144081115723,307,615,616,573
1.8670144081115723,307,616,616,573
1.8670144081115723,307,616,616,572
1.8670144081115723,307,616,616,572
1.8670144081115723,307,617,616,572
1.8670144081115723,307,617,616,572
1.8670144081115723,307,616,616,572
1.8670144081115723,308,616,616,572
1.8670144081115723,308,616,616,572
1.882727861404419,308,615,616,572
1.8835687637329102,308,616,616,572
1.8844783306121826,308,616,616,572
1.8856394290924072,308,616,616,572
1.8864128589630127,339,615,614,572
1.8864128589630127,339,615,614,572
1.8864128589630127,339,615,614,572
1.8864128589630127,339,615,614,572
1.8864128589630127,308,615,614,572
1.8864128589630127,308,615,614,572
1.8864128589630127,308,615,614,571
1.8864128589630127,308,615,614,571
1.8864128589630127,308,615,614,571
1.8864128589630127,308,615,614,571
1.8864128589630127,308,615,614,571
1.8864128589630127,307,614,614,571
1.8864128589630127,307,614,614,571
1.8864128589630127,307,613,614,571
1.8986291885375977,307,613,614,572
1.8986291885375977,307,613,614,572
1.8986291885375977,307,613,614,572
1.8986291885375977,307,614,614,572
1.8986291885375977,307,614,614,572
1.8986291885375977,307,614,614,572
1.8986291885375977,307,615,614,572
1.8986291885375977,307,615,614,571
1.8986291885375977,338,615,617,572
1.8986291885375977,338,615,617,572
1.8986291885375977,338,615,617,572
1.8986291885375977,338,615,617,573
1.8986291885375977,307,615,617,573
1.8986291885375977,307,615,617,573
1.8986291885375977,307,615,617,573
1.8986291885375977,307,615,617,573
1.8986291885375977,307,616,617,573
1.9142792224884033,307,617,617,573
1.9152672290802002,307,617,617,573
1.9152672290802002,306,617,617,573
1.9152672290802002,306,617,617,573
1.9152672290802002,306,617,617,573
1.9152672290802002,306,617,617,573
1.9152672290802002,306,617,617,573
1.9152672290802002,306,617,617,573
1.9152672290802002,306,617,617,573
1.9152672290802002,306,617,617,573
1.9152672290802002,306,617,617,573
1.9152672290802002,306,617,617,573
1.9152672290802002,306,617,617,573
1.9152672290802002,337,617,616,573
1.9152672290802002,337,617,616,573
1.9152672290802002,337,617,616,573
1.9152672290802002,337,617,616,573
1.93001389503479,305,617,616,572
1.93001389503479,305,616,616,572
1.93001389503479,305,616,616,573
1.93001389503479,305,616,616,573
1.93001389503479,305,616,616,573
1.93001389503479,305,616,616,573
1.93001389503479,305,616,616,573
1.9357690811157227,305,616,616,573
1.9357690811157227,305,617,616,573
1.9357690811157227,305,617,616,572
1.9357690811157227,305,617,616,572
1.9357690811157227,305,617,616,572
1.9357690811157227,305,617,616,572
1.9357690811157227,305,616,616,572
1.9357690811157227,305,616,616,572
1.9357690811157227,305,616,616,572
1.9357690811157227,305,615,616,572
1.9457077980041504,304,616,616,572
1.9457077980041504,335,615,618,573
1.9457077980041504,335,615,618,573
1.9457077980041504,335,615,618,573
1.9457077980041504,335,615,618,574
1.9457077980041504,335,616,618,574
1.9457077980041504,304,616,618,574
1.9457077980041504,304,617,618,574
1.9457077980041504,304,617,618,574
1.9537293910980225,305,618,618,574
1.9537293910980225,305,618,618,574
1.9537293910980225,305,619,618,574
1.9537293910980225,305,619,618,574
1.9537293910980225,305,619,618,574
1.9537293910980225,305,619,618,573
1.9537293910980225,305,619,618,573
1.9537293910980225,305,619,618,573
1.9537293910980225,305,619,618,573
1.9617786407470703,305,618,618,573
1.9617786407470703,305,618,618,573
1.9617786407470703,305,618,618,573
1.9617786407470703,305,617,618,573
1.9617786407470703,305,617,618,574
1.9617786407470703,337,617,619,574
1.9617786407470703,337,617,619,574
1.9617786407470703,337,617,619,574
1.9617786407470703,337,617,619,574
1.9617786407470703,337,618,619,574
1.9617786407470703,305,618,619,574
1.9617786407470703,305,618,619,575
1.9617786407470703,305,619,619,575
1.9617786407470703,305,619,619,575
1.9617786407470703,306,619,619,574
1.9617786407470703,306,620,619,574
1.9617786407470703,306,620,619,574
1.9617786407470703,306,620,619,574
1.978172779083252,306,620,619,574
1.9789884090423584,306,619,619,574
1.9789884090423584,306,619,619,574
1.9789884090423584,306,619,619,574
1.9789884090423584,306,619,619,574
1.9789884090423584,306,619,619,574
1.9789884090423584,306,619,619,574
1.9789884090423584,306,619,619,574
1.9789884090423584,306,619,619,574
1.9789884090423584,306,619,619,574
1.9789884090423584,306,619,619,574
1.9789884090423584,306,619,619,574
1.9789884090423584,306,619,619,574
1.9789884090423584,306,619,619,574
1.9789884090423584,306,619,619,574
1.9789884090423584,306,618,619,574
1.9789884090423584,306,618,619,574
1.9789884090423584,306,619,619,574
1.9933216571807861,306,619,619,574
1.9933216571807861,306,619,619,574
1.9933216571807861,306,619,619,574
1.9933216571807861,306,619,619,574
1.9933216571807861,306,618,619,574
1.9933216571807861,305,618,619,574
1.9933216571807861,305,619,619,575
1.9933216571807861,305,619,619,574
1.9933216571807861,305,619,619,574
1.9933216571807861,306,619,619,574
1.9933216571807861,305,619,619,574
1.9933216571807861,305,619,619,574
1.9933216571807861,305,619,619,574
1.9933216571807861,305,619,619,574
1.9933216571807861,305,619,619,574
1.9933216571807861,305,618,619,575
1.9933216571807861,305,618,619,575
2.0090572834014893,305,618,619,575
2.0090572834014893,305,618,619,575
2.0090572834014893,305,619,619,575
2.0090572834014893,305,619,619,575
2.0090572834014893,305,619,619,575
2.0090572834014893,305,620,619,574
2.0090572834014893,305,620,619,574
2.0090572834014893,305,620,619,574
2.0090572834014893,305,621,619,574
2.0090572834014893,305,620,619,574
2.0090572834014893,305,620,619,574
2.0090572834014893,305,619,619,574
2.0090572834014893,305,619,619,574
2.0090572834014893,304,618,619,574
2.0090572834014893,304,618,619,574
2.0090572834014893,304,619,619,574
2.0090572834014893,304,619,619,574
2.024770975112915,304,618,619,574
2.024770975112915,336,618,620,575
2.026794910430908,336,618,620,575
2.026794910430908,335,618,620,575
2.026794910430908,335,618,620,575
2.0288102626800537,335,619,620,575
2.0288102626800537,304,620,620,575
2.030819892883301,304,620,620,575
2.030819892883301,304,620,620,575
2.030819892883301,304,620,620,575
2.0338363647460938,304,620,620,575
2.0338363647460938,304,620,620,575
2.0338363647460938,304,621,620,575
2.0358428955078125,304,621,620,575
2.0358428955078125,304,620,620,575
2.0358428955078125,304,620,620,575
2.0358428955078125,304,620,620,575
2.0358428955078125,304,620,620,575
2.040799617767334,304,620,620,575
2.040799617767334,304,621,620,575
2.040799617767334,304,621,620,575
2.040799617767334,304,620,620,575
2.040799617767334,304,620,620,575
2.040799617767334,304,621,620,575
2.040799617767334,304,620,621,575
2.040799617767334,304,621,621,575
2.040799617767334,304,621,621,575
2.040799617767334,304,620,621,575
2.040799617767334,304,620,621,575
2.040799617767334,304,620,621,575
2.040799617767334,304,620,621,575
2.040799617767334,304,620,621,575
2.040799617767334,304,620,621,575
2.040799617767334,304,620,621,575
2.040799617767334,304,620,621,575
2.040799617767334,304,620,621,575
2.05684757232666,304,621,621,576
2.0579833984375,304,621,621,575
2.0579833984375,304,621,621,575
2.0579833984375,304,621,621,575
2.0579833984375,304,621,621,575
2.0579833984375,304,621,621,575
2.0579833984375,304,621,621,575
2.0579833984375,304,621,621,575
2.0579833984375,304,621,621,575
2.0579833984375,304,621,621,575
2.0579833984375,304,621,621,575
2.0579833984375,304,620,621,575
2.0579833984375,305,620,621,576
2.0579833984375,304,620,621,576
2.0579833984375,304,620,621,576
2.0579833984375,304,621,621,576
2.0579833984375,304,621,621,576
2.0725133419036865,304,622,621,576
2.0725133419036865,304,622,621,575
2.0725133419036865,305,622,621,575
2.0725133419036865,305,622,621,575
2.0725133419036865,305,622,621,575
2.0725133419036865,305,622,621,575
2.0725133419036865,304,621,621,575
2.0725133419036865,304,621,621,575
2.0725133419036865,305,620,621,575
2.0725133419036865,305,620,621,575
2.0725133419036865,305,620,621,575
2.0725133419036865,305,620,621,575
2.0725133419036865,305,620,621,576
2.0725133419036865,305,620,621,576
2.0725133419036865,305,621,621,576
2.0725133419036865,305,621,622,576
2.0725133419036865,305,621,622,576
2.0725133419036865,305,621,622,576
2.089338541030884,305,621,622,576
2.0901479721069336,305,622,622,576
2.0901479721069336,305,622,622,576
2.0901479721069336,305,622,622,576
2.0901479721069336,305,622,622,576
2.0901479721069336,304,622,622,576
2.0901479721069336,304,622,622,576
2.0901479721069336,305,622,622,576
2.0901479721069336,305,622,622,576
2.0901479721069336,305,622,622,576
2.0901479721069336,305,622,622,576
2.0901479721069336,305,622,622,576
2.0901479721069336,305,622,622,576
2.0901479721069336,305,622,622,576
2.0901479721069336,305,622,622,576
2.0901479721069336,305,622,622,576
2.0901479721069336,305,622,622,576
2.1040375232696533,304,622,622,576
2.1040375232696533,304,622,622,576
2.1040375232696533,304,622,621,576
2.1040375232696533,304,622,621,576
2.1040375232696533,304,622,621,575
2.1040375232696533,304,622,621,575
2.1040375232696533,304,622,621,575
2.1040375232696533,304,622,621,575
2.1040375232696533,304,622,621,575
2.1040375232696533,304,621,621,575
2.1040375232696533,304,621,621,575
2.1040375232696533,304,621,621,575
2.1040375232696533,304,620,621,575
2.1040375232696533,304,620,621,576
2.1040375232696533,303,620,621,576
2.1040375232696533,303,620,621,576
2.1040375232696533,303,620,621,576
2.1197261810302734,303,621,621,576
2.1197261810302734,303,621,621,576
2.1197261810302734,303,622,621,576
2.1197261810302734,303,622,621,575
2.1197261810302734,303,622,621,575
2.1197261810302734,303,622,621,575
2.1197261810302734,303,622,621,575
2.1197261810302734,335,622,623,576
2.1197261810302734,335,621,623,576
2.1197261810302734,335,621,623,576
2.1197261810302734,335,620,623,576
2.1197261810302734,335,620,623,576
2.1197261810302734,303,621,623,577
2.1197261810302734,303,621,623,577
2.1197261810302734,303,622,623,577
2.1197261810302734,303,622,623,577
2.1197261810302734,303,623,623,576
2.135432004928589,303,624,623,576
2.135948419570923,303,624,623,576
2.1370537281036377,303,624,623,576
2.137284278869629,303,623,623,576
2.137284278869629,303,623,623,576
2.137284278869629,303,623,623,576
2.137284278869629,303,622,623,576
2.137284278869629,303,622,623,577
2.137284278869629,303,622,623,577
2.137284278869629,303,622,623,577
2.137284278869629,303,622,623,577
2.137284278869629,303,623,623,577
2.137284278869629,335,623,622,576
2.137284278869629,335,624,622,576
2.137284278869629,335,624,622,576
2.137284278869629,335,624,622,576
2.137284278869629,335,624,622,576
2.137284278869629,303,624,622,576
2.1511294841766357,303,623,622,576
2.1511294841766357,303,622,622,576
2.1511294841766357,303,622,622,576
2.1511294841766357,303,622,622,576
2.1511294841766357,303,622,622,576
2.1511294841766357,303,622,622,576
2.1511294841766357,303,622,622,576
2.1511294841766357,303,622,622,576
2.1511294841766357,304,622,622,576
2.1511294841766357,304,622,622,576
2.1511294841766357,304,622,622,576
2.1511294841766357,304,622,622,576
2.1511294841766357,304,622,622,576
2.1511294841766357,304,622,622,576
2.1511294841766357,304,622,622,576
2.1511294841766357,304,622,622,576
2.1511294841766357,304,622,622,576
2.1511294841766357,336,622,625,576
2.167233467102051,336,622,625,577
2.167233467102051,336,622,625,577
2.1696362495422363,336,622,625,577
2.1701459884643555,304,622,625,577
2.1701459884643555,304,622,625,578
2.1701459884643555,304,623,625,578
2.1701459884643555,304,623,625,578
2.1701459884643555,304,624,625,578
2.1701459884643555,304,625,625,578
2.1701459884643555,304,625,625,578
2.1701459884643555,304,626,625,578
2.1701459884643555,304,626,625,577
2.1701459884643555,304,626,625,577
2.1701459884643555,304,626,625,577
2.1701459884643555,304,625,625,577
2.1701459884643555,304,625,625,577
2.1701459884643555,304,624,625,577
2.1829421520233154,304,624,625,578
2.1829421520233154,304,624,625,578
2.1829421520233154,304,624,625,578
2.1829421520233154,304,624,625,578
2.1829421520233154,336,624,623,577
2.1829421520233154,336,625,623,577
2.1829421520233154,336,625,623,577
2.1829421520233154,336,625,623,577
2.1829421520233154,303,625,623,577
2.1829421520233154,303,625,623,577
2.1829421520233154,303,624,623,577
2.1829421520233154,303,624,623,576
2.1829421520233154,304,624,623,576
2.1829421520233154,303,623,623,576
2.1829421520233154,303,623,623,576
2.1829421520233154,303,623,623,576
2.1829421520233154,303,622,623,576
2.1986520290374756,303,622,623,577
2.2001285552978516,303,622,623,577
2.2009475231170654,303,622,623,577
2.2009475231170654,303,622,623,577
2.2009475231170654,303,622,623,577
2.2009475231170654,303,623,623,577
2.2009475231170654,303,623,623,577
2.2009475231170654,302,624,623,577
2.2009475231170654,302,624,624,577
2.2009475231170654,302,624,624,577
2.2009475231170654,302,624,624,577
2.2009475231170654,303,624,624,577
2.2009475231170654,303,623,624,577
2.2009475231170654,303,623,624,577
2.2009475231170654,303,624,624,577
2.2009475231170654,302,623,624,577
2.2009475231170654,302,623,624,577
2.2009475231170654,302,623,624,578
2.2145986557006836,302,623,624,578
2.2145986557006836,302,624,624,577
2.2145986557006836,303,624,624,577
2.2145986557006836,303,624,624,577
2.2145986557006836,303,625,624,577
2.2145986557006836,302,625,624,577
2.2145986557006836,302,625,624,577
2.2145986557006836,302,624,624,577
2.2145986557006836,302,624,624,577
2.2145986557006836,302,624,624,577
2.2145986557006836,302,624,624,577
2.2145986557006836,302,624,624,577
2.2145986557006836,302,624,624,577
2.2145986557006836,302,624,624,577
2.2145986557006836,302,624,624,577
2.2145986557006836,302,624,624,577
2.2145986557006836,302,624,624,577
2.2145986557006836,302,624,624,577
2.2306559085845947,302,624,624,577
2.2306559085845947,302,624,624,577
2.2306559085845947,302,624,624,577
2.2306559085845947,302,624,624,577
2.2306559085845947,302,624,624,577
2.2306559085845947,302,624,624,577
2.235924243927002,302,624,624,577
2.235924243927002,302,623,624,577
2.235924243927002,303,624,624,577
2.235924243927002,303,624,624,577
2.235924243927002,303,624,624,577
2.235924243927002,303,624,624,577
2.235924243927002,303,624,624,577
2.235924243927002,303,624,624,577
2.235924243927002,303,624,624,577
2.235924243927002,303,623,624,578
2.235924243927002,303,623,624,578
2.2463600635528564,335,623,625,578
2.2463600635528564,335,624,625,578
2.2463600635528564,336,624,625,578
2.2463600635528564,336,625,625,578
2.2463600635528564,336,625,625,578
2.2463600635528564,304,625,625,578
2.2463600635528564,304,625,625,578
2.2463600635528564,303,625,625,578
2.2463600635528564,303,625,625,578
2.2463600635528564,303,626,625,578
2.2463600635528564,303,625,625,578
2.2463600635528564,304,625,625,578
2.2463600635528564,304,626,625,577
2.2463600635528564,304,625,625,577
2.2463600635528564,304,625,625,578
2.2463600635528564,304,625,625,578
2.2463600635528564,304,625,625,578
2.2463600635528564,304,625,625,578
2.262406587600708,304,625,625,578
2.262406587600708,304,625,625,578
2.262406587600708,304,625,625,578
2.262406587600708,304,625,625,578
2.262406587600708,304,625,625,578
2.262406587600708,304,625,625,578
2.262406587600708,304,625,625,578
2.262406587600708,304,625,625,578
2.262406587600708,304,625,625,578
2.262406587600708,304,625,625,578
2.262406587600708,304,625,625,578
2.262406587600708,304,625,625,578
2.262406587600708,304,625,625,578
2.262406587600708,304,625,625,578
2.262406587600708,304,625,625,578
2.262406587600708,304,625,625,578
2.262406587600708,304,625,625,578
2.262406587600708,304,625,625,578
2.278053045272827,304,625,625,578
2.278053045272827,304,625,625,578
2.278053045272827,304,625,625,578
2.278053045272827,304,625,625,578
2.278053045272827,303,625,625,578
2.278053045272827,303,625,625,578
2.278053045272827,303,625,625,578
2.278053045272827,303,625,625,578
2.278053045272827,303,625,625,578
2.278053045272827,304,625,625,578
2.278053045272827,304,625,625,578
2.278053045272827,303,625,625,578
2.278053045272827,303,625,625,578
2.278053045272827,303,625,625,578
2.278053045272827,303,625,625,578
2.278053045272827,303,625,625,578
2.278053045272827,303,625,625,578
2.278053045272827,303,625,625,578
2.293919086456299,303,625,625,578
2.293919086456299,303,625,625,578
2.2959439754486084,303,626,625,578
2.2959439754486084,303,626,625,578
2.2959439754486084,303,625,625,577
2.2959439754486084,303,625,625,578
2.2959439754486084,303,625,625,578
2.2959439754486084,302,625,625,578
2.2959439754486084,302,625,625,578
2.2959439754486084,302,625,625,578
2.2959439754486084,302,625,625,578
2.2959439754486084,302,625,625,578
2.2959439754486084,302,625,625,578
2.2959439754486084,302,625,625,578
2.2959439754486084,302,625,626,578
2.2959439754486084,302,625,626,578
2.2959439754486084,302,625,626,578
2.2959439754486084,302,625,626,578
2.3100156784057617,302,625,626,578
2.3100156784057617,302,625,626,578
2.3100156784057617,302,625,626,578
2.3100156784057617,301,625,626,578
2.3100156784057617,301,625,626,578
2.3100156784057617,301,625,626,579
2.3100156784057617,301,625,626,579
2.3100156784057617,301,625,626,579
2.3100156784057617,302,625,626,579
2.3100156784057617,302,626,626,579
2.3100156784057617,302,626,626,579
2.3100156784057617,302,627,626,579
2.3100156784057617,302,627,626,578
2.3100156784057617,302,627,626,578
2.3100156784057617,302,627,626,578
2.3100156784057617,302,627,626,578
2.3100156784057617,302,626,626,578
2.325863838195801,302,626,626,578
2.327119827270508,302,626,626,578
2.327361583709717,302,625,626,578
2.327361583709717,302,625,626,578
2.327361583709717,302,625,626,579
2.327361583709717,302,625,626,579
2.327361583709717,302,625,626,579
2.327361583709717,302,625,626,579
2.327361583709717,302,625,626,579
2.327361583709717,302,625,626,579
2.327361583709717,302,626,626,579
2.3359246253967285,302,626,626,579
2.3359246253967285,302,627,626,579
2.3359246253967285,302,627,626,579
2.3359246253967285,302,628,626,578
2.3359246253967285,302,627,626,578
2.3359246253967285,303,627,626,578
2.3359246253967285,303,627,626,578
2.341539144515991,303,626,626,578
2.3435561656951904,303,626,626,578
2.3435561656951904,303,626,626,578
2.3435561656951904,303,626,626,578
2.345569372177124,303,625,626,578
2.345569372177124,335,625,627,579
2.3475821018218994,335,625,627,579
2.3475821018218994,335,625,627,579
2.3475821018218994,335,625,627,579
2.3475821018218994,303,626,627,579
2.3475821018218994,303,627,627,579
2.3475821018218994,303,627,627,579
2.3475821018218994,303,627,627,579
2.3475821018218994,303,627,627,579
2.3475821018218994,303,627,627,579
2.3475821018218994,303,627,627,579
2.3475821018218994,303,627,627,579
2.357318639755249,303,627,627,579
2.357318639755249,303,627,627,579
2.357318639755249,303,627,627,579
2.357318639755249,303,627,627,579
2.357318639755249,303,627,627,579
2.357318639755249,303,627,627,579
2.357318639755249,303,627,627,579
2.357318639755249,304,627,627,579
2.357318639755249,303,627,627,579
2.357318639755249,303,627,627,579
2.357318639755249,336,627,626,579
2.357318639755249,336,627,626,579
2.357318639755249,335,627,626,579
2.357318639755249,335,627,626,579
2.357318639755249,335,627,626,579
2.357318639755249,303,627,626,579
2.357318639755249,303,627,626,578
2.357318639755249,302,626,626,578
2.372997522354126,302,626,626,579
2.372997522354126,302,626,626,579
2.372997522354126,302,626,626,579
2.372997522354126,302,626,626,579
2.372997522354126,302,626,626,579
2.372997522354126,302,626,626,579
2.372997522354126,302,626,626,579
2.372997522354126,302,627,626,579
2.372997522354126,302,627,626,578
2.372997522354126,302,627,626,578
2.372997522354126,302,627,626,578
2.372997522354126,302,627,626,578
2.372997522354126,302,626,626,578
2.372997522354126,302,626,626,578
2.372997522354126,334,626,627,578
2.372997522354126,334,626,627,579
2.372997522354126,334,626,627,579
2.388777494430542,334,625,627,579
2.388777494430542,334,625,627,579
2.388777494430542,302,626,627,579
2.388777494430542,302,626,627,579
2.388777494430542,302,626,627,579
2.388777494430542,302,627,627,579
2.388777494430542,302,627,627,579
2.388777494430542,302,627,627,579
2.388777494430542,302,627,627,579
2.388777494430542,302,627,627,579
2.388777494430542,302,627,627,579
2.388777494430542,302,627,627,579
2.388777494430542,302,627,627,579
2.388777494430542,302,627,627,579
2.388777494430542,302,627,627,579
2.388777494430542,302,627,627,579
2.388777494430542,302,627,627,579
2.388777494430542,302,627,627,579
2.404494285583496,302,627,627,579
2.4058899879455566,302,627,627,579
2.4058899879455566,302,627,627,579
2.4058899879455566,302,627,627,579
2.4058899879455566,302,627,627,579
2.4058899879455566,302,627,627,579
2.4058899879455566,302,627,627,579
2.4058899879455566,302,627,627,579
2.4058899879455566,302,627,627,579
2.4058899879455566,302,627,627,579
2.4058899879455566,302,627,627,579
2.4058899879455566,302,627,627,579
2.4058899879455566,302,627,627,579
2.4058899879455566,302,627,627,579
2.4058899879455566,302,627,627,579
2.4058899879455566,302,627,627,579
2.4058899879455566,302,627,627,579
2.4058899879455566,302,627,627,579
2.420341968536377,302,627,627,579
2.420341968536377,302,627,627,579
2.420341968536377,301,627,627,579
2.420341968536377,302,627,627,579
2.420341968536377,302,627,627,579
2.420341968536377,302,627,627,579
2.420341968536377,302,627,627,579
2.420341968536377,302,627,627,579
2.420341968536377,302,627,627,579
2.420341968536377,302,627,627,579
2.420341968536377,302,627,627,579
2.420341968536377,302,627,627,579
2.420341968536377,302,627,627,579
2.420341968536377,302,627,627,579
2.420341968536377,302,627,627,579
2.420341968536377,302,627,627,579
2.420341968536377,302,627,627,579
2.420341968536377,302,627,627,579
2.436199426651001,302,627,627,579
2.4375383853912354,302,627,627,579
2.4377923011779785,302,627,627,579
2.4377923011779785,303,627,627,579
2.4377923011779785,303,627,627,579
2.4377923011779785,303,627,627,579
2.4377923011779785,302,627,627,579
2.4377923011779785,302,627,627,579
2.4377923011779785,302,627,627,579
2.4377923011779785,303,627,627,579
2.4377923011779785,303,627,627,579
2.4377923011779785,335,627,628,579
2.4377923011779785,335,627,628,579
2.4377923011779785,335,627,628,579
2.4377923011779785,335,627,628,580
2.4377923011779785,335,627,628,580
2.4377923011779785,303,627,628,580
2.4518516063690186,303,627,628,580
2.4518516063690186,303,627,628,580
2.4518516063690186,303,627,628,580
2.4518516063690186,303,628,628,580
2.4518516063690186,303,628,628,580
2.4518516063690186,303,629,628,580
2.4518516063690186,303,629,628,579
2.4518516063690186,303,629,628,579
2.4518516063690186,303,629,628,579
2.4518516063690186,303,629,628,579
2.4518516063690186,303,629,628,579
2.4518516063690186,303,628,628,579
2.4518516063690186,303,628,628,579
2.4518516063690186,303,627,628,579
2.4518516063690186,303,627,628,580
2.4518516063690186,303,627,628,580
2.4518516063690186,335,627,628,580
2.4518516063690186,335,627,628,580
2.4678361415863037,335,627,628,580
2.469189167022705,335,628,628,580
2.469189167022705,335,628,628,580
2.469189167022705,302,629,628,579
2.469189167022705,302,629,628,579
2.469189167022705,302,629,628,579
2.469189167022705,302,629,628,579
2.469189167022705,302,628,628,579
2.469189167022705,302,628,628,579
2.469189167022705,302,628,628,579
2.469189167022705,302,627,628,580
2.469189167022705,302,627,628,580
2.469189167022705,302,627,628,580
2.469189167022705,302,627,628,580
2.469189167022705,302,627,628,580
2.469189167022705,302,628,628,580
2.469189167022705,302,628,628,580
2.4838359355926514,302,629,628,580
2.4849934577941895,302,629,628,580
2.4849934577941895,302,629,628,579
2.4849934577941895,334,629,628,579
2.4849934577941895,334,629,628,579
2.4849934577941895,334,628,628,579
2.4849934577941895,334,628,628,579
2.4849934577941895,334,627,628,579
2.4849934577941895,302,627,628,580
2.4849934577941895,301,627,628,580
2.4849934577941895,301,626,628,580
2.4849934577941895,301,627,628,580
2.4849934577941895,301,627,628,580
2.4849934577941895,301,627,628,580
2.4849934577941895,301,628,628,580
2.4849934577941895,301,628,628,580
2.4849934577941895,301,628,628,580
2.4849934577941895,301,628,628,580
2.4994888305664062,301,629,628,580
2.4994888305664062,301,629,628,580
2.4994888305664062,301,629,628,580
2.4994888305664062,301,629,628,579
2.4994888305664062,301,629,628,579
2.4994888305664062,301,629,628,579
2.4994888305664062,301,628,628,579
2.4994888305664062,301,628,628,579
2.4994888305664062,301,627,628,579
2.4994888305664062,301,627,628,580
2.4994888305664062,301,627,628,580
2.4994888305664062,301,627,628,580
2.4994888305664062,301,627,628,580
2.4994888305664062,301,627,628,580
2.4994888305664062,301,628,628,580
2.4994888305664062,301,628,628,580
2.515265703201294,301,629,628,580
2.515265703201294,301,629,628,580
2.515265703201294,301,629,628,579
2.515265703201294,301,629,628,579
2.515265703201294,301,629,628,579
2.515265703201294,301,629,628,579
2.515265703201294,301,628,628,579
2.515265703201294,301,628,628,579
2.515265703201294,301,628,628,579
2.515265703201294,302,627,628,580
2.515265703201294,302,627,628,580
2.515265703201294,301,627,628,580
2.515265703201294,302,627,628,580
2.515265703201294,335,628,630,580
2.515265703201294,335,628,630,580
2.515265703201294,335,628,630,581
2.515265703201294,335,629,630,581
2.515265703201294,335,629,630,581
2.530946731567383,302,629,630,581
2.530946731567383,302,629,630,581
2.532963752746582,302,630,630,581
2.5334532260894775,302,629,630,581
2.5334532260894775,302,629,630,581
2.5334532260894775,302,630,630,581
2.5362653732299805,302,630,630,581
2.5362653732299805,303,631,630,581
2.5362653732299805,303,631,630,580
2.5362653732299805,303,631,630,580
2.5362653732299805,303,631,630,580
2.5362653732299805,302,630,630,580
2.5362653732299805,302,630,630,580
2.5362653732299805,302,629,630,580
2.5362653732299805,302,629,630,581
2.5362653732299805,302,629,630,581
2.5362653732299805,302,629,630,581
2.5362653732299805,335,629,628,580
2.5467891693115234,335,630,628,580
2.5467891693115234,335,630,628,580
2.5467891693115234,335,630,628,580
2.5467891693115234,335,630,628,580
2.5467891693115234,302,630,628,580
2.5467891693115234,302,629,628,580
2.5467891693115234,302,629,628,580
2.5467891693115234,302,629,628,580
2.5467891693115234,302,629,628,579
2.5467891693115234,302,628,628,579
2.5467891693115234,302,628,628,580
2.5467891693115234,302,628,628,580
2.5467891693115234,302,628,628,580
2.5467891693115234,302,628,628,580
2.5467891693115234,302,628,628,580
2.5467891693115234,302,628,628,580
2.5467891693115234,302,628,628,580
2.5625479221343994,302,629,628,580
2.5641257762908936,302,629,628,579
2.564851999282837,301,629,628,579
2.564851999282837,301,628,628,579
2.5664174556732178,334,628,630,580
2.5664174556732178,334,628,630,580
2.5664174556732178,334,628,630,580
2.5664174556732178,334,628,630,580
2.5664174556732178,334,628,630,580
2.5664174556732178,301,627,630,581
2.5664174556732178,301,628,630,581
2.5664174556732178,301,628,630,581
2.5664174556732178,301,628,630,581
2.5664174556732178,301,629,630,581
2.5664174556732178,301,629,630,581
2.5664174556732178,301,630,630,581
2.5664174556732178,301,630,630,581
2.5782055854797363,301,630,630,581
2.5782055854797363,301,631,630,581
2.5782055854797363,301,631,630,581
2.5782055854797363,301,631,630,581
2.5782055854797363,301,631,630,581
2.5782055854797363,301,631,630,581
2.5782055854797363,301,631,630,580
2.5782055854797363,301,631,630,580
2.5782055854797363,301,630,630,580
2.5782055854797363,334,630,629,580
2.5782055854797363,334,630,629,580
2.5782055854797363,334,630,629,580
2.5782055854797363,334,629,629,580
2.5782055854797363,334,629,629,580
2.5782055854797363,301,628,629,580
2.5782055854797363,301,628,629,580
2.5782055854797363,301,629,629,580
2.5782055854797363,301,629,629,580
2.5943496227264404,301,629,629,580
2.5943496227264404,301,629,629,580
2.596620559692383,301,629,629,580
2.596620559692383,301,629,629,580
2.596620559692383,301,629,629,580
2.596620559692383,301,629,629,580
2.596620559692383,301,629,629,580
2.596620559692383,301,628,629,580
2.596620559692383,301,628,629,581
2.596620559692383,301,629,629,581
2.596620559692383,301,628,629,581
2.596620559692383,301,629,629,581
2.596620559692383,301,629,629,581
2.596620559692383,301,630,630,581
2.596620559692383,301,630,630,581
2.596620559692383,301,631,630,580
2.596620559692383,302,631,630,580
2.6099791526794434,302,631,630,580
2.6099791526794434,302,630,630,580
2.6099791526794434,302,630,630,580
2.6099791526794434,302,629,630,580
2.6099791526794434,301,629,630,581
2.6099791526794434,301,628,630,581
2.6099791526794434,301,628,630,581
2.6099791526794434,301,629,630,581
2.6099791526794434,301,629,630,581
2.6099791526794434,301,630,630,581
2.6099791526794434,301,630,630,581
2.6099791526794434,301,630,630,581
2.6099791526794434,302,631,630,581
2.6099791526794434,301,631,630,581
2.6099791526794434,301,631,630,581
2.6099791526794434,301,631,630,581
2.6099791526794434,301,631,630,580
2.6099791526794434,301,631,630,580
2.6258301734924316,334,631,629,580
2.6258301734924316,334,630,629,580
2.6258301734924316,334,630,629,580
2.6258301734924316,334,630,629,580
2.6258301734924316,335,629,629,580
2.6258301734924316,302,629,629,580
2.6258301734924316,302,629,629,580
2.6258301734924316,302,629,629,580
2.6258301734924316,302,629,629,580
2.6258301734924316,302,629,629,580
2.6258301734924316,302,629,629,580
2.6258301734924316,302,629,629,580
2.6363911628723145,302,629,629,580
2.6363911628723145,302,629,629,580
2.6363911628723145,302,629,629,580
2.6363911628723145,302,629,629,580
2.6363911628723145,302,629,629,580
2.641681432723999,301,629,629,580
2.6428074836730957,302,629,629,580
2.643138885498047,302,628,629,580
2.643138885498047,302,628,629,580
2.643138885498047,302,628,629,580
2.643138885498047,302,628,629,580
2.643138885498047,335,628,631,581
2.643138885498047,335,629,631,581
2.643138885498047,334,629,631,581
2.643138885498047,334,629,631,581
2.643138885498047,302,629,631,582
2.643138885498047,302,630,631,582
2.643138885498047,302,630,631,582
2.643138885498047,302,630,631,582
2.643138885498047,301,631,631,582
2.643138885498047,301,631,631,582
2.643138885498047,301,632,631,582
2.643138885498047,301,632,631,581
2.6574344635009766,302,632,631,581
2.6574344635009766,302,632,631,581
2.6574344635009766,302,632,631,581
2.6574344635009766,302,632,631,581
2.6574344635009766,302,631,631,581
2.6574344635009766,302,631,631,581
2.6574344635009766,302,631,631,581
2.6574344635009766,302,631,631,581
2.6574344635009766,302,631,631,581
2.6574344635009766,301,631,631,581
2.6574344635009766,334,631,628,580
2.6574344635009766,334,630,628,580
2.6574344635009766,334,630,628,580
2.6574344635009766,334,630,628,580
2.6574344635009766,301,630,628,580
2.6574344635009766,301,629,628,580
2.6574344635009766,301,629,628,580
2.673204183578491,301,628,628,580
2.6744015216827393,301,628,628,580
2.674659013748169,301,628,628,580
2.674659013748169,301,628,628,580
2.674659013748169,301,628,628,580
2.674659013748169,301,629,628,580
2.674659013748169,301,629,628,579
2.674659013748169,301,628,628,579
2.674659013748169,301,628,628,580
2.674659013748169,301,628,628,580
2.674659013748169,301,628,628,580
2.674659013748169,301,628,628,580
2.674659013748169,301,628,628,580
2.674659013748169,301,628,628,580
2.674659013748169,301,628,628,580
2.674659013748169,333,628,632,581
2.674659013748169,333,628,632,581
2.6889026165008545,333,628,632,581
2.6889026165008545,333,628,632,582
2.6889026165008545,333,629,632,582
2.6889026165008545,301,630,632,582
2.6889026165008545,301,630,632,582
2.6889026165008545,301,631,632,582
2.6889026165008545,301,631,632,582
2.6889026165008545,301,631,632,582
2.6889026165008545,301,632,632,582
2.6889026165008545,301,633,632,582
2.6889026165008545,301,633,632,582
2.6889026165008545,301,633,632,582
2.6889026165008545,301,633,632,581
2.6889026165008545,301,633,632,581
2.6889026165008545,301,633,632,581
2.6889026165008545,301,633,632,581
2.6889026165008545,301,632,632,581
2.6889026165008545,301,632,632,581
2.7046518325805664,301,631,632,581
2.7046518325805664,301,631,632,582
2.7046518325805664,334,631,628,581
2.7046518325805664,334,631,628,580
2.7046518325805664,334,631,628,580
2.7046518325805664,334,631,628,580
2.7046518325805664,301,631,628,580
2.7046518325805664,301,630,628,579
2.7046518325805664,301,630,628,579
2.7046518325805664,301,629,628,579
2.7046518325805664,301,629,628,579
2.7046518325805664,301,628,628,579
2.7046518325805664,301,628,628,579
2.7046518325805664,301,627,628,579
2.7046518325805664,301,627,628,580
2.7046518325805664,300,627,628,580
2.7046518325805664,300,627,628,580
2.7212109565734863,300,628,628,580
2.72178053855896,300,628,628,580
2.72178053855896,301,628,628,580
2.72178053855896,301,628,628,580
2.72178053855896,301,629,628,580
2.72178053855896,301,628,628,580
2.72178053855896,301,629,628,580
2.72178053855896,334,629,632,580
2.72178053855896,334,629,632,581
2.72178053855896,334,629,632,581
2.72178053855896,334,629,632,581
2.72178053855896,301,629,632,581
2.72178053855896,301,629,632,582
2.72178053855896,301,630,632,582
2.72178053855896,301,630,632,582
2.72178053855896,301,631,632,582
2.72178053855896,301,631,632,582
2.72178053855896,301,632,632,582
2.736595392227173,301,632,632,582
2.736595392227173,301,633,632,582
2.736595392227173,301,633,632,582
2.736595392227173,301,633,632,581
2.736595392227173,301,633,632,581
2.736595392227173,301,633,632,581
2.736595392227173,301,633,632,581
2.736595392227173,301,632,632,581
2.736595392227173,301,632,632,581
2.736595392227173,301,631,632,581
2.736595392227173,301,631,632,581
2.736595392227173,334,631,628,581
2.736595392227173,334,631,628,580
2.736595392227173,334,631,628,580
2.736595392227173,334,631,628,580
2.736595392227173,301,631,628,580
2.736595392227173,301,630,628,580
2.7524499893188477,301,629,628,580
2.7524499893188477,301,629,628,580
2.7524499893188477,301,629,628,580
2.7524499893188477,301,629,628,579
2.7524499893188477,301,629,628,579
2.7524499893188477,301,629,628,579
2.7524499893188477,300,629,628,579
2.7524499893188477,300,628,628,579
2.7524499893188477,300,628,628,579
2.7524499893188477,301,627,628,579
2.7524499893188477,301,627,628,580
2.7524499893188477,301,627,628,580
2.7524499893188477,301,627,628,580
2.7524499893188477,301,627,628,580
2.7524499893188477,301,627,628,580
2.7524499893188477,301,628,628,580
2.7524499893188477,333,628,632,581
2.768207550048828,334,628,632,581
2.769407272338867,334,629,632,581
2.769407272338867,334,629,632,582
2.769407272338867,301,630,632,582
2.769407272338867,301,630,632,582
2.769407272338867,301,631,632,582
2.769407272338867,301,631,632,582
2.769407272338867,301,632,632,582
2.769407272338867,301,632,632,582
2.769407272338867,301,632,632,582
2.769407272338867,301,632,632,582
2.769407272338867,301,632,632,582
2.769407272338867,301,633,632,582
2.769407272338867,301,633,632,581
2.769407272338867,301,633,632,581
2.769407272338867,301,633,632,581
2.769407272338867,301,632,632,581
2.769407272338867,301,632,632,581
2.7840380668640137,301,632,632,581
2.7840380668640137,301,631,632,582
2.7840380668640137,334,631,629,581
2.7840380668640137,334,631,629,581
2.7840380668640137,334,631,629,581
2.7840380668640137,334,631,629,581
2.7840380668640137,334,631,629,580
2.7840380668640137,301,631,629,580
2.7840380668640137,301,631,629,580
2.7840380668640137,301,631,629,580
2.7840380668640137,300,630,629,580
2.7840380668640137,300,630,629,580
2.7840380668640137,300,629,629,580
2.7840380668640137,300,629,629,580
2.7840380668640137,301,629,629,580
2.7840380668640137,301,629,629,580
2.7840380668640137,301,629,629,580
2.7998135089874268,301,629,629,580
2.7998135089874268,301,629,629,580
2.801945686340332,301,629,629,580
2.802760601043701,300,629,629,580
2.802760601043701,300,629,629,580
2.802760601043701,300,629,629,580
2.802760601043701,300,629,629,580
2.802760601043701,300,629,629,580
2.802760601043701,300,629,632,581
2.802760601043701,300,629,632,581
2.802760601043701,300,629,632,581
2.802760601043701,300,629,632,582
2.802760601043701,300,630,632,582
2.802760601043701,301,630,632,582
2.802760601043701,301,631,632,582
2.802760601043701,301,631,632,582
2.802760601043701,301,632,632,582
2.815488338470459,300,632,632,582
2.815488338470459,300,632,632,582
2.8168840408325195,300,632,632,582
2.8168840408325195,300,633,632,582
2.8168840408325195,301,633,632,581
2.8168840408325195,301,633,632,581
2.8168840408325195,301,633,632,581
2.8168840408325195,301,632,632,581
2.8168840408325195,301,632,632,581
2.8168840408325195,301,632,632,581
2.8168840408325195,301,631,632,581
2.8168840408325195,301,631,632,581
2.8168840408325195,300,631,632,582
2.8168840408325195,300,631,629,581
2.8168840408325195,300,631,629,581
2.8168840408325195,300,631,629,581
2.8168840408325195,301,631,629,580
2.8168840408325195,301,631,629,580
2.83134126663208,301,631,629,580
2.832925796508789,301,630,629,580
2.8335509300231934,300,630,629,580
2.8335509300231934,300,629,629,580
2.8335509300231934,300,629,629,580
2.8335509300231934,301,629,629,580
2.8366622924804688,301,629,629,580
2.8366622924804688,301,629,629,580
2.8366622924804688,301,629,629,580
2.8366622924804688,301,629,629,580
2.8366622924804688,301,629,629,580
2.8366622924804688,301,629,629,580
2.8366622924804688,301,629,629,580
2.8366622924804688,301,629,629,580
2.8366622924804688,301,629,629,580
2.8366622924804688,301,629,629,580
2.8366622924804688,301,629,629,580
2.847426176071167,301,629,632,581
2.847426176071167,301,629,632,581
2.847426176071167,301,629,632,581
2.847426176071167,301,629,632,582
2.847426176071167,301,630,632,582
2.847426176071167,301,630,632,582
2.847426176071167,301,630,632,582
2.847426176071167,301,631,632,582
2.847426176071167,301,632,632,582
2.847426176071167,301,632,632,582
2.847426176071167,301,632,632,582
2.847426176071167,301,632,632,582
2.847426176071167,301,632,632,582
2.847426176071167,301,632,632,582
2.847426176071167,301,633,632,582
2.847426176071167,301,633,632,581
2.847426176071167,301,633,632,581
2.847426176071167,301,633,632,581
2.863086223602295,301,632,632,581
2.863086223602295,301,632,632,581
2.863086223602295,301,632,632,581
2.863086223602295,301,631,632,581
2.863086223602295,301,631,629,581
2.863086223602295,301,631,629,581
2.863086223602295,301,630,629,581
2.863086223602295,301,631,629,580
2.863086223602295,301,631,629,580
2.863086223602295,301,631,629,580
2.863086223602295,301,631,629,580
2.863086223602295,301,630,629,580
2.863086223602295,301,630,629,580
2.863086223602295,301,629,629,580
2.863086223602295,301,629,629,580
2.863086223602295,301,629,629,580
2.863086223602295,301,629,629,580
2.863086223602295,301,629,629,580
2.8788697719573975,301,629,629,580
2.8788697719573975,301,628,629,580
2.8788697719573975,301,628,629,580
2.8788697719573975,300,629,629,580
2.8788697719573975,300,628,629,580
2.8788697719573975,300,629,629,581
2.8788697719573975,300,629,629,580
2.8788697719573975,300,629,629,580
2.8788697719573975,300,629,632,581
2.8788697719573975,301,629,632,581
2.8788697719573975,301,629,632,582
2.8788697719573975,301,629,632,582
2.8788697719573975,301,630,632,582
2.8788697719573975,301,630,632,582
2.8788697719573975,301,631,632,582
2.8788697719573975,301,631,632,582
2.8788697719573975,301,632,632,582
2.894538164138794,300,632,632,582
2.894538164138794,300,632,632,582
2.894538164138794,300,633,632,582
2.894538164138794,300,633,632,582
2.894538164138794,300,632,632,582
2.894538164138794,301,632,632,582
2.894538164138794,301,632,632,582
2.894538164138794,301,632,632,582
2.894538164138794,301,633,632,582
2.894538164138794,301,633,632,581
2.894538164138794,300,633,632,581
2.894538164138794,300,633,632,581
2.894538164138794,301,632,632,581
2.894538164138794,300,631,630,581
2.894538164138794,300,631,630,581
2.894538164138794,300,631,630,581
2.894538164138794,300,631,630,581
2.9104018211364746,300,630,630,581
2.911424398422241,300,631,630,581
2.911424398422241,300,631,630,581
2.911424398422241,300,631,630,581
2.911424398422241,300,631,630,581
2.911424398422241,301,631,630,581
2.911424398422241,300,631,630,580
2.911424398422241,300,630,630,580
2.911424398422241,300,631,630,581
2.911424398422241,300,630,630,580
2.911424398422241,300,630,630,580
2.911424398422241,300,630,630,580
2.911424398422241,300,630,630,580
2.911424398422241,300,629,630,580
2.911424398422241,300,629,630,581
2.911424398422241,300,629,630,581
2.911424398422241,300,629,630,581
2.9260923862457275,300,629,630,581
2.9260923862457275,300,630,631,581
2.9260923862457275,300,630,631,581
2.9260923862457275,300,630,631,581
2.9260923862457275,300,631,631,581
2.9260923862457275,300,631,631,581
2.9260923862457275,300,631,631,581
2.9260923862457275,300,631,631,581
2.9260923862457275,300,631,631,581
2.9260923862457275,301,630,631,581
2.9260923862457275,301,630,631,581
2.9260923862457275,301,630,631,581
2.937055826187134,301,630,631,582
2.937055826187134,301,630,631,582
2.937055826187134,301,630,631,582
2.937055826187134,300,631,631,582
2.937055826187134,300,632,631,582
2.941849708557129,301,632,631,581
2.941849708557129,301,632,631,581
2.941849708557129,301,632,631,581
2.941849708557129,301,632,631,581
2.941849708557129,301,632,631,581
2.941849708557129,301,632,631,581
2.941849708557129,301,631,632,581
2.941849708557129,301,631,632,581
2.941849708557129,301,631,632,581
2.941849708557129,301,630,632,582
2.941849708557129,301,631,632,582
2.941849708557129,301,631,632,582
2.941849708557129,301,631,632,582
2.941849708557129,301,631,632,582
2.941849708557129,301,632,632,582
2.941849708557129,301,632,632,582
2.941849708557129,301,632,632,582
2.941849708557129,301,633,632,582
2.9575748443603516,301,633,632,582
2.95920991897583,301,633,632,581
2.9594740867614746,301,633,632,581
2.9594740867614746,301,633,632,581
2.9594740867614746,301,632,632,581
2.9594740867614746,301,632,632,581
2.9594740867614746,301,632,632,581
2.9594740867614746,301,631,632,581
2.9594740867614746,301,631,632,582
2.9594740867614746,301,631,632,582
2.9594740867614746,301,631,631,582
2.9594740867614746,301,631,631,582
2.9594740867614746,301,631,631,582
2.9594740867614746,301,632,631,581
2.9594740867614746,301,632,631,581
2.9594740867614746,301,632,631,581
2.9594740867614746,301,632,631,581
2.973365068435669,301,632,631,581
2.973365068435669,301,631,631,581
2.973365068435669,301,631,631,581
2.973365068435669,300,630,631,581
2.973365068435669,300,630,631,581
2.973365068435669,300,630,631,582
2.973365068435669,300,630,631,582
2.973365068435669,300,631,631,582
2.973365068435669,300,631,631,582
2.973365068435669,300,632,631,582
2.973365068435669,300,632,631,581
2.973365068435669,300,632,631,581
2.973365068435669,300,632,631,581
2.973365068435669,300,632,631,581
2.973365068435669,300,632,631,581
2.973365068435669,300,632,631,581
2.973365068435669,300,631,631,581
2.9890222549438477,300,631,631,581
2.9890222549438477,300,631,631,581
2.9890222549438477,300,631,631,581
2.9890222549438477,300,631,631,581
2.9890222549438477,300,631,631,581
2.9890222549438477,300,631,631,581
2.9890222549438477,300,631,631,581
2.9890222549438477,300,630,631,581
2.9890222549438477,300,630,631,581
2.9890222549438477,300,630,631,581
2.9890222549438477,300,630,631,582
2.9890222549438477,300,630,631,582
2.9890222549438477,300,631,631,581
2.9890222549438477,300,631,631,581
2.9890222549438477,300,631,631,581
2.9890222549438477,300,632,631,581
2.9890222549438477,300,632,631,581
2.9890222549438477,300,631,631,581
3.0047659873962402,300,631,631,581
3.0047659873962402,300,631,631,581
3.0047659873962402,300,631,631,581
3.0047659873962402,300,630,631,581
3.0047659873962402,300,630,631,582
3.0047659873962402,300,630,631,582
3.0047659873962402,300,631,631,582
3.0047659873962402,300,631,631,582
3.0047659873962402,300,631,631,582
3.0047659873962402,300,631,631,582
3.0047659873962402,300,632,631,582
3.0047659873962402,300,632,631,581
3.0047659873962402,300,632,631,581
3.0047659873962402,300,632,631,581
3.0047659873962402,300,632,631,581
3.0047659873962402,300,632,631,581
3.0047659873962402,300,632,631,581
3.0204808712005615,300,631,631,581
3.0204808712005615,300,631,631,581
3.0204808712005615,300,631,631,581
3.0204808712005615,301,630,631,581
3.0204808712005615,301,631,631,581
3.0204808712005615,301,631,631,581
3.0204808712005615,301,630,631,581
3.0204808712005615,301,631,632,582
3.0204808712005615,301,630,632,582
3.0204808712005615,301,631,632,582
3.0204808712005615,301,631,632,582
3.0204808712005615,301,631,632,582
3.0204808712005615,301,632,632,582
3.0204808712005615,301,632,632,582
3.0204808712005615,301,632,632,582
3.0204808712005615,301,632,632,582
3.0204808712005615,301,632,632,582
3.036142587661743,301,633,632,582
3.036142587661743,301,633,632,581
3.0379440784454346,301,633,632,581
3.0382046699523926,301,632,632,582
3.0382046699523926,301,632,632,582
3.0382046699523926,301,632,632,582
3.0382046699523926,301,632,632,582
3.0382046699523926,301,632,632,582
3.0382046699523926,301,632,632,582
3.0382046699523926,301,632,632,582
3.0382046699523926,301,632,632,582
3.0382046699523926,301,632,632,582
3.0382046699523926,334,632,631,581
3.0382046699523926,334,632,631,581
3.0382046699523926,334,633,631,581
3.0382046699523926,334,633,631,581
3.0382046699523926,334,632,631,581
3.0382046699523926,301,632,631,581
3.0518181324005127,301,631,631,581
3.0518181324005127,301,631,631,581
3.0518181324005127,301,630,631,581
3.0518181324005127,301,631,631,581
3.0518181324005127,300,630,631,581
3.0518181324005127,300,630,631,581
3.0518181324005127,300,630,631,581
3.0518181324005127,300,630,631,581
3.0518181324005127,300,630,631,581
3.0518181324005127,300,630,631,581
3.0518181324005127,300,631,631,581
3.0518181324005127,300,631,631,581
3.0518181324005127,300,631,631,581
3.0518181324005127,300,631,631,581
3.0518181324005127,300,631,631,581
3.0518181324005127,300,631,631,581
3.0518181324005127,300,631,631,581
3.0518181324005127,300,631,631,581
3.067894458770752,300,631,631,581
3.0694119930267334,300,631,631,581
3.0694119930267334,300,631,631,581
3.0694119930267334,300,631,631,581
3.0694119930267334,300,630,631,581
3.0694119930267334,300,631,631,581
3.0694119930267334,300,631,631,581
3.0694119930267334,300,630,631,581
3.0694119930267334,300,630,631,582
3.0694119930267334,300,630,631,582
3.0694119930267334,300,630,631,582
3.0694119930267334,300,631,631,582
3.0694119930267334,300,631,631,582
3.0694119930267334,300,631,631,582
3.0694119930267334,300,632,631,582
3.0694119930267334,300,632,631,581
3.0694119930267334,300,632,631,581
3.0837156772613525,300,632,631,581
3.084477186203003,300,632,631,581
3.084477186203003,300,632,631,581
3.084477186203003,300,631,631,581
3.084477186203003,300,631,631,581
3.084477186203003,300,631,631,581
3.084477186203003,300,631,631,581
3.084477186203003,300,631,631,581
3.084477186203003,300,631,631,581
3.084477186203003,300,631,631,581
3.084477186203003,300,631,631,581
3.084477186203003,300,630,631,581
3.084477186203003,300,630,631,581
3.084477186203003,300,630,631,581
3.084477186203003,300,630,631,582
3.084477186203003,300,630,631,582
3.084477186203003,300,630,631,582
3.084477186203003,300,631,631,582
3.0996410846710205,300,631,631,582
3.0996410846710205,300,632,631,581
3.0996410846710205,300,632,631,581
3.0996410846710205,300,633,631,581
3.0996410846710205,300,633,631,581
3.0996410846710205,300,632,631,581
3.0996410846710205,300,632,631,581
3.0996410846710205,300,631,631,581
3.0996410846710205,300,631,631,581
3.0996410846710205,300,631,631,581
3.0996410846710205,301,631,631,581
3.0996410846710205,300,631,631,581
3.0996410846710205,300,630,631,581
3.0996410846710205,300,630,631,581
3.0996410846710205,300,630,631,581
3.0996410846710205,301,630,631,581
3.0996410846710205,300,631,631,581
3.1154444217681885,300,631,631,581
3.1181533336639404,300,631,631,581
3.1181533336639404,300,631,631,581
3.1181533336639404,301,631,631,581
3.11867094039917,301,631,631,581
3.11867094039917,301,631,631,581
3.11867094039917,301,631,631,581
3.11867094039917,301,631,631,581
3.11867094039917,301,631,631,581
3.11867094039917,301,630,631,581
3.11867094039917,301,631,631,581
3.11867094039917,301,630,631,581
3.11867094039917,301,630,631,581
3.11867094039917,301,631,632,582
3.11867094039917,301,631,632,582
3.11867094039917,301,631,632,582
3.11867094039917,301,631,632,582
3.11867094039917,301,631,632,582
3.1319971084594727,301,632,632,582
3.1319971084594727,301,632,632,582
3.1319971084594727,301,632,632,582
3.1319971084594727,301,632,632,582
3.1319971084594727,301,632,632,582
3.1319971084594727,301,632,632,582
3.1319971084594727,301,632,632,582
3.1373438835144043,301,632,632,582
3.1373438835144043,301,632,632,582
3.1373438835144043,301,632,632,582
3.1373438835144043,301,633,632,581
3.1373438835144043,301,633,632,581
3.1373438835144043,301,633,632,581
3.1373438835144043,301,633,632,581
3.1373438835144043,301,632,632,581
3.1373438835144043,301,632,632,581
3.1373438835144043,301,632,632,581
3.1471197605133057,301,631,631,581
3.1471197605133057,301,630,631,581
3.1471197605133057,301,630,631,582
3.1471197605133057,301,630,631,582
3.1471197605133057,301,630,631,582
3.1471197605133057,300,630,631,582
3.1522276401519775,300,631,631,582
3.1522276401519775,300,631,631,582
3.1522276401519775,300,632,631,582
3.1522276401519775,300,632,631,581
3.1522276401519775,300,632,631,581
3.1522276401519775,300,632,631,581
3.1522276401519775,300,632,631,581
3.1522276401519775,300,631,631,581
3.1522276401519775,300,631,631,581
3.1522276401519775,300,631,631,581
3.1522276401519775,300,630,631,581
3.1627776622772217,300,630,631,582
3.1627776622772217,300,630,631,582
3.1627776622772217,300,631,631,582
3.1627776622772217,300,631,631,582
3.1627776622772217,300,631,631,582
3.1627776622772217,300,631,632,582
3.1627776622772217,300,632,632,582
3.1627776622772217,300,632,632,582
3.1627776622772217,300,632,632,582
3.1627776622772217,300,632,632,582
3.1627776622772217,300,632,632,582
3.1627776622772217,300,632,632,582
3.1627776622772217,300,632,632,582
3.1627776622772217,300,632,632,582
3.1627776622772217,300,632,632,582
3.1627776622772217,300,632,632,582
3.1627776622772217,300,632,632,582
3.1627776622772217,300,632,632,582
3.1627776622772217,300,632,632,582
3.1786258220672607,300,632,632,582
3.1786258220672607,300,632,632,582
3.1786258220672607,300,632,632,582
3.1786258220672607,300,632,632,582
3.1786258220672607,300,632,632,582
3.1786258220672607,300,632,632,582
3.1786258220672607,300,632,632,582
3.1786258220672607,300,632,632,582
3.1786258220672607,300,632,632,582
3.1786258220672607,300,632,632,582
3.1786258220672607,300,632,632,582
3.1786258220672607,300,632,632,582
3.1786258220672607,300,632,632,582
3.1786258220672607,300,632,632,582
3.1786258220672607,300,632,632,582
3.1786258220672607,300,632,632,582
3.1786258220672607,300,632,632,582
3.1786258220672607,300,632,632,582
3.194725513458252,300,632,632,582
3.194725513458252,300,632,632,582
3.194725513458252,300,632,632,582
3.194725513458252,300,632,632,582
3.194725513458252,300,632,632,582
3.194725513458252,300,632,632,582
3.194725513458252,300,632,632,582
3.194725513458252,300,633,632,582
3.194725513458252,300,632,632,581
3.194725513458252,300,632,632,582
3.194725513458252,300,632,632,582
3.194725513458252,301,632,632,582
3.194725513458252,300,632,632,582
3.194725513458252,300,632,632,582
3.194725513458252,300,632,632,582
3.194725513458252,300,632,632,582
3.194725513458252,300,632,632,582
3.194725513458252,301,632,632,582
3.210796356201172,301,632,632,582
3.210796356201172,301,633,632,581
3.210796356201172,301,633,632,581
3.210796356201172,301,632,632,581
3.210796356201172,301,632,632,581
3.210796356201172,301,631,632,581
3.210796356201172,301,631,632,582
3.210796356201172,300,630,632,582
3.210796356201172,300,630,632,582
3.210796356201172,300,631,632,582
3.210796356201172,300,631,632,582
3.210796356201172,300,631,632,582
3.210796356201172,300,632,632,582
3.210796356201172,300,632,632,582
3.210796356201172,301,632,632,582
3.210796356201172,301,632,632,582
3.210796356201172,301,632,632,582
3.2265312671661377,301,632,632,582
3.2265312671661377,301,632,632,582
3.2265312671661377,301,632,632,582
3.2265312671661377,301,632,632,582
3.2265312671661377,301,632,632,582
3.2265312671661377,301,632,632,582
3.2265312671661377,301,632,632,582
3.2265312671661377,301,632,632,582
3.2265312671661377,301,632,632,582
3.2265312671661377,301,632,632,582
3.2265312671661377,301,632,632,582
3.2265312671661377,301,632,632,582
3.2265312671661377,301,632,632,582
3.2374818325042725,300,632,632,582
3.2374818325042725,300,632,632,582
3.2374818325042725,300,632,632,582
3.2374818325042725,300,632,632,582
3.2374818325042725,300,632,632,582
3.242314577102661,300,632,632,582
3.2435591220855713,300,632,632,582
3.2440452575683594,301,632,632,582
3.2440452575683594,301,632,632,582
3.2440452575683594,301,632,632,582
3.2440452575683594,301,632,631,582
3.2440452575683594,301,632,631,582
3.2440452575683594,301,632,631,581
3.2440452575683594,301,632,631,581
3.2440452575683594,301,632,631,581
3.2440452575683594,301,632,631,581
3.2440452575683594,301,632,631,581
3.2440452575683594,301,632,631,581
3.2440452575683594,301,631,631,581
3.2440452575683594,301,631,631,581
3.2440452575683594,301,630,631,582
3.2440452575683594,300,630,631,582
3.2440452575683594,300,630,631,582
3.258089780807495,300,630,631,582
3.258089780807495,300,630,631,582
3.258089780807495,300,631,631,582
3.258089780807495,300,632,631,582
3.258089780807495,300,632,631,581
3.258089780807495,300,632,631,581
3.258089780807495,301,632,631,581
3.258089780807495,301,632,631,581
3.258089780807495,301,631,631,581
3.258089780807495,334,631,633,582
3.258089780807495,334,631,633,582
3.258089780807495,334,631,633,582
3.258089780807495,334,630,633,583
3.258089780807495,334,631,633,583
3.258089780807495,300,631,633,583
3.258089780807495,300,632,633,583
3.258089780807495,300,633,633,583
3.274034261703491,300,633,633,582
3.275005340576172,300,633,633,582
3.275005340576172,300,634,633,582
3.275005340576172,300,634,633,582
3.275005340576172,300,633,633,582
3.275005340576172,300,633,633,582
3.275005340576172,300,633,633,582
3.275005340576172,300,632,633,582
3.275005340576172,300,632,633,583
3.2824158668518066,300,632,633,583
3.2838025093078613,300,632,633,583
3.2838025093078613,300,632,633,583
3.2852954864501953,300,633,633,583
3.286499261856079,300,634,633,582
3.2873847484588623,300,634,631,582
3.2873847484588623,300,634,631,582
3.2873847484588623,300,634,631,581
3.289928913116455,300,634,631,581
3.2904367446899414,300,633,631,581
3.2904367446899414,300,633,631,581
3.2904367446899414,300,632,631,581
3.2934069633483887,300,631,631,581
3.2934069633483887,300,631,631,581
3.2934069633483887,300,630,631,581
3.2934069633483887,300,630,631,582
3.2934069633483887,300,630,631,582
3.2983219623565674,300,630,631,582
3.2983219623565674,300,630,631,582
3.2983219623565674,300,631,631,582
3.2983219623565674,300,631,631,582
3.3016269207000732,300,631,631,582
3.3016269207000732,300,632,631,582
3.3036365509033203,300,632,631,581
3.3036365509033203,300,632,631,581
3.3056461811065674,300,632,631,581
3.3056461811065674,300,632,631,581
3.3056461811065674,300,631,633,582
3.307742118835449,300,631,633,582
3.307742118835449,300,631,633,582
3.309497356414795,300,631,633,582
3.309497356414795,300,631,633,582
3.309497356414795,300,631,633,583
3.309497356414795,300,632,633,583
3.309497356414795,300,632,633,583
3.309497356414795,300,632,633,583
3.309497356414795,300,633,633,583
3.309497356414795,300,633,633,583
3.309497356414795,300,634,633,583
3.309497356414795,300,634,633,582
3.309497356414795,300,634,633,582
3.309497356414795,300,634,633,582
3.309497356414795,300,634,633,582
3.3214526176452637,300,634,633,582
3.3214526176452637,300,633,633,582
3.323798418045044,300,633,633,582
3.323798418045044,300,633,633,582
3.323798418045044,300,632,633,582
3.323798418045044,300,632,633,582
3.323798418045044,300,632,631,582
3.323798418045044,300,632,631,582
3.323798418045044,300,632,631,582
3.323798418045044,300,632,631,582
3.323798418045044,300,632,631,582
3.323798418045044,300,632,631,582
3.323798418045044,300,632,631,582
3.323798418045044,300,632,631,581
3.323798418045044,300,632,631,581
3.323798418045044,300,632,631,581
3.323798418045044,300,631,631,581
3.3373680114746094,300,631,631,581
3.3373680114746094,300,630,631,581
3.3373680114746094,300,630,631,582
3.3373680114746094,300,630,631,582
3.3373680114746094,300,630,631,582
3.3373680114746094,300,630,631,582
3.3373680114746094,300,631,631,582
3.3373680114746094,300,631,631,582
3.3373680114746094,300,631,631,582
3.3373680114746094,300,632,631,581
3.3373680114746094,300,633,631,581
3.3373680114746094,300,632,633,582
3.3373680114746094,300,632,633,582
3.3373680114746094,300,632,633,582
3.3373680114746094,300,631,633,582
3.3373680114746094,300,631,633,582
3.3373680114746094,301,631,633,582
3.3373680114746094,301,632,633,582
3.353227376937866,301,632,633,582
3.353227376937866,301,632,633,582
3.353227376937866,301,632,633,583
3.353227376937866,301,632,633,583
3.353227376937866,301,632,633,583
3.353227376937866,300,633,633,583
3.353227376937866,300,633,633,583
3.353227376937866,300,633,633,583
3.353227376937866,301,634,633,582
3.353227376937866,301,634,633,582
3.353227376937866,301,634,633,582
3.353227376937866,301,634,633,582
3.353227376937866,301,634,633,582
3.353227376937866,301,633,633,582
3.353227376937866,301,633,633,582
3.353227376937866,301,632,631,582
3.353227376937866,301,632,631,582
3.3689560890197754,301,632,631,582
3.370190382003784,301,632,631,582
3.3707005977630615,301,632,631,582
3.3707005977630615,300,632,631,581
3.372709274291992,300,632,631,581
3.372709274291992,300,632,631,581
3.3747177124023438,300,632,631,581
3.3747177124023438,300,631,631,581
3.3767268657684326,300,631,631,581
3.3767268657684326,300,631,631,581
3.3767268657684326,300,630,631,581
3.378736734390259,300,630,631,582
3.378736734390259,300,630,631,582
3.380743980407715,300,630,631,582
3.380743980407715,300,631,631,582
3.382690906524658,300,631,631,582
3.382690906524658,300,631,631,582
3.3848087787628174,300,632,631,582
3.3848087787628174,300,632,631,581
3.3848087787628174,300,632,631,581
3.3848087787628174,300,632,632,582
3.3848087787628174,301,632,632,582
3.3848087787628174,300,632,632,582
3.3848087787628174,300,631,632,582
3.3848087787628174,300,631,632,582
3.3848087787628174,300,631,632,582
3.3848087787628174,300,632,632,582
3.3848087787628174,300,632,632,582
3.3848087787628174,301,632,632,582
3.3848087787628174,300,632,632,582
3.3848087787628174,300,632,632,582
3.3848087787628174,300,632,632,582
3.3848087787628174,300,632,632,582
3.3848087787628174,300,632,632,582
3.3848087787628174,300,632,632,582
3.4009411334991455,300,632,632,582
3.4014618396759033,300,632,632,582
3.4014618396759033,300,632,632,582
3.4014618396759033,300,632,632,582
3.4014618396759033,300,632,632,582
3.4014618396759033,300,632,632,582
3.4014618396759033,300,632,632,582
3.4014618396759033,301,632,633,582
3.4014618396759033,334,632,633,582
3.4014618396759033,334,632,633,582
3.4014618396759033,334,632,633,582
3.4014618396759033,334,632,633,582
3.4014618396759033,300,632,633,582
3.4014618396759033,300,633,633,582
3.4014618396759033,301,633,633,582
3.4014618396759033,301,632,633,582
3.4014618396759033,301,632,633,583
3.4014618396759033,301,632,633,583
3.416301727294922,301,632,633,583
3.416301727294922,301,632,633,583
3.416301727294922,301,633,633,583
3.416301727294922,301,633,633,583
3.416301727294922,301,633,633,583
3.416301727294922,301,634,633,583
3.416301727294922,300,634,633,582
3.416301727294922,300,634,633,582
3.416301727294922,300,634,633,582
3.416301727294922,300,634,633,582
3.416301727294922,300,634,633,582
3.416301727294922,300,633,631,582
3.416301727294922,300,633,631,582
3.416301727294922,300,633,631,581
3.416301727294922,300,632,631,581
3.416301727294922,300,632,631,581
3.432063579559326,300,632,631,581
3.432063579559326,300,632,631,581
3.432063579559326,300,631,631,581
3.432063579559326,300,631,631,581
3.432063579559326,300,630,631,581
3.432063579559326,300,630,631,582
3.432063579559326,300,630,631,582
3.4374096393585205,300,630,631,582
3.4374096393585205,300,630,631,582
3.4374096393585205,300,630,631,582
3.4374096393585205,300,631,631,582
3.4374096393585205,300,632,631,582
3.4374096393585205,300,632,631,582
3.4374096393585205,300,632,631,582
3.4374096393585205,300,632,631,581
3.4374096393585205,300,632,631,581
3.4374096393585205,300,632,631,581
3.4374096393585205,300,632,633,582
3.4479541778564453,300,631,633,582
3.4479541778564453,300,631,633,582
3.4479541778564453,300,631,633,582
3.4479541778564453,300,631,633,583
3.4479541778564453,300,631,633,583
3.4479541778564453,300,632,633,583
3.4479541778564453,300,632,633,583
3.4479541778564453,301,633,633,583
3.4479541778564453,300,633,633,583
3.4479541778564453,300,634,633,583
3.4479541778564453,300,634,633,582
3.4479541778564453,300,634,633,582
3.4479541778564453,300,634,633,582
3.4479541778564453,300,633,633,582
3.4479541778564453,300,633,633,582
3.4479541778564453,300,633,633,582
3.4479541778564453,301,633,633,582
3.46370005607605,300,632,633,582
3.4649083614349365,300,632,633,583
3.4649083614349365,300,632,633,583
3.4649083614349365,300,632,633,583
3.4649083614349365,300,633,631,582
3.4649083614349365,300,633,631,582
3.4649083614349365,300,633,631,582
3.4649083614349365,300,633,631,582
3.4649083614349365,300,633,631,581
3.4649083614349365,300,633,631,581
3.4649083614349365,300,633,631,581
3.4649083614349365,300,632,631,581
3.4649083614349365,300,632,631,581
3.4649083614349365,300,631,631,581
3.4649083614349365,300,631,631,581
3.4649083614349365,300,630,631,582
3.4649083614349365,300,630,631,582
3.4649083614349365,300,630,631,582
3.4793753623962402,300,631,631,582
3.4813923835754395,300,631,631,582
3.4819085597991943,300,631,631,582
3.4819085597991943,300,632,631,582
3.4819085597991943,300,632,631,581
3.4819085597991943,300,632,631,581
3.4819085597991943,300,632,631,581
3.4819085597991943,300,632,631,581
3.4819085597991943,300,631,633,582
3.4819085597991943,300,631,633,582
3.4819085597991943,300,630,633,582
3.4819085597991943,300,630,633,583
3.4819085597991943,300,630,633,583
3.4819085597991943,300,631,633,583
3.4819085597991943,300,632,633,583
3.4819085597991943,300,632,633,583
3.4819085597991943,300,633,633,583
3.4951062202453613,301,633,633,583
3.496840476989746,301,634,633,583
3.496840476989746,301,634,633,582
3.496840476989746,301,634,633,582
3.496840476989746,300,634,633,582
3.496840476989746,300,636,633,582
3.496840476989746,300,638,633,581
3.496840476989746,300,639,633,580
3.496840476989746,300,639,633,580
3.496840476989746,301,639,633,580
3.496840476989746,302,639,633,579
3.496840476989746,303,636,633,579
3.496840476989746,306,634,633,579
3.496840476989746,310,632,637,581
3.496840476989746,315,630,637,581
3.496840476989746,324,630,637,582
3.496840476989746,331,630,637,583
3.511003017425537,341,630,637,583
3.511003017425537,347,631,637,584
3.511003017425537,353,633,637,584
3.511003017425537,359,635,637,584
3.511003017425537,364,638,637,584
3.511003017425537,372,641,637,583
3.511003017425537,376,644,637,582
3.511003017425537,379,647,637,581
3.511003017425537,383,647,637,580
3.511003017425537,387,647,637,579
3.511003017425537,391,644,637,579
3.511003017425537,397,642,637,579
3.511003017425537,402,640,637,579
3.511003017425537,409,636,637,579
3.511003017425537,417,634,637,580
3.511003017425537,426,632,637,580
3.511003017425537,441,630,637,581
3.5268635749816895,452,629,637,581
3.5268635749816895,465,629,734,606
3.5268635749816895,479,630,734,614
3.5268635749816895,493,635,734,623
3.5268635749816895,507,643,734,630
3.5268635749816895,525,654,734,635
3.5268635749816895,534,676,734,639
3.5268635749816895,544,692,734,640
3.5268635749816895,549,707,734,640
3.5268635749816895,551,727,734,638
3.5268635749816895,552,736,734,636
3.5268635749816895,550,743,734,636
3.5376439094543457,546,748,734,634
3.5376439094543457,541,749,734,632
3.5376439094543457,538,748,734,630
3.5376439094543457,535,745,734,629
3.5376439094543457,532,741,734,629
3.542668104171753,531,736,734,630
3.543825149536133,531,732,734,630
3.5440404415130615,532,728,734,631
3.5440404415130615,534,723,734,633
3.5440404415130615,537,721,734,634
3.5440404415130615,540,720,734,634
3.5440404415130615,544,720,650,610
3.5440404415130615,546,721,650,610
3.5440404415130615,548,719,650,604
3.5440404415130615,547,716,650,598
3.5440404415130615,546,707,650,594
3.5440404415130615,542,697,650,590
3.5440404415130615,533,687,650,589
3.5440404415130615,524,671,650,588
3.5440404415130615,509,662,650,589
3.5440404415130615,497,654,650,590
3.5440404415130615,485,646,650,592
3.5440404415130615,473,643,650,593
3.5584418773651123,462,641,650,593
3.5584418773651123,445,640,650,594
3.5584418773651123,434,640,650,595
3.5584418773651123,425,642,650,596
3.5584418773651123,416,643,650,596
3.5584418773651123,405,644,650,596
3.5584418773651123,400,646,650,597
3.5584418773651123,393,647,650,597
3.5584418773651123,389,648,650,597
3.5584418773651123,386,648,629,592
3.5584418773651123,382,649,629,590
3.5584418773651123,379,649,629,588
3.5584418773651123,376,648,629,587
3.5584418773651123,373,647,629,587
3.5584418773651123,367,646,629,586
3.5584418773651123,363,643,629,584
3.5584418773651123,358,639,629,584
3.5743963718414307,353,637,629,584
3.5743963718414307,344,635,629,584
3.5743963718414307,338,632,629,583
3.5743963718414307,328,632,629,584
3.5743963718414307,321,631,629,584
3.5743963718414307,315,630,629,584
3.5743963718414307,309,630,629,584
3.5743963718414307,304,629,629,584
3.5743963718414307,297,629,629,584
3.5743963718414307,293,630,629,584
3.5743963718414307,290,630,629,583
3.5743963718414307,288,629,629,583
3.5743963718414307,285,629,629,584
3.5743963718414307,285,628,629,584
3.5743963718414307,284,628,689,598
3.5743963718414307,284,629,689,603
3.5743963718414307,285,630,689,608
3.589984655380249,285,634,689,612
3.589984655380249,286,639,689,615
3.589984655380249,287,647,689,615
3.589984655380249,287,661,689,618
3.589984655380249,287,671,689,618
3.589984655380249,286,680,689,618
3.589984655380249,286,688,689,616
3.589984655380249,285,696,689,615
3.589984655380249,283,699,689,613
3.589984655380249,282,702,689,611
3.589984655380249,281,702,689,610
3.589984655380249,280,701,689,609
3.589984655380249,279,699,689,609
3.589984655380249,279,697,689,609
3.589984655380249,279,692,689,608
3.589984655380249,279,690,689,609
3.589984655380249,281,688,689,609
3.589984655380249,283,686,689,610
3.606050968170166,285,685,689,610
3.6078577041625977,288,684,688,611
3.6086132526397705,291,685,688,611
3.6086132526397705,297,685,688,611
3.6086132526397705,301,686,688,611
3.6086132526397705,305,687,688,611
3.6086132526397705,311,688,688,611
3.6086132526397705,315,689,688,611
3.6086132526397705,318,690,688,611
3.6086132526397705,321,691,688,610
3.6086132526397705,324,691,688,610
3.6086132526397705,328,692,688,610
3.6086132526397705,330,692,688,609
3.6086132526397705,332,692,688,609
3.6086132526397705,335,692,688,609
3.6086132526397705,337,691,688,609
3.6086132526397705,339,690,688,609
3.6219482421875,343,689,688,608
3.6219482421875,346,689,688,608
3.6219482421875,350,688,688,608
3.6219482421875,353,687,688,609
3.6219482421875,358,687,688,609
3.6219482421875,365,686,688,609
3.6219482421875,368,685,741,622
3.6219482421875,378,685,741,627
3.6219482421875,385,686,741,631
3.6219482421875,392,691,741,636
3.6219482421875,402,697,741,638
3.6219482421875,409,708,741,641
3.6219482421875,415,716,741,641
3.6219482421875,423,725,741,641
3.6219482421875,428,732,741,640
3.6219482421875,432,738,741,640
3.6219482421875,436,745,741,640
3.6375844478607178,439,747,741,638
3.6375844478607178,442,748,741,637
3.6375844478607178,444,748,741,637
3.6375844478607178,446,747,741,636
3.6375844478607178,447,745,741,636
3.6375844478607178,448,742,741,636
3.6375844478607178,449,740,741,637
3.6375844478607178,451,739,741,637
3.6375844478607178,452,737,741,638
3.6375844478607178,453,736,741,638
3.6375844478607178,454,735,741,638
3.6375844478607178,456,735,721,634
3.6375844478607178,458,735,721,633
3.6375844478607178,460,734,721,632
3.6375844478607178,462,734,721,631
3.6375844478607178,464,732,721,630
3.6375844478607178,464,729,721,629
3.6532249450683594,464,727,721,629
3.6532249450683594,463,724,721,629
3.6532249450683594,462,722,721,630
3.6532249450683594,458,720,721,630
3.6532249450683594,455,719,721,630
3.6532249450683594,451,718,721,630
3.6532249450683594,447,717,721,631
3.6532249450683594,442,717,721,631
3.6532249450683594,435,718,721,632
3.6532249450683594,429,718,721,632
3.6532249450683594,424,719,721,632
3.6532249450683594,417,720,721,632
3.6532249450683594,412,720,721,632
3.6532249450683594,407,720,721,632
3.6532249450683594,400,720,721,632
3.6532249450683594,398,720,684,623
3.6532249450683594,392,720,684,620
3.6689414978027344,388,719,684,617
3.6689414978027344,385,718,684,617
3.6689414978027344,381,713,684,615
3.6689414978027344,377,709,684,613
3.6689414978027344,373,703,684,612
3.6689414978027344,369,698,684,612
3.6689414978027344,366,691,684,612
3.6689414978027344,360,687,684,612
3.6689414978027344,356,684,684,613
3.6689414978027344,351,682,684,613
3.6689414978027344,345,681,684,613
3.6689414978027344,340,681,684,614
3.6689414978027344,336,681,684,614
3.6689414978027344,331,682,684,614
3.6689414978027344,327,683,684,614
3.6689414978027344,320,683,684,614
3.6689414978027344,316,684,684,614
3.684666872024536,313,684,684,614
3.684666872024536,308,685,684,614
3.684666872024536,305,685,684,613
3.684666872024536,303,685,710,620
3.684666872024536,301,684,710,622
3.684666872024536,299,685,710,624
3.684666872024536,297,686,710,626
3.684666872024536,296,688,710,626
3.684666872024536,294,691,710,627
3.684666872024536,294,695,710,628
3.684666872024536,293,701,710,629
3.684666872024536,292,705,710,629
3.684666872024536,291,709,710,628
3.684666872024536,290,712,710,627
3.684666872024536,289,714,710,627
3.684666872024536,288,716,710,626
3.684666872024536,287,716,710,625
3.684666872024536,285,716,710,625
3.700709581375122,284,715,710,625
3.700709581375122,282,715,710,625
3.700709581375122,282,714,710,624
3.704197883605957,281,713,710,624
3.705014944076538,280,712,710,624
3.705014944076538,280,711,710,624
3.705014944076538,280,710,710,624
3.705014944076538,281,709,724,628
3.705014944076538,281,709,724,629
3.705014944076538,283,709,724,630
3.705014944076538,284,710,724,631
3.705014944076538,286,712,724,632
3.705014944076538,288,714,724,633
3.705014944076538,290,716,724,633
3.705014944076538,293,719,724,633
3.705014944076538,295,721,724,633
3.705014944076538,297,724,724,632
3.716427803039551,299,726,724,632
3.716427803039551,302,727,724,631
3.716427803039551,304,728,724,631
3.716427803039551,306,728,724,631
3.716427803039551,308,728,724,630
3.716427803039551,310,727,724,630
3.716427803039551,312,726,724,630
3.716427803039551,314,726,724,630
3.716427803039551,317,726,724,630
3.716427803039551,319,725,724,630
3.716427803039551,321,724,724,630
3.716427803039551,324,724,724,630
3.716427803039551,326,723,752,637
3.716427803039551,330,723,752,639
3.716427803039551,335,724,752,642
3.716427803039551,338,726,752,644
3.7321462631225586,344,729,752,646
3.7321462631225586,348,732,752,647
3.7321462631225586,352,739,752,647
3.734389305114746,356,743,752,647
3.7349674701690674,360,748,752,647
3.7349674701690674,366,751,752,646
3.7349674701690674,370,752,752,646
3.7378265857696533,373,754,752,646
3.7378265857696533,377,755,752,645
3.7378265857696533,382,755,752,645
3.7378265857696533,385,754,752,645
3.7378265857696533,388,754,752,645
3.7378265857696533,391,753,752,644
3.7378265857696533,393,752,752,645
3.7378265857696533,394,752,752,645
3.7378265857696533,396,751,752,645
3.7378265857696533,398,750,752,645
3.7378265857696533,400,750,752,645
3.74827241897583,401,750,758,647
3.74827241897583,403,750,758,648
3.74827241897583,405,749,758,648
3.74827241897583,407,750,758,649
3.74827241897583,409,750,758,650
3.74827241897583,410,751,758,650
3.74827241897583,413,752,758,651
3.74827241897583,414,753,758,651
3.74827241897583,415,754,758,651
3.74827241897583,416,755,758,651
3.74827241897583,417,756,758,651
3.74827241897583,418,757,758,651
3.74827241897583,418,757,758,651
3.74827241897583,418,758,758,651
3.74827241897583,417,758,758,651
3.74827241897583,414,757,758,651
3.74827241897583,412,757,758,651
3.74827241897583,410,757,758,651
3.7642219066619873,407,757,758,651
3.7642219066619873,404,757,758,651
3.7642219066619873,401,757,758,651
3.7642219066619873,398,757,758,651
3.7642219066619873,395,756,730,645
3.7642219066619873,392,756,730,643
3.7642219066619873,388,754,730,640
3.7642219066619873,384,753,730,639
3.7642219066619873,381,750,730,638
3.7642219066619873,378,744,730,637
3.7642219066619873,374,740,730,637
3.7642219066619873,371,734,730,636
3.7642219066619873,369,731,730,637
3.7642219066619873,365,729,730,638
3.7642219066619873,362,727,730,638
3.7642219066619873,359,726,730,638
3.7642219066619873,357,725,730,639
3.7642219066619873,354,725,730,639
3.7803027629852295,349,726,730,640
3.7815935611724854,345,727,730,640
3.7831783294677734,342,728,730,640
3.783432722091675,337,730,730,640
3.783432722091675,334,731,730,639
3.783432722091675,331,732,730,639
3.783432722091675,326,732,730,639
3.783432722091675,324,732,729,639
3.783432722091675,319,732,729,638
3.783432722091675,316,731,729,638
3.783432722091675,313,731,729,638
3.783432722091675,310,730,729,638
3.783432722091675,308,730,729,638
3.783432722091675,305,729,729,638
3.783432722091675,303,729,729,638
3.783432722091675,302,729,729,638
3.783432722091675,299,729,729,638
3.796233654022217,298,729,729,638
3.796233654022217,297,729,729,638
3.796233654022217,295,729,729,638
3.796233654022217,294,729,729,638
3.796233654022217,293,729,729,638
3.796233654022217,292,730,729,638
3.796233654022217,290,730,729,638
3.796233654022217,289,731,729,638
3.796233654022217,287,731,729,638
3.796233654022217,286,731,729,638
3.796233654022217,285,731,729,637
3.796233654022217,284,731,729,637
3.796233654022217,283,731,751,642
3.796233654022217,282,731,751,644
3.796233654022217,282,732,751,645
3.796233654022217,281,732,751,647
3.796233654022217,281,734,751,647
3.812069892883301,281,736,751,648
3.812069892883301,282,738,751,649
3.814098834991455,283,744,751,649
3.814357042312622,284,747,751,649
3.814357042312622,285,749,751,649
3.814357042312622,286,752,751,649
3.814357042312622,288,753,751,648
3.814357042312622,289,753,751,648
3.814357042312622,290,754,751,647
3.814357042312622,292,754,751,647
3.814357042312622,293,754,751,647
3.814357042312622,295,754,751,647
3.814357042312622,296,753,751,647
3.814357042312622,297,753,751,647
3.814357042312622,299,753,751,647
3.814357042312622,301,752,751,646
3.814357042312622,302,752,751,646
3.8277692794799805,304,752,763,649
3.8277692794799805,305,752,763,650
3.8291091918945312,308,751,763,651
3.8291091918945312,310,752,763,652
3.8291091918945312,312,753,763,653
3.8291091918945312,314,754,763,654
3.8291091918945312,316,756,763,654
3.8291091918945312,320,758,763,654
3.8291091918945312,322,759,763,654
3.8291091918945312,325,762,763,654
3.8291091918945312,327,763,763,654
3.8379476070404053,332,764,763,653
3.8379476070404053,334,765,763,653
3.8379476070404053,339,765,763,653
3.8379476070404053,342,765,763,653
3.8379476070404053,344,764,763,652
3.8379476070404053,347,764,763,653
3.843533754348755,350,764,763,653
3.844468355178833,352,763,763,652
3.8453123569488525,355,763,763,653
3.8453123569488525,357,763,763,653
3.8453123569488525,359,762,763,653
3.8453123569488525,361,762,781,657
3.8453123569488525,362,762,781,659
3.8453123569488525,365,762,781,660
3.8453123569488525,366,764,781,662
3.8453123569488525,369,766,781,663
3.8453123569488525,370,768,781,664
3.8453123569488525,372,772,781,664
3.8453123569488525,374,775,781,664
3.8453123569488525,376,777,781,664
3.8453123569488525,379,778,781,664
3.8453123569488525,380,780,781,664
3.8453123569488525,381,781,781,663
3.8453123569488525,383,781,781,663
3.8593926429748535,385,781,781,663
3.8593926429748535,386,780,781,663
3.8593926429748535,387,780,781,664
3.8593926429748535,388,780,781,664
3.8593926429748535,388,779,781,664
3.8593926429748535,388,779,781,664
3.8593926429748535,388,779,781,664
3.8593926429748535,387,780,781,664
3.8593926429748535,386,780,781,664
3.8593926429748535,385,780,761,660
3.8593926429748535,383,780,761,658
3.8593926429748535,380,780,761,656
3.8593926429748535,379,778,761,655
3.8593926429748535,376,776,761,654
3.8593926429748535,374,773,761,653
3.8593926429748535,372,768,761,653
3.8593926429748535,370,765,761,653
3.8751935958862305,368,763,761,653
3.8765220642089844,366,760,761,654
3.8765220642089844,364,758,761,654
3.8765220642089844,363,757,761,655
3.8765220642089844,361,756,761,655
3.8765220642089844,358,756,761,656
3.8765220642089844,356,757,761,656
3.8765220642089844,354,758,761,656
3.8765220642089844,351,759,761,657
3.8765220642089844,349,760,761,657
3.8765220642089844,347,760,761,657
3.8765220642089844,345,761,761,657
3.8765220642089844,341,762,761,656
3.8765220642089844,338,762,761,656
3.8765220642089844,335,763,753,654
3.8765220642089844,333,763,753,653
3.8765220642089844,331,762,753,652
3.8909225463867188,328,761,753,652
3.8909225463867188,323,760,753,651
3.8909225463867188,321,758,753,651
3.8909225463867188,317,756,753,651
3.8909225463867188,315,755,753,651
3.8909225463867188,312,753,753,651
3.8909225463867188,310,752,753,652
3.8909225463867188,309,751,753,652
3.8909225463867188,306,751,753,652
3.8909225463867188,305,751,753,652
3.8909225463867188,303,751,753,652
3.8909225463867188,302,752,753,652
3.8909225463867188,300,752,753,652
3.8909225463867188,298,753,753,652
3.8909225463867188,296,753,753,652
3.8909225463867188,295,754,753,652
3.8909225463867188,294,754,753,652
3.906587839126587,293,754,753,652
3.906587839126587,292,754,753,652
3.906587839126587,291,755,765,655
3.9090492725372314,290,755,765,655
3.9090492725372314,289,756,765,656
3.9090492725372314,287,756,765,657
3.9090492725372314,286,758,765,657
3.9090492725372314,285,760,765,657
3.9090492725372314,284,761,765,658
3.9090492725372314,284,764,765,658
3.9090492725372314,284,765,765,657
3.9090492725372314,283,765,765,657
3.9090492725372314,283,766,765,657
3.9090492725372314,283,767,765,657
3.9090492725372314,284,766,765,657
3.9090492725372314,284,767,765,657
3.9090492725372314,285,766,765,656
3.9090492725372314,286,766,765,656
3.9232864379882812,287,766,765,656
3.923849105834961,288,766,765,656
3.923849105834961,288,766,765,656
3.923849105834961,289,765,765,656
3.923849105834961,290,765,765,656
3.923849105834961,291,765,778,659
3.923849105834961,292,765,778,661
3.923849105834961,293,765,778,662
3.923849105834961,294,766,778,662
3.923849105834961,295,768,778,662
3.9319746494293213,296,770,778,663
3.9319746494293213,298,772,778,663
3.9319746494293213,299,774,778,663
3.9319746494293213,300,777,778,663
3.9319746494293213,303,778,778,663
3.9319746494293213,304,779,778,662
3.9319746494293213,306,779,778,662
3.9378185272216797,308,779,778,662
3.9378185272216797,310,779,778,662
3.9398350715637207,312,779,778,662
3.9414889812469482,315,778,778,662
3.942032814025879,317,777,778,662
3.942032814025879,320,777,778,663
3.942032814025879,322,777,778,663
3.942032814025879,324,778,778,663
3.942032814025879,327,778,778,663
3.942032814025879,329,779,778,662
3.942032814025879,331,779,791,665
3.942032814025879,332,780,791,666
3.942032814025879,334,780,791,667
3.942032814025879,337,780,791,668
3.942032814025879,339,781,791,669
3.942032814025879,340,782,791,669
3.942032814025879,341,784,791,669
3.953709125518799,343,785,791,670
3.953709125518799,345,787,791,670
3.953709125518799,347,788,791,670
3.953709125518799,348,790,791,670
3.953709125518799,351,791,791,670
3.953709125518799,353,791,791,669
3.953709125518799,354,792,791,669
3.953709125518799,356,792,791,669
3.953709125518799,358,792,791,669
3.953709125518799,359,791,791,669
3.953709125518799,360,790,791,669
3.953709125518799,362,789,791,669
3.953709125518799,363,789,791,670
3.953709125518799,364,789,791,670
3.953709125518799,365,789,791,670
3.953709125518799,365,789,788,669
3.953709125518799,365,789,788,669
3.969463348388672,365,790,788,669
3.970503091812134,365,790,788,669
3.970503091812134,365,789,788,669
3.970503091812134,364,789,788,669
3.970503091812134,363,788,788,669
3.970503091812134,363,788,788,669
3.970503091812134,362,787,788,669
3.970503091812134,361,787,788,669
3.970503091812134,360,787,788,669
3.970503091812134,359,786,788,669
3.970503091812134,358,786,788,670
3.970503091812134,356,786,788,670
3.970503091812134,355,786,788,670
3.970503091812134,354,786,788,670
3.970503091812134,353,786,788,670
3.970503091812134,352,786,788,670
3.970503091812134,351,787,788,671
3.9852168560028076,349,788,788,671
3.9852168560028076,348,788,788,670
3.9852168560028076,346,788,788,670
3.9852168560028076,345,788,771,666
3.9852168560028076,343,788,771,665
3.9852168560028076,340,788,771,663
3.9852168560028076,337,786,771,662
3.9852168560028076,335,785,771,661
3.9852168560028076,331,782,771,661
3.9852168560028076,329,779,771,661
3.9852168560028076,327,777,771,661
3.9852168560028076,325,773,771,660
3.9852168560028076,323,771,771,661
3.9852168560028076,320,770,771,661
3.9852168560028076,318,769,771,661
3.9852168560028076,316,768,771,662
3.9852168560028076,314,768,771,662
4.00090479850769,312,768,771,662
4.00090479850769,311,769,771,663
4.002924919128418,308,769,771,663
4.002924919128418,307,770,771,663
4.002924919128418,306,770,771,663
4.004940748214722,305,771,771,663
4.004940748214722,304,772,771,663
4.004940748214722,302,773,771,662
4.004940748214722,301,773,779,664
4.004940748214722,299,774,779,664
4.004940748214722,298,774,779,665
4.004940748214722,297,774,779,665
4.004940748214722,295,774,779,665
4.004940748214722,294,775,779,666
4.004940748214722,292,776,779,666
4.004940748214722,291,778,779,666
4.004940748214722,290,779,779,666
4.016584396362305,289,779,779,666
4.016584396362305,288,780,779,666
4.016584396362305,287,780,779,665
4.016584396362305,287,780,779,665
4.016584396362305,286,780,779,665
4.016584396362305,286,780,779,665
4.016584396362305,286,780,779,665
4.016584396362305,286,779,779,665
4.016584396362305,286,779,779,665
4.016584396362305,286,779,779,665
4.016584396362305,286,779,779,665
4.016584396362305,287,779,779,665
4.016584396362305,287,779,779,665
4.016584396362305,287,780,787,667
4.016584396362305,288,780,787,667
4.016584396362305,288,780,787,668
4.016584396362305,288,781,787,669
4.016584396362305,289,781,787,669
4.032491445541382,289,783,787,669
4.033857583999634,290,785,787,669
4.033857583999634,291,786,787,669
4.033857583999634,292,787,787,669
4.033857583999634,292,788,787,669
4.033857583999634,293,788,787,668
4.037755250930786,294,788,787,668
4.037755250930786,295,789,787,668
4.037755250930786,296,789,787,668
4.037755250930786,298,788,787,668
4.037755250930786,299,787,787,668
4.037755250930786,301,787,787,668
4.037755250930786,302,787,787,668
4.037755250930786,304,786,787,668
4.037755250930786,305,787,787,668
4.037755250930786,308,787,787,668
4.037755250930786,309,787,787,668
4.048195123672485,310,787,801,672
4.048195123672485,313,787,801,673
4.048195123672485,314,787,801,674
4.048195123672485,316,789,801,675
4.048195123672485,318,790,801,676
4.048195123672485,320,794,801,676
4.048195123672485,322,796,801,676
4.048195123672485,323,798,801,676
4.048195123672485,325,800,801,676
4.048195123672485,326,801,801,676
4.048195123672485,327,802,801,676
4.048195123672485,329,803,801,675
4.048195123672485,331,802,801,675
4.048195123672485,332,802,801,675
4.048195123672485,334,801,801,675
4.048195123672485,336,800,801,675
4.048195123672485,337,799,801,675
4.063905954360962,338,799,801,676
4.063905954360962,340,799,801,676
4.063905954360962,341,799,801,676
4.063905954360962,343,799,801,676
4.063905954360962,344,799,801,676
4.063905954360962,345,800,802,677
4.063905954360962,346,800,802,677
4.063905954360962,347,801,802,677
4.063905954360962,348,801,802,677
4.063905954360962,348,801,802,677
4.063905954360962,349,801,802,677
4.063905954360962,349,802,802,677
4.063905954360962,350,802,802,677
4.063905954360962,350,802,802,677
4.063905954360962,350,802,802,677
4.063905954360962,349,802,802,677
4.063905954360962,349,801,802,677
4.0795464515686035,349,801,802,677
4.0795464515686035,349,801,802,677
4.081484794616699,348,801,802,677
4.081484794616699,348,801,802,677
4.083237409591675,348,801,802,677
4.083237409591675,347,800,802,678
4.083237409591675,346,800,802,678
4.083237409591675,346,800,802,678
4.083237409591675,345,800,802,678
4.083237409591675,344,800,802,678
4.083237409591675,343,801,790,674
4.083237409591675,342,801,790,674
4.083237409591675,341,801,790,674
4.083237409591675,340,800,790,673
4.083237409591675,338,798,790,672
4.083237409591675,337,797,790,672
4.083237409591675,335,795,790,671
4.083237409591675,333,793,790,671
4.0955681800842285,331,791,790,672
4.0966956615448,330,790,790,672
4.0966956615448,328,789,790,672
4.0966956615448,326,788,790,672
4.0966956615448,324,788,790,672
4.0966956615448,322,788,790,673
4.0966956615448,321,788,790,673
4.0966956615448,319,788,790,673
4.0966956615448,318,789,790,673
4.0966956615448,316,789,790,673
4.0966956615448,315,790,790,673
4.0966956615448,313,790,790,673
4.0966956615448,312,791,790,673
4.0966956615448,311,791,788,672
4.0966956615448,309,791,788,672
4.0966956615448,308,791,788,671
4.0966956615448,306,791,788,671
4.111314535140991,305,790,788,671
4.1124279499053955,304,790,788,671
4.1124279499053955,302,790,788,671
4.1124279499053955,301,789,788,671
4.1124279499053955,299,788,788,671
4.1124279499053955,297,788,788,671
4.1124279499053955,296,788,788,671
4.1124279499053955,295,788,788,671
4.1124279499053955,294,788,788,671
4.1124279499053955,294,788,788,671
4.1124279499053955,293,788,788,671
4.1124279499053955,291,788,788,671
4.1124279499053955,290,788,788,671
4.1124279499053955,290,788,788,671
4.1124279499053955,289,788,788,671
4.1124279499053955,289,788,788,671
4.1124279499053955,289,788,788,671
4.1124279499053955,288,788,788,671
4.127074718475342,288,788,788,671
4.128538370132446,288,788,796,673
4.128538370132446,288,788,796,674
4.1302149295806885,288,789,796,674
4.13071084022522,288,790,796,675
4.13071084022522,288,791,796,675
4.13071084022522,288,792,796,675
4.13071084022522,288,794,796,675
4.13071084022522,289,795,796,675
4.13071084022522,289,796,796,675
4.13071084022522,289,797,796,675
4.13071084022522,289,798,796,675
4.137951612472534,290,798,796,674
4.137951612472534,290,797,796,674
4.137951612472534,290,797,796,674
4.137951612472534,291,797,796,674
4.137951612472534,292,796,796,674
4.142756462097168,292,796,796,674
4.142756462097168,293,796,796,674
4.142756462097168,294,796,796,674
4.142756462097168,295,796,796,674
4.142756462097168,296,796,796,674
4.142756462097168,297,796,796,674
4.142756462097168,298,796,806,677
4.142756462097168,299,796,806,678
4.142756462097168,301,797,806,678
4.142756462097168,302,797,806,679
4.142756462097168,304,799,806,680
4.142756462097168,305,801,806,680
4.142756462097168,307,802,806,680
4.142756462097168,308,804,806,680
4.142756462097168,309,806,806,680
4.142756462097168,311,807,806,679
4.142756462097168,312,807,806,679
4.158524990081787,313,808,806,679
4.158524990081787,314,808,806,679
4.160233974456787,315,808,806,679
4.16098165512085,316,808,806,679
4.16098165512085,318,807,806,678
4.16098165512085,319,806,806,678
4.16098165512085,321,806,806,679
4.16098165512085,322,806,806,679
4.16098165512085,323,805,806,679
4.16098165512085,324,805,806,679
4.16098165512085,325,805,806,679
4.16098165512085,327,805,810,680
4.16098165512085,328,805,810,680
4.16098165512085,329,805,810,681
4.16098165512085,331,806,810,681
4.16098165512085,332,806,810,681
4.16098165512085,333,807,810,682
4.16098165512085,334,808,810,682
4.174206018447876,335,809,810,682
4.174206018447876,336,809,810,682
4.174206018447876,337,810,810,682
4.174206018447876,337,810,810,682
4.174206018447876,338,810,810,682
4.174206018447876,338,810,810,682
4.174206018447876,338,810,810,681
4.174206018447876,338,810,810,682
4.174206018447876,339,810,810,682
4.174206018447876,339,809,810,682
4.174206018447876,339,809,810,682
4.174206018447876,338,809,810,682
4.174206018447876,338,809,810,682
4.174206018447876,338,809,810,682
4.174206018447876,338,809,810,682
4.174206018447876,385,809,804,680
4.174206018447876,385,809,804,680
4.190641403198242,384,809,804,680
4.191335916519165,384,808,804,679
4.191335916519165,336,807,804,679
4.191335916519165,336,806,804,679
4.191335916519165,335,805,804,679
4.191335916519165,334,804,804,679
4.191335916519165,333,803,804,679
4.191335916519165,332,803,804,680
4.191335916519165,331,803,804,680
4.191335916519165,330,803,804,680
4.191335916519165,329,802,804,680
4.191335916519165,327,802,804,680
4.191335916519165,326,803,804,680
4.191335916519165,325,803,804,680
4.191335916519165,324,804,804,680
4.191335916519165,322,804,804,680
4.191335916519165,321,804,804,680
4.205566883087158,320,804,804,680
4.205566883087158,319,804,804,680
4.205566883087158,318,804,797,678
4.205566883087158,317,803,797,678
4.205566883087158,316,803,797,678
4.205566883087158,314,803,797,678
4.205566883087158,313,803,797,677
4.205566883087158,311,802,797,677
4.205566883087158,310,801,797,676
4.205566883087158,308,800,797,676
4.205566883087158,307,799,797,676
4.205566883087158,306,799,797,676
4.205566883087158,305,798,797,676
4.205566883087158,304,797,797,676
4.205566883087158,302,797,797,676
4.205566883087158,301,796,797,676
4.205566883087158,300,796,797,676
4.22160005569458,299,796,797,677
4.2226550579071045,298,796,797,677
4.22341775894165,297,796,797,677
4.22341775894165,296,796,797,677
4.22341775894165,295,797,797,677
4.22341775894165,294,797,797,677
4.22341775894165,293,798,797,677
4.22341775894165,344,798,803,678
4.22341775894165,343,799,803,678
4.22341775894165,343,799,803,678
4.22341775894165,342,799,803,678
4.22341775894165,342,799,803,679
4.22341775894165,291,800,803,679
4.22341775894165,291,800,803,679
4.22341775894165,290,801,803,679
4.22341775894165,290,802,803,679
4.22341775894165,290,802,803,679
4.22341775894165,290,803,803,679
4.237878084182739,290,803,803,679
4.237878084182739,290,803,803,679
4.237878084182739,290,803,803,679
4.2398905754089355,290,803,803,679
4.2398905754089355,290,804,803,679
4.241901636123657,290,804,803,679
4.243557691574097,290,804,803,679
4.243872880935669,290,804,803,679
4.243872880935669,290,804,803,679
4.243872880935669,291,804,803,679
4.243872880935669,291,804,803,679
4.243872880935669,291,804,809,680
4.243872880935669,343,804,809,680
4.243872880935669,344,804,809,681
4.243872880935669,345,804,809,681
4.243872880935669,346,805,809,681
4.243872880935669,296,805,809,681
4.253184080123901,297,806,809,682
4.253184080123901,297,807,809,682
4.253184080123901,298,808,809,682
4.253184080123901,299,808,809,682
4.253184080123901,300,809,809,682
4.253184080123901,301,810,809,682
4.253184080123901,302,810,809,681
4.253184080123901,303,810,809,681
4.253184080123901,304,810,809,681
4.253184080123901,305,810,809,681
4.253184080123901,306,809,809,681
4.253184080123901,307,809,809,681
4.253184080123901,308,809,809,681
4.253184080123901,309,809,809,681
4.253184080123901,310,809,809,682
4.253184080123901,311,808,809,682
4.253184080123901,311,808,816,683
4.268868923187256,313,808,816,684
4.268868923187256,314,808,816,685
4.268868923187256,315,809,816,685
4.268868923187256,316,810,816,685
4.268868923187256,318,811,816,685
4.268868923187256,319,812,816,686
4.268868923187256,320,813,816,686
4.268868923187256,321,815,816,686
4.268868923187256,323,815,816,686
4.268868923187256,323,816,816,685
4.268868923187256,324,817,816,685
4.268868923187256,325,817,816,685
4.268868923187256,326,817,816,685
4.268868923187256,326,817,816,685
4.268868923187256,327,817,816,685
4.268868923187256,327,816,816,685
4.268868923187256,328,816,816,685
4.284601449966431,329,816,816,685
4.285539150238037,329,815,816,685
4.286187410354614,330,815,816,685
4.286187410354614,330,815,816,685
4.286187410354614,330,815,813,685
4.286187410354614,330,815,813,685
4.286187410354614,330,815,813,684
4.286187410354614,330,814,813,685
4.286187410354614,331,814,813,685
4.286187410354614,331,814,813,684
4.286187410354614,331,814,813,684
4.286187410354614,331,813,813,685
4.286187410354614,330,813,813,685
4.286187410354614,330,813,813,685
4.286187410354614,330,813,813,685
4.286187410354614,330,813,813,685
4.286187410354614,329,813,813,685
4.286187410354614,329,813,813,685
4.300276517868042,328,813,813,685
4.300276517868042,327,813,813,685
4.300276517868042,327,814,813,685
4.300276517868042,326,813,813,685
4.300276517868042,325,813,813,685
4.300276517868042,324,813,813,685
4.300276517868042,323,813,813,685
4.3064281940460205,323,813,813,685
4.3064281940460205,322,813,813,685
4.308437824249268,321,813,806,683
4.308437824249268,320,813,806,682
4.31044602394104,319,813,806,682
4.31044602394104,318,812,806,681
4.31044602394104,317,811,806,681
4.312452793121338,316,810,806,681
4.312452793121338,315,809,806,681
4.314456939697266,313,807,806,681
4.314456939697266,312,806,806,681
4.316202878952026,311,805,806,681
4.316202878952026,311,805,806,681
4.316202878952026,310,804,806,681
4.316202878952026,308,805,806,682
4.316202878952026,307,805,806,682
4.316202878952026,306,805,806,682
4.316202878952026,305,805,806,682
4.316202878952026,304,806,806,682
4.316202878952026,303,806,806,682
4.316202878952026,302,806,806,682
4.316202878952026,301,807,806,681
4.316202878952026,300,807,806,681
4.316202878952026,299,807,806,681
4.316202878952026,299,807,807,681
4.316202878952026,298,807,807,681
4.316202878952026,297,806,807,681
4.316202878952026,296,806,807,682
4.331977367401123,296,806,807,682
4.332621097564697,295,806,807,682
4.332621097564697,295,806,807,682
4.332621097564697,294,806,807,682
4.332621097564697,293,807,807,682
4.332621097564697,293,807,807,682
4.332621097564697,293,808,807,682
4.337882041931152,292,808,807,682
4.337882041931152,292,808,807,682
4.337882041931152,292,807,807,682
4.337882041931152,292,808,807,682
4.337882041931152,291,808,807,681
4.337882041931152,291,807,807,682
4.337882041931152,291,808,807,682
4.337882041931152,291,808,807,681
4.337882041931152,291,808,807,681
4.337882041931152,290,808,807,681
4.337882041931152,290,808,807,681
4.347830295562744,291,808,813,683
4.347830295562744,291,807,813,683
4.347830295562744,291,807,813,684
4.347830295562744,292,808,813,684
4.347830295562744,292,808,813,684
4.347830295562744,292,810,813,685
4.347830295562744,293,810,813,685
4.347830295562744,293,811,813,685
4.347830295562744,294,812,813,685
4.347830295562744,294,813,813,685
4.347830295562744,295,814,813,684
4.347830295562744,296,814,813,684
4.347830295562744,297,814,813,684
4.347830295562744,297,815,813,684
4.347830295562744,298,814,813,684
4.347830295562744,298,814,813,684
4.347830295562744,299,814,813,684
4.363606929779053,300,813,813,684
4.363606929779053,301,813,813,684
4.363606929779053,301,813,813,684
4.363606929779053,302,813,813,684
4.363606929779053,303,813,813,684
4.363606929779053,303,813,819,685
4.363606929779053,304,814,819,686
4.363606929779053,305,813,819,686
4.363606929779053,306,814,819,687
4.363606929779053,308,814,819,687
4.363606929779053,308,815,819,687
4.363606929779053,310,816,819,687
4.363606929779053,311,817,819,688
4.363606929779053,312,818,819,687
4.363606929779053,312,818,819,687
4.363606929779053,313,819,819,687
4.363606929779053,314,819,819,687
4.379619359970093,315,819,819,687
4.379619359970093,316,819,819,687
4.379619359970093,317,819,819,687
4.379619359970093,318,819,819,687
4.379619359970093,318,818,819,687
4.379619359970093,319,818,819,688
4.379619359970093,319,818,819,688
4.379619359970093,320,818,819,688
4.379619359970093,321,818,819,688
4.379619359970093,321,819,819,688
4.379619359970093,322,819,819,688
4.379619359970093,322,820,819,688
4.379619359970093,322,820,819,687
4.379619359970093,323,820,819,687
4.379619359970093,323,820,819,687
4.379619359970093,324,820,819,687
4.379619359970093,324,819,819,687
4.379619359970093,324,819,819,687
4.39538311958313,324,818,819,687
4.39538311958313,325,818,819,687
4.39538311958313,325,818,819,688
4.39538311958313,325,817,819,688
4.39538311958313,325,817,819,688
4.39538311958313,325,817,819,688
4.39538311958313,325,818,819,688
4.39538311958313,324,818,819,688
4.39538311958313,324,819,819,688
4.39538311958313,324,819,819,688
4.39538311958313,323,819,819,688
4.39538311958313,323,819,819,688
4.39538311958313,323,819,819,688
4.39538311958313,322,819,819,688
4.39538311958313,322,819,814,687
4.39538311958313,321,819,814,686
4.39538311958313,321,818,814,686
4.411129951477051,320,818,814,686
4.411129951477051,319,818,814,686
4.411129951477051,318,817,814,686
4.411129951477051,318,816,814,686
4.411129951477051,317,815,814,685
4.411129951477051,316,815,814,685
4.411129951477051,315,815,814,685
4.411129951477051,315,815,814,685
4.411129951477051,314,814,814,685
4.411129951477051,313,814,814,685
4.411129951477051,312,813,814,686
4.411129951477051,312,812,814,686
4.411129951477051,311,812,814,686
4.411129951477051,309,812,814,686
4.411129951477051,309,813,814,686
4.411129951477051,307,813,814,686
4.411129951477051,307,813,814,686
4.4269118309021,306,814,814,686
4.4269118309021,305,814,814,686
4.4269118309021,305,814,812,686
4.4269118309021,304,815,812,686
4.4269118309021,303,815,812,685
4.4269118309021,302,814,812,685
4.4269118309021,301,814,812,685
4.4269118309021,300,814,812,685
4.4269118309021,299,813,812,685
4.4269118309021,299,813,812,685
4.4269118309021,298,813,812,685
4.4269118309021,297,813,812,685
4.43791389465332,297,813,812,684
4.43791389465332,296,812,812,684
4.43791389465332,296,812,812,685
4.43791389465332,295,812,812,685
4.43791389465332,294,812,812,685
4.43791389465332,294,813,812,685
4.442836284637451,294,812,812,684
4.442836284637451,293,812,812,685
4.442836284637451,293,812,812,685
4.442836284637451,293,812,812,684
4.442836284637451,292,813,812,684
4.442836284637451,292,813,812,684
4.442836284637451,344,813,816,685
4.442836284637451,344,813,816,685
4.442836284637451,344,812,816,686
4.442836284637451,344,812,816,686
4.442836284637451,292,812,816,686
4.442836284637451,292,813,816,687
4.442836284637451,292,814,816,687
4.442836284637451,292,815,816,687
4.442836284637451,292,816,816,687
4.442836284637451,292,816,816,687
4.442836284637451,292,817,816,686
4.458599805831909,293,817,816,686
4.458599805831909,293,818,816,686
4.458599805831909,294,817,816,686
4.458599805831909,294,817,816,686
4.458599805831909,294,816,816,686
4.458599805831909,295,816,816,686
4.458599805831909,295,816,816,686
4.458599805831909,295,815,816,686
4.458599805831909,296,816,816,686
4.458599805831909,297,816,816,686
4.458599805831909,297,816,821,687
4.458599805831909,298,816,821,688
4.458599805831909,298,816,821,688
4.458599805831909,299,816,821,688
4.458599805831909,299,817,821,689
4.458599805831909,300,818,821,689
4.458599805831909,301,819,821,689
4.458599805831909,302,819,821,689
4.47531533241272,302,820,821,689
4.47531533241272,303,821,821,689
4.47531533241272,304,822,821,689
4.477198839187622,305,822,821,688
4.477198839187622,305,822,821,688
4.477198839187622,306,822,821,688
4.477198839187622,307,822,821,688
4.477198839187622,308,822,821,688
4.477198839187622,309,821,821,688
4.477198839187622,309,821,821,688
4.477198839187622,310,820,821,689
4.477198839187622,311,820,821,689
4.477198839187622,312,820,821,689
4.477198839187622,312,820,821,689
4.477198839187622,313,820,824,690
4.477198839187622,313,821,824,690
4.477198839187622,314,821,824,690
4.490735769271851,314,822,824,690
4.490735769271851,315,822,824,690
4.490735769271851,316,823,824,690
4.490735769271851,316,823,824,690
4.490735769271851,317,823,824,690
4.490735769271851,317,823,824,690
4.490735769271851,318,823,824,690
4.490735769271851,318,824,824,690
4.490735769271851,319,824,824,690
4.4986042976379395,319,823,824,691
4.4986042976379395,320,823,824,691
4.4986042976379395,320,823,824,691
4.4986042976379395,320,823,824,691
4.4986042976379395,320,823,824,691
4.4986042976379395,320,823,824,691
4.4986042976379395,320,824,824,691
4.505246877670288,320,824,824,691
4.505246877670288,320,824,824,691
4.506773233413696,320,824,824,691
4.508311986923218,370,825,820,689
4.508919954299927,370,825,820,689
4.50970983505249,370,825,820,689
4.50970983505249,370,824,820,689
4.50970983505249,369,823,820,688
4.50970983505249,318,823,820,688
4.50970983505249,318,822,820,688
4.50970983505249,317,821,820,688
4.50970983505249,317,820,820,689
4.50970983505249,317,819,820,689
4.50970983505249,316,818,820,689
4.50970983505249,316,819,820,689
4.50970983505249,315,819,820,689
4.50970983505249,315,819,820,689
4.50970983505249,314,819,820,689
4.50970983505249,314,820,820,689
4.522720813751221,313,820,820,689
4.522720813751221,312,820,820,689
4.522720813751221,311,820,820,689
4.522720813751221,311,820,820,689
4.522720813751221,310,820,820,689
4.522720813751221,309,820,820,689
4.522720813751221,309,820,816,688
4.522720813751221,308,820,816,688
4.522720813751221,307,820,816,687
4.522720813751221,307,820,816,687
4.522720813751221,306,820,816,687
4.522720813751221,305,819,816,687
4.522720813751221,304,818,816,687
4.522720813751221,304,817,816,687
4.522720813751221,303,817,816,687
4.522720813751221,302,816,816,687
4.522720813751221,301,816,816,687
4.538079500198364,301,816,816,687
4.538079500198364,300,816,816,687
4.538079500198364,300,816,816,687
4.540098667144775,299,816,816,687
4.540098667144775,299,816,816,687
4.540098667144775,298,816,816,687
4.540098667144775,297,816,816,687
4.540098667144775,297,815,816,687
4.540098667144775,296,816,816,687
4.540098667144775,296,816,816,687
4.540098667144775,295,816,816,687
4.540098667144775,295,816,816,687
4.540098667144775,347,816,818,688
4.540098667144775,346,816,818,688
4.540098667144775,346,817,818,688
4.540098667144775,346,817,818,688
4.540098667144775,293,817,818,688
4.540098667144775,293,818,818,688
4.553936958312988,293,818,818,688
4.5552167892456055,293,819,818,688
4.5552167892456055,292,819,818,687
4.5552167892456055,292,819,818,687
4.5552167892456055,292,819,818,687
4.5552167892456055,292,819,818,687
4.5552167892456055,292,819,818,687
4.5552167892456055,292,818,818,687
4.5552167892456055,292,818,818,687
4.5552167892456055,293,817,818,687
4.5552167892456055,293,817,818,688
4.5552167892456055,293,817,818,688
4.5552167892456055,293,818,818,688
4.5552167892456055,293,817,818,688
4.5552167892456055,293,818,818,688
4.5552167892456055,294,819,818,688
4.5552167892456055,294,819,823,689
4.569677352905273,294,819,823,689
4.570898056030273,295,820,823,689
4.570898056030273,295,820,823,689
4.570898056030273,296,820,823,690
4.570898056030273,296,821,823,690
4.570898056030273,297,821,823,690
4.570898056030273,297,822,823,690
4.570898056030273,298,822,823,690
4.570898056030273,299,823,823,690
4.570898056030273,299,823,823,690
4.570898056030273,300,823,823,690
4.570898056030273,300,823,823,690
4.570898056030273,301,823,823,690
4.570898056030273,301,823,823,690
4.570898056030273,302,823,823,690
4.570898056030273,303,823,823,690
4.570898056030273,303,823,823,690
4.570898056030273,303,823,823,690
4.5855560302734375,304,823,823,690
4.5855560302734375,304,823,823,690
4.5855560302734375,305,823,823,690
4.5855560302734375,305,824,825,690
4.5855560302734375,306,824,825,690
4.5855560302734375,307,824,825,690
4.5855560302734375,308,823,825,691
4.5855560302734375,309,823,825,691
4.5855560302734375,309,823,825,691
4.5855560302734375,310,824,825,691
4.5855560302734375,310,824,825,691
4.5855560302734375,310,825,825,691
4.5855560302734375,311,825,825,691
4.5855560302734375,311,825,825,691
4.5855560302734375,312,825,825,691
4.5855560302734375,312,825,825,691
4.5855560302734375,313,825,825,691
4.5855560302734375,314,825,825,691
4.601370811462402,314,825,825,691
4.603010892868042,314,825,825,691
4.603010892868042,315,825,825,691
4.603010892868042,315,825,825,691
4.603010892868042,315,825,825,691
4.603010892868042,315,825,825,691
4.603010892868042,315,825,825,691
4.603010892868042,316,825,825,691
4.603010892868042,316,825,825,691
4.603010892868042,316,825,825,691
4.603010892868042,316,825,825,691
4.603010892868042,316,825,825,691
4.603010892868042,316,824,825,691
4.603010892868042,316,825,825,691
4.603010892868042,316,824,825,691
4.603010892868042,316,824,825,691
4.603010892868042,315,824,825,691
4.617141246795654,315,825,825,691
4.617141246795654,315,825,825,691
4.617141246795654,315,825,825,691
4.617141246795654,315,825,825,691
4.617141246795654,315,824,825,691
4.617141246795654,314,824,825,691
4.617141246795654,314,824,825,691
4.617141246795654,314,823,825,692
4.617141246795654,313,823,825,692
4.617141246795654,313,824,825,692
4.617141246795654,313,824,825,692
4.617141246795654,312,824,825,692
4.617141246795654,312,825,821,691
4.617141246795654,311,825,821,691
4.617141246795654,311,825,821,690
4.617141246795654,310,825,821,690
4.617141246795654,309,826,821,689
4.632988691329956,309,825,821,689
4.633905410766602,308,824,821,689
4.6347174644470215,307,823,821,689
4.6347174644470215,306,822,821,689
4.6347174644470215,306,821,821,689
4.6347174644470215,306,820,821,689
4.63850736618042,305,820,821,690
4.63850736618042,305,819,821,690
4.63850736618042,304,819,821,690
4.63850736618042,303,820,821,690
4.63850736618042,303,820,821,690
4.63850736618042,302,821,821,690
4.63850736618042,301,821,821,690
4.63850736618042,301,822,821,690
4.63850736618042,300,821,821,690
4.63850736618042,300,821,821,690
4.63850736618042,299,821,821,690
4.63850736618042,351,821,820,690
4.6489644050598145,351,822,820,689
4.6489644050598145,350,822,820,689
4.6489644050598145,350,822,820,689
4.6489644050598145,349,822,820,689
4.6489644050598145,296,821,820,689
4.6489644050598145,296,821,820,689
4.6489644050598145,295,820,820,689
4.6489644050598145,295,820,820,689
4.6489644050598145,295,820,820,689
4.6489644050598145,295,820,820,689
4.6489644050598145,294,820,820,689
4.6489644050598145,294,820,820,689
4.6489644050598145,294,820,820,689
4.6489644050598145,294,820,820,689
4.6489644050598145,294,820,820,689
4.6489644050598145,294,820,820,689
4.6489644050598145,293,820,820,689
4.6489644050598145,293,819,820,689
4.664865016937256,293,820,820,689
4.666408061981201,293,820,820,689
4.667258024215698,293,820,820,689
4.667258024215698,293,821,820,689
4.667258024215698,293,821,824,690
4.667258024215698,294,821,824,690
4.667258024215698,294,821,824,690
4.667258024215698,294,821,824,691
4.667258024215698,294,822,824,691
4.667258024215698,294,822,824,691
4.667258024215698,294,823,824,691
4.667258024215698,295,824,824,691
4.667258024215698,295,824,824,691
4.667258024215698,295,824,824,691
4.667258024215698,296,824,824,691
4.667258024215698,296,825,824,691
4.667258024215698,296,825,824,690
4.680642127990723,296,825,824,690
4.680642127990723,297,825,824,690
4.680642127990723,297,825,824,690
4.680642127990723,298,824,824,690
4.680642127990723,298,823,824,690
4.680642127990723,299,823,824,691
4.680642127990723,300,823,824,691
4.680642127990723,300,823,824,691
4.680642127990723,300,823,824,691
4.680642127990723,301,824,827,692
4.680642127990723,301,824,827,692
4.680642127990723,302,825,827,692
4.680642127990723,302,825,827,692
4.680642127990723,303,826,827,692
4.680642127990723,304,826,827,692
4.680642127990723,304,826,827,692
4.680642127990723,305,827,827,692
4.696303367614746,305,827,827,692
4.696303367614746,306,827,827,692
4.696303367614746,306,827,827,692
4.696303367614746,307,827,827,692
4.696303367614746,307,827,827,692
4.696303367614746,308,827,827,692
4.696303367614746,308,826,827,692
4.696303367614746,309,826,827,692
4.696303367614746,309,826,827,692
4.696303367614746,309,826,827,693
4.696303367614746,310,827,827,692
4.696303367614746,310,827,827,692
4.696303367614746,311,827,827,692
4.696303367614746,311,827,827,692
4.696303367614746,311,827,828,693
4.696303367614746,312,827,828,693
4.696303367614746,312,827,828,693
4.696303367614746,312,827,828,693
4.712076663970947,313,827,828,693
4.712076663970947,313,827,828,693
4.712076663970947,313,828,828,693
4.712076663970947,313,828,828,693
4.712076663970947,313,828,828,693
4.717132568359375,313,828,828,693
4.717132568359375,313,828,828,693
4.717132568359375,313,828,828,693
4.717132568359375,313,828,828,693
4.717132568359375,313,828,828,693
4.717132568359375,313,828,828,693
4.717132568359375,313,828,828,693
4.717132568359375,313,828,828,693
4.717132568359375,313,828,828,693
4.717132568359375,313,828,828,693
4.717132568359375,313,828,828,693
4.717132568359375,313,828,828,693
4.717132568359375,312,828,828,693
4.728102445602417,312,828,824,692
4.728102445602417,312,828,824,692
4.728102445602417,311,827,824,691
4.728102445602417,311,827,824,691
4.728102445602417,310,826,824,691
4.728102445602417,310,826,824,691
4.728102445602417,310,825,824,691
4.728102445602417,309,825,824,691
4.728102445602417,309,824,824,691
4.728102445602417,308,824,824,691
4.728102445602417,308,824,824,691
4.738870620727539,307,824,824,691
4.738870620727539,307,823,824,691
4.738870620727539,307,823,824,691
4.738870620727539,306,823,824,692
4.738870620727539,305,823,824,692
4.738870620727539,305,823,824,692
4.744487524032593,305,823,824,692
4.745304584503174,304,823,824,692
4.745304584503174,303,824,824,692
4.745304584503174,303,824,824,692
4.745304584503174,302,825,824,692
4.745304584503174,354,825,823,691
4.745304584503174,354,825,823,691
4.745304584503174,353,825,823,691
4.745304584503174,353,825,823,691
4.745304584503174,300,825,823,691
4.745304584503174,299,825,823,690
4.745304584503174,299,824,823,690
4.745304584503174,298,824,823,690
4.745304584503174,298,823,823,691
4.745304584503174,298,823,823,691
4.745304584503174,297,822,823,691
4.745304584503174,297,822,823,691
4.759538173675537,297,822,823,691
4.759538173675537,297,823,823,691
4.759538173675537,296,823,823,691
4.759538173675537,296,823,823,691
4.759538173675537,295,823,823,691
4.759538173675537,295,823,823,691
4.759538173675537,295,823,823,691
4.759538173675537,295,824,823,691
4.759538173675537,294,824,823,691
4.759538173675537,294,823,823,691
4.759538173675537,347,824,825,691
4.759538173675537,347,824,825,691
4.759538173675537,347,824,825,691
4.759538173675537,347,824,825,691
4.759538173675537,294,824,825,691
4.759538173675537,294,824,825,691
4.759538173675537,294,824,825,692
4.775200128555298,294,824,825,692
4.775200128555298,294,824,825,692
4.775200128555298,294,824,825,692
4.775200128555298,294,824,825,692
4.775200128555298,294,825,825,692
4.775200128555298,295,826,825,692
4.775200128555298,295,826,825,691
4.775200128555298,295,826,825,691
4.775200128555298,295,826,825,691
4.775200128555298,295,826,825,691
4.775200128555298,295,825,825,691
4.775200128555298,295,825,825,691
4.775200128555298,296,824,825,691
4.775200128555298,296,824,825,692
4.775200128555298,297,824,825,692
4.775200128555298,297,824,828,692
4.775200128555298,298,825,828,693
4.790981769561768,298,825,828,693
4.790981769561768,298,826,828,693
4.792432546615601,299,826,828,693
4.792432546615601,299,827,828,693
4.792432546615601,300,828,828,693
4.792432546615601,300,828,828,693
4.792432546615601,301,828,828,693
4.792432546615601,301,829,828,693
4.792432546615601,301,829,828,693
4.792432546615601,302,828,828,693
4.792432546615601,302,828,828,693
4.792432546615601,303,828,828,693
4.792432546615601,303,828,828,693
4.792432546615601,304,829,828,693
4.792432546615601,304,829,828,693
4.792432546615601,304,828,828,693
4.792432546615601,305,828,828,693
4.792432546615601,305,828,828,693
4.792432546615601,306,828,828,693
4.80698561668396,306,828,828,693
4.80698561668396,306,828,828,693
4.80698561668396,307,828,828,693
4.80698561668396,307,828,828,693
4.80698561668396,308,828,828,693
4.80698561668396,308,828,828,693
4.80698561668396,308,828,828,693
4.80698561668396,309,828,828,693
4.80698561668396,309,828,828,693
4.80698561668396,309,828,828,693
4.80698561668396,309,828,828,693
4.80698561668396,310,828,828,693
4.80698561668396,310,828,828,693
4.80698561668396,310,828,828,693
4.80698561668396,310,828,828,693
4.80698561668396,310,828,828,693
4.80698561668396,310,828,828,693
4.822679281234741,311,828,828,693
4.8239240646362305,311,828,828,693
4.8239240646362305,310,828,828,693
4.8239240646362305,310,828,828,693
4.8239240646362305,310,828,828,693
4.8239240646362305,310,828,828,693
4.8239240646362305,310,828,828,693
4.8239240646362305,362,828,827,693
4.8239240646362305,362,828,827,693
4.8239240646362305,362,828,827,692
4.8239240646362305,362,828,827,692
4.8239240646362305,310,828,827,692
4.8239240646362305,310,828,827,692
4.8239240646362305,310,827,827,692
4.8239240646362305,310,826,827,692
4.8239240646362305,310,826,827,693
4.8239240646362305,310,825,827,693
4.8239240646362305,309,825,827,693
4.838849306106567,309,825,827,693
4.838849306106567,309,826,827,693
4.840608596801758,309,826,827,693
4.84197998046875,308,827,827,693
4.842248916625977,308,827,827,693
4.842248916625977,308,827,827,693
4.842248916625977,307,827,827,693
4.842248916625977,307,827,827,693
4.842248916625977,307,827,827,693
4.842248916625977,306,827,827,693
4.842248916625977,306,827,827,693
4.842248916625977,358,827,826,693
4.842248916625977,357,827,826,693
4.842248916625977,357,827,826,693
4.842248916625977,356,827,826,693
4.842248916625977,303,827,826,692
4.842248916625977,303,827,826,692
4.842248916625977,302,827,826,692
4.854525804519653,302,827,826,692
4.854525804519653,302,826,826,692
4.854525804519653,301,826,826,692
4.854525804519653,301,826,826,692
4.854525804519653,301,826,826,692
4.854525804519653,300,826,826,692
4.854525804519653,300,825,826,693
4.854525804519653,300,825,826,693
4.854525804519653,299,825,826,693
4.854525804519653,299,825,826,693
4.854525804519653,299,826,826,693
4.854525804519653,298,826,826,693
4.854525804519653,298,826,826,693
4.854525804519653,297,826,826,693
4.854525804519653,297,827,826,693
4.854525804519653,350,827,825,692
4.854525804519653,350,828,825,692
4.870218276977539,350,828,825,692
4.870218276977539,349,827,825,691
4.870218276977539,296,827,825,691
4.870218276977539,296,826,825,691
4.870218276977539,296,825,825,691
4.870218276977539,296,825,825,692
4.870218276977539,295,824,825,692
4.870218276977539,295,824,825,692
4.870218276977539,295,824,825,692
4.870218276977539,295,824,825,692
4.870218276977539,295,824,825,692
4.870218276977539,295,825,825,692
4.870218276977539,295,825,825,692
4.870218276977539,295,826,825,692
4.870218276977539,295,826,825,691
4.870218276977539,295,826,825,691
4.870218276977539,295,825,825,692
4.88676381111145,295,825,825,692
4.88676381111145,295,825,825,692
4.88676381111145,295,825,825,692
4.88676381111145,295,825,829,692
4.88676381111145,295,825,829,693
4.88676381111145,295,825,829,693
4.88676381111145,296,826,829,693
4.88676381111145,296,826,829,694
4.88676381111145,296,827,829,694
4.88676381111145,296,827,829,694
4.88676381111145,297,828,829,694
4.88676381111145,297,828,829,694
4.88676381111145,297,829,829,694
4.88676381111145,297,830,829,694
4.88676381111145,298,830,829,693
4.88676381111145,298,830,829,693
4.88676381111145,298,830,829,693
4.9015069007873535,299,830,829,693
4.9015069007873535,299,829,829,693
4.9015069007873535,300,828,829,693
4.9015069007873535,300,828,829,694
4.9015069007873535,300,828,829,694
4.9015069007873535,301,828,829,694
4.9015069007873535,301,828,829,694
4.9015069007873535,301,828,829,694
4.9015069007873535,302,829,829,694
4.9015069007873535,302,829,829,694
4.9015069007873535,302,830,829,694
4.9015069007873535,303,830,829,694
4.9015069007873535,303,830,829,693
4.9015069007873535,304,830,829,693
4.9015069007873535,304,830,829,693
4.9015069007873535,304,830,829,693
4.9015069007873535,305,829,829,693
4.9015069007873535,305,829,829,693
4.917532682418823,305,828,829,693
4.917532682418823,306,828,829,694
4.9199628829956055,306,828,829,694
4.9199628829956055,306,828,829,694
4.921192407608032,307,828,829,694
4.921192407608032,307,829,829,694
4.921192407608032,307,829,829,694
4.921192407608032,307,830,829,693
4.921192407608032,308,830,829,693
4.921192407608032,308,830,829,693
4.921192407608032,308,830,829,693
4.921192407608032,308,829,829,693
4.921192407608032,361,829,831,694
4.921192407608032,361,828,831,694
4.921192407608032,361,828,831,694
4.921192407608032,361,829,831,695
4.921192407608032,309,829,831,695
4.933268785476685,309,829,831,695
4.933268785476685,309,830,831,695
4.933268785476685,309,830,831,695
4.933268785476685,309,831,831,695
4.933268785476685,309,831,831,695
4.933268785476685,310,831,831,695
4.93899130821228,309,831,831,695
4.93899130821228,309,831,831,695
4.93899130821228,309,831,831,695
4.93899130821228,309,831,831,695
4.93899130821228,309,831,831,695
4.93899130821228,308,831,831,695
4.93899130821228,308,831,831,695
4.93899130821228,308,831,831,695
4.93899130821228,308,831,831,695
4.93899130821228,307,831,831,695
4.93899130821228,307,831,831,695
4.949014902114868,307,831,826,694
4.949014902114868,306,831,826,693
4.949014902114868,306,831,826,693
4.949014902114868,306,831,826,692
4.949014902114868,305,830,826,692
4.949014902114868,305,829,826,692
4.949014902114868,305,828,826,692
4.949014902114868,305,827,826,692
4.949014902114868,304,826,826,692
4.949014902114868,304,825,826,692
4.949014902114868,304,825,826,692
4.949014902114868,303,825,826,692
4.949014902114868,303,825,826,693
4.949014902114868,302,825,826,693
4.949014902114868,302,825,826,693
4.949014902114868,301,825,826,693
4.949014902114868,301,826,826,693
4.949014902114868,301,826,826,693
4.964970827102661,300,827,826,692
4.964970827102661,300,827,826,692
4.964970827102661,300,827,826,692
4.964970827102661,300,827,826,692
4.964970827102661,299,826,828,693
4.964970827102661,299,825,828,693
4.964970827102661,299,825,828,693
4.964970827102661,298,825,828,694
4.964970827102661,298,825,828,694
4.964970827102661,298,826,828,694
4.964970827102661,298,827,828,694
4.964970827102661,297,827,828,694
4.964970827102661,297,828,828,694
4.964970827102661,297,828,828,694
4.964970827102661,297,828,828,694
4.964970827102661,297,829,828,694
4.964970827102661,297,829,828,694
4.9806060791015625,297,829,828,693
4.982167482376099,297,829,828,693
4.982556581497192,296,829,828,693
4.983507394790649,296,828,828,693
4.983507394790649,296,828,828,693
4.983507394790649,296,827,828,694
4.983507394790649,296,827,828,694
4.983507394790649,296,827,828,694
4.983507394790649,295,827,828,694
4.983507394790649,296,827,827,694
4.983507394790649,296,828,827,694
4.983507394790649,296,828,827,693
4.983507394790649,296,829,827,693
4.983507394790649,296,829,827,693
4.983507394790649,296,829,827,693
4.983507394790649,296,828,827,693
4.983507394790649,296,828,827,693
4.996326446533203,296,828,827,693
4.996326446533203,296,827,827,693
4.996326446533203,297,827,827,693
4.996326446533203,297,827,827,693
4.996326446533203,297,827,827,693
4.996326446533203,297,827,827,693
4.996326446533203,297,827,827,693
4.996326446533203,298,827,827,693
4.996326446533203,298,827,827,693
4.996326446533203,298,828,827,693
4.996326446533203,298,828,827,693
4.996326446533203,299,827,827,693
4.996326446533203,299,827,827,693
4.996326446533203,299,827,827,693
4.996326446533203,299,827,832,694
4.996326446533203,300,827,832,694
4.996326446533203,300,827,832,695
4.996326446533203,301,828,832,695
5.012253761291504,301,828,832,695
5.013433933258057,301,829,832,696
5.014153480529785,301,830,832,696
5.014153480529785,302,830,832,696
5.014153480529785,302,831,832,696
5.016914367675781,303,832,832,696
5.016914367675781,303,832,832,695
5.016914367675781,304,833,832,695
5.016914367675781,304,833,832,695
5.016914367675781,304,833,832,695
5.016914367675781,305,833,832,695
5.016914367675781,305,833,832,695
5.016914367675781,305,832,832,695
5.016914367675781,306,831,832,695
5.016914367675781,306,831,832,695
5.016914367675781,306,831,832,695
5.016914367675781,306,831,832,695
5.027976989746094,306,831,832,696
5.027976989746094,359,831,829,695
5.027976989746094,360,831,829,695
5.027976989746094,360,831,829,694
5.027976989746094,360,832,829,694
5.027976989746094,307,832,829,694
5.027976989746094,307,831,829,694
5.027976989746094,308,831,829,694
5.027976989746094,308,830,829,694
5.027976989746094,308,830,829,694
5.027976989746094,308,829,829,694
5.027976989746094,308,829,829,694
5.039161920547485,308,829,829,694
5.039161920547485,309,829,829,694
5.039161920547485,309,829,829,694
5.039161920547485,309,829,829,694
5.039161920547485,308,829,829,694
5.039161920547485,308,829,829,694
5.044651985168457,308,829,829,694
5.045222997665405,308,829,829,694
5.045222997665405,308,829,829,694
5.045222997665405,308,829,829,694
5.045222997665405,308,829,829,694
5.045222997665405,308,829,831,694
5.045222997665405,308,829,831,694
5.045222997665405,307,829,831,695
5.045222997665405,307,829,831,695
5.045222997665405,307,829,831,695
5.045222997665405,306,829,831,695
5.045222997665405,306,829,831,695
5.045222997665405,306,830,831,695
5.045222997665405,306,830,831,695
5.045222997665405,306,830,831,695
5.045222997665405,305,830,831,695
5.045222997665405,305,831,831,695
5.059611082077026,305,831,831,695
5.059611082077026,305,831,831,695
5.059611082077026,304,831,831,695
5.059611082077026,304,831,831,695
5.059611082077026,304,830,831,695
5.059611082077026,304,830,831,696
5.059611082077026,303,830,831,696
5.059611082077026,303,830,831,696
5.059611082077026,303,830,831,696
5.059611082077026,302,830,831,696
5.059611082077026,355,831,825,694
5.059611082077026,355,831,825,694
5.059611082077026,354,832,825,693
5.059611082077026,354,832,825,692
5.059611082077026,300,831,825,692
5.059611082077026,300,830,825,692
5.059611082077026,300,828,825,692
5.075297117233276,300,827,825,691
5.075297117233276,299,826,825,692
5.075297117233276,299,825,825,692
5.075297117233276,299,825,825,692
5.075297117233276,298,824,825,692
5.075297117233276,298,824,825,692
5.075297117233276,298,824,825,692
5.075297117233276,298,824,825,692
5.075297117233276,298,824,825,692
5.075297117233276,298,825,825,692
5.075297117233276,297,825,825,692
5.075297117233276,297,825,825,692
5.075297117233276,297,825,825,692
5.075297117233276,297,825,825,692
5.075297117233276,297,825,825,692
5.075297117233276,349,825,832,694
5.075297117233276,349,825,832,695
5.075297117233276,349,826,832,695
5.091310739517212,349,826,832,695
5.091310739517212,296,827,832,696
5.091310739517212,296,828,832,696
5.091310739517212,297,829,832,696
5.091310739517212,297,830,832,696
5.091310739517212,297,832,832,696
5.091310739517212,297,832,832,696
5.091310739517212,297,832,832,696
5.091310739517212,297,833,832,696
5.091310739517212,297,833,832,696
5.091310739517212,297,833,832,696
5.091310739517212,297,833,832,695
5.091310739517212,298,833,832,695
5.091310739517212,298,833,832,695
5.091310739517212,298,832,832,695
5.091310739517212,298,832,832,695
5.091310739517212,298,832,832,695
5.107174396514893,298,831,832,695
5.1084442138671875,298,831,832,696
5.1084442138671875,298,831,828,695
5.1084442138671875,298,831,828,695
5.1084442138671875,299,831,828,694
5.1084442138671875,299,832,828,694
5.1084442138671875,299,832,828,694
5.1084442138671875,299,831,828,693
5.1084442138671875,299,831,828,693
5.1084442138671875,300,830,828,693
5.1084442138671875,300,829,828,693
5.1084442138671875,300,829,828,693
5.1084442138671875,300,828,828,693
5.1084442138671875,301,828,828,693
5.1084442138671875,301,828,828,693
5.1084442138671875,301,828,828,693
5.1084442138671875,301,827,828,693
5.1084442138671875,302,827,828,693
5.123175859451294,302,827,828,694
5.123175859451294,302,827,828,694
5.123175859451294,302,827,828,694
5.123175859451294,303,827,828,694
5.123175859451294,303,828,828,694
5.123175859451294,303,828,828,694
5.123175859451294,303,828,834,695
5.123175859451294,303,829,834,696
5.123175859451294,304,830,834,696
5.123175859451294,304,830,834,696
5.123175859451294,304,831,834,696
5.123175859451294,304,831,834,696
5.123175859451294,305,832,834,696
5.123175859451294,305,833,834,697
5.123175859451294,305,833,834,696
5.123175859451294,306,833,834,697
5.123175859451294,306,833,834,697
5.138911247253418,306,834,834,697
5.139941453933716,306,834,834,696
5.139941453933716,306,834,834,696
5.141956806182861,306,834,834,696
5.141956806182861,307,834,834,696
5.141956806182861,307,833,834,696
5.141956806182861,307,833,834,697
5.141956806182861,306,833,834,697
5.141956806182861,306,833,834,697
5.141956806182861,306,833,834,697
5.141956806182861,306,833,834,697
5.141956806182861,359,833,828,696
5.141956806182861,359,834,828,695
5.141956806182861,359,834,828,695
5.141956806182861,359,834,828,694
5.141956806182861,306,834,828,694
5.141956806182861,306,833,828,693
5.154775142669678,306,832,828,693
5.154775142669678,306,830,828,693
5.154775142669678,306,829,828,693
5.154775142669678,306,829,828,693
5.154775142669678,305,828,828,693
5.154775142669678,305,827,828,693
5.154775142669678,305,827,828,693
5.154775142669678,305,827,828,694
5.154775142669678,305,826,828,694
5.154775142669678,304,827,828,694
5.154775142669678,304,827,828,694
5.154775142669678,304,828,828,694
5.154775142669678,304,828,828,694
5.154775142669678,304,828,828,694
5.154775142669678,303,828,828,694
5.154775142669678,303,828,832,695
5.154775142669678,303,829,832,695
5.170548439025879,303,829,832,695
5.170548439025879,303,829,832,695
5.170548439025879,303,829,832,695
5.170548439025879,302,830,832,696
5.170548439025879,302,830,832,696
5.170548439025879,302,830,832,696
5.170548439025879,302,831,832,696
5.170548439025879,302,831,832,696
5.170548439025879,301,832,832,696
5.170548439025879,301,832,832,696
5.170548439025879,301,832,832,696
5.170548439025879,301,833,832,695
5.170548439025879,300,833,832,695
5.170548439025879,300,833,832,695
5.170548439025879,300,832,832,695
5.170548439025879,300,832,832,695
5.170548439025879,299,832,832,695
5.170548439025879,299,831,832,696
5.187074899673462,299,830,832,696
5.187598943710327,299,831,832,696
5.187598943710327,299,831,828,695
5.187598943710327,352,831,828,695
5.187598943710327,352,832,828,694
5.187598943710327,352,832,828,694
5.187598943710327,351,832,828,694
5.187598943710327,298,831,828,694
5.187598943710327,298,831,828,694
5.187598943710327,298,830,828,693
5.187598943710327,297,829,828,693
5.187598943710327,297,829,828,693
5.187598943710327,297,829,828,693
5.187598943710327,297,828,828,694
5.187598943710327,297,828,828,694
5.187598943710327,297,828,828,694
5.187598943710327,297,827,828,694
5.202010631561279,297,827,828,694
5.202010631561279,297,828,828,694
5.202010631561279,297,828,828,694
5.202010631561279,297,828,828,694
5.202010631561279,297,829,828,694
5.202010631561279,297,829,828,693
5.202010631561279,297,829,828,693
5.202010631561279,297,829,832,694
5.202010631561279,297,829,832,694
5.202010631561279,297,829,832,695
5.202010631561279,297,828,832,695
5.202010631561279,297,828,832,695
5.202010631561279,297,829,832,696
5.202010631561279,298,829,832,696
5.202010631561279,298,829,832,696
5.202010631561279,298,830,832,696
5.202010631561279,298,831,832,696
5.217907667160034,298,832,832,696
5.218799352645874,298,833,832,695
5.219290494918823,299,833,832,695
5.219290494918823,299,833,832,695
5.219290494918823,299,833,832,695
5.219290494918823,299,833,832,695
5.219290494918823,300,832,832,695
5.219290494918823,300,832,832,695
5.219290494918823,300,831,832,696
5.219290494918823,300,831,832,696
5.219290494918823,301,831,832,696
5.219290494918823,301,831,832,696
5.219290494918823,354,832,831,695
5.219290494918823,355,832,831,695
5.219290494918823,355,832,831,695
5.219290494918823,355,833,831,695
5.219290494918823,355,832,831,695
5.219290494918823,302,832,831,695
5.23383355140686,302,832,831,695
5.23383355140686,302,831,831,695
5.23383355140686,303,831,831,695
5.23383355140686,303,831,831,695
5.23383355140686,303,831,831,695
5.23383355140686,303,831,831,695
5.239341735839844,303,831,831,695
5.239341735839844,303,831,831,695
5.239341735839844,304,831,831,695
5.239341735839844,304,831,831,695
5.239341735839844,304,831,831,695
5.239341735839844,304,831,831,695
5.239341735839844,304,831,831,695
5.239341735839844,304,831,831,695
5.239341735839844,304,831,831,695
5.239341735839844,304,831,831,695
5.239341735839844,304,831,832,695
5.250305652618408,304,831,832,695
5.250305652618408,305,831,832,695
5.250305652618408,305,831,832,695
5.250305652618408,305,831,832,696
5.250305652618408,305,831,832,696
5.250305652618408,305,831,832,696
5.250305652618408,305,831,832,696
5.250305652618408,305,831,832,696
5.250305652618408,305,831,832,696
5.250305652618408,305,832,832,696
5.250305652618408,305,832,832,696
5.250305652618408,305,832,832,696
5.250305652618408,305,833,832,696
5.250305652618408,305,833,832,696
5.250305652618408,305,833,832,696
5.250305652618408,305,833,832,695
5.250305652618408,305,833,832,695
5.2651941776275635,305,832,832,696
5.2651941776275635,305,832,832,696
5.2651941776275635,305,831,832,696
5.2651941776275635,304,831,832,696
5.2651941776275635,357,831,830,695
5.2651941776275635,357,831,830,695
5.2651941776275635,357,831,830,695
5.2651941776275635,357,832,830,695
5.2651941776275635,356,832,830,695
5.2651941776275635,303,832,830,695
5.2651941776275635,303,831,830,695
5.2651941776275635,303,831,830,695
5.2651941776275635,303,831,830,695
5.2651941776275635,303,830,830,695
5.2651941776275635,302,830,830,695
5.2651941776275635,302,830,830,695
5.2651941776275635,302,830,830,695
5.2651941776275635,302,831,830,695
5.280993938446045,302,831,830,695
5.283011198043823,302,830,830,694
5.283011198043823,302,830,830,695
5.283011198043823,301,830,830,695
5.283011198043823,301,830,830,695
5.283011198043823,301,830,830,695
5.283011198043823,301,830,830,695
5.283011198043823,301,830,830,695
5.283011198043823,300,830,830,695
5.283011198043823,300,830,830,695
5.283011198043823,300,830,830,695
5.283011198043823,300,830,830,695
5.283011198043823,299,831,830,695
5.283011198043823,299,831,830,694
5.283011198043823,299,831,830,694
5.283011198043823,299,830,830,694
5.283011198043823,299,830,830,694
5.296745777130127,298,829,830,694
5.296745777130127,298,829,830,695
5.296745777130127,298,829,830,695
5.296745777130127,298,829,830,695
5.296745777130127,298,829,830,695
5.296745777130127,298,829,830,695
5.296745777130127,298,830,830,695
5.296745777130127,298,830,830,695
5.296745777130127,298,830,830,695
5.296745777130127,298,830,830,695
5.296745777130127,298,830,830,695
5.296745777130127,298,830,830,695
5.296745777130127,297,830,830,695
5.296745777130127,297,830,830,695
5.296745777130127,351,830,831,695
5.296745777130127,351,830,831,695
5.296745777130127,351,831,831,695
5.296745777130127,351,831,831,695
5.312623977661133,297,831,831,695
5.312623977661133,297,831,831,695
5.312623977661133,297,831,831,695
5.312623977661133,297,831,831,695
5.312623977661133,297,831,831,695
5.312623977661133,298,831,831,695
5.312623977661133,298,831,831,695
5.312623977661133,298,831,831,695
5.312623977661133,298,831,831,695
5.312623977661133,298,831,831,695
5.312623977661133,298,831,831,695
5.312623977661133,298,831,831,695
5.312623977661133,298,831,831,695
5.312623977661133,298,831,831,695
5.312623977661133,299,831,831,695
5.312623977661133,299,831,831,695
5.312623977661133,299,831,831,695
5.328286647796631,299,831,831,695
5.328286647796631,299,831,833,695
5.328286647796631,299,831,833,696
5.328286647796631,300,831,833,696
5.328286647796631,300,831,833,696
5.328286647796631,300,831,833,696
5.328286647796631,300,832,833,696
5.328286647796631,300,832,833,696
5.328286647796631,301,833,833,696
5.328286647796631,301,833,833,696
5.328286647796631,301,833,833,696
5.328286647796631,301,833,833,696
5.328286647796631,301,833,833,696
5.339617013931274,301,833,833,696
5.339617013931274,302,834,833,696
5.339617013931274,302,834,833,696
5.339617013931274,302,833,833,696
5.339617013931274,302,833,833,696
5.344373464584351,303,833,833,696
5.344373464584351,303,832,833,696
5.344373464584351,303,833,833,696
5.344373464584351,303,832,833,696
5.344373464584351,303,832,833,696
5.344373464584351,303,832,832,696
5.344373464584351,303,832,832,696
5.344373464584351,303,833,832,696
5.344373464584351,304,833,832,696
5.344373464584351,304,833,832,696
5.344373464584351,304,833,832,696
5.344373464584351,304,833,832,696
5.344373464584351,304,833,832,696
5.344373464584351,304,833,832,696
5.344373464584351,304,833,832,695
5.344373464584351,304,833,832,695
5.344373464584351,304,832,832,696
5.344373464584351,304,832,832,696
5.360142946243286,304,832,832,696
5.360142946243286,304,832,832,696
5.360142946243286,304,832,832,696
5.360142946243286,304,832,832,696
5.360142946243286,304,832,832,696
5.360142946243286,304,832,832,696
5.360142946243286,304,833,832,696
5.360142946243286,304,833,832,695
5.360142946243286,304,833,832,695
5.360142946243286,357,833,832,695
5.360142946243286,357,832,832,695
5.360142946243286,356,832,832,695
5.360142946243286,357,831,832,695
5.360142946243286,356,831,832,696
5.360142946243286,304,831,832,696
5.360142946243286,304,830,832,696
5.360142946243286,303,831,832,696
5.375972747802734,303,831,832,696
5.377497911453247,303,831,832,696
5.377497911453247,303,832,832,696
5.377497911453247,303,832,832,696
5.377497911453247,303,832,832,696
5.377497911453247,303,832,832,696
5.377497911453247,303,833,832,696
5.377497911453247,302,832,832,696
5.377497911453247,302,832,832,696
5.377497911453247,302,833,832,696
5.377497911453247,302,832,832,696
5.377497911453247,302,832,832,696
5.377497911453247,302,832,832,696
5.377497911453247,301,832,832,696
5.377497911453247,301,832,830,695
5.377497911453247,301,832,830,695
5.377497911453247,301,832,830,695
5.391814947128296,301,832,830,695
5.391814947128296,300,832,830,695
5.391814947128296,300,832,830,694
5.391814947128296,300,831,830,694
5.391814947128296,300,831,830,695
5.391814947128296,300,831,830,694
5.391814947128296,299,830,830,694
5.391814947128296,299,830,830,694
5.391814947128296,299,830,830,694
5.391814947128296,299,829,830,695
5.391814947128296,299,829,830,695
5.391814947128296,299,829,830,695
5.391814947128296,299,829,830,695
5.391814947128296,299,829,830,695
5.391814947128296,299,830,830,695
5.391814947128296,298,830,830,695
5.391814947128296,298,830,830,695
5.407516956329346,298,830,830,695
5.407516956329346,298,831,830,695
5.407516956329346,351,831,832,695
5.407516956329346,351,831,832,695
5.407516956329346,351,830,832,696
5.407516956329346,351,831,832,695
5.407516956329346,351,831,832,696
5.407516956329346,298,831,832,696
5.407516956329346,298,831,832,696
5.407516956329346,298,831,832,696
5.407516956329346,298,831,832,696
5.407516956329346,298,831,832,696
5.407516956329346,298,832,832,696
5.407516956329346,298,832,832,696
5.407516956329346,298,832,832,696
5.407516956329346,298,833,832,696
5.407516956329346,298,833,832,696
5.407516956329346,298,833,832,696
5.423233985900879,298,833,832,695
5.423233985900879,298,833,832,695
5.425252199172974,298,832,832,695
5.426202058792114,298,832,832,695
5.426202058792114,299,832,832,695
5.426202058792114,299,831,832,695
5.426202058792114,299,831,832,696
5.426202058792114,299,831,832,696
5.426202058792114,299,831,832,696
5.426202058792114,299,831,832,696
5.426202058792114,299,832,832,696
5.426202058792114,299,832,832,696
5.426202058792114,299,833,832,696
5.426202058792114,299,833,832,696
5.426202058792114,299,833,832,696
5.426202058792114,300,833,832,695
5.426202058792114,300,833,832,695
5.426202058792114,300,833,832,695
5.439489841461182,300,833,832,695
5.439489841461182,300,832,832,695
5.439489841461182,300,832,832,695
5.439489841461182,300,832,832,695
5.439489841461182,300,831,832,695
5.439489841461182,301,831,832,696
5.439489841461182,301,831,832,696
5.439489841461182,301,831,832,696
5.439489841461182,301,831,832,696
5.439489841461182,301,832,832,696
5.439489841461182,301,832,832,696
5.439489841461182,301,833,832,696
5.439489841461182,301,833,832,696
5.439489841461182,301,833,832,695
5.439489841461182,302,833,832,695
5.439489841461182,302,833,832,695
5.439489841461182,302,833,832,695
5.454661130905151,302,832,832,695
5.456542491912842,302,832,832,695
5.457152366638184,302,832,832,695
5.457152366638184,302,832,832,695
5.457152366638184,302,831,832,696
5.457152366638184,303,831,832,696
5.457152366638184,303,831,832,696
5.457152366638184,303,831,832,696
5.457152366638184,303,832,832,696
5.457152366638184,303,832,832,696
5.457152366638184,303,832,832,696
5.457152366638184,303,833,832,695
5.457152366638184,303,832,832,696
5.457152366638184,303,832,832,696
5.457152366638184,303,832,832,696
5.457152366638184,303,832,833,696
5.457152366638184,303,833,833,696
5.470451354980469,303,833,833,696
5.470451354980469,303,833,833,696
5.47246789932251,303,833,833,696
5.47246789932251,303,833,833,696
5.47246789932251,303,833,833,696
5.47246789932251,303,833,833,696
5.47246789932251,303,833,833,696
5.47246789932251,303,833,833,696
5.47246789932251,303,833,833,696
5.47246789932251,303,833,833,696
5.47246789932251,303,833,833,696
5.47246789932251,303,833,833,696
5.47246789932251,303,833,833,696
5.47246789932251,303,833,833,696
5.47246789932251,303,833,833,696
5.47246789932251,302,833,833,696
5.47246789932251,302,833,833,696
5.47246789932251,302,833,833,696
5.486251354217529,302,833,833,696
5.486251354217529,302,833,833,696
5.486251354217529,302,833,833,696
5.486251354217529,302,833,831,695
5.486251354217529,302,832,831,695
5.486251354217529,302,832,831,695
5.486251354217529,301,832,831,695
5.486251354217529,301,832,831,695
5.486251354217529,301,832,831,695
5.486251354217529,301,831,831,695
5.486251354217529,301,831,831,695
5.486251354217529,301,831,831,695
5.486251354217529,301,831,831,695
5.486251354217529,300,830,831,695
5.486251354217529,300,830,831,695
5.486251354217529,300,831,831,696
5.486251354217529,300,831,831,695
5.502047538757324,300,831,831,695
5.502931356430054,300,831,831,695
5.502931356430054,300,831,831,695
5.502931356430054,300,831,831,695
5.502931356430054,300,831,831,695
5.502931356430054,300,831,831,695
5.502931356430054,300,831,831,695
5.502931356430054,299,830,831,695
5.502931356430054,299,830,832,696
5.502931356430054,299,830,832,696
5.502931356430054,299,831,832,696
5.502931356430054,299,831,832,696
5.502931356430054,299,832,832,696
5.502931356430054,298,832,832,696
5.502931356430054,298,832,832,696
5.502931356430054,298,832,832,696
5.502931356430054,298,832,832,696
5.502931356430054,299,832,832,696
5.518680572509766,299,832,832,696
5.518680572509766,299,833,832,696
5.518680572509766,299,833,832,696
5.518680572509766,298,833,832,696
5.518680572509766,298,833,832,695
5.518680572509766,298,833,832,695
5.518680572509766,298,833,832,695
5.518680572509766,298,833,832,695
5.518680572509766,298,833,832,695
5.518680572509766,298,832,832,695
5.518680572509766,298,831,832,695
5.518680572509766,298,831,832,696
5.518680572509766,298,831,832,696
5.518680572509766,299,831,832,696
5.518680572509766,299,831,832,696
5.518680572509766,299,832,832,696
5.518680572509766,298,832,832,696
5.5336689949035645,298,832,832,696
5.5336689949035645,298,833,832,695
5.5336689949035645,298,833,832,695
5.5336689949035645,299,833,832,695
5.5336689949035645,299,833,832,695
5.5336689949035645,299,832,832,695
5.5336689949035645,299,832,832,695
5.539488792419434,299,831,832,695
5.539488792419434,299,831,832,696
5.539488792419434,299,831,832,696
5.539488792419434,299,831,832,696
5.539488792419434,299,832,832,696
5.539488792419434,300,832,832,696
5.539488792419434,300,832,832,696
5.539488792419434,300,832,832,696
5.539488792419434,300,832,832,696
5.539488792419434,300,832,832,696
5.539488792419434,300,832,833,696
5.549769163131714,300,832,833,696
5.551225662231445,300,833,833,696
5.551225662231445,300,833,833,696
5.551225662231445,300,833,833,696
5.551225662231445,300,833,833,696
5.551225662231445,301,833,833,696
5.551225662231445,301,833,833,696
5.551225662231445,301,833,833,696
5.551225662231445,301,833,833,696
5.551225662231445,301,833,833,696
5.551225662231445,301,833,833,696
5.551225662231445,301,833,833,696
5.551225662231445,302,833,833,696
5.551225662231445,302,833,833,696
5.551225662231445,302,833,833,696
5.551225662231445,302,833,833,696
5.551225662231445,302,833,833,696
5.551225662231445,302,833,833,696
5.565711259841919,302,833,833,696
5.565711259841919,302,833,833,696
5.567727088928223,302,833,833,696
5.567727088928223,302,833,833,696
5.567727088928223,302,833,832,696
5.567727088928223,302,833,832,696
5.567727088928223,302,833,832,696
5.567727088928223,302,833,832,695
5.567727088928223,302,833,832,695
5.567727088928223,302,833,832,695
5.567727088928223,302,833,832,695
5.567727088928223,302,832,832,695
5.567727088928223,302,831,832,695
5.567727088928223,302,831,832,696
5.567727088928223,302,831,832,696
5.567727088928223,302,831,832,696
5.567727088928223,302,831,832,696
5.567727088928223,302,831,832,696
5.581655740737915,303,832,832,696
5.581655740737915,303,832,832,696
5.581655740737915,303,832,832,696
5.581655740737915,303,832,832,696
5.581655740737915,302,832,832,696
5.581655740737915,302,833,832,695
5.581655740737915,302,832,832,696
5.581655740737915,302,832,832,696
5.581655740737915,302,832,833,696
5.581655740737915,302,832,833,696
5.581655740737915,302,832,833,696
5.581655740737915,302,832,833,696
5.581655740737915,302,832,833,696
5.581655740737915,302,832,833,696
5.581655740737915,302,832,833,696
5.581655740737915,302,833,833,696
5.581655740737915,301,833,833,696
5.597934722900391,301,833,833,696
5.598368883132935,301,833,833,696
5.598368883132935,301,833,833,696
5.598368883132935,301,833,833,696
5.598368883132935,301,833,833,696
5.598368883132935,301,833,833,696
5.598368883132935,301,833,833,696
5.598368883132935,300,833,833,696
5.598368883132935,300,833,833,696
5.598368883132935,300,833,833,696
5.598368883132935,300,832,833,696
5.598368883132935,300,832,833,697
5.598368883132935,300,833,833,697
5.598368883132935,300,832,831,696
5.598368883132935,300,833,831,696
5.598368883132935,300,833,831,696
5.598368883132935,300,833,831,696
5.613094329833984,300,833,831,695
5.613094329833984,300,833,831,695
5.613094329833984,300,833,831,695
5.613094329833984,299,832,831,695
5.613094329833984,299,832,831,695
5.613094329833984,299,832,831,695
5.613094329833984,299,831,831,695
5.613094329833984,299,831,831,695
5.613094329833984,299,831,831,695
5.613094329833984,299,831,831,695
5.613094329833984,299,831,831,695
5.613094329833984,299,831,831,695
5.613094329833984,299,831,831,695
5.613094329833984,299,831,831,695
5.613094329833984,299,831,831,695
5.613094329833984,299,831,831,695
5.613094329833984,298,830,831,695
5.613094329833984,298,830,831,695
5.62893533706665,298,830,832,696
5.630722284317017,298,830,832,696
5.6309826374053955,298,830,832,696
5.6309826374053955,298,831,832,696
5.6309826374053955,298,831,832,696
5.6309826374053955,298,832,832,696
5.6309826374053955,298,832,832,696
5.6309826374053955,298,833,832,696
5.6309826374053955,298,833,832,696
5.6309826374053955,298,833,832,696
5.6309826374053955,298,833,832,696
5.639594316482544,298,833,832,695
5.639594316482544,299,833,832,695
5.639594316482544,299,833,832,695
5.639594316482544,299,833,832,695
5.639594316482544,299,832,832,695
5.639594316482544,299,832,832,695
5.645030498504639,299,831,832,696
5.645030498504639,299,831,832,696
5.645030498504639,299,831,832,696
5.645030498504639,299,831,832,696
5.645030498504639,299,832,832,696
5.645030498504639,299,832,833,696
5.645030498504639,299,833,833,696
5.645030498504639,299,833,833,696
5.645030498504639,300,833,833,696
5.645030498504639,300,833,833,696
5.645030498504639,300,833,833,696
5.645030498504639,300,833,833,696
5.645030498504639,300,833,833,696
5.645030498504639,300,833,833,696
5.645030498504639,300,833,833,696
5.645030498504639,300,833,833,696
5.645030498504639,301,833,833,696
5.645030498504639,301,833,833,696
5.66070032119751,301,833,833,696
5.66070032119751,301,833,833,696
5.66070032119751,301,833,833,696
5.66070032119751,301,833,833,696
5.66070032119751,301,833,833,696
5.66070032119751,301,833,833,696
5.66070032119751,301,833,833,696
5.66070032119751,302,833,833,696
5.66070032119751,302,832,833,696
5.66070032119751,302,832,834,696
5.66070032119751,302,832,834,697
5.66070032119751,302,832,834,697
5.66070032119751,302,832,834,697
5.66070032119751,302,833,834,697
5.66070032119751,302,833,834,697
5.66070032119751,302,834,834,697
5.66070032119751,302,834,834,697
5.676393270492554,302,834,834,697
5.676393270492554,302,835,834,697
5.6783528327941895,302,835,834,697
5.6783528327941895,302,835,834,696
5.6783528327941895,302,835,834,696
5.6783528327941895,302,834,834,696
5.6783528327941895,302,834,834,696
5.6783528327941895,302,834,834,696
5.6783528327941895,302,833,834,696
5.6783528327941895,302,833,834,697
5.6783528327941895,302,833,834,697
5.6783528327941895,302,833,834,697
5.6783528327941895,302,833,834,697
5.6783528327941895,302,834,834,697
5.6783528327941895,302,834,831,696
5.6783528327941895,302,834,831,696
5.6783528327941895,302,835,831,696
5.692064523696899,302,834,831,695
5.692064523696899,302,834,831,695
5.692064523696899,302,834,831,695
5.692064523696899,302,833,831,695
5.692064523696899,302,832,831,695
5.692064523696899,302,832,831,695
5.692064523696899,301,832,831,695
5.692064523696899,301,831,831,695
5.692064523696899,301,831,831,695
5.692064523696899,301,830,831,695
5.692064523696899,301,830,831,695
5.692064523696899,301,830,831,695
5.692064523696899,301,831,831,695
5.692064523696899,301,831,831,695
5.692064523696899,301,831,831,695
5.692064523696899,301,831,831,695
5.692064523696899,301,830,831,695
5.692064523696899,301,830,831,695
5.708680152893066,300,830,831,695
5.709508419036865,300,830,833,696
5.709508419036865,300,830,833,696
5.709508419036865,300,830,833,697
5.709508419036865,300,830,833,697
5.709508419036865,300,831,833,697
5.709508419036865,300,832,833,697
5.709508419036865,300,833,833,697
5.709508419036865,300,833,833,697
5.709508419036865,300,834,833,697
5.709508419036865,300,834,833,696
5.709508419036865,300,835,833,696
5.709508419036865,300,835,833,696
5.709508419036865,300,834,833,696
5.709508419036865,300,834,833,696
5.709508419036865,300,834,833,696
5.709508419036865,300,833,833,696
5.723729848861694,300,833,833,696
5.723729848861694,300,832,833,696
5.725745677947998,300,832,833,696
5.725745677947998,300,832,833,696
5.725745677947998,299,832,833,696
5.725745677947998,299,833,833,696
5.725745677947998,299,833,832,696
5.725745677947998,299,833,832,696
5.725745677947998,299,833,832,696
5.725745677947998,299,832,832,696
5.725745677947998,299,833,832,696
5.725745677947998,299,833,832,695
5.725745677947998,299,832,832,696
5.725745677947998,299,832,832,696
5.725745677947998,299,832,832,696
5.725745677947998,299,832,832,696
5.725745677947998,299,832,832,696
5.725745677947998,299,832,832,696
5.739699363708496,299,832,832,695
5.741124868392944,299,832,832,696
5.741379261016846,299,832,832,696
5.741379261016846,299,833,832,695
5.741379261016846,299,832,832,695
5.741379261016846,299,832,832,695
5.741379261016846,299,832,832,695
5.741379261016846,299,832,832,695
5.741379261016846,299,831,832,695
5.741379261016846,299,831,832,696
5.741379261016846,299,831,833,696
5.741379261016846,299,831,833,696
5.741379261016846,299,831,833,696
5.741379261016846,299,831,833,697
5.741379261016846,299,832,833,697
5.741379261016846,299,832,833,696
5.741379261016846,299,832,833,697
5.755450487136841,299,833,833,697
5.755450487136841,300,833,833,696
5.755450487136841,300,834,833,696
5.755450487136841,300,834,833,696
5.755450487136841,300,834,833,696
5.755450487136841,300,834,833,696
5.755450487136841,300,834,833,696
5.755450487136841,300,834,833,696
5.755450487136841,300,833,833,696
5.755450487136841,300,833,833,696
5.755450487136841,300,833,833,696
5.755450487136841,300,833,833,696
5.755450487136841,300,833,833,696
5.755450487136841,301,833,833,696
5.755450487136841,301,833,833,696
5.755450487136841,301,833,833,696
5.755450487136841,301,833,833,696
5.755450487136841,301,833,833,696
5.771735906600952,300,833,833,696
5.772481679916382,300,833,833,696
5.772481679916382,300,833,833,696
5.772481679916382,300,833,833,696
5.772481679916382,301,833,833,696
5.772481679916382,301,833,833,696
5.772481679916382,301,833,833,696
5.772481679916382,301,832,833,696
5.772481679916382,301,832,833,696
5.772481679916382,301,833,833,696
5.772481679916382,301,833,833,696
5.772481679916382,301,832,833,696
5.772481679916382,301,833,833,696
5.772481679916382,302,833,833,696
5.772481679916382,302,833,833,696
5.772481679916382,302,833,833,696
5.772481679916382,302,833,833,696
5.786964178085327,302,833,833,696
5.786964178085327,302,832,833,696
5.786964178085327,302,832,833,696
5.786964178085327,302,832,833,696
5.786964178085327,301,832,833,697
5.786964178085327,301,832,833,697
5.786964178085327,301,832,833,697
5.786964178085327,301,832,833,697
5.786964178085327,301,833,833,697
5.786964178085327,301,834,833,696
5.786964178085327,301,834,833,696
5.786964178085327,301,834,833,696
5.786964178085327,301,834,833,696
5.786964178085327,302,834,833,696
5.786964178085327,302,834,833,696
5.786964178085327,302,833,833,696
5.786964178085327,302,833,833,696
5.786964178085327,302,833,833,696
5.802908182144165,302,832,833,696
5.802908182144165,302,832,833,696
5.802908182144165,302,832,833,697
5.802908182144165,302,832,833,697
5.802908182144165,302,832,833,697
5.802908182144165,302,833,833,697
5.802908182144165,301,833,833,697
5.802908182144165,301,833,832,696
5.802908182144165,301,834,832,696
5.802908182144165,301,834,832,696
5.802908182144165,300,834,832,696
5.802908182144165,300,834,832,696
5.802908182144165,300,834,832,695
5.802908182144165,300,833,832,695
5.802908182144165,300,833,832,695
5.802908182144165,300,832,832,696
5.802908182144165,300,832,832,696
5.818643569946289,300,832,832,696
5.8194732666015625,300,831,832,696
5.8194732666015625,300,831,832,696
5.8194732666015625,300,831,832,696
5.8194732666015625,300,832,832,696
5.8194732666015625,300,832,832,696
5.8194732666015625,300,832,832,696
5.8194732666015625,300,833,832,696
5.8194732666015625,300,833,832,696
5.8194732666015625,300,832,832,696
5.8194732666015625,300,832,832,696
5.8194732666015625,300,832,832,696
5.8194732666015625,300,832,833,696
5.8194732666015625,299,832,833,696
5.8194732666015625,299,832,833,696
5.8194732666015625,299,833,833,696
5.8194732666015625,299,833,833,696
5.8194732666015625,299,833,833,696
5.834392786026001,299,833,833,696
5.834392786026001,299,833,833,696
5.834392786026001,299,833,833,696
5.834392786026001,299,833,833,696
5.834392786026001,299,833,833,696
5.834392786026001,299,832,833,696
5.839791536331177,299,832,833,696
5.839791536331177,299,832,833,696
5.839791536331177,299,832,833,696
5.839791536331177,299,832,833,696
5.839791536331177,299,833,833,696
5.839791536331177,299,833,833,696
5.839791536331177,299,833,833,696
5.839791536331177,299,833,833,696
5.839791536331177,299,833,833,696
5.839791536331177,299,832,833,696
5.839791536331177,299,832,832,696
5.85004997253418,299,833,832,696
5.85004997253418,299,833,832,696
5.85004997253418,299,833,832,696
5.85004997253418,299,833,832,696
5.85004997253418,299,833,832,696
5.85004997253418,299,833,832,696
5.85004997253418,299,833,832,696
5.85004997253418,299,833,832,696
5.85004997253418,299,833,832,696
5.85004997253418,299,832,832,695
5.85004997253418,299,832,832,696
5.85004997253418,299,832,832,696
5.85004997253418,299,832,832,696
5.85004997253418,300,832,832,696
5.85004997253418,300,832,832,696
5.85004997253418,300,833,832,696
5.85004997253418,300,833,832,695
5.865965127944946,300,833,832,695
5.866739511489868,300,833,832,695
5.867255449295044,300,832,832,695
5.867255449295044,300,832,832,695
5.867255449295044,300,831,834,696
5.867255449295044,300,831,834,696
5.867255449295044,300,831,834,697
5.867255449295044,300,831,834,697
5.867255449295044,300,831,834,697
5.867255449295044,300,832,834,697
5.867255449295044,300,833,834,697
5.867255449295044,300,834,834,697
5.867255449295044,300,834,834,697
5.867255449295044,301,834,834,697
5.867255449295044,301,834,834,697
5.867255449295044,301,834,834,697
5.867255449295044,301,834,834,697
5.867255449295044,301,835,834,697
5.8818137645721436,301,834,834,697
5.8818137645721436,301,834,834,697
5.8818137645721436,302,834,834,697
5.8818137645721436,302,834,834,697
5.8818137645721436,302,834,834,697
5.8818137645721436,302,834,834,697
5.8818137645721436,302,835,834,697
5.8818137645721436,302,834,834,696
5.8818137645721436,302,834,834,696
5.8818137645721436,302,834,833,696
5.8818137645721436,302,834,833,696
5.8818137645721436,302,834,833,696
5.8818137645721436,302,834,833,696
5.8818137645721436,302,833,833,696
5.8818137645721436,302,833,833,696
5.8818137645721436,302,832,833,697
5.8818137645721436,302,832,833,697
5.8818137645721436,302,832,833,697
5.897696018218994,301,833,833,697
5.897696018218994,302,833,833,697
5.897696018218994,302,833,833,697
5.897696018218994,302,834,833,697
5.897696018218994,302,834,833,696
5.897696018218994,302,834,833,696
5.897696018218994,302,834,833,696
5.897696018218994,302,834,833,696
5.897696018218994,302,834,833,696
5.897696018218994,302,833,833,696
5.897696018218994,302,832,833,696
5.897696018218994,302,832,833,696
5.897696018218994,302,832,833,696
5.897696018218994,302,832,833,696
5.897696018218994,302,832,833,696
5.897696018218994,302,832,833,697
5.897696018218994,302,832,833,697
5.913496255874634,301,832,833,697
5.913496255874634,301,833,833,697
5.913496255874634,301,833,833,697
5.913496255874634,301,834,833,697
5.913496255874634,301,834,833,696
5.913496255874634,301,834,833,696
5.913496255874634,301,834,833,696
5.913496255874634,301,834,833,696
5.913496255874634,301,834,833,696
5.913496255874634,301,833,833,696
5.913496255874634,301,833,833,696
5.913496255874634,301,833,833,696
5.913496255874634,301,833,833,696
5.913496255874634,301,832,833,696
5.913496255874634,301,832,833,696
5.913496255874634,301,832,833,697
5.913496255874634,301,832,833,697
5.913496255874634,301,832,833,697
5.929357051849365,354,832,833,697
5.930706024169922,354,833,833,697
5.931701898574829,354,833,833,697
5.932244062423706,354,834,833,697
5.932244062423706,300,834,833,696
5.93456244468689,300,834,833,696
5.934887409210205,300,834,833,696
5.934887409210205,300,834,833,696
5.934887409210205,299,833,833,696
5.934887409210205,299,833,833,696
5.934887409210205,299,832,833,696
5.939900875091553,300,832,833,696
5.939900875091553,300,832,833,697
5.939900875091553,300,832,833,697
5.939900875091553,300,833,833,697
5.939900875091553,300,833,833,697
5.939900875091553,300,833,833,697
5.945034027099609,300,834,833,696
5.945034027099609,300,834,833,696
5.945034027099609,300,834,833,696
5.945034027099609,300,834,833,696
5.945034027099609,300,834,833,696
5.945034027099609,300,833,833,696
5.945034027099609,300,832,833,696
5.945034027099609,300,832,833,696
5.945034027099609,299,832,833,696
5.945034027099609,299,832,833,697
5.945034027099609,299,833,833,697
5.945034027099609,299,833,833,696
5.945034027099609,299,833,833,696
5.945034027099609,299,833,833,696
5.945034027099609,299,833,833,696
5.945034027099609,299,833,833,696
5.945034027099609,299,833,833,696
5.945034027099609,299,833,833,696
5.961129665374756,299,833,833,696
5.961129665374756,299,832,833,696
5.963147163391113,299,832,833,697
5.963147163391113,299,832,833,697
5.963147163391113,299,832,833,697
5.963147163391113,299,833,833,697
5.963147163391113,300,833,833,697
5.963147163391113,300,833,833,697
5.963147163391113,300,833,833,697
5.963147163391113,300,834,833,696
5.963147163391113,300,834,833,696
5.963147163391113,300,834,833,696
5.963147163391113,300,834,833,696
5.963147163391113,300,834,833,696
5.963147163391113,300,834,833,696
5.963147163391113,300,833,833,696
5.963147163391113,300,832,833,696
5.976889610290527,300,832,833,696
5.978135108947754,300,832,833,696
5.978510618209839,300,832,833,697
5.978510618209839,300,832,833,697
5.978510618209839,300,832,833,697
5.978510618209839,300,833,833,697
5.978510618209839,300,833,833,697
5.978510618209839,301,833,833,697
5.978510618209839,301,834,833,696
5.978510618209839,301,834,833,696
5.978510618209839,301,835,833,696
5.978510618209839,301,834,833,696
5.978510618209839,301,833,833,696
5.978510618209839,301,833,833,696
5.978510618209839,301,832,834,696
5.978510618209839,301,832,834,697
5.978510618209839,301,832,834,697
5.978510618209839,301,832,834,697
5.9927380084991455,301,832,834,697
5.9927380084991455,301,833,834,697
5.9927380084991455,301,834,834,697
5.9927380084991455,301,834,834,697
5.9927380084991455,301,834,834,697
5.9927380084991455,301,835,834,697
5.9927380084991455,301,835,834,697
5.9927380084991455,301,834,834,697
5.9927380084991455,301,834,834,697
5.9927380084991455,301,834,834,697
5.9927380084991455,301,834,834,697
5.9927380084991455,301,834,834,697
5.9927380084991455,301,834,834,697
5.9927380084991455,301,834,834,697
5.9927380084991455,301,834,834,697
5.9927380084991455,301,834,834,697
5.9927380084991455,301,834,834,697
6.008427381515503,302,834,834,697
6.009523868560791,302,834,834,697
6.0100462436676025,302,834,834,697
6.0100462436676025,302,834,834,697
6.0100462436676025,302,834,834,697
6.0100462436676025,302,834,834,697
6.0100462436676025,302,834,834,697
6.0100462436676025,301,834,834,697
6.0100462436676025,301,834,834,697
6.0100462436676025,301,834,834,697
6.0100462436676025,301,834,834,697
6.0100462436676025,301,834,834,697
6.0100462436676025,301,834,834,697
6.0100462436676025,301,834,834,697
6.0100462436676025,301,834,834,697
6.0100462436676025,301,834,834,697
6.0100462436676025,301,834,834,697
6.0100462436676025,301,834,834,697
6.024121999740601,301,834,834,697
6.0252416133880615,301,834,834,697
6.0252416133880615,301,834,834,697
6.0252416133880615,301,834,834,697
6.0252416133880615,301,834,834,697
6.0252416133880615,301,834,834,697
6.0252416133880615,354,834,833,697
6.0252416133880615,354,833,833,696
6.0252416133880615,354,833,833,697
6.0252416133880615,354,833,833,697
6.0252416133880615,300,833,833,697
6.0252416133880615,300,834,833,697
6.0252416133880615,300,834,833,696
6.0252416133880615,300,834,833,696
6.0252416133880615,300,834,833,696
6.0252416133880615,300,834,833,696
6.0252416133880615,300,834,833,696
6.039952278137207,300,833,833,696
6.039952278137207,300,833,833,696
6.039952278137207,299,833,833,696
6.039952278137207,299,832,833,696
6.039952278137207,299,832,833,697
6.039952278137207,299,832,833,697
6.039952278137207,299,832,833,697
6.039952278137207,299,832,833,697
6.039952278137207,299,833,833,697
6.039952278137207,299,833,833,697
6.039952278137207,299,833,833,697
6.039952278137207,299,834,833,696
6.039952278137207,299,834,833,696
6.039952278137207,299,834,833,696
6.039952278137207,299,834,833,696
6.039952278137207,299,834,833,696
6.039952278137207,299,833,833,696
6.039952278137207,299,833,833,696
6.055620193481445,299,832,833,696
6.05707859992981,299,832,833,696
6.057877779006958,299,832,833,696
6.057877779006958,299,832,833,696
6.057877779006958,299,832,833,697
6.057877779006958,299,832,833,697
6.057877779006958,299,832,833,697
6.057877779006958,299,833,833,697
6.057877779006958,299,833,833,697
6.057877779006958,299,833,833,697
6.057877779006958,299,834,833,696
6.057877779006958,299,834,833,696
6.057877779006958,299,834,833,696
6.057877779006958,299,834,833,696
6.057877779006958,299,834,833,696
6.057877779006958,299,833,834,697
6.057877779006958,299,833,834,697
6.071361303329468,300,833,834,697
6.071361303329468,300,833,834,697
6.071361303329468,300,833,834,697
6.071361303329468,300,834,834,697
6.071361303329468,300,834,834,697
6.071361303329468,300,834,834,697
6.071361303329468,300,834,834,697
6.071361303329468,300,834,834,697
6.071361303329468,300,834,834,697
6.071361303329468,300,834,834,697
6.071361303329468,300,834,834,697
6.071361303329468,300,834,834,697
6.071361303329468,300,834,834,697
6.071361303329468,300,834,834,697
6.071361303329468,300,834,834,697
6.071361303329468,300,834,834,697
6.071361303329468,300,834,834,697
6.071361303329468,300,834,834,697
6.087029933929443,301,834,834,697
6.087029933929443,301,834,834,697
6.087029933929443,301,834,834,697
6.087029933929443,301,834,834,697
6.087029933929443,301,834,834,697
6.087029933929443,301,834,834,697
6.087029933929443,301,834,834,697
6.087029933929443,301,834,834,697
6.087029933929443,301,834,834,697
6.087029933929443,301,835,834,697
6.087029933929443,301,835,834,697
6.087029933929443,301,834,834,697
6.087029933929443,301,834,834,697
6.087029933929443,301,834,834,697
6.087029933929443,301,834,834,697
6.087029933929443,301,834,834,697
6.087029933929443,301,834,834,697
6.087029933929443,301,835,834,696
6.1040198802948,301,834,834,697
6.104261159896851,301,834,834,697
6.104261159896851,301,834,834,697
6.104261159896851,301,834,834,697
6.104261159896851,301,834,834,697
6.104261159896851,302,834,834,697
6.104261159896851,302,834,834,697
6.104261159896851,302,834,834,697
6.104261159896851,302,834,834,697
6.104261159896851,302,833,834,697
6.104261159896851,302,834,834,697
6.104261159896851,302,834,834,697
6.104261159896851,302,834,834,697
6.104261159896851,301,834,834,697
6.104261159896851,301,834,834,697
6.104261159896851,301,834,834,697
6.104261159896851,301,834,834,697
6.104261159896851,301,834,834,697
6.119183301925659,301,834,834,697
6.119183301925659,301,834,834,697
6.119183301925659,301,834,834,697
6.119183301925659,301,834,834,697
6.119183301925659,301,834,834,697
6.119183301925659,301,834,834,697
6.119183301925659,301,834,834,697
6.119183301925659,301,834,834,697
6.119183301925659,301,834,834,697
6.119183301925659,301,834,834,697
6.119183301925659,301,834,834,697
6.119183301925659,301,834,834,697
6.119183301925659,301,834,834,697
6.119183301925659,301,834,834,697
6.119183301925659,301,834,834,697
6.119183301925659,300,834,834,697
6.119183301925659,300,834,834,697
6.119183301925659,300,834,834,697
6.134860038757324,300,834,834,697
6.136459112167358,300,834,834,697
6.136635780334473,300,834,834,697
6.136635780334473,300,834,834,697
6.136635780334473,300,834,834,697
6.136635780334473,300,834,834,697
6.140099287033081,300,834,834,697
6.140099287033081,300,834,834,697
6.140099287033081,299,834,834,697
6.140099287033081,299,834,834,697
6.140099287033081,299,834,834,697
6.140099287033081,300,835,834,696
6.140099287033081,300,834,834,696
6.140099287033081,300,834,834,697
6.140099287033081,300,834,834,697
6.140099287033081,299,834,834,697
6.140099287033081,299,833,833,697
6.150796890258789,299,833,833,697
6.151805877685547,299,834,833,696
6.151805877685547,299,834,833,696
6.151805877685547,299,834,833,696
6.151805877685547,299,834,833,696
6.151805877685547,299,833,833,696
6.151805877685547,299,833,833,696
6.151805877685547,299,833,833,696
6.151805877685547,299,833,833,696
6.151805877685547,299,832,833,696
6.151805877685547,299,832,833,697
6.151805877685547,299,832,833,697
6.151805877685547,299,832,833,697
6.151805877685547,299,833,833,697
6.151805877685547,299,833,833,697
6.151805877685547,299,834,833,697
6.151805877685547,299,834,833,696
6.151805877685547,299,834,833,696
6.166611671447754,299,834,833,696
6.166611671447754,299,834,833,696
6.166611671447754,299,834,833,696
6.166611671447754,299,833,834,697
6.166611671447754,299,833,834,697
6.166611671447754,299,832,834,697
6.166611671447754,299,833,834,697
6.166611671447754,300,833,834,697
6.166611671447754,300,833,834,697
6.166611671447754,300,834,834,697
6.166611671447754,300,834,834,697
6.166611671447754,300,834,834,697
6.166611671447754,300,834,834,697
6.166611671447754,300,834,834,697
6.166611671447754,300,834,834,697
6.166611671447754,300,834,834,697
6.166611671447754,300,834,834,697
6.182303428649902,300,835,834,697
6.183434247970581,300,834,834,697
6.183888912200928,300,834,834,697
6.183888912200928,300,835,834,697
6.183888912200928,300,835,834,697
6.183888912200928,300,834,834,697
6.183888912200928,300,835,834,697
6.183888912200928,300,834,834,696
6.183888912200928,301,834,834,697
6.183888912200928,301,834,834,697
6.183888912200928,301,834,834,697
6.183888912200928,301,833,834,697
6.183888912200928,301,833,834,697
6.183888912200928,301,834,834,697
6.183888912200928,301,834,834,697
6.183888912200928,301,834,834,697
6.183888912200928,301,834,834,697
6.183888912200928,301,835,834,697
6.198101758956909,301,834,834,697
6.198101758956909,301,834,834,697
6.198101758956909,301,834,834,697
6.198101758956909,301,834,834,697
6.198101758956909,301,834,834,697
6.198101758956909,301,834,834,697
6.198101758956909,301,834,834,697
6.198101758956909,301,834,834,697
6.198101758956909,301,834,834,697
6.198101758956909,301,834,834,697
6.198101758956909,301,834,834,697
6.198101758956909,301,834,834,697
6.198101758956909,302,834,834,697
6.198101758956909,302,834,835,697
6.198101758956909,302,834,835,697
6.198101758956909,302,834,835,697
6.198101758956909,302,835,835,697
6.213878393173218,302,835,835,697
6.213878393173218,302,834,835,697
6.215086221694946,301,834,835,697
6.215086221694946,301,834,835,697
6.215086221694946,301,834,835,698
6.215086221694946,301,834,835,698
6.215086221694946,302,834,835,698
6.215086221694946,301,834,835,698
6.215086221694946,301,835,835,698
6.215086221694946,301,835,835,698
6.215086221694946,301,836,835,698
6.215086221694946,301,836,835,697
6.215086221694946,301,836,835,697
6.215086221694946,301,836,835,697
6.215086221694946,301,836,835,697
6.215086221694946,301,835,835,697
6.215086221694946,301,835,835,697
6.215086221694946,301,835,835,697
6.230295896530151,301,834,832,697
6.230295896530151,301,834,832,697
6.230295896530151,301,833,832,696
6.230295896530151,300,833,832,697
6.230295896530151,300,833,832,696
6.230295896530151,300,833,832,696
6.230295896530151,300,833,832,696
6.230295896530151,300,833,832,696
6.230295896530151,300,833,832,696
6.230295896530151,300,833,832,696
6.230295896530151,300,832,832,696
6.230295896530151,300,832,832,696
6.240356922149658,300,832,832,696
6.240356922149658,300,832,832,696
6.240356922149658,300,832,832,696
6.240356922149658,300,833,832,696
6.240356922149658,300,832,832,696
6.245281934738159,300,832,832,696
6.245281934738159,300,832,832,696
6.247295618057251,299,832,832,696
6.248236417770386,299,832,832,696
6.248236417770386,299,832,832,696
6.249486207962036,299,832,835,697
6.249486207962036,299,832,835,697
6.249486207962036,299,832,835,697
6.249486207962036,299,832,835,698
6.249486207962036,299,833,835,698
6.249486207962036,299,833,835,698
6.249486207962036,299,834,835,698
6.249486207962036,299,834,835,698
6.249486207962036,299,835,835,698
6.249486207962036,299,835,835,698
6.249486207962036,299,836,835,698
6.249486207962036,299,836,835,697
6.249486207962036,300,836,835,697
6.261216402053833,299,836,835,697
6.261216402053833,299,836,835,697
6.261216402053833,299,835,835,697
6.261216402053833,299,835,835,697
6.261216402053833,299,835,835,697
6.261216402053833,299,835,835,697
6.261216402053833,299,834,835,697
6.261216402053833,299,835,835,697
6.261216402053833,300,834,835,697
6.261216402053833,299,834,834,697
6.261216402053833,299,834,834,697
6.261216402053833,299,834,834,697
6.261216402053833,299,834,834,697
6.261216402053833,299,834,834,697
6.261216402053833,299,834,834,697
6.261216402053833,299,834,834,697
6.261216402053833,299,834,834,697
6.261216402053833,299,834,834,697
6.277068853378296,300,834,834,697
6.277068853378296,300,834,834,697
6.277068853378296,300,834,834,697
6.277068853378296,299,834,834,697
6.277068853378296,299,834,834,697
6.277068853378296,299,834,834,697
6.277068853378296,299,834,834,697
6.277068853378296,299,834,834,697
6.277068853378296,299,834,834,697
6.277068853378296,299,834,834,697
6.277068853378296,300,834,834,697
6.277068853378296,300,834,834,697
6.277068853378296,300,834,834,697
6.277068853378296,300,834,834,697
6.277068853378296,300,834,834,697
6.277068853378296,300,834,834,697
6.277068853378296,300,834,834,697
6.277068853378296,300,835,834,697
6.292834520339966,300,834,834,697
6.292834520339966,300,834,834,697
6.292834520339966,300,834,834,697
6.292834520339966,300,834,834,697
6.292834520339966,300,834,834,697
6.292834520339966,300,834,834,697
6.292834520339966,300,835,834,697
6.292834520339966,300,834,834,697
6.292834520339966,300,834,834,697
6.292834520339966,300,834,834,697
6.292834520339966,300,834,834,697
6.292834520339966,300,834,834,697
6.292834520339966,300,834,834,697
6.292834520339966,300,834,834,697
6.292834520339966,301,835,834,697
6.292834520339966,301,834,834,697
6.292834520339966,301,834,834,697
6.308484077453613,301,834,834,697
6.309841871261597,301,834,835,697
6.3102593421936035,301,834,835,697
6.3102593421936035,301,834,835,698
6.3102593421936035,301,833,835,698
6.3102593421936035,300,833,835,698
6.3102593421936035,300,834,835,698
6.3102593421936035,301,834,835,698
6.3102593421936035,301,835,835,698
6.3102593421936035,301,836,835,698
6.3102593421936035,301,836,835,698
6.3102593421936035,301,836,835,698
6.3102593421936035,301,836,835,697
6.3102593421936035,301,836,835,697
6.3102593421936035,301,836,835,697
6.3102593421936035,301,836,835,697
6.3102593421936035,301,836,835,697
6.324230670928955,301,835,835,697
6.324230670928955,301,835,835,697
6.324230670928955,301,835,835,697
6.324230670928955,301,834,835,697
6.324230670928955,300,834,835,698
6.324230670928955,300,834,835,698
6.324230670928955,300,835,833,697
6.324230670928955,300,835,833,697
6.324230670928955,300,835,833,697
6.324230670928955,300,835,833,697
6.324230670928955,300,835,833,696
6.324230670928955,300,835,833,696
6.324230670928955,300,835,833,696
6.324230670928955,300,835,833,696
6.324230670928955,300,834,833,696
6.324230670928955,300,834,833,696
6.324230670928955,300,833,833,696
6.324230670928955,300,833,833,696
6.340272903442383,300,833,833,696
6.340272903442383,300,833,833,696
6.340272903442383,300,832,833,696
6.340272903442383,300,832,833,696
6.340272903442383,300,832,833,696
6.340272903442383,300,832,833,696
6.340272903442383,300,832,833,696
6.340272903442383,300,832,833,697
6.340272903442383,300,833,833,696
6.340272903442383,300,833,833,696
6.340272903442383,300,832,835,697
6.340272903442383,300,832,835,697
6.340272903442383,300,833,835,698
6.340272903442383,299,833,835,698
6.340272903442383,299,833,835,698
6.340272903442383,299,834,835,698
6.340272903442383,299,834,835,698
6.355956554412842,299,835,835,698
6.355956554412842,299,836,835,698
6.355956554412842,299,836,835,697
6.355956554412842,299,836,835,697
6.355956554412842,299,836,835,697
6.355956554412842,299,836,835,697
6.355956554412842,299,835,835,697
6.355956554412842,299,835,835,697
6.355956554412842,299,835,835,697
6.355956554412842,299,835,835,697
6.355956554412842,299,834,835,697
6.355956554412842,299,835,835,697
6.355956554412842,299,835,835,697
6.355956554412842,299,835,835,697
6.355956554412842,299,835,835,697
6.355956554412842,299,835,832,696
6.355956554412842,299,834,832,696
6.371618986129761,299,834,832,696
6.371618986129761,299,834,832,696
6.373683214187622,299,834,832,696
6.3739283084869385,299,834,832,696
6.3739283084869385,299,833,832,696
6.3739283084869385,299,833,832,696
6.3739283084869385,299,833,832,696
6.3739283084869385,299,833,832,696
6.3739283084869385,299,833,832,696
6.3739283084869385,299,833,832,696
6.3739283084869385,299,832,832,696
6.3739283084869385,299,832,832,696
6.3739283084869385,299,832,832,695
6.3739283084869385,299,832,832,695
6.3739283084869385,299,832,832,696
6.3739283084869385,299,833,832,696
6.3739283084869385,299,833,832,695
6.387301683425903,299,832,832,696
6.387301683425903,299,832,832,696
6.387301683425903,300,832,832,696
6.387301683425903,300,832,837,697
6.387301683425903,300,832,837,697
6.387301683425903,300,832,837,698
6.387301683425903,300,832,837,698
6.387301683425903,299,832,837,698
6.387301683425903,299,833,837,698
6.387301683425903,299,834,837,699
6.387301683425903,299,835,837,699
6.387301683425903,300,836,837,699
6.387301683425903,300,837,837,698
6.387301683425903,300,837,837,698
6.387301683425903,300,838,837,698
6.387301683425903,300,838,837,698
6.387301683425903,300,838,837,698
6.387301683425903,300,838,837,698
6.403702735900879,300,837,837,698
6.4039626121521,300,837,837,698
6.4039626121521,300,836,837,698
6.4039626121521,300,836,837,698
6.4039626121521,300,836,837,698
6.4039626121521,300,836,837,699
6.4039626121521,300,837,837,699
6.4039626121521,300,837,832,697
6.4039626121521,300,837,832,697
6.4039626121521,300,837,832,696
6.4039626121521,300,837,832,696
6.4039626121521,300,837,832,696
6.4039626121521,300,836,832,696
6.4039626121521,300,835,832,695
6.4039626121521,301,834,832,695
6.4039626121521,300,833,832,695
6.4039626121521,300,832,832,695
6.418611526489258,300,832,832,696
6.418611526489258,300,831,832,696
6.418611526489258,300,831,832,696
6.418611526489258,300,831,832,696
6.418611526489258,300,831,832,696
6.418611526489258,300,831,832,696
6.418611526489258,301,832,832,696
6.418611526489258,301,832,832,696
6.418611526489258,301,832,832,696
6.418611526489258,301,833,832,696
6.418611526489258,301,833,832,696
6.418611526489258,301,833,832,696
6.418611526489258,301,832,837,697
6.418611526489258,301,832,837,697
6.418611526489258,301,832,837,698
6.418611526489258,300,832,837,698
6.418611526489258,300,832,837,699
6.434539794921875,300,833,837,699
6.434539794921875,300,834,837,699
6.435805797576904,300,835,837,699
6.435805797576904,300,836,837,699
6.435805797576904,300,837,837,699
6.435805797576904,300,838,837,699
6.435805797576904,300,838,837,698
6.440348863601685,300,839,837,698
6.440348863601685,300,838,837,698
6.440348863601685,300,838,837,698
6.440348863601685,300,837,837,698
6.440348863601685,301,837,837,698
6.440348863601685,300,837,837,698
6.440348863601685,300,837,837,698
6.440348863601685,300,837,837,698
6.440348863601685,300,836,837,698
6.440348863601685,300,836,837,698
6.440348863601685,300,836,831,697
6.450578927993774,300,836,831,697
6.450578927993774,300,836,831,696
6.450578927993774,300,836,831,696
6.450578927993774,300,835,831,696
6.450578927993774,299,834,831,695
6.450578927993774,299,834,831,695
6.450578927993774,299,833,831,695
6.450578927993774,299,833,831,695
6.450578927993774,299,832,831,695
6.450578927993774,298,832,831,695
6.450578927993774,298,831,831,695
6.450578927993774,298,830,831,695
6.450578927993774,298,830,831,695
6.450578927993774,298,830,831,696
6.450578927993774,298,830,831,696
6.450578927993774,298,831,831,696
6.450578927993774,298,831,831,696
6.4662840366363525,298,831,831,696
6.4662840366363525,298,832,831,696
6.4662840366363525,298,832,831,695
6.4662840366363525,297,832,831,695
6.4662840366363525,298,832,836,696
6.4662840366363525,298,832,836,697
6.4662840366363525,297,832,836,697
6.4662840366363525,297,831,836,698
6.4662840366363525,297,831,836,698
6.4662840366363525,297,832,836,698
6.4662840366363525,297,833,836,698
6.4662840366363525,297,834,836,698
6.4662840366363525,297,835,836,698
6.4662840366363525,298,836,836,698
6.4662840366363525,298,836,836,698
6.4662840366363525,298,836,836,698
6.4662840366363525,298,835,836,698
6.4662840366363525,298,835,836,698
6.482078313827515,298,835,836,698
6.482078313827515,298,835,836,698
6.484868288040161,298,835,836,699
6.485701322555542,298,835,836,699
6.485701322555542,297,836,836,699
6.485701322555542,296,836,836,698
6.485701322555542,295,836,836,698
6.485701322555542,294,836,836,698
6.485701322555542,293,836,830,697
6.485701322555542,291,835,830,697
6.485701322555542,290,835,830,696
6.485701322555542,288,834,830,696
6.485701322555542,285,833,830,696
6.485701322555542,284,832,830,696
6.485701322555542,282,831,830,696
6.485701322555542,279,830,830,696
6.485701322555542,277,829,830,696
6.497883081436157,275,829,830,696
6.497883081436157,273,828,830,697
6.497883081436157,271,828,830,697
6.497883081436157,268,828,830,697
6.497883081436157,266,829,830,697
6.497883081436157,263,829,830,697
6.497883081436157,260,829,830,697
6.497883081436157,257,830,830,697
6.497883081436157,254,830,830,697
6.497883081436157,250,830,830,697
6.497883081436157,248,830,830,697
6.497883081436157,245,830,830,697
6.497883081436157,242,830,830,697
6.497883081436157,241,830,799,690
6.497883081436157,237,829,799,687
6.497883081436157,234,829,799,685
6.497883081436157,232,826,799,682
6.513601779937744,228,823,799,681
6.51479172706604,226,817,799,680
6.515550136566162,224,812,799,679
6.515550136566162,221,808,799,679
6.515550136566162,219,805,799,680
6.515550136566162,217,801,799,680
6.515550136566162,215,798,799,680
6.515550136566162,213,797,799,681
6.515550136566162,211,797,799,681
6.515550136566162,209,797,799,681
6.515550136566162,208,798,799,681
6.515550136566162,205,799,799,681
6.515550136566162,204,800,799,681
6.515550136566162,203,801,799,681
6.515550136566162,202,801,799,680
6.515550136566162,201,801,799,680
6.515550136566162,200,801,799,680
6.529602289199829,199,801,799,680
6.530646324157715,199,801,816,684
6.530646324157715,199,801,816,685
6.530646324157715,199,802,816,686
6.530646324157715,199,803,816,687
6.530646324157715,199,804,816,688
6.530646324157715,199,808,816,689
6.530646324157715,199,810,816,689
6.530646324157715,199,814,816,689
6.530646324157715,200,816,816,688
6.530646324157715,201,818,816,688
6.530646324157715,201,820,816,687
6.540708303451538,202,821,816,687
6.540708303451538,203,821,816,687
6.540708303451538,204,821,816,686
6.540708303451538,205,821,816,686
6.540708303451538,206,820,816,686
6.540708303451538,208,819,816,685
6.546473741531372,209,818,816,685
6.546473741531372,211,817,816,685
6.546473741531372,212,817,816,685
6.546473741531372,215,817,816,685
6.546473741531372,216,816,812,684
6.546473741531372,219,816,812,684
6.546473741531372,221,816,812,684
6.546473741531372,223,815,812,684
6.546473741531372,225,815,812,684
6.546473741531372,228,815,812,683
6.546473741531372,231,814,812,683
6.546473741531372,233,814,812,683
6.546473741531372,235,814,812,683
6.546473741531372,238,814,812,683
6.546473741531372,241,813,812,683
6.546473741531372,243,813,812,683
6.546473741531372,246,813,812,683
6.561173915863037,249,813,812,682
6.562484979629517,251,812,812,682
6.563671350479126,253,812,812,683
6.563921689987183,256,812,812,683
6.563921689987183,258,812,812,683
6.563921689987183,262,811,812,683
6.563921689987183,265,811,812,683
6.563921689987183,268,811,812,683
6.563921689987183,271,811,812,683
6.563921689987183,273,811,826,686
6.563921689987183,275,811,826,688
6.563921689987183,277,812,826,689
6.563921689987183,280,812,826,690
6.563921689987183,282,813,826,690
6.563921689987183,284,815,826,691
6.563921689987183,285,817,826,691
6.563921689987183,287,820,826,692
6.576886415481567,288,822,826,692
6.576886415481567,290,823,826,692
6.576886415481567,291,825,826,692
6.576886415481567,292,825,826,692
6.576886415481567,292,826,826,691
6.576886415481567,293,826,826,691
6.576886415481567,293,826,826,691
6.576886415481567,294,826,826,691
6.576886415481567,294,825,826,691
6.576886415481567,294,825,826,692
6.576886415481567,293,824,826,692
6.576886415481567,293,824,826,692
6.576886415481567,292,824,826,692
6.576886415481567,291,823,826,693
6.576886415481567,290,823,785,683
6.576886415481567,288,824,785,680
6.576886415481567,287,823,785,677
6.59274959564209,285,821,785,674
6.59274959564209,283,818,785,674
6.5947675704956055,280,813,785,672
6.5947675704956055,278,808,785,670
6.5947675704956055,276,799,785,670
6.5947675704956055,274,793,785,670
6.5947675704956055,270,789,785,670
6.5947675704956055,268,784,785,671
6.5947675704956055,265,782,785,672
6.5947675704956055,263,780,785,672
6.5947675704956055,260,779,785,673
6.5947675704956055,258,779,785,674
6.5947675704956055,256,780,785,674
6.5947675704956055,253,781,785,674
6.5947675704956055,251,782,785,674
6.5947675704956055,248,784,785,674
6.5947675704956055,246,785,785,674
6.5947675704956055,243,786,785,673
6.608640193939209,241,787,785,673
6.610298156738281,239,787,777,671
6.610298156738281,237,787,777,670
6.610298156738281,234,786,777,669
6.610298156738281,232,786,777,669
6.610298156738281,230,784,777,668
6.610298156738281,228,783,777,668
6.610298156738281,227,782,777,668
6.610298156738281,224,780,777,668
6.610298156738281,223,779,777,668
6.610298156738281,221,778,777,668
6.610298156738281,220,778,777,668
6.610298156738281,218,777,777,668
6.610298156738281,217,777,777,668
6.610298156738281,216,777,777,668
6.610298156738281,215,777,777,668
6.610298156738281,214,778,777,668
6.624515056610107,214,778,777,668
6.624515056610107,213,779,777,668
6.624515056610107,212,779,777,667
6.624515056610107,212,779,777,667
6.624515056610107,212,779,777,667
6.624515056610107,211,779,777,667
6.624515056610107,211,779,780,667
6.624515056610107,211,779,780,668
6.624515056610107,211,779,780,668
6.624515056610107,212,779,780,668
6.624515056610107,212,779,780,668
6.624515056610107,212,780,780,668
6.624515056610107,213,780,780,668
6.624515056610107,213,781,780,668
6.624515056610107,214,782,780,668
6.624515056610107,215,783,780,667
6.624515056610107,216,783,780,667
6.640199422836304,217,783,780,667
6.6407151222229,218,783,780,666
6.6407151222229,220,782,780,666
6.6407151222229,222,782,780,666
6.6407151222229,223,782,780,666
6.644384860992432,225,781,780,666
6.644384860992432,227,781,780,666
6.644384860992432,228,781,780,666
6.644384860992432,230,781,780,666
6.644384860992432,232,781,780,666
6.644384860992432,234,781,780,666
6.644384860992432,235,781,789,668
6.644384860992432,238,781,789,668
6.644384860992432,241,781,789,669
6.644384860992432,243,782,789,670
6.644384860992432,246,782,789,670
6.644384860992432,248,784,789,670
6.655962705612183,250,785,789,670
6.655962705612183,254,786,789,671
6.655962705612183,256,787,789,671
6.655962705612183,258,788,789,671
6.655962705612183,260,789,789,670
6.655962705612183,262,789,789,670
6.655962705612183,266,790,789,670
6.655962705612183,268,790,789,670
6.655962705612183,270,789,789,670
6.655962705612183,273,789,789,670
6.655962705612183,275,789,789,670
6.655962705612183,277,788,789,670
6.655962705612183,279,788,789,670
6.655962705612183,281,788,789,670
6.655962705612183,283,788,789,671
6.655962705612183,285,788,789,671
6.655962705612183,286,788,787,670
6.655962705612183,288,788,787,670
6.671623945236206,289,788,787,670
6.671623945236206,290,788,787,670
6.671623945236206,292,787,787,670
6.671623945236206,293,787,787,670
6.671623945236206,294,786,787,670
6.671623945236206,294,786,787,670
6.671623945236206,295,785,787,671
6.671623945236206,295,786,787,671
6.671623945236206,295,786,787,671
6.671623945236206,295,786,787,671
6.671623945236206,295,786,787,671
6.671623945236206,295,786,787,671
6.671623945236206,294,786,787,671
6.671623945236206,293,786,787,671
6.671623945236206,292,786,787,671
6.671623945236206,291,786,787,671
6.671623945236206,290,786,787,671
6.68730354309082,289,786,787,671
6.689123153686523,288,786,787,671
6.689446210861206,286,785,787,671
6.689446210861206,284,785,756,662
6.689446210861206,283,785,756,662
6.689446210861206,280,784,756,660
6.689446210861206,278,782,756,657
6.689446210861206,276,777,756,656
6.689446210861206,274,773,756,655
6.689446210861206,271,768,756,654
6.689446210861206,269,762,756,654
6.689446210861206,266,759,756,655
6.689446210861206,264,756,756,655
6.689446210861206,262,753,756,656
6.689446210861206,260,752,756,657
6.689446210861206,258,752,756,657
6.689446210861206,255,752,756,657
6.703027248382568,253,752,756,657
6.703027248382568,252,754,756,657
6.703027248382568,250,755,756,657
6.703027248382568,247,756,756,657
6.703027248382568,245,757,756,657
6.703027248382568,243,757,756,657
6.703027248382568,241,758,756,657
6.703027248382568,240,758,750,655
6.703027248382568,238,758,750,654
6.703027248382568,237,758,750,654
6.703027248382568,235,757,750,653
6.703027248382568,234,756,750,653
6.703027248382568,232,756,750,653
6.703027248382568,231,755,750,652
6.703027248382568,230,753,750,652
6.703027248382568,228,753,750,652
6.703027248382568,227,752,750,652
6.7191102504730225,226,751,750,652
6.720184326171875,225,751,750,652
6.7209765911102295,224,751,750,652
6.7209765911102295,224,750,750,652
6.7209765911102295,223,751,750,652
6.7209765911102295,223,751,750,652
6.7209765911102295,222,751,750,652
6.7209765911102295,222,751,750,652
6.7209765911102295,222,751,750,652
6.7209765911102295,222,751,750,652
6.7209765911102295,222,751,750,652
6.7209765911102295,223,752,750,651
6.7209765911102295,223,752,757,653
6.7209765911102295,223,752,757,653
6.7209765911102295,224,753,757,654
6.7209765911102295,225,753,757,654
6.7209765911102295,226,753,757,654
6.734764099121094,227,754,757,654
6.734764099121094,228,756,757,654
6.734764099121094,229,756,757,654
6.734764099121094,230,757,757,654
6.734764099121094,231,758,757,654
6.734764099121094,232,758,757,654
6.734764099121094,234,759,757,654
6.740955591201782,235,759,757,653
6.740955591201782,237,759,757,653
6.740955591201782,239,759,757,653
6.740955591201782,240,759,757,653
6.740955591201782,242,758,757,653
6.740955591201782,244,758,757,653
6.740955591201782,246,758,757,653
6.740955591201782,247,758,757,653
6.740955591201782,248,758,757,653
6.740955591201782,251,758,757,652
6.750441074371338,253,758,762,654
6.750441074371338,255,758,762,654
6.750441074371338,259,757,762,654
6.750441074371338,261,757,762,655
6.750441074371338,264,758,762,655
6.750441074371338,266,758,762,655
6.750441074371338,268,758,762,656
6.750441074371338,270,759,762,656
6.750441074371338,271,760,762,656
6.750441074371338,274,761,762,656
6.750441074371338,276,762,762,656
6.750441074371338,277,763,762,656
6.750441074371338,279,763,762,655
6.750441074371338,282,763,762,655
6.750441074371338,283,763,762,655
6.750441074371338,286,762,762,655
6.750441074371338,287,762,762,655
6.766155481338501,289,761,762,656
6.767239093780518,290,761,762,656
6.767926931381226,291,760,762,656
6.767926931381226,293,760,762,656
6.767926931381226,293,761,762,656
6.767926931381226,341,761,757,655
6.767926931381226,341,761,757,654
6.767926931381226,342,761,757,654
6.767926931381226,342,761,757,654
6.767926931381226,296,760,757,653
6.767926931381226,296,759,757,653
6.767926931381226,297,758,757,654
6.767926931381226,296,757,757,654
6.767926931381226,296,756,757,654
6.767926931381226,296,756,757,654
6.767926931381226,295,755,757,654
6.767926931381226,294,755,757,654
6.767926931381226,294,755,757,655
6.781994104385376,293,755,757,655
6.781994104385376,292,755,757,655
6.781994104385376,291,755,757,655
6.781994104385376,290,756,757,655
6.781994104385376,288,756,757,655
6.781994104385376,287,756,757,655
6.781994104385376,286,757,757,655
6.781994104385376,284,757,757,655
6.781994104385376,283,757,757,655
6.781994104385376,281,757,729,646
6.781994104385376,279,756,729,646
6.781994104385376,276,755,729,644
6.781994104385376,274,753,729,642
6.781994104385376,272,748,729,641
6.781994104385376,271,744,729,640
6.781994104385376,268,740,729,639
6.781994104385376,266,735,729,639
6.797657012939453,263,732,729,640
6.797657012939453,262,729,729,640
6.797657012939453,260,727,729,641
6.797657012939453,258,726,729,641
6.797657012939453,257,726,729,641
6.797657012939453,254,726,729,641
6.797657012939453,253,727,729,642
6.797657012939453,251,728,729,642
6.797657012939453,250,728,729,641
6.797657012939453,247,729,729,641
6.797657012939453,246,730,729,641
6.797657012939453,244,730,729,641
6.797657012939453,243,731,729,641
6.797657012939453,243,731,730,641
6.797657012939453,241,730,730,641
6.797657012939453,240,731,730,641
6.797657012939453,239,730,730,641
6.8133864402771,238,730,730,641
6.8133864402771,237,731,730,641
6.8133864402771,237,731,730,641
6.8133864402771,236,731,730,640
6.8133864402771,235,731,730,640
6.8133864402771,235,732,730,640
6.8133864402771,234,732,730,640
6.8133864402771,234,731,730,640
6.8133864402771,234,731,730,640
6.8133864402771,234,731,730,640
6.8133864402771,234,731,730,640
6.8133864402771,234,731,730,640
6.8133864402771,234,731,730,640
6.8133864402771,234,731,730,640
6.8133864402771,234,731,730,640
6.8133864402771,235,732,730,639
6.8133864402771,236,732,730,639
6.829025030136108,237,732,730,639
6.829025030136108,237,732,735,640
6.829025030136108,238,731,735,640
6.829025030136108,239,731,735,641
6.829025030136108,240,731,735,641
6.829025030136108,241,732,735,641
6.829025030136108,242,732,735,641
6.829025030136108,243,733,735,641
6.829025030136108,244,734,735,641
6.829025030136108,246,735,735,641
6.829025030136108,247,735,735,641
6.829025030136108,249,736,735,641
6.829025030136108,251,736,735,641
6.84103536605835,252,736,735,641
6.84103536605835,254,736,735,641
6.84103536605835,256,736,735,641
6.84103536605835,257,736,735,641
6.844863414764404,259,736,735,641
6.844863414764404,261,736,735,640
6.844863414764404,263,736,735,640
6.844863414764404,264,736,735,640
6.844863414764404,267,736,735,640
6.844863414764404,269,736,735,640
6.844863414764404,270,735,742,642
6.844863414764404,272,734,742,643
6.844863414764404,275,735,742,643
6.844863414764404,277,735,742,644
6.844863414764404,278,736,742,644
6.844863414764404,280,737,742,645
6.844863414764404,281,738,742,645
6.844863414764404,283,739,742,645
6.844863414764404,285,740,742,645
6.844863414764404,286,742,742,645
6.844863414764404,287,742,742,644
6.844863414764404,289,743,742,644
6.86077880859375,290,743,742,644
6.862262010574341,292,743,742,644
6.862826824188232,293,742,742,644
6.862826824188232,294,742,742,644
6.862826824188232,295,741,742,644
6.862826824188232,296,741,742,644
6.862826824188232,297,741,742,644
6.862826824188232,297,741,742,644
6.862826824188232,298,741,742,645
6.862826824188232,298,741,742,645
6.862826824188232,298,741,729,642
6.862826824188232,298,740,729,641
6.862826824188232,298,740,729,640
6.862826824188232,298,739,729,639
6.862826824188232,297,738,729,638
6.862826824188232,297,736,729,638
6.862826824188232,296,734,729,638
6.8765363693237305,295,733,729,638
6.8765363693237305,295,731,729,638
6.8765363693237305,294,729,729,638
6.8765363693237305,293,728,729,638
6.8765363693237305,292,727,729,639
6.8765363693237305,291,727,729,639
6.8765363693237305,289,727,729,639
6.8765363693237305,288,727,729,639
6.8765363693237305,287,727,729,639
6.8765363693237305,285,727,729,639
6.8765363693237305,284,728,729,639
6.8765363693237305,282,728,729,639
6.8765363693237305,281,728,729,639
6.8765363693237305,280,728,729,640
6.8765363693237305,278,728,729,640
6.8765363693237305,277,728,710,635
6.8765363693237305,274,728,710,634
6.892236232757568,273,728,710,632
6.893515348434448,271,727,710,631
6.893775701522827,269,725,710,630
6.893775701522827,267,722,710,629
6.893775701522827,266,719,710,628
6.893775701522827,263,716,710,628
6.893775701522827,262,714,710,629
6.893775701522827,261,712,710,629
6.893775701522827,259,709,710,629
6.893775701522827,258,708,710,629
6.893775701522827,256,708,710,630
6.893775701522827,255,708,710,630
6.893775701522827,254,708,710,630
6.893775701522827,252,709,710,630
6.893775701522827,251,710,710,630
6.893775701522827,250,711,710,630
6.893775701522827,249,711,710,630
6.908011436462402,248,712,710,629
6.908011436462402,247,712,710,629
6.908011436462402,247,712,710,629
6.908011436462402,246,712,713,630
6.908011436462402,246,712,713,630
6.908011436462402,245,711,713,630
6.908011436462402,244,712,713,630
6.908011436462402,244,712,713,630
6.908011436462402,243,712,713,630
6.908011436462402,243,712,713,630
6.908011436462402,243,713,713,630
6.908011436462402,243,713,713,630
6.908011436462402,243,714,713,630
6.908011436462402,243,714,713,630
6.908011436462402,244,715,713,630
6.908011436462402,244,714,713,630
6.908011436462402,244,715,713,630
6.923778295516968,245,715,713,629
6.923778295516968,245,715,713,629
6.923778295516968,246,715,713,629
6.923778295516968,247,715,713,629
6.923778295516968,247,715,713,629
6.923778295516968,248,714,713,629
6.923778295516968,250,714,713,629
6.923778295516968,250,714,718,630
6.923778295516968,252,714,718,630
6.923778295516968,253,714,718,630
6.923778295516968,254,714,718,630
6.923778295516968,255,715,718,631
6.923778295516968,257,715,718,631
6.923778295516968,258,716,718,631
6.923778295516968,260,716,718,631
6.923778295516968,261,717,718,631
6.923778295516968,263,718,718,631
6.923778295516968,264,718,718,631
6.93955397605896,265,718,718,631
6.941071510314941,268,718,718,631
6.941071510314941,268,719,718,631
6.941071510314941,270,719,718,631
6.941071510314941,272,719,718,631
6.941071510314941,273,719,718,631
6.941071510314941,275,719,718,630
6.941071510314941,277,719,718,630
6.941071510314941,278,718,718,630
6.941071510314941,281,718,718,630
6.941071510314941,282,718,718,630
6.941071510314941,283,718,723,632
6.941071510314941,285,717,723,632
6.941071510314941,286,717,723,633
6.952749729156494,287,717,723,633
6.952749729156494,289,717,723,633
6.954756736755371,290,718,723,634
6.954756736755371,291,719,723,634
6.954756736755371,292,720,723,634
6.957078218460083,293,721,723,634
6.961121320724487,294,722,723,634
6.961121320724487,295,723,723,634
6.961121320724487,296,723,723,634
6.961121320724487,297,723,723,634
6.961121320724487,297,723,723,634
6.961121320724487,298,723,723,634
6.963124990463257,299,723,723,634
6.965128183364868,299,723,723,634
6.967144012451172,299,722,723,634
6.967144012451172,300,722,723,634
6.967144012451172,300,722,723,634
6.967144012451172,299,722,723,634
6.9691526889801025,299,723,723,634
6.9726996421813965,299,722,705,630
6.9726996421813965,298,722,705,629
6.9726996421813965,297,722,705,627
6.9726996421813965,297,721,705,627
6.9726996421813965,296,719,705,626
6.97470235824585,295,717,705,625
6.97470235824585,294,715,705,625
6.97470235824585,293,712,705,624
6.976704835891724,292,709,705,624
6.976704835891724,290,706,705,625
6.978707551956177,289,704,705,625
6.978707551956177,288,703,705,626
6.978707551956177,287,703,705,626
6.978707551956177,286,702,705,626
6.978707551956177,284,702,705,626
6.978707551956177,283,703,705,626
6.978707551956177,282,704,705,626
6.978707551956177,280,704,705,626
6.986803770065308,278,705,705,626
6.986803770065308,277,705,705,626
6.986803770065308,275,705,705,626
6.986803770065308,274,705,705,626
6.986803770065308,273,705,696,624
6.986803770065308,272,705,696,623
6.986803770065308,270,705,696,622
6.986803770065308,269,705,696,622
6.986803770065308,268,704,696,622
6.986803770065308,266,703,696,621
6.986803770065308,265,701,696,621
6.986803770065308,264,699,696,621
6.986803770065308,262,698,696,621
6.986803770065308,261,697,696,621
6.986803770065308,260,697,696,621
6.986803770065308,259,697,696,621
6.986803770065308,258,696,696,621
6.986803770065308,257,696,696,621
7.002925634384155,257,697,696,621
7.002925634384155,256,697,696,621
7.002925634384155,255,697,696,620
7.002925634384155,254,697,696,620
7.002925634384155,254,697,696,620
7.002925634384155,253,696,696,620
7.002925634384155,253,696,696,620
7.0094616413116455,253,696,696,620
7.0097715854644775,252,696,698,621
7.0097715854644775,252,696,698,621
7.0097715854644775,252,696,698,621
7.0097715854644775,252,696,698,621
7.0097715854644775,252,697,698,621
7.0097715854644775,252,697,698,621
7.0097715854644775,252,698,698,621
7.0097715854644775,252,698,698,621
7.0097715854644775,253,699,698,621
7.0097715854644775,253,699,698,621
7.018988847732544,253,699,698,621
7.018988847732544,254,699,698,621
7.018988847732544,255,700,698,621
7.018988847732544,255,699,698,620
7.018988847732544,256,700,698,620
7.018988847732544,257,700,698,620
7.018988847732544,258,700,698,620
7.018988847732544,259,699,698,620
7.018988847732544,260,699,698,620
7.018988847732544,261,699,698,620
7.018988847732544,262,699,698,620
7.018988847732544,263,699,698,620
7.018988847732544,264,699,706,622
7.018988847732544,265,699,706,622
7.018988847732544,267,699,706,623
7.018988847732544,268,699,706,623
7.018988847732544,270,700,706,624
7.034630537033081,271,701,706,624
7.034630537033081,272,702,706,624
7.034630537033081,274,703,706,624
7.034630537033081,275,704,706,624
7.034630537033081,276,705,706,624
7.034630537033081,278,706,706,624
7.034630537033081,279,707,706,624
7.0413219928741455,281,707,706,624
7.0413219928741455,282,707,706,624
7.0413219928741455,284,707,706,624
7.0413219928741455,285,707,706,624
7.0413219928741455,286,707,706,624
7.0413219928741455,287,707,706,624
7.0413219928741455,289,706,706,623
7.0413219928741455,290,706,706,624
7.0413219928741455,291,706,706,624
7.0413219928741455,292,706,706,624
7.050283670425415,293,706,702,623
7.050283670425415,294,706,702,622
7.050283670425415,295,706,702,622
7.050283670425415,296,705,702,622
7.050283670425415,297,705,702,622
7.050283670425415,297,704,702,622
7.050283670425415,298,703,702,622
7.050283670425415,298,702,702,622
7.050283670425415,298,702,702,622
7.050283670425415,299,702,702,622
7.050283670425415,299,701,702,622
7.050283670425415,299,701,702,622
7.050283670425415,299,701,702,622
7.050283670425415,299,701,702,622
7.050283670425415,299,701,702,622
7.050283670425415,299,701,702,622
7.050283670425415,299,700,702,622
7.0660178661346436,299,700,702,622
7.0660178661346436,298,701,702,623
7.0660178661346436,297,701,702,623
7.0660178661346436,297,701,702,623
7.0660178661346436,296,701,702,623
7.0660178661346436,296,701,690,620
7.0660178661346436,295,701,690,619
7.0660178661346436,294,701,690,618
7.0660178661346436,293,700,690,617
7.0660178661346436,292,699,690,617
7.0660178661346436,291,697,690,616
7.0660178661346436,290,694,690,616
7.0660178661346436,289,692,690,616
7.0660178661346436,288,691,690,616
7.0660178661346436,286,690,690,617
7.0660178661346436,285,689,690,617
7.0660178661346436,284,689,690,617
7.0819103717803955,283,688,690,617
7.0819103717803955,281,689,690,618
7.0819103717803955,280,689,690,617
7.0819103717803955,279,689,690,618
7.0819103717803955,278,690,690,617
7.0819103717803955,277,690,690,617
7.0819103717803955,275,691,690,617
7.0819103717803955,274,691,690,617
7.0819103717803955,273,691,690,617
7.0819103717803955,272,691,690,617
7.0819103717803955,271,691,682,615
7.0819103717803955,270,691,682,614
7.0819103717803955,269,690,682,613
7.0819103717803955,268,689,682,613
7.0819103717803955,267,688,682,612
7.0819103717803955,266,687,682,612
7.0819103717803955,265,685,682,612
7.0819103717803955,264,684,682,612
7.097933769226074,263,683,682,612
7.097933769226074,263,682,682,612
7.097933769226074,262,681,682,612
7.097933769226074,261,681,682,613
7.097933769226074,261,681,682,613
7.097933769226074,260,682,682,613
7.097933769226074,260,682,682,613
7.097933769226074,260,683,682,612
7.097933769226074,259,683,682,612
7.097933769226074,259,684,682,612
7.097933769226074,259,684,682,612
7.097933769226074,259,683,682,612
7.097933769226074,260,683,682,612
7.097933769226074,260,683,682,612
7.097933769226074,260,683,689,614
7.097933769226074,260,683,689,614
7.097933769226074,261,683,689,614
7.097933769226074,261,684,689,615
7.1140100955963135,261,684,689,615
7.1140100955963135,262,685,689,616
7.1140100955963135,262,687,689,615
7.1140100955963135,263,688,689,615
7.1140100955963135,264,689,689,615
7.1140100955963135,264,689,689,615
7.1140100955963135,265,690,689,615
7.1140100955963135,266,690,689,615
7.1140100955963135,266,690,689,615
7.1140100955963135,267,690,689,615
7.1140100955963135,268,690,689,615
7.1140100955963135,269,690,689,615
7.1140100955963135,270,690,689,615
7.1140100955963135,272,690,689,614
7.1140100955963135,273,690,689,614
7.1140100955963135,274,690,689,614
7.1140100955963135,275,690,689,614
7.1299803256988525,276,689,691,615
7.1314897537231445,278,689,691,615
7.131797552108765,279,689,691,615
7.133141040802002,280,689,691,615
7.133390665054321,281,689,691,615
7.133390665054321,282,689,691,616
7.133390665054321,283,690,691,616
7.133390665054321,284,690,691,616
7.133390665054321,285,691,691,616
7.133390665054321,287,691,691,616
7.133390665054321,288,692,691,616
7.133390665054321,289,692,691,615
7.133390665054321,290,692,691,615
7.141359090805054,291,692,691,615
7.141359090805054,292,692,691,615
7.141359090805054,293,691,691,615
7.141359090805054,293,691,691,615
7.141359090805054,295,690,691,615
7.146116495132446,295,690,691,615
7.146116495132446,296,690,691,616
7.146116495132446,297,690,691,616
7.146116495132446,297,690,691,616
7.146116495132446,298,690,690,616
7.146116495132446,298,691,690,615
7.146116495132446,299,691,690,615
7.146116495132446,299,691,690,615
7.146116495132446,299,691,690,615
7.146116495132446,299,690,690,615
7.146116495132446,299,690,690,615
7.146116495132446,299,689,690,615
7.146116495132446,299,689,690,615
7.146116495132446,299,689,690,616
7.146116495132446,299,689,690,616
7.146116495132446,299,689,690,616
7.146116495132446,299,689,690,616
7.1617817878723145,299,689,690,616
7.16271185874939,298,689,690,616
7.163783073425293,298,690,690,616
7.164294004440308,297,690,690,616
7.164294004440308,296,691,690,616
7.164294004440308,296,691,690,616
7.164294004440308,295,690,690,616
7.164294004440308,294,690,690,616
7.164294004440308,293,690,690,616
7.164294004440308,293,690,674,612
7.164294004440308,291,690,674,611
7.164294004440308,290,690,674,609
7.164294004440308,289,689,674,609
7.164294004440308,288,687,674,608
7.164294004440308,287,685,674,607
7.164294004440308,286,683,674,607
7.164294004440308,285,681,674,607
7.177664756774902,284,677,674,607
7.177664756774902,283,675,674,607
7.177664756774902,282,673,674,607
7.177664756774902,281,672,674,608
7.177664756774902,280,672,674,608
7.177664756774902,279,672,674,608
7.177664756774902,278,672,674,608
7.177664756774902,277,673,674,608
7.177664756774902,276,673,674,608
7.177664756774902,275,673,674,608
7.177664756774902,274,674,674,608
7.177664756774902,273,674,674,608
7.177664756774902,272,674,674,608
7.177664756774902,272,675,674,608
7.177664756774902,271,675,675,608
7.177664756774902,270,675,675,608
7.177664756774902,270,675,675,608
7.177664756774902,269,675,675,608
7.193490028381348,269,675,675,608
7.193490028381348,268,675,675,608
7.193490028381348,268,675,675,608
7.193490028381348,267,675,675,608
7.193490028381348,267,675,675,608
7.193490028381348,267,675,675,608
7.193490028381348,266,675,675,608
7.193490028381348,266,676,675,608
7.193490028381348,266,676,675,608
7.193490028381348,266,676,675,608
7.193490028381348,266,676,675,608
7.193490028381348,266,676,675,608
7.193490028381348,266,676,675,607
7.193490028381348,266,676,675,607
7.193490028381348,266,676,675,607
7.193490028381348,267,676,675,607
7.193490028381348,267,676,675,607
7.193490028381348,267,676,675,607
7.209806680679321,268,675,675,607
7.209806680679321,268,675,678,608
7.209806680679321,269,675,678,608
7.209806680679321,269,675,678,608
7.209806680679321,270,675,678,609
7.209806680679321,271,676,678,609
7.209806680679321,272,677,678,609
7.209806680679321,272,677,678,609
7.209806680679321,273,678,678,609
7.209806680679321,273,679,678,609
7.209806680679321,274,679,678,608
7.209806680679321,275,679,678,608
7.209806680679321,276,680,678,608
7.209806680679321,277,679,678,608
7.209806680679321,278,679,678,608
7.209806680679321,279,679,678,608
7.209806680679321,280,678,678,608
7.2250611782073975,281,678,678,608
7.225937366485596,282,678,678,608
7.225937366485596,283,678,678,608
7.225937366485596,284,678,678,608
7.225937366485596,285,678,678,608
7.225937366485596,286,678,678,608
7.225937366485596,287,678,682,609
7.225937366485596,288,678,682,609
7.225937366485596,289,678,682,610
7.225937366485596,290,678,682,610
7.225937366485596,291,678,682,610
7.225937366485596,292,679,682,611
7.225937366485596,292,680,682,611
7.225937366485596,293,680,682,611
7.225937366485596,294,681,682,611
7.225937366485596,295,682,682,611
7.225937366485596,295,683,682,611
7.240705728530884,296,683,682,610
7.241719961166382,297,683,682,610
7.242408275604248,298,683,682,610
7.242408275604248,298,683,682,610
7.242408275604248,299,683,682,610
7.242408275604248,299,682,682,610
7.242408275604248,300,682,682,610
7.242408275604248,300,681,682,610
7.242408275604248,300,681,682,610
7.242408275604248,300,681,682,610
7.242408275604248,300,681,682,610
7.242408275604248,300,681,674,608
7.242408275604248,300,681,674,608
7.242408275604248,300,681,674,607
7.242408275604248,300,680,674,607
7.242408275604248,300,679,674,606
7.242408275604248,299,678,674,606
7.256388187408447,299,677,674,606
7.256388187408447,298,675,674,606
7.256388187408447,298,674,674,606
7.258995532989502,297,673,674,606
7.258995532989502,297,673,674,607
7.258995532989502,296,672,674,607
7.258995532989502,296,672,674,607
7.258995532989502,295,672,674,607
7.258995532989502,294,673,674,607
7.258995532989502,294,673,674,607
7.258995532989502,293,673,674,607
7.258995532989502,292,674,674,607
7.258995532989502,291,674,674,607
7.258995532989502,291,674,674,607
7.258995532989502,290,674,674,607
7.258995532989502,289,674,674,607
7.258995532989502,288,674,666,605
7.258995532989502,287,674,666,605
7.272217750549316,287,674,666,604
7.272217750549316,285,673,666,603
7.274231910705566,285,672,666,603
7.276244401931763,284,671,666,602
7.276244401931763,283,670,666,602
7.276244401931763,282,668,666,602
7.276244401931763,281,667,666,603
7.276244401931763,280,666,666,603
7.276244401931763,279,665,666,603
7.276244401931763,279,665,666,603
7.276244401931763,278,666,666,603
7.276244401931763,277,666,666,603
7.276244401931763,276,666,666,603
7.276244401931763,276,666,666,603
7.276244401931763,275,667,666,603
7.276244401931763,274,667,666,603
7.276244401931763,274,667,666,603
7.288024187088013,274,667,666,603
7.289002895355225,273,667,666,603
7.289002895355225,273,667,666,602
7.289002895355225,273,667,666,602
7.289002895355225,272,667,666,602
7.289002895355225,272,667,666,602
7.289002895355225,272,667,666,602
7.289002895355225,272,667,666,602
7.289002895355225,271,666,666,602
7.289002895355225,271,666,666,602
7.289002895355225,271,666,666,602
7.289002895355225,271,666,666,602
7.289002895355225,272,666,666,602
7.289002895355225,272,666,666,602
7.289002895355225,272,666,666,602
7.289002895355225,272,666,666,602
7.289002895355225,272,666,666,602
7.289002895355225,272,666,666,602
7.304578542709351,273,666,666,602
7.305675268173218,273,666,666,602
7.306502103805542,274,667,666,602
7.307440996170044,274,667,666,602
7.308380365371704,275,667,666,602
7.3089399337768555,275,667,666,602
7.309462547302246,276,667,666,602
7.309462547302246,277,667,671,603
7.309462547302246,277,667,671,603
7.309462547302246,278,668,671,604
7.309462547302246,279,668,671,604
7.309462547302246,280,668,671,604
7.309462547302246,280,669,671,604
7.309462547302246,281,669,671,604
7.309462547302246,282,669,671,604
7.309462547302246,282,670,671,604
7.309462547302246,283,671,671,604
7.309462547302246,284,671,671,604
7.320793867111206,285,671,671,604
7.321294069290161,286,672,671,604
7.321294069290161,287,671,671,604
7.321294069290161,288,671,671,604
7.321294069290161,289,671,671,604
7.321294069290161,289,671,671,604
7.321294069290161,290,671,671,604
7.321294069290161,291,671,671,604
7.321294069290161,292,671,671,604
7.321294069290161,292,671,671,604
7.321294069290161,293,671,671,604
7.321294069290161,294,671,671,604
7.321294069290161,294,671,671,604
7.321294069290161,295,671,671,604
7.321294069290161,296,671,671,604
7.321294069290161,296,671,671,604
7.321294069290161,297,671,671,604
7.335839509963989,297,671,671,604
7.335839509963989,298,671,671,604
7.335839509963989,298,671,671,604
7.335839509963989,299,671,671,604
7.335839509963989,299,671,671,604
7.335839509963989,299,671,671,604
7.335839509963989,300,671,671,604
7.341677188873291,300,670,671,604
7.341677188873291,300,671,671,604
7.341677188873291,301,671,671,604
7.341677188873291,301,670,671,604
7.341677188873291,301,670,671,604
7.341677188873291,300,670,671,604
7.341677188873291,300,670,671,605
7.341677188873291,300,670,671,605
7.341677188873291,300,670,671,605
7.341677188873291,300,671,664,603
7.3515465259552,300,671,664,602
7.3515465259552,299,671,664,602
7.3515465259552,299,671,664,602
7.3515465259552,298,670,664,601
7.3515465259552,298,669,664,601
7.3515465259552,297,668,664,601
7.3515465259552,296,667,664,601
7.3515465259552,296,665,664,601
7.3515465259552,295,664,664,601
7.3515465259552,295,664,664,601
7.3515465259552,294,663,664,601
7.3515465259552,293,664,664,601
7.3515465259552,293,664,664,601
7.3515465259552,292,664,664,601
7.3515465259552,291,664,664,601
7.3515465259552,291,664,664,601
7.3515465259552,290,664,664,601
7.3515465259552,289,664,664,601
7.367349624633789,289,664,664,601
7.368597507476807,288,664,664,601
7.368926525115967,287,664,664,601
7.368926525115967,287,664,664,601
7.368926525115967,286,664,657,599
7.368926525115967,285,664,657,599
7.368926525115967,284,664,657,598
7.368926525115967,283,663,657,598
7.368926525115967,283,663,657,597
7.368926525115967,282,661,657,597
7.368926525115967,281,660,657,597
7.368926525115967,281,658,657,597
7.368926525115967,280,658,657,597
7.368926525115967,279,657,657,597
7.368926525115967,279,657,657,597
7.368926525115967,279,657,657,597
7.368926525115967,278,656,657,597
7.368926525115967,278,656,657,597
7.383327484130859,277,656,657,598
7.383327484130859,277,656,657,598
7.383327484130859,277,657,657,598
7.383327484130859,276,657,657,598
7.383327484130859,276,657,657,598
7.383327484130859,276,658,657,597
7.383327484130859,276,658,657,597
7.383327484130859,276,659,657,597
7.383327484130859,276,659,661,598
7.383327484130859,276,659,661,598
7.383327484130859,276,659,661,598
7.383327484130859,276,658,661,598
7.383327484130859,276,658,661,599
7.383327484130859,276,659,661,599
7.383327484130859,277,659,661,599
7.383327484130859,277,660,661,599
7.383327484130859,277,660,661,599
7.399254322052002,278,661,661,599
7.400202512741089,278,661,661,599
7.400202512741089,278,662,661,599
7.402216196060181,279,662,661,599
7.402216196060181,279,662,661,599
7.404228925704956,280,662,661,599
7.404228925704956,280,662,661,599
7.404228925704956,281,662,661,598
7.404228925704956,282,662,661,598
7.404228925704956,282,662,661,598
7.404228925704956,283,662,661,598
7.404228925704956,283,661,661,598
7.404228925704956,284,661,664,599
7.404228925704956,285,661,664,599
7.404228925704956,285,661,664,600
7.404228925704956,286,661,664,600
7.404228925704956,287,661,664,600
7.41491436958313,287,662,664,600
7.41491436958313,288,662,664,600
7.416979551315308,289,663,664,600
7.4174652099609375,290,664,664,600
7.4174652099609375,291,664,664,600
7.4174652099609375,291,664,664,600
7.4174652099609375,292,664,664,600
7.4174652099609375,293,664,664,600
7.4174652099609375,293,665,664,600
7.4174652099609375,293,665,664,600
7.4174652099609375,294,664,664,600
7.4174652099609375,295,664,664,600
7.4174652099609375,295,664,664,600
7.4174652099609375,297,664,664,600
7.4174652099609375,297,664,664,600
7.4174652099609375,297,664,664,600
7.4174652099609375,298,664,664,600
7.430643081665039,298,664,664,600
7.430643081665039,299,664,662,599
7.430643081665039,299,664,662,599
7.430643081665039,299,664,662,599
7.430643081665039,300,663,662,599
7.430643081665039,300,663,662,599
7.430643081665039,300,663,662,599
7.430643081665039,300,662,662,599
7.430643081665039,300,661,662,599
7.430643081665039,300,661,662,599
7.430643081665039,300,661,662,599
7.430643081665039,300,661,662,599
7.430643081665039,300,662,662,599
7.4418699741363525,300,662,662,599
7.4418699741363525,300,661,662,599
7.4418699741363525,300,661,662,599
7.4418699741363525,300,661,662,600
7.4418699741363525,300,661,662,600
7.447125434875488,299,661,662,600
7.447824954986572,299,662,662,600
7.447824954986572,299,662,662,600
7.447824954986572,298,662,662,600
7.447824954986572,298,662,662,600
7.447824954986572,297,663,655,597
7.447824954986572,297,662,655,597
7.447824954986572,296,662,655,597
7.447824954986572,296,662,655,596
7.447824954986572,295,661,655,595
7.447824954986572,295,659,655,595
7.447824954986572,294,658,655,595
7.447824954986572,293,656,655,595
7.447824954986572,292,655,655,596
7.447824954986572,292,654,655,596
7.447824954986572,291,653,655,596
7.447824954986572,291,653,655,596
7.462096929550171,290,653,655,596
7.462096929550171,290,654,655,596
7.462096929550171,289,654,655,596
7.462096929550171,288,654,655,596
7.462096929550171,288,655,655,596
7.462096929550171,287,655,655,596
7.462096929550171,286,655,655,596
7.462096929550171,286,655,655,596
7.462096929550171,286,655,655,596
7.462096929550171,285,655,655,596
7.462096929550171,285,655,653,596
7.462096929550171,284,655,653,595
7.462096929550171,284,655,653,595
7.462096929550171,283,655,653,595
7.462096929550171,283,655,653,595
7.462096929550171,283,654,653,595
7.462096929550171,282,654,653,595
7.462096929550171,282,654,653,595
7.477964639663696,281,654,653,595
7.477964639663696,281,653,653,595
7.477964639663696,281,653,653,595
7.477964639663696,281,654,653,595
7.477964639663696,280,654,653,595
7.477964639663696,280,654,653,594
7.477964639663696,280,654,653,594
7.477964639663696,280,654,653,594
7.477964639663696,280,654,653,594
7.477964639663696,280,653,653,594
7.477964639663696,280,653,653,594
7.477964639663696,280,653,653,594
7.477964639663696,281,652,653,595
7.477964639663696,281,653,653,595
7.477964639663696,318,653,656,595
7.477964639663696,318,653,656,595
7.477964639663696,318,653,656,596
7.493783235549927,319,654,656,596
7.493783235549927,282,654,656,596
7.493783235549927,282,655,656,596
7.493783235549927,283,656,656,596
7.493783235549927,283,656,656,596
7.493783235549927,284,656,656,596
7.493783235549927,284,657,656,596
7.493783235549927,284,657,656,595
7.493783235549927,285,657,656,595
7.493783235549927,285,657,656,595
7.493783235549927,286,657,656,595
7.493783235549927,287,657,656,595
7.493783235549927,287,656,656,595
7.493783235549927,288,656,656,595
7.493783235549927,288,655,656,596
7.493783235549927,289,655,656,596
7.493783235549927,289,655,656,596
7.509650230407715,290,656,656,596
7.510699033737183,290,656,656,596
7.510699033737183,291,657,657,596
7.510699033737183,291,657,657,596
7.510699033737183,292,657,657,596
7.510699033737183,293,657,657,596
7.510699033737183,293,657,657,596
7.510699033737183,294,657,657,596
7.510699033737183,294,657,657,596
7.510699033737183,295,656,657,596
7.510699033737183,296,656,657,596
7.510699033737183,296,656,657,596
7.510699033737183,297,657,657,596
7.510699033737183,297,657,657,596
7.510699033737183,297,657,657,596
7.510699033737183,298,657,657,596
7.510699033737183,298,657,657,596
7.510699033737183,298,657,657,596
7.525355577468872,299,657,657,596
7.526733160018921,299,657,657,596
7.526733160018921,300,657,657,596
7.526733160018921,300,657,657,596
7.526733160018921,300,657,657,596
7.526733160018921,300,657,657,596
7.526733160018921,300,657,656,596
7.526733160018921,300,657,656,596
7.526733160018921,300,657,656,596
7.526733160018921,300,657,656,595
7.526733160018921,301,656,656,595
7.526733160018921,301,656,656,596
7.526733160018921,301,656,656,596
7.526733160018921,300,656,656,596
7.526733160018921,300,655,656,596
7.526733160018921,300,655,656,596
7.526733160018921,300,655,656,596
7.526733160018921,300,655,656,596
7.541886568069458,299,656,656,596
7.541886568069458,299,656,656,596
7.541886568069458,299,656,656,596
7.541886568069458,298,656,656,596
7.541886568069458,298,656,656,596
7.541886568069458,298,656,656,596
7.541886568069458,297,656,656,596
7.541886568069458,297,656,656,596
7.541886568069458,296,656,656,596
7.541886568069458,296,656,656,596
7.541886568069458,296,656,648,594
7.541886568069458,295,656,648,593
7.541886568069458,295,656,648,593
7.541886568069458,294,655,648,592
7.541886568069458,294,654,648,592
7.541886568069458,293,653,648,592
7.541886568069458,293,651,648,592
7.557177305221558,292,650,648,592
7.557177305221558,291,650,648,592
7.557177305221558,291,648,648,592
7.557177305221558,290,648,648,592
7.557177305221558,289,648,648,592
7.557177305221558,289,648,648,592
7.557177305221558,289,648,648,592
7.557177305221558,288,648,648,592
7.557177305221558,288,648,648,592
7.557177305221558,287,648,648,592
7.557177305221558,287,648,648,592
7.557177305221558,286,648,648,592
7.557177305221558,286,648,648,592
7.557177305221558,285,648,648,592
7.557177305221558,285,648,648,592
7.557177305221558,285,648,649,592
7.557177305221558,285,648,649,592
7.557177305221558,285,648,649,592
7.57304048538208,285,648,649,592
7.5744476318359375,284,648,649,592
7.5744476318359375,284,649,649,592
7.5744476318359375,284,649,649,592
7.576462745666504,284,649,649,592
7.576462745666504,284,649,649,592
7.578502655029297,283,649,649,592
7.578884124755859,283,649,649,592
7.578884124755859,283,649,649,592
7.578884124755859,283,649,649,592
7.578884124755859,283,649,649,592
7.578884124755859,284,649,649,592
7.578884124755859,284,649,649,592
7.578884124755859,284,649,649,592
7.578884124755859,284,649,649,592
7.578884124755859,284,649,649,592
7.578884124755859,284,649,649,592
7.578884124755859,285,650,649,592
7.588782072067261,285,650,649,592
7.588782072067261,285,649,649,592
7.588782072067261,286,650,651,593
7.588782072067261,286,650,651,593
7.588782072067261,287,650,651,593
7.588782072067261,287,650,651,593
7.588782072067261,287,651,651,593
7.588782072067261,288,651,651,593
7.588782072067261,288,651,651,593
7.588782072067261,288,651,651,593
7.588782072067261,289,651,651,593
7.588782072067261,289,651,651,593
7.588782072067261,290,652,651,593
7.588782072067261,290,652,651,592
7.588782072067261,290,652,651,592
7.588782072067261,291,652,651,592
7.588782072067261,292,651,651,592
7.604579925537109,292,651,651,592
7.604579925537109,293,651,651,592
7.606596231460571,293,650,651,592
7.606596231460571,294,650,651,592
7.606596231460571,294,650,651,593
7.606596231460571,295,650,651,593
7.606596231460571,295,650,651,593
7.606596231460571,296,650,653,593
7.606596231460571,296,650,653,593
7.606596231460571,297,651,653,593
7.606596231460571,297,651,653,594
7.606596231460571,298,651,653,594
7.606596231460571,298,652,653,594
7.606596231460571,298,652,653,594
7.606596231460571,299,653,653,594
7.606596231460571,299,653,653,594
7.606596231460571,299,653,653,594
7.606596231460571,299,654,653,594
7.620295524597168,300,653,653,594
7.621716737747192,300,653,653,594
7.622300148010254,300,653,653,594
7.622300148010254,301,653,653,594
7.622300148010254,301,653,653,594
7.622300148010254,301,654,653,594
7.622300148010254,301,653,653,594
7.622300148010254,301,653,653,594
7.622300148010254,301,653,653,594
7.622300148010254,301,653,653,594
7.622300148010254,301,653,653,594
7.622300148010254,301,653,648,592
7.622300148010254,301,653,648,592
7.622300148010254,301,653,648,592
7.622300148010254,300,652,648,591
7.622300148010254,300,652,648,591
7.622300148010254,300,651,648,591
7.6359686851501465,300,649,648,591
7.6359686851501465,299,649,648,591
7.6359686851501465,299,648,648,591
7.6359686851501465,299,647,648,591
7.6359686851501465,298,647,648,592
7.6359686851501465,298,647,648,592
7.642225742340088,297,647,648,592
7.642827033996582,297,647,648,592
7.643138885498047,297,648,648,592
7.643138885498047,297,648,648,592
7.643138885498047,296,648,648,592
7.643138885498047,296,649,648,592
7.643138885498047,295,649,648,591
7.643138885498047,295,649,648,591
7.643138885498047,294,649,648,591
7.643138885498047,294,649,648,591
7.643138885498047,329,648,644,590
7.651618480682373,329,648,644,590
7.651618480682373,328,647,644,590
7.651618480682373,327,646,644,590
7.651618480682373,327,646,644,590
7.651618480682373,291,646,644,589
7.651618480682373,291,645,644,589
7.651618480682373,290,645,644,589
7.651618480682373,290,645,644,589
7.651618480682373,289,645,644,589
7.651618480682373,289,644,644,589
7.651618480682373,288,644,644,589
7.651618480682373,288,644,644,589
7.651618480682373,288,643,644,590
7.651618480682373,288,643,644,590
7.651618480682373,288,643,644,590
7.651618480682373,288,643,644,590
7.651618480682373,287,644,644,590
7.667412996292114,287,644,644,590
7.667412996292114,287,645,644,590
7.667412996292114,287,645,644,589
7.667412996292114,286,645,644,589
7.667412996292114,286,646,645,589
7.667412996292114,286,646,645,589
7.667412996292114,286,645,645,589
7.667412996292114,286,645,645,589
7.667412996292114,287,645,645,589
7.667412996292114,287,644,645,590
7.667412996292114,287,644,645,590
7.667412996292114,287,644,645,590
7.667412996292114,286,644,645,590
7.667412996292114,287,644,645,590
7.667412996292114,287,645,645,590
7.667412996292114,287,645,645,590
7.667412996292114,287,646,645,590
7.683211088180542,288,646,645,590
7.683211088180542,288,646,645,589
7.683211088180542,288,646,645,589
7.683211088180542,288,646,645,589
7.683211088180542,289,646,645,589
7.683211088180542,289,646,645,589
7.683211088180542,290,645,645,589
7.683211088180542,290,645,645,589
7.683211088180542,290,644,645,589
7.683211088180542,291,644,649,590
7.683211088180542,291,644,649,591
7.683211088180542,292,644,649,591
7.683211088180542,292,644,649,592
7.683211088180542,292,645,649,592
7.683211088180542,293,646,649,592
7.683211088180542,293,647,649,592
7.683211088180542,294,648,649,592
7.683211088180542,294,649,649,592
7.69900107383728,294,650,649,592
7.700204133987427,295,650,649,592
7.700455665588379,295,650,649,591
7.700455665588379,296,650,649,591
7.700455665588379,296,650,649,591
7.700455665588379,297,650,649,591
7.700455665588379,297,649,649,591
7.700455665588379,298,649,649,591
7.700455665588379,298,648,649,591
7.700455665588379,298,648,649,592
7.700455665588379,299,648,649,592
7.700455665588379,299,648,649,592
7.700455665588379,299,648,649,592
7.700455665588379,334,649,646,591
7.700455665588379,335,649,646,591
7.700455665588379,335,649,646,590
7.700455665588379,335,649,646,590
7.714668035507202,336,649,646,590
7.714668035507202,301,648,646,590
7.714668035507202,301,648,646,590
7.714668035507202,301,647,646,590
7.714668035507202,301,645,646,590
7.714668035507202,301,645,646,590
7.714668035507202,301,645,646,590
7.714668035507202,301,645,646,590
7.714668035507202,301,645,646,590
7.714668035507202,301,646,646,591
7.714668035507202,301,646,646,590
7.714668035507202,301,646,646,590
7.714668035507202,301,646,646,590
7.714668035507202,301,646,646,590
7.714668035507202,301,646,646,590
7.714668035507202,301,646,646,590
7.714668035507202,300,646,646,590
7.714668035507202,300,646,646,590
7.730460166931152,300,645,645,590
7.731834173202515,300,645,645,590
7.731834173202515,300,645,645,590
7.733205795288086,299,645,645,590
7.733205795288086,299,645,645,590
7.733205795288086,298,645,645,590
7.733205795288086,298,645,645,590
7.733205795288086,298,645,645,590
7.733205795288086,297,645,645,590
7.733205795288086,297,645,645,590
7.733205795288086,297,645,645,590
7.733205795288086,296,645,645,590
7.733205795288086,296,646,645,590
7.742103338241577,296,645,645,590
7.742103338241577,295,645,645,590
7.742103338241577,295,645,645,590
7.742103338241577,295,645,645,590
7.742103338241577,294,645,645,590
7.746520519256592,294,645,645,590
7.746520519256592,294,645,645,590
7.746520519256592,293,645,645,590
7.746520519256592,293,645,645,590
7.746520519256592,293,645,640,589
7.746520519256592,292,645,640,588
7.746520519256592,292,645,640,588
7.746520519256592,292,645,640,588
7.746520519256592,291,645,640,588
7.746520519256592,291,644,640,587
7.746520519256592,291,643,640,587
7.746520519256592,290,642,640,587
7.746520519256592,290,641,640,587
7.746520519256592,290,641,640,587
7.746520519256592,289,640,640,587
7.746520519256592,289,640,640,587
7.746520519256592,289,640,640,587
7.746520519256592,289,640,640,587
7.762481689453125,289,640,640,587
7.762481689453125,289,640,640,587
7.762481689453125,289,640,640,587
7.762481689453125,289,640,640,587
7.762481689453125,289,640,640,587
7.762481689453125,288,640,640,587
7.762481689453125,288,640,640,587
7.762481689453125,288,640,640,587
7.762481689453125,288,640,640,587
7.762481689453125,288,640,644,588
7.762481689453125,289,640,644,589
7.762481689453125,289,640,644,589
7.762481689453125,289,641,644,589
7.762481689453125,289,641,644,589
7.762481689453125,290,642,644,589
7.762481689453125,290,643,644,589
7.762481689453125,290,644,644,589
7.778202533721924,290,644,644,589
7.778202533721924,291,644,644,589
7.778202533721924,291,644,644,589
7.778202533721924,291,645,644,589
7.778202533721924,291,645,644,589
7.778202533721924,292,645,644,589
7.778202533721924,292,645,644,589
7.778202533721924,292,645,644,589
7.778202533721924,293,644,644,589
7.778202533721924,293,644,644,589
7.778202533721924,293,644,644,589
7.778202533721924,294,644,644,589
7.778202533721924,294,644,644,589
7.778202533721924,294,645,644,589
7.778202533721924,295,645,644,588
7.778202533721924,295,645,644,588
7.778202533721924,296,645,644,588
7.793931245803833,296,644,644,588
7.79487156867981,296,644,644,588
7.795440196990967,297,644,644,588
7.795440196990967,297,643,644,589
7.795440196990967,297,643,644,589
7.795440196990967,298,642,644,589
7.795440196990967,298,642,644,589
7.795440196990967,298,642,644,589
7.795440196990967,299,643,644,589
7.795440196990967,299,644,644,589
7.795440196990967,299,644,644,589
7.795440196990967,299,644,644,589
7.795440196990967,300,645,644,589
7.795440196990967,300,645,644,589
7.795440196990967,300,644,644,589
7.795440196990967,300,644,644,589
7.795440196990967,301,644,644,589
7.795440196990967,301,644,644,589
7.809791326522827,301,644,644,589
7.809791326522827,301,644,644,589
7.809791326522827,302,644,644,589
7.809791326522827,302,644,644,589
7.809791326522827,302,644,644,589
7.809791326522827,302,644,644,589
7.809791326522827,302,644,644,589
7.809791326522827,302,644,644,589
7.809791326522827,301,644,644,589
7.809791326522827,301,644,644,589
7.809791326522827,301,644,644,589
7.809791326522827,301,644,644,589
7.809791326522827,301,644,644,589
7.809791326522827,301,644,644,589
7.809791326522827,301,644,644,589
7.809791326522827,301,644,644,589
7.809791326522827,300,644,644,589
7.809791326522827,300,644,644,589
7.825704336166382,300,644,644,589
7.825704336166382,300,644,644,589
7.825704336166382,300,644,644,589
7.825704336166382,300,644,644,589
7.825704336166382,300,644,644,589
7.825704336166382,299,644,644,589
7.825704336166382,333,644,639,588
7.825704336166382,333,644,639,587
7.825704336166382,333,644,639,587
7.825704336166382,332,643,639,587
7.825704336166382,297,643,639,586
7.825704336166382,297,642,639,586
7.825704336166382,296,641,639,586
7.825704336166382,296,640,639,586
7.825704336166382,296,639,639,586
7.825704336166382,295,638,639,586
7.825704336166382,295,638,639,586
7.841441631317139,295,637,639,587
7.84195876121521,294,638,639,587
7.84195876121521,294,638,639,587
7.84195876121521,294,638,639,587
7.84195876121521,293,639,639,587
7.84195876121521,293,640,639,587
7.84195876121521,293,640,639,587
7.84195876121521,293,640,639,587
7.84195876121521,293,640,639,587
7.84195876121521,293,640,639,586
7.84195876121521,292,640,639,586
7.84195876121521,292,640,640,587
7.84195876121521,292,640,640,587
7.84195876121521,291,640,640,587
7.84195876121521,291,640,640,587
7.84195876121521,291,640,640,587
7.84195876121521,291,640,640,587
7.84195876121521,291,640,640,587
7.857266902923584,291,640,640,587
7.858943700790405,291,640,640,587
7.858943700790405,291,640,640,587
7.858943700790405,291,640,640,587
7.858943700790405,291,640,640,587
7.858943700790405,291,640,640,587
7.858943700790405,291,641,640,587
7.858943700790405,291,641,640,586
7.858943700790405,291,641,640,586
7.858943700790405,291,640,640,586
7.858943700790405,291,640,640,586
7.858943700790405,291,640,640,586
7.858943700790405,291,640,640,586
7.858943700790405,291,640,640,586
7.858943700790405,292,639,640,586
7.858943700790405,292,639,641,587
7.858943700790405,292,639,641,587
7.872949600219727,292,639,641,587
7.8739378452301025,292,639,641,587
7.8739378452301025,292,640,641,588
7.8739378452301025,293,640,641,588
7.8739378452301025,293,640,641,588
7.8739378452301025,293,640,641,588
7.8739378452301025,293,641,641,588
7.8739378452301025,294,641,641,588
7.8739378452301025,294,642,641,588
7.8739378452301025,294,642,641,587
7.8739378452301025,294,643,641,587
7.8739378452301025,295,643,641,587
7.8739378452301025,295,642,641,587
7.8739378452301025,296,642,641,587
7.8739378452301025,296,642,641,587
7.8739378452301025,296,642,641,587
7.8739378452301025,296,641,641,587
7.8739378452301025,297,641,641,587
7.889028310775757,297,641,641,587
7.889028310775757,297,641,641,587
7.889028310775757,297,641,642,587
7.889028310775757,298,641,642,587
7.889028310775757,298,641,642,587
7.889028310775757,298,641,642,587
7.889028310775757,299,641,642,587
7.889028310775757,299,641,642,587
7.889028310775757,299,641,642,588
7.889028310775757,299,641,642,588
7.889028310775757,300,641,642,588
7.889028310775757,300,641,642,588
7.889028310775757,300,641,642,588
7.889028310775757,300,642,642,588
7.889028310775757,300,642,642,588
7.889028310775757,301,642,642,588
7.889028310775757,301,643,642,588
7.9047815799713135,301,643,642,587
7.9047815799713135,301,643,642,587
7.9047815799713135,301,643,642,587
7.9047815799713135,301,643,642,587
7.9047815799713135,301,642,642,587
7.9047815799713135,301,642,642,587
7.9047815799713135,301,641,642,587
7.9047815799713135,301,641,641,587
7.9047815799713135,301,641,641,587
7.9047815799713135,301,641,641,587
7.9047815799713135,301,641,641,587
7.9047815799713135,301,641,641,587
7.9047815799713135,301,641,641,587
7.9047815799713135,301,640,641,587
7.9047815799713135,301,640,641,588
7.9047815799713135,301,640,641,588
7.9047815799713135,301,640,641,588
7.9047815799713135,301,640,641,588
7.920781850814819,300,641,641,588
7.922065019607544,300,641,641,588
7.922630548477173,300,642,641,588
7.922630548477173,300,642,641,587
7.922630548477173,299,643,641,587
7.922630548477173,299,643,641,587
7.922630548477173,299,642,641,587
7.922630548477173,299,642,641,587
7.922630548477173,298,641,641,587
7.922630548477173,298,641,641,587
7.922630548477173,298,641,641,587
7.922630548477173,332,641,637,586
7.922630548477173,331,640,637,586
7.922630548477173,331,640,637,586
7.922630548477173,331,640,637,586
7.922630548477173,330,640,637,585
7.922630548477173,295,639,637,585
7.936519622802734,295,639,637,585
7.936519622802734,295,638,637,585
7.936519622802734,295,637,637,585
7.936519622802734,295,637,637,585
7.936519622802734,295,637,637,585
7.936519622802734,294,636,637,585
7.942021369934082,294,637,637,586
7.942021369934082,294,637,637,585
7.942021369934082,293,637,637,585
7.942021369934082,293,637,637,585
7.942021369934082,293,637,637,585
7.942021369934082,293,637,637,585
7.942021369934082,293,637,637,585
7.942021369934082,292,637,637,585
7.942021369934082,292,637,637,585
7.942021369934082,292,637,637,585
7.942021369934082,326,636,639,586
7.942021369934082,326,637,639,586
7.952294588088989,326,637,639,586
7.952294588088989,326,637,639,587
7.952294588088989,326,637,639,587
7.952294588088989,292,638,639,587
7.952294588088989,292,638,639,587
7.952294588088989,292,639,639,587
7.952294588088989,292,639,639,587
7.952294588088989,292,640,639,586
7.952294588088989,292,640,639,586
7.952294588088989,292,640,639,586
7.952294588088989,292,640,639,586
7.952294588088989,292,640,639,586
7.952294588088989,292,640,639,586
7.952294588088989,292,640,639,586
7.952294588088989,293,639,639,586
7.952294588088989,293,639,639,586
7.952294588088989,293,639,639,586
7.968117952346802,293,639,639,586
7.968117952346802,293,639,639,586
7.968117952346802,293,639,639,586
7.968117952346802,328,639,638,586
7.968117952346802,328,639,638,586
7.968117952346802,329,639,638,586
7.968117952346802,329,639,638,585
7.968117952346802,330,639,638,585
7.968117952346802,295,639,638,585
7.968117952346802,296,639,638,585
7.968117952346802,296,639,638,585
7.968117952346802,296,639,638,585
7.968117952346802,296,638,638,585
7.968117952346802,296,638,638,585
7.968117952346802,297,638,638,585
7.968117952346802,297,637,638,586
7.968117952346802,297,637,638,586
7.984116554260254,297,637,638,586
7.984116554260254,298,637,638,586
7.984116554260254,298,638,638,586
7.984116554260254,298,638,638,586
7.984116554260254,299,639,638,586
7.984116554260254,299,639,638,585
7.984116554260254,299,639,638,585
7.984116554260254,299,639,638,585
7.984116554260254,300,639,641,586
7.984116554260254,300,638,641,586
7.984116554260254,300,638,641,586
7.984116554260254,301,638,641,587
7.984116554260254,301,638,641,587
7.984116554260254,301,638,641,587
7.984116554260254,301,639,641,587
7.984116554260254,301,639,641,587
7.984116554260254,301,640,641,587
7.984116554260254,301,640,641,587
7.999799489974976,301,640,641,587
8.001276969909668,301,641,641,587
8.00153636932373,301,641,641,587
8.00153636932373,301,641,641,587
8.00153636932373,302,641,641,587
8.00153636932373,302,641,641,587
8.00153636932373,301,641,641,587
8.00153636932373,301,641,641,587
8.00153636932373,301,641,641,587
8.00153636932373,302,641,641,587
8.00153636932373,302,641,641,588
8.00153636932373,302,641,641,587
8.00153636932373,302,641,636,586
8.00153636932373,302,641,636,586
8.00153636932373,301,641,636,585
8.00153636932373,301,641,636,585
8.00153636932373,301,640,636,585
8.01556921005249,301,640,636,584
8.01556921005249,300,639,636,584
8.01556921005249,300,638,636,584
8.01556921005249,300,637,636,584
8.01556921005249,300,636,636,584
8.01556921005249,300,636,636,585
8.01556921005249,299,635,636,585
8.01556921005249,299,635,636,585
8.01556921005249,298,635,636,585
8.01556921005249,298,635,636,585
8.01556921005249,298,636,636,585
8.01556921005249,298,636,636,585
8.01556921005249,298,636,636,585
8.01556921005249,297,637,636,585
8.01556921005249,297,637,636,585
8.01556921005249,297,637,636,585
8.01556921005249,297,636,636,585
8.031217575073242,296,637,636,585
8.031217575073242,296,637,636,584
8.031217575073242,296,637,636,584
8.031217575073242,296,637,636,584
8.031217575073242,295,637,636,584
8.031217575073242,295,636,636,584
8.031217575073242,295,635,636,584
8.031217575073242,295,635,636,585
8.031217575073242,295,634,636,585
8.031217575073242,294,634,636,585
8.031217575073242,294,634,636,585
8.031217575073242,294,635,636,585
8.042312383651733,294,635,636,585
8.042312383651733,294,636,636,585
8.042312383651733,294,637,636,585
8.042312383651733,293,637,636,585
8.042312383651733,293,637,636,585
8.046903610229492,293,637,636,585
8.046903610229492,293,637,636,585
8.046903610229492,293,637,636,584
8.046903610229492,293,637,636,584
8.046903610229492,293,637,636,584
8.046903610229492,328,637,636,584
8.046903610229492,328,636,636,584
8.046903610229492,328,636,636,584
8.046903610229492,328,636,636,584
8.046903610229492,293,635,636,584
8.046903610229492,293,635,636,585
8.046903610229492,294,635,636,585
8.046903610229492,294,635,636,585
8.046903610229492,294,636,636,585
8.046903610229492,294,636,636,585
8.046903610229492,294,636,636,585
8.046903610229492,294,636,636,585
8.046903610229492,294,637,636,584
8.06290578842163,295,637,636,584
8.06290578842163,295,637,636,584
8.064318418502808,295,637,636,584
8.064318418502808,296,637,636,584
8.064318418502808,296,636,636,584
8.064318418502808,296,636,636,584
8.064318418502808,296,636,636,584
8.064318418502808,296,635,636,584
8.064318418502808,296,635,636,584
8.064318418502808,331,635,639,585
8.064318418502808,331,635,639,586
8.064318418502808,331,635,639,586
8.064318418502808,331,636,639,586
8.064318418502808,332,637,639,586
8.064318418502808,298,637,639,586
8.064318418502808,298,639,639,586
8.064318418502808,298,639,639,586
8.078636169433594,299,639,639,586
8.078636169433594,299,639,639,586
8.078636169433594,299,639,639,586
8.078636169433594,299,639,639,586
8.078636169433594,300,639,639,586
8.078636169433594,300,639,639,586
8.078636169433594,300,640,639,586
8.078636169433594,300,639,639,586
8.078636169433594,301,639,639,586
8.078636169433594,301,639,639,586
8.078636169433594,301,639,639,586
8.078636169433594,301,639,639,586
8.078636169433594,301,640,639,586
8.078636169433594,301,640,639,586
8.078636169433594,335,640,637,585
8.078636169433594,335,640,637,585
8.078636169433594,335,639,637,585
8.078636169433594,335,639,637,585
8.094711065292358,301,639,637,584
8.096206188201904,301,638,637,584
8.096206188201904,301,638,637,584
8.096206188201904,301,637,637,584
8.096206188201904,302,637,637,584
8.096206188201904,302,636,637,584
8.096206188201904,302,636,637,585
8.096206188201904,301,635,637,585
8.096206188201904,301,635,637,585
8.096206188201904,301,635,637,585
8.096206188201904,301,636,637,585
8.096206188201904,301,636,637,585
8.096206188201904,301,636,637,585
8.096206188201904,301,637,637,585
8.096206188201904,301,637,637,585
8.096206188201904,301,637,637,585
8.096206188201904,301,637,637,585
8.110782623291016,300,637,637,585
8.110782623291016,300,637,635,585
8.110782623291016,300,637,635,585
8.110782623291016,299,637,635,585
8.110782623291016,299,637,635,584
8.110782623291016,299,637,635,584
8.110782623291016,299,637,635,584
8.110782623291016,299,636,635,584
8.110782623291016,299,636,635,584
8.110782623291016,298,635,635,584
8.110782623291016,298,635,635,584
8.110782623291016,298,635,635,584
8.110782623291016,297,635,635,584
8.110782623291016,297,635,635,584
8.110782623291016,297,635,635,584
8.110782623291016,297,634,635,584
8.110782623291016,297,634,635,584
8.110782623291016,297,635,635,584
8.126784086227417,297,635,635,584
8.126784086227417,296,635,635,584
8.128711938858032,296,635,635,584
8.128711938858032,296,635,635,584
8.128711938858032,296,635,635,584
8.128711938858032,296,635,635,584
8.128711938858032,296,635,635,584
8.128711938858032,296,635,635,584
8.128711938858032,296,635,635,584
8.128711938858032,295,635,635,584
8.128711938858032,295,635,635,584
8.128711938858032,295,635,635,584
8.128711938858032,295,635,635,584
8.128711938858032,295,635,635,584
8.128711938858032,294,635,635,584
8.128711938858032,294,635,635,584
8.128711938858032,294,635,635,584
8.128711938858032,294,635,635,584
8.1423020362854,294,635,635,584
8.1423020362854,294,635,635,584
8.1423020362854,294,636,635,584
8.1423020362854,294,636,635,584
8.1423020362854,294,635,635,584
8.1423020362854,294,635,635,584
8.1423020362854,295,636,635,584
8.1423020362854,295,635,635,584
8.1423020362854,295,636,635,584
8.1423020362854,295,636,635,584
8.1423020362854,295,636,636,584
8.1423020362854,295,636,636,584
8.1423020362854,295,636,636,584
8.1423020362854,295,636,636,584
8.1423020362854,295,636,636,584
8.1423020362854,295,636,636,584
8.1423020362854,295,636,636,584
8.157980680465698,296,635,636,584
8.159180879592896,296,635,636,584
8.15974497795105,296,635,636,584
8.15974497795105,296,635,636,584
8.15974497795105,296,635,636,584
8.15974497795105,296,636,636,584
8.15974497795105,296,636,636,584
8.15974497795105,297,636,636,584
8.15974497795105,297,636,636,584
8.15974497795105,297,636,636,584
8.15974497795105,297,636,636,584
8.15974497795105,297,636,636,584
8.15974497795105,298,636,636,584
8.15974497795105,298,636,636,584
8.15974497795105,298,636,636,584
8.15974497795105,298,636,636,584
8.15974497795105,298,636,636,584
8.15974497795105,298,636,636,584
8.173906803131104,299,636,636,584
8.173906803131104,299,636,636,584
8.173906803131104,299,636,636,584
8.173906803131104,299,636,636,584
8.173906803131104,299,636,636,584
8.173906803131104,300,636,636,584
8.173906803131104,300,636,636,584
8.173906803131104,300,636,636,584
8.173906803131104,300,636,636,584
8.173906803131104,300,636,636,584
8.173906803131104,300,636,636,584
8.173906803131104,300,636,636,584
8.173906803131104,300,636,636,584
8.173906803131104,300,635,636,584
8.173906803131104,300,636,636,585
8.173906803131104,300,636,636,584
8.173906803131104,301,636,636,584
8.173906803131104,301,636,636,584
8.1898353099823,301,636,636,584
8.190764427185059,301,636,636,584
8.190764427185059,301,636,636,584
8.190764427185059,301,636,636,584
8.190764427185059,301,636,636,584
8.190764427185059,301,636,636,584
8.190764427185059,301,636,636,584
8.190764427185059,301,636,636,584
8.190764427185059,301,636,636,584
8.190764427185059,301,635,636,584
8.190764427185059,301,636,636,584
8.190764427185059,301,635,636,584
8.190764427185059,300,635,636,584
8.190764427185059,300,635,636,585
8.190764427185059,300,635,636,585
8.190764427185059,300,635,636,585
8.190764427185059,300,636,636,585
8.190764427185059,300,636,636,585
8.20679783821106,300,637,636,585
8.20679783821106,300,637,636,584
8.20679783821106,300,637,636,584
8.20679783821106,299,637,636,584
8.20679783821106,299,637,636,584
8.20679783821106,299,637,636,584
8.20679783821106,333,636,633,583
8.20679783821106,333,636,633,583
8.20679783821106,332,635,633,583
8.20679783821106,332,635,633,583
8.20679783821106,298,635,633,583
8.20679783821106,298,634,633,583
8.20679783821106,298,634,633,583
8.20679783821106,297,634,633,583
8.20679783821106,297,633,633,583
8.20679783821106,297,633,633,583
8.20679783821106,297,633,633,583
8.221650838851929,297,633,633,583
8.221650838851929,297,633,633,583
8.221650838851929,297,633,633,583
8.221650838851929,297,633,633,583
8.221650838851929,296,633,633,583
8.221650838851929,296,634,633,583
8.221650838851929,296,634,633,583
8.221650838851929,296,634,633,582
8.221650838851929,296,634,633,582
8.221650838851929,296,634,633,582
8.221650838851929,296,633,633,582
8.221650838851929,329,633,635,583
8.221650838851929,329,633,635,583
8.221650838851929,329,632,635,583
8.221650838851929,329,632,635,584
8.221650838851929,295,633,635,584
8.221650838851929,295,633,635,584
8.23734164237976,295,634,635,584
8.2382493019104,295,634,635,584
8.239086627960205,295,635,635,584
8.239086627960205,295,635,635,584
8.239086627960205,295,635,635,584
8.239086627960205,295,635,635,584
8.2424635887146,295,636,635,584
8.2424635887146,295,636,635,584
8.2424635887146,295,636,635,583
8.2424635887146,295,636,635,583
8.2424635887146,295,636,635,583
8.2424635887146,296,636,635,583
8.2424635887146,296,635,635,583
8.2424635887146,296,635,635,583
8.2424635887146,296,634,635,584
8.2424635887146,296,634,635,584
8.2424635887146,296,634,634,583
8.2424635887146,296,634,634,583
8.25343108177185,296,635,634,583
8.25343108177185,296,635,634,583
8.25343108177185,296,635,634,583
8.25343108177185,296,634,634,583
8.25343108177185,297,634,634,583
8.25343108177185,297,634,634,583
8.25343108177185,297,634,634,583
8.25343108177185,297,634,634,583
8.25343108177185,297,634,634,583
8.25343108177185,297,634,634,583
8.25343108177185,298,634,634,583
8.25343108177185,298,634,634,583
8.25343108177185,298,634,634,583
8.25343108177185,298,634,634,583
8.25343108177185,298,634,634,583
8.25343108177185,298,634,634,583
8.25343108177185,298,634,634,583
8.25343108177185,299,634,634,583
8.269320011138916,299,634,634,583
8.269320011138916,299,634,634,583
8.269320011138916,299,634,636,584
8.269320011138916,299,634,636,584
8.269320011138916,300,634,636,584
8.269320011138916,300,634,636,584
8.269320011138916,300,635,636,584
8.269320011138916,300,635,636,584
8.269320011138916,300,635,636,584
8.269320011138916,301,636,636,584
8.269320011138916,301,636,636,584
8.269320011138916,301,636,636,584
8.269320011138916,301,636,636,584
8.269320011138916,301,636,636,584
8.269320011138916,301,635,636,584
8.269320011138916,301,635,636,584
8.269320011138916,301,636,636,584
8.285094976425171,301,636,636,584
8.285094976425171,301,636,636,584
8.285094976425171,301,636,636,584
8.28912615776062,301,636,636,584
8.291136026382446,301,636,636,584
8.291136026382446,301,636,636,584
8.291136026382446,301,636,636,584
8.291136026382446,335,636,633,584
8.291136026382446,334,636,633,583
8.291136026382446,334,636,633,583
8.291136026382446,334,636,633,583
8.291136026382446,334,635,633,583
8.291136026382446,301,635,633,583
8.291136026382446,301,635,633,583
8.291136026382446,301,634,633,582
8.291136026382446,300,634,633,583
8.291136026382446,300,634,633,582
8.291136026382446,300,633,633,582
8.300987720489502,300,633,633,583
8.300987720489502,299,633,633,583
8.300987720489502,299,633,633,583
8.300987720489502,299,633,633,583
8.300987720489502,299,632,633,583
8.300987720489502,299,633,633,583
8.300987720489502,299,633,633,583
8.300987720489502,299,633,633,583
8.300987720489502,299,633,633,583
8.300987720489502,298,634,633,582
8.300987720489502,298,634,633,582
8.300987720489502,298,633,633,582
8.300987720489502,298,633,633,582
8.300987720489502,298,633,633,582
8.300987720489502,298,632,633,582
8.300987720489502,298,633,633,583
8.300987720489502,298,632,633,583
8.300987720489502,298,632,633,583
8.31685471534729,298,632,633,583
8.31685471534729,297,633,633,583
8.31685471534729,297,633,633,583
8.31685471534729,297,633,633,583
8.31685471534729,297,633,633,583
8.31685471534729,297,633,633,583
8.31685471534729,296,633,633,583
8.31685471534729,296,633,633,583
8.31685471534729,296,633,633,583
8.31685471534729,296,634,633,583
8.31685471534729,297,634,633,582
8.31685471534729,296,634,633,582
8.31685471534729,296,634,633,582
8.31685471534729,296,633,633,582
8.31685471534729,296,633,633,582
8.31685471534729,296,633,633,582
8.31685471534729,296,632,633,583
8.332685470581055,296,632,633,583
8.334078073501587,296,632,633,583
8.334332942962646,296,632,633,583
8.334332942962646,296,633,633,583
8.334332942962646,296,633,633,583
8.334332942962646,296,633,633,583
8.334332942962646,296,634,633,583
8.334332942962646,296,634,633,583
8.334332942962646,296,634,633,582
8.334332942962646,296,634,633,582
8.334332942962646,296,634,633,582
8.342527389526367,296,634,633,582
8.342527389526367,297,633,633,582
8.342527389526367,297,633,633,582
8.342527389526367,297,633,633,582
8.342527389526367,297,632,633,582
8.342527389526367,297,632,633,583
8.348447799682617,297,632,633,583
8.348447799682617,297,632,633,583
8.348447799682617,297,632,633,583
8.348447799682617,298,633,633,583
8.348447799682617,331,633,634,583
8.348447799682617,331,633,634,583
8.348447799682617,331,633,634,583
8.348447799682617,332,634,634,583
8.348447799682617,298,634,634,583
8.348447799682617,298,634,634,583
8.348447799682617,299,634,634,583
8.348447799682617,299,634,634,583
8.348447799682617,299,634,634,583
8.348447799682617,299,634,634,583
8.348447799682617,299,634,634,583
8.348447799682617,299,634,634,583
8.348447799682617,299,634,634,583
8.348447799682617,299,634,634,583
8.364300966262817,299,634,634,583
8.365197658538818,300,634,634,583
8.365197658538818,300,634,634,583
8.365197658538818,300,634,634,583
8.365197658538818,300,634,634,583
8.365197658538818,300,634,634,583
8.365197658538818,300,634,634,583
8.365197658538818,300,634,634,583
8.365197658538818,300,634,633,583
8.365197658538818,300,634,633,583
8.365197658538818,300,634,633,583
8.365197658538818,300,634,633,583
8.365197658538818,301,634,633,582
8.365197658538818,301,634,633,582
8.365197658538818,301,634,633,582
8.365197658538818,301,633,633,582
8.365197658538818,301,633,633,582
8.365197658538818,301,633,633,582
8.380347490310669,301,632,633,582
8.381427764892578,301,632,633,583
8.381427764892578,301,632,633,583
8.381427764892578,301,632,633,583
8.381427764892578,301,632,633,583
8.381427764892578,301,633,633,583
8.381427764892578,301,633,633,583
8.381427764892578,301,633,633,583
8.381427764892578,301,634,633,583
8.381427764892578,301,634,633,583
8.381427764892578,301,634,633,583
8.381427764892578,301,634,633,582
8.381427764892578,301,634,634,583
8.381427764892578,300,634,634,583
8.381427764892578,300,633,634,583
8.381427764892578,300,634,634,583
8.381427764892578,300,634,634,583
8.395897626876831,300,634,634,583
8.395897626876831,300,634,634,583
8.395897626876831,300,634,634,583
8.395897626876831,300,634,634,583
8.395897626876831,300,633,634,583
8.395897626876831,300,634,634,583
8.395897626876831,300,633,634,583
8.395897626876831,299,633,634,583
8.395897626876831,299,633,634,583
8.395897626876831,299,633,634,583
8.395897626876831,299,633,634,583
8.395897626876831,299,634,634,583
8.395897626876831,299,634,634,583
8.395897626876831,299,634,634,583
8.395897626876831,299,633,634,583
8.395897626876831,298,634,634,583
8.395897626876831,298,634,634,583
8.395897626876831,298,634,631,582
8.411699771881104,298,634,631,582
8.411699771881104,298,634,631,582
8.411699771881104,297,634,631,582
8.411699771881104,297,633,631,582
8.411699771881104,297,633,631,582
8.411699771881104,297,632,631,582
8.411699771881104,297,632,631,582
8.411699771881104,297,632,631,582
8.411699771881104,297,632,631,581
8.411699771881104,297,632,631,581
8.411699771881104,296,632,631,581
8.411699771881104,296,631,631,581
8.411699771881104,296,631,631,581
8.411699771881104,296,631,631,581
8.411699771881104,296,631,631,581
8.411699771881104,296,630,631,581
8.411699771881104,296,630,631,582
8.427443981170654,296,630,631,582
8.427443981170654,296,630,631,582
8.427443981170654,296,630,631,582
8.427443981170654,296,631,631,582
8.427443981170654,330,631,634,583
8.427443981170654,330,631,634,583
8.427443981170654,330,632,634,583
8.427443981170654,330,632,634,583
8.427443981170654,330,633,634,583
8.427443981170654,297,633,634,583
8.427443981170654,297,634,634,583
8.427443981170654,297,634,634,583
8.427443981170654,297,634,634,583
8.427443981170654,297,634,634,583
8.427443981170654,297,634,634,583
8.427443981170654,297,634,634,583
8.427443981170654,297,634,634,583
8.442495346069336,297,634,634,583
8.44371771812439,297,634,634,583
8.44371771812439,297,634,634,583
8.44371771812439,297,634,634,583
8.44371771812439,298,634,634,583
8.44371771812439,298,634,634,583
8.44371771812439,298,634,634,583
8.44371771812439,298,634,634,583
8.44371771812439,298,634,634,583
8.44371771812439,298,634,634,583
8.44371771812439,332,634,632,582
8.44371771812439,332,634,632,582
8.44371771812439,332,634,632,582
8.44371771812439,332,634,632,582
8.44371771812439,299,634,632,582
8.44371771812439,299,633,632,582
8.44371771812439,299,633,632,582
8.44371771812439,299,632,632,582
8.44371771812439,299,632,632,582
8.459448337554932,299,632,632,582
8.459448337554932,299,632,632,582
8.459448337554932,299,632,632,582
8.459448337554932,299,632,632,582
8.459448337554932,300,632,632,582
8.459448337554932,300,632,632,582
8.459448337554932,300,632,632,582
8.459448337554932,300,632,632,582
8.459448337554932,300,632,632,582
8.459448337554932,301,632,632,582
8.459448337554932,301,632,632,582
8.459448337554932,300,632,632,582
8.459448337554932,300,632,632,582
8.459448337554932,301,632,633,582
8.459448337554932,301,632,633,582
8.459448337554932,301,632,633,582
8.459448337554932,301,632,633,582
8.475161790847778,301,632,633,582
8.476099491119385,301,632,633,582
8.476099491119385,301,632,633,583
8.476099491119385,301,632,633,583
8.476099491119385,301,632,633,583
8.476099491119385,301,632,633,583
8.476099491119385,301,632,633,583
8.476099491119385,301,632,633,583
8.476099491119385,300,633,633,583
8.476099491119385,300,633,633,583
8.476099491119385,300,633,633,583
8.476099491119385,300,634,633,583
8.476099491119385,301,634,633,582
8.476099491119385,301,634,633,582
8.476099491119385,300,634,633,582
8.476099491119385,300,634,633,582
8.476099491119385,300,633,633,582
8.491247415542603,300,633,633,582
8.491247415542603,300,633,631,582
8.491247415542603,300,633,631,582
8.491247415542603,300,632,631,582
8.491247415542603,300,632,631,582
8.491247415542603,300,632,631,582
8.491247415542603,300,632,631,582
8.491247415542603,300,632,631,581
8.491247415542603,299,632,631,581
8.491247415542603,299,632,631,581
8.491247415542603,299,631,631,581
8.491247415542603,299,631,631,581
8.491247415542603,299,631,631,581
8.491247415542603,298,631,631,581
8.491247415542603,298,630,631,582
8.491247415542603,298,630,631,582
8.491247415542603,298,630,631,582
8.491247415542603,298,630,631,582
8.507254362106323,298,630,631,582
8.507254362106323,298,631,631,582
8.507254362106323,298,631,631,582
8.50979733467102,298,632,631,582
8.510308027267456,298,632,631,582
8.510308027267456,298,632,632,582
8.510308027267456,298,632,632,582
8.510308027267456,297,632,632,582
8.510308027267456,297,632,632,582
8.510308027267456,297,632,632,582
8.510308027267456,297,633,632,582
8.51691460609436,297,632,632,582
8.51691460609436,297,632,632,582
8.518921852111816,297,632,632,582
8.518921852111816,297,632,632,582
8.518921852111816,297,632,632,582
8.520927667617798,297,632,632,582
8.520927667617798,297,632,632,582
8.522933006286621,297,631,632,582
8.52448320388794,297,631,632,582
8.52530574798584,297,631,632,582
8.525808811187744,297,632,632,582
8.525808811187744,297,632,632,582
8.525808811187744,297,632,632,582
8.525808811187744,297,632,632,582
8.525808811187744,298,632,632,582
8.525808811187744,297,632,632,582
8.525808811187744,297,632,631,582
8.525808811187744,297,632,631,582
8.525808811187744,297,632,631,582
8.525808811187744,298,632,631,582
8.525808811187744,298,632,631,581
8.525808811187744,298,632,631,581
8.525808811187744,298,632,631,581
8.525808811187744,298,632,631,581
8.538604497909546,298,631,631,581
8.538604497909546,298,631,631,581
8.538604497909546,298,631,631,581
8.538604497909546,298,630,631,581
8.542520761489868,298,630,631,582
8.542520761489868,298,630,631,582
8.542520761489868,298,630,631,582
8.542520761489868,298,630,631,582
8.542520761489868,298,631,631,582
8.542520761489868,298,631,631,582
8.542520761489868,298,632,631,581
8.542520761489868,299,632,631,581
8.542520761489868,299,632,631,581
8.542520761489868,299,632,631,581
8.542520761489868,333,632,633,582
8.542520761489868,333,631,633,582
8.542520761489868,333,631,633,582
8.554372310638428,333,631,633,582
8.554372310638428,333,631,633,582
8.554372310638428,300,631,633,582
8.556845426559448,300,632,633,582
8.556845426559448,300,632,633,582
8.55886960029602,301,632,633,582
8.55886960029602,301,632,633,582
8.55886960029602,301,632,633,583
8.55886960029602,301,632,633,583
8.55886960029602,301,632,633,583
8.55886960029602,301,632,633,583
8.55886960029602,301,633,633,583
8.55886960029602,301,633,633,583
8.56602430343628,301,634,633,583
8.56602430343628,301,634,633,582
8.56602430343628,301,634,633,582
8.56602430343628,301,634,633,582
8.56602430343628,301,634,633,582
8.570302248001099,301,633,633,582
8.571251392364502,335,633,631,582
8.571251392364502,334,632,631,582
8.571251392364502,334,632,631,582
8.571251392364502,334,632,631,582
8.571251392364502,334,632,631,582
8.571251392364502,301,632,631,582
8.571251392364502,301,632,631,581
8.571251392364502,301,632,631,581
8.579082250595093,301,632,631,581
8.579082250595093,301,632,631,581
8.579082250595093,301,632,631,581
8.579082250595093,301,631,631,581
8.579082250595093,301,631,631,581
8.579082250595093,301,631,631,581
8.579082250595093,301,630,631,581
8.579082250595093,301,630,631,582
8.586112976074219,300,630,631,582
8.586112976074219,300,630,631,582
8.586112976074219,300,630,631,582
8.586112976074219,300,631,631,582
8.586112976074219,300,631,631,582
8.586112976074219,300,631,631,582
8.586112976074219,300,632,632,582
8.586112976074219,300,632,632,582
8.586112976074219,300,632,632,582
8.586112976074219,300,632,632,582
8.586112976074219,300,632,632,582
8.586112976074219,300,632,632,582
8.586112976074219,299,632,632,582
8.586112976074219,299,632,632,582
8.586112976074219,299,632,632,582
8.586112976074219,299,632,632,582
8.586112976074219,299,631,632,582
8.586112976074219,299,631,632,582
8.601862668991089,299,631,632,582
8.601862668991089,299,631,632,582
8.601862668991089,299,631,632,582
8.601862668991089,299,631,632,582
8.601862668991089,298,631,632,582
8.601862668991089,298,632,632,583
8.601862668991089,298,632,632,582
8.601862668991089,298,632,632,582
8.601862668991089,298,632,632,582
8.601862668991089,298,632,632,582
8.601862668991089,298,632,630,582
8.601862668991089,298,632,630,582
8.601862668991089,298,632,630,582
8.601862668991089,298,632,630,581
8.601862668991089,298,632,630,581
8.601862668991089,298,632,630,581
8.601862668991089,298,632,630,581
8.617661714553833,298,631,630,581
8.617661714553833,298,631,630,581
8.617661714553833,298,631,630,581
8.617661714553833,298,630,630,581
8.617661714553833,298,630,630,581
8.617661714553833,298,630,630,581
8.617661714553833,298,630,630,581
8.617661714553833,298,630,630,581
8.617661714553833,298,630,630,581
8.617661714553833,298,630,630,581
8.617661714553833,298,630,630,581
8.617661714553833,298,630,630,581
8.617661714553833,298,630,630,581
8.617661714553833,298,630,630,581
8.617661714553833,298,630,630,581
8.617661714553833,298,630,632,581
8.617661714553833,299,630,632,582
8.633404731750488,299,630,632,582
8.634324550628662,299,630,632,582
8.634818315505981,299,630,632,582
8.634818315505981,299,630,632,582
8.634818315505981,299,631,632,582
8.634818315505981,299,632,632,582
8.634818315505981,299,632,632,582
8.634818315505981,300,632,632,582
8.634818315505981,300,632,632,582
8.634818315505981,300,632,632,582
8.634818315505981,300,632,632,582
8.642621755599976,300,632,632,582
8.642621755599976,300,632,632,582
8.642621755599976,300,632,632,582
8.642621755599976,300,632,632,582
8.642621755599976,300,632,632,582
8.642621755599976,300,632,632,582
8.642621755599976,300,632,632,582
8.649136066436768,300,632,632,582
8.649136066436768,300,633,632,582
8.649136066436768,301,633,632,582
8.649136066436768,301,632,632,582
8.649136066436768,301,632,632,582
8.649136066436768,301,632,632,582
8.649136066436768,301,632,632,582
8.649136066436768,301,632,632,582
8.649136066436768,301,632,632,582
8.649136066436768,301,632,632,582
8.649136066436768,301,632,632,582
8.649136066436768,301,632,632,582
8.649136066436768,301,632,632,582
8.649136066436768,301,632,632,582
8.649136066436768,302,632,632,582
8.649136066436768,302,632,632,582
8.649136066436768,302,632,632,582
8.649136066436768,302,632,632,582
8.664831638336182,302,632,632,582
8.666515111923218,301,632,632,582
8.667333841323853,301,632,632,582
8.667333841323853,301,632,632,582
8.667333841323853,301,632,632,582
8.667333841323853,301,632,632,582
8.667333841323853,301,632,632,582
8.667333841323853,334,632,631,582
8.667333841323853,334,632,631,582
8.667333841323853,334,632,631,582
8.667333841323853,334,632,631,581
8.667333841323853,334,632,631,581
8.667333841323853,301,632,631,581
8.667333841323853,301,632,631,581
8.667333841323853,301,632,631,581
8.667333841323853,301,631,631,581
8.667333841323853,301,631,631,581
8.680572509765625,301,630,631,581
8.680572509765625,301,630,631,582
8.680572509765625,300,629,631,582
8.680572509765625,300,629,631,582
8.680572509765625,300,629,631,582
8.680572509765625,300,630,631,582
8.680572509765625,300,630,631,582
8.680572509765625,300,631,631,582
8.680572509765625,300,632,631,582
8.680572509765625,300,632,631,582
8.680572509765625,300,632,631,582
8.680572509765625,300,632,631,582
8.680572509765625,299,632,631,581
8.680572509765625,299,632,631,581
8.680572509765625,299,632,631,581
8.680572509765625,299,631,631,581
8.680572509765625,299,631,631,581
8.696429967880249,299,630,631,581
8.696429967880249,299,630,631,581
8.696429967880249,299,630,631,582
8.696429967880249,299,630,631,582
8.696429967880249,298,630,631,582
8.696429967880249,298,630,631,582
8.696429967880249,298,631,631,582
8.696429967880249,298,631,631,582
8.696429967880249,298,631,631,582
8.696429967880249,298,632,631,582
8.696429967880249,298,632,631,582
8.696429967880249,298,632,631,582
8.696429967880249,298,632,631,581
8.696429967880249,298,632,631,581
8.696429967880249,298,632,631,581
8.696429967880249,298,632,631,581
8.696429967880249,298,631,631,581
8.696429967880249,298,631,630,581
8.712600469589233,298,630,630,581
8.713549375534058,298,630,630,581
8.713817596435547,299,630,630,581
8.713817596435547,299,630,630,581
8.713817596435547,298,630,630,581
8.713817596435547,298,630,630,581
8.713817596435547,298,630,630,581
8.713817596435547,298,630,630,581
8.713817596435547,298,630,630,581
8.713817596435547,298,630,630,581
8.713817596435547,299,630,630,581
8.713817596435547,299,630,630,581
8.713817596435547,299,630,630,581
8.713817596435547,299,630,630,581
8.713817596435547,298,630,630,581
8.713817596435547,298,630,630,581
8.713817596435547,299,630,630,581
8.713817596435547,299,630,630,581
8.72836971282959,299,630,630,581
8.72836971282959,299,631,630,581
8.72836971282959,300,630,630,581
8.72836971282959,299,630,630,581
8.72836971282959,299,630,633,582
8.72836971282959,299,630,633,582
8.72836971282959,299,630,633,582
8.72836971282959,300,631,633,583
8.72836971282959,300,631,633,583
8.72836971282959,300,632,633,583
8.72836971282959,300,632,633,583
8.72836971282959,300,633,633,583
8.72836971282959,300,633,633,583
8.72836971282959,300,633,633,583
8.72836971282959,300,634,633,583
8.72836971282959,301,634,633,582
8.742971658706665,301,634,633,582
8.742971658706665,301,634,633,582
8.744484663009644,301,634,633,582
8.744484663009644,301,633,633,582
8.744484663009644,301,633,633,582
8.744484663009644,301,633,633,582
8.744484663009644,301,632,633,582
8.744484663009644,301,632,633,582
8.744484663009644,301,632,633,582
8.744484663009644,301,632,633,582
8.744484663009644,334,632,631,582
8.744484663009644,334,632,631,582
8.744484663009644,334,632,631,582
8.744484663009644,334,632,631,582
8.744484663009644,301,632,631,582
8.744484663009644,301,632,631,582
8.744484663009644,301,632,631,582
8.744484663009644,301,632,631,581
8.744484663009644,301,632,631,581
8.760286092758179,301,632,631,581
8.760286092758179,301,631,631,581
8.760286092758179,301,631,631,581
8.760286092758179,301,631,631,581
8.764259099960327,301,630,631,581
8.764259099960327,301,630,631,582
8.764259099960327,301,630,631,582
8.764259099960327,301,630,631,582
8.764259099960327,301,630,631,582
8.764259099960327,301,631,631,582
8.764259099960327,301,631,631,582
8.764259099960327,300,631,631,582
8.764259099960327,300,632,631,582
8.764259099960327,300,632,631,582
8.764259099960327,300,632,631,582
8.764259099960327,300,632,631,581
8.764259099960327,300,632,631,581
8.764259099960327,300,632,631,581
8.7763991355896,300,631,631,581
8.7763991355896,300,631,631,581
8.7763991355896,300,631,631,581
8.7763991355896,300,630,631,582
8.7763991355896,300,630,631,582
8.7763991355896,300,630,631,582
8.7763991355896,300,630,631,582
8.7763991355896,300,631,631,582
8.7763991355896,300,631,631,582
8.7763991355896,300,631,631,582
8.7763991355896,299,632,631,582
8.7763991355896,299,632,631,581
8.7763991355896,299,632,631,581
8.7763991355896,299,632,631,581
8.7763991355896,298,632,631,581
8.7763991355896,299,632,631,581
8.7763991355896,299,631,631,581
8.792227506637573,332,630,630,581
8.793614625930786,332,630,630,581
8.793614625930786,332,630,630,581
8.793614625930786,332,630,630,581
8.793614625930786,299,630,630,581
8.793614625930786,299,630,630,581
8.793614625930786,299,630,630,581
8.793614625930786,299,630,630,581
8.793614625930786,299,630,630,581
8.793614625930786,299,630,630,581
8.793614625930786,299,630,630,581
8.793614625930786,299,630,630,581
8.793614625930786,299,630,630,581
8.793614625930786,298,629,630,581
8.793614625930786,298,630,630,581
8.793614625930786,298,630,630,581
8.793614625930786,298,630,630,581
8.793614625930786,298,630,630,581
8.808034420013428,298,631,630,581
8.808034420013428,298,630,630,581
8.808034420013428,299,630,630,581
8.808034420013428,299,630,630,581
8.808034420013428,332,630,631,581
8.808034420013428,332,630,631,582
8.808034420013428,332,630,631,582
8.808034420013428,332,631,631,582
8.808034420013428,299,631,631,582
8.808034420013428,299,631,631,582
8.808034420013428,299,632,631,582
8.808034420013428,300,632,631,581
8.808034420013428,300,632,631,581
8.808034420013428,300,632,631,581
8.808034420013428,300,632,631,581
8.808034420013428,300,632,631,581
8.808034420013428,300,631,631,581
8.82392692565918,299,631,631,581
8.82392692565918,299,630,631,581
8.82392692565918,300,630,631,581
8.82392692565918,300,631,631,581
8.82392692565918,300,630,631,581
8.82392692565918,300,630,631,581
8.82392692565918,300,630,631,581
8.82392692565918,300,630,631,582
8.82392692565918,300,630,631,582
8.82392692565918,300,630,631,582
8.82392692565918,301,631,631,582
8.82392692565918,300,631,631,582
8.82392692565918,300,632,631,582
8.82392692565918,300,632,631,581
8.82392692565918,300,632,631,581
8.82392692565918,300,632,631,581
8.82392692565918,301,632,631,581
8.839601278305054,301,632,631,581
8.84049129486084,301,631,631,581
8.84101676940918,301,631,631,581
8.84101676940918,301,630,631,581
8.843028783798218,301,630,631,582
8.843028783798218,301,630,631,582
8.843028783798218,301,630,631,582
8.843028783798218,301,630,631,582
8.843028783798218,301,630,631,582
8.843028783798218,301,631,631,582
8.843028783798218,301,632,631,582
8.843028783798218,301,632,631,582
8.843028783798218,301,632,631,581
8.843028783798218,301,632,631,581
8.843028783798218,334,632,632,581
8.843028783798218,334,632,632,581
8.843028783798218,334,632,632,581
8.843028783798218,334,631,632,582
8.855549335479736,301,630,632,582
8.855549335479736,301,630,632,582
8.855549335479736,301,631,632,582
8.855549335479736,301,631,632,582
8.855549335479736,301,631,632,582
8.855549335479736,301,631,632,582
8.855549335479736,301,632,632,582
8.855549335479736,301,632,632,582
8.855549335479736,301,632,632,582
8.855549335479736,300,632,632,582
8.855549335479736,300,632,632,582
8.855549335479736,300,632,632,582
8.855549335479736,300,632,632,582
8.855549335479736,300,632,632,582
8.855549335479736,300,632,632,582
8.855549335479736,300,632,632,582
8.855549335479736,300,632,632,582
8.855549335479736,300,632,632,582
8.871403694152832,300,632,630,582
8.871403694152832,300,632,630,582
8.871403694152832,300,632,630,581
8.871403694152832,300,632,630,581
8.871403694152832,300,632,630,581
8.871403694152832,299,632,630,581
8.871403694152832,299,631,630,581
8.871403694152832,299,631,630,581
8.871403694152832,299,631,630,581
8.871403694152832,299,630,630,581
8.871403694152832,299,630,630,581
8.871403694152832,299,630,630,581
8.871403694152832,299,630,630,581
8.871403694152832,299,630,630,581
8.871403694152832,299,629,630,581
8.871403694152832,299,629,630,581
8.871403694152832,298,629,630,581
8.887150764465332,298,630,630,581
8.887150764465332,298,630,630,581
8.887150764465332,298,630,630,581
8.887150764465332,298,630,630,581
8.887150764465332,298,630,630,581
8.887150764465332,332,630,631,581
8.887150764465332,332,630,631,582
8.887150764465332,332,630,631,582
8.887150764465332,332,630,631,582
8.887150764465332,331,630,631,582
8.887150764465332,298,631,631,582
8.887150764465332,298,631,631,582
8.887150764465332,298,632,631,582
8.887150764465332,298,632,631,581
8.887150764465332,298,632,631,581
8.887150764465332,298,632,631,581
8.887150764465332,298,631,631,581
8.887150764465332,298,631,631,581
8.902877807617188,298,631,631,581
8.902877807617188,298,631,631,581
8.902877807617188,298,630,631,581
8.902877807617188,298,630,631,582
8.902877807617188,298,630,631,582
8.902877807617188,299,630,631,582
8.902877807617188,299,630,631,582
8.902877807617188,299,631,631,582
8.902877807617188,299,631,631,582
8.902877807617188,332,632,631,581
8.902877807617188,332,632,631,581
8.902877807617188,332,632,631,581
8.902877807617188,332,632,631,581
8.902877807617188,333,632,631,581
8.902877807617188,299,631,631,581
8.902877807617188,299,631,631,581
8.902877807617188,300,631,631,581
8.918622493743896,300,630,631,581
8.919319868087769,300,630,631,582
8.919319868087769,300,630,631,582
8.919319868087769,300,630,631,582
8.919319868087769,300,630,631,582
8.919319868087769,300,630,631,582
8.919319868087769,300,631,631,582
8.919319868087769,300,631,631,582
8.919319868087769,300,632,631,582
8.919319868087769,300,632,631,581
8.919319868087769,300,632,631,581
8.919319868087769,301,632,631,581
8.919319868087769,301,632,631,581
8.919319868087769,301,632,631,581
8.919319868087769,301,631,631,581
8.919319868087769,301,630,631,581
8.919319868087769,301,630,631,582
8.93427848815918,301,630,631,582
8.935503482818604,301,630,631,582
8.935736179351807,301,630,631,582
8.935736179351807,301,631,631,582
8.935736179351807,301,631,631,582
8.935736179351807,301,631,631,582
8.935736179351807,301,632,631,581
8.935736179351807,301,632,631,581
8.935736179351807,301,632,631,581
8.935736179351807,301,632,631,581
8.94295048713684,301,632,631,581
8.94295048713684,301,631,631,581
8.94295048713684,301,631,631,581
8.94295048713684,301,630,631,581
8.94295048713684,301,630,631,582
8.94295048713684,301,630,631,582
8.94295048713684,301,631,631,582
8.94295048713684,301,631,631,582
8.950067520141602,301,631,631,582
8.950067520141602,301,631,631,582
8.950067520141602,301,631,631,582
8.950067520141602,301,632,631,581
8.950067520141602,301,632,631,581
8.950067520141602,301,632,631,581
8.950067520141602,301,632,631,581
8.950067520141602,301,632,631,581
8.950067520141602,301,632,631,581
8.950067520141602,301,631,631,581
8.950067520141602,301,631,631,581
8.950067520141602,301,631,631,581
8.950067520141602,301,630,631,581
8.950067520141602,300,630,631,581
8.950067520141602,300,630,631,582
8.950067520141602,300,630,631,582
8.950067520141602,300,630,631,582
8.96579885482788,300,630,631,582
8.96579885482788,300,631,631,582
8.96579885482788,300,631,631,582
8.96579885482788,300,631,631,582
8.96579885482788,300,632,631,581
8.96579885482788,300,632,631,581
8.96579885482788,300,632,631,581
8.96579885482788,300,632,630,581
8.96579885482788,300,632,630,581
8.96579885482788,300,631,630,581
8.96579885482788,300,631,630,581
8.96579885482788,299,630,630,581
8.96579885482788,299,630,630,581
8.96579885482788,299,630,630,581
8.96579885482788,299,630,630,581
8.96579885482788,299,630,630,581
8.96579885482788,299,630,630,581
8.96579885482788,299,630,630,581
8.981560707092285,299,630,630,581
8.983598470687866,299,630,630,581
8.983598470687866,299,630,630,581
8.983598470687866,299,630,630,581
8.983598470687866,299,630,630,581
8.983598470687866,299,630,630,581
8.983598470687866,299,630,630,581
8.983598470687866,299,630,630,581
8.983598470687866,299,630,630,581
8.983598470687866,299,630,630,581
8.983598470687866,299,630,630,581
8.983598470687866,299,630,631,581
8.983598470687866,299,630,631,581
8.983598470687866,299,630,631,581
8.983598470687866,299,630,631,581
8.983598470687866,299,630,631,581
8.983598470687866,299,630,631,582
8.997400760650635,299,630,631,582
8.998460531234741,299,630,631,582
8.999523401260376,299,630,631,582
9.000458478927612,299,631,631,582
9.000970602035522,299,631,631,582
9.000970602035522,299,631,631,582
9.000970602035522,299,632,631,582
9.000970602035522,299,632,631,581
9.000970602035522,299,632,631,581
9.000970602035522,299,632,631,581
9.000970602035522,299,632,631,581
9.000970602035522,299,631,631,581
9.000970602035522,299,631,631,581
9.000970602035522,299,631,631,581
9.000970602035522,299,631,631,581
9.000970602035522,299,630,631,581
9.000970602035522,299,630,630,581
9.013172149658203,300,630,630,581
9.013172149658203,300,630,630,581
9.013172149658203,300,630,630,581
9.013172149658203,300,630,630,581
9.013172149658203,300,630,630,581
9.013172149658203,300,630,630,581
9.013172149658203,300,630,630,581
9.013172149658203,300,630,630,581
9.013172149658203,300,630,630,581
9.013172149658203,300,630,630,581
9.013172149658203,300,630,630,581
9.013172149658203,300,630,630,581
9.013172149658203,300,630,630,581
9.013172149658203,301,630,630,581
9.013172149658203,301,630,630,581
9.013172149658203,301,630,630,581
9.013172149658203,301,630,630,581
9.013172149658203,301,630,630,581
9.028873920440674,301,630,630,581
9.030059576034546,301,630,630,581
9.03090524673462,301,630,630,581
9.03090524673462,301,630,630,581
9.03090524673462,334,630,632,582
9.03090524673462,334,630,632,582
9.03090524673462,334,631,632,582
9.03090524673462,334,631,632,582
9.03090524673462,301,631,632,582
9.03090524673462,301,631,632,582
9.03090524673462,302,631,632,582
9.03090524673462,302,632,632,582
9.03090524673462,302,632,632,582
9.03090524673462,302,632,632,582
9.03090524673462,301,632,632,582
9.03090524673462,301,632,632,582
9.043102025985718,301,631,632,582
9.043102025985718,301,631,632,582
9.044860363006592,301,631,632,582
9.044860363006592,301,632,632,582
9.044860363006592,301,632,632,582
9.044860363006592,301,632,632,582
9.044860363006592,301,632,632,582
9.044860363006592,301,632,632,582
9.044860363006592,301,632,632,582
9.044860363006592,301,633,632,582
9.044860363006592,334,633,629,581
9.044860363006592,334,632,629,581
9.044860363006592,334,632,629,581
9.044860363006592,334,632,629,581
9.044860363006592,334,631,629,580
9.044860363006592,300,631,629,580
9.044860363006592,300,631,629,580
9.044860363006592,300,630,629,580
9.044860363006592,300,629,629,580
9.06053638458252,300,629,629,580
9.061734437942505,300,629,629,580
9.061734437942505,300,628,629,580
9.061734437942505,300,628,629,581
9.061734437942505,299,629,629,581
9.061734437942505,299,628,629,580
9.061734437942505,299,629,629,581
9.061734437942505,299,629,629,581
9.061734437942505,299,629,629,581
9.061734437942505,299,629,629,581
9.061734437942505,299,630,629,580
9.061734437942505,298,630,629,580
9.061734437942505,298,630,629,580
9.061734437942505,331,630,631,581
9.061734437942505,331,630,631,581
9.061734437942505,332,630,631,581
9.061734437942505,331,629,631,581
9.061734437942505,298,630,631,581
9.076656579971313,298,630,631,581
9.07761025428772,298,630,631,581
9.07761025428772,298,631,631,581
9.07761025428772,298,631,631,581
9.07761025428772,299,631,631,581
9.07761025428772,299,631,631,581
9.07761025428772,298,631,631,581
9.07761025428772,298,631,631,581
9.07761025428772,298,630,631,581
9.07761025428772,298,630,631,581
9.07761025428772,298,630,631,582
9.07761025428772,298,630,631,582
9.07761025428772,298,631,631,582
9.07761025428772,298,631,631,582
9.07761025428772,298,631,631,582
9.07761025428772,298,631,631,582
9.07761025428772,298,632,631,582
9.092517614364624,332,632,630,581
9.092517614364624,332,632,630,581
9.094536781311035,332,632,630,581
9.094536781311035,332,632,630,581
9.094536781311035,298,632,630,580
9.094536781311035,299,631,630,580
9.094536781311035,299,631,630,580
9.094536781311035,299,630,630,580
9.099879264831543,299,630,630,580
9.100704669952393,299,630,630,580
9.100704669952393,299,629,630,580
9.100704669952393,299,629,630,581
9.100704669952393,299,629,630,581
9.100704669952393,299,629,630,581
9.100704669952393,299,629,630,581
9.100704669952393,299,629,630,581
9.100704669952393,299,630,630,581
9.100704669952393,299,630,630,581
9.1081862449646,299,630,630,581
9.1081862449646,300,630,630,581
9.1081862449646,300,630,630,581
9.1081862449646,300,630,630,581
9.1081862449646,300,631,631,581
9.1081862449646,300,631,631,581
9.1081862449646,300,631,631,581
9.1081862449646,300,631,631,581
9.1081862449646,300,630,631,581
9.1081862449646,300,630,631,581
9.1081862449646,300,630,631,581
9.1081862449646,301,631,631,581
9.1081862449646,301,631,631,581
9.1081862449646,301,631,631,581
9.1081862449646,301,631,631,581
9.1081862449646,301,631,631,581
9.1081862449646,301,630,631,581
9.123928785324097,301,630,631,581
9.123928785324097,301,630,631,581
9.123928785324097,301,630,631,581
9.123928785324097,301,630,631,581
9.123928785324097,301,630,631,582
9.123928785324097,301,630,631,582
9.123928785324097,301,630,631,582
9.123928785324097,301,631,631,582
9.123928785324097,301,632,631,582
9.123928785324097,301,632,630,581
9.123928785324097,301,632,630,581
9.123928785324097,302,632,630,581
9.123928785324097,302,632,630,581
9.123928785324097,302,631,630,580
9.123928785324097,301,631,630,580
9.123928785324097,301,631,630,580
9.123928785324097,301,630,630,580
9.13969874382019,301,630,630,581
9.13969874382019,301,629,630,581
9.13969874382019,301,629,630,581
9.13969874382019,301,629,630,581
9.13969874382019,301,630,630,581
9.143365144729614,301,630,630,581
9.143365144729614,301,630,630,581
9.143365144729614,301,630,630,581
9.143365144729614,301,630,630,581
9.143365144729614,301,630,630,581
9.143365144729614,301,630,630,581
9.143365144729614,301,631,630,581
9.143365144729614,301,631,630,581
9.143365144729614,301,630,630,580
9.143365144729614,334,630,631,581
9.143365144729614,334,630,631,581
9.143365144729614,333,630,631,581
9.143365144729614,333,630,631,581
9.155652046203613,333,630,631,581
9.155652046203613,300,630,631,581
9.155652046203613,300,630,631,581
9.155652046203613,300,630,631,581
9.155652046203613,300,630,631,581
9.155652046203613,300,630,631,582
9.155652046203613,300,631,631,582
9.155652046203613,300,631,631,581
9.155652046203613,299,630,631,581
9.155652046203613,299,631,631,581
9.155652046203613,299,631,631,581
9.155652046203613,299,631,631,581
9.155652046203613,299,630,631,581
9.155652046203613,299,630,631,582
9.155652046203613,299,630,631,582
9.155652046203613,299,631,631,582
9.155652046203613,299,631,631,582
9.155652046203613,299,631,631,582
9.171638011932373,332,631,629,581
9.171638011932373,332,632,629,581
9.171638011932373,332,632,629,581
9.171638011932373,332,632,629,580
9.171638011932373,332,632,629,580
9.171638011932373,298,631,629,580
9.171638011932373,298,631,629,580
9.171638011932373,298,630,629,580
9.171638011932373,298,630,629,580
9.171638011932373,298,629,629,580
9.171638011932373,298,629,629,580
9.171638011932373,298,629,629,580
9.171638011932373,298,628,629,580
9.171638011932373,298,628,629,580
9.171638011932373,298,628,629,580
9.171638011932373,298,629,629,580
9.171638011932373,298,628,629,580
9.187356233596802,299,628,629,580
9.187356233596802,298,628,629,581
9.187356233596802,298,629,629,581
9.187356233596802,298,629,629,580
9.187356233596802,298,629,629,580
9.187356233596802,332,629,631,581
9.187356233596802,332,629,631,581
9.187356233596802,332,629,631,581
9.187356233596802,332,629,631,581
9.187356233596802,332,629,631,582
9.187356233596802,299,630,631,582
9.187356233596802,299,630,631,582
9.187356233596802,299,631,631,582
9.187356233596802,299,631,631,582
9.187356233596802,299,632,631,582
9.187356233596802,299,632,631,581
9.187356233596802,300,632,631,581
9.203068733215332,300,632,631,581
9.203068733215332,300,632,631,581
9.203068733215332,300,632,631,581
9.203068733215332,300,631,631,581
9.203068733215332,300,631,631,581
9.203068733215332,300,631,631,581
9.203068733215332,300,630,631,581
9.203068733215332,300,630,631,581
9.203068733215332,300,631,631,581
9.203068733215332,300,631,631,581
9.203068733215332,300,631,630,581
9.203068733215332,300,631,630,581
9.203068733215332,300,631,630,581
9.203068733215332,300,631,630,581
9.203068733215332,300,631,630,581
9.203068733215332,301,631,630,581
9.203068733215332,301,630,630,581
9.218737602233887,301,630,630,581
9.218737602233887,301,630,630,581
9.218737602233887,301,630,630,581
9.22140121459961,301,630,630,581
9.221647024154663,301,630,630,581
9.221647024154663,301,631,630,580
9.221647024154663,301,630,630,581
9.221647024154663,301,630,630,581
9.221647024154663,301,630,630,581
9.221647024154663,301,630,630,581
9.221647024154663,301,630,630,581
9.221647024154663,301,630,630,581
9.221647024154663,301,630,630,581
9.221647024154663,301,630,630,581
9.221647024154663,301,630,630,581
9.221647024154663,301,630,631,581
9.221647024154663,301,630,631,581
9.221647024154663,301,630,631,581
9.234552383422852,301,631,631,581
9.234552383422852,301,630,631,581
9.234552383422852,301,630,631,581
9.234552383422852,301,630,631,581
9.234552383422852,301,630,631,581
9.234552383422852,301,630,631,581
9.234552383422852,301,631,631,581
9.234552383422852,301,631,631,581
9.234552383422852,301,630,631,581
9.234552383422852,301,630,631,581
9.243457555770874,301,630,631,581
9.243457555770874,301,630,631,581
9.243457555770874,300,630,631,582
9.243457555770874,300,630,631,582
9.243457555770874,300,630,631,582
9.243457555770874,300,630,631,582
9.243457555770874,300,631,631,582
9.243457555770874,300,632,631,582
9.250398874282837,300,632,631,581
9.250398874282837,300,632,629,581
9.250398874282837,300,632,629,581
9.250398874282837,300,632,629,580
9.250398874282837,300,631,629,580
9.250398874282837,300,631,629,580
9.250398874282837,300,630,629,580
9.250398874282837,300,630,629,580
9.250398874282837,299,630,629,580
9.250398874282837,299,629,629,580
9.250398874282837,299,629,629,580
9.250398874282837,299,628,629,580
9.250398874282837,299,628,629,580
9.250398874282837,299,628,629,581
9.250398874282837,299,628,629,581
9.250398874282837,299,628,629,581
9.250398874282837,299,628,629,581
9.266230583190918,299,629,629,581
9.267855405807495,299,629,629,581
9.26869797706604,299,630,629,581
9.26869797706604,299,630,629,580
9.26869797706604,299,630,629,580
9.26869797706604,299,630,629,580
9.26869797706604,332,630,631,581
9.26869797706604,332,629,631,581
9.26869797706604,332,629,631,581
9.26869797706604,331,629,631,581
9.26869797706604,331,629,631,581
9.26869797706604,298,630,631,581
9.26869797706604,298,630,631,581
9.26869797706604,298,630,631,581
9.26869797706604,298,630,631,581
9.26869797706604,299,631,631,581
9.26869797706604,299,630,631,581
9.282069206237793,299,631,631,581
9.282069206237793,299,631,631,581
9.284084558486938,299,631,631,581
9.284084558486938,299,630,631,581
9.286096811294556,299,630,631,582
9.286096811294556,298,630,631,582
9.286096811294556,298,630,631,582
9.286096811294556,299,630,631,582
9.286096811294556,299,631,631,582
9.286096811294556,299,632,631,581
9.286096811294556,299,632,631,581
9.286096811294556,333,632,629,581
9.286096811294556,333,632,629,580
9.286096811294556,333,632,629,580
9.286096811294556,333,631,629,580
9.286096811294556,333,631,629,580
9.286096811294556,300,630,629,580
9.297746896743774,300,629,629,580
9.297746896743774,300,629,629,580
9.297746896743774,300,629,629,580
9.300377607345581,300,629,629,580
9.300726890563965,299,629,629,580
9.300726890563965,299,629,629,580
9.300726890563965,299,628,629,580
9.300726890563965,300,628,629,580
9.300726890563965,300,628,629,580
9.300726890563965,300,628,629,580
9.300726890563965,300,628,629,581
9.300726890563965,300,629,629,581
9.300726890563965,300,629,629,580
9.300726890563965,300,629,629,580
9.300726890563965,300,629,629,580
9.300726890563965,300,630,629,580
9.300726890563965,300,629,631,581
9.300726890563965,300,629,631,581
9.313427448272705,301,629,631,581
9.313427448272705,301,629,631,581
9.313427448272705,301,629,631,581
9.313427448272705,301,630,631,582
9.313427448272705,301,630,631,582
9.313427448272705,301,631,631,582
9.313427448272705,301,632,631,581
9.313427448272705,301,632,631,581
9.313427448272705,301,632,631,581
9.313427448272705,301,632,631,581
9.313427448272705,301,632,631,581
9.313427448272705,301,631,631,581
9.313427448272705,301,631,631,581
9.313427448272705,301,630,631,581
9.313427448272705,301,630,631,581
9.313427448272705,301,630,631,581
9.313427448272705,301,630,631,582
9.329264640808105,301,630,631,582
9.329264640808105,301,630,631,582
9.329264640808105,301,631,631,582
9.329264640808105,334,631,630,581
9.329264640808105,334,632,630,581
9.329264640808105,334,632,630,581
9.329264640808105,334,632,630,581
9.329264640808105,334,632,630,581
9.329264640808105,301,631,630,581
9.329264640808105,301,631,630,581
9.329264640808105,301,631,630,581
9.329264640808105,301,630,630,581
9.329264640808105,301,630,630,581
9.329264640808105,301,630,630,581
9.329264640808105,301,630,630,581
9.329264640808105,301,630,630,581
9.343368768692017,301,631,630,580
9.343368768692017,300,630,630,580
9.345293045043945,300,630,630,581
9.346922636032104,300,630,630,581
9.346922636032104,300,630,630,581
9.346922636032104,300,630,630,581
9.346922636032104,300,630,630,581
9.346922636032104,300,630,630,581
9.346922636032104,299,630,630,581
9.346922636032104,299,630,629,580
9.346922636032104,299,630,629,580
9.346922636032104,299,630,629,580
9.346922636032104,299,630,629,580
9.346922636032104,299,630,629,580
9.346922636032104,299,630,629,580
9.346922636032104,299,629,629,580
9.346922636032104,299,629,629,580
9.346922636032104,299,628,629,580
9.346922636032104,299,628,629,580
9.360824346542358,299,628,629,580
9.360824346542358,299,628,629,581
9.360824346542358,299,628,629,581
9.360824346542358,299,628,629,581
9.360824346542358,299,628,629,581
9.360824346542358,299,629,629,581
9.360824346542358,298,629,629,581
9.360824346542358,298,629,629,581
9.360824346542358,298,630,629,581
9.360824346542358,298,630,629,580
9.360824346542358,298,630,629,580
9.360824346542358,298,630,629,580
9.360824346542358,298,630,630,580
9.360824346542358,298,630,630,580
9.360824346542358,298,629,630,581
9.360824346542358,298,629,630,581
9.360824346542358,298,629,630,581
9.360824346542358,299,629,630,581
9.377066612243652,299,629,630,581
9.378275632858276,299,629,630,581
9.378608703613281,299,630,630,581
9.378608703613281,299,630,630,581
9.378608703613281,299,630,630,581
9.378608703613281,299,630,630,581
9.378608703613281,299,630,630,581
9.378608703613281,299,631,630,581
9.378608703613281,299,631,630,581
9.378608703613281,299,631,630,581
9.378608703613281,299,631,630,580
9.378608703613281,299,631,630,580
9.378608703613281,299,630,630,580
9.378608703613281,299,630,630,580
9.378608703613281,299,629,630,580
9.378608703613281,299,629,630,581
9.378608703613281,299,629,630,581
9.392545938491821,333,629,630,581
9.392545938491821,333,629,630,581
9.392545938491821,333,629,630,581
9.392545938491821,333,629,630,581
9.392545938491821,300,630,630,581
9.392545938491821,300,630,630,581
9.392545938491821,300,630,630,581
9.392545938491821,300,631,630,581
9.392545938491821,300,631,630,581
9.392545938491821,301,631,630,581
9.392545938491821,301,631,630,581
9.392545938491821,301,631,630,580
9.392545938491821,301,631,630,580
9.392545938491821,301,630,630,581
9.392545938491821,301,630,630,581
9.392545938491821,300,630,630,581
9.392545938491821,300,629,630,581
9.408207893371582,301,630,630,581
9.409387588500977,301,630,630,581
9.409690618515015,301,630,630,581
9.409690618515015,301,631,630,581
9.409690618515015,301,631,630,580
9.409690618515015,334,631,630,580
9.409690618515015,334,631,630,580
9.409690618515015,334,630,630,580
9.409690618515015,334,630,630,580
9.409690618515015,301,629,630,580
9.409690618515015,301,629,630,581
9.409690618515015,301,629,630,581
9.409690618515015,301,629,630,581
9.409690618515015,301,629,630,581
9.409690618515015,301,629,630,581
9.409690618515015,301,630,630,581
9.409690618515015,301,630,630,581
9.409690618515015,301,631,630,581
9.423958778381348,301,631,630,581
9.423958778381348,301,630,630,581
9.423958778381348,301,630,630,581
9.423958778381348,301,630,630,581
9.423958778381348,301,630,630,581
9.423958778381348,301,631,630,581
9.423958778381348,301,631,630,580
9.423958778381348,301,631,630,580
9.423958778381348,301,631,630,580
9.423958778381348,333,630,629,580
9.433119773864746,333,630,629,580
9.433119773864746,333,629,629,580
9.433119773864746,333,629,629,580
9.433119773864746,301,629,629,580
9.433119773864746,301,628,629,580
9.433119773864746,301,628,629,581
9.433119773864746,300,628,629,581
9.439770221710205,300,629,629,581
9.439770221710205,300,629,629,580
9.441793203353882,300,629,629,580
9.441793203353882,300,629,629,580
9.443307161331177,300,629,629,580
9.443307161331177,300,629,629,580
9.443307161331177,300,629,629,580
9.443307161331177,300,629,629,580
9.443307161331177,300,628,629,580
9.443307161331177,300,628,629,581
9.443307161331177,300,628,629,581
9.443307161331177,300,628,629,581
9.443307161331177,300,629,629,581
9.443307161331177,300,629,629,581
9.443307161331177,300,630,630,581
9.443307161331177,300,630,630,581
9.443307161331177,299,630,630,581
9.443307161331177,299,630,630,581
9.45544171333313,299,630,630,581
9.45544171333313,299,630,630,581
9.45544171333313,299,630,630,581
9.45544171333313,299,630,630,581
9.45544171333313,299,631,630,581
9.45544171333313,299,631,630,581
9.45544171333313,299,630,630,580
9.45544171333313,299,630,630,581
9.45544171333313,299,630,630,581
9.45544171333313,299,630,630,581
9.45544171333313,299,630,630,581
9.45544171333313,299,630,630,581
9.45544171333313,299,630,630,581
9.45544171333313,299,630,630,581
9.45544171333313,299,630,630,581
9.45544171333313,299,630,630,581
9.45544171333313,299,630,630,581
9.471138715744019,299,630,630,581
9.472135305404663,298,631,630,581
9.472687482833862,332,631,628,580
9.472687482833862,332,630,628,580
9.472687482833862,332,630,628,580
9.472687482833862,332,630,628,579
9.472687482833862,298,630,628,579
9.472687482833862,299,629,628,579
9.472687482833862,299,629,628,579
9.472687482833862,299,628,628,579
9.472687482833862,299,627,628,580
9.472687482833862,299,627,628,580
9.472687482833862,299,627,628,580
9.472687482833862,299,627,628,580
9.472687482833862,299,627,628,580
9.472687482833862,299,627,628,580
9.472687482833862,299,628,628,580
9.472687482833862,299,628,628,580
9.487698793411255,299,628,628,580
9.487698793411255,299,628,628,580
9.487698793411255,299,628,628,580
9.487698793411255,299,629,628,580
9.487698793411255,299,629,628,580
9.487698793411255,299,629,628,580
9.487698793411255,300,629,631,580
9.487698793411255,300,629,631,580
9.487698793411255,300,629,631,581
9.487698793411255,300,629,631,581
9.487698793411255,300,629,631,581
9.487698793411255,300,629,631,581
9.487698793411255,300,630,631,581
9.487698793411255,301,630,631,581
9.487698793411255,301,630,631,581
9.487698793411255,301,630,631,581
9.487698793411255,301,631,631,581
9.502839088439941,301,630,631,581
9.502839088439941,301,630,631,581
9.502839088439941,301,630,631,581
9.502839088439941,301,631,631,582
9.502839088439941,301,630,631,582
9.502839088439941,301,631,631,581
9.502839088439941,302,631,631,581
9.502839088439941,302,631,631,581
9.502839088439941,302,631,631,581
9.502839088439941,302,631,631,581
9.502839088439941,302,631,631,581
9.502839088439941,334,631,630,581
9.502839088439941,334,631,630,581
9.502839088439941,334,631,630,581
9.502839088439941,334,630,630,581
9.502839088439941,302,630,630,581
9.502839088439941,302,630,630,581
9.502839088439941,302,630,630,581
9.51854658126831,302,630,630,581
9.519492149353027,302,630,630,581
9.519492149353027,302,631,630,581
9.519492149353027,302,630,630,581
9.519492149353027,302,630,630,581
9.519492149353027,302,630,630,581
9.519492149353027,302,630,630,581
9.519492149353027,302,630,630,581
9.519492149353027,302,630,630,581
9.519492149353027,302,630,630,581
9.519492149353027,302,630,630,581
9.519492149353027,302,630,630,581
9.519492149353027,301,630,630,581
9.519492149353027,301,630,630,581
9.519492149353027,301,630,630,581
9.519492149353027,334,630,629,581
9.519492149353027,334,630,629,580
9.53447699546814,334,630,629,581
9.53447699546814,334,630,629,580
9.53447699546814,334,630,629,580
9.53447699546814,301,629,629,580
9.53447699546814,301,629,629,580
9.53447699546814,300,629,629,580
9.53447699546814,300,629,629,580
9.53447699546814,300,629,629,580
9.53447699546814,300,628,629,580
9.53447699546814,300,628,629,581
9.53447699546814,300,628,629,581
9.543546438217163,300,628,629,581
9.543546438217163,300,629,629,581
9.543546438217163,300,629,629,581
9.543546438217163,300,629,629,581
9.543546438217163,300,630,629,581
9.543546438217163,300,630,629,581
9.543546438217163,300,630,629,580
9.550219774246216,300,630,629,580
9.550219774246216,299,630,629,580
9.551727771759033,332,630,629,580
9.551727771759033,332,629,629,580
9.551727771759033,332,629,629,580
9.551727771759033,332,629,629,580
9.551727771759033,332,629,629,580
9.551727771759033,299,629,629,580
9.551727771759033,299,628,629,580
9.551727771759033,299,628,629,581
9.551727771759033,299,628,629,581
9.551727771759033,299,628,629,581
9.551727771759033,299,629,629,581
9.551727771759033,299,629,629,581
9.551727771759033,299,630,629,581
9.551727771759033,299,630,629,580
9.551727771759033,299,630,629,580
9.565880537033081,299,630,629,580
9.565880537033081,299,630,629,580
9.565880537033081,299,629,629,580
9.568930625915527,299,629,629,580
9.569453239440918,299,629,629,580
9.569453239440918,299,628,629,580
9.569453239440918,299,628,629,581
9.569453239440918,332,628,630,581
9.569453239440918,332,628,630,581
9.569453239440918,332,629,630,581
9.569453239440918,332,629,630,581
9.569453239440918,332,629,630,581
9.569453239440918,299,629,630,581
9.569453239440918,299,630,630,581
9.569453239440918,300,630,630,581
9.569453239440918,300,630,630,581
9.569453239440918,300,630,630,581
9.569453239440918,300,631,630,581
9.582375049591064,300,630,630,581
9.582375049591064,300,630,630,581
9.58342695236206,300,630,630,581
9.58342695236206,300,630,630,581
9.58342695236206,300,630,630,581
9.58342695236206,300,630,630,581
9.58342695236206,300,630,630,581
9.58342695236206,300,630,630,581
9.58342695236206,301,630,630,581
9.58342695236206,301,630,630,581
9.58342695236206,301,630,630,581
9.58342695236206,301,630,630,581
9.58342695236206,301,631,630,581
9.58342695236206,301,631,630,581
9.58342695236206,301,630,630,581
9.58342695236206,301,630,630,581
9.58342695236206,301,630,630,581
9.597241401672363,301,630,630,581
9.597241401672363,301,630,630,581
9.597241401672363,301,630,630,581
9.597241401672363,301,630,630,581
9.597241401672363,301,630,630,581
9.597241401672363,301,630,630,581
9.597241401672363,302,630,630,581
9.597241401672363,302,630,630,581
9.597241401672363,302,630,630,581
9.597241401672363,302,630,630,581
9.597241401672363,302,630,630,581
9.597241401672363,302,630,630,581
9.597241401672363,301,630,630,581
9.597241401672363,301,630,630,581
9.597241401672363,301,630,630,581
9.597241401672363,301,630,630,581
9.597241401672363,301,630,630,581
9.612138032913208,302,630,630,581
9.613373517990112,301,630,630,581
9.613373517990112,301,630,630,581
9.615386009216309,301,630,630,581
9.615386009216309,301,630,630,581
9.615386009216309,301,630,630,581
9.615386009216309,301,631,630,581
9.615386009216309,301,630,630,581
9.615386009216309,301,630,630,581
9.615386009216309,301,630,630,581
9.615386009216309,301,630,630,581
9.615386009216309,301,630,630,581
9.615386009216309,301,630,630,581
9.615386009216309,301,630,630,581
9.615386009216309,301,630,630,581
9.615386009216309,301,630,630,581
9.615386009216309,301,630,630,581
9.615386009216309,301,630,630,581
9.615386009216309,301,630,630,581
9.629019975662231,301,630,630,581
9.629019975662231,301,630,630,581
9.631043195724487,301,630,630,581
9.631043195724487,300,630,630,581
9.631043195724487,300,630,629,581
9.631043195724487,300,630,629,581
9.631043195724487,300,630,629,580
9.631043195724487,300,630,629,580
9.631043195724487,300,630,629,580
9.631043195724487,300,630,629,580
9.631043195724487,300,630,629,580
9.631043195724487,300,629,629,580
9.631043195724487,300,629,629,580
9.631043195724487,300,628,629,580
9.631043195724487,300,629,629,581
9.631043195724487,300,628,629,580
9.643599271774292,300,628,629,581
9.643599271774292,300,628,629,581
9.645612478256226,300,629,629,581
9.646353006362915,299,629,629,581
9.646353006362915,299,629,629,581
9.646353006362915,299,629,629,581
9.646353006362915,299,630,629,581
9.646353006362915,299,630,629,580
9.646353006362915,299,630,629,580
9.646353006362915,299,630,629,580
9.646353006362915,332,630,631,581
9.646353006362915,332,630,631,581
9.646353006362915,332,630,631,581
9.646353006362915,332,629,631,581
9.646353006362915,299,629,631,581
9.646353006362915,299,630,631,581
9.646353006362915,299,630,631,581
9.646353006362915,299,630,631,581
9.646353006362915,300,630,631,581
9.660757541656494,299,630,631,581
9.660757541656494,300,630,631,582
9.660757541656494,299,630,631,582
9.660757541656494,299,630,631,582
9.660757541656494,299,630,631,582
9.660757541656494,299,631,631,582
9.660757541656494,299,632,631,582
9.660757541656494,299,632,631,581
9.660757541656494,299,632,631,581
9.660757541656494,300,632,631,581
9.660757541656494,300,632,631,581
9.660757541656494,300,632,631,581
9.660757541656494,300,631,631,581
9.660757541656494,300,631,630,581
9.660757541656494,300,631,630,581
9.660757541656494,300,630,630,581
9.660757541656494,300,630,630,581
9.660757541656494,300,630,630,581
9.676573276519775,300,630,630,581
9.676573276519775,300,630,630,581
9.676573276519775,300,630,630,581
9.676573276519775,300,630,630,581
9.676573276519775,300,630,630,581
9.676573276519775,300,630,630,581
9.676573276519775,300,630,630,581
9.676573276519775,300,630,630,581
9.676573276519775,300,630,630,581
9.676573276519775,300,630,630,581
9.676573276519775,300,630,630,581
9.676573276519775,300,630,630,581
9.676573276519775,301,630,630,581
9.676573276519775,300,630,630,581
9.676573276519775,300,630,630,581
9.676573276519775,300,630,630,581
9.676573276519775,300,630,630,581
9.692310333251953,300,630,630,581
9.692310333251953,300,630,630,581
9.692310333251953,300,630,630,581
9.692310333251953,300,630,630,581
9.692310333251953,301,630,630,581
9.692310333251953,301,630,630,581
9.692310333251953,301,630,630,581
9.692310333251953,301,630,630,581
9.692310333251953,301,630,630,581
9.692310333251953,301,630,630,581
9.692310333251953,300,630,630,581
9.692310333251953,301,631,630,581
9.692310333251953,301,630,630,581
9.692310333251953,301,630,630,581
9.692310333251953,301,630,630,581
9.692310333251953,301,630,630,581
9.692310333251953,301,630,630,581
9.692310333251953,301,630,630,581
9.708510637283325,301,630,630,581
9.708510637283325,301,630,630,581
9.708510637283325,301,630,630,581
9.708510637283325,301,630,630,581
9.708510637283325,301,630,630,581
9.708510637283325,301,630,631,581
9.708510637283325,301,630,631,581
9.708510637283325,301,630,631,581
9.708510637283325,301,630,631,581
9.708510637283325,301,630,631,582
9.708510637283325,301,630,631,582
9.708510637283325,300,630,631,582
9.708510637283325,300,631,631,582
9.708510637283325,300,631,631,582
9.708510637283325,300,631,631,582
9.708510637283325,300,632,631,582
9.708510637283325,300,632,631,581
9.708510637283325,300,632,631,581
9.724188327789307,300,632,631,581
9.725577592849731,300,631,631,581
9.725577592849731,300,631,631,581
9.725577592849731,300,631,631,581
9.725577592849731,300,630,631,581
9.725577592849731,300,630,631,582
9.725577592849731,300,630,631,582
9.725577592849731,300,630,631,582
9.725577592849731,300,630,631,582
9.725577592849731,300,631,629,581
9.725577592849731,300,631,629,581
9.725577592849731,299,631,629,581
9.725577592849731,299,632,629,581
9.725577592849731,299,632,629,580
9.725577592849731,299,631,629,580
9.725577592849731,299,630,629,580
9.725577592849731,299,630,629,580
9.74002742767334,299,629,629,580
9.74002742767334,299,629,629,580
9.74002742767334,299,629,629,580
9.74002742767334,299,628,629,580
9.74390435218811,299,628,629,581
9.744668245315552,299,628,629,581
9.744668245315552,299,629,629,581
9.744668245315552,299,629,629,581
9.744668245315552,299,629,629,581
9.744668245315552,299,630,629,581
9.744668245315552,299,630,629,580
9.744668245315552,299,630,629,580
9.744668245315552,299,630,629,580
9.744668245315552,299,631,629,580
9.744668245315552,332,630,631,581
9.744668245315552,332,630,631,581
9.744668245315552,332,630,631,581
9.756142616271973,332,629,631,581
9.756142616271973,300,629,631,581
9.756142616271973,300,630,631,581
9.756142616271973,300,630,631,581
9.756142616271973,299,630,631,581
9.756142616271973,299,630,631,581
9.756142616271973,299,630,631,581
9.756142616271973,299,630,631,581
9.756142616271973,300,631,631,582
9.756142616271973,300,631,631,581
9.756142616271973,300,630,631,581
9.756142616271973,300,630,631,582
9.756142616271973,300,630,631,582
9.756142616271973,300,630,631,582
9.756142616271973,300,630,631,582
9.756142616271973,300,631,631,582
9.756142616271973,300,631,631,582
9.756142616271973,300,631,631,582
9.77181887626648,300,632,631,582
9.77181887626648,300,632,630,581
9.77181887626648,300,632,630,581
9.77181887626648,300,632,630,581
9.77181887626648,300,632,630,581
9.77181887626648,300,632,630,581
9.77181887626648,300,631,630,581
9.77181887626648,300,631,630,581
9.77181887626648,300,630,630,581
9.77181887626648,300,630,630,581
9.77181887626648,300,630,630,581
9.77181887626648,300,630,630,581
9.77181887626648,300,630,630,581
9.77181887626648,300,630,630,581
9.77181887626648,300,631,630,581
9.77181887626648,301,630,630,580
9.77181887626648,301,630,630,581
9.787464618682861,300,630,630,581
9.788545846939087,300,630,630,581
9.789113998413086,300,630,630,581
9.789113998413086,300,630,630,581
9.789113998413086,300,630,630,581
9.789113998413086,301,630,630,581
9.789113998413086,334,630,631,581
9.789113998413086,334,630,631,581
9.789113998413086,334,630,631,581
9.789113998413086,334,630,631,581
9.789113998413086,334,630,631,581
9.789113998413086,301,630,631,581
9.789113998413086,301,630,631,581
9.789113998413086,301,630,631,581
9.789113998413086,301,630,631,581
9.789113998413086,300,630,631,582
9.789113998413086,300,630,631,582
9.789113998413086,300,630,631,582
9.803260087966919,300,631,631,582
9.803260087966919,301,631,631,582
9.803260087966919,301,632,631,582
9.803260087966919,301,632,631,581
9.803260087966919,301,632,631,581
9.803260087966919,300,632,631,581
9.803260087966919,300,631,631,581
9.803260087966919,300,631,631,581
9.803260087966919,300,631,631,581
9.803260087966919,300,630,631,581
9.803260087966919,300,630,629,581
9.803260087966919,300,630,629,581
9.803260087966919,300,630,629,581
9.803260087966919,300,630,629,581
9.803260087966919,300,630,629,581
9.803260087966919,300,630,629,581
9.803260087966919,300,630,629,581
9.819393873214722,300,630,629,581
9.81990122795105,300,630,629,580
9.81990122795105,300,630,629,580
9.81990122795105,300,630,629,580
9.81990122795105,300,630,629,580
9.81990122795105,300,629,629,580
9.81990122795105,300,629,629,580
9.81990122795105,300,628,629,580
9.81990122795105,300,628,629,581
9.81990122795105,300,628,629,581
9.81990122795105,300,628,629,581
9.81990122795105,299,628,629,581
9.81990122795105,299,629,629,581
9.81990122795105,299,629,629,581
9.81990122795105,299,630,629,581
9.81990122795105,333,630,631,581
9.81990122795105,333,630,631,581
9.834711790084839,333,630,631,581
9.834711790084839,333,630,631,581
9.834711790084839,333,630,631,581
9.834711790084839,300,630,631,581
9.834711790084839,299,630,631,581
9.834711790084839,299,630,631,581
9.834711790084839,299,630,631,582
9.834711790084839,299,630,631,582
9.834711790084839,299,630,631,582
9.834711790084839,300,631,631,582
9.843839645385742,300,631,631,582
9.843839645385742,300,631,631,582
9.843839645385742,300,632,631,581
9.843839645385742,300,632,631,581
9.843839645385742,300,632,631,581
9.843839645385742,300,632,631,581
9.843839645385742,300,632,631,581
9.843839645385742,300,631,631,581
9.851315021514893,300,631,631,581
9.852006673812866,300,630,631,581
9.852006673812866,300,630,630,581
9.852006673812866,300,630,630,581
9.852006673812866,300,631,630,581
9.852006673812866,299,631,630,581
9.852006673812866,299,630,630,581
9.852006673812866,299,630,630,581
9.852006673812866,299,631,630,581
9.852006673812866,300,630,630,581
9.852006673812866,300,630,630,581
9.852006673812866,300,631,630,581
9.852006673812866,300,630,630,581
9.852006673812866,300,630,630,581
9.852006673812866,300,630,630,581
9.852006673812866,300,630,630,581
9.852006673812866,300,630,630,581
9.852006673812866,300,630,630,581
9.867340326309204,300,630,630,581
9.867340326309204,300,630,630,581
9.867340326309204,300,630,630,581
9.867340326309204,300,630,630,581
9.867340326309204,300,630,630,581
9.867340326309204,300,630,630,581
9.867340326309204,300,631,630,581
9.867340326309204,300,630,630,581
9.867340326309204,300,630,630,581
9.867340326309204,300,630,630,581
9.867340326309204,300,630,630,581
9.867340326309204,300,630,630,581
9.867340326309204,300,630,630,581
9.867340326309204,300,631,630,581
9.867340326309204,300,630,630,580
9.867340326309204,300,630,630,581
9.867340326309204,300,630,630,581
9.882366418838501,300,630,630,581
9.882366418838501,300,630,630,581
9.882366418838501,300,630,630,581
9.882366418838501,300,630,630,581
9.882366418838501,300,630,630,581
9.882366418838501,300,630,630,581
9.882366418838501,300,630,630,581
9.882366418838501,300,630,630,581
9.882366418838501,300,630,630,581
9.882366418838501,300,630,630,581
9.882366418838501,300,630,630,581
9.882366418838501,300,630,630,581
9.882366418838501,300,630,630,581
9.882366418838501,300,630,630,581
9.882366418838501,300,630,630,581
9.882366418838501,300,630,630,581
9.882366418838501,300,630,630,581
9.882366418838501,300,631,630,581
9.882366418838501,300,630,630,580
9.898184299468994,300,630,630,581
9.898184299468994,300,630,630,581
9.900200366973877,301,630,630,581
9.900200366973877,301,630,630,581
9.900200366973877,301,630,630,581
9.900200366973877,301,630,630,581
9.900200366973877,301,630,630,581
9.900200366973877,300,630,630,581
9.900200366973877,300,630,630,581
9.900200366973877,300,630,630,581
9.900200366973877,300,630,630,581
9.900200366973877,300,630,630,581
9.900200366973877,300,631,630,580
9.900200366973877,300,630,630,580
9.900200366973877,300,630,630,580
9.900200366973877,300,630,630,580
9.900200366973877,300,629,630,580
9.913932085037231,300,629,630,580
9.913932085037231,300,629,630,581
9.913932085037231,301,629,630,581
9.913932085037231,301,629,630,581
9.913932085037231,300,629,630,581
9.913932085037231,300,629,630,581
9.913932085037231,300,630,630,581
9.913932085037231,300,630,630,581
9.913932085037231,300,630,630,581
9.913932085037231,301,630,630,581
9.913932085037231,301,630,630,581
9.913932085037231,300,630,630,581
9.913932085037231,300,630,630,581
9.913932085037231,300,630,630,581
9.913932085037231,300,630,630,581
9.913932085037231,300,630,630,581
9.913932085037231,300,630,630,581
9.913932085037231,300,630,630,581
9.929608345031738,300,630,630,581
9.93132472038269,300,630,630,581
9.93132472038269,300,630,630,581
9.93132472038269,300,630,630,581
9.93132472038269,300,630,630,581
9.93132472038269,300,630,630,581
9.93132472038269,300,630,630,581
9.93132472038269,300,630,630,581
9.93132472038269,300,630,630,581
9.93132472038269,300,630,630,581
9.93132472038269,300,630,630,581
9.93132472038269,300,630,630,581
9.93132472038269,300,630,630,581
9.93132472038269,300,630,630,581
9.93132472038269,300,630,630,581
9.93132472038269,300,630,630,581
9.94378399848938,300,630,630,581
9.94378399848938,300,630,630,581
9.94554328918457,300,630,630,581
9.94554328918457,300,630,630,581
9.94554328918457,300,630,630,581
9.94554328918457,300,630,630,581
9.94554328918457,300,630,630,581
9.94554328918457,300,630,630,581
9.94554328918457,300,630,630,581
9.94554328918457,300,631,630,581
9.94554328918457,300,630,630,581
9.94554328918457,300,630,630,581
9.94554328918457,300,631,630,581
9.94554328918457,300,631,630,581
9.94554328918457,300,631,630,580
9.94554328918457,300,631,630,580
9.94554328918457,300,631,630,580
9.94554328918457,299,630,630,580
9.94554328918457,299,630,630,580
9.961365938186646,299,629,630,580
9.961365938186646,299,629,630,581
9.961365938186646,299,629,630,581
9.961365938186646,300,629,630,581
9.961365938186646,300,629,630,581
9.961365938186646,300,629,630,581
9.961365938186646,300,629,630,581
9.961365938186646,300,629,630,581
9.961365938186646,300,630,630,581
9.961365938186646,300,630,630,581
9.961365938186646,300,630,630,581
9.961365938186646,300,630,630,581
9.961365938186646,300,630,630,581
9.961365938186646,299,630,630,581
9.961365938186646,299,631,630,581
9.961365938186646,299,631,630,581
9.961365938186646,300,631,630,581
9.97707486152649,300,631,630,580
9.97707486152649,300,631,630,580
9.978422164916992,300,630,630,580
9.978422164916992,300,630,630,580
9.978422164916992,300,630,630,580
9.978422164916992,300,629,630,581
9.978422164916992,300,629,630,581
9.978422164916992,300,629,630,581
9.978422164916992,300,629,630,581
9.978422164916992,300,629,630,581
9.978422164916992,300,629,630,581
9.978422164916992,300,630,630,581
9.978422164916992,300,630,630,581
9.978422164916992,300,631,630,581
9.978422164916992,300,631,630,581
9.978422164916992,300,630,630,581
9.978422164916992,300,630,630,581
9.978422164916992,300,630,630,581
9.993030309677124,300,630,630,581
9.993030309677124,300,631,630,581
9.993030309677124,300,631,630,581
9.993030309677124,300,631,630,580
9.993030309677124,300,631,630,580
9.993030309677124,300,630,630,580
9.993030309677124,300,630,630,580
9.993030309677124,300,630,630,580
9.993030309677124,300,629,630,581
9.993030309677124,300,629,630,581
9.993030309677124,300,629,630,581
9.993030309677124,300,629,630,581
9.993030309677124,300,629,630,581
9.993030309677124,300,629,630,581
9.993030309677124,300,630,630,581
9.993030309677124,300,630,630,581
9.993030309677124,300,630,630,581
9.993030309677124,300,630,630,581
10.008677959442139,300,630,630,581
10.008677959442139,300,630,630,581
10.01070261001587,300,630,630,581
10.01233458518982,300,630,630,581
10.01233458518982,300,631,630,581
10.01233458518982,300,631,630,581
10.01233458518982,300,631,630,581
10.01233458518982,300,631,630,580
10.01233458518982,300,631,630,580
10.01233458518982,300,631,630,580
10.01233458518982,300,630,630,580
10.01233458518982,300,630,630,580
10.01233458518982,300,630,630,580
10.01233458518982,300,629,630,580
10.01233458518982,300,629,630,581
10.01233458518982,300,628,630,581
10.01233458518982,300,628,630,581
10.024437189102173,300,629,630,581
10.024437189102173,300,629,630,581
10.024437189102173,300,629,630,581
10.024437189102173,300,630,630,581
10.024437189102173,300,630,630,581
10.024437189102173,300,630,630,581
10.024437189102173,300,630,630,581
10.024437189102173,300,631,630,581
10.024437189102173,300,630,630,581
10.024437189102173,300,630,630,581
10.024437189102173,300,630,630,581
10.024437189102173,300,630,630,581
10.024437189102173,300,630,630,581
10.024437189102173,300,631,630,581
10.024437189102173,300,631,630,581
10.024437189102173,300,631,630,581
10.024437189102173,300,630,630,581
10.024437189102173,300,630,630,581
10.040391206741333,300,630,630,581
10.040391206741333,300,630,630,581
10.040391206741333,300,631,630,581
10.040391206741333,300,631,630,580
10.043775081634521,300,631,630,580
10.043775081634521,300,630,630,580
10.043775081634521,300,630,630,581
10.043775081634521,300,630,630,581
10.043775081634521,300,629,630,581
10.043775081634521,300,629,630,581
10.043775081634521,300,629,630,581
10.043775081634521,300,629,630,581
10.043775081634521,299,629,630,581
10.043775081634521,299,630,629,581
10.043775081634521,299,630,629,581
10.043775081634521,299,631,629,580
10.043775081634521,299,631,629,580
10.056273698806763,300,631,629,580
10.057430982589722,300,630,629,580
10.05781626701355,300,630,629,580
10.05781626701355,300,630,629,580
10.05781626701355,300,629,629,580
10.05781626701355,300,629,629,580
10.05781626701355,300,629,629,580
10.05781626701355,299,628,629,580
10.05781626701355,299,628,629,580
10.05781626701355,299,628,629,580
10.05781626701355,300,628,629,580
10.05781626701355,300,629,629,581
10.05781626701355,300,629,629,580
10.05781626701355,300,629,629,580
10.05781626701355,300,629,629,580
10.05781626701355,300,629,629,580
10.05781626701355,300,629,629,580
10.05781626701355,300,629,629,580
10.07205319404602,299,629,629,580
10.073038578033447,332,629,630,581
10.073038578033447,332,629,630,581
10.073038578033447,332,629,630,581
10.073038578033447,332,629,630,581
10.073038578033447,300,629,630,581
10.073038578033447,300,630,630,581
10.073038578033447,300,630,630,581
10.073038578033447,300,631,630,581
10.073038578033447,300,631,630,581
10.073038578033447,300,631,630,581
10.073038578033447,300,631,630,580
10.073038578033447,300,631,630,580
10.073038578033447,300,631,630,580
10.073038578033447,300,631,630,580
10.073038578033447,300,630,630,580
10.073038578033447,300,630,630,580
10.087748050689697,300,629,630,580
10.087748050689697,300,628,630,581
10.087748050689697,300,628,630,581
10.087748050689697,300,628,630,581
10.087748050689697,300,629,630,581
10.087748050689697,300,629,630,581
10.087748050689697,300,630,630,581
10.087748050689697,300,630,630,581
10.087748050689697,300,630,630,581
10.087748050689697,300,631,630,581
10.087748050689697,300,631,630,581
10.087748050689697,300,631,630,581
10.087748050689697,300,631,630,581
10.087748050689697,300,630,630,581
10.087748050689697,301,630,630,581
10.087748050689697,301,630,630,581
10.087748050689697,301,630,630,581
10.103587627410889,301,631,630,581
10.104771614074707,301,631,630,580
10.105391502380371,301,631,630,580
10.105391502380371,301,630,630,580
10.105391502380371,301,630,630,580
10.105391502380371,301,630,630,580
10.105391502380371,300,629,630,581
10.105391502380371,300,629,630,581
10.105391502380371,300,629,630,581
10.105391502380371,300,629,630,581
10.105391502380371,300,629,630,581
10.105391502380371,301,629,630,581
10.105391502380371,300,630,630,581
10.105391502380371,300,630,630,581
10.105391502380371,300,630,630,581
10.105391502380371,300,631,630,581
10.105391502380371,300,630,630,581
10.105391502380371,300,631,630,581
10.119279384613037,300,630,630,581
10.120096921920776,300,630,630,581
10.120096921920776,300,630,630,581
10.122111558914185,300,631,630,580
10.122111558914185,300,630,630,580
10.122111558914185,300,631,630,581
10.122111558914185,300,631,630,580
10.122111558914185,300,630,630,580
10.122111558914185,300,630,630,580
10.122111558914185,300,630,630,580
10.122111558914185,300,629,630,580
10.122111558914185,300,629,630,581
10.122111558914185,300,628,630,581
10.122111558914185,300,628,630,581
10.122111558914185,300,628,630,581
10.122111558914185,300,629,630,581
10.122111558914185,300,630,630,581
10.135101318359375,300,630,630,581
10.136479616165161,299,630,630,581
10.136813640594482,299,631,630,581
10.136813640594482,299,631,630,581
10.136813640594482,299,631,630,581
10.136813640594482,299,631,630,581
10.136813640594482,300,631,630,581
10.136813640594482,300,631,630,581
10.136813640594482,300,630,630,581
10.136813640594482,300,631,630,581
10.143969058990479,300,630,630,581
10.143969058990479,300,630,630,581
10.143969058990479,300,631,630,581
10.143969058990479,299,631,630,580
10.143969058990479,299,630,630,580
10.143969058990479,299,630,630,581
10.143969058990479,299,630,630,581
10.151029825210571,299,629,630,581
10.151029825210571,299,629,630,581
10.151029825210571,299,630,630,581
10.151029825210571,299,630,629,580
10.151029825210571,299,630,629,580
10.151029825210571,299,630,629,580
10.151029825210571,299,630,629,580
10.151029825210571,299,630,629,580
10.151029825210571,299,629,629,580
10.151029825210571,299,629,629,580
10.151029825210571,299,629,629,580
10.151029825210571,299,629,629,580
10.151029825210571,299,629,629,580
10.151029825210571,299,628,629,580
10.151029825210571,299,628,629,580
10.151029825210571,300,629,629,581
10.151029825210571,300,629,629,580
10.151029825210571,300,629,629,580
10.167420148849487,300,629,629,580
10.168036222457886,300,629,629,580
10.168036222457886,300,629,629,580
10.168036222457886,300,629,629,580
10.168036222457886,300,629,629,580
10.168036222457886,299,628,629,580
10.168036222457886,300,628,629,581
10.168036222457886,300,628,631,581
10.168036222457886,300,628,631,581
10.168036222457886,300,629,631,581
10.168036222457886,300,630,631,582
10.168036222457886,300,630,631,582
10.168036222457886,300,630,631,582
10.168036222457886,300,631,631,581
10.168036222457886,300,631,631,581
10.168036222457886,300,632,631,581
10.168036222457886,300,632,631,581
10.182384967803955,300,632,631,581
10.182384967803955,300,632,631,581
10.182384967803955,300,631,631,581
10.182384967803955,300,631,631,581
10.182384967803955,300,631,631,581
10.182384967803955,301,630,631,581
10.182384967803955,301,630,631,581
10.182384967803955,301,631,631,581
10.182384967803955,300,631,631,581
10.182384967803955,300,631,631,581
10.182384967803955,300,631,631,581
10.182384967803955,300,631,631,581
10.182384967803955,300,630,628,581
10.182384967803955,301,630,628,581
10.182384967803955,301,631,628,580
10.182384967803955,301,630,628,580
10.182384967803955,301,630,628,580
10.198187589645386,301,630,628,580
10.198187589645386,301,630,628,580
10.198187589645386,300,629,628,580
10.198187589645386,300,629,628,580
10.198187589645386,300,629,628,580
10.198187589645386,300,629,628,580
10.198187589645386,300,628,628,579
10.198187589645386,301,629,628,580
10.198187589645386,300,629,628,579
10.198187589645386,300,628,628,580
10.198187589645386,300,628,628,580
10.198187589645386,300,628,628,580
10.198187589645386,300,627,628,580
10.198187589645386,301,627,628,580
10.198187589645386,300,627,628,580
10.198187589645386,300,627,628,580
10.198187589645386,300,628,628,580
10.198187589645386,300,628,631,581
10.214174509048462,300,629,631,581
10.214174509048462,300,629,631,581
10.214174509048462,300,629,631,581
10.214174509048462,300,630,631,581
10.214174509048462,300,630,631,581
10.214174509048462,300,630,631,581
10.214174509048462,300,631,631,581
10.214174509048462,300,631,631,581
10.214174509048462,300,630,631,581
10.214174509048462,300,630,631,581
10.214174509048462,300,630,631,581
10.214174509048462,300,630,631,581
10.214174509048462,300,631,631,582
10.214174509048462,300,631,631,581
10.214174509048462,300,631,631,581
10.214174509048462,300,631,631,581
10.214174509048462,300,631,631,581
10.214174509048462,300,631,631,581
10.230143785476685,300,631,631,581
10.230143785476685,300,631,631,581
10.230143785476685,300,631,631,581
10.230143785476685,300,630,628,581
10.230143785476685,300,630,628,581
10.230143785476685,300,630,628,580
10.230143785476685,300,630,628,580
10.230143785476685,299,630,628,580
10.230143785476685,299,630,628,580
10.230143785476685,299,630,628,580
10.230143785476685,299,629,628,580
10.230143785476685,299,629,628,580
10.230143785476685,299,629,628,580
10.230143785476685,299,628,628,580
10.230143785476685,300,628,628,580
10.244029760360718,300,629,628,580
10.244029760360718,300,629,628,580
10.246528148651123,300,629,628,580
10.247009038925171,300,629,628,579
10.247009038925171,300,628,628,579
10.247009038925171,299,628,628,580
10.247009038925171,299,628,628,580
10.247009038925171,299,628,628,580
10.247009038925171,299,627,628,580
10.247009038925171,299,627,628,580
10.247009038925171,299,627,630,580
10.247009038925171,299,627,630,581
10.247009038925171,299,628,630,581
10.247009038925171,299,629,630,581
10.247009038925171,299,629,630,581
10.247009038925171,299,630,630,581
10.247009038925171,300,630,630,581
10.247009038925171,300,630,630,581
10.247009038925171,299,631,630,580
10.261494398117065,299,631,630,580
10.261494398117065,299,631,630,580
10.261494398117065,299,630,630,580
10.261494398117065,300,630,630,580
10.261494398117065,300,630,630,580
10.261494398117065,300,629,630,580
10.261494398117065,300,629,630,581
10.261494398117065,300,629,630,581
10.261494398117065,300,629,630,581
10.261494398117065,300,629,630,581
10.261494398117065,300,629,630,581
10.261494398117065,300,630,630,581
10.261494398117065,300,630,630,581
10.261494398117065,300,630,629,581
10.261494398117065,300,631,629,580
10.261494398117065,300,631,629,580
10.261494398117065,300,630,629,580
10.261494398117065,300,630,629,580
10.277591228485107,300,630,629,580
10.277591228485107,300,629,629,580
10.279609441757202,300,629,629,580
10.279609441757202,300,629,629,580
10.281625032424927,300,629,629,580
10.281625032424927,300,629,629,580
10.281625032424927,300,629,629,580
10.281625032424927,300,628,629,580
10.281625032424927,301,629,629,580
10.281625032424927,301,629,629,580
10.281625032424927,301,629,629,580
10.281625032424927,301,629,629,580
10.281625032424927,301,628,629,580
10.281625032424927,301,628,629,580
10.281625032424927,301,628,629,580
10.281625032424927,300,628,629,581
10.281625032424927,300,628,629,581
10.293232917785645,301,628,629,581
10.293232917785645,301,628,629,581
10.295045614242554,301,629,629,581
10.295045614242554,301,630,629,581
10.295045614242554,301,630,629,580
10.295045614242554,301,631,629,580
10.295045614242554,301,631,629,580
10.295045614242554,301,631,629,580
10.295045614242554,301,630,629,580
10.295045614242554,301,630,629,580
10.295045614242554,301,629,629,580
10.295045614242554,301,629,629,580
10.295045614242554,301,629,629,580
10.295045614242554,301,629,629,580
10.295045614242554,301,628,629,580
10.295045614242554,301,628,629,580
10.295045614242554,301,629,629,580
10.308891296386719,301,629,629,580
10.308891296386719,301,629,629,580
10.308891296386719,301,629,629,580
10.308891296386719,301,629,629,580
10.308891296386719,301,628,629,580
10.308891296386719,301,628,630,581
10.308891296386719,301,628,630,581
10.308891296386719,301,628,630,581
10.308891296386719,301,629,630,581
10.308891296386719,301,629,630,581
10.308891296386719,300,630,630,581
10.308891296386719,300,630,630,581
10.308891296386719,300,630,630,581
10.308891296386719,300,630,630,581
10.308891296386719,300,630,630,581
10.308891296386719,300,631,630,581
10.308891296386719,300,631,630,581
10.308891296386719,300,630,630,581
10.324613809585571,300,631,630,581
10.324613809585571,300,631,630,580
10.324613809585571,300,631,630,580
10.324613809585571,300,630,630,580
10.324613809585571,300,630,630,581
10.324613809585571,300,630,630,581
10.324613809585571,300,629,630,581
10.324613809585571,300,629,630,581
10.324613809585571,300,629,630,581
10.324613809585571,300,629,628,580
10.324613809585571,300,630,628,580
10.324613809585571,300,630,628,580
10.324613809585571,300,631,628,580
10.324613809585571,299,630,628,580
10.324613809585571,299,630,628,580
10.324613809585571,300,629,628,579
10.324613809585571,300,629,628,579
10.324613809585571,300,628,628,579
10.340709686279297,300,628,628,580
10.342734336853027,300,627,628,580
10.342734336853027,300,627,628,580
10.342734336853027,300,627,628,580
10.34425163269043,300,627,628,580
10.34425163269043,299,628,628,580
10.34425163269043,299,628,628,580
10.34425163269043,299,628,628,580
10.34425163269043,299,628,628,580
10.34425163269043,299,628,628,580
10.34425163269043,299,629,628,580
10.34425163269043,300,629,628,580
10.34425163269043,300,628,628,580
10.34425163269043,300,629,631,580
10.34425163269043,300,629,631,580
10.34425163269043,300,629,631,581
10.34425163269043,300,629,631,581
10.356362342834473,300,629,631,581
10.357590913772583,300,629,631,581
10.357590913772583,300,629,631,581
10.357590913772583,300,630,631,581
10.357590913772583,300,630,631,581
10.357590913772583,300,630,631,581
10.357590913772583,300,631,631,581
10.357590913772583,300,631,631,581
10.357590913772583,300,630,631,581
10.357590913772583,300,631,631,582
10.357590913772583,300,631,631,581
10.357590913772583,300,631,631,581
10.357590913772583,300,631,631,581
10.357590913772583,301,631,631,581
10.357590913772583,300,631,631,581
10.357590913772583,300,631,631,581
10.357590913772583,301,631,631,581
10.37207317352295,300,631,631,581
10.37207317352295,300,630,628,581
10.37207317352295,301,630,628,581
10.37207317352295,301,630,628,581
10.37207317352295,300,630,628,581
10.37207317352295,300,631,628,580
10.37207317352295,300,631,628,580
10.37207317352295,300,630,628,580
10.37207317352295,300,630,628,580
10.37207317352295,300,630,628,580
10.37207317352295,300,629,628,580
10.37207317352295,300,629,628,580
10.37207317352295,300,629,628,579
10.37207317352295,300,629,628,579
10.37207317352295,300,629,628,579
10.37207317352295,300,628,628,579
10.37207317352295,300,628,628,579
10.387935876846313,300,628,628,579
10.387935876846313,300,627,628,579
10.387935876846313,300,627,628,580
10.387935876846313,300,627,628,580
10.387935876846313,300,627,628,580
10.387935876846313,300,627,628,580
10.387935876846313,301,627,631,581
10.387935876846313,301,628,631,581
10.387935876846313,301,628,631,581
10.387935876846313,301,629,631,581
10.387935876846313,301,629,631,581
10.387935876846313,301,629,631,581
10.387935876846313,301,630,631,582
10.387935876846313,301,630,631,581
10.387935876846313,301,630,631,582
10.387935876846313,301,631,631,582
10.387935876846313,301,631,631,581
10.387935876846313,301,631,631,581
10.403675556182861,301,631,631,581
10.403675556182861,301,632,631,581
10.403675556182861,301,632,631,581
10.403675556182861,301,631,631,581
10.403675556182861,301,631,631,581
10.403675556182861,301,631,631,581
10.403675556182861,301,630,631,581
10.403675556182861,301,630,631,582
10.403675556182861,301,630,631,582
10.403675556182861,301,630,631,582
10.403675556182861,301,630,629,581
10.403675556182861,301,631,629,581
10.403675556182861,301,631,629,581
10.403675556182861,301,631,629,581
10.403675556182861,301,631,629,581
10.403675556182861,301,631,629,581
10.403675556182861,301,631,629,580
10.419403314590454,300,630,629,580
10.419403314590454,300,630,629,580
10.419403314590454,300,630,629,580
10.419403314590454,300,629,629,580
10.419403314590454,300,629,629,580
10.419403314590454,300,628,629,580
10.419403314590454,301,628,629,581
10.419403314590454,301,628,629,581
10.419403314590454,300,628,629,581
10.419403314590454,300,628,629,581
10.419403314590454,300,629,629,581
10.419403314590454,300,629,629,581
10.419403314590454,300,630,629,581
10.419403314590454,300,630,629,581
10.419403314590454,300,630,629,580
10.419403314590454,300,630,630,581
10.419403314590454,300,630,630,581
10.419403314590454,300,630,630,581
10.435166120529175,300,630,630,581
10.436329126358032,300,629,630,581
10.437465906143188,300,629,630,581
10.437738180160522,300,630,630,581
10.437738180160522,300,630,630,581
10.437738180160522,300,630,630,581
10.437738180160522,300,630,630,581
10.437738180160522,300,630,630,581
10.437738180160522,300,630,630,581
10.437738180160522,300,630,630,581
10.444278478622437,300,630,630,581
10.444278478622437,300,631,630,581
10.444278478622437,300,630,630,580
10.444278478622437,300,630,630,581
10.444278478622437,300,630,630,581
10.444278478622437,300,630,630,581
10.444278478622437,300,630,630,581
10.450807571411133,300,630,630,581
10.450807571411133,300,629,630,581
10.450807571411133,300,629,630,581
10.450807571411133,300,629,630,581
10.450807571411133,300,629,630,581
10.450807571411133,300,630,630,581
10.450807571411133,300,631,630,581
10.450807571411133,300,631,630,581
10.450807571411133,300,630,630,581
10.450807571411133,300,630,630,581
10.450807571411133,300,630,630,581
10.450807571411133,300,630,630,581
10.450807571411133,300,630,630,581
10.450807571411133,300,630,630,581
10.450807571411133,300,630,630,581
10.450807571411133,300,630,630,581
10.450807571411133,300,630,630,581
10.450807571411133,300,630,630,581
10.466530561447144,300,630,630,581
10.466530561447144,300,630,630,581
10.466530561447144,300,630,630,581
10.466530561447144,300,630,630,581
10.466530561447144,300,630,630,581
10.466530561447144,300,630,630,581
10.466530561447144,300,630,630,581
10.466530561447144,300,630,630,581
10.466530561447144,301,630,630,581
10.466530561447144,301,630,630,581
10.466530561447144,300,630,630,581
10.466530561447144,300,630,630,581
10.466530561447144,300,630,630,581
10.466530561447144,300,630,630,581
10.466530561447144,300,630,630,581
10.466530561447144,300,630,630,581
10.466530561447144,301,630,630,581
10.482294797897339,301,630,630,581
10.482294797897339,301,630,630,581
10.483528852462769,301,630,630,581
10.483977556228638,301,630,630,581
10.483977556228638,300,630,630,581
10.483977556228638,301,630,630,581
10.483977556228638,301,631,630,581
10.483977556228638,301,630,630,581
10.483977556228638,301,630,630,581
10.483977556228638,301,630,630,581
10.483977556228638,301,630,630,581
10.483977556228638,301,630,630,581
10.483977556228638,301,630,630,581
10.483977556228638,301,630,630,581
10.483977556228638,300,630,630,581
10.483977556228638,300,630,630,581
10.483977556228638,300,630,630,581
10.483977556228638,300,630,630,581
10.498019933700562,300,631,630,580
10.498019933700562,300,631,630,580
10.498019933700562,300,631,630,580
10.498019933700562,301,630,630,580
10.498019933700562,301,629,630,580
10.498019933700562,301,629,630,581
10.498019933700562,301,629,630,581
10.498019933700562,301,629,630,581
10.498019933700562,301,629,630,581
10.498019933700562,301,629,630,581
10.498019933700562,300,629,630,581
10.498019933700562,300,630,630,581
10.498019933700562,300,630,630,581
10.498019933700562,300,630,630,581
10.498019933700562,301,630,630,581
10.498019933700562,301,630,630,581
10.498019933700562,301,630,630,581
10.498019933700562,301,630,629,581
10.513771057128906,301,630,629,581
10.515539407730103,300,630,629,581
10.515539407730103,300,630,629,580
10.515539407730103,300,630,629,580
10.515539407730103,300,630,629,580
10.515539407730103,300,630,629,580
10.515539407730103,300,630,629,580
10.515539407730103,300,629,629,580
10.515539407730103,300,629,629,580
10.515539407730103,300,628,629,580
10.515539407730103,300,628,629,581
10.515539407730103,300,628,629,581
10.515539407730103,300,628,629,581
10.515539407730103,300,629,629,581
10.515539407730103,300,629,629,581
10.515539407730103,300,629,629,581
10.515539407730103,301,629,629,581
10.5296151638031,301,630,629,580
10.5296151638031,300,630,629,580
10.5296151638031,300,630,629,580
10.5296151638031,300,629,629,580
10.5296151638031,300,629,630,580
10.5296151638031,300,628,630,581
10.5296151638031,300,628,630,581
10.5296151638031,300,628,630,581
10.5296151638031,300,629,630,581
10.5296151638031,300,629,630,581
10.5296151638031,300,629,630,581
10.5296151638031,300,629,630,581
10.5296151638031,300,630,630,581
10.5296151638031,300,631,630,581
10.5296151638031,301,631,630,581
10.5296151638031,300,630,630,581
10.544502973556519,300,630,630,581
10.544502973556519,300,630,630,581
10.545514822006226,300,630,630,581
10.546282052993774,300,630,630,581
10.546282052993774,301,630,630,581
10.546282052993774,301,630,630,581
10.546282052993774,301,630,630,581
10.546282052993774,301,630,630,581
10.546282052993774,301,630,630,581
10.546282052993774,301,630,630,581
10.546282052993774,300,631,630,581
10.546282052993774,300,631,630,581
10.546282052993774,300,630,630,581
10.546282052993774,300,630,630,581
10.546282052993774,300,630,630,581
10.546282052993774,301,630,630,581
10.546282052993774,301,630,630,581
10.546282052993774,300,630,630,581
10.546282052993774,300,630,630,581
10.561295509338379,300,630,630,581
10.561295509338379,300,630,630,581
10.561295509338379,300,630,630,581
10.561295509338379,300,630,630,581
10.561295509338379,300,630,630,581
10.561295509338379,301,630,630,581
10.561295509338379,301,631,630,581
10.561295509338379,301,630,630,581
10.561295509338379,301,630,630,581
10.561295509338379,301,630,630,581
10.561295509338379,300,630,630,581
10.561295509338379,301,630,630,581
10.561295509338379,301,630,630,581
10.561295509338379,300,630,630,581
10.561295509338379,300,630,630,581
10.561295509338379,300,630,630,581
10.561295509338379,300,630,630,581
10.561295509338379,300,630,630,581
10.576932907104492,301,630,630,581
10.576932907104492,301,631,630,581
10.576932907104492,301,630,630,580
10.576932907104492,301,630,630,581
10.576932907104492,301,630,630,581
10.576932907104492,301,630,630,581
10.576932907104492,301,630,630,581
10.576932907104492,300,630,630,581
10.576932907104492,300,630,630,581
10.576932907104492,300,630,630,581
10.576932907104492,300,630,630,581
10.576932907104492,300,630,630,581
10.576932907104492,300,630,630,581
10.576932907104492,300,630,630,581
10.576932907104492,300,630,630,581
10.576932907104492,300,630,630,581
10.576932907104492,300,630,630,581
10.576932907104492,300,630,630,581
10.59302568435669,300,630,630,581
10.59302568435669,300,630,630,581
10.59302568435669,300,630,630,581
10.59302568435669,300,630,630,581
10.59302568435669,300,630,630,581
10.59302568435669,300,630,630,581
10.59302568435669,300,630,630,581
10.59302568435669,300,630,630,581
10.59302568435669,300,630,630,581
10.59302568435669,300,630,630,581
10.59302568435669,300,631,630,581
10.59302568435669,300,631,630,580
10.59302568435669,300,630,630,580
10.59302568435669,300,630,630,580
10.59302568435669,300,630,630,580
10.59302568435669,300,630,630,580
10.59302568435669,300,630,630,580
10.59302568435669,300,629,630,581
10.60971713066101,300,629,630,581
10.610481262207031,300,628,630,581
10.610718488693237,300,628,630,581
10.610718488693237,300,629,630,581
10.610718488693237,300,629,630,581
10.610718488693237,300,629,630,581
10.610718488693237,299,630,630,581
10.610718488693237,300,630,630,581
10.610718488693237,300,630,630,581
10.610718488693237,300,630,630,581
10.610718488693237,300,630,630,581
10.610718488693237,300,630,630,581
10.610718488693237,300,631,630,581
10.610718488693237,300,631,630,581
10.610718488693237,300,630,630,581
10.610718488693237,300,630,630,581
10.610718488693237,300,631,630,581
10.624956607818604,300,631,630,581
10.624956607818604,300,631,630,581
10.624956607818604,301,633,630,580
10.624956607818604,301,633,630,580
10.624956607818604,302,633,630,580
10.624956607818604,303,633,630,579
10.624956607818604,304,633,630,579
10.624956607818604,306,632,630,579
10.624956607818604,307,631,630,579
10.624956607818604,309,631,630,579
10.624956607818604,312,630,636,581
10.624956607818604,316,630,636,581
10.624956607818604,319,630,636,582
10.624956607818604,325,630,636,582
10.624956607818604,329,631,636,583
10.624956607818604,333,633,636,583
10.624956607818604,339,635,636,583
10.624956607818604,343,636,636,583
10.64097785949707,347,637,636,582
10.64097785949707,353,638,636,582
10.6430025100708,357,638,636,582
10.6430025100708,360,638,636,582
10.644517660140991,364,638,636,582
10.644517660140991,368,638,636,581
10.644517660140991,373,637,636,581
10.644517660140991,377,637,636,581
10.644517660140991,380,636,636,581
10.644517660140991,385,635,636,581
10.644517660140991,388,634,636,582
10.644517660140991,391,634,636,582
10.644517660140991,396,633,636,582
10.644517660140991,397,633,690,596
10.644517660140991,402,633,690,600
10.644517660140991,405,634,690,605
10.644517660140991,408,636,690,605
10.656631469726562,411,643,690,609
10.658015489578247,413,650,690,612
10.658015489578247,417,657,690,614
10.658015489578247,419,666,690,614
10.658015489578247,420,678,690,615
10.658015489578247,422,684,690,614
10.658015489578247,423,691,690,613
10.658015489578247,424,694,690,612
10.658015489578247,425,696,690,611
10.658015489578247,425,696,690,610
10.658015489578247,425,696,690,610
10.658015489578247,425,694,690,610
10.658015489578247,424,692,690,610
10.658015489578247,424,691,690,610
10.658015489578247,423,690,690,610
10.658015489578247,423,688,690,611
10.658015489578247,421,687,690,611
10.672488451004028,421,686,690,611
10.672488451004028,420,686,623,596
10.672488451004028,419,686,623,590
10.672488451004028,418,685,623,585
10.672488451004028,417,683,623,581
10.672488451004028,417,678,623,577
10.672488451004028,416,670,623,577
10.672488451004028,415,657,623,574
10.672488451004028,414,647,623,574
10.672488451004028,413,638,623,573
10.672488451004028,413,630,623,574
10.672488451004028,412,621,623,575
10.672488451004028,411,618,623,577
10.672488451004028,410,615,623,578
10.672488451004028,410,614,623,579
10.672488451004028,409,615,623,580
10.672488451004028,409,617,623,580
10.688370943069458,409,619,623,580
10.689205169677734,409,621,623,580
10.689773559570312,409,623,623,579
10.689773559570312,409,625,623,579
10.689773559570312,410,625,623,579
10.689773559570312,410,626,623,578
10.689773559570312,411,626,698,596
10.689773559570312,411,626,698,602
10.689773559570312,413,627,698,608
10.689773559570312,413,633,698,613
10.689773559570312,414,640,698,617
10.689773559570312,416,649,698,620
10.689773559570312,417,660,698,621
10.689773559570312,418,672,698,621
10.689773559570312,419,686,698,621
10.689773559570312,420,694,698,620
10.689773559570312,422,700,698,619
10.689773559570312,423,704,698,618
10.704030275344849,423,707,698,617
10.704030275344849,425,707,698,615
10.704030275344849,425,706,698,615
10.704030275344849,426,705,698,614
10.704030275344849,427,703,698,614
10.704030275344849,428,701,698,614
10.704030275344849,428,699,698,614
10.704030275344849,429,697,698,614
10.704030275344849,429,696,698,615
10.704030275344849,430,695,698,615
10.704030275344849,431,694,670,609
10.704030275344849,432,694,670,607
10.704030275344849,432,694,670,605
10.704030275344849,433,692,670,603
10.704030275344849,434,690,670,602
10.704030275344849,435,686,670,601
10.704030275344849,435,682,670,600
10.719835758209229,437,678,670,600
10.719835758209229,438,675,670,601
10.719835758209229,438,672,670,601
10.719835758209229,439,668,670,601
10.719835758209229,440,667,670,602
10.719835758209229,441,667,670,602
10.719835758209229,442,666,670,603
10.719835758209229,443,667,670,603
10.719835758209229,445,668,670,603
10.719835758209229,445,669,670,603
10.719835758209229,446,669,670,603
10.719835758209229,448,670,670,603
10.719835758209229,448,670,670,603
10.719835758209229,448,670,670,603
10.719835758209229,449,670,670,603
10.719835758209229,449,670,731,617
10.719835758209229,448,670,731,622
10.735402822494507,448,673,731,627
10.735402822494507,447,677,731,632
10.735402822494507,446,682,731,635
10.735402822494507,445,694,731,638
10.735402822494507,443,703,731,638
10.735402822494507,441,712,731,639
10.735402822494507,440,723,731,638
10.735402822494507,438,729,731,637
10.735402822494507,436,733,731,637
10.735402822494507,433,735,731,636
10.744532823562622,431,737,731,635
10.744532823562622,428,737,731,634
10.744532823562622,426,736,731,634
10.744532823562622,423,735,731,634
10.744532823562622,420,732,731,634
10.744532823562622,416,731,731,634
10.744532823562622,414,729,731,635
10.751246213912964,411,728,731,635
10.751246213912964,408,728,731,635
10.751246213912964,405,728,731,635
10.751246213912964,402,728,663,614
10.751246213912964,399,728,663,614
10.751246213912964,394,726,663,608
10.751246213912964,390,722,663,604
10.751246213912964,387,712,663,600
10.751246213912964,384,703,663,597
10.751246213912964,380,693,663,596
10.751246213912964,377,679,663,596
10.751246213912964,373,670,663,597
10.751246213912964,370,667,663,598
10.751246213912964,368,659,663,599
10.751246213912964,365,656,663,600
10.751246213912964,363,654,663,600
10.751246213912964,360,654,663,602
10.76708722114563,358,655,663,602
10.768194437026978,357,657,663,603
10.769009828567505,355,659,663,603
10.769009828567505,353,661,663,603
10.769009828567505,352,663,663,602
10.769009828567505,350,664,663,602
10.769009828567505,349,665,663,602
10.769009828567505,348,666,742,620
10.769009828567505,347,666,742,627
10.769009828567505,346,667,742,633
10.769009828567505,345,671,742,638
10.769009828567505,344,677,742,638
10.769009828567505,343,686,742,642
10.769009828567505,342,697,742,646
10.769009828567505,342,714,742,646
10.769009828567505,341,725,742,647
10.769009828567505,340,734,742,645
10.769009828567505,340,744,742,645
10.783020496368408,339,748,742,643
10.783020496368408,338,751,742,642
10.783020496368408,337,752,742,640
10.783020496368408,337,752,742,639
10.783020496368408,336,750,742,639
10.783020496368408,336,748,742,639
10.783020496368408,335,746,742,639
10.783020496368408,335,743,742,639
10.783020496368408,334,741,742,639
10.783020496368408,333,740,742,640
10.783020496368408,333,738,742,640
10.783020496368408,332,738,696,630
10.783020496368408,331,738,696,626
10.783020496368408,330,738,696,623
10.783020496368408,330,736,696,620
10.783020496368408,329,731,696,617
10.783020496368408,328,726,696,615
10.798831939697266,328,720,696,615
10.798831939697266,327,713,696,615
10.801136016845703,327,707,696,614
10.80138611793518,326,699,696,615
10.80138611793518,326,697,696,616
10.80138611793518,326,694,696,616
10.80138611793518,326,691,696,617
10.80138611793518,326,690,696,618
10.80138611793518,326,691,696,618
10.80138611793518,326,692,696,618
10.80138611793518,327,693,696,618
10.80138611793518,328,695,696,618
10.80138611793518,329,696,696,618
10.80138611793518,330,696,696,618
10.80138611793518,330,696,696,618
10.80138611793518,331,697,696,618
10.80138611793518,332,697,759,633
10.814730644226074,332,697,759,638
10.815605640411377,334,699,759,643
10.816498517990112,335,704,759,647
10.816498517990112,336,710,759,651
10.816498517990112,338,718,759,653
10.816498517990112,339,728,759,654
10.816498517990112,340,737,759,654
10.816498517990112,341,749,759,654
10.816498517990112,342,756,759,653
10.816498517990112,344,760,759,652
10.816498517990112,345,764,759,651
10.816498517990112,346,766,759,650
10.816498517990112,348,766,759,649
10.816498517990112,349,765,759,648
10.816498517990112,350,764,759,648
10.816498517990112,351,762,759,648
10.816498517990112,353,760,759,648
10.816498517990112,354,759,759,648
10.83047080039978,354,757,759,649
10.83047080039978,355,756,759,649
10.83047080039978,356,756,759,649
10.83047080039978,356,756,722,641
10.83047080039978,357,756,722,638
10.83047080039978,357,755,722,635
10.83047080039978,357,753,722,633
10.83047080039978,357,750,722,631
10.83047080039978,357,743,722,629
10.83047080039978,357,737,722,629
10.83047080039978,358,732,722,629
10.83047080039978,358,727,722,630
10.83047080039978,358,724,722,630
10.83047080039978,358,719,722,630
10.83047080039978,358,718,722,631
10.844648361206055,359,717,722,631
10.844648361206055,359,717,722,632
10.846405029296875,359,717,722,632
10.846405029296875,359,718,722,633
10.846405029296875,360,719,722,633
10.846405029296875,360,720,722,633
10.846405029296875,360,721,722,633
10.846405029296875,360,722,722,633
10.846405029296875,360,722,722,633
10.846405029296875,360,722,722,633
10.846405029296875,360,723,761,642
10.846405029296875,360,723,761,645
10.846405029296875,359,725,761,648
10.846405029296875,359,727,761,651
10.846405029296875,358,731,761,653
10.846405029296875,358,739,761,654
10.846405029296875,358,744,761,655
10.846405029296875,357,750,761,655
10.846405029296875,357,757,761,654
10.862242221832275,356,760,761,654
10.862242221832275,356,763,761,654
10.862242221832275,355,764,761,653
10.862242221832275,355,765,761,652
10.862242221832275,354,765,761,652
10.862242221832275,353,764,761,652
10.862242221832275,353,763,761,651
10.862242221832275,352,761,761,651
10.862242221832275,351,760,761,652
10.862242221832275,350,760,761,652
10.862242221832275,349,759,761,652
10.862242221832275,348,759,761,653
10.862242221832275,347,758,761,653
10.862242221832275,346,759,725,642
10.862242221832275,344,759,725,642
10.862242221832275,342,758,725,639
10.862242221832275,341,756,725,636
10.878172159194946,339,751,725,634
10.878867149353027,338,746,725,633
10.879705667495728,336,741,725,632
10.880038976669312,335,733,725,632
10.880038976669312,333,729,725,633
10.880038976669312,332,726,725,633
10.880038976669312,331,722,725,634
10.880038976669312,330,721,725,635
10.880038976669312,329,720,725,635
10.880038976669312,327,720,725,635
10.880038976669312,326,721,725,636
10.880038976669312,326,723,725,636
10.880038976669312,325,724,725,636
10.880038976669312,325,724,725,635
10.880038976669312,324,726,725,635
10.880038976669312,324,726,725,635
10.880038976669312,323,726,725,635
10.880038976669312,323,726,762,644
10.894196510314941,322,726,762,647
10.894196510314941,321,727,762,649
10.894196510314941,321,728,762,652
10.894196510314941,320,731,762,652
10.894196510314941,320,735,762,654
10.894196510314941,320,741,762,656
10.894196510314941,320,749,762,656
10.894196510314941,320,754,762,656
10.894196510314941,320,758,762,656
10.894196510314941,320,763,762,655
10.894196510314941,320,765,762,654
10.894196510314941,320,766,762,654
10.894196510314941,320,767,762,653
10.894196510314941,320,767,762,653
10.894196510314941,320,766,762,653
10.894196510314941,321,765,762,653
10.894196510314941,321,764,762,652
10.910012245178223,321,763,762,653
10.911279678344727,321,762,762,653
10.911701202392578,321,761,762,653
10.911701202392578,322,761,762,653
10.914002895355225,322,761,744,649
10.914002895355225,322,761,744,647
10.914002895355225,322,761,744,646
10.914002895355225,322,760,744,645
10.914002895355225,323,758,744,644
10.914002895355225,323,756,744,643
10.914002895355225,323,753,744,643
10.914002895355225,323,750,744,643
10.914002895355225,324,748,744,643
10.914002895355225,324,745,744,643
10.914002895355225,324,744,744,643
10.914002895355225,325,743,744,644
10.914002895355225,325,742,744,644
10.914002895355225,326,742,744,644
10.925873517990112,327,742,744,644
10.925873517990112,328,742,744,644
10.925873517990112,329,743,744,644
10.925873517990112,329,743,744,644
10.925873517990112,331,743,744,644
10.925873517990112,331,744,744,645
10.925873517990112,332,743,744,644
10.925873517990112,333,743,744,645
10.925873517990112,334,743,776,652
10.925873517990112,334,743,776,655
10.925873517990112,335,744,776,658
10.925873517990112,336,747,776,660
10.925873517990112,338,751,776,662
10.925873517990112,338,755,776,663
10.925873517990112,339,763,776,663
10.925873517990112,340,768,776,663
10.925873517990112,340,772,776,663
10.941658020019531,341,775,776,662
10.941658020019531,342,778,776,662
10.941658020019531,342,780,776,661
10.944674968719482,343,780,776,661
10.944674968719482,344,780,776,660
10.944674968719482,345,779,776,660
10.944674968719482,346,778,776,660
10.944674968719482,347,777,776,660
10.944674968719482,347,776,776,660
10.944674968719482,347,775,776,661
10.944674968719482,347,774,776,661
10.944674968719482,347,774,776,661
10.944674968719482,347,774,776,661
10.944674968719482,347,774,755,656
10.944674968719482,348,775,755,655
10.944674968719482,347,774,755,653
10.944674968719482,347,773,755,652
10.957422494888306,347,771,755,650
10.958769083023071,346,767,755,650
10.959338188171387,345,764,755,649
10.959338188171387,345,761,755,649
10.959338188171387,345,757,755,649
10.959338188171387,344,755,755,650
10.959338188171387,344,753,755,650
10.959338188171387,344,752,755,650
10.959338188171387,343,751,755,651
10.959338188171387,343,751,755,651
10.959338188171387,343,751,755,652
10.959338188171387,342,752,755,652
10.959338188171387,342,753,755,652
10.959338188171387,341,753,755,652
10.959338188171387,341,754,755,652
10.959338188171387,341,755,755,652
10.959338188171387,340,755,755,652
10.973135709762573,339,756,755,652
10.973135709762573,339,755,773,657
10.973135709762573,338,755,773,657
10.973135709762573,337,756,773,659
10.973135709762573,336,757,773,660
10.973135709762573,335,760,773,661
10.973135709762573,335,763,773,662
10.973135709762573,333,765,773,662
10.973135709762573,333,769,773,662
10.973135709762573,332,771,773,662
10.973135709762573,331,773,773,662
10.973135709762573,330,774,773,661
10.973135709762573,330,775,773,661
10.973135709762573,329,775,773,661
10.973135709762573,329,775,773,661
10.973135709762573,328,775,773,660
10.973135709762573,327,774,773,660
10.988851308822632,327,774,773,660
10.989923477172852,326,773,773,660
10.990966558456421,325,773,773,660
10.991509437561035,324,772,773,661
10.991509437561035,324,772,773,661
10.993315696716309,323,771,758,658
10.993315696716309,322,771,758,656
10.99510908126831,321,771,758,655
10.99510908126831,321,771,758,654
10.99510908126831,320,771,758,654
10.99510908126831,319,769,758,653
10.99510908126831,318,767,758,653
10.99510908126831,317,764,758,652
10.99510908126831,316,761,758,652
10.99510908126831,315,760,758,653
10.99510908126831,315,758,758,653
10.99510908126831,314,757,758,653
11.004634380340576,314,756,758,653
11.004634380340576,314,756,758,654
11.004634380340576,314,756,758,654
11.004634380340576,313,757,758,654
11.004634380340576,313,757,758,654
11.004634380340576,313,758,758,654
11.004634380340576,313,759,758,654
11.004634380340576,313,759,758,653
11.004634380340576,314,759,758,653
11.004634380340576,313,759,758,653
11.004634380340576,313,759,781,659
11.004634380340576,313,759,781,661
11.004634380340576,313,759,781,662
11.004634380340576,313,760,781,664
11.004634380340576,313,763,781,665
11.004634380340576,313,766,781,666
11.004634380340576,314,769,781,666
11.004634380340576,314,773,781,666
11.020629167556763,315,776,781,666
11.020629167556763,315,780,781,666
11.020629167556763,315,781,781,666
11.020629167556763,316,783,781,665
11.020629167556763,316,784,781,665
11.020629167556763,317,784,781,665
11.020629167556763,318,784,781,664
11.020629167556763,318,783,781,664
11.020629167556763,319,783,781,664
11.020629167556763,319,782,781,664
11.020629167556763,320,781,781,664
11.020629167556763,320,781,781,664
11.020629167556763,321,780,781,665
11.020629167556763,321,780,781,665
11.020629167556763,322,780,774,663
11.020629167556763,323,780,774,663
11.020629167556763,323,780,774,662
11.036319732666016,323,780,774,662
11.037835359573364,324,780,774,661
11.038302421569824,324,779,774,661
11.038302421569824,325,778,774,661
11.038302421569824,325,777,774,661
11.038302421569824,325,776,774,661
11.038302421569824,326,775,774,661
11.038302421569824,326,774,774,661
11.038302421569824,327,774,774,661
11.044735431671143,327,773,774,661
11.044735431671143,328,773,774,661
11.044735431671143,329,773,774,661
11.044735431671143,329,773,774,661
11.044735431671143,330,773,774,661
11.044735431671143,331,773,774,661
11.044735431671143,331,773,774,661
11.044735431671143,332,773,774,662
11.052057981491089,332,773,774,662
11.052057981491089,333,773,774,662
11.052057981491089,333,773,789,665
11.052057981491089,334,773,789,667
11.052057981491089,334,774,789,668
11.052057981491089,334,775,789,669
11.052057981491089,335,777,789,670
11.052057981491089,335,781,789,670
11.052057981491089,335,783,789,670
11.052057981491089,335,785,789,671
11.052057981491089,335,787,789,670
11.052057981491089,335,788,789,670
11.052057981491089,335,790,789,670
11.052057981491089,336,791,789,670
11.052057981491089,336,791,789,669
11.052057981491089,336,791,789,669
11.052057981491089,336,790,789,669
11.068028926849365,336,790,789,669
11.068028926849365,336,789,789,669
11.069708585739136,336,788,789,669
11.069885015487671,335,788,789,670
11.069885015487671,335,788,789,670
11.069885015487671,335,787,789,670
11.069885015487671,335,787,789,670
11.069885015487671,334,787,776,667
11.069885015487671,334,787,776,666
11.069885015487671,333,788,776,665
11.069885015487671,332,788,776,664
11.069885015487671,331,787,776,663
11.069885015487671,331,784,776,663
11.069885015487671,330,782,776,663
11.069885015487671,329,780,776,662
11.069885015487671,329,778,776,663
11.069885015487671,328,776,776,663
11.069885015487671,327,775,776,663
11.08460283279419,327,774,776,663
11.085393190383911,326,774,776,664
11.085393190383911,326,774,776,664
11.085393190383911,325,774,776,664
11.085393190383911,324,775,776,664
11.085393190383911,324,776,776,664
11.085393190383911,323,776,776,664
11.085393190383911,323,776,776,664
11.085393190383911,322,776,776,664
11.085393190383911,322,776,776,664
11.085393190383911,321,776,776,664
11.085393190383911,320,776,786,666
11.085393190383911,320,777,786,667
11.085393190383911,319,777,786,668
11.085393190383911,318,777,786,668
11.085393190383911,317,778,786,669
11.085393190383911,317,780,786,669
11.099627256393433,316,782,786,669
11.099627256393433,316,783,786,669
11.099627256393433,315,785,786,669
11.099627256393433,315,786,786,669
11.099627256393433,314,786,786,669
11.099627256393433,314,787,786,669
11.099627256393433,313,787,786,669
11.099627256393433,313,787,786,669
11.099627256393433,313,787,786,669
11.099627256393433,313,787,786,669
11.099627256393433,312,786,786,669
11.099627256393433,312,786,786,669
11.099627256393433,312,786,786,669
11.099627256393433,312,786,786,669
11.099627256393433,312,786,786,669
11.099627256393433,311,787,786,669
11.099627256393433,311,787,783,668
11.099627256393433,311,787,783,667
11.1154043674469,311,787,783,667
11.1154043674469,310,786,783,667
11.1154043674469,310,786,783,667
11.1154043674469,310,785,783,667
11.1154043674469,310,784,783,667
11.1154043674469,309,783,783,667
11.1154043674469,309,783,783,667
11.1154043674469,309,783,783,667
11.1154043674469,309,783,783,667
11.1154043674469,309,783,783,667
11.1154043674469,309,783,783,667
11.1154043674469,310,783,783,667
11.1154043674469,310,783,783,667
11.1154043674469,310,783,783,667
11.1154043674469,311,783,783,667
11.1154043674469,311,783,783,667
11.1154043674469,311,783,783,667
11.1154043674469,312,783,783,667
11.13147783279419,312,783,783,667
11.13147783279419,312,783,783,667
11.13147783279419,313,783,796,670
11.13147783279419,313,783,796,671
11.13147783279419,314,783,796,672
11.13147783279419,314,783,796,673
11.13147783279419,314,785,796,674
11.13147783279419,315,787,796,675
11.13147783279419,315,789,796,675
11.13147783279419,316,791,796,675
11.13147783279419,316,793,796,675
11.13147783279419,317,796,796,674
11.13147783279419,317,797,796,674
11.13147783279419,318,798,796,674
11.13147783279419,318,798,796,673
11.14488697052002,319,798,796,673
11.14488697052002,320,798,796,673
11.147232055664062,320,797,796,673
11.147232055664062,321,796,796,673
11.149250507354736,321,796,796,673
11.149250507354736,321,796,796,673
11.151272535324097,322,795,796,673
11.151272535324097,322,795,796,674
11.151272535324097,323,794,796,674
11.153288841247559,323,794,793,673
11.153288841247559,324,794,793,673
11.153288841247559,324,795,793,673
11.153288841247559,324,795,793,673
11.153288841247559,324,795,793,673
11.153288841247559,325,795,793,672
11.153288841247559,325,795,793,672
11.153288841247559,325,795,793,672
11.153288841247559,325,794,793,672
11.153288841247559,325,794,793,672
11.16341781616211,326,793,793,672
11.16417407989502,326,793,793,672
11.16417407989502,326,792,793,672
11.16417407989502,326,792,793,673
11.16417407989502,326,792,793,673
11.16417407989502,326,792,793,673
11.16417407989502,327,792,793,673
11.16417407989502,327,792,793,673
11.16417407989502,327,793,793,673
11.16417407989502,327,793,793,673
11.16417407989502,327,793,793,673
11.16417407989502,327,793,793,673
11.16417407989502,327,793,797,674
11.16417407989502,327,793,797,674
11.16417407989502,326,793,797,674
11.16417407989502,326,794,797,675
11.16417407989502,326,794,797,675
11.178569078445435,326,794,797,675
11.178569078445435,326,795,797,675
11.178569078445435,325,796,797,675
11.178569078445435,325,796,797,675
11.178569078445435,325,797,797,675
11.178569078445435,324,797,797,675
11.178569078445435,324,797,797,675
11.178569078445435,324,797,797,675
11.178569078445435,323,797,797,675
11.178569078445435,323,797,797,675
11.178569078445435,323,797,797,675
11.178569078445435,322,797,797,675
11.178569078445435,322,797,797,675
11.178569078445435,322,797,797,675
11.178569078445435,321,797,797,675
11.178569078445435,321,797,797,675
11.178569078445435,321,797,797,675
11.194358587265015,320,796,792,674
11.194358587265015,320,796,792,674
11.196193933486938,319,796,792,673
11.196193933486938,318,796,792,673
11.196193933486938,317,796,792,673
11.196193933486938,317,795,792,672
11.196193933486938,316,794,792,672
11.196193933486938,316,793,792,672
11.196193933486938,315,793,792,672
11.196193933486938,315,792,792,672
11.196193933486938,314,792,792,672
11.196193933486938,314,791,792,672
11.196193933486938,313,791,792,673
11.196193933486938,312,791,792,673
11.196193933486938,312,791,792,673
11.196193933486938,312,791,792,673
11.196193933486938,311,791,792,673
11.196193933486938,311,792,792,673
11.210063219070435,311,792,792,673
11.210063219070435,311,793,792,673
11.210063219070435,310,792,792,673
11.210063219070435,310,792,792,673
11.210063219070435,310,792,799,674
11.210063219070435,310,792,799,675
11.210063219070435,309,792,799,676
11.210063219070435,309,793,799,676
11.210063219070435,309,794,799,677
11.210063219070435,308,794,799,677
11.210063219070435,308,796,799,677
11.210063219070435,308,797,799,677
11.210063219070435,308,799,799,677
11.210063219070435,308,800,799,676
11.210063219070435,307,800,799,676
11.210063219070435,307,800,799,676
11.210063219070435,307,800,799,676
11.225778102874756,307,800,799,676
11.225778102874756,307,799,799,676
11.225778102874756,307,799,799,676
11.225778102874756,307,799,799,676
11.225778102874756,307,799,799,676
11.225778102874756,308,799,799,676
11.225778102874756,308,799,799,676
11.225778102874756,308,799,799,676
11.225778102874756,308,799,799,676
11.225778102874756,308,799,799,676
11.225778102874756,308,799,799,676
11.225778102874756,309,799,799,676
11.225778102874756,309,799,799,676
11.225778102874756,309,799,799,676
11.225778102874756,309,799,799,676
11.225778102874756,309,799,799,676
11.225778102874756,309,799,799,676
11.225778102874756,309,799,799,676
11.241653442382812,310,799,799,676
11.242922067642212,310,799,799,676
11.242922067642212,310,799,799,676
11.242922067642212,311,799,799,676
11.244934797286987,311,799,799,676
11.244934797286987,311,799,799,676
11.244934797286987,311,799,799,676
11.244934797286987,312,799,799,676
11.244934797286987,312,799,799,676
11.244934797286987,313,799,799,676
11.244934797286987,313,799,799,676
11.244934797286987,314,799,799,676
11.244934797286987,315,799,799,676
11.244934797286987,315,799,807,678
11.244934797286987,363,798,807,679
11.244934797286987,364,799,807,679
11.244934797286987,364,799,807,679
11.244934797286987,364,799,807,680
11.25747275352478,316,800,807,681
11.25747275352478,317,802,807,681
11.25747275352478,317,804,807,681
11.25747275352478,318,805,807,681
11.25747275352478,318,806,807,681
11.25747275352478,318,807,807,681
11.25747275352478,318,808,807,680
11.25747275352478,319,808,807,680
11.25747275352478,319,809,807,680
11.25747275352478,319,808,807,680
11.25747275352478,319,808,807,680
11.25747275352478,320,807,807,680
11.25747275352478,320,807,807,680
11.25747275352478,320,806,807,680
11.25747275352478,321,806,807,680
11.25747275352478,321,806,807,680
11.25747275352478,321,806,807,680
11.273889541625977,321,806,803,680
11.274624347686768,321,806,803,679
11.274624347686768,321,806,803,679
11.274624347686768,321,806,803,679
11.274624347686768,321,806,803,679
11.274624347686768,321,805,803,679
11.274624347686768,321,805,803,679
11.274624347686768,321,804,803,679
11.274624347686768,321,804,803,679
11.274624347686768,321,804,803,678
11.274624347686768,320,804,803,678
11.274624347686768,320,804,803,678
11.274624347686768,320,803,803,678
11.274624347686768,320,803,803,678
11.274624347686768,320,802,803,678
11.274624347686768,320,802,803,679
11.274624347686768,319,802,803,679
11.288848400115967,319,802,803,679
11.288848400115967,319,802,803,679
11.290866374969482,319,802,803,679
11.290866374969482,319,802,803,679
11.29288125038147,318,803,803,679
11.29288125038147,367,803,807,680
11.294894695281982,366,803,807,680
11.296279430389404,366,803,807,681
11.296279430389404,365,803,807,681
11.296279430389404,365,804,807,681
11.296279430389404,316,804,807,681
11.296279430389404,315,805,807,681
11.296279430389404,315,806,807,681
11.296279430389404,315,806,807,681
11.296279430389404,314,807,807,681
11.296279430389404,314,807,807,681
11.296279430389404,313,807,807,681
11.304558038711548,313,807,807,681
11.304558038711548,313,807,807,681
11.304558038711548,313,807,807,681
11.304558038711548,312,807,807,681
11.304558038711548,312,807,807,681
11.304558038711548,312,807,807,681
11.304558038711548,311,807,807,681
11.304558038711548,311,807,807,681
11.304558038711548,311,807,807,681
11.304558038711548,310,807,807,681
11.304558038711548,310,807,807,681
11.304558038711548,359,807,803,680
11.304558038711548,359,807,803,680
11.304558038711548,359,806,803,680
11.304558038711548,359,806,803,679
11.304558038711548,308,806,803,679
11.304558038711548,308,805,803,679
11.304558038711548,307,805,803,679
11.321004867553711,307,804,803,679
11.321736812591553,307,803,803,679
11.321736812591553,307,803,803,679
11.321736812591553,306,803,803,679
11.321736812591553,306,802,803,679
11.321736812591553,306,802,803,679
11.321736812591553,306,802,803,679
11.321736812591553,306,802,803,679
11.321736812591553,306,802,803,680
11.321736812591553,306,803,803,679
11.321736812591553,306,803,803,679
11.321736812591553,306,803,803,679
11.321736812591553,306,803,803,679
11.321736812591553,306,804,803,679
11.321736812591553,306,804,803,679
11.321736812591553,355,803,811,681
11.321736812591553,355,803,811,682
11.33606767654419,355,803,811,683
11.33606767654419,355,803,811,683
11.33606767654419,306,805,811,684
11.33606767654419,306,807,811,684
11.33606767654419,306,808,811,684
11.33606767654419,306,810,811,684
11.33606767654419,306,811,811,683
11.33606767654419,306,812,811,683
11.33606767654419,306,812,811,683
11.33606767654419,307,813,811,683
11.345046043395996,307,813,811,683
11.345046043395996,307,812,811,683
11.345046043395996,307,812,811,683
11.345046043395996,308,811,811,683
11.345046043395996,308,811,811,683
11.345046043395996,308,811,811,683
11.345046043395996,309,811,811,683
11.351789712905884,309,811,811,683
11.351789712905884,309,811,811,683
11.351789712905884,309,811,811,683
11.351789712905884,310,811,809,682
11.351789712905884,310,810,809,682
11.351789712905884,310,811,809,682
11.351789712905884,310,811,809,682
11.351789712905884,311,810,809,682
11.351789712905884,311,810,809,682
11.351789712905884,311,810,809,682
11.351789712905884,311,809,809,682
11.351789712905884,312,809,809,682
11.351789712905884,312,809,809,682
11.351789712905884,312,809,809,682
11.351789712905884,312,808,809,682
11.351789712905884,313,808,809,682
11.351789712905884,313,808,809,682
11.351789712905884,313,809,809,682
11.367852210998535,314,809,809,682
11.368869066238403,314,809,809,682
11.36943006515503,314,809,809,682
11.36943006515503,314,809,809,682
11.36943006515503,315,809,809,682
11.36943006515503,315,808,809,682
11.36943006515503,315,808,809,682
11.36943006515503,365,808,816,684
11.36943006515503,365,808,816,685
11.36943006515503,365,808,816,686
11.36943006515503,365,809,816,686
11.36943006515503,316,810,816,687
11.36943006515503,316,811,816,687
11.36943006515503,316,813,816,687
11.36943006515503,317,815,816,687
11.36943006515503,317,816,816,687
11.36943006515503,317,817,816,686
11.383610010147095,317,817,816,686
11.383610010147095,317,818,816,686
11.383610010147095,317,818,816,686
11.383610010147095,317,818,816,686
11.383610010147095,317,817,816,685
11.383610010147095,317,817,816,686
11.383610010147095,317,816,816,686
11.383610010147095,317,816,816,686
11.383610010147095,317,815,816,686
11.383610010147095,317,815,816,686
11.383610010147095,317,815,816,686
11.383610010147095,317,815,816,686
11.383610010147095,366,815,810,684
11.383610010147095,366,815,810,684
11.383610010147095,366,815,810,684
11.383610010147095,366,815,810,683
11.383610010147095,315,814,810,683
11.383610010147095,315,814,810,683
11.399609088897705,315,813,810,683
11.400885105133057,314,811,810,683
11.40163803100586,314,810,810,683
11.40163803100586,314,810,810,683
11.40163803100586,313,809,810,683
11.40163803100586,313,809,810,683
11.40163803100586,313,810,810,683
11.40163803100586,312,810,810,683
11.40163803100586,312,809,810,683
11.40163803100586,312,809,810,683
11.40163803100586,311,809,810,683
11.40163803100586,311,809,810,684
11.40163803100586,311,809,810,684
11.40163803100586,311,809,810,684
11.40163803100586,311,810,810,684
11.40163803100586,310,810,810,684
11.40163803100586,310,810,813,684
11.41537356376648,309,810,813,684
11.41537356376648,309,811,813,684
11.41537356376648,309,811,813,685
11.41537356376648,308,811,813,685
11.41537356376648,308,811,813,685
11.41537356376648,308,812,813,685
11.41537356376648,307,812,813,685
11.41537356376648,307,812,813,685
11.41537356376648,307,813,813,685
11.41537356376648,307,813,813,685
11.41537356376648,306,813,813,685
11.41537356376648,306,813,813,685
11.41537356376648,306,813,813,685
11.41537356376648,306,813,813,685
11.41537356376648,305,813,813,685
11.41537356376648,305,813,813,685
11.41537356376648,305,814,813,685
11.41537356376648,305,814,813,685
11.431026697158813,305,813,813,685
11.433077573776245,305,813,813,685
11.433077573776245,305,813,813,685
11.434322357177734,305,813,813,685
11.434322357177734,305,813,813,685
11.434322357177734,304,814,813,685
11.434322357177734,304,814,813,685
11.434322357177734,304,814,813,684
11.434322357177734,304,814,813,684
11.434322357177734,304,814,813,684
11.434322357177734,304,813,813,684
11.434322357177734,304,813,813,684
11.434322357177734,304,813,813,684
11.434322357177734,304,812,813,684
11.434322357177734,304,812,813,685
11.445118188858032,304,812,813,685
11.445118188858032,304,812,813,685
11.44687294960022,304,812,813,685
11.447504997253418,304,813,813,685
11.447504997253418,304,813,813,685
11.447504997253418,305,813,813,685
11.447504997253418,305,813,813,685
11.447504997253418,305,814,813,685
11.447504997253418,305,814,813,685
11.447504997253418,306,814,813,685
11.447504997253418,357,814,818,686
11.447504997253418,357,814,818,686
11.447504997253418,357,813,818,687
11.447504997253418,357,814,818,687
11.447504997253418,307,814,818,687
11.447504997253418,307,815,818,687
11.447504997253418,307,816,818,687
11.447504997253418,307,817,818,687
11.447504997253418,308,817,818,687
11.462546348571777,308,817,818,687
11.462546348571777,308,818,818,687
11.462546348571777,308,818,818,687
11.462546348571777,308,818,818,687
11.462546348571777,309,818,818,687
11.462546348571777,309,818,818,687
11.462546348571777,309,818,818,687
11.462546348571777,309,818,818,687
11.462546348571777,309,817,818,687
11.462546348571777,310,817,818,688
11.462546348571777,310,818,818,688
11.462546348571777,311,818,818,687
11.462546348571777,311,818,818,687
11.462546348571777,311,818,818,687
11.462546348571777,311,818,818,687
11.462546348571777,311,818,818,687
11.462546348571777,312,818,818,687
11.462546348571777,312,818,818,687
11.478240966796875,312,818,818,687
11.478240966796875,312,818,818,687
11.478240966796875,312,817,818,688
11.478240966796875,312,817,818,688
11.478240966796875,312,817,818,688
11.478240966796875,313,818,818,688
11.478240966796875,313,818,818,688
11.478240966796875,313,819,818,687
11.478240966796875,313,819,818,687
11.478240966796875,313,819,818,687
11.478240966796875,313,819,818,687
11.478240966796875,313,818,818,687
11.478240966796875,313,818,818,687
11.478240966796875,314,818,818,687
11.478240966796875,314,818,818,687
11.478240966796875,314,817,818,688
11.478240966796875,314,817,818,688
11.493945121765137,364,817,820,688
11.495105028152466,364,817,820,688
11.495105028152466,364,817,820,689
11.495105028152466,364,817,820,689
11.495105028152466,364,818,820,689
11.495105028152466,313,818,820,689
11.495105028152466,313,819,820,689
11.495105028152466,313,819,820,689
11.495105028152466,313,820,820,689
11.495105028152466,312,820,820,689
11.495105028152466,312,821,820,689
11.495105028152466,312,821,820,689
11.495105028152466,312,821,820,689
11.495105028152466,311,821,820,688
11.495105028152466,311,821,820,688
11.495105028152466,311,820,820,688
11.495105028152466,311,820,820,689
11.495105028152466,310,820,820,689
11.509767770767212,310,820,820,689
11.509767770767212,310,820,820,689
11.509767770767212,310,820,820,689
11.509767770767212,310,820,820,689
11.509767770767212,361,820,817,688
11.509767770767212,361,820,817,688
11.509767770767212,360,820,817,687
11.509767770767212,360,820,817,687
11.509767770767212,359,820,817,687
11.509767770767212,308,819,817,687
11.509767770767212,307,819,817,687
11.509767770767212,307,818,817,687
11.509767770767212,307,818,817,687
11.509767770767212,307,817,817,687
11.509767770767212,306,816,817,687
11.509767770767212,306,817,817,687
11.509767770767212,306,817,817,687
11.509767770767212,305,817,817,687
11.52579665184021,305,817,817,687
11.527763843536377,305,817,817,687
11.527763843536377,305,817,817,687
11.527763843536377,305,816,817,687
11.527763843536377,305,816,817,687
11.527763843536377,305,817,817,687
11.527763843536377,305,817,817,687
11.527763843536377,304,817,817,687
11.527763843536377,304,817,821,688
11.527763843536377,355,816,821,689
11.527763843536377,355,816,821,689
11.527763843536377,355,817,821,689
11.527763843536377,354,817,821,689
11.527763843536377,303,818,821,690
11.527763843536377,303,819,821,690
11.527763843536377,303,819,821,690
11.527763843536377,303,820,821,690
11.54172134399414,303,821,821,690
11.542428255081177,302,822,821,689
11.542428255081177,302,822,821,689
11.542428255081177,302,822,821,689
11.545026063919067,302,822,821,689
11.545026063919067,302,822,821,689
11.545026063919067,303,821,821,689
11.545026063919067,303,821,821,689
11.545026063919067,303,821,821,689
11.545026063919067,303,820,821,689
11.545026063919067,303,821,821,689
11.545026063919067,303,821,821,689
11.545026063919067,303,821,821,689
11.545026063919067,303,821,820,689
11.545026063919067,355,821,820,689
11.545026063919067,355,821,820,689
11.545026063919067,355,821,820,689
11.545026063919067,355,821,820,689
11.557838678359985,304,821,820,689
11.557838678359985,304,821,820,689
11.557838678359985,304,821,820,689
11.557838678359985,304,821,820,688
11.557838678359985,304,821,820,688
11.557838678359985,304,821,820,688
11.557838678359985,304,821,820,688
11.557838678359985,304,820,820,688
11.557838678359985,305,819,820,688
11.557838678359985,305,819,820,689
11.557838678359985,305,819,820,689
11.557838678359985,305,819,820,689
11.557838678359985,306,819,820,689
11.557838678359985,306,820,820,689
11.557838678359985,306,820,820,689
11.557838678359985,306,820,820,689
11.557838678359985,306,821,820,688
11.573812246322632,307,821,824,689
11.574950456619263,307,821,824,690
11.574950456619263,307,821,824,690
11.574950456619263,307,820,824,690
11.574950456619263,308,820,824,690
11.574950456619263,308,820,824,691
11.574950456619263,308,820,824,691
11.574950456619263,308,821,824,691
11.574950456619263,308,822,824,691
11.574950456619263,309,823,824,691
11.574950456619263,309,824,824,691
11.574950456619263,309,824,824,691
11.574950456619263,310,824,824,691
11.574950456619263,310,825,824,691
11.574950456619263,310,824,824,691
11.574950456619263,310,824,824,691
11.574950456619263,310,825,824,691
11.574950456619263,310,824,824,691
11.589908599853516,310,824,824,691
11.589908599853516,311,824,824,691
11.589908599853516,311,824,824,691
11.589908599853516,311,824,824,691
11.589908599853516,311,824,824,691
11.589908599853516,311,824,824,691
11.589908599853516,311,824,824,691
11.589908599853516,311,824,824,691
11.589908599853516,311,824,824,691
11.589908599853516,311,824,824,691
11.589908599853516,311,824,824,691
11.589908599853516,311,824,824,691
11.589908599853516,311,825,824,690
11.589908599853516,311,824,824,691
11.589908599853516,311,824,824,691
11.589908599853516,311,824,824,691
11.589908599853516,311,824,824,691
11.589908599853516,311,823,824,691
11.605665922164917,311,824,824,691
11.605665922164917,310,824,824,691
11.605665922164917,310,823,824,691
11.605665922164917,310,824,824,691
11.605665922164917,310,824,824,691
11.605665922164917,310,824,824,691
11.605665922164917,310,824,824,691
11.605665922164917,310,824,824,691
11.605665922164917,309,824,824,691
11.605665922164917,309,824,822,690
11.605665922164917,309,823,822,690
11.605665922164917,309,824,822,690
11.605665922164917,309,823,822,690
11.605665922164917,308,823,822,690
11.605665922164917,308,822,822,690
11.605665922164917,308,822,822,690
11.605665922164917,307,822,822,690
11.621308326721191,307,822,822,690
11.622405767440796,307,822,822,690
11.623331308364868,306,822,822,690
11.623331308364868,306,822,822,690
11.623331308364868,306,822,822,690
11.623331308364868,306,822,822,690
11.623331308364868,306,822,822,690
11.623331308364868,306,822,822,690
11.623331308364868,305,821,822,690
11.623331308364868,305,821,822,690
11.623331308364868,305,822,822,690
11.623331308364868,305,822,822,690
11.623331308364868,305,822,822,690
11.623331308364868,305,822,822,690
11.623331308364868,356,822,823,691
11.623331308364868,356,822,823,691
11.623331308364868,356,822,823,691
11.63697075843811,355,822,823,691
11.637893438339233,355,822,823,691
11.637893438339233,303,822,823,691
11.637893438339233,303,823,823,691
11.637893438339233,303,823,823,691
11.637893438339233,303,823,823,691
11.637893438339233,303,824,823,691
11.637893438339233,303,824,823,690
11.637893438339233,303,824,823,690
11.644936323165894,302,823,823,690
11.644936323165894,302,823,823,690
11.644936323165894,302,823,823,690
11.644936323165894,302,823,823,690
11.644936323165894,302,823,823,690
11.644936323165894,302,823,823,690
11.644936323165894,302,822,823,690
11.644936323165894,302,822,823,691
11.644936323165894,302,822,823,691
11.652897119522095,302,822,823,691
11.652897119522095,302,822,825,691
11.654912948608398,302,823,825,691
11.654912948608398,302,823,825,692
11.654912948608398,302,823,825,692
11.654912948608398,302,823,825,692
11.654912948608398,302,824,825,692
11.654912948608398,302,824,825,692
11.654912948608398,302,825,825,692
11.654912948608398,302,825,825,692
11.654912948608398,302,826,825,692
11.654912948608398,302,826,825,691
11.654912948608398,303,826,825,691
11.654912948608398,303,826,825,691
11.654912948608398,303,826,825,691
11.654912948608398,303,826,825,691
11.654912948608398,303,825,825,691
11.668896913528442,303,825,825,691
11.669729709625244,303,824,825,691
11.669729709625244,304,824,825,692
11.671492338180542,304,824,825,692
11.671492338180542,304,824,825,692
11.671492338180542,304,825,825,692
11.671492338180542,357,825,827,692
11.671492338180542,357,825,827,692
11.671492338180542,357,825,827,692
11.671492338180542,357,826,827,692
11.671492338180542,357,826,827,692
11.671492338180542,305,826,827,693
11.671492338180542,305,826,827,693
11.671492338180542,306,826,827,693
11.671492338180542,306,826,827,693
11.671492338180542,306,827,827,693
11.671492338180542,306,827,827,693
11.671492338180542,306,827,827,693
11.684624910354614,306,828,827,693
11.684624910354614,307,828,827,692
11.687134504318237,307,828,827,692
11.687134504318237,307,828,827,692
11.687134504318237,308,828,827,692
11.687134504318237,308,827,827,692
11.687134504318237,308,827,827,692
11.687134504318237,308,827,827,692
11.687134504318237,308,826,827,692
11.687134504318237,308,826,827,693
11.687134504318237,308,826,828,693
11.687134504318237,308,826,828,693
11.687134504318237,308,826,828,693
11.687134504318237,309,826,828,693
11.687134504318237,309,826,828,693
11.687134504318237,308,827,828,693
11.687134504318237,308,827,828,693
11.7003755569458,308,827,828,694
11.7003755569458,308,827,828,694
11.7003755569458,308,828,828,693
11.7003755569458,308,828,828,693
11.7003755569458,308,828,828,693
11.7003755569458,308,828,828,693
11.7003755569458,308,828,828,693
11.7003755569458,308,828,828,693
11.7003755569458,308,828,828,693
11.7003755569458,308,828,828,693
11.7003755569458,308,828,828,693
11.7003755569458,308,828,828,693
11.7003755569458,308,827,828,693
11.7003755569458,308,827,828,694
11.7003755569458,308,827,828,694
11.7003755569458,360,827,826,693
11.7003755569458,360,828,826,693
11.7003755569458,360,828,826,693
11.716202020645142,360,828,826,693
11.716202020645142,359,828,826,693
11.716202020645142,307,828,826,693
11.716202020645142,307,828,826,692
11.716202020645142,307,827,826,692
11.716202020645142,307,827,826,692
11.716202020645142,307,827,826,692
11.716202020645142,306,827,826,692
11.716202020645142,306,826,826,692
11.716202020645142,306,826,826,692
11.716202020645142,306,825,826,692
11.716202020645142,306,825,826,692
11.716202020645142,306,825,826,693
11.716202020645142,305,825,826,693
11.716202020645142,305,825,826,693
11.716202020645142,305,825,826,693
11.716202020645142,305,826,826,693
11.73184847831726,305,826,826,693
11.73184847831726,305,827,826,693
11.73184847831726,305,827,827,693
11.73184847831726,305,827,827,693
11.73184847831726,304,827,827,693
11.73184847831726,304,827,827,693
11.73184847831726,304,827,827,693
11.73184847831726,304,827,827,693
11.73184847831726,304,827,827,693
11.73184847831726,303,827,827,693
11.73184847831726,303,827,827,693
11.73184847831726,303,827,827,693
11.73184847831726,302,827,827,693
11.73184847831726,302,827,827,693
11.744914770126343,302,827,827,693
11.744914770126343,302,827,827,693
11.744914770126343,302,827,827,693
11.747674226760864,302,827,827,693
11.747674226760864,302,827,827,693
11.747674226760864,302,827,827,693
11.747674226760864,302,827,827,693
11.747674226760864,302,827,827,693
11.747674226760864,302,827,827,693
11.747674226760864,302,827,827,693
11.747674226760864,302,827,827,693
11.747674226760864,302,827,827,693
11.747674226760864,302,827,827,693
11.747674226760864,301,827,827,693
11.747674226760864,301,827,827,693
11.747674226760864,301,827,827,693
11.747674226760864,301,828,827,693
11.747674226760864,301,827,827,693
11.747674226760864,301,827,827,693
11.747674226760864,301,827,827,693
11.747674226760864,301,827,827,693
11.763169050216675,301,827,827,693
11.763169050216675,301,827,827,693
11.763169050216675,301,828,827,693
11.763169050216675,301,828,827,692
11.763169050216675,301,828,827,692
11.763169050216675,301,828,827,692
11.763169050216675,301,828,827,692
11.763169050216675,302,827,827,692
11.763169050216675,302,827,827,692
11.763169050216675,302,827,827,692
11.763169050216675,302,827,827,692
11.763169050216675,302,826,827,692
11.763169050216675,354,826,830,693
11.763169050216675,354,826,830,694
11.763169050216675,355,825,830,694
11.763169050216675,355,826,830,694
11.763169050216675,355,827,830,694
11.778990507125854,303,827,830,694
11.778990507125854,303,828,830,695
11.778990507125854,303,829,830,695
11.778990507125854,303,829,830,695
11.778990507125854,303,830,830,694
11.778990507125854,303,831,830,694
11.778990507125854,304,831,830,694
11.778990507125854,304,831,830,694
11.778990507125854,304,831,830,694
11.778990507125854,304,831,830,694
11.778990507125854,304,830,830,694
11.778990507125854,305,830,830,694
11.778990507125854,305,830,830,694
11.778990507125854,305,830,830,694
11.778990507125854,305,829,830,694
11.778990507125854,305,829,830,694
11.778990507125854,305,829,830,694
11.778990507125854,358,829,830,695
11.794787168502808,358,830,830,694
11.795973062515259,358,830,830,694
11.796489000320435,358,830,830,694
11.796489000320435,358,830,830,694
11.79850435256958,306,830,830,694
11.79850435256958,306,830,830,694
11.79850435256958,306,830,830,694
11.79850435256958,306,830,830,694
11.79850435256958,306,829,830,694
11.79850435256958,306,829,830,695
11.79850435256958,306,829,830,695
11.79850435256958,306,829,830,695
11.79850435256958,306,829,830,695
11.79850435256958,306,830,830,695
11.79850435256958,306,830,830,695
11.79850435256958,306,831,830,695
11.79850435256958,306,831,830,694
11.810506343841553,307,831,830,694
11.811847925186157,307,831,830,694
11.812243223190308,307,831,830,694
11.812243223190308,307,831,830,694
11.812243223190308,307,831,830,694
11.812243223190308,359,830,830,694
11.812243223190308,359,829,830,694
11.812243223190308,358,829,830,694
11.812243223190308,358,829,830,694
11.812243223190308,306,829,830,694
11.812243223190308,306,829,830,695
11.812243223190308,306,829,830,695
11.812243223190308,306,829,830,695
11.812243223190308,305,830,830,695
11.812243223190308,305,830,830,695
11.812243223190308,305,831,830,695
11.812243223190308,305,831,830,694
11.812243223190308,305,831,830,694
11.82626748085022,305,831,830,694
11.82626748085022,305,831,830,694
11.82626748085022,305,830,830,694
11.82626748085022,305,830,830,694
11.82626748085022,305,830,830,694
11.82626748085022,305,829,830,694
11.82626748085022,304,829,830,695
11.82626748085022,304,829,830,695
11.82626748085022,357,829,828,694
11.82626748085022,357,829,828,694
11.82626748085022,356,830,828,694
11.82626748085022,356,830,828,694
11.82626748085022,356,830,828,694
11.82626748085022,303,830,828,694
11.82626748085022,303,829,828,693
11.82626748085022,303,829,828,693
11.82626748085022,302,829,828,693
11.841993570327759,302,829,828,693
11.841993570327759,302,828,828,693
11.84428858757019,302,828,828,693
11.845336198806763,302,828,828,693
11.845336198806763,302,827,828,694
11.845336198806763,302,827,828,694
11.845336198806763,302,827,828,694
11.845336198806763,302,827,828,694
11.845336198806763,302,827,828,694
11.845336198806763,302,828,828,694
11.845336198806763,302,829,828,694
11.845336198806763,302,829,828,693
11.845336198806763,301,829,828,693
11.845336198806763,354,829,831,694
11.845336198806763,354,829,831,694
11.845336198806763,354,828,831,694
11.845336198806763,354,828,831,695
11.85774850845337,354,828,831,695
11.85774850845337,300,828,831,695
11.85774850845337,300,828,831,695
11.85774850845337,300,829,831,695
11.85774850845337,300,830,831,695
11.85774850845337,301,830,831,695
11.85774850845337,301,831,831,695
11.85774850845337,301,831,831,695
11.85774850845337,301,831,831,695
11.85774850845337,301,831,831,695
11.85774850845337,301,831,831,695
11.85774850845337,301,831,831,695
11.85774850845337,301,831,831,695
11.85774850845337,301,832,831,695
11.85774850845337,301,831,831,695
11.85774850845337,301,831,831,695
11.85774850845337,301,831,831,695
11.873441457748413,301,831,831,695
11.873441457748413,301,831,830,695
11.873441457748413,301,831,830,695
11.873441457748413,301,831,830,695
11.873441457748413,301,831,830,695
11.873441457748413,301,831,830,695
11.873441457748413,301,831,830,695
11.873441457748413,301,831,830,695
11.873441457748413,302,831,830,694
11.873441457748413,302,831,830,694
11.873441457748413,301,831,830,694
11.873441457748413,302,831,830,694
11.873441457748413,302,830,830,694
11.873441457748413,302,830,830,694
11.873441457748413,302,830,830,694
11.873441457748413,302,830,830,694
11.873441457748413,302,830,830,694
11.873441457748413,302,829,830,694
11.889370679855347,303,829,830,695
11.891047477722168,303,829,830,695
11.891047477722168,303,829,830,695
11.891047477722168,303,830,830,695
11.891047477722168,303,831,830,695
11.891047477722168,304,831,833,695
11.891047477722168,304,831,833,695
11.891047477722168,304,831,833,695
11.891047477722168,304,831,833,696
11.891047477722168,304,831,833,696
11.891047477722168,304,831,833,696
11.891047477722168,304,831,833,696
11.891047477722168,304,831,833,696
11.891047477722168,304,831,833,696
11.891047477722168,304,832,833,696
11.891047477722168,304,833,833,696
11.891047477722168,305,833,833,696
11.905182123184204,305,833,833,696
11.905182123184204,305,833,833,696
11.905182123184204,305,833,833,696
11.905182123184204,305,833,833,696
11.905182123184204,305,833,833,696
11.905182123184204,305,833,833,696
11.905182123184204,305,833,833,696
11.905182123184204,305,833,833,696
11.905182123184204,305,833,833,696
11.905182123184204,305,833,833,696
11.905182123184204,305,833,830,696
11.905182123184204,305,833,830,695
11.905182123184204,305,833,830,695
11.905182123184204,305,833,830,695
11.905182123184204,305,833,830,695
11.905182123184204,305,833,830,695
11.905182123184204,305,832,830,694
11.920862674713135,305,832,830,694
11.920862674713135,305,831,830,694
11.920862674713135,305,831,830,694
11.920862674713135,305,830,830,694
11.920862674713135,305,830,830,694
11.920862674713135,304,829,830,695
11.920862674713135,304,829,830,695
11.920862674713135,304,829,830,695
11.920862674713135,304,829,830,695
11.920862674713135,304,829,830,695
11.920862674713135,304,829,830,695
11.920862674713135,304,830,830,695
11.920862674713135,304,830,830,695
11.920862674713135,304,831,830,695
11.920862674713135,304,831,830,695
11.920862674713135,357,831,833,695
11.920862674713135,357,831,833,695
11.920862674713135,357,831,833,695
11.937356948852539,357,831,833,696
11.93815279006958,357,830,833,696
11.93815279006958,303,830,833,696
11.93815279006958,303,830,833,696
11.93815279006958,303,831,833,697
11.93815279006958,303,831,833,697
11.93815279006958,303,832,833,697
11.93815279006958,303,833,833,697
11.93815279006958,303,833,833,696
11.945488929748535,303,834,833,696
11.945488929748535,303,834,833,696
11.945488929748535,302,834,833,696
11.945488929748535,302,834,833,696
11.945488929748535,302,834,833,696
11.945488929748535,302,834,833,696
11.945488929748535,302,833,833,696
11.945488929748535,302,833,833,696
11.952528715133667,302,833,833,696
11.952528715133667,302,833,833,696
11.952528715133667,355,833,830,695
11.952528715133667,355,833,830,695
11.952528715133667,355,833,830,695
11.952528715133667,355,832,830,695
11.952528715133667,355,832,830,695
11.952528715133667,301,832,830,695
11.952528715133667,301,831,830,694
11.952528715133667,301,831,830,695
11.952528715133667,301,831,830,694
11.952528715133667,301,830,830,695
11.952528715133667,301,830,830,695
11.952528715133667,301,830,830,695
11.952528715133667,301,830,830,695
11.952528715133667,301,830,830,695
11.952528715133667,300,830,830,695
11.952528715133667,300,830,830,695
11.96910572052002,300,831,830,695
11.970016241073608,300,831,830,694
11.970016241073608,300,831,830,694
11.970016241073608,300,831,830,694
11.970016241073608,300,831,830,694
11.970016241073608,300,831,830,694
11.970016241073608,353,830,834,695
11.970016241073608,353,830,834,695
11.970016241073608,353,829,834,696
11.970016241073608,353,829,834,696
11.970016241073608,353,829,834,696
11.970016241073608,301,830,834,697
11.970016241073608,301,830,834,697
11.970016241073608,301,831,834,697
11.970016241073608,301,832,834,697
11.970016241073608,301,833,834,697
11.970016241073608,301,834,834,697
11.984099388122559,301,835,834,697
11.984099388122559,301,835,834,697
11.984099388122559,301,835,834,697
11.984099388122559,301,835,834,697
11.984099388122559,301,835,834,697
11.984099388122559,301,835,834,697
11.984099388122559,302,835,834,697
11.984099388122559,302,835,834,696
11.984099388122559,302,835,834,696
11.984099388122559,302,835,834,696
11.984099388122559,302,835,834,696
11.984099388122559,302,835,831,695
11.984099388122559,302,834,831,695
11.984099388122559,302,833,831,695
11.984099388122559,302,833,831,695
11.984099388122559,302,833,831,695
11.984099388122559,303,832,831,695
11.999837636947632,303,831,831,695
12.000927448272705,303,831,831,695
12.001445293426514,302,831,831,695
12.001989364624023,302,831,831,695
12.001989364624023,302,831,831,695
12.004555940628052,302,831,831,695
12.00478458404541,303,831,831,695
12.00478458404541,303,831,831,695
12.00478458404541,303,831,831,695
12.00478458404541,303,831,831,695
12.00478458404541,303,831,831,695
12.00478458404541,303,831,831,695
12.00478458404541,303,831,831,695
12.00478458404541,304,831,831,695
12.00478458404541,304,831,831,695
12.00478458404541,304,831,831,695
12.00478458404541,304,831,836,696
12.015615701675415,304,831,836,697
12.015615701675415,304,831,836,697
12.015615701675415,304,831,836,698
12.015615701675415,304,831,836,698
12.015615701675415,304,832,836,698
12.015615701675415,304,833,836,698
12.015615701675415,304,833,836,698
12.015615701675415,304,834,836,699
12.015615701675415,304,835,836,698
12.015615701675415,304,836,836,698
12.015615701675415,304,837,836,698
12.015615701675415,304,837,836,698
12.015615701675415,304,837,836,698
12.015615701675415,304,837,836,698
12.015615701675415,304,837,836,698
12.015615701675415,304,837,836,698
12.015615701675415,304,836,836,698
12.015615701675415,305,836,836,698
12.031285524368286,304,836,836,698
12.031285524368286,304,836,836,698
12.031285524368286,304,837,836,698
12.031285524368286,357,837,831,696
12.031285524368286,357,836,831,696
12.031285524368286,357,836,831,696
12.031285524368286,357,836,831,695
12.031285524368286,357,835,831,695
12.031285524368286,303,834,831,695
12.031285524368286,303,833,831,695
12.031285524368286,303,833,831,695
12.031285524368286,303,832,831,695
12.031285524368286,303,831,831,695
12.031285524368286,302,831,831,695
12.031285524368286,302,830,831,695
12.031285524368286,302,830,831,695
12.045708417892456,302,830,831,695
12.047222375869751,302,830,831,695
12.048375844955444,302,830,831,695
12.04876446723938,302,830,831,695
12.04876446723938,302,831,831,695
12.04876446723938,302,830,831,695
12.04876446723938,302,830,831,696
12.04876446723938,302,831,831,695
12.04876446723938,302,831,831,695
12.04876446723938,354,831,835,696
12.04876446723938,354,831,835,697
12.04876446723938,354,831,835,697
12.04876446723938,354,831,835,697
12.04876446723938,354,832,835,698
12.04876446723938,301,832,835,698
12.04876446723938,301,833,835,698
12.04876446723938,301,833,835,698
12.04876446723938,301,834,835,698
12.04876446723938,301,835,835,698
12.06316590309143,301,836,835,698
12.06316590309143,300,836,835,697
12.06316590309143,300,837,835,697
12.06316590309143,300,836,835,697
12.06316590309143,300,836,835,697
12.06316590309143,300,836,835,697
12.06316590309143,300,835,835,697
12.06316590309143,300,835,835,697
12.06316590309143,300,835,835,697
12.06316590309143,300,834,835,697
12.06316590309143,300,834,835,697
12.06316590309143,300,834,835,697
12.06316590309143,300,834,831,697
12.06316590309143,300,834,831,696
12.06316590309143,300,834,831,696
12.06316590309143,300,834,831,696
12.06316590309143,300,834,831,696
12.07909083366394,300,833,831,695
12.07909083366394,300,833,831,695
12.081118106842041,300,833,831,695
12.081118106842041,300,833,831,695
12.081118106842041,300,832,831,695
12.083945512771606,300,832,831,695
12.08448600769043,300,831,831,695
12.08448600769043,300,831,831,695
12.08448600769043,300,831,831,695
12.08448600769043,300,830,831,695
12.08448600769043,300,830,831,695
12.08448600769043,300,831,831,695
12.08448600769043,300,831,831,695
12.08448600769043,300,831,831,695
12.08448600769043,300,831,831,695
12.08448600769043,300,831,831,695
12.08448600769043,301,831,831,695
12.094761610031128,301,831,837,697
12.094761610031128,301,831,837,697
12.094761610031128,301,831,837,698
12.094761610031128,302,831,837,698
12.094761610031128,302,832,837,699
12.094761610031128,302,833,837,699
12.094761610031128,302,834,837,699
12.094761610031128,302,835,837,699
12.094761610031128,302,836,837,699
12.094761610031128,302,837,837,699
12.094761610031128,302,838,837,699
12.094761610031128,302,839,837,699
12.094761610031128,302,839,837,698
12.094761610031128,302,839,837,698
12.094761610031128,302,839,837,698
12.094761610031128,303,838,837,698
12.094761610031128,303,838,837,698
12.094761610031128,303,837,837,698
12.11057162284851,303,837,837,698
12.11057162284851,303,837,837,698
12.11057162284851,303,837,837,698
12.11057162284851,303,837,837,698
12.11057162284851,303,836,833,697
12.11057162284851,303,836,833,697
12.11057162284851,303,836,833,697
12.11057162284851,303,836,833,697
12.11057162284851,303,835,833,696
12.11057162284851,303,835,833,696
12.11057162284851,303,835,833,696
12.11057162284851,303,834,833,696
12.11057162284851,303,834,833,696
12.11057162284851,303,834,833,696
12.11057162284851,303,833,833,696
12.11057162284851,303,833,833,696
12.11057162284851,303,833,833,696
12.126301288604736,303,833,833,696
12.127649307250977,303,832,833,696
12.128365993499756,303,832,833,696
12.128365993499756,303,832,833,697
12.128365993499756,303,832,833,697
12.128365993499756,303,832,833,697
12.128365993499756,303,833,833,697
12.128365993499756,303,833,833,697
12.128365993499756,303,833,833,697
12.128365993499756,357,834,837,698
12.128365993499756,357,834,837,698
12.128365993499756,357,834,837,698
12.128365993499756,357,835,837,698
12.128365993499756,304,835,837,698
12.128365993499756,303,835,837,698
12.128365993499756,303,835,837,698
12.128365993499756,303,836,837,698
12.142067909240723,303,836,837,698
12.142067909240723,303,836,837,698
12.142067909240723,303,837,837,699
12.142067909240723,303,837,837,698
12.1459219455719,303,836,837,698
12.1459219455719,303,836,837,699
12.1459219455719,303,837,837,699
12.1459219455719,302,836,837,699
12.1459219455719,302,837,837,699
12.1459219455719,302,837,837,699
12.1459219455719,302,837,837,699
12.1459219455719,302,837,837,699
12.1459219455719,302,838,837,699
12.1459219455719,302,838,837,698
12.1459219455719,355,838,833,697
12.1459219455719,355,838,833,697
12.1459219455719,355,838,833,697
12.1459219455719,355,837,833,696
12.157825231552124,301,836,833,696
12.157825231552124,301,836,833,696
12.157825231552124,301,835,833,696
12.157825231552124,301,834,833,696
12.157825231552124,301,833,833,696
12.157825231552124,300,833,833,696
12.157825231552124,300,832,833,696
12.157825231552124,300,832,833,696
12.157825231552124,300,832,833,696
12.157825231552124,300,832,833,696
12.157825231552124,300,832,833,697
12.157825231552124,300,833,833,697
12.157825231552124,300,833,833,696
12.157825231552124,300,833,833,696
12.157825231552124,300,833,833,696
12.157825231552124,300,833,833,696
12.157825231552124,300,833,833,696
12.17371678352356,300,833,833,696
12.17371678352356,300,833,836,697
12.17371678352356,300,833,836,697
12.17371678352356,300,832,836,698
12.17371678352356,300,832,836,698
12.17371678352356,300,833,836,699
12.17371678352356,300,833,836,699
12.17371678352356,299,834,836,699
12.17371678352356,299,835,836,699
12.17371678352356,299,836,836,699
12.17371678352356,299,837,836,698
12.17371678352356,299,837,836,698
12.17371678352356,299,838,836,698
12.17371678352356,299,838,836,698
12.17371678352356,300,838,836,697
12.17371678352356,300,837,836,697
12.17371678352356,300,837,836,697
12.189445734024048,300,836,836,698
12.189445734024048,300,836,836,698
12.189445734024048,300,835,836,698
12.189445734024048,300,835,836,698
12.189445734024048,300,835,836,698
12.189445734024048,300,835,836,698
12.189445734024048,300,836,834,698
12.189445734024048,300,836,834,697
12.189445734024048,300,836,834,697
12.189445734024048,300,836,834,697
12.189445734024048,300,836,834,697
12.189445734024048,301,836,834,697
12.189445734024048,301,835,834,696
12.189445734024048,301,835,834,696
12.189445734024048,301,835,834,696
12.189445734024048,301,834,834,696
12.189445734024048,301,834,834,697
12.189445734024048,301,834,834,697
12.206056594848633,301,833,834,697
12.206556558609009,301,833,834,697
12.206556558609009,301,833,834,697
12.206556558609009,301,834,834,697
12.206556558609009,301,834,834,697
12.206556558609009,301,834,834,697
12.206556558609009,301,835,834,697
12.206556558609009,301,834,834,697
12.206556558609009,301,834,834,697
12.206556558609009,302,834,834,697
12.206556558609009,302,835,838,698
12.206556558609009,302,835,838,698
12.206556558609009,302,835,838,698
12.206556558609009,303,835,838,698
12.206556558609009,303,835,838,699
12.206556558609009,303,835,838,699
12.206556558609009,303,835,838,699
12.221263885498047,303,835,838,699
12.221263885498047,303,836,838,699
12.221263885498047,303,837,838,700
12.221263885498047,303,838,838,700
12.221263885498047,303,838,838,699
12.221263885498047,303,838,838,699
12.221263885498047,303,838,838,699
12.221263885498047,303,839,838,699
12.221263885498047,303,838,838,699
12.221263885498047,303,838,838,699
12.221263885498047,303,838,838,699
12.221263885498047,303,838,838,699
12.221263885498047,303,838,838,699
12.221263885498047,303,838,838,699
12.221263885498047,303,838,838,699
12.221263885498047,303,838,834,698
12.221263885498047,303,838,834,698
12.221263885498047,303,838,834,697
12.23732304573059,304,837,834,697
12.23732304573059,303,837,834,697
12.23732304573059,303,836,834,697
12.23732304573059,303,835,834,697
12.23732304573059,303,835,834,697
12.23732304573059,303,834,834,697
12.23732304573059,303,834,834,697
12.23732304573059,303,834,834,697
12.23732304573059,303,834,834,697
12.23732304573059,303,834,834,697
12.246049880981445,303,834,834,697
12.246049880981445,303,834,834,697
12.246049880981445,303,834,834,697
12.246049880981445,302,834,834,697
12.246049880981445,302,833,834,697
12.246049880981445,303,834,834,697
12.246049880981445,302,834,834,697
12.253060102462769,302,833,834,697
12.254259586334229,302,834,834,697
12.254259586334229,302,834,837,698
12.254259586334229,302,834,837,698
12.254259586334229,302,834,837,698
12.254259586334229,302,834,837,699
12.254259586334229,302,834,837,699
12.254259586334229,302,834,837,699
12.254259586334229,302,835,837,699
12.254259586334229,302,836,837,699
12.254259586334229,302,836,837,699
12.254259586334229,302,837,837,699
12.254259586334229,301,837,837,699
12.254259586334229,301,838,837,699
12.254259586334229,301,838,837,699
12.254259586334229,301,838,837,699
12.254259586334229,301,838,837,699
12.254259586334229,301,838,837,698
12.268850088119507,301,838,837,699
12.268850088119507,301,837,837,699
12.268850088119507,301,837,837,699
12.268850088119507,301,837,837,699
12.268850088119507,301,837,837,699
12.268850088119507,300,837,837,699
12.268850088119507,300,837,833,698
12.268850088119507,300,837,833,697
12.268850088119507,300,837,833,697
12.268850088119507,300,837,833,697
12.268850088119507,300,836,833,696
12.268850088119507,300,836,833,696
12.268850088119507,300,835,833,696
12.268850088119507,300,834,833,696
12.268850088119507,300,834,833,696
12.268850088119507,300,833,833,696
12.268850088119507,300,832,833,696
12.284833908081055,300,832,833,697
12.284833908081055,299,832,833,697
12.286851167678833,299,832,833,697
12.286851167678833,299,832,833,697
12.286851167678833,300,833,833,697
12.288864612579346,300,833,833,697
12.288864612579346,300,833,833,697
12.288864612579346,300,834,833,697
12.288864612579346,300,834,833,697
12.288864612579346,300,834,833,696
12.288864612579346,300,834,833,696
12.288864612579346,300,834,838,698
12.288864612579346,300,833,838,698
12.288864612579346,300,833,838,698
12.288864612579346,300,833,838,699
12.288864612579346,301,833,838,699
12.288864612579346,301,834,838,700
12.288864612579346,301,835,838,700
12.300734996795654,300,835,838,700
12.300734996795654,300,836,838,700
12.300734996795654,300,837,838,700
12.300734996795654,300,838,838,700
12.305058479309082,300,839,838,700
12.305560827255249,301,839,838,699
12.305560827255249,301,840,838,699
12.305560827255249,301,840,838,699
12.305560827255249,301,839,838,699
12.305560827255249,301,839,838,699
12.305560827255249,301,839,838,699
12.305560827255249,301,839,838,699
12.305560827255249,301,838,838,699
12.305560827255249,301,838,838,699
12.305560827255249,301,837,838,699
12.305560827255249,301,838,834,698
12.305560827255249,302,838,834,698
12.316503286361694,302,838,834,697
12.316503286361694,302,837,834,697
12.316503286361694,301,837,834,697
12.316503286361694,301,836,834,697
12.316503286361694,301,836,834,697
12.316503286361694,302,835,834,697
12.316503286361694,302,835,834,697
12.316503286361694,302,834,834,697
12.316503286361694,302,833,834,697
12.316503286361694,302,834,834,697
12.316503286361694,302,834,834,697
12.316503286361694,302,834,834,697
12.316503286361694,302,834,834,697
12.316503286361694,302,834,834,697
12.316503286361694,302,834,834,697
12.316503286361694,302,834,834,697
12.316503286361694,302,834,834,697
12.332468748092651,302,834,834,697
12.332468748092651,302,834,834,697
12.334094285964966,302,834,834,697
12.334094285964966,303,834,839,698
12.334094285964966,303,834,839,698
12.334094285964966,303,834,839,699
12.334094285964966,303,834,839,699
12.334094285964966,303,834,839,700
12.334094285964966,303,834,839,700
12.334094285964966,303,836,839,700
12.334094285964966,303,836,839,700
12.334094285964966,303,837,839,700
12.334094285964966,303,838,839,700
12.334094285964966,303,839,839,700
12.334094285964966,303,839,839,700
12.334094285964966,303,840,839,700
12.346306324005127,303,840,839,700
12.346306324005127,303,840,839,700
12.3483247756958,303,840,839,700
12.3483247756958,303,840,839,700
12.3483247756958,303,840,839,700
12.3483247756958,303,839,839,699
12.3483247756958,303,840,839,700
12.3483247756958,303,839,839,700
12.3483247756958,303,839,839,700
12.3483247756958,303,839,835,699
12.3483247756958,303,839,835,698
12.3483247756958,303,839,835,698
12.3483247756958,302,839,835,698
12.3483247756958,302,839,835,697
12.3483247756958,302,838,835,697
12.3483247756958,302,837,835,697
12.3483247756958,302,836,835,697
12.3483247756958,302,836,835,697
12.3483247756958,302,835,835,697
12.3483247756958,302,834,835,697
12.364341974258423,302,834,835,698
12.364341974258423,302,834,835,698
12.364341974258423,301,833,835,698
12.364341974258423,301,834,835,698
12.364341974258423,301,834,835,698
12.364341974258423,301,834,835,698
12.364341974258423,301,835,835,698
12.364341974258423,300,836,835,698
12.364341974258423,300,836,835,698
12.364341974258423,300,836,835,698
12.364341974258423,300,836,835,698
12.364341974258423,300,836,837,698
12.364341974258423,301,836,837,698
12.364341974258423,301,836,837,698
12.364341974258423,301,836,837,698
12.364341974258423,301,835,837,699
12.364341974258423,300,835,837,699
12.38018012046814,300,835,837,699
12.381381273269653,300,835,837,699
12.381877422332764,300,835,837,699
12.381877422332764,300,836,837,699
12.381877422332764,300,836,837,699
12.381877422332764,300,836,837,699
12.381877422332764,300,838,837,699
12.381877422332764,299,838,837,699
12.381877422332764,299,838,837,699
12.381877422332764,299,838,837,699
12.381877422332764,300,838,837,699
12.381877422332764,300,838,837,699
12.381877422332764,300,837,837,699
12.381877422332764,300,837,837,699
12.381877422332764,300,838,837,699
12.381877422332764,300,838,837,698
12.381877422332764,300,838,837,698
12.39603066444397,300,838,837,698
12.39603066444397,300,837,837,698
12.39603066444397,300,837,837,698
12.39603066444397,300,836,837,699
12.39603066444397,300,836,837,699
12.39603066444397,300,836,837,699
12.39603066444397,299,836,837,699
12.39603066444397,299,837,837,699
12.39603066444397,299,837,837,699
12.39603066444397,299,837,837,699
12.39603066444397,299,837,837,699
12.39603066444397,299,837,837,699
12.39603066444397,300,838,837,699
12.39603066444397,300,838,837,698
12.39603066444397,300,838,837,698
12.39603066444397,300,838,837,698
12.39603066444397,300,837,837,698
12.39603066444397,300,837,837,698
12.411909103393555,300,837,837,698
12.411909103393555,300,836,837,699
12.411909103393555,300,836,837,699
12.411909103393555,300,836,837,699
12.411909103393555,300,836,837,699
12.411909103393555,301,836,837,699
12.411909103393555,301,836,837,699
12.411909103393555,301,837,837,699
12.411909103393555,301,837,837,699
12.411909103393555,301,837,837,699
12.411909103393555,301,837,837,699
12.411909103393555,300,837,837,699
12.411909103393555,301,837,837,699
12.411909103393555,301,837,837,699
12.411909103393555,301,837,837,699
12.411909103393555,301,838,837,699
12.411909103393555,301,838,837,699
12.411909103393555,301,838,837,699
12.427698850631714,301,838,837,699
12.427698850631714,301,838,837,698
12.427698850631714,301,837,837,698
12.427698850631714,301,837,837,699
12.427698850631714,301,837,837,699
12.427698850631714,301,837,837,699
12.427698850631714,301,837,837,699
12.427698850631714,302,837,838,699
12.427698850631714,302,837,838,699
12.427698850631714,302,837,838,699
12.427698850631714,302,838,838,699
12.427698850631714,303,838,838,699
12.427698850631714,302,838,838,699
12.427698850631714,302,838,838,699
12.427698850631714,302,838,838,699
12.427698850631714,302,838,838,699
12.427698850631714,302,838,838,699
12.44337010383606,302,838,838,699
12.44476580619812,302,838,838,699
12.44476580619812,302,837,838,699
12.44476580619812,302,837,838,699
12.446779251098633,302,837,838,699
12.446779251098633,302,837,838,699
12.446779251098633,302,837,838,699
12.446779251098633,302,838,838,699
12.446779251098633,302,838,838,699
12.446779251098633,302,837,838,700
12.446779251098633,303,837,838,700
12.446779251098633,302,838,838,700
12.446779251098633,302,838,836,699
12.446779251098633,302,838,836,699
12.446779251098633,302,839,836,698
12.446779251098633,302,839,836,698
12.446779251098633,302,838,836,698
12.446779251098633,303,838,836,698
12.459480047225952,302,837,836,698
12.459480047225952,302,837,836,698
12.459480047225952,302,836,836,698
12.459480047225952,302,836,836,698
12.459480047225952,302,835,836,698
12.459480047225952,302,835,836,698
12.459480047225952,302,835,836,699
12.459480047225952,302,835,836,699
12.459480047225952,302,835,836,699
12.459480047225952,301,835,836,699
12.459480047225952,301,836,836,699
12.459480047225952,301,836,836,699
12.459480047225952,301,837,836,698
12.459480047225952,301,837,836,698
12.459480047225952,301,837,836,698
12.459480047225952,301,837,836,698
12.459480047225952,355,837,838,698
12.47542142868042,355,836,838,699
12.476703643798828,355,836,838,699
12.476703643798828,355,836,838,699
12.476703643798828,355,836,838,699
12.476703643798828,301,836,838,699
12.476703643798828,301,836,838,699
12.476703643798828,301,837,838,699
12.476703643798828,301,838,838,699
12.476703643798828,301,838,838,699
12.476703643798828,301,838,838,699
12.476703643798828,300,838,838,699
12.476703643798828,300,837,838,699
12.476703643798828,300,837,838,700
12.476703643798828,300,838,838,700
12.476703643798828,300,837,838,699
12.476703643798828,300,838,838,700
12.476703643798828,300,838,838,699
12.491440057754517,300,838,838,699
12.491440057754517,300,838,838,699
12.491440057754517,300,839,838,699
12.491440057754517,300,839,838,699
12.491440057754517,300,838,836,699
12.491440057754517,300,838,836,699
12.491440057754517,300,838,836,699
12.491440057754517,300,838,836,699
12.491440057754517,300,838,836,698
12.491440057754517,300,838,836,698
12.491440057754517,300,837,836,698
12.491440057754517,300,837,836,698
12.491440057754517,300,836,836,698
12.491440057754517,300,835,836,698
12.491440057754517,300,835,836,698
12.491440057754517,300,835,836,699
12.491440057754517,300,836,836,699
12.491440057754517,299,836,836,698
12.507246732711792,300,836,836,698
12.508376121520996,300,836,836,698
12.508376121520996,300,836,836,698
12.508376121520996,300,836,836,698
12.508376121520996,300,836,836,698
12.508376121520996,299,836,836,698
12.508376121520996,299,836,836,698
12.508376121520996,299,836,836,698
12.508376121520996,299,836,838,699
12.508376121520996,300,836,838,699
12.508376121520996,300,836,838,699
12.508376121520996,300,836,838,699
12.508376121520996,300,836,838,699
12.508376121520996,300,836,838,700
12.508376121520996,300,837,838,700
12.508376121520996,301,837,838,700
12.508376121520996,300,838,838,700
12.522956132888794,300,838,838,700
12.522956132888794,300,839,838,699
12.524974584579468,300,839,838,699
12.524974584579468,300,839,838,699
12.524974584579468,300,839,838,699
12.524974584579468,300,839,838,699
12.524974584579468,301,838,838,699
12.524974584579468,301,838,838,699
12.524974584579468,301,838,838,699
12.524974584579468,301,838,838,699
12.524974584579468,301,837,838,699
12.524974584579468,301,837,838,699
12.524974584579468,301,837,838,700
12.524974584579468,301,837,838,700
12.524974584579468,301,838,838,699
12.524974584579468,301,838,838,699
12.524974584579468,301,838,838,699
12.524974584579468,301,838,838,699
12.538763761520386,301,838,838,699
12.540250062942505,301,838,838,699
12.540250062942505,301,838,838,699
12.540250062942505,301,838,838,699
12.540250062942505,301,838,838,699
12.540250062942505,301,837,838,700
12.540250062942505,301,837,838,700
12.540250062942505,301,838,838,700
12.540250062942505,301,838,838,700
12.546807050704956,302,838,838,700
12.546807050704956,302,839,838,700
12.546807050704956,301,839,838,699
12.546807050704956,301,839,838,699
12.546807050704956,301,839,838,699
12.546807050704956,301,839,838,699
12.546807050704956,301,839,838,699
12.546807050704956,301,839,838,699
12.55456805229187,301,838,838,699
12.555135488510132,355,838,837,699
12.555135488510132,355,837,837,699
12.555135488510132,355,837,837,699
12.555135488510132,355,837,837,699
12.555135488510132,302,837,837,699
12.555135488510132,302,838,837,699
12.555135488510132,302,838,837,699
12.555135488510132,302,837,837,699
12.555135488510132,302,837,837,699
12.555135488510132,302,837,837,699
12.555135488510132,301,837,837,699
12.555135488510132,301,837,837,699
12.555135488510132,301,838,837,699
12.555135488510132,301,838,837,699
12.555135488510132,301,838,837,698
12.555135488510132,301,838,837,698
12.555135488510132,301,837,837,698
12.57059931755066,301,837,837,698
12.571343183517456,301,837,837,698
12.57188367843628,301,837,837,698
12.57188367843628,301,836,837,699
12.57188367843628,301,836,837,699
12.57188367843628,301,836,838,699
12.57188367843628,301,836,838,699
12.57188367843628,301,836,838,699
12.57188367843628,301,837,838,700
12.57188367843628,301,837,838,700
12.57188367843628,301,837,838,700
12.57188367843628,301,837,838,700
12.57188367843628,301,838,838,700
12.57188367843628,301,838,838,700
12.57188367843628,301,838,838,700
12.57188367843628,301,839,838,700
12.57188367843628,301,839,838,699
12.57188367843628,301,839,838,699
12.586679935455322,301,839,838,699
12.586679935455322,301,839,838,699
12.586679935455322,301,839,838,699
12.586679935455322,300,838,838,699
12.586679935455322,300,838,838,699
12.586679935455322,300,838,838,699
12.586679935455322,300,837,838,699
12.586679935455322,300,837,838,699
12.586679935455322,300,837,838,699
12.586679935455322,300,837,836,699
12.586679935455322,300,837,836,699
12.586679935455322,300,838,836,699
12.586679935455322,300,838,836,699
12.586679935455322,300,838,836,698
12.599957942962646,300,837,836,698
12.599957942962646,300,837,836,698
12.599957942962646,300,837,836,698
12.602351188659668,300,837,836,698
12.603227376937866,300,837,836,698
12.603227376937866,300,837,836,698
12.603227376937866,300,836,836,698
12.603227376937866,300,836,836,698
12.603227376937866,300,836,836,698
12.603227376937866,300,835,836,698
12.603227376937866,300,835,836,699
12.603227376937866,300,835,836,699
12.603227376937866,300,835,836,699
12.603227376937866,300,835,836,699
12.603227376937866,300,836,836,699
12.603227376937866,300,836,836,699
12.603227376937866,300,837,836,699
12.603227376937866,300,838,839,699
12.603227376937866,300,838,839,699
12.603227376937866,300,838,839,699
12.603227376937866,300,838,839,699
12.618130445480347,300,837,839,699
12.618130445480347,300,837,839,700
12.618130445480347,300,837,839,700
12.618130445480347,300,837,839,700
12.618130445480347,300,837,839,700
12.618130445480347,300,837,839,700
12.618130445480347,300,838,839,700
12.618130445480347,300,838,839,700
12.618130445480347,300,839,839,700
12.618130445480347,300,839,839,700
12.618130445480347,300,840,839,700
12.618130445480347,300,840,839,700
12.618130445480347,300,840,839,700
12.618130445480347,300,840,839,700
12.618130445480347,300,840,839,700
12.618130445480347,300,839,839,700
12.633178472518921,301,839,839,700
12.634195327758789,301,839,839,700
12.635611534118652,301,839,837,699
12.635611534118652,300,839,837,699
12.635611534118652,300,839,837,699
12.635611534118652,300,839,837,699
12.635611534118652,300,839,837,699
12.635611534118652,301,838,837,698
12.635611534118652,301,838,837,698
12.635611534118652,301,837,837,698
12.635611534118652,301,837,837,698
12.635611534118652,301,837,837,699
12.635611534118652,301,837,837,699
12.635611534118652,301,836,837,699
12.635611534118652,301,836,837,699
12.647066116333008,301,836,837,699
12.647066116333008,301,836,837,699
12.647066116333008,301,837,837,699
12.64998173713684,301,837,837,699
12.64998173713684,301,837,837,699
12.64998173713684,301,837,837,699
12.64998173713684,301,838,837,699
12.64998173713684,301,838,837,699
12.64998173713684,301,838,837,699
12.64998173713684,301,838,838,699
12.64998173713684,301,837,838,699
12.64998173713684,301,837,838,699
12.64998173713684,301,838,838,699
12.64998173713684,302,838,838,699
12.64998173713684,301,837,838,699
12.64998173713684,301,837,838,699
12.64998173713684,301,837,838,699
12.64998173713684,301,837,838,699
12.64998173713684,301,837,838,699
12.64998173713684,301,837,838,699
12.64998173713684,301,837,838,699
12.665640592575073,301,837,838,700
12.666913270950317,301,838,838,699
12.666913270950317,301,838,838,699
12.666913270950317,301,838,838,699
12.666913270950317,301,838,838,699
12.666913270950317,301,838,838,699
12.666913270950317,301,838,838,699
12.666913270950317,301,838,838,699
12.666913270950317,301,837,838,699
12.666913270950317,301,838,838,699
12.666913270950317,301,838,837,699
12.666913270950317,301,838,837,699
12.666913270950317,301,838,837,699
12.666913270950317,301,838,837,699
12.666913270950317,301,838,837,699
12.666913270950317,301,838,837,699
12.666913270950317,301,838,837,699
12.666913270950317,301,838,837,699
12.681584119796753,301,838,837,699
12.6830575466156,301,838,837,698
12.683876037597656,301,838,837,698
12.683876037597656,301,837,837,698
12.683876037597656,301,837,837,698
12.683876037597656,301,837,837,698
12.683876037597656,301,837,837,698
12.683876037597656,300,836,837,698
12.683876037597656,300,836,837,699
12.683876037597656,300,836,837,699
12.683876037597656,300,836,837,699
12.683876037597656,300,836,837,699
12.683876037597656,300,836,837,699
12.683876037597656,300,836,837,699
12.683876037597656,300,837,838,699
12.683876037597656,300,838,838,699
12.683876037597656,300,838,838,699
12.69744324684143,300,838,838,699
12.69744324684143,300,838,838,699
12.69744324684143,300,838,838,699
12.69744324684143,300,837,838,699
12.69744324684143,300,837,838,699
12.69744324684143,300,837,838,699
12.69744324684143,300,837,838,700
12.69744324684143,300,837,838,700
12.69744324684143,300,838,838,699
12.69744324684143,300,838,838,699
12.69744324684143,300,838,838,699
12.69744324684143,300,839,838,699
12.69744324684143,300,839,838,699
12.69744324684143,300,839,838,699
12.69744324684143,300,838,838,699
12.69744324684143,300,838,838,699
12.69744324684143,300,838,838,699
12.69744324684143,300,838,838,699
12.713834285736084,300,838,838,699
12.714376211166382,300,838,838,699
12.714376211166382,300,838,838,699
12.714376211166382,300,838,838,699
12.714376211166382,300,838,838,699
12.714376211166382,300,838,838,699
12.714376211166382,300,838,838,699
12.714376211166382,300,838,838,699
12.714376211166382,300,838,838,699
12.714376211166382,300,838,838,699
12.714376211166382,300,838,838,699
12.714376211166382,300,838,838,699
12.714376211166382,300,838,838,699
12.714376211166382,300,838,838,699
12.714376211166382,300,838,838,699
12.714376211166382,299,838,838,699
12.714376211166382,299,838,838,699
12.72893738746643,299,838,838,699
12.72893738746643,299,838,838,699
12.72893738746643,299,838,838,699
12.72893738746643,299,838,838,699
12.72893738746643,300,838,838,699
12.72893738746643,300,838,838,699
12.72893738746643,300,837,838,699
12.72893738746643,300,838,838,699
12.72893738746643,300,838,838,699
12.72893738746643,300,838,838,699
12.72893738746643,300,838,838,699
12.72893738746643,300,838,838,699
12.72893738746643,300,838,838,699
12.72893738746643,300,838,838,699
12.72893738746643,300,837,838,699
12.72893738746643,300,837,838,700
12.72893738746643,299,837,838,700
12.72893738746643,299,838,838,700
12.74464726448059,299,838,838,700
12.74464726448059,299,838,838,700
12.74464726448059,300,839,838,699
12.747421979904175,300,839,838,699
12.747421979904175,300,839,838,699
12.747421979904175,300,840,838,699
12.747421979904175,300,840,838,699
12.747421979904175,300,839,838,699
12.747421979904175,300,838,838,699
12.747421979904175,300,838,838,699
12.747421979904175,300,838,838,699
12.747421979904175,300,838,838,699
12.747421979904175,300,838,838,699
12.747421979904175,300,838,838,699
12.747421979904175,300,838,838,699
12.747421979904175,300,838,838,699
12.747421979904175,300,838,838,699
12.747421979904175,300,838,838,699
12.760333776473999,300,838,838,699
12.76201605796814,300,838,838,699
12.76201605796814,300,838,838,699
12.76201605796814,300,838,838,699
12.76201605796814,300,838,838,699
12.76201605796814,300,838,838,699
12.76201605796814,300,838,838,699
12.76201605796814,300,838,838,699
12.76201605796814,300,838,838,699
12.76201605796814,300,838,838,699
12.76201605796814,300,838,838,699
12.76201605796814,300,838,838,699
12.76201605796814,300,838,838,699
12.76201605796814,300,838,838,699
12.76201605796814,300,837,838,699
12.76201605796814,301,838,838,699
12.76201605796814,301,838,838,699
12.775978803634644,301,838,838,699
12.776735305786133,301,838,838,699
12.776735305786133,301,838,838,699
12.776735305786133,301,838,838,699
12.776735305786133,301,838,838,699
12.776735305786133,301,837,838,699
12.776735305786133,301,838,838,699
12.776735305786133,300,837,838,699
12.776735305786133,300,837,838,699
12.776735305786133,300,838,838,699
12.776735305786133,300,837,838,699
12.776735305786133,300,838,838,699
12.776735305786133,300,838,838,699
12.776735305786133,300,838,838,699
12.776735305786133,300,838,838,699
12.776735305786133,301,838,838,699
12.776735305786133,301,838,838,699
12.791776657104492,300,838,838,699
12.791776657104492,300,838,838,699
12.791776657104492,300,838,838,699
12.791776657104492,300,838,838,699
12.791776657104492,300,838,837,699
12.791776657104492,300,838,837,699
12.791776657104492,300,838,837,699
12.791776657104492,300,838,837,699
12.791776657104492,300,838,837,699
12.791776657104492,300,838,837,699
12.791776657104492,300,838,837,699
12.791776657104492,300,838,837,699
12.791776657104492,301,838,837,698
12.791776657104492,300,838,837,698
12.791776657104492,300,837,837,698
12.791776657104492,300,837,837,698
12.791776657104492,300,837,837,698
12.791776657104492,301,836,837,698
12.807619094848633,300,836,837,698
12.807619094848633,300,836,837,699
12.807619094848633,300,836,837,699
12.807619094848633,300,836,837,699
12.807619094848633,300,836,837,699
12.807619094848633,300,837,837,699
12.807619094848633,300,837,837,699
12.807619094848633,300,837,837,699
12.807619094848633,300,837,839,699
12.807619094848633,300,838,839,700
12.807619094848633,300,838,839,699
12.807619094848633,301,838,839,700
12.807619094848633,301,838,839,700
12.807619094848633,301,838,839,700
12.807619094848633,301,838,839,700
12.807619094848633,300,839,839,700
12.807619094848633,300,839,839,700
12.807619094848633,300,839,839,700
12.823280334472656,300,839,839,700
12.823280334472656,300,839,839,700
12.823280334472656,300,839,839,700
12.823280334472656,300,839,839,700
12.823280334472656,300,840,839,700
12.823280334472656,300,840,839,699
12.823280334472656,300,840,839,699
12.823280334472656,300,840,839,699
12.823280334472656,300,839,839,699
12.823280334472656,300,839,839,699
12.823280334472656,300,838,839,699
12.823280334472656,300,838,839,700
12.823280334472656,300,838,839,700
12.823280334472656,300,838,837,699
12.823280334472656,300,838,837,699
12.823280334472656,300,838,837,699
12.823280334472656,300,838,837,699
12.838954448699951,300,838,837,699
12.838954448699951,300,838,837,699
12.838954448699951,300,838,837,699
12.838954448699951,300,838,837,699
12.838954448699951,300,838,837,698
12.838954448699951,300,837,837,698
12.838954448699951,300,837,837,699
12.838954448699951,300,837,837,699
12.838954448699951,300,837,837,699
12.838954448699951,300,837,837,699
12.847631931304932,299,837,837,699
12.847631931304932,299,837,837,699
12.847631931304932,300,837,837,699
12.847631931304932,300,837,837,699
12.847631931304932,300,837,837,699
12.847631931304932,300,837,837,699
12.847631931304932,300,837,837,699
12.85465145111084,300,838,837,699
12.85465145111084,300,838,839,699
12.85465145111084,300,838,839,699
12.85465145111084,300,838,839,699
12.85465145111084,300,838,839,699
12.85465145111084,300,838,839,699
12.85465145111084,300,838,839,699
12.85465145111084,300,838,839,699
12.85465145111084,300,837,839,699
12.85465145111084,300,837,839,700
12.85465145111084,300,837,839,700
12.85465145111084,300,837,839,700
12.85465145111084,300,837,839,700
12.85465145111084,300,838,839,700
12.85465145111084,300,839,839,700
12.85465145111084,300,839,839,700
12.85465145111084,300,839,839,700
12.870352506637573,300,840,839,700
12.870352506637573,300,840,839,700
12.870352506637573,300,840,839,700
12.870352506637573,300,840,839,700
12.870352506637573,300,840,839,699
12.870352506637573,300,840,839,699
12.870352506637573,300,839,837,699
12.870352506637573,300,839,837,699
12.870352506637573,300,839,837,699
12.870352506637573,300,839,837,699
12.870352506637573,300,839,837,698
12.870352506637573,300,838,837,698
12.870352506637573,300,838,837,698
12.870352506637573,300,837,837,698
12.870352506637573,300,837,837,698
12.870352506637573,300,837,837,698
12.870352506637573,300,836,837,699
12.870352506637573,300,836,837,699
12.88705062866211,300,836,837,699
12.88705062866211,300,836,837,699
12.88705062866211,300,836,837,699
12.88705062866211,300,836,837,699
12.88705062866211,300,837,837,699
12.88705062866211,300,837,837,699
12.88705062866211,300,837,837,699
12.88705062866211,300,837,837,699
12.88705062866211,300,838,837,699
12.88705062866211,300,838,839,699
12.88705062866211,300,838,839,699
12.88705062866211,300,838,839,699
12.88705062866211,300,838,839,699
12.88705062866211,300,838,839,699
12.88705062866211,300,838,839,699
12.88705062866211,301,838,839,700
12.88705062866211,301,837,839,700
12.90175986289978,301,837,839,700
12.90175986289978,301,838,839,700
12.90175986289978,301,838,839,700
12.90175986289978,301,838,839,700
12.90175986289978,301,839,839,700
12.90175986289978,301,839,839,700
12.90175986289978,301,840,839,700
12.90175986289978,300,840,839,700
12.90175986289978,300,840,839,700
12.90175986289978,300,840,839,700
12.90175986289978,300,840,839,700
12.90175986289978,300,840,839,699
12.90175986289978,300,840,839,699
12.90175986289978,300,839,839,699
12.90175986289978,300,839,837,699
12.90175986289978,301,839,837,699
12.90175986289978,301,838,837,699
12.917641401290894,300,838,837,699
12.918637037277222,300,838,837,699
12.918637037277222,300,838,837,699
12.918637037277222,300,837,837,699
12.918637037277222,300,838,837,699
12.918637037277222,301,838,837,698
12.918637037277222,300,838,837,698
12.918637037277222,300,837,837,699
12.918637037277222,300,837,837,699
12.918637037277222,300,837,837,699
12.918637037277222,300,837,837,699
12.918637037277222,300,837,837,699
12.918637037277222,300,837,837,699
12.918637037277222,300,837,837,699
12.918637037277222,300,837,837,699
12.918637037277222,300,837,837,699
12.918637037277222,300,837,837,699
12.933346509933472,300,838,837,699
12.933346509933472,300,838,837,698
12.93476915359497,300,838,837,698
12.93476915359497,300,838,839,699
12.93476915359497,300,837,839,699
12.93476915359497,300,837,839,699
12.93476915359497,300,837,839,699
12.93476915359497,300,837,839,699
12.93476915359497,301,837,839,700
12.93476915359497,300,837,839,700
12.93476915359497,300,837,839,700
12.93476915359497,300,838,839,700
12.93476915359497,300,838,839,700
12.93476915359497,300,838,839,700
12.93476915359497,300,839,839,700
12.93476915359497,300,839,839,700
12.93476915359497,300,839,839,700
12.947856664657593,300,840,839,700
12.949377059936523,300,840,839,700
12.949377059936523,300,840,839,700
12.949377059936523,300,840,839,699
12.949377059936523,300,840,839,699
12.949377059936523,300,840,839,699
12.949377059936523,300,839,839,699
12.949377059936523,300,839,839,699
12.949377059936523,300,839,837,699
12.949377059936523,300,838,837,699
12.949377059936523,300,838,837,699
12.949377059936523,300,838,837,699
12.949377059936523,300,838,837,699
12.949377059936523,300,838,837,699
12.949377059936523,300,837,837,699
12.949377059936523,300,837,837,698
12.949377059936523,300,837,837,699
12.949377059936523,300,837,837,699
12.949377059936523,300,838,837,698
12.965490102767944,300,837,837,698
12.966671466827393,299,837,837,699
12.967207193374634,299,837,837,699
12.967207193374634,299,837,837,699
12.967207193374634,300,837,837,699
12.967207193374634,299,837,837,699
12.967207193374634,299,837,837,699
12.967207193374634,300,838,837,699
12.967207193374634,300,838,837,699
12.967207193374634,300,838,837,698
12.967207193374634,300,838,837,698
12.967207193374634,300,837,839,699
12.967207193374634,300,837,839,699
12.967207193374634,300,837,839,699
12.967207193374634,300,837,839,699
12.967207193374634,300,837,839,699
12.967207193374634,300,837,839,700
12.980864763259888,300,837,839,700
12.980864763259888,300,837,839,700
12.980864763259888,300,838,839,700
12.980864763259888,300,838,839,700
12.980864763259888,300,838,839,700
12.980864763259888,300,839,839,700
12.980864763259888,300,839,839,700
12.980864763259888,300,839,839,700
12.980864763259888,300,840,839,700
12.980864763259888,300,840,839,700
12.980864763259888,300,840,839,700
12.980864763259888,300,840,839,700
12.980864763259888,300,840,839,699
12.980864763259888,300,840,839,699
12.980864763259888,300,840,839,699
12.980864763259888,300,840,839,699
12.980864763259888,300,840,837,699
12.9965238571167,300,839,837,698
12.9965238571167,300,838,837,698
12.9965238571167,300,838,837,699
12.9965238571167,300,837,837,698
12.9965238571167,300,837,837,699
12.9965238571167,300,837,837,699
12.9965238571167,300,837,837,699
12.9965238571167,300,836,837,699
12.9965238571167,300,837,837,699
12.9965238571167,300,837,837,699
12.9965238571167,300,837,837,699
12.9965238571167,300,837,837,699
12.9965238571167,300,837,837,699
12.9965238571167,300,838,837,699
12.9965238571167,300,838,837,698
12.9965238571167,300,837,837,699
12.9965238571167,300,837,837,699
13.012213230133057,300,837,837,699
13.012213230133057,300,837,837,699
13.012213230133057,300,837,837,699
13.012213230133057,300,837,837,699
13.012213230133057,300,837,839,699
13.012213230133057,300,837,839,699
13.012213230133057,300,838,839,699
13.012213230133057,301,838,839,699
13.012213230133057,301,838,839,699
13.012213230133057,301,838,839,700
13.012213230133057,301,838,839,700
13.012213230133057,301,837,839,700
13.012213230133057,301,837,839,700
13.012213230133057,301,838,839,700
13.012213230133057,300,837,839,700
13.012213230133057,300,838,839,700
13.012213230133057,300,839,839,700
13.012213230133057,300,839,839,700
13.028122901916504,300,839,839,700
13.028122901916504,301,839,839,700
13.028122901916504,300,840,839,700
13.028122901916504,300,840,839,700
13.028122901916504,300,840,839,700
13.028122901916504,300,840,839,700
13.028122901916504,300,839,839,700
13.028122901916504,300,839,839,700
13.028122901916504,300,839,837,699
13.028122901916504,300,839,837,699
13.028122901916504,300,839,837,699
13.028122901916504,300,839,837,699
13.028122901916504,301,839,837,699
13.028122901916504,301,839,837,698
13.028122901916504,300,838,837,699
13.028122901916504,300,837,837,698
13.028122901916504,300,837,837,698
13.028122901916504,300,837,837,699
13.04411268234253,300,837,837,699
13.04411268234253,300,837,837,699
13.04411268234253,300,837,837,699
13.04411268234253,300,837,837,699
13.04819393157959,300,837,837,699
13.04819393157959,300,837,837,699
13.04819393157959,300,837,837,699
13.04819393157959,300,838,837,699
13.04819393157959,300,838,837,698
13.04819393157959,300,838,837,698
13.04819393157959,300,837,837,698
13.04819393157959,300,837,837,698
13.04819393157959,299,837,838,699
13.04819393157959,300,837,838,699
13.04819393157959,300,836,838,699
13.04819393157959,300,836,838,699
13.04819393157959,300,836,838,699
13.060003280639648,300,837,838,699
13.060003280639648,300,837,838,699
13.060003280639648,300,837,838,699
13.060003280639648,300,837,838,699
13.060003280639648,300,837,838,700
13.060003280639648,300,837,838,700
13.060003280639648,300,837,838,700
13.060003280639648,299,838,838,700
13.060003280639648,299,838,838,700
13.060003280639648,300,838,838,700
13.060003280639648,300,840,838,699
13.060003280639648,300,840,838,699
13.060003280639648,300,840,838,699
13.060003280639648,300,839,838,699
13.060003280639648,300,839,838,699
13.060003280639648,300,839,838,699
13.060003280639648,300,838,838,699
13.07585883140564,300,838,838,699
13.07585883140564,300,838,838,699
13.07585883140564,300,837,838,699
13.07585883140564,300,838,838,699
13.07585883140564,300,837,838,699
13.07585883140564,300,838,838,699
13.07585883140564,300,838,838,699
13.07585883140564,300,838,838,699
13.07585883140564,300,838,838,699
13.07585883140564,300,838,838,699
13.07585883140564,300,838,838,699
13.07585883140564,300,838,838,699
13.07585883140564,300,838,838,699
13.07585883140564,300,838,838,699
13.07585883140564,300,838,838,699
13.07585883140564,300,838,838,699
13.07585883140564,300,838,838,699
13.07585883140564,300,838,838,699
13.09152102470398,300,838,838,699
13.09152102470398,300,838,838,699
13.093385457992554,300,838,838,699
13.093385457992554,300,838,838,699
13.093385457992554,300,838,838,699
13.093385457992554,300,837,838,699
13.093385457992554,300,838,838,699
13.093385457992554,301,838,838,699
13.093385457992554,301,838,838,699
13.093385457992554,301,838,838,699
13.093385457992554,301,838,838,699
13.093385457992554,301,838,838,699
13.093385457992554,301,837,838,699
13.093385457992554,301,837,838,699
13.093385457992554,301,837,838,699
13.093385457992554,300,837,838,700
13.093385457992554,300,837,838,700
13.093385457992554,300,838,838,700
13.107218027114868,300,838,838,700
13.107218027114868,301,838,838,700
13.107218027114868,301,839,838,699
13.107218027114868,301,839,838,699
13.107218027114868,300,839,838,699
13.107218027114868,300,839,838,699
13.107218027114868,300,839,838,699
13.107218027114868,300,838,838,699
13.107218027114868,300,838,838,699
13.107218027114868,301,838,838,699
13.107218027114868,301,838,838,699
13.107218027114868,301,838,838,699
13.107218027114868,301,838,838,699
13.107218027114868,301,838,838,699
13.107218027114868,301,838,838,699
13.107218027114868,301,838,838,699
13.107218027114868,301,838,838,699
13.12295913696289,301,838,838,699
13.12295913696289,300,838,838,699
13.12295913696289,300,838,838,699
13.12295913696289,300,837,838,699
13.12295913696289,301,837,838,699
13.12295913696289,301,837,838,699
13.12295913696289,301,837,838,700
13.12295913696289,300,837,838,700
13.12295913696289,300,837,838,700
13.12295913696289,300,837,838,700
13.12295913696289,300,838,838,700
13.12295913696289,300,838,838,700
13.12295913696289,301,838,838,700
13.12295913696289,300,839,838,699
13.12295913696289,300,839,838,699
13.12295913696289,300,839,838,699
13.12295913696289,300,839,838,699
13.12295913696289,300,839,838,699
13.138814449310303,301,838,838,699
13.138814449310303,301,838,838,699
13.138814449310303,301,837,838,699
13.138814449310303,301,837,838,699
13.138814449310303,301,837,838,699
13.138814449310303,301,837,838,699
13.138814449310303,301,836,838,700
13.138814449310303,300,836,838,700
13.138814449310303,300,837,838,700
13.138814449310303,300,837,838,700
13.148276090621948,300,837,838,700
13.148276090621948,301,838,838,700
13.148276090621948,301,839,838,700
13.148276090621948,301,839,838,700
13.148276090621948,300,839,838,700
13.148276090621948,300,840,838,699
13.148276090621948,300,839,838,699
13.154620170593262,300,839,838,699
13.1558518409729,300,839,838,699
13.156097173690796,300,838,838,699
13.156097173690796,301,838,838,699
13.156097173690796,301,837,838,699
13.156097173690796,301,837,838,700
13.156097173690796,301,837,838,700
13.156097173690796,301,837,838,700
13.156097173690796,300,838,838,700
13.156097173690796,300,838,838,700
13.156097173690796,301,838,838,700
13.156097173690796,301,839,838,700
13.156097173690796,300,839,838,699
13.156097173690796,300,839,838,699
13.156097173690796,300,839,838,699
13.156097173690796,300,839,838,699
13.156097173690796,300,839,838,699
13.17027735710144,300,838,838,699
13.17027735710144,300,838,838,699
13.17027735710144,300,837,838,699
13.17027735710144,300,837,838,699
13.17027735710144,300,837,838,699
13.17027735710144,300,837,838,700
13.17027735710144,300,837,838,700
13.17027735710144,300,838,838,700
13.17027735710144,300,838,838,700
13.17027735710144,300,838,838,700
13.17027735710144,301,839,838,699
13.17027735710144,301,839,838,699
13.17027735710144,301,839,838,699
13.17027735710144,301,839,838,699
13.17027735710144,301,839,838,699
13.17027735710144,301,838,838,699
13.17027735710144,301,837,838,699
13.17027735710144,300,837,838,699
13.186030387878418,300,837,838,700
13.186030387878418,300,837,838,700
13.188172578811646,300,837,838,700
13.189198017120361,300,837,838,700
13.189707279205322,300,838,838,700
13.19119644165039,300,838,838,700
13.191635608673096,300,839,838,700
13.191635608673096,300,839,838,699
13.191635608673096,300,839,838,699
13.191635608673096,300,839,838,699
13.191635608673096,300,839,838,699
13.191635608673096,300,838,838,699
13.191635608673096,300,838,838,699
13.191635608673096,300,838,838,699
13.191635608673096,300,838,838,699
13.191635608673096,301,837,838,699
13.191635608673096,301,837,838,699
13.201692819595337,301,837,838,700
13.201692819595337,301,837,838,700
13.201692819595337,301,838,838,700
13.201692819595337,300,838,838,700
13.201692819595337,300,838,838,700
13.201692819595337,301,838,838,700
13.201692819595337,301,839,838,699
13.201692819595337,301,839,838,699
13.201692819595337,300,839,838,699
13.201692819595337,300,839,838,699
13.201692819595337,300,839,838,699
13.201692819595337,300,839,838,699
13.201692819595337,300,838,838,699
13.201692819595337,301,838,838,699
13.201692819595337,301,837,838,699
13.201692819595337,301,837,838,699
13.201692819595337,301,837,838,700
13.201692819595337,300,837,838,700
13.217386484146118,300,837,838,700
13.217386484146118,300,838,838,700
13.217386484146118,301,838,838,700
13.217386484146118,301,838,838,700
13.217386484146118,301,838,838,700
13.217386484146118,301,839,838,700
13.217386484146118,301,839,838,699
13.217386484146118,301,839,838,699
13.217386484146118,301,838,838,699
13.217386484146118,301,839,838,699
13.217386484146118,301,838,838,699
13.217386484146118,300,838,838,699
13.217386484146118,300,838,838,699
13.217386484146118,300,838,838,699
13.217386484146118,300,838,838,699
13.217386484146118,300,837,838,700
13.217386484146118,301,837,838,700
13.23323392868042,301,837,838,700
13.23323392868042,301,838,838,700
13.235264778137207,301,838,838,700
13.236255645751953,301,838,837,699
13.237076044082642,301,839,837,699
13.237076044082642,301,839,837,699
13.237076044082642,301,839,837,699
13.237076044082642,301,838,837,699
13.237076044082642,301,838,837,699
13.237076044082642,301,838,837,699
13.237076044082642,301,837,837,699
13.237076044082642,301,837,837,699
13.237076044082642,301,837,837,699
13.237076044082642,301,837,837,699
13.237076044082642,301,837,837,699
13.237076044082642,301,837,837,699
13.237076044082642,301,837,837,699
13.24822998046875,301,837,837,699
13.249245166778564,301,837,837,699
13.249245166778564,301,837,837,699
13.249245166778564,301,837,837,699
13.249245166778564,301,837,837,699
13.249245166778564,301,837,837,699
13.249245166778564,301,837,837,699
13.249245166778564,301,837,837,699
13.249245166778564,301,837,839,699
13.249245166778564,301,837,839,699
13.249245166778564,301,837,839,700
13.249245166778564,301,837,839,700
13.249245166778564,301,838,839,700
13.249245166778564,301,838,839,700
13.249245166778564,301,838,839,700
13.249245166778564,301,838,839,700
13.249245166778564,301,838,839,700
13.249245166778564,301,839,839,700
13.249245166778564,301,839,839,700
13.267282724380493,301,839,839,700
13.267282724380493,301,839,839,700
13.267282724380493,300,839,839,700
13.267282724380493,300,839,839,700
13.267282724380493,300,839,839,700
13.267282724380493,300,839,839,700
13.267282724380493,300,839,839,700
13.267282724380493,300,839,839,700
13.267282724380493,300,839,839,700
13.267282724380493,300,839,839,700
13.267282724380493,300,839,839,700
13.267282724380493,300,839,837,699
13.267282724380493,301,839,837,699
13.267282724380493,301,839,837,699
13.267282724380493,301,839,837,699
13.267282724380493,300,839,837,699
13.267282724380493,300,838,837,699
13.267282724380493,300,838,837,699
13.28126049041748,300,837,837,699
13.28126049041748,300,837,837,699
13.283864498138428,300,837,837,699
13.284639120101929,301,838,837,699
13.284639120101929,300,837,837,699
13.284639120101929,300,837,837,699
13.284639120101929,300,838,837,699
13.284639120101929,300,838,837,699
13.284639120101929,300,837,837,699
13.284639120101929,300,838,837,699
13.284639120101929,300,837,837,698
13.284639120101929,300,837,837,699
13.284639120101929,300,837,837,699
13.284639120101929,300,837,837,699
13.284639120101929,300,837,837,699
13.284639120101929,300,837,839,699
13.284639120101929,300,837,839,699
13.297092914581299,300,837,839,699
13.297092914581299,300,837,839,700
13.297092914581299,300,837,839,700
13.297092914581299,300,838,839,700
13.297092914581299,300,838,839,700
13.297092914581299,300,838,839,700
13.297092914581299,300,838,839,700
13.297092914581299,300,838,839,700
13.297092914581299,300,839,839,700
13.297092914581299,300,839,839,700
13.297092914581299,300,839,839,700
13.297092914581299,300,839,839,700
13.297092914581299,300,839,839,700
13.297092914581299,300,840,839,700
13.297092914581299,300,839,839,700
13.297092914581299,300,840,839,700
13.297092914581299,300,840,839,700
13.312793493270874,300,839,839,699
13.31384563446045,300,839,839,700
13.314584255218506,300,839,839,700
13.314584255218506,301,839,838,699
13.314584255218506,300,839,838,699
13.314584255218506,300,839,838,699
13.314584255218506,300,839,838,699
13.314584255218506,300,839,838,699
13.314584255218506,300,838,838,699
13.314584255218506,301,838,838,699
13.314584255218506,301,838,838,699
13.314584255218506,301,837,838,699
13.314584255218506,301,837,838,700
13.314584255218506,301,837,838,700
13.314584255218506,301,837,838,700
13.314584255218506,300,838,838,700
13.314584255218506,301,838,838,700
13.314584255218506,301,838,838,700
13.328560590744019,300,839,838,700
13.328560590744019,300,839,838,699
13.328560590744019,300,839,838,699
13.328560590744019,300,839,838,699
13.328560590744019,300,839,838,699
13.328560590744019,300,839,838,699
13.328560590744019,300,838,838,699
13.328560590744019,300,838,838,699
13.328560590744019,300,837,838,699
13.328560590744019,300,837,838,699
13.328560590744019,300,837,838,699
13.328560590744019,301,838,838,700
13.328560590744019,301,838,838,699
13.328560590744019,301,838,838,699
13.328560590744019,301,838,838,699
13.328560590744019,301,837,838,699
13.328560590744019,301,837,838,700
13.344222784042358,301,837,838,700
13.34543490409851,301,838,838,700
13.34543490409851,301,837,838,700
13.34543490409851,300,837,838,700
13.348323583602905,300,838,838,700
13.348323583602905,300,838,838,700
13.348323583602905,300,839,838,700
13.348323583602905,300,839,838,699
13.348323583602905,300,839,838,699
13.348323583602905,300,839,838,699
13.348323583602905,300,839,838,699
13.348323583602905,301,839,838,699
13.348323583602905,301,838,838,699
13.348323583602905,301,838,839,700
13.348323583602905,301,838,839,700
13.348323583602905,301,838,839,700
13.348323583602905,301,838,839,700
13.359987735748291,301,838,839,700
13.359987735748291,301,838,839,700
13.359987735748291,301,839,839,700
13.359987735748291,301,839,839,700
13.359987735748291,301,840,839,700
13.359987735748291,301,840,839,700
13.359987735748291,301,840,839,700
13.359987735748291,301,839,839,700
13.359987735748291,300,839,839,700
13.359987735748291,300,839,839,700
13.359987735748291,300,839,839,700
13.359987735748291,301,839,839,700
13.359987735748291,301,839,839,700
13.359987735748291,300,839,839,700
13.359987735748291,300,839,839,700
13.359987735748291,300,839,839,700
13.359987735748291,300,839,839,700
13.375658988952637,300,839,839,700
13.375658988952637,300,839,837,699
13.375658988952637,300,839,837,699
13.375658988952637,300,839,837,699
13.375658988952637,300,839,837,699
13.375658988952637,300,839,837,699
13.375658988952637,300,838,837,699
13.375658988952637,300,838,837,699
13.375658988952637,300,837,837,698
13.375658988952637,300,837,837,699
13.375658988952637,300,837,837,699
13.375658988952637,300,837,837,699
13.375658988952637,300,837,837,699
13.375658988952637,300,837,837,699
13.375658988952637,300,837,837,699
13.375658988952637,300,837,837,699
13.375658988952637,300,837,837,699
13.375658988952637,300,837,837,699
13.391424894332886,300,837,837,699
13.39239764213562,300,837,837,699
13.393223762512207,300,837,837,699
13.393223762512207,300,837,837,699
13.393223762512207,300,837,837,699
13.393223762512207,300,837,840,699
13.393223762512207,300,837,840,700
13.393223762512207,300,837,840,700
13.393223762512207,300,837,840,700
13.393223762512207,300,837,840,700
13.393223762512207,300,838,840,701
13.393223762512207,300,838,840,701
13.393223762512207,300,838,840,701
13.393223762512207,300,839,840,701
13.393223762512207,300,840,840,701
13.393223762512207,300,840,840,701
13.393223762512207,300,841,840,700
13.393223762512207,300,841,840,700
13.40719199180603,300,841,840,700
13.40719199180603,300,840,840,700
13.40719199180603,300,840,840,700
13.40719199180603,300,840,840,700
13.40719199180603,300,839,840,700
13.40719199180603,300,839,840,700
13.40719199180603,300,839,840,701
13.40719199180603,300,839,840,701
13.40719199180603,300,839,840,701
13.40719199180603,300,840,837,700
13.40719199180603,300,840,837,700
13.40719199180603,300,840,837,699
13.40719199180603,300,841,837,699
13.40719199180603,301,841,837,699
13.40719199180603,300,840,837,698
13.40719199180603,300,839,837,698
13.40719199180603,300,838,837,698
13.423448085784912,300,837,837,699
13.424400568008423,300,837,837,699
13.424400568008423,300,836,837,699
13.424400568008423,301,836,837,699
13.424400568008423,300,835,837,699
13.424400568008423,300,836,837,699
13.424400568008423,300,836,837,699
13.424400568008423,300,836,837,699
13.424400568008423,300,837,837,699
13.424400568008423,300,838,837,699
13.424400568008423,300,838,837,699
13.424400568008423,300,837,837,699
13.424400568008423,300,837,837,699
13.424400568008423,300,837,837,699
13.424400568008423,300,837,840,700
13.424400568008423,300,837,840,700
13.424400568008423,301,837,840,700
13.438828706741333,301,838,840,700
13.438828706741333,301,838,840,700
13.438828706741333,301,838,840,701
13.438828706741333,301,839,840,700
13.438828706741333,301,839,840,701
13.438828706741333,301,840,840,700
13.438828706741333,301,840,840,700
13.438828706741333,301,840,840,700
13.438828706741333,301,840,840,700
13.438828706741333,300,840,840,700
13.438828706741333,300,840,840,700
13.448419570922852,300,840,840,700
13.448419570922852,300,840,840,700
13.448419570922852,300,840,840,700
13.448419570922852,300,839,840,701
13.448419570922852,300,839,840,701
13.448419570922852,300,839,840,701
13.448419570922852,300,839,840,701
13.45471477508545,300,840,840,701
13.45471477508545,300,840,837,700
13.45471477508545,300,840,837,700
13.45471477508545,300,841,837,699
13.45471477508545,300,840,837,699
13.45471477508545,301,840,837,699
13.45471477508545,301,839,837,699
13.45471477508545,301,839,837,699
13.45471477508545,301,838,837,698
13.45471477508545,301,838,837,699
13.45471477508545,301,837,837,699
13.45471477508545,300,837,837,699
13.45471477508545,300,836,837,699
13.45471477508545,300,836,837,699
13.45471477508545,300,836,837,699
13.45471477508545,300,837,837,699
13.45471477508545,300,837,837,699
13.470479011535645,300,837,837,699
13.471590757369995,300,837,837,699
13.471590757369995,300,837,837,699
13.471590757369995,300,837,837,699
13.471590757369995,300,837,837,699
13.471590757369995,300,837,837,699
13.471590757369995,300,837,840,700
13.471590757369995,300,837,840,700
13.471590757369995,300,837,840,700
13.471590757369995,300,838,840,700
13.471590757369995,300,838,840,700
13.471590757369995,300,839,840,701
13.471590757369995,300,839,840,701
13.471590757369995,300,839,840,701
13.471590757369995,300,839,840,701
13.471590757369995,300,840,840,701
13.471590757369995,301,840,840,701
13.471590757369995,300,840,840,701
13.486464977264404,300,841,840,700
13.486464977264404,300,841,840,700
13.486464977264404,300,841,840,700
13.486464977264404,300,841,840,700
13.486464977264404,300,841,840,700
13.486464977264404,300,840,840,700
13.486464977264404,300,840,840,700
13.486464977264404,300,840,840,700
13.486464977264404,300,840,840,700
13.486464977264404,300,839,840,700
13.486464977264404,300,839,837,700
13.486464977264404,300,839,837,700
13.486464977264404,300,839,837,699
13.486464977264404,300,839,837,699
13.486464977264404,300,840,837,699
13.486464977264404,300,839,837,699
13.486464977264404,300,839,837,699
13.502219676971436,301,839,837,699
13.502219676971436,300,838,837,699
13.502219676971436,300,837,837,699
13.502219676971436,300,837,837,699
13.502219676971436,300,837,837,699
13.502219676971436,300,837,837,699
13.502219676971436,300,837,837,699
13.502219676971436,300,837,837,699
13.502219676971436,300,837,837,699
13.502219676971436,300,837,837,699
13.502219676971436,300,838,837,699
13.502219676971436,300,838,837,699
13.502219676971436,300,837,837,698
13.502219676971436,300,837,837,699
13.502219676971436,300,837,837,699
13.502219676971436,300,837,840,699
13.502219676971436,300,837,840,700
13.502219676971436,300,837,840,700
13.518047094345093,300,837,840,700
13.518047094345093,300,837,840,700
13.518047094345093,300,838,840,700
13.518047094345093,300,838,840,700
13.518047094345093,300,839,840,701
13.518047094345093,300,839,840,700
13.518047094345093,300,840,840,701
13.518047094345093,300,840,840,700
13.518047094345093,300,840,840,700
13.518047094345093,300,840,840,700
13.518047094345093,300,840,840,700
13.518047094345093,300,840,840,700
13.518047094345093,300,840,840,700
13.518047094345093,300,840,840,700
13.518047094345093,300,839,840,700
13.518047094345093,300,839,840,701
13.518047094345093,300,839,840,701
13.533830404281616,300,839,840,701
13.533830404281616,300,840,840,701
13.533830404281616,300,840,837,700
13.533830404281616,300,841,837,699
13.533830404281616,300,841,837,699
13.533830404281616,300,841,837,699
13.533830404281616,300,841,837,699
13.533830404281616,300,840,837,698
13.533830404281616,300,840,837,698
13.533830404281616,300,839,837,698
13.533830404281616,301,838,837,698
13.533830404281616,300,836,837,699
13.533830404281616,300,835,837,699
13.533830404281616,300,835,837,699
13.533830404281616,300,835,837,699
13.533830404281616,301,835,837,699
13.533830404281616,301,836,837,699
13.549604177474976,301,836,837,699
13.549604177474976,300,837,837,699
13.549604177474976,300,837,837,699
13.549604177474976,300,837,837,699
13.55310869216919,300,837,837,699
13.55310869216919,300,838,837,699
13.55310869216919,300,838,837,699
13.55310869216919,300,837,840,700
13.55310869216919,300,837,840,700
13.55310869216919,300,837,840,700
13.55310869216919,301,837,840,700
13.55310869216919,301,838,840,701
13.55310869216919,301,839,840,701
13.55310869216919,301,839,840,701
13.55310869216919,301,839,840,701
13.55310869216919,301,840,840,701
13.55310869216919,301,840,840,701
13.55310869216919,301,841,840,701
13.565351486206055,301,841,840,700
13.566584348678589,300,841,840,700
13.567121505737305,301,841,840,700
13.567121505737305,301,841,840,700
13.567121505737305,301,841,840,700
13.567121505737305,301,840,840,700
13.567121505737305,301,840,840,700
13.567121505737305,301,839,840,700
13.567121505737305,301,839,840,700
13.567121505737305,301,839,840,700
13.567121505737305,301,839,840,701
13.567121505737305,301,839,838,700
13.567121505737305,300,839,838,700
13.567121505737305,300,839,838,700
13.567121505737305,300,840,838,700
13.567121505737305,300,840,838,700
13.567121505737305,300,840,838,699
13.581025838851929,301,840,838,699
13.581836938858032,301,840,838,699
13.581836938858032,301,839,838,699
13.581836938858032,301,839,838,699
13.581836938858032,301,838,838,699
13.581836938858032,301,838,838,699
13.581836938858032,300,837,838,699
13.581836938858032,300,837,838,699
13.581836938858032,300,837,838,699
13.581836938858032,300,837,838,699
13.581836938858032,300,838,838,700
13.581836938858032,300,838,838,699
13.581836938858032,300,838,838,699
13.581836938858032,300,838,838,699
13.581836938858032,300,838,838,699
13.581836938858032,300,838,838,699
13.581836938858032,300,838,838,699
13.581836938858032,300,838,838,699
13.596755027770996,300,838,838,699
13.598307132720947,300,838,838,699
13.598606586456299,300,837,838,699
13.598606586456299,300,837,838,700
13.598606586456299,300,837,838,700
13.598606586456299,300,837,838,700
13.598606586456299,300,838,838,700
13.598606586456299,300,839,838,700
13.598606586456299,300,839,838,700
13.598606586456299,300,839,838,699
13.598606586456299,300,839,838,699
13.598606586456299,300,840,838,699
13.598606586456299,300,839,838,699
13.598606586456299,300,839,838,699
13.598606586456299,300,839,838,699
13.598606586456299,300,838,838,699
13.598606586456299,300,837,838,699
13.612447261810303,300,838,838,699
13.612447261810303,300,837,838,699
13.612447261810303,299,837,838,699
13.612447261810303,299,838,838,699
13.612447261810303,299,838,838,699
13.612447261810303,299,837,838,699
13.612447261810303,299,837,838,700
13.612447261810303,300,837,838,700
13.612447261810303,300,837,838,700
13.612447261810303,300,838,838,700
13.612447261810303,300,839,838,699
13.612447261810303,300,839,838,699
13.612447261810303,300,839,838,699
13.612447261810303,300,839,838,699
13.612447261810303,300,838,838,699
13.612447261810303,300,838,838,699
13.612447261810303,300,838,838,699
13.612447261810303,300,838,838,699
13.628462553024292,300,837,838,699
13.628462553024292,300,837,838,699
13.628462553024292,300,837,838,700
13.628462553024292,300,838,838,699
13.628462553024292,300,838,838,699
13.628462553024292,300,838,838,699
13.628462553024292,300,838,838,699
13.628462553024292,300,838,838,699
13.628462553024292,300,838,840,700
13.628462553024292,300,838,840,700
13.628462553024292,300,838,840,700
13.628462553024292,300,838,840,700
13.628462553024292,300,838,840,701
13.628462553024292,300,839,840,701
13.628462553024292,300,839,840,701
13.628462553024292,300,839,840,701
13.628462553024292,300,840,840,701
13.628462553024292,300,841,840,701
13.64458680152893,300,841,840,700
13.64458680152893,300,841,840,700
13.646613836288452,300,842,840,700
13.646613836288452,300,841,840,700
13.646613836288452,300,841,840,700
13.649128198623657,300,841,840,700
13.649128198623657,300,840,840,700
13.649128198623657,300,840,840,700
13.649128198623657,300,840,840,700
13.649128198623657,300,840,840,700
13.649128198623657,300,840,840,700
13.649128198623657,300,840,840,700
13.649128198623657,300,839,837,699
13.649128198623657,301,839,837,699
13.649128198623657,300,839,837,699
13.649128198623657,300,840,837,699
13.649128198623657,300,839,837,699
13.660367488861084,300,839,837,699
13.661607503890991,300,838,837,699
13.661866664886475,300,838,837,699
13.661866664886475,300,838,837,699
13.661866664886475,300,837,837,699
13.661866664886475,300,837,837,699
13.661866664886475,300,837,837,699
13.661866664886475,300,837,837,699
13.661866664886475,300,837,837,699
13.661866664886475,300,837,837,699
13.661866664886475,300,837,837,699
13.661866664886475,300,837,837,699
13.661866664886475,300,837,837,699
13.661866664886475,300,838,837,698
13.661866664886475,300,838,837,698
13.661866664886475,300,837,837,699
13.661866664886475,300,837,837,699
13.661866664886475,300,837,840,699
13.676017045974731,300,837,840,700
13.676017045974731,300,836,840,700
13.676017045974731,300,837,840,700
13.676017045974731,300,837,840,700
13.676017045974731,300,837,840,700
13.676017045974731,300,838,840,701
13.676017045974731,300,839,840,701
13.676017045974731,300,840,840,700
13.676017045974731,300,840,840,700
13.676017045974731,300,840,840,700
13.676017045974731,300,840,840,700
13.676017045974731,300,840,840,700
13.676017045974731,300,840,840,700
13.676017045974731,300,840,840,700
13.676017045974731,300,840,840,700
13.676017045974731,300,840,840,700
13.676017045974731,300,839,840,700
13.691677808761597,300,839,840,701
13.691677808761597,300,839,840,701
13.691677808761597,300,840,840,701
13.691677808761597,300,840,840,701
13.691677808761597,300,841,840,701
13.691677808761597,300,841,837,699
13.691677808761597,300,841,837,699
13.691677808761597,300,841,837,699
13.691677808761597,300,841,837,699
13.691677808761597,300,840,837,698
13.691677808761597,300,839,837,698
13.691677808761597,300,839,837,698
13.691677808761597,300,837,837,698
13.691677808761597,300,837,837,698
13.691677808761597,300,836,837,699
13.691677808761597,300,836,837,699
13.691677808761597,300,835,837,699
13.707809209823608,299,835,837,699
13.707809209823608,300,836,837,699
13.709673643112183,300,836,837,699
13.709673643112183,300,836,837,699
13.709673643112183,300,837,837,699
13.709673643112183,300,838,837,699
13.709673643112183,299,838,837,699
13.709673643112183,299,838,837,699
13.709673643112183,299,838,837,699
13.709673643112183,299,838,839,699
13.709673643112183,299,837,839,699
13.709673643112183,299,838,839,699
13.709673643112183,299,838,839,699
13.709673643112183,299,838,839,699
13.709673643112183,299,838,839,700
13.709673643112183,300,838,839,700
13.709673643112183,300,838,839,700
13.709673643112183,300,838,839,700
13.723634243011475,300,838,839,700
13.723634243011475,300,839,839,700
13.723634243011475,300,839,839,700
13.723634243011475,300,840,839,700
13.723634243011475,300,840,839,699
13.723634243011475,300,840,839,699
13.723634243011475,300,840,839,699
13.723634243011475,300,839,839,699
13.723634243011475,300,839,839,699
13.723634243011475,300,839,839,699
13.723634243011475,300,839,839,699
13.723634243011475,300,838,839,699
13.723634243011475,300,838,839,700
13.723634243011475,300,838,838,700
13.723634243011475,300,838,838,700
13.723634243011475,300,838,838,700
13.723634243011475,300,838,838,700
13.739564418792725,300,839,838,700
13.739564418792725,300,839,838,699
13.741091251373291,300,839,838,699
13.741686344146729,300,839,838,699
13.741686344146729,301,839,838,699
13.741686344146729,301,839,838,699
13.741686344146729,301,838,838,699
13.741686344146729,301,838,838,699
13.741686344146729,301,837,838,699
13.741686344146729,300,837,838,699
13.741686344146729,300,837,838,699
13.749228954315186,300,837,838,699
13.749228954315186,300,837,838,700
13.749228954315186,300,837,838,700
13.749228954315186,300,838,838,699
13.749228954315186,300,838,838,699
13.749228954315186,300,838,838,699
13.749228954315186,300,838,838,699
13.75541067123413,300,838,838,699
13.75541067123413,300,838,838,699
13.75541067123413,300,838,838,699
13.75541067123413,300,838,838,699
13.75541067123413,300,838,838,699
13.75541067123413,300,837,838,699
13.75541067123413,301,837,838,699
13.75541067123413,300,837,838,700
13.75541067123413,300,838,838,700
13.75541067123413,300,838,838,700
13.75541067123413,300,838,838,700
13.75541067123413,300,838,838,700
13.75541067123413,300,839,838,700
13.75541067123413,300,839,838,699
13.75541067123413,301,839,838,699
13.75541067123413,301,839,838,699
13.75541067123413,301,839,838,699
13.75541067123413,301,839,838,699
13.771260261535645,300,838,838,699
13.771260261535645,300,838,838,699
13.771260261535645,300,837,838,699
13.771260261535645,300,837,838,699
13.771260261535645,300,837,838,700
13.771260261535645,300,838,838,699
13.771260261535645,300,838,838,699
13.771260261535645,301,838,838,699
13.771260261535645,300,838,838,699
13.771260261535645,300,838,838,699
13.771260261535645,300,838,838,699
13.771260261535645,300,838,838,699
13.771260261535645,300,838,838,699
13.771260261535645,300,838,838,699
13.771260261535645,300,838,838,699
13.771260261535645,300,837,838,699
13.771260261535645,300,837,838,700
13.771260261535645,301,837,838,700
13.787980318069458,301,837,838,700
13.788305044174194,301,837,838,700
13.788305044174194,301,837,838,700
13.788305044174194,301,838,838,700
13.788305044174194,301,838,838,700
13.788305044174194,301,839,838,700
13.788305044174194,300,840,838,699
13.788305044174194,300,840,838,699
13.788305044174194,300,840,838,699
13.788305044174194,300,839,838,699
13.788305044174194,300,839,838,699
13.788305044174194,300,838,838,699
13.788305044174194,300,838,838,699
13.788305044174194,300,838,838,699
13.788305044174194,300,838,838,699
13.788305044174194,300,837,838,699
13.788305044174194,300,837,838,699
13.802703619003296,300,838,838,699
13.802703619003296,300,838,838,699
13.802703619003296,300,837,838,699
13.802703619003296,300,838,838,699
13.802703619003296,300,838,838,699
13.802703619003296,300,837,838,699
13.802703619003296,300,837,838,699
13.802703619003296,300,838,838,700
13.802703619003296,300,838,838,699
13.802703619003296,300,838,838,699
13.802703619003296,300,838,838,699
13.802703619003296,300,838,838,699
13.802703619003296,300,838,838,699
13.802703619003296,300,838,838,699
13.802703619003296,300,838,838,699
13.802703619003296,300,838,838,699
13.802703619003296,300,838,838,699
13.802703619003296,300,838,838,699
13.818546772003174,300,838,838,699
13.818546772003174,300,838,838,699
13.820560932159424,300,838,838,700
13.820560932159424,300,838,838,699
13.821852207183838,300,838,838,699
13.821852207183838,300,838,838,699
13.821852207183838,300,838,838,699
13.821852207183838,300,838,838,699
13.821852207183838,300,838,838,699
13.821852207183838,300,838,838,699
13.821852207183838,300,838,838,699
13.821852207183838,300,837,838,699
13.821852207183838,300,837,838,700
13.821852207183838,300,837,838,700
13.821852207183838,300,838,838,700
13.821852207183838,300,838,838,700
13.821852207183838,300,838,838,700
13.834482431411743,300,839,838,700
13.834482431411743,300,839,838,699
13.834482431411743,300,839,838,699
13.834482431411743,300,839,838,699
13.834482431411743,300,839,838,699
13.834482431411743,300,839,838,699
13.834482431411743,300,838,838,699
13.834482431411743,300,838,838,699
13.834482431411743,300,837,838,699
13.834482431411743,300,837,838,699
13.834482431411743,300,837,838,699
13.834482431411743,300,837,838,699
13.834482431411743,300,837,838,700
13.834482431411743,300,838,838,700
13.834482431411743,300,838,838,699
13.834482431411743,300,838,838,699
13.834482431411743,300,838,838,699
13.849481344223022,300,839,838,699
13.850499391555786,300,839,838,699
13.850499391555786,300,838,838,699
13.850499391555786,301,838,838,699
13.850499391555786,300,838,838,699
13.850499391555786,300,838,838,699
13.850499391555786,300,838,838,699
13.850499391555786,300,838,838,699
13.850499391555786,300,837,838,699
13.850499391555786,300,837,838,700
13.850499391555786,300,837,838,700
13.850499391555786,301,837,838,700
13.850499391555786,300,838,838,700
13.850499391555786,301,838,838,700
13.850499391555786,301,839,838,699
13.850499391555786,301,839,838,699
13.850499391555786,301,839,838,699
13.850499391555786,301,839,838,699
13.850499391555786,301,838,838,699
13.866286039352417,301,838,838,699
13.867916822433472,301,838,838,699
13.868358850479126,300,837,838,699
13.868358850479126,300,837,838,699
13.868358850479126,300,837,838,699
13.868358850479126,300,837,838,699
13.868358850479126,300,838,838,700
13.868358850479126,301,837,838,700
13.868358850479126,301,838,838,699
13.868358850479126,301,838,838,699
13.868358850479126,301,838,839,700
13.868358850479126,301,838,839,700
13.868358850479126,300,838,839,700
13.868358850479126,300,838,839,700
13.868358850479126,300,839,839,700
13.868358850479126,300,839,839,700
13.868358850479126,300,839,839,700
13.882023572921753,300,839,839,700
13.882853984832764,300,839,839,700
13.882853984832764,300,839,839,700
13.882853984832764,300,839,839,700
13.882853984832764,300,840,839,700
13.882853984832764,300,840,839,699
13.882853984832764,300,839,839,699
13.882853984832764,300,839,839,700
13.882853984832764,300,839,839,700
13.882853984832764,300,839,839,700
13.882853984832764,300,839,839,700
13.882853984832764,300,839,839,700
13.882853984832764,300,839,839,700
13.882853984832764,300,839,839,700
13.882853984832764,300,839,839,700
13.882853984832764,300,839,839,700
13.882853984832764,300,839,837,699
13.882853984832764,300,839,837,699
13.897685527801514,300,839,837,699
13.897685527801514,300,839,837,699
13.897685527801514,300,839,837,698
13.897685527801514,300,838,837,698
13.897685527801514,300,838,837,698
13.897685527801514,300,838,837,698
13.897685527801514,300,837,837,698
13.897685527801514,300,836,837,698
13.897685527801514,300,836,837,698
13.897685527801514,300,835,837,699
13.897685527801514,300,835,837,699
13.897685527801514,300,835,837,699
13.897685527801514,300,835,837,699
13.897685527801514,300,836,837,700
13.897685527801514,300,837,837,699
13.897685527801514,300,837,837,699
13.897685527801514,299,838,837,699
13.914055824279785,299,838,837,699
13.914745092391968,299,838,837,699
13.914745092391968,299,838,837,699
13.914745092391968,299,838,839,699
13.914745092391968,300,838,839,699
13.914745092391968,300,837,839,700
13.914745092391968,300,837,839,700
13.914745092391968,300,837,839,700
13.914745092391968,300,838,839,700
13.914745092391968,300,838,839,700
13.914745092391968,300,839,839,700
13.914745092391968,300,839,839,700
13.914745092391968,300,839,839,700
13.914745092391968,300,839,839,700
13.914745092391968,300,840,839,700
13.914745092391968,300,840,839,700
13.914745092391968,300,840,839,700
13.929218053817749,300,840,839,699
13.929218053817749,300,840,839,699
13.929218053817749,300,839,839,699
13.929218053817749,300,839,839,699
13.929218053817749,300,839,839,699
13.929218053817749,300,838,839,700
13.929218053817749,300,838,839,700
13.929218053817749,300,838,839,700
13.929218053817749,300,838,838,700
13.929218053817749,300,838,838,700
13.929218053817749,300,838,838,700
13.929218053817749,300,839,838,699
13.929218053817749,300,839,838,699
13.929218053817749,300,839,838,699
13.929218053817749,300,840,838,699
13.929218053817749,300,839,838,699
13.929218053817749,300,839,838,699
13.929218053817749,300,838,838,699
13.945015907287598,300,838,838,699
13.946313381195068,300,837,838,699
13.947450876235962,300,837,838,699
13.948219776153564,300,837,838,699
13.948219776153564,300,837,838,699
13.949730396270752,300,837,838,700
13.949730396270752,300,837,838,700
13.949730396270752,300,838,838,699
13.949730396270752,300,838,838,699
13.949730396270752,300,838,838,699
13.949730396270752,300,839,838,699
13.949730396270752,300,838,838,699
13.949730396270752,300,838,838,699
13.949730396270752,300,838,838,699
13.949730396270752,300,838,838,699
13.949730396270752,300,837,838,700
13.949730396270752,300,838,838,700
13.960678100585938,300,838,838,700
13.960678100585938,300,838,838,700
13.960678100585938,300,838,838,700
13.960678100585938,300,838,838,700
13.960678100585938,300,839,838,699
13.960678100585938,301,839,838,699
13.960678100585938,301,839,838,699
13.960678100585938,301,839,838,699
13.960678100585938,301,839,838,699
13.960678100585938,301,839,838,699
13.960678100585938,301,838,838,699
13.960678100585938,301,838,838,699
13.960678100585938,300,837,838,699
13.960678100585938,300,838,838,699
13.960678100585938,301,838,838,699
13.960678100585938,300,837,838,699
13.960678100585938,301,838,838,699
13.960678100585938,301,837,839,699
13.977369785308838,301,837,839,700
13.977894067764282,300,838,839,700
13.977894067764282,301,838,839,700
13.977894067764282,301,838,839,700
13.977894067764282,301,838,839,700
13.977894067764282,301,839,839,700
13.977894067764282,301,839,839,700
13.977894067764282,301,839,839,700
13.977894067764282,301,840,839,700
13.977894067764282,301,840,839,700
13.977894067764282,301,839,839,699
13.977894067764282,301,839,839,700
13.977894067764282,301,839,839,700
13.977894067764282,301,839,839,700
13.977894067764282,301,839,839,700
13.977894067764282,300,839,839,700
13.977894067764282,300,839,839,700
13.977894067764282,300,839,839,700
13.992780208587646,300,839,839,700
13.992780208587646,300,839,839,700
13.992780208587646,300,839,839,700
13.992780208587646,300,839,837,699
13.992780208587646,300,840,837,699
13.992780208587646,300,840,837,699
13.992780208587646,300,839,837,699
13.992780208587646,300,839,837,699
13.992780208587646,300,839,837,698
13.992780208587646,300,838,837,698
13.992780208587646,300,838,837,698
13.992780208587646,301,837,837,698
13.992780208587646,300,837,837,698
13.992780208587646,300,836,837,698
13.992780208587646,300,836,837,699
13.992780208587646,300,835,837,699
13.992780208587646,300,835,837,699
14.008539915084839,300,835,837,699
14.008539915084839,300,836,837,699
14.008539915084839,299,836,837,699
14.008539915084839,299,837,837,699
14.008539915084839,299,837,837,699
14.008539915084839,299,837,837,699
14.008539915084839,300,838,837,699
14.008539915084839,300,838,837,699
14.008539915084839,300,838,840,700
14.008539915084839,300,838,840,700
14.008539915084839,300,838,840,700
14.008539915084839,300,838,840,700
14.008539915084839,300,838,840,700
14.008539915084839,300,838,840,700
14.008539915084839,300,839,840,700
14.008539915084839,300,839,840,700
14.008539915084839,300,839,840,700
14.024211406707764,300,840,840,700
14.024211406707764,300,840,840,700
14.024211406707764,300,840,840,700
14.024211406707764,300,839,840,701
14.027930736541748,300,840,840,700
14.027930736541748,300,839,840,700
14.027930736541748,300,839,840,701
14.027930736541748,300,839,840,701
14.027930736541748,300,839,840,701
14.027930736541748,300,839,840,701
14.027930736541748,300,840,840,701
14.027930736541748,300,841,840,700
14.027930736541748,300,841,840,700
14.027930736541748,300,841,837,700
14.027930736541748,300,841,837,699
14.027930736541748,300,840,837,699
14.027930736541748,300,840,837,699
14.03994631767273,300,840,837,699
14.040927171707153,300,839,837,699
14.040927171707153,300,838,837,699
14.040927171707153,300,838,837,699
14.040927171707153,300,837,837,699
14.040927171707153,300,837,837,699
14.040927171707153,300,837,837,699
14.040927171707153,300,837,837,699
14.040927171707153,300,837,837,699
14.040927171707153,300,837,837,699
14.049754619598389,300,837,837,699
14.049754619598389,300,837,837,699
14.049754619598389,300,837,837,699
14.049754619598389,300,837,837,699
14.049754619598389,300,837,837,699
14.049754619598389,300,837,837,699
14.049754619598389,300,837,837,699
14.049754619598389,300,837,837,699
14.055734872817993,300,837,840,699
14.055734872817993,300,837,840,700
14.058123111724854,300,837,840,700
14.058944463729858,300,837,840,700
14.058944463729858,300,837,840,700
14.058944463729858,300,837,840,700
14.058944463729858,301,838,840,701
14.058944463729858,301,839,840,701
14.058944463729858,301,839,840,701
14.058944463729858,301,840,840,700
14.058944463729858,301,840,840,700
14.058944463729858,301,840,840,700
14.058944463729858,301,840,840,700
14.058944463729858,301,840,840,700
14.058944463729858,300,840,840,700
14.058944463729858,300,840,840,700
14.058944463729858,300,839,840,701
14.058944463729858,300,839,840,701
14.072666645050049,300,839,840,701
14.072666645050049,301,839,840,701
14.072666645050049,301,840,840,701
14.072666645050049,301,840,840,701
14.072666645050049,301,841,838,700
14.072666645050049,301,841,838,700
14.072666645050049,301,841,838,700
14.072666645050049,301,841,838,699
14.072666645050049,301,841,838,699
14.072666645050049,301,840,838,699
14.072666645050049,301,840,838,699
14.072666645050049,301,839,838,699
14.072666645050049,301,839,838,699
14.072666645050049,301,838,838,699
14.072666645050049,301,837,838,699
14.072666645050049,301,837,838,700
14.072666645050049,301,837,838,700
14.087634563446045,301,837,838,700
14.088672161102295,301,838,838,700
14.089773654937744,301,838,838,700
14.090763568878174,301,838,838,700
14.092026472091675,301,839,838,700
14.09264588356018,301,839,838,699
14.093422889709473,301,839,838,699
14.093422889709473,301,839,838,699
14.093422889709473,301,839,838,699
14.093422889709473,301,838,839,699
14.093422889709473,301,838,839,699
14.093422889709473,301,837,839,700
14.093422889709473,301,837,839,700
14.093422889709473,301,837,839,700
14.093422889709473,301,837,839,700
14.093422889709473,301,838,839,700
14.093422889709473,301,839,839,700
14.103351354598999,301,839,839,700
14.103351354598999,301,839,839,700
14.103351354598999,301,839,839,700
14.103351354598999,301,839,839,700
14.103351354598999,301,839,839,700
14.103351354598999,301,839,839,700
14.103351354598999,300,839,839,700
14.103351354598999,300,839,839,700
14.103351354598999,300,839,839,700
14.103351354598999,300,839,839,700
14.103351354598999,300,839,839,700
14.103351354598999,300,839,839,700
14.103351354598999,300,839,839,700
14.103351354598999,300,839,839,700
14.103351354598999,300,839,839,700
14.103351354598999,300,839,837,699
14.103351354598999,300,839,837,699
14.103351354598999,300,839,837,699
14.119647026062012,300,839,837,699
14.1201753616333,300,839,837,699
14.1201753616333,300,838,837,699
14.1201753616333,300,838,837,699
14.1201753616333,300,837,837,699
14.1201753616333,300,837,837,699
14.1201753616333,300,837,837,699
14.1201753616333,300,837,837,699
14.1201753616333,300,837,837,699
14.1201753616333,300,837,837,699
14.1201753616333,300,837,837,699
14.1201753616333,300,837,837,699
14.1201753616333,300,837,837,699
14.1201753616333,300,837,837,699
14.1201753616333,300,837,837,699
14.1201753616333,300,837,837,699
14.1201753616333,300,837,837,699
14.1201753616333,300,837,837,699
14.135245323181152,300,837,837,699
14.135245323181152,300,837,840,700
14.135245323181152,300,837,840,700
14.135245323181152,300,837,840,700
14.135245323181152,300,838,840,700
14.135245323181152,300,838,840,700
14.135245323181152,300,838,840,700
14.135245323181152,300,839,840,701
14.135245323181152,300,839,840,701
14.135245323181152,301,839,840,701
14.135245323181152,301,840,840,701
14.135245323181152,301,840,840,700
14.135245323181152,301,840,840,700
14.135245323181152,301,840,840,700
14.135245323181152,301,840,840,700
14.150049924850464,301,839,840,700
14.150049924850464,300,839,840,701
14.151066541671753,300,839,840,701
14.152192115783691,300,839,840,701
14.152447700500488,300,839,840,701
14.152447700500488,300,840,840,701
14.152447700500488,300,840,840,701
14.152447700500488,301,840,840,701
14.152447700500488,301,841,838,700
14.152447700500488,301,841,838,700
14.152447700500488,301,841,838,700
14.152447700500488,301,841,838,699
14.152447700500488,301,841,838,699
14.152447700500488,300,840,838,699
14.152447700500488,300,839,838,699
14.152447700500488,301,839,838,699
14.152447700500488,301,838,838,699
14.152447700500488,300,837,838,699
14.152447700500488,300,837,838,699
14.167006731033325,300,837,838,700
14.167006731033325,300,837,838,700
14.167006731033325,300,837,838,700
14.167006731033325,300,838,838,700
14.167006731033325,300,838,838,700
14.167006731033325,300,838,838,700
14.167006731033325,300,839,838,699
14.167006731033325,300,839,838,699
14.167006731033325,300,839,838,699
14.167006731033325,300,839,838,699
14.167006731033325,300,839,838,699
14.167006731033325,300,838,839,699
14.167006731033325,300,838,839,700
14.167006731033325,300,837,839,700
14.167006731033325,300,837,839,700
14.167006731033325,300,837,839,700
14.167006731033325,300,838,839,700
14.167006731033325,300,839,839,700
14.182857751846313,300,839,839,700
14.182857751846313,300,839,839,700
14.182857751846313,301,839,839,700
14.182857751846313,301,839,839,700
14.182857751846313,300,839,839,700
14.182857751846313,300,839,839,700
14.182857751846313,300,839,839,700
14.182857751846313,300,839,839,700
14.182857751846313,300,839,839,700
14.182857751846313,300,839,839,700
14.182857751846313,300,839,839,700
14.182857751846313,300,839,839,700
14.182857751846313,300,839,839,700
14.182857751846313,300,839,839,700
14.182857751846313,300,839,839,700
14.182857751846313,300,839,839,700
14.182857751846313,300,839,839,700
14.182857751846313,300,839,839,700
14.198513269424438,300,839,839,700
14.198513269424438,300,839,839,700
14.198513269424438,300,839,839,700
14.198513269424438,300,839,839,700
14.198513269424438,300,839,839,700
14.198513269424438,300,839,839,700
14.198513269424438,300,839,839,700
14.198513269424438,300,839,839,700
14.198513269424438,300,839,839,700
14.20656132698059,300,839,839,700
14.20681643486023,300,839,839,700
14.20681643486023,300,839,839,700
14.20681643486023,300,839,839,700
14.20681643486023,300,839,839,700
14.20681643486023,300,839,839,700
14.20681643486023,300,839,839,700
14.20681643486023,300,839,839,700
14.20681643486023,300,839,839,700
14.214298009872437,300,839,839,700
14.214298009872437,300,839,839,700
14.214298009872437,300,839,839,700
14.214298009872437,300,839,839,700
14.214298009872437,300,839,839,700
14.214298009872437,300,839,839,700
14.214298009872437,300,839,839,700
14.214298009872437,300,839,839,700
14.214298009872437,300,839,839,700
14.214298009872437,300,839,839,700
14.214298009872437,300,839,839,700
14.214298009872437,300,839,839,700
14.214298009872437,300,840,839,700
14.214298009872437,300,839,839,700
14.214298009872437,300,839,839,700
14.214298009872437,300,839,839,700
14.214298009872437,300,839,839,700
14.214298009872437,299,839,839,700
14.230043172836304,299,839,839,700
14.231539726257324,299,839,839,700
14.231539726257324,299,839,839,700
14.231539726257324,299,839,839,700
14.231539726257324,299,839,839,700
14.231539726257324,299,839,839,700
14.231539726257324,299,839,838,700
14.231539726257324,300,839,838,700
14.231539726257324,300,840,838,700
14.231539726257324,300,839,838,699
14.231539726257324,300,839,838,699
14.231539726257324,300,839,838,699
14.231539726257324,300,838,838,699
14.231539726257324,300,838,838,699
14.231539726257324,300,838,838,699
14.231539726257324,300,838,838,699
14.231539726257324,300,837,838,700
14.245792865753174,300,837,838,700
14.245792865753174,300,837,838,700
14.247817754745483,300,837,838,700
14.247817754745483,300,838,838,700
14.247817754745483,300,838,838,700
14.250331163406372,300,838,838,700
14.250331163406372,300,838,838,700
14.250331163406372,300,839,838,699
14.250331163406372,300,839,838,699
14.250331163406372,300,839,838,699
14.250331163406372,300,839,838,699
14.250331163406372,300,839,838,699
14.250331163406372,300,838,840,700
14.250331163406372,300,837,840,700
14.250331163406372,300,837,840,700
14.250331163406372,300,837,840,701
14.250331163406372,300,838,840,701
14.261917352676392,300,839,840,701
14.261917352676392,300,839,840,701
14.261917352676392,300,840,840,700
14.261917352676392,300,840,840,700
14.261917352676392,300,841,840,700
14.261917352676392,300,841,840,700
14.261917352676392,300,840,840,700
14.261917352676392,300,840,840,700
14.261917352676392,300,840,840,700
14.261917352676392,300,839,840,700
14.261917352676392,300,838,840,701
14.261917352676392,300,838,840,701
14.261917352676392,300,838,840,701
14.261917352676392,300,840,840,701
14.261917352676392,300,840,840,701
14.261917352676392,300,841,840,701
14.261917352676392,300,841,837,700
14.261917352676392,300,841,837,699
14.277616500854492,300,841,837,699
14.279268264770508,300,841,837,699
14.279973030090332,300,841,837,699
14.279973030090332,301,840,837,698
14.279973030090332,301,839,837,698
14.279973030090332,300,838,837,698
14.279973030090332,300,837,837,698
14.279973030090332,300,837,837,699
14.279973030090332,300,836,837,699
14.279973030090332,301,836,837,699
14.279973030090332,301,836,837,699
14.279973030090332,301,836,837,699
14.279973030090332,301,836,837,699
14.279973030090332,301,837,837,699
14.279973030090332,301,837,837,699
14.279973030090332,300,837,837,699
14.279973030090332,300,837,837,699
14.293278217315674,300,837,837,699
14.293278217315674,300,837,837,699
14.293278217315674,300,837,837,699
14.293278217315674,300,837,840,700
14.293278217315674,300,837,840,700
14.293278217315674,300,837,840,700
14.293278217315674,300,838,840,700
14.293278217315674,300,838,840,700
14.293278217315674,300,838,840,700
14.293278217315674,300,839,840,701
14.293278217315674,300,839,840,700
14.293278217315674,300,839,840,701
14.293278217315674,300,840,840,700
14.293278217315674,301,840,840,700
14.293278217315674,301,840,840,700
14.293278217315674,301,840,840,700
14.293278217315674,301,840,840,700
14.293278217315674,301,839,840,700
14.309093713760376,300,839,840,701
14.309093713760376,300,839,840,701
14.309093713760376,300,839,840,701
14.309093713760376,300,839,840,701
14.309093713760376,300,840,840,701
14.309093713760376,300,840,840,701
14.309093713760376,300,841,840,700
14.309093713760376,300,841,840,700
14.309093713760376,300,841,837,699
14.309093713760376,300,841,837,699
14.309093713760376,300,840,837,699
14.309093713760376,301,840,837,699
14.309093713760376,301,839,837,699
14.309093713760376,300,839,837,699
14.309093713760376,300,838,837,699
14.309093713760376,300,838,837,699
14.309093713760376,300,837,837,699
14.324859857559204,300,837,837,699
14.324859857559204,300,837,837,699
14.324859857559204,300,837,837,699
14.324859857559204,300,837,837,699
14.324859857559204,300,837,837,699
14.324859857559204,300,837,837,699
14.324859857559204,300,837,837,699
14.324859857559204,300,837,837,699
14.324859857559204,300,837,837,699
14.324859857559204,300,837,837,699
14.324859857559204,300,837,837,699
14.324859857559204,300,837,837,699
14.324859857559204,300,837,837,699
14.324859857559204,300,837,840,699
14.324859857559204,300,837,840,700
14.324859857559204,300,837,840,700
14.324859857559204,300,837,840,700
14.324859857559204,300,837,840,700
14.341569900512695,300,838,840,701
14.34239935874939,300,838,840,701
14.34239935874939,300,839,840,701
14.34239935874939,300,839,840,701
14.34239935874939,300,840,840,701
14.34239935874939,300,840,840,701
14.34239935874939,300,840,840,701
14.34239935874939,301,841,840,701
14.34239935874939,301,841,840,700
14.34239935874939,300,841,840,700
14.350463390350342,300,840,840,700
14.350463390350342,300,840,840,700
14.350463390350342,300,840,840,700
14.350463390350342,300,839,840,700
14.350463390350342,300,840,840,701
14.350463390350342,300,840,840,701
14.350463390350342,300,839,840,701
14.356674194335938,300,839,837,700
14.356674194335938,300,840,837,700
14.356674194335938,300,840,837,699
14.356674194335938,300,840,837,699
14.356674194335938,300,841,837,699
14.356674194335938,300,840,837,699
14.356674194335938,300,839,837,699
14.356674194335938,300,838,837,699
14.356674194335938,300,838,837,699
14.356674194335938,300,837,837,699
14.356674194335938,300,837,837,699
14.356674194335938,300,837,837,699
14.356674194335938,300,837,837,699
14.356674194335938,300,837,837,699
14.356674194335938,300,837,837,699
14.356674194335938,300,837,837,699
14.356674194335938,300,837,837,699
14.356674194335938,299,837,837,699
14.37302541732788,299,837,837,699
14.373307466506958,299,837,837,699
14.373307466506958,299,837,837,699
14.373307466506958,300,837,837,699
14.373307466506958,300,837,840,700
14.373307466506958,300,837,840,700
14.373307466506958,300,837,840,700
14.373307466506958,300,837,840,700
14.373307466506958,300,838,840,700
14.373307466506958,300,838,840,700
14.373307466506958,300,838,840,700
14.373307466506958,300,839,840,700
14.373307466506958,300,839,840,700
14.373307466506958,300,839,840,701
14.373307466506958,300,840,840,700
14.373307466506958,301,839,840,701
14.373307466506958,301,839,840,701
14.388148546218872,301,839,840,701
14.388148546218872,300,839,840,701
14.388148546218872,300,840,840,701
14.388148546218872,300,840,840,701
14.388148546218872,300,841,840,701
14.388148546218872,300,841,840,700
14.388148546218872,300,841,840,700
14.388148546218872,300,841,840,700
14.388148546218872,300,841,840,700
14.388148546218872,300,840,837,699
14.388148546218872,300,840,837,699
14.388148546218872,300,840,837,699
14.388148546218872,300,839,837,699
14.388148546218872,300,838,837,699
14.388148546218872,300,838,837,699
14.388148546218872,300,837,837,699
14.388148546218872,300,837,837,699
14.388148546218872,301,837,837,699
14.40409255027771,300,837,837,699
14.40409255027771,300,837,837,699
14.40409255027771,300,837,837,699
14.40409255027771,300,837,837,699
14.40409255027771,300,837,837,699
14.40409255027771,301,837,837,699
14.40409255027771,300,837,837,699
14.40409255027771,300,837,837,699
14.40409255027771,300,837,837,699
14.40409255027771,300,837,837,699
14.40409255027771,300,837,837,699
14.40409255027771,300,837,837,699
14.40409255027771,301,837,837,699
14.40409255027771,301,837,837,699
14.40409255027771,301,837,841,700
14.40409255027771,301,837,841,701
14.40409255027771,301,837,841,701
14.40409255027771,301,837,841,701
14.420071601867676,301,838,841,701
14.420071601867676,301,839,841,701
14.420071601867676,300,840,841,701
14.420071601867676,300,841,841,701
14.420071601867676,300,841,841,701
14.420071601867676,300,841,841,701
14.420071601867676,301,841,841,701
14.420071601867676,301,841,841,701
14.420071601867676,301,841,841,701
14.420071601867676,301,841,841,701
14.420071601867676,301,841,841,701
14.420071601867676,300,841,841,701
14.420071601867676,300,841,841,701
14.420071601867676,300,841,841,701
14.420071601867676,300,841,841,701
14.420071601867676,300,841,841,701
14.420071601867676,300,841,841,701
14.436149835586548,300,841,841,701
14.43820858001709,300,841,836,700
14.43820858001709,300,841,836,700
14.43820858001709,300,841,836,699
14.43820858001709,300,840,836,699
14.43820858001709,300,840,836,699
14.43820858001709,300,839,836,698
14.43820858001709,299,839,836,698
14.43820858001709,299,838,836,698
14.43820858001709,299,837,836,698
14.43820858001709,299,836,836,698
14.43820858001709,299,836,836,698
14.43820858001709,299,836,836,698
14.43820858001709,299,836,836,698
14.43820858001709,299,835,836,699
14.43820858001709,299,836,836,699
14.45048213005066,299,836,836,698
14.45048213005066,299,836,836,698
14.452281475067139,299,836,836,698
14.453110456466675,299,836,836,698
14.453110456466675,299,836,836,698
14.453110456466675,299,836,836,698
14.453110456466675,299,836,836,698
14.453110456466675,299,835,840,699
14.453110456466675,299,835,840,700
14.453110456466675,299,835,840,700
14.453110456466675,299,836,840,701
14.453110456466675,300,836,840,701
14.453110456466675,300,837,840,701
14.453110456466675,300,838,840,701
14.453110456466675,300,839,840,701
14.453110456466675,300,840,840,701
14.453110456466675,300,841,840,701
14.453110456466675,300,841,840,701
14.453110456466675,300,841,840,701
14.453110456466675,300,841,840,700
14.468214273452759,300,841,840,700
14.46917200088501,300,841,840,700
14.46917200088501,300,840,840,700
14.46917200088501,300,840,840,700
14.46917200088501,300,840,840,700
14.46917200088501,300,839,840,701
14.46917200088501,300,839,840,701
14.46917200088501,300,839,840,701
14.46917200088501,300,839,840,701
14.46917200088501,300,839,837,700
14.46917200088501,300,840,837,700
14.46917200088501,300,840,837,700
14.46917200088501,300,840,837,699
14.46917200088501,300,840,837,699
14.46917200088501,300,840,837,699
14.46917200088501,300,840,837,699
14.46917200088501,300,839,837,699
14.48408579826355,300,839,837,698
14.48408579826355,300,838,837,698
14.48408579826355,300,838,837,698
14.48408579826355,300,837,837,698
14.48408579826355,300,837,837,699
14.48408579826355,300,836,837,699
14.48408579826355,301,836,837,699
14.48408579826355,301,836,837,699
14.48408579826355,300,836,837,699
14.48408579826355,300,837,837,699
14.48408579826355,300,837,837,699
14.48408579826355,300,837,837,699
14.48408579826355,300,837,837,699
14.48408579826355,300,838,837,699
14.48408579826355,300,838,840,699
14.48408579826355,300,837,840,700
14.48408579826355,300,837,840,700
14.49972653388977,301,837,840,700
14.501173973083496,301,838,840,700
14.501837968826294,301,839,840,700
14.501837968826294,301,839,840,700
14.501837968826294,300,839,840,700
14.501837968826294,301,840,840,700
14.501837968826294,301,840,840,700
14.501837968826294,301,840,840,700
14.501837968826294,301,840,840,700
14.501837968826294,301,840,840,700
14.501837968826294,301,840,840,700
14.501837968826294,301,839,840,700
14.501837968826294,301,839,840,701
14.501837968826294,301,839,840,701
14.501837968826294,300,839,840,701
14.501837968826294,300,840,840,701
14.501837968826294,300,840,840,701
14.515557765960693,300,841,840,701
14.515557765960693,300,841,840,700
14.515557765960693,300,841,837,700
14.515557765960693,300,841,837,699
14.515557765960693,300,841,837,699
14.515557765960693,301,840,837,699
14.515557765960693,300,840,837,698
14.515557765960693,300,839,837,698
14.515557765960693,300,838,837,698
14.515557765960693,300,837,837,698
14.515557765960693,300,836,837,699
14.515557765960693,300,836,837,699
14.515557765960693,300,836,837,699
14.515557765960693,300,836,837,699
14.515557765960693,300,836,837,699
14.515557765960693,300,836,837,699
14.515557765960693,300,837,837,699
14.515557765960693,300,837,837,699
14.531224966049194,300,837,837,699
14.531224966049194,300,838,837,699
14.531224966049194,300,838,837,699
14.531224966049194,300,838,837,699
14.531224966049194,300,837,837,699
14.531224966049194,300,837,837,699
14.531224966049194,300,837,840,700
14.531224966049194,300,837,840,700
14.531224966049194,300,838,840,700
14.531224966049194,300,838,840,700
14.531224966049194,300,838,840,700
14.531224966049194,300,838,840,700
14.531224966049194,300,839,840,700
14.531224966049194,299,839,840,700
14.531224966049194,300,840,840,700
14.531224966049194,300,840,840,700
14.531224966049194,300,840,840,700
14.54705548286438,300,840,840,700
14.54705548286438,300,840,840,700
14.54705548286438,300,839,840,700
14.54705548286438,300,839,840,701
14.550567865371704,300,839,840,701
14.550567865371704,300,839,840,701
14.550567865371704,299,839,840,701
14.550567865371704,299,840,840,701
14.550567865371704,299,840,840,701
14.550567865371704,299,841,840,701
14.550567865371704,299,841,840,700
14.550567865371704,299,841,837,700
14.550567865371704,299,842,837,699
14.550567865371704,299,841,837,699
14.550567865371704,299,840,837,699
14.550567865371704,299,840,837,699
14.550567865371704,299,839,837,698
14.550567865371704,299,838,837,699
14.563645124435425,299,837,837,698
14.56409239768982,299,837,837,699
14.56409239768982,299,837,837,699
14.56409239768982,299,837,837,699
14.56409239768982,299,837,837,699
14.56409239768982,299,837,837,699
14.56409239768982,299,836,837,699
14.56409239768982,299,837,837,699
14.56409239768982,299,837,837,699
14.56409239768982,299,837,837,699
14.56409239768982,299,837,837,699
14.56409239768982,299,838,837,699
14.56409239768982,299,838,837,698
14.56409239768982,299,837,837,698
14.56409239768982,299,837,837,699
14.56409239768982,299,837,840,699
14.56409239768982,299,837,840,700
14.578715085983276,299,836,840,700
14.578715085983276,300,837,840,700
14.578715085983276,300,837,840,700
14.578715085983276,300,838,840,701
14.578715085983276,300,839,840,701
14.578715085983276,300,839,840,701
14.578715085983276,300,839,840,701
14.578715085983276,300,840,840,701
14.578715085983276,300,840,840,701
14.578715085983276,300,841,840,700
14.578715085983276,300,841,840,700
14.578715085983276,300,841,840,700
14.578715085983276,300,841,840,700
14.578715085983276,300,840,840,700
14.578715085983276,300,840,840,700
14.578715085983276,300,839,840,700
14.578715085983276,300,839,840,700
14.594598054885864,300,839,840,700
14.595390796661377,300,839,840,700
14.596424341201782,300,840,840,700
14.596424341201782,300,839,837,700
14.596424341201782,301,840,837,700
14.596424341201782,301,839,837,699
14.596424341201782,301,839,837,699
14.596424341201782,301,839,837,699
14.596424341201782,301,839,837,699
14.596424341201782,300,839,837,699
14.596424341201782,300,838,837,699
14.596424341201782,300,838,837,699
14.596424341201782,300,838,837,699
14.596424341201782,301,837,837,699
14.596424341201782,301,838,837,699
14.596424341201782,301,838,837,699
14.596424341201782,301,837,837,698
14.596424341201782,301,837,837,699
14.610342025756836,301,838,837,698
14.610342025756836,301,837,837,698
14.610342025756836,301,837,837,698
14.610342025756836,300,837,837,698
14.610342025756836,300,837,837,698
14.610342025756836,300,836,837,698
14.610342025756836,300,836,837,699
14.610342025756836,300,836,840,700
14.610342025756836,301,836,840,700
14.610342025756836,300,836,840,700
14.610342025756836,300,837,840,701
14.610342025756836,300,838,840,701
14.610342025756836,300,839,840,701
14.610342025756836,301,839,840,701
14.610342025756836,301,840,840,700
14.610342025756836,301,841,840,700
14.610342025756836,301,841,840,700
14.62602972984314,301,841,840,700
14.62602972984314,301,841,840,700
14.62602972984314,301,841,840,700
14.62602972984314,301,840,840,700
14.62602972984314,301,839,840,700
14.62602972984314,301,839,840,700
14.62602972984314,301,839,840,700
14.62602972984314,300,839,840,700
14.62602972984314,300,839,840,701
14.62602972984314,300,839,840,701
14.62602972984314,300,839,840,701
14.62602972984314,300,840,840,701
14.62602972984314,300,840,837,700
14.62602972984314,300,841,837,700
14.62602972984314,300,840,837,699
14.62602972984314,300,840,837,699
14.62602972984314,300,840,837,699
14.641732454299927,300,839,837,698
14.641732454299927,300,839,837,698
14.641732454299927,300,838,837,699
14.641732454299927,300,838,837,698
14.641732454299927,300,837,837,699
14.641732454299927,300,836,837,699
14.641732454299927,300,836,837,699
14.641732454299927,300,836,837,699
14.641732454299927,300,836,837,699
14.641732454299927,300,837,837,699
14.650553941726685,300,837,837,699
14.650553941726685,300,837,837,699
14.650553941726685,300,837,837,699
14.650553941726685,300,838,837,699
14.650553941726685,299,837,837,699
14.650553941726685,299,837,837,699
14.650553941726685,299,837,837,699
14.650553941726685,299,838,839,699
14.658184289932251,299,837,839,699
14.658689260482788,299,837,839,700
14.658689260482788,299,837,839,700
14.658689260482788,300,838,839,700
14.658689260482788,300,838,839,700
14.658689260482788,300,838,839,700
14.658689260482788,300,839,839,700
14.658689260482788,300,839,839,700
14.658689260482788,300,839,839,700
14.658689260482788,300,839,839,700
14.658689260482788,300,840,839,700
14.658689260482788,300,840,839,700
14.658689260482788,300,840,839,700
14.658689260482788,300,839,839,700
14.658689260482788,300,839,839,700
14.658689260482788,300,839,839,700
14.658689260482788,300,838,839,700
14.673257827758789,300,838,839,700
14.673257827758789,300,839,839,700
14.673257827758789,300,839,839,700
14.673257827758789,299,839,839,700
14.673257827758789,299,839,837,699
14.673257827758789,299,840,837,699
14.673257827758789,299,840,837,699
14.673257827758789,299,839,837,699
14.673257827758789,299,839,837,699
14.673257827758789,299,838,837,699
14.673257827758789,299,838,837,699
14.673257827758789,299,837,837,699
14.673257827758789,299,838,837,699
14.673257827758789,299,838,837,699
14.673257827758789,299,837,837,698
14.673257827758789,299,838,837,699
14.673257827758789,300,837,837,698
14.673257827758789,300,837,837,699
14.689234256744385,300,837,837,699
14.689234256744385,300,837,837,699
14.689234256744385,300,837,837,699
14.689234256744385,300,837,837,699
14.689234256744385,300,837,837,699
14.689234256744385,300,837,837,699
14.689234256744385,300,837,837,699
14.689234256744385,300,837,837,699
14.689234256744385,300,837,839,699
14.689234256744385,300,837,839,699
14.689234256744385,300,837,839,699
14.689234256744385,300,838,839,699
14.689234256744385,300,838,839,699
14.689234256744385,300,837,839,700
14.689234256744385,300,837,839,700
14.689234256744385,300,837,839,700
14.689234256744385,300,837,839,700
14.705095529556274,300,838,839,700
14.705095529556274,301,839,839,700
14.705095529556274,301,839,839,700
14.705095529556274,301,839,839,700
14.705095529556274,301,839,839,700
14.705095529556274,301,839,839,700
14.705095529556274,301,839,839,700
14.705095529556274,301,839,839,700
14.705095529556274,301,839,839,700
14.705095529556274,301,839,839,700
14.705095529556274,301,839,839,700
14.705095529556274,300,839,839,700
14.705095529556274,301,840,839,700
14.705095529556274,301,840,838,699
14.705095529556274,301,840,838,699
14.705095529556274,301,840,838,699
14.705095529556274,301,839,838,699
14.705095529556274,301,839,838,699
14.720751285552979,301,838,838,699
14.720751285552979,301,838,838,699
14.720751285552979,301,838,838,699
14.720751285552979,301,838,838,699
14.720751285552979,301,838,838,699
14.720751285552979,301,837,838,699
14.720751285552979,300,837,838,699
14.727855443954468,300,837,838,700
14.728179216384888,301,837,838,700
14.728179216384888,301,837,838,700
14.728179216384888,301,838,838,700
14.728179216384888,301,838,838,700
14.728179216384888,301,839,838,700
14.728179216384888,300,839,838,699
14.728179216384888,300,839,838,699
14.728179216384888,300,839,838,699
14.728179216384888,300,839,838,699
14.736618518829346,300,839,838,699
14.736618518829346,301,838,838,699
14.736618518829346,301,838,838,699
14.736618518829346,301,838,838,699
14.736618518829346,301,838,838,699
14.736618518829346,301,838,838,699
14.736618518829346,301,838,838,699
14.736618518829346,301,838,838,699
14.736618518829346,302,838,838,699
14.736618518829346,302,837,838,699
14.736618518829346,302,838,838,699
14.736618518829346,302,838,838,699
14.736618518829346,303,838,838,699
14.736618518829346,303,838,838,699
14.736618518829346,303,838,838,699
14.736618518829346,304,838,838,699
14.750658512115479,304,837,838,699
14.750658512115479,303,837,838,699
14.752413272857666,304,837,838,700
14.754302024841309,304,837,838,700
14.754302024841309,304,838,838,700
14.754302024841309,305,838,838,700
14.754302024841309,305,839,842,700
14.754302024841309,305,839,842,701
14.754302024841309,305,839,842,701
14.754302024841309,305,839,842,701
14.754302024841309,305,839,842,701
14.754302024841309,306,840,842,701
14.754302024841309,306,840,842,701
14.754302024841309,306,841,842,701
14.754302024841309,306,841,842,701
14.754302024841309,306,841,842,701
14.754302024841309,306,841,842,701
14.754302024841309,305,841,842,702
14.754302024841309,305,841,842,702
14.768218994140625,305,841,842,702
14.768218994140625,305,841,842,702
14.768218994140625,304,841,842,702
14.768218994140625,303,841,842,702
14.768218994140625,303,842,842,702
14.768218994140625,302,842,842,702
14.768218994140625,301,842,842,702
14.768218994140625,300,842,842,702
14.768218994140625,299,842,842,702
14.768218994140625,299,842,832,699
14.768218994140625,298,842,832,698
14.768218994140625,296,841,832,698
14.768218994140625,295,841,832,697
14.768218994140625,293,839,832,697
14.768218994140625,292,837,832,696
14.768218994140625,291,836,832,696
14.768218994140625,289,834,832,696
14.783934593200684,288,833,832,697
14.783934593200684,286,831,832,697
14.783934593200684,285,831,832,697
14.783934593200684,282,830,832,697
14.783934593200684,281,830,832,698
14.783934593200684,278,830,832,698
14.783934593200684,277,830,832,698
14.783934593200684,275,830,832,698
14.783934593200684,273,830,832,698
14.783934593200684,271,830,832,698
14.783934593200684,268,831,832,698
14.783934593200684,266,831,832,698
14.783934593200684,264,831,832,698
14.783934593200684,262,832,832,699
14.783934593200684,260,832,818,695
14.783934593200684,258,832,818,694
14.783934593200684,254,832,818,693
14.799612045288086,252,830,818,692
14.801118612289429,248,829,818,691
14.801567316055298,246,828,818,690
14.801567316055298,244,825,818,690
14.801567316055298,242,823,818,690
14.801567316055298,240,821,818,690
14.801567316055298,237,820,818,690
14.801567316055298,235,818,818,690
14.801567316055298,232,817,818,690
14.801567316055298,231,816,818,691
14.801567316055298,228,816,818,691
14.801567316055298,226,816,818,691
14.801567316055298,223,817,818,691
14.801567316055298,222,817,818,691
14.801567316055298,220,818,818,691
14.801567316055298,219,818,818,691
14.801567316055298,217,819,818,691
14.815494060516357,215,819,818,691
14.815494060516357,214,819,818,691
14.815494060516357,212,820,812,689
14.815494060516357,211,820,812,688
14.815494060516357,211,820,812,688
14.815494060516357,209,819,812,687
14.815494060516357,208,819,812,687
14.815494060516357,207,817,812,686
14.815494060516357,206,816,812,686
14.815494060516357,205,815,812,686
14.815494060516357,205,814,812,686
14.815494060516357,204,813,812,686
14.815494060516357,204,813,812,686
14.815494060516357,204,812,812,686
14.815494060516357,203,812,812,686
14.815494060516357,203,813,812,686
14.815494060516357,203,812,812,686
14.815494060516357,204,812,812,686
14.831409931182861,204,813,812,686
14.831409931182861,204,813,812,686
14.83329701423645,205,813,812,686
14.83329701423645,205,814,812,686
14.83329701423645,206,814,812,685
14.836701393127441,207,815,812,685
14.836701393127441,208,815,820,687
14.836701393127441,209,815,820,687
14.836701393127441,210,815,820,688
14.836701393127441,211,815,820,688
14.836701393127441,213,815,820,688
14.836701393127441,215,817,820,689
14.836701393127441,217,818,820,688
14.836701393127441,218,819,820,689
14.836701393127441,220,820,820,688
14.836701393127441,221,820,820,688
14.836701393127441,223,821,820,688
14.847092866897583,224,821,820,688
14.847092866897583,227,821,820,688
14.847092866897583,229,821,820,688
14.847092866897583,231,821,820,688
14.850637674331665,234,821,820,688
14.850637674331665,236,821,820,688
14.850637674331665,238,821,820,688
14.850637674331665,241,821,820,687
14.850637674331665,243,821,820,687
14.850637674331665,245,821,820,687
14.850637674331665,247,820,820,687
14.850637674331665,249,820,822,688
14.850637674331665,251,820,822,688
14.850637674331665,253,820,822,688
14.850637674331665,257,820,822,688
14.850637674331665,259,820,822,689
14.850637674331665,260,819,822,689
14.86283254623413,263,820,822,689
14.86283254623413,265,820,822,689
14.86283254623413,267,821,822,689
14.86283254623413,269,821,822,689
14.86283254623413,271,822,822,689
14.86283254623413,273,822,822,689
14.86283254623413,274,821,822,689
14.86283254623413,276,821,822,689
14.86283254623413,277,821,822,689
14.86283254623413,279,820,822,690
14.86283254623413,280,820,822,690
14.86283254623413,281,820,822,690
14.86283254623413,282,821,822,690
14.86283254623413,282,820,822,690
14.86283254623413,283,821,822,690
14.86283254623413,283,821,822,690
14.86283254623413,283,821,810,687
14.878509044647217,283,821,810,687
14.878509044647217,283,821,810,686
14.880550384521484,283,820,810,685
14.880550384521484,282,818,810,684
14.880550384521484,282,816,810,684
14.880550384521484,281,814,810,684
14.880550384521484,280,812,810,684
14.880550384521484,279,810,810,684
14.880550384521484,278,809,810,684
14.880550384521484,277,808,810,685
14.880550384521484,276,807,810,685
14.880550384521484,274,807,810,685
14.880550384521484,272,807,810,685
14.880550384521484,271,807,810,686
14.880550384521484,269,808,810,686
14.880550384521484,268,808,810,686
14.880550384521484,265,808,810,686
14.894448041915894,264,809,810,686
14.894448041915894,261,810,810,686
14.894448041915894,259,810,810,686
14.894448041915894,257,811,779,679
14.894448041915894,255,810,779,676
14.894448041915894,253,810,779,673
14.894448041915894,251,808,779,671
14.894448041915894,249,806,779,671
14.894448041915894,246,802,779,669
14.894448041915894,244,797,779,668
14.894448041915894,242,791,779,668
14.894448041915894,241,786,779,667
14.894448041915894,238,782,779,668
14.894448041915894,236,779,779,668
14.894448041915894,234,777,779,669
14.894448041915894,232,776,779,670
14.894448041915894,230,775,779,670
14.894448041915894,229,776,779,670
14.9109365940094,227,776,779,670
14.9114990234375,225,777,779,670
14.9114990234375,224,778,779,670
14.9114990234375,223,779,779,670
14.9114990234375,222,779,779,670
14.9114990234375,221,780,779,670
14.9114990234375,220,781,779,670
14.9114990234375,219,781,786,671
14.9114990234375,219,781,786,672
14.9114990234375,218,782,786,672
14.9114990234375,217,782,786,672
14.9114990234375,217,783,786,672
14.9114990234375,216,784,786,672
14.9114990234375,216,785,786,672
14.9114990234375,216,786,786,672
14.9114990234375,215,786,786,672
14.9114990234375,215,787,786,672
14.925876379013062,215,787,786,672
14.925876379013062,215,788,786,671
14.925876379013062,216,789,786,671
14.925876379013062,216,789,786,671
14.925876379013062,216,788,786,671
14.925876379013062,217,788,786,671
14.925876379013062,217,788,786,670
14.925876379013062,218,787,786,670
14.925876379013062,219,787,786,671
14.925876379013062,220,788,786,670
14.925876379013062,221,787,786,670
14.925876379013062,222,787,786,670
14.925876379013062,223,787,785,670
14.925876379013062,225,787,785,670
14.925876379013062,227,786,785,670
14.925876379013062,228,786,785,670
14.925876379013062,231,787,785,669
14.941585302352905,232,786,785,669
14.941585302352905,233,787,785,669
14.941585302352905,235,787,785,669
14.941585302352905,236,786,785,669
14.941585302352905,238,786,785,669
14.941585302352905,240,786,785,669
14.941585302352905,242,786,785,669
14.941585302352905,244,785,785,669
14.941585302352905,246,785,785,669
14.941585302352905,248,785,785,669
14.950647830963135,251,785,785,669
14.950647830963135,253,785,785,669
14.950647830963135,255,784,785,669
14.950647830963135,257,785,785,669
14.950647830963135,258,784,785,669
14.950647830963135,260,785,785,669
14.950647830963135,262,785,785,669
14.957592248916626,264,785,794,671
14.957592248916626,266,785,794,672
14.957592248916626,269,786,794,673
14.960273265838623,271,786,794,673
14.960770606994629,273,787,794,674
14.960770606994629,275,788,794,674
14.960770606994629,276,790,794,675
14.960770606994629,278,791,794,675
14.960770606994629,279,792,794,675
14.960770606994629,281,793,794,675
14.960770606994629,282,794,794,675
14.960770606994629,283,794,794,674
14.960770606994629,284,795,794,674
14.960770606994629,285,795,794,674
14.960770606994629,286,795,794,674
14.960770606994629,287,794,794,674
14.960770606994629,287,794,794,674
14.960770606994629,288,793,794,674
14.973270177841187,288,793,794,674
14.973270177841187,288,792,794,675
14.973270177841187,288,792,794,675
14.973270177841187,288,792,794,675
14.973270177841187,287,792,771,670
14.973270177841187,287,792,771,668
14.973270177841187,286,792,771,666
14.973270177841187,285,790,771,664
14.973270177841187,284,788,771,663
14.973270177841187,283,785,771,662
14.973270177841187,281,780,771,662
14.973270177841187,280,777,771,662
14.973270177841187,279,774,771,662
14.973270177841187,277,771,771,663
14.973270177841187,276,769,771,663
14.973270177841187,275,767,771,664
14.973270177841187,273,766,771,664
14.98901891708374,271,766,771,665
14.990500688552856,269,768,771,665
14.990500688552856,267,768,771,665
14.990500688552856,266,769,771,665
14.990500688552856,264,770,771,665
14.990500688552856,262,771,771,665
14.990500688552856,261,771,771,665
14.990500688552856,258,772,771,665
14.990500688552856,257,772,771,665
14.990500688552856,255,772,754,661
14.990500688552856,253,772,754,659
14.990500688552856,251,772,754,658
14.990500688552856,250,771,754,656
14.990500688552856,247,769,754,655
14.990500688552856,246,765,754,654
14.990500688552856,243,762,754,654
14.990500688552856,242,760,754,654
15.004785537719727,240,756,754,654
15.004785537719727,239,754,754,655
15.004785537719727,238,753,754,655
15.004785537719727,236,752,754,655
15.004785537719727,235,752,754,655
15.004785537719727,234,752,754,656
15.004785537719727,233,752,754,656
15.004785537719727,231,753,754,656
15.004785537719727,230,754,754,656
15.004785537719727,229,755,754,655
15.004785537719727,229,756,754,655
15.004785537719727,228,757,754,655
15.004785537719727,228,757,754,654
15.004785537719727,227,756,754,654
15.004785537719727,227,756,757,655
15.004785537719727,226,756,757,655
15.004785537719727,226,756,757,655
15.004785537719727,226,756,757,655
15.02073359489441,226,756,757,656
15.02073359489441,226,756,757,656
15.02073359489441,226,757,757,656
15.02073359489441,227,757,757,656
15.02073359489441,227,758,757,656
15.02073359489441,227,758,757,655
15.02073359489441,228,759,757,655
15.02073359489441,229,760,757,655
15.02073359489441,229,760,757,655
15.02073359489441,230,760,757,654
15.02073359489441,231,759,757,654
15.02073359489441,232,759,757,654
15.02073359489441,233,758,757,654
15.02073359489441,234,758,757,654
15.02073359489441,235,758,757,654
15.02073359489441,236,757,757,654
15.02073359489441,238,757,757,654
15.036572456359863,239,757,763,656
15.037793397903442,240,757,763,656
15.037793397903442,242,758,763,656
15.039568662643433,244,758,763,656
15.039568662643433,246,759,763,657
15.039568662643433,247,760,763,657
15.039568662643433,249,761,763,657
15.039568662643433,251,762,763,657
15.039568662643433,253,763,763,657
15.039568662643433,255,764,763,657
15.039568662643433,257,764,763,657
15.039568662643433,258,764,763,656
15.039568662643433,260,764,763,656
15.039568662643433,262,764,763,656
15.039568662643433,264,764,763,656
15.050771236419678,265,764,763,656
15.050771236419678,267,763,763,656
15.052523851394653,269,763,763,656
15.052523851394653,271,762,763,656
15.052523851394653,273,762,763,657
15.052523851394653,275,762,763,657
15.052523851394653,276,762,763,657
15.052523851394653,278,762,763,657
15.052523851394653,279,762,763,657
15.052523851394653,280,763,763,657
15.052523851394653,282,763,763,657
15.052523851394653,283,763,763,657
15.052523851394653,285,763,763,657
15.052523851394653,286,763,763,657
15.052523851394653,287,763,763,657
15.052523851394653,287,763,763,657
15.052523851394653,288,763,763,657
15.052523851394653,289,763,763,657
15.052523851394653,290,763,763,657
15.052523851394653,290,762,763,657
15.068259239196777,290,762,763,657
15.068259239196777,291,762,763,657
15.070285558700562,291,762,763,657
15.070285558700562,290,761,763,657
15.072305679321289,290,761,763,657
15.072305679321289,290,761,763,658
15.072305679321289,289,761,763,658
15.072305679321289,289,761,763,658
15.072305679321289,288,761,763,658
15.072305679321289,287,762,743,653
15.072305679321289,286,762,743,652
15.072305679321289,285,762,743,650
15.072305679321289,284,761,743,649
15.072305679321289,283,758,743,648
15.072305679321289,281,756,743,647
15.072305679321289,280,753,743,647
15.072305679321289,278,750,743,647
15.084205627441406,277,747,743,647
15.084205627441406,276,744,743,647
15.084205627441406,275,742,743,647
15.084205627441406,272,741,743,648
15.084205627441406,271,741,743,648
15.084205627441406,269,741,743,648
15.084205627441406,267,741,743,648
15.084205627441406,266,741,743,649
15.084205627441406,264,742,743,649
15.084205627441406,263,742,743,649
15.084205627441406,261,742,743,649
15.084205627441406,259,743,743,649
15.084205627441406,258,743,743,649
15.084205627441406,257,744,743,649
15.084205627441406,255,744,730,645
15.084205627441406,254,744,730,644
15.084205627441406,252,744,730,643
15.099967241287231,250,743,730,642
15.099967241287231,248,742,730,641
15.099967241287231,247,740,730,640
15.099967241287231,246,736,730,640
15.099967241287231,245,734,730,640
15.099967241287231,244,732,730,640
15.099967241287231,243,731,730,641
15.099967241287231,242,730,730,641
15.099967241287231,241,730,730,641
15.099967241287231,240,730,730,641
15.099967241287231,239,730,730,641
15.099967241287231,238,730,730,641
15.099967241287231,238,730,730,641
15.099967241287231,237,730,730,641
15.099967241287231,237,731,730,641
15.099967241287231,237,731,730,641
15.099967241287231,236,731,730,640
15.115983724594116,236,731,730,640
15.115983724594116,236,731,730,640
15.117499828338623,236,731,737,642
15.117758512496948,237,731,737,642
15.117758512496948,237,731,737,643
15.117758512496948,237,732,737,643
15.117758512496948,238,732,737,644
15.117758512496948,238,734,737,644
15.117758512496948,239,735,737,644
15.117758512496948,239,736,737,644
15.117758512496948,240,737,737,644
15.117758512496948,241,739,737,643
15.117758512496948,242,739,737,643
15.117758512496948,242,739,737,643
15.117758512496948,243,740,737,642
15.117758512496948,244,740,737,642
15.117758512496948,245,739,737,642
15.117758512496948,246,739,737,642
15.131775617599487,248,738,737,642
15.131775617599487,249,738,737,642
15.131775617599487,251,737,737,642
15.131775617599487,252,737,737,642
15.131775617599487,253,737,737,642
15.131775617599487,255,737,737,642
15.131775617599487,256,737,741,643
15.131775617599487,257,737,741,643
15.131775617599487,259,737,741,644
15.131775617599487,261,738,741,644
15.131775617599487,263,738,741,644
15.131775617599487,264,739,741,644
15.131775617599487,266,740,741,644
15.131775617599487,267,740,741,644
15.131775617599487,269,741,741,644
15.131775617599487,271,741,741,644
15.131775617599487,272,741,741,644
15.131775617599487,273,741,741,644
15.147874116897583,275,741,741,644
15.147874116897583,277,741,741,644
15.147874116897583,278,741,741,644
15.150827884674072,280,741,741,644
15.150827884674072,281,740,741,644
15.150827884674072,282,740,741,644
15.150827884674072,283,740,741,644
15.150827884674072,285,740,741,645
15.150827884674072,286,740,741,645
15.150827884674072,287,740,741,645
15.150827884674072,333,740,739,644
15.150827884674072,334,741,739,644
15.150827884674072,335,741,739,644
15.150827884674072,336,741,739,644
15.150827884674072,291,741,739,644
15.150827884674072,292,741,739,643
15.150827884674072,292,741,739,643
15.163352966308594,292,740,739,643
15.164623260498047,292,739,739,643
15.16489291191101,293,739,739,643
15.16489291191101,293,738,739,643
15.16489291191101,292,737,739,644
15.16489291191101,292,737,739,644
15.16489291191101,292,737,739,644
15.16489291191101,291,737,739,644
15.16489291191101,291,737,739,645
15.16489291191101,290,737,739,645
15.16489291191101,290,738,739,645
15.16489291191101,289,738,739,645
15.16489291191101,288,738,739,645
15.16489291191101,287,739,739,645
15.16489291191101,286,739,739,645
15.16489291191101,285,739,716,639
15.16489291191101,284,740,716,637
15.179009199142456,282,739,716,635
15.179009199142456,281,737,716,634
15.179009199142456,280,735,716,632
15.179009199142456,278,732,716,631
15.179009199142456,276,728,716,631
15.179009199142456,275,724,716,631
15.179009199142456,274,719,716,631
15.179009199142456,273,716,716,632
15.179009199142456,270,715,716,632
15.179009199142456,269,714,716,633
15.179009199142456,268,713,716,633
15.179009199142456,266,713,716,633
15.179009199142456,265,714,716,633
15.179009199142456,264,714,716,633
15.179009199142456,262,715,716,634
15.179009199142456,261,715,716,634
15.179009199142456,259,716,716,634
15.179009199142456,258,716,716,633
15.194937229156494,257,717,716,633
15.194937229156494,256,717,716,633
15.194937229156494,255,717,715,633
15.194937229156494,254,717,715,633
15.194937229156494,253,718,715,632
15.194937229156494,252,718,715,632
15.194937229156494,251,717,715,632
15.194937229156494,250,717,715,632
15.194937229156494,250,717,715,632
15.194937229156494,249,717,715,631
15.194937229156494,248,716,715,631
15.194937229156494,248,717,715,631
15.194937229156494,247,716,715,631
15.194937229156494,247,716,715,631
15.194937229156494,247,716,715,631
15.194937229156494,246,715,715,631
15.194937229156494,246,715,715,631
15.21095323562622,246,715,715,631
15.212263822555542,246,716,715,631
15.212594032287598,246,716,715,631
15.212594032287598,246,715,715,631
15.212594032287598,246,715,715,631
15.212594032287598,247,715,715,631
15.212594032287598,247,715,715,631
15.212594032287598,247,716,717,631
15.212594032287598,248,716,717,631
15.212594032287598,248,716,717,632
15.212594032287598,249,717,717,632
15.212594032287598,250,717,717,631
15.212594032287598,251,717,717,631
15.212594032287598,252,718,717,631
15.212594032287598,252,718,717,631
15.212594032287598,253,718,717,631
15.212594032287598,254,718,717,631
15.226725578308105,255,718,717,631
15.226725578308105,256,718,717,631
15.227692365646362,257,718,717,631
15.229291200637817,259,718,717,631
15.229291200637817,260,718,717,631
15.231302499771118,261,718,717,631
15.232123136520386,263,717,717,631
15.232123136520386,264,717,717,631
15.233201026916504,265,717,717,631
15.233201026916504,266,717,717,631
15.233201026916504,268,717,717,631
15.233201026916504,269,718,717,631
15.233201026916504,270,718,724,632
15.233201026916504,272,718,724,633
15.233201026916504,274,718,724,633
15.233201026916504,275,719,724,634
15.233201026916504,276,719,724,634
15.233201026916504,278,720,724,634
15.242411851882935,279,721,724,634
15.242411851882935,280,721,724,634
15.242411851882935,282,722,724,635
15.242411851882935,283,723,724,635
15.242411851882935,284,723,724,634
15.242411851882935,285,724,724,634
15.242411851882935,286,724,724,634
15.242411851882935,288,724,724,634
15.242411851882935,289,724,724,634
15.250762224197388,290,724,724,634
15.250762224197388,290,724,724,634
15.250762224197388,291,724,724,634
15.250762224197388,292,723,724,635
15.250762224197388,292,723,724,635
15.250762224197388,293,723,724,635
15.250762224197388,293,723,724,635
15.250762224197388,294,723,714,632
15.258089542388916,294,724,714,632
15.258089542388916,294,724,714,631
15.258089542388916,294,723,714,630
15.258089542388916,294,722,714,629
15.258089542388916,294,721,714,629
15.258089542388916,294,719,714,629
15.258089542388916,293,717,714,629
15.258089542388916,293,716,714,629
15.258089542388916,293,713,714,629
15.258089542388916,292,712,714,630
15.258089542388916,292,712,714,630
15.258089542388916,291,712,714,630
15.258089542388916,290,712,714,630
15.258089542388916,289,712,714,631
15.258089542388916,289,712,714,631
15.258089542388916,288,712,714,631
15.258089542388916,287,713,714,631
15.258089542388916,286,714,714,631
15.273990154266357,285,714,714,631
15.273990154266357,284,714,714,631
15.273990154266357,283,714,714,631
15.273990154266357,282,714,700,627
15.273990154266357,281,715,700,626
15.273990154266357,279,715,700,625
15.273990154266357,278,714,700,623
15.273990154266357,277,712,700,623
15.273990154266357,275,710,700,622
15.273990154266357,274,707,700,622
15.273990154266357,273,705,700,622
15.273990154266357,272,702,700,622
15.273990154266357,271,700,700,622
15.273990154266357,269,699,700,623
15.273990154266357,268,698,700,623
15.273990154266357,267,698,700,623
15.273990154266357,265,698,700,623
15.289778709411621,264,698,700,624
15.291177988052368,263,699,700,624
15.291177988052368,262,699,700,624
15.291177988052368,261,700,700,624
15.291177988052368,261,700,700,624
15.291177988052368,260,701,700,624
15.291177988052368,259,701,700,623
15.291177988052368,259,702,700,623
15.291177988052368,258,702,698,622
15.291177988052368,258,702,698,622
15.291177988052368,257,702,698,622
15.291177988052368,256,701,698,622
15.291177988052368,256,701,698,621
15.291177988052368,255,700,698,621
15.291177988052368,255,699,698,621
15.291177988052368,255,699,698,621
15.291177988052368,254,699,698,621
15.291177988052368,254,699,698,621
15.30587887763977,254,698,698,621
15.306633234024048,254,698,698,621
15.306633234024048,254,698,698,621
15.306633234024048,254,698,698,621
15.306633234024048,255,698,698,621
15.306633234024048,255,698,698,621
15.306633234024048,255,698,698,621
15.306633234024048,256,698,698,621
15.306633234024048,256,698,698,621
15.306633234024048,257,698,698,621
15.306633234024048,257,698,698,621
15.306633234024048,258,699,698,621
15.306633234024048,259,699,705,623
15.306633234024048,259,699,705,623
15.306633234024048,260,700,705,624
15.306633234024048,261,700,705,624
15.306633234024048,262,701,705,624
15.321616888046265,263,702,705,624
15.321616888046265,264,703,705,624
15.32363486289978,265,704,705,624
15.32363486289978,266,705,705,624
15.325647115707397,267,705,705,624
15.325647115707397,268,706,705,624
15.325647115707397,269,706,705,624
15.325647115707397,270,706,705,624
15.325647115707397,272,706,705,624
15.325647115707397,273,706,705,623
15.325647115707397,274,706,705,623
15.325647115707397,275,706,705,623
15.325647115707397,276,706,705,623
15.325647115707397,277,705,705,623
15.325647115707397,279,705,705,623
15.325647115707397,280,705,705,623
15.325647115707397,281,704,705,623
15.337475776672363,282,704,705,624
15.337475776672363,283,704,705,624
15.337475776672363,285,704,705,624
15.337475776672363,286,704,705,624
15.337475776672363,287,705,705,624
15.337475776672363,287,705,705,624
15.337475776672363,288,705,705,624
15.337475776672363,289,705,705,624
15.337475776672363,290,705,705,624
15.337475776672363,291,705,705,624
15.337475776672363,292,705,705,624
15.337475776672363,293,705,705,624
15.337475776672363,293,706,705,624
15.337475776672363,294,705,705,624
15.337475776672363,294,705,705,624
15.350902318954468,294,705,705,624
15.350902318954468,295,705,705,624
15.350902318954468,295,704,705,624
15.35319471359253,295,704,705,624
15.35319471359253,296,704,705,624
15.35319471359253,296,704,705,624
15.35319471359253,296,704,705,624
15.35319471359253,296,704,696,622
15.35319471359253,295,704,696,621
15.35319471359253,295,705,696,621
15.35319471359253,294,704,696,621
15.35319471359253,294,703,696,620
15.35319471359253,294,702,696,620
15.35319471359253,293,701,696,619
15.35319471359253,293,699,696,619
15.35319471359253,292,697,696,619
15.35319471359253,291,696,696,619
15.35319471359253,291,695,696,620
15.35319471359253,290,695,696,620
15.35319471359253,289,694,696,620
15.368974208831787,288,694,696,620
15.368974208831787,287,694,696,620
15.370994329452515,287,694,696,620
15.370994329452515,286,695,696,621
15.370994329452515,284,695,696,621
15.370994329452515,283,696,696,620
15.370994329452515,282,696,696,620
15.370994329452515,281,697,696,620
15.370994329452515,280,697,696,620
15.370994329452515,279,697,684,617
15.370994329452515,278,697,684,616
15.370994329452515,277,696,684,615
15.370994329452515,276,695,684,614
15.370994329452515,275,694,684,614
15.370994329452515,274,692,684,614
15.370994329452515,273,690,684,613
15.370994329452515,272,688,684,613
15.384822368621826,271,687,684,613
15.385639429092407,270,685,684,613
15.385639429092407,270,684,684,613
15.385639429092407,268,683,684,614
15.385639429092407,268,683,684,614
15.385639429092407,267,682,684,614
15.385639429092407,266,683,684,614
15.385639429092407,265,683,684,614
15.385639429092407,265,683,684,614
15.385639429092407,264,684,684,614
15.385639429092407,264,685,684,614
15.385639429092407,263,685,684,614
15.385639429092407,263,685,684,614
15.385639429092407,262,686,684,614
15.385639429092407,262,686,688,614
15.385639429092407,262,686,688,615
15.385639429092407,262,686,688,615
15.40046763420105,262,686,688,615
15.40046763420105,262,686,688,615
15.40046763420105,262,687,688,615
15.40046763420105,262,688,688,615
15.40046763420105,262,688,688,615
15.40046763420105,262,689,688,615
15.40046763420105,262,689,688,615
15.40046763420105,262,689,688,615
15.40046763420105,263,689,688,614
15.40046763420105,263,689,688,614
15.40046763420105,263,689,688,614
15.40046763420105,264,689,688,614
15.40046763420105,264,688,688,614
15.40046763420105,265,688,688,614
15.40046763420105,265,688,688,614
15.40046763420105,266,688,688,614
15.40046763420105,267,688,688,614
15.40046763420105,268,688,688,614
15.416334390640259,269,687,688,614
15.416334390640259,269,688,691,615
15.416334390640259,270,688,691,615
15.416334390640259,271,688,691,616
15.416334390640259,272,688,691,616
15.416334390640259,273,689,691,616
15.416334390640259,274,689,691,616
15.416334390640259,275,690,691,616
15.416334390640259,276,691,691,616
15.416334390640259,277,691,691,616
15.416334390640259,278,692,691,616
15.416334390640259,278,692,691,616
15.416334390640259,280,692,691,616
15.416334390640259,281,693,691,615
15.416334390640259,282,692,691,615
15.416334390640259,283,692,691,615
15.416334390640259,284,692,691,615
15.432167768478394,285,691,691,615
15.432167768478394,286,691,691,615
15.432167768478394,287,691,691,615
15.432167768478394,288,690,691,615
15.432167768478394,289,690,691,616
15.432167768478394,289,690,691,616
15.432167768478394,290,690,692,616
15.432167768478394,290,690,692,616
15.432167768478394,292,691,692,616
15.432167768478394,292,691,692,616
15.432167768478394,293,691,692,616
15.432167768478394,293,692,692,616
15.432167768478394,294,692,692,616
15.432167768478394,294,692,692,616
15.432167768478394,295,691,692,616
15.432167768478394,295,691,692,616
15.432167768478394,295,691,692,616
15.432167768478394,296,691,692,617
15.448018312454224,296,691,692,617
15.448018312454224,296,691,692,617
15.450248003005981,296,691,692,617
15.450772762298584,296,692,692,617
15.450772762298584,296,692,692,617
15.450772762298584,296,692,692,617
15.450772762298584,296,692,692,617
15.450772762298584,295,692,692,617
15.450772762298584,295,693,692,616
15.450772762298584,295,692,692,616
15.450772762298584,294,692,679,613
15.450772762298584,294,692,679,612
15.450772762298584,293,691,679,611
15.450772762298584,292,689,679,610
15.450772762298584,292,688,679,610
15.450772762298584,290,687,679,609
15.450772762298584,290,685,679,609
15.463955402374268,289,683,679,609
15.463955402374268,288,680,679,609
15.463955402374268,288,678,679,610
15.463955402374268,287,677,679,610
15.463955402374268,286,677,679,610
15.463955402374268,286,677,679,611
15.463955402374268,285,677,679,611
15.463955402374268,284,678,679,611
15.463955402374268,283,678,679,611
15.463955402374268,282,678,679,611
15.463955402374268,281,679,679,611
15.463955402374268,280,679,679,611
15.463955402374268,280,680,679,611
15.463955402374268,279,680,679,611
15.463955402374268,278,680,679,611
15.463955402374268,277,680,676,610
15.463955402374268,276,680,676,609
15.463955402374268,275,680,676,609
15.480567693710327,275,680,676,609
15.481126308441162,274,679,676,608
15.481126308441162,273,679,676,608
15.481126308441162,273,678,676,608
15.481126308441162,272,677,676,608
15.481126308441162,272,677,676,608
15.481126308441162,271,676,676,608
15.481126308441162,271,676,676,608
15.481126308441162,270,675,676,608
15.481126308441162,270,675,676,609
15.481126308441162,269,676,676,608
15.481126308441162,269,675,676,609
15.481126308441162,268,676,676,609
15.481126308441162,268,676,676,609
15.481126308441162,268,676,676,609
15.481126308441162,268,677,676,609
15.481126308441162,268,677,676,608
15.49578046798706,268,678,676,608
15.49578046798706,268,677,676,608
15.49578046798706,309,678,677,608
15.49578046798706,309,678,677,608
15.49578046798706,309,677,677,608
15.49578046798706,309,677,677,608
15.49578046798706,269,677,677,608
15.49578046798706,269,677,677,608
15.49578046798706,269,677,677,608
15.49578046798706,270,677,677,608
15.49578046798706,270,677,677,608
15.49578046798706,270,677,677,608
15.49578046798706,271,677,677,608
15.49578046798706,271,677,677,608
15.49578046798706,272,677,677,608
15.49578046798706,273,677,677,608
15.49578046798706,273,677,677,608
15.49578046798706,274,677,677,608
15.511435985565186,274,677,677,608
15.511435985565186,275,677,677,608
15.511435985565186,276,677,677,608
15.511435985565186,276,677,677,608
15.511435985565186,277,677,677,608
15.511435985565186,278,677,677,608
15.511435985565186,279,677,681,609
15.511435985565186,280,677,681,609
15.511435985565186,281,678,681,609
15.511435985565186,282,678,681,609
15.511435985565186,282,678,681,610
15.511435985565186,283,679,681,610
15.511435985565186,284,679,681,610
15.511435985565186,285,680,681,610
15.511435985565186,286,680,681,610
15.511435985565186,287,681,681,610
15.511435985565186,288,681,681,610
15.527129888534546,288,681,681,610
15.527129888534546,289,681,681,610
15.527129888534546,290,682,681,610
15.527129888534546,291,681,681,610
15.527129888534546,291,681,681,610
15.527129888534546,292,682,681,610
15.527129888534546,293,681,681,610
15.527129888534546,294,681,681,610
15.527129888534546,294,681,681,610
15.527129888534546,294,681,681,610
15.527129888534546,295,681,681,610
15.527129888534546,295,681,681,610
15.527129888534546,334,681,677,609
15.527129888534546,334,681,677,608
15.527129888534546,335,681,677,608
15.527129888534546,335,680,677,608
15.527129888534546,335,680,677,608
15.527129888534546,297,679,677,608
15.543057680130005,297,678,677,608
15.544358730316162,297,677,677,608
15.544358730316162,297,677,677,608
15.544358730316162,297,676,677,608
15.544358730316162,297,676,677,608
15.544358730316162,297,676,677,608
15.544358730316162,296,676,677,608
15.544358730316162,296,677,677,608
15.550923585891724,296,677,677,608
15.550923585891724,296,677,677,608
15.550923585891724,296,676,677,608
15.550923585891724,295,676,677,608
15.550923585891724,295,676,677,609
15.550923585891724,294,676,677,609
15.550923585891724,293,676,677,609
15.550923585891724,293,676,677,609
15.550923585891724,292,677,669,606
15.559021949768066,292,677,669,606
15.55976152420044,291,677,669,605
15.55976152420044,290,677,669,605
15.55976152420044,290,676,669,604
15.55976152420044,289,674,669,604
15.55976152420044,288,673,669,604
15.55976152420044,287,671,669,604
15.55976152420044,287,670,669,604
15.55976152420044,286,669,669,604
15.55976152420044,285,668,669,604
15.55976152420044,284,668,669,604
15.55976152420044,284,668,669,604
15.55976152420044,283,668,669,604
15.55976152420044,282,668,669,604
15.55976152420044,281,668,669,605
15.55976152420044,281,668,669,605
15.55976152420044,280,668,669,605
15.55976152420044,279,669,669,605
15.57511043548584,279,669,669,605
15.57511043548584,278,670,669,605
15.57511043548584,278,670,666,604
15.57511043548584,317,670,666,603
15.57511043548584,316,670,666,603
15.57511043548584,316,670,666,603
15.57511043548584,315,670,666,603
15.57511043548584,275,670,666,602
15.57511043548584,275,669,666,602
15.57511043548584,274,668,666,602
15.57511043548584,274,667,666,602
15.57511043548584,274,666,666,602
15.57511043548584,273,666,666,602
15.57511043548584,273,666,666,602
15.57511043548584,273,666,666,602
15.57511043548584,273,666,666,602
15.57511043548584,273,666,666,602
15.591607332229614,273,666,666,602
15.591607332229614,273,666,666,602
15.592739582061768,273,666,666,602
15.593027114868164,273,666,666,602
15.593027114868164,273,666,666,602
15.593027114868164,273,665,666,602
15.593027114868164,273,665,666,602
15.593027114868164,274,665,666,602
15.593027114868164,274,665,670,604
15.593027114868164,274,666,670,604
15.593027114868164,275,667,670,604
15.593027114868164,275,667,670,604
15.593027114868164,276,668,670,604
15.593027114868164,276,669,670,604
15.593027114868164,277,670,670,604
15.593027114868164,277,670,670,604
15.593027114868164,278,671,670,604
15.593027114868164,279,671,670,604
15.60645079612732,279,671,670,604
15.60645079612732,280,671,670,604
15.60645079612732,280,670,670,604
15.60645079612732,281,670,670,604
15.60645079612732,282,671,670,604
15.60645079612732,283,671,670,604
15.60645079612732,283,671,670,604
15.60645079612732,284,671,670,604
15.60645079612732,285,671,670,603
15.60645079612732,285,671,670,603
15.60645079612732,286,671,670,603
15.60645079612732,287,671,670,603
15.60645079612732,287,670,671,603
15.60645079612732,288,670,671,603
15.60645079612732,289,669,671,604
15.60645079612732,290,669,671,604
15.60645079612732,290,669,671,604
15.622117519378662,291,669,671,604
15.623823165893555,292,670,671,604
15.623823165893555,292,670,671,604
15.623823165893555,293,670,671,604
15.623823165893555,294,671,671,605
15.623823165893555,294,671,671,604
15.623823165893555,295,671,671,604
15.623823165893555,295,671,671,604
15.623823165893555,296,671,671,604
15.623823165893555,296,671,671,604
15.623823165893555,296,671,671,604
15.623823165893555,297,671,671,604
15.623823165893555,297,670,671,604
15.623823165893555,297,670,671,605
15.623823165893555,298,670,671,605
15.623823165893555,298,670,671,605
15.623823165893555,298,670,671,605
15.637776374816895,335,670,667,604
15.637776374816895,335,671,667,604
15.637776374816895,335,671,667,603
15.637776374816895,335,671,667,603
15.637776374816895,298,671,667,603
15.637776374816895,298,671,667,602
15.637776374816895,297,670,667,602
15.637776374816895,297,668,667,602
15.637776374816895,297,668,667,602
15.637776374816895,297,667,667,602
15.637776374816895,297,666,667,603
15.637776374816895,296,666,667,603
15.637776374816895,296,666,667,603
15.637776374816895,295,666,667,603
15.65117859840393,294,666,667,603
15.65117859840393,294,667,667,603
15.65117859840393,294,667,667,603
15.653461933135986,293,667,667,603
15.653461933135986,293,667,667,603
15.653461933135986,292,668,667,603
15.653461933135986,292,668,667,602
15.653461933135986,291,668,659,600
15.653461933135986,290,668,659,600
15.653461933135986,290,667,659,599
15.653461933135986,289,667,659,599
15.653461933135986,289,666,659,599
15.653461933135986,288,664,659,598
15.653461933135986,287,663,659,598
15.653461933135986,287,662,659,598
15.653461933135986,286,660,659,598
15.653461933135986,285,659,659,598
15.653461933135986,284,659,659,598
15.653461933135986,284,658,659,598
15.653461933135986,283,658,659,599
15.669269323348999,283,658,659,599
15.670210599899292,282,658,659,599
15.670467853546143,282,658,659,599
15.670467853546143,281,658,659,599
15.670467853546143,281,659,659,599
15.670467853546143,280,659,659,599
15.670467853546143,280,659,659,599
15.670467853546143,279,659,659,599
15.670467853546143,279,660,659,599
15.670467853546143,279,660,660,599
15.670467853546143,279,660,660,599
15.670467853546143,278,661,660,598
15.670467853546143,278,661,660,598
15.670467853546143,278,661,660,598
15.670467853546143,278,661,660,598
15.670467853546143,278,660,660,598
15.670467853546143,278,660,660,598
15.670467853546143,278,659,660,598
15.68496036529541,278,659,660,599
15.68496036529541,278,659,660,599
15.68496036529541,278,659,660,599
15.68496036529541,278,659,660,599
15.68496036529541,278,660,660,599
15.68496036529541,278,660,660,599
15.68496036529541,278,660,660,599
15.68496036529541,279,661,660,598
15.68496036529541,279,661,660,598
15.68496036529541,279,661,660,598
15.68496036529541,280,661,660,598
15.68496036529541,280,661,660,598
15.68496036529541,280,660,660,598
15.68496036529541,281,660,660,598
15.68496036529541,281,660,663,599
15.68496036529541,282,660,663,599
15.68496036529541,282,660,663,600
15.700698375701904,283,660,663,600
15.700698375701904,283,661,663,600
15.700698375701904,283,661,663,600
15.700698375701904,284,662,663,600
15.700698375701904,284,663,663,600
15.700698375701904,285,664,663,600
15.700698375701904,286,664,663,600
15.700698375701904,287,664,663,599
15.700698375701904,287,664,663,599
15.700698375701904,287,664,663,599
15.700698375701904,288,664,663,599
15.700698375701904,289,664,663,599
15.700698375701904,290,663,663,599
15.700698375701904,291,663,663,599
15.700698375701904,291,662,663,600
15.700698375701904,292,662,663,600
15.700698375701904,292,662,663,600
15.71635127067566,293,662,663,600
15.71635127067566,293,662,663,600
15.71635127067566,294,662,663,600
15.71635127067566,294,663,663,600
15.71635127067566,295,663,663,600
15.71635127067566,295,664,663,600
15.71635127067566,295,664,663,600
15.71635127067566,296,664,663,599
15.71635127067566,296,664,663,599
15.71635127067566,297,663,663,599
15.71635127067566,297,663,663,599
15.71635127067566,297,663,663,599
15.71635127067566,298,662,663,600
15.71635127067566,298,662,663,600
15.71635127067566,298,662,663,600
15.71635127067566,298,662,663,600
15.71635127067566,298,662,663,600
15.71635127067566,299,662,663,600
15.732049942016602,299,663,663,600
15.732049942016602,299,663,663,600
15.732049942016602,299,663,663,600
15.732049942016602,299,663,663,600
15.732049942016602,298,663,663,600
15.732049942016602,298,663,663,600
15.732049942016602,335,663,658,599
15.732049942016602,334,663,658,598
15.732049942016602,334,663,658,598
15.732049942016602,334,663,658,597
15.732049942016602,297,662,658,597
15.732049942016602,297,661,658,597
15.732049942016602,296,660,658,597
15.732049942016602,296,658,658,597
15.732049942016602,296,658,658,597
15.732049942016602,295,657,658,598
15.732049942016602,295,657,658,598
15.747865676879883,294,657,658,598
15.747865676879883,294,657,658,598
15.747865676879883,293,657,658,598
15.747865676879883,293,658,658,598
15.751389265060425,292,658,658,598
15.751389265060425,292,659,658,598
15.751389265060425,291,659,658,598
15.751389265060425,291,658,658,597
15.751389265060425,290,658,658,598
15.751389265060425,290,658,658,598
15.751389265060425,289,658,658,598
15.751389265060425,289,658,653,596
15.751389265060425,288,658,653,596
15.751389265060425,288,658,653,596
15.751389265060425,287,658,653,595
15.751389265060425,287,657,653,595
15.751389265060425,286,656,653,595
15.751389265060425,286,655,653,595
15.763995885848999,285,655,653,595
15.763995885848999,285,654,653,595
15.763995885848999,284,654,653,595
15.763995885848999,284,653,653,595
15.763995885848999,284,653,653,595
15.763995885848999,283,653,653,595
15.763995885848999,283,653,653,595
15.763995885848999,283,653,653,595
15.763995885848999,282,654,653,595
15.763995885848999,282,653,653,594
15.763995885848999,282,653,653,594
15.763995885848999,282,653,653,595
15.763995885848999,282,653,653,595
15.763995885848999,282,653,653,595
15.763995885848999,282,653,653,595
15.763995885848999,281,653,655,595
15.763995885848999,281,653,655,595
15.779823064804077,281,653,655,595
15.779823064804077,281,654,655,596
15.779823064804077,282,654,655,595
15.779823064804077,282,654,655,596
15.779823064804077,282,655,655,596
15.779823064804077,282,655,655,595
15.779823064804077,282,655,655,595
15.779823064804077,282,655,655,595
15.779823064804077,282,656,655,595
15.779823064804077,283,656,655,595
15.779823064804077,283,655,655,595
15.779823064804077,283,656,655,595
15.779823064804077,284,655,655,595
15.779823064804077,284,655,655,595
15.779823064804077,284,655,655,595
15.779823064804077,285,654,655,595
15.779823064804077,285,654,655,595
15.795608758926392,286,654,655,596
15.795608758926392,286,654,655,596
15.79740571975708,287,654,655,596
15.797642707824707,287,654,657,596
15.797642707824707,288,655,657,596
15.797642707824707,288,656,657,596
15.797642707824707,289,656,657,596
15.797642707824707,289,657,657,596
15.797642707824707,289,657,657,596
15.797642707824707,290,657,657,596
15.797642707824707,291,657,657,596
15.797642707824707,291,657,657,596
15.797642707824707,292,657,657,596
15.797642707824707,292,657,657,596
15.797642707824707,293,657,657,596
15.797642707824707,293,657,657,596
15.797642707824707,293,657,657,596
15.797642707824707,294,657,657,596
15.811440706253052,294,657,657,596
15.811440706253052,295,657,657,596
15.811440706253052,295,657,657,596
15.811440706253052,296,657,657,596
15.811440706253052,296,657,657,596
15.811440706253052,297,657,657,596
15.811440706253052,297,657,657,596
15.811440706253052,297,657,656,596
15.811440706253052,297,656,656,596
15.811440706253052,298,656,656,596
15.811440706253052,298,656,656,596
15.811440706253052,298,656,656,596
15.811440706253052,299,656,656,596
15.811440706253052,299,656,656,596
15.811440706253052,299,656,656,596
15.811440706253052,299,656,656,596
15.811440706253052,299,656,656,596
15.811440706253052,299,657,656,596
15.827224254608154,299,656,656,596
15.828477144241333,299,656,656,596
15.829175233840942,299,656,656,596
15.829175233840942,299,656,656,596
15.829175233840942,299,656,656,596
15.829175233840942,299,656,656,596
15.829175233840942,299,656,656,596
15.829175233840942,298,656,656,596
15.829175233840942,298,655,656,596
15.829175233840942,298,655,656,596
15.829175233840942,298,655,656,596
15.829175233840942,298,655,656,596
15.829175233840942,297,655,651,595
15.829175233840942,297,656,651,595
15.829175233840942,296,656,651,594
15.829175233840942,296,656,651,594
15.829175233840942,296,655,651,594
15.829175233840942,296,655,651,593
15.84333086013794,295,654,651,593
15.84333086013794,295,653,651,593
15.845358610153198,294,652,651,593
15.845358610153198,294,651,651,593
15.847627401351929,293,650,651,593
15.848180770874023,293,650,651,594
15.848180770874023,292,650,651,594
15.848180770874023,292,649,651,594
15.848180770874023,292,650,651,594
15.851662158966064,291,650,651,594
15.851662158966064,291,650,651,594
15.851662158966064,290,651,651,594
15.851662158966064,289,651,651,594
15.851662158966064,289,651,651,594
15.851662158966064,289,652,651,594
15.851662158966064,289,652,649,593
15.851662158966064,325,652,649,593
15.859006881713867,324,652,649,593
15.859006881713867,324,652,649,593
15.859006881713867,324,651,649,592
15.859006881713867,287,651,649,592
15.859006881713867,286,651,649,592
15.859006881713867,286,650,649,592
15.859006881713867,286,649,649,592
15.859006881713867,286,649,649,592
15.859006881713867,286,648,649,592
15.859006881713867,285,648,649,593
15.859006881713867,285,648,649,593
15.859006881713867,285,649,649,593
15.859006881713867,285,649,649,592
15.859006881713867,285,649,649,592
15.859006881713867,285,649,649,592
15.859006881713867,285,649,649,592
15.859006881713867,285,649,649,592
15.859006881713867,285,649,649,592
15.874888181686401,285,649,649,592
15.87666368484497,285,649,649,592
15.877209663391113,285,648,649,592
15.877209663391113,321,648,651,593
15.877209663391113,321,648,651,593
15.877209663391113,321,648,651,594
15.877209663391113,322,649,651,594
15.877209663391113,286,650,651,594
15.877209663391113,286,651,651,594
15.877209663391113,286,651,651,594
15.877209663391113,287,652,651,593
15.877209663391113,287,653,651,593
15.877209663391113,287,653,651,593
15.877209663391113,288,653,651,593
15.877209663391113,288,653,651,593
15.877209663391113,288,652,651,593
15.877209663391113,288,652,651,593
15.890610694885254,289,651,651,593
15.890610694885254,289,651,651,593
15.890610694885254,289,651,651,593
15.890610694885254,290,651,651,593
15.890610694885254,291,651,651,593
15.890610694885254,291,651,651,593
15.890610694885254,292,651,651,593
15.890610694885254,292,651,651,593
15.890610694885254,292,651,653,593
15.890610694885254,293,651,653,593
15.890610694885254,293,651,653,594
15.890610694885254,294,652,653,593
15.890610694885254,294,651,653,594
15.890610694885254,295,651,653,594
15.890610694885254,295,652,653,594
15.890610694885254,295,652,653,594
15.890610694885254,296,652,653,594
15.90636396408081,296,652,653,594
15.90636396408081,296,653,653,594
15.90636396408081,297,653,653,594
15.90636396408081,297,653,653,594
15.90636396408081,298,653,653,594
15.90636396408081,298,653,653,594
15.90636396408081,298,653,653,594
15.90636396408081,299,653,653,594
15.90636396408081,299,653,653,594
15.90636396408081,299,653,653,594
15.90636396408081,299,653,653,594
15.90636396408081,300,653,653,594
15.90636396408081,299,652,653,594
15.90636396408081,299,652,650,594
15.90636396408081,299,653,650,593
15.90636396408081,300,653,650,593
15.90636396408081,300,653,650,593
15.90636396408081,300,652,650,593
15.92206859588623,300,652,650,593
15.923519611358643,300,652,650,593
15.923787832260132,299,651,650,592
15.923787832260132,299,651,650,592
15.923787832260132,299,650,650,592
15.923787832260132,299,650,650,593
15.923787832260132,299,650,650,593
15.923787832260132,299,649,650,593
15.923787832260132,298,649,650,593
15.923787832260132,298,649,650,593
15.923787832260132,298,650,650,593
15.923787832260132,298,650,650,593
15.923787832260132,297,650,650,593
15.923787832260132,297,650,650,593
15.923787832260132,297,650,650,593
15.923787832260132,297,651,650,593
15.923787832260132,296,651,650,592
15.937838077545166,296,651,646,591
15.937838077545166,296,650,646,591
15.937838077545166,296,650,646,591
15.937838077545166,295,649,646,591
15.937838077545166,295,648,646,590
15.937838077545166,294,648,646,590
15.937838077545166,294,647,646,590
15.937838077545166,293,647,646,591
15.937838077545166,293,646,646,590
15.937838077545166,293,645,646,591
15.937838077545166,292,645,646,591
15.937838077545166,292,645,646,591
15.937838077545166,292,646,646,591
15.937838077545166,291,646,646,591
15.937838077545166,291,646,646,591
15.937838077545166,291,647,646,591
15.95180082321167,291,647,646,591
15.953559398651123,290,647,646,591
15.954445600509644,290,647,646,591
15.954691648483276,290,647,646,590
15.954691648483276,289,647,646,590
15.954691648483276,289,646,646,590
15.954691648483276,289,646,645,590
15.954691648483276,289,646,645,590
15.954691648483276,288,645,645,590
15.954691648483276,288,645,645,590
15.954691648483276,288,645,645,590
15.954691648483276,288,645,645,590
15.954691648483276,288,645,645,590
15.954691648483276,288,645,645,590
15.954691648483276,288,645,645,590
15.954691648483276,288,645,645,590
15.954691648483276,288,645,645,590
15.954691648483276,288,645,645,590
15.954691648483276,288,645,645,590
15.9692702293396,288,645,645,590
15.970307111740112,288,645,645,590
15.970307111740112,288,645,645,590
15.970307111740112,288,645,645,590
15.970307111740112,288,646,645,590
15.970307111740112,288,646,645,590
15.970307111740112,288,645,645,590
15.970307111740112,288,645,645,590
15.970307111740112,289,645,645,590
15.970307111740112,325,645,648,591
15.970307111740112,325,645,648,591
15.970307111740112,325,646,648,591
15.970307111740112,325,646,648,591
15.970307111740112,325,646,648,591
15.970307111740112,290,646,648,591
15.970307111740112,291,647,648,592
15.970307111740112,291,647,648,591
15.985063552856445,291,648,648,592
15.985063552856445,292,648,648,591
15.986782550811768,292,649,648,591
15.987318277359009,292,649,648,591
15.987318277359009,293,649,648,591
15.987318277359009,293,649,648,591
15.987318277359009,294,649,648,591
15.987318277359009,294,648,648,591
15.987318277359009,294,648,648,591
15.987318277359009,295,648,648,591
15.987318277359009,295,648,648,591
15.987318277359009,295,648,648,591
15.987318277359009,296,647,648,591
15.987318277359009,296,647,648,591
15.987318277359009,296,647,648,591
15.987318277359009,297,648,648,591
15.987318277359009,297,648,648,591
15.987318277359009,297,648,648,591
16.000747442245483,297,648,648,591
16.000747442245483,298,648,648,591
16.000747442245483,298,648,648,591
16.000747442245483,298,648,648,591
16.000747442245483,298,648,648,591
16.000747442245483,298,648,648,591
16.000747442245483,299,648,648,591
16.000747442245483,299,648,648,591
16.000747442245483,299,648,648,591
16.000747442245483,299,648,648,591
16.000747442245483,299,647,648,591
16.000747442245483,300,648,648,591
16.000747442245483,300,648,648,591
16.000747442245483,300,647,648,591
16.000747442245483,300,647,648,592
16.000747442245483,300,647,648,592
16.000747442245483,300,647,648,592
16.016414165496826,300,647,648,592
16.016414165496826,300,648,648,592
16.016414165496826,300,648,645,591
16.016414165496826,300,649,645,591
16.016414165496826,299,649,645,590
16.016414165496826,299,649,645,590
16.016414165496826,299,649,645,589
16.016414165496826,299,648,645,589
16.016414165496826,299,647,645,589
16.016414165496826,299,646,645,589
16.016414165496826,298,645,645,589
16.016414165496826,298,644,645,589
16.016414165496826,298,644,645,589
16.016414165496826,297,643,645,590
16.016414165496826,297,643,645,590
16.016414165496826,297,643,645,590
16.016414165496826,297,644,645,590
16.016414165496826,297,644,645,590
16.03215193748474,297,645,645,590
16.03215193748474,296,645,645,590
16.034172773361206,296,645,645,590
16.034172773361206,295,645,645,590
16.034172773361206,295,645,645,590
16.034172773361206,295,645,645,590
16.034172773361206,295,645,642,589
16.034172773361206,294,645,642,589
16.034172773361206,294,644,642,589
16.034172773361206,294,644,642,589
16.034172773361206,293,645,642,589
16.034172773361206,293,644,642,588
16.034172773361206,293,644,642,588
16.034172773361206,293,643,642,588
16.034172773361206,293,643,642,588
16.034172773361206,292,642,642,588
16.034172773361206,292,642,642,588
16.047931432724,292,642,642,588
16.049094915390015,291,642,642,588
16.049094915390015,291,641,642,589
16.049094915390015,291,641,642,589
16.05202007293701,290,641,642,589
16.05202007293701,290,641,642,589
16.05202007293701,290,642,642,589
16.05202007293701,290,643,642,589
16.05202007293701,290,643,642,589
16.05202007293701,290,643,642,589
16.05202007293701,290,644,642,588
16.05202007293701,290,644,644,589
16.05202007293701,290,644,644,589
16.05202007293701,290,644,644,589
16.05202007293701,290,643,644,589
16.05202007293701,290,643,644,589
16.05202007293701,290,643,644,589
16.063599109649658,290,644,644,589
16.064546823501587,290,644,644,589
16.06530785560608,290,644,644,589
16.06530785560608,290,644,644,589
16.06530785560608,290,644,644,589
16.06530785560608,290,644,644,589
16.06530785560608,290,644,644,589
16.06530785560608,290,644,644,589
16.06530785560608,291,644,644,589
16.06530785560608,291,644,644,589
16.06530785560608,291,645,644,589
16.06530785560608,291,644,644,589
16.06530785560608,291,644,644,589
16.06530785560608,292,644,644,589
16.06530785560608,292,644,644,589
16.06530785560608,292,644,644,589
16.06530785560608,293,644,644,589
16.06530785560608,293,644,644,589
16.079364776611328,293,644,644,589
16.08045482635498,293,644,644,589
16.08045482635498,294,644,644,589
16.08045482635498,294,644,644,589
16.083097219467163,294,644,644,589
16.083097219467163,295,645,644,589
16.083097219467163,295,645,644,588
16.083097219467163,295,644,644,588
16.083097219467163,295,644,644,589
16.083097219467163,295,644,644,589
16.083097219467163,296,644,644,589
16.083097219467163,296,643,644,589
16.083097219467163,296,643,644,589
16.083097219467163,296,644,644,589
16.083097219467163,297,643,644,589
16.083097219467163,297,644,644,589
16.083097219467163,297,644,644,589
16.083097219467163,298,644,644,589
16.095969200134277,298,644,644,589
16.096835136413574,298,644,644,589
16.0976505279541,298,644,644,589
16.0976505279541,298,644,644,589
16.0976505279541,299,644,644,589
16.0976505279541,299,644,644,589
16.0976505279541,299,644,644,589
16.0976505279541,299,644,644,589
16.0976505279541,300,644,644,589
16.0976505279541,300,644,644,589
16.0976505279541,300,644,644,589
16.0976505279541,300,644,644,589
16.0976505279541,300,644,644,589
16.0976505279541,300,644,644,589
16.0976505279541,300,644,644,589
16.0976505279541,300,644,644,589
16.0976505279541,300,644,644,589
16.0976505279541,300,644,644,589
16.110883235931396,300,644,644,589
16.110883235931396,300,644,644,589
16.110883235931396,300,644,644,589
16.110883235931396,300,644,644,589
16.110883235931396,300,644,644,589
16.110883235931396,300,644,644,589
16.110883235931396,300,644,644,589
16.110883235931396,300,644,642,588
16.110883235931396,299,643,642,588
16.110883235931396,299,643,642,588
16.110883235931396,299,644,642,588
16.110883235931396,299,643,642,588
16.110883235931396,298,643,642,588
16.110883235931396,298,642,642,588
16.110883235931396,298,642,642,588
16.110883235931396,298,642,642,588
16.110883235931396,298,641,642,588
16.12663960456848,298,642,642,588
16.12663960456848,297,642,642,588
16.12663960456848,297,641,642,588
16.12663960456848,297,641,642,589
16.12663960456848,297,642,642,588
16.12663960456848,296,642,642,588
16.12663960456848,296,642,642,588
16.12663960456848,296,642,642,588
16.12663960456848,296,642,642,588
16.12663960456848,295,642,642,588
16.12663960456848,295,642,642,588
16.12663960456848,295,642,642,588
16.12663960456848,295,642,639,588
16.12663960456848,294,642,639,587
16.12663960456848,294,642,639,587
16.12663960456848,294,642,639,587
16.12663960456848,293,642,639,587
16.12663960456848,293,641,639,587
16.143449068069458,293,641,639,587
16.14427137374878,293,640,639,586
16.14427137374878,293,640,639,587
16.14427137374878,293,640,639,586
16.14427137374878,293,639,639,586
16.14427137374878,292,639,639,587
16.14427137374878,292,639,639,587
16.14427137374878,292,639,639,587
16.14427137374878,292,639,639,587
16.14427137374878,292,639,639,587
16.152084350585938,292,640,639,587
16.152084350585938,292,640,639,586
16.152084350585938,292,640,639,586
16.152084350585938,292,640,639,586
16.152084350585938,292,639,639,586
16.152084350585938,292,639,639,586
16.152084350585938,291,639,642,587
16.158679246902466,291,638,642,587
16.158679246902466,292,638,642,588
16.158679246902466,292,638,642,588
16.158679246902466,292,639,642,588
16.158679246902466,292,639,642,588
16.158679246902466,292,640,642,588
16.158679246902466,292,641,642,588
16.158679246902466,292,642,642,588
16.158679246902466,292,642,642,588
16.158679246902466,292,642,642,588
16.158679246902466,293,642,642,588
16.158679246902466,293,642,642,588
16.158679246902466,293,643,642,588
16.158679246902466,294,643,642,588
16.158679246902466,294,643,642,588
16.158679246902466,294,643,642,588
16.158679246902466,294,643,642,588
16.174349784851074,294,643,642,588
16.174349784851074,294,643,642,588
16.174349784851074,295,643,642,587
16.174349784851074,295,643,642,587
16.174349784851074,330,642,641,587
16.174349784851074,330,642,641,587
16.174349784851074,330,642,641,587
16.174349784851074,331,642,641,587
16.174349784851074,331,641,641,587
16.174349784851074,296,641,641,587
16.174349784851074,297,641,641,587
16.174349784851074,297,640,641,587
16.174349784851074,297,640,641,587
16.174349784851074,297,641,641,588
16.174349784851074,297,640,641,587
16.174349784851074,298,641,641,587
16.174349784851074,298,641,641,587
16.174349784851074,298,641,641,587
16.19022536277771,299,641,641,587
16.19022536277771,299,641,641,587
16.19174098968506,299,641,641,587
16.19174098968506,299,641,641,587
16.19174098968506,299,641,641,587
16.19174098968506,299,641,641,587
16.19174098968506,299,640,641,587
16.19174098968506,300,640,641,588
16.19174098968506,300,640,643,588
16.19174098968506,299,640,643,588
16.19174098968506,300,640,643,589
16.19174098968506,300,641,643,589
16.19174098968506,300,641,643,589
16.19174098968506,300,642,643,589
16.19174098968506,300,642,643,589
16.19174098968506,300,643,643,589
16.19174098968506,300,644,643,589
16.205881595611572,300,644,643,588
16.205881595611572,300,644,643,588
16.205881595611572,300,644,643,588
16.205881595611572,300,644,643,588
16.205881595611572,300,644,643,588
16.205881595611572,300,643,643,588
16.205881595611572,300,643,643,588
16.205881595611572,300,643,643,588
16.205881595611572,300,643,643,588
16.205881595611572,299,643,643,588
16.205881595611572,299,642,643,588
16.205881595611572,299,642,643,589
16.205881595611572,299,642,643,589
16.205881595611572,299,642,643,589
16.205881595611572,299,643,637,587
16.205881595611572,299,643,637,587
16.205881595611572,298,643,637,586
16.22165298461914,298,642,637,586
16.222535371780396,298,642,637,585
16.223511457443237,297,641,637,585
16.223511457443237,297,640,637,585
16.223511457443237,297,639,637,585
16.223511457443237,297,638,637,585
16.223511457443237,296,637,637,585
16.223511457443237,296,636,637,585
16.223511457443237,296,636,637,585
16.223511457443237,295,636,637,585
16.223511457443237,295,636,637,585
16.223511457443237,295,636,637,585
16.223511457443237,295,636,637,586
16.223511457443237,295,636,637,586
16.223511457443237,295,636,637,586
16.223511457443237,294,636,637,586
16.223511457443237,294,637,637,586
16.223511457443237,294,637,637,586
16.237677812576294,294,638,639,586
16.237677812576294,293,638,639,586
16.237677812576294,293,638,639,586
16.237677812576294,293,638,639,586
16.237677812576294,293,638,639,586
16.237677812576294,293,638,639,586
16.237677812576294,293,639,639,586
16.237677812576294,293,639,639,586
16.237677812576294,293,639,639,586
16.237677812576294,293,639,639,586
16.237677812576294,293,639,639,586
16.237677812576294,293,638,639,586
16.237677812576294,293,639,639,586
16.237677812576294,293,639,639,586
16.237677812576294,293,639,639,586
16.237677812576294,293,639,639,586
16.25237274169922,293,639,639,586
16.25338125228882,293,639,639,586
16.25338125228882,293,639,639,586
16.255393981933594,293,639,639,586
16.255393981933594,293,639,639,586
16.257409811019897,294,639,639,586
16.257409811019897,294,639,639,586
16.257409811019897,294,639,639,586
16.257409811019897,294,639,639,586
16.257409811019897,294,639,639,586
16.257409811019897,295,639,639,586
16.257409811019897,295,639,639,586
16.257409811019897,295,639,639,586
16.257409811019897,295,639,639,586
16.257409811019897,295,639,639,586
16.257409811019897,295,639,639,586
16.257409811019897,295,639,639,586
16.257409811019897,295,639,639,586
16.26903462409973,296,639,639,586
16.26903462409973,296,639,639,586
16.26903462409973,296,639,639,586
16.272080421447754,296,639,639,586
16.272080421447754,297,639,639,586
16.272080421447754,297,639,639,586
16.272080421447754,297,639,639,586
16.272080421447754,297,639,639,586
16.272080421447754,298,639,639,586
16.272080421447754,298,639,639,586
16.272080421447754,298,639,641,587
16.272080421447754,298,638,641,587
16.272080421447754,299,638,641,587
16.272080421447754,299,639,641,587
16.272080421447754,299,639,641,587
16.272080421447754,299,640,641,588
16.272080421447754,299,640,641,588
16.284873008728027,299,641,641,588
16.284873008728027,299,641,641,587
16.284873008728027,299,642,641,587
16.284873008728027,300,642,641,587
16.284873008728027,300,642,641,587
16.284873008728027,300,642,641,587
16.284873008728027,300,641,641,587
16.284873008728027,300,641,641,587
16.284873008728027,300,641,641,587
16.284873008728027,300,641,641,587
16.284873008728027,300,641,641,587
16.284873008728027,300,640,641,587
16.284873008728027,300,640,641,587
16.284873008728027,300,640,641,587
16.284873008728027,300,640,641,587
16.284873008728027,300,641,637,586
16.284873008728027,300,641,637,586
16.284873008728027,300,641,637,586
16.300719738006592,300,640,637,585
16.301488399505615,300,640,637,585
16.301488399505615,300,640,637,585
16.301488399505615,299,639,637,585
16.301488399505615,299,639,637,585
16.301488399505615,299,638,637,585
16.301488399505615,299,637,637,585
16.301488399505615,299,637,637,585
16.301488399505615,299,637,637,585
16.301488399505615,299,636,637,585
16.301488399505615,298,636,637,585
16.301488399505615,298,637,637,585
16.301488399505615,298,637,637,585
16.301488399505615,298,637,637,585
16.301488399505615,298,637,637,585
16.301488399505615,298,637,637,585
16.301488399505615,298,637,637,585
16.301488399505615,297,637,637,585
16.316833972930908,297,637,637,585
16.318406581878662,297,637,638,585
16.318662643432617,297,636,638,586
16.318662643432617,296,637,638,586
16.318662643432617,296,637,638,586
16.318662643432617,296,637,638,586
16.318662643432617,296,637,638,586
16.318662643432617,296,638,638,586
16.318662643432617,295,638,638,586
16.318662643432617,295,639,638,586
16.318662643432617,295,639,638,585
16.318662643432617,295,639,638,585
16.318662643432617,295,639,638,585
16.318662643432617,295,639,638,585
16.318662643432617,295,638,638,585
16.318662643432617,295,638,638,585
16.318662643432617,295,637,638,586
16.332642078399658,294,637,638,586
16.332642078399658,294,637,638,586
16.334659099578857,294,637,638,586
16.334659099578857,294,638,638,586
16.336671352386475,294,638,638,586
16.336671352386475,294,638,638,586
16.336671352386475,294,638,636,585
16.336671352386475,294,639,636,585
16.336671352386475,294,639,636,585
16.336671352386475,294,639,636,584
16.336671352386475,294,639,636,584
16.336671352386475,293,638,636,584
16.336671352386475,293,638,636,584
16.336671352386475,293,637,636,584
16.336671352386475,293,637,636,584
16.336671352386475,294,636,636,584
16.336671352386475,294,635,636,584
16.336671352386475,294,635,636,584
16.34865927696228,294,635,636,584
16.34865927696228,294,635,636,584
16.34865927696228,294,635,636,585
16.34865927696228,294,635,636,585
16.35250735282898,294,636,636,585
16.35250735282898,294,636,636,585
16.35250735282898,294,636,636,585
16.35250735282898,294,636,636,585
16.35250735282898,295,637,636,585
16.35250735282898,295,637,636,584
16.35250735282898,329,637,639,585
16.35250735282898,329,637,639,585
16.35250735282898,330,637,639,585
16.35250735282898,330,637,639,585
16.35250735282898,330,636,639,586
16.35250735282898,296,637,639,586
16.35250735282898,296,637,639,586
16.364418506622314,297,637,639,586
16.364418506622314,297,638,639,586
16.364418506622314,297,639,639,586
16.364418506622314,297,639,639,586
16.364418506622314,297,639,639,586
16.364418506622314,297,639,639,586
16.364418506622314,298,639,639,586
16.364418506622314,298,639,639,586
16.364418506622314,298,640,639,586
16.364418506622314,298,640,639,585
16.364418506622314,298,640,639,585
16.364418506622314,299,639,639,585
16.364418506622314,299,639,639,586
16.364418506622314,299,639,639,586
16.364418506622314,299,639,639,586
16.364418506622314,333,639,637,585
16.364418506622314,333,639,637,585
16.380208492279053,333,638,637,585
16.38146471977234,333,638,637,585
16.382210731506348,299,639,637,585
16.382210731506348,299,638,637,585
16.382210731506348,300,638,637,585
16.382210731506348,300,638,637,585
16.382210731506348,300,638,637,585
16.382210731506348,300,637,637,584
16.382210731506348,300,637,637,585
16.382210731506348,300,637,637,585
16.382210731506348,300,637,637,585
16.382210731506348,300,637,637,585
16.382210731506348,300,637,637,585
16.382210731506348,300,637,637,585
16.382210731506348,300,637,637,585
16.382210731506348,300,637,637,585
16.382210731506348,300,637,637,585
16.395866632461548,300,637,637,585
16.395866632461548,300,637,637,585
16.395866632461548,300,637,637,585
16.395866632461548,300,637,637,585
16.395866632461548,300,636,637,585
16.395866632461548,299,637,637,585
16.395866632461548,299,636,637,585
16.395866632461548,299,637,637,585
16.395866632461548,299,637,637,585
16.395866632461548,299,637,637,585
16.395866632461548,299,637,637,585
16.395866632461548,298,637,637,585
16.395866632461548,298,637,637,585
16.395866632461548,298,637,637,585
16.395866632461548,298,637,637,585
16.395866632461548,298,637,637,585
16.395866632461548,298,637,637,585
16.395866632461548,298,637,637,585
16.411531686782837,298,637,637,585
16.411531686782837,298,637,637,585
16.411531686782837,298,637,637,585
16.411531686782837,298,637,637,585
16.411531686782837,297,637,637,585
16.411531686782837,297,637,637,585
16.411531686782837,297,637,637,585
16.411531686782837,297,637,637,585
16.411531686782837,297,637,635,584
16.411531686782837,297,637,635,584
16.411531686782837,296,637,635,584
16.411531686782837,296,637,635,584
16.411531686782837,296,637,635,584
16.411531686782837,296,636,635,583
16.411531686782837,296,636,635,584
16.411531686782837,296,635,635,584
16.411531686782837,295,635,635,584
16.411531686782837,295,635,635,584
16.427273511886597,295,635,635,584
16.428626537322998,295,635,635,584
16.429024934768677,295,635,635,584
16.429024934768677,295,635,635,584
16.429024934768677,295,635,635,584
16.429024934768677,295,635,635,584
16.429024934768677,295,635,635,584
16.429024934768677,295,635,635,584
16.429024934768677,295,635,635,584
16.429024934768677,295,635,635,584
16.429024934768677,295,635,635,584
16.429024934768677,295,635,635,584
16.429024934768677,295,635,636,584
16.429024934768677,295,636,636,584
16.429024934768677,294,636,636,584
16.429024934768677,295,635,636,584
16.429024934768677,295,635,636,584
16.443082809448242,295,635,636,584
16.443082809448242,295,635,636,584
16.443082809448242,295,636,636,584
16.443082809448242,295,636,636,584
16.443082809448242,295,636,636,584
16.443082809448242,295,636,636,584
16.443082809448242,296,635,636,584
16.443082809448242,296,636,636,584
16.443082809448242,296,635,636,584
16.443082809448242,296,636,636,585
16.443082809448242,296,636,636,584
16.45256996154785,296,636,636,584
16.45256996154785,296,636,636,584
16.45256996154785,296,636,636,584
16.45256996154785,297,636,636,584
16.45256996154785,297,636,636,584
16.45256996154785,297,636,636,584
16.45256996154785,297,636,636,584
16.458757877349854,297,636,636,584
16.460036754608154,297,636,636,584
16.460036754608154,297,636,636,584
16.460036754608154,298,636,636,584
16.460036754608154,298,636,636,584
16.460036754608154,298,635,636,584
16.460036754608154,298,636,636,585
16.460036754608154,298,636,636,585
16.460036754608154,298,635,636,585
16.460036754608154,299,636,636,585
16.460036754608154,299,636,636,585
16.460036754608154,299,637,636,584
16.460036754608154,299,637,636,584
16.460036754608154,299,637,636,584
16.460036754608154,299,637,636,584
16.460036754608154,299,637,636,584
16.460036754608154,299,637,636,584
16.460036754608154,300,637,636,584
16.474786520004272,300,636,636,584
16.474786520004272,300,636,636,584
16.474786520004272,300,635,636,584
16.474786520004272,300,635,637,584
16.474786520004272,300,635,637,585
16.474786520004272,300,635,637,585
16.474786520004272,300,635,637,585
16.474786520004272,300,635,637,585
16.474786520004272,300,636,637,585
16.474786520004272,300,636,637,585
16.474786520004272,300,637,637,585
16.474786520004272,300,637,637,585
16.474786520004272,300,637,637,585
16.474786520004272,300,637,637,585
16.474786520004272,300,637,637,585
16.474786520004272,300,638,637,585
16.474786520004272,300,638,637,585
16.490477323532104,300,637,637,585
16.491753578186035,300,637,637,585
16.491753578186035,300,637,637,585
16.491753578186035,300,637,637,585
16.491753578186035,300,637,637,585
16.491753578186035,300,637,637,585
16.491753578186035,300,637,637,585
16.491753578186035,300,637,637,585
16.491753578186035,299,637,637,585
16.491753578186035,333,637,633,584
16.491753578186035,333,637,633,583
16.491753578186035,333,637,633,583
16.491753578186035,332,637,633,583
16.491753578186035,298,636,633,583
16.491753578186035,298,635,633,582
16.491753578186035,298,634,633,582
16.491753578186035,298,634,633,582
16.491753578186035,298,633,633,583
16.50630211830139,298,633,633,583
16.50768232345581,298,632,633,583
16.50841188430786,297,632,633,583
16.50841188430786,297,632,633,583
16.50841188430786,297,632,633,583
16.50841188430786,297,633,633,583
16.50841188430786,297,633,633,583
16.50841188430786,297,634,633,583
16.50841188430786,297,634,633,583
16.50841188430786,297,633,633,583
16.50841188430786,297,633,633,583
16.50841188430786,297,633,633,583
16.50841188430786,296,633,633,583
16.50841188430786,296,633,635,583
16.50841188430786,296,633,635,583
16.50841188430786,296,633,635,584
16.50841188430786,296,633,635,584
16.52202320098877,296,633,635,584
16.52202320098877,296,633,635,584
16.52202320098877,296,634,635,584
16.52202320098877,296,635,635,584
16.52202320098877,296,635,635,584
16.52202320098877,296,635,635,584
16.52202320098877,295,635,635,584
16.52202320098877,295,636,635,584
16.52202320098877,296,635,635,584
16.52202320098877,296,636,635,584
16.52202320098877,296,636,635,584
16.52202320098877,296,636,635,584
16.52202320098877,296,636,635,583
16.52202320098877,296,636,635,583
16.52202320098877,296,636,635,583
16.52202320098877,296,635,635,583
16.52202320098877,296,635,635,583
16.537748098373413,296,635,635,583
16.537748098373413,330,635,634,583
16.537748098373413,330,634,634,583
16.537748098373413,330,634,634,583
16.537748098373413,330,634,634,583
16.537748098373413,296,634,634,583
16.537748098373413,297,634,634,583
16.537748098373413,297,634,634,583
16.537748098373413,297,634,634,583
16.537748098373413,297,634,634,583
16.537748098373413,297,634,634,583
16.537748098373413,297,634,634,583
16.537748098373413,297,634,634,583
16.537748098373413,297,634,634,583
16.537748098373413,297,634,634,583
16.537748098373413,298,634,634,583
16.537748098373413,298,634,634,583
16.55273675918579,298,634,634,583
16.553760766983032,298,634,634,583
16.55483651161194,298,634,634,583
16.55483651161194,298,634,634,583
16.55483651161194,299,634,634,583
16.55483651161194,299,633,634,583
16.55483651161194,332,633,636,584
16.55483651161194,333,633,636,584
16.55483651161194,333,634,636,584
16.55483651161194,333,634,636,584
16.55483651161194,333,634,636,584
16.55483651161194,299,635,636,585
16.55483651161194,299,635,636,584
16.55483651161194,300,636,636,585
16.55483651161194,300,636,636,584
16.55483651161194,300,636,636,584
16.55483651161194,300,636,636,584
16.55483651161194,300,637,636,584
16.55483651161194,300,637,636,584
16.56947374343872,300,636,636,584
16.56947374343872,300,636,636,584
16.56947374343872,300,636,636,584
16.56947374343872,301,636,636,584
16.56947374343872,301,636,636,584
16.56947374343872,301,636,636,584
16.56947374343872,301,636,636,584
16.56947374343872,301,636,636,584
16.56947374343872,301,636,636,584
16.56947374343872,334,636,634,584
16.56947374343872,334,636,634,584
16.56947374343872,334,636,634,583
16.56947374343872,334,636,634,583
16.56947374343872,334,636,634,583
16.56947374343872,300,635,634,583
16.56947374343872,300,635,634,583
16.56947374343872,300,635,634,583
16.58520197868347,300,634,634,583
16.58520197868347,300,634,634,583
16.58520197868347,300,634,634,583
16.58520197868347,300,633,634,583
16.58520197868347,300,634,634,583
16.58520197868347,300,634,634,583
16.58520197868347,300,634,634,583
16.58520197868347,300,634,634,583
16.58520197868347,300,634,634,583
16.58520197868347,299,634,634,583
16.58520197868347,299,634,634,583
16.58520197868347,299,633,634,584
16.58520197868347,299,634,634,583
16.58520197868347,299,633,634,584
16.58520197868347,299,633,634,584
16.58520197868347,332,634,634,584
16.58520197868347,332,634,634,584
16.600891828536987,332,634,634,584
16.600891828536987,332,634,634,584
16.602059602737427,298,634,634,584
16.602059602737427,298,635,634,584
16.602059602737427,298,635,634,583
16.602059602737427,298,636,634,583
16.602059602737427,297,636,634,583
16.602059602737427,297,635,634,583
16.602059602737427,297,635,634,583
16.602059602737427,297,634,634,583
16.602059602737427,297,634,634,583
16.602059602737427,297,634,634,583
16.602059602737427,297,634,634,583
16.602059602737427,297,634,634,583
16.602059602737427,297,634,634,583
16.602059602737427,296,634,634,583
16.602059602737427,296,633,634,583
16.602059602737427,296,634,634,583
16.61668086051941,296,634,634,583
16.61809778213501,296,634,634,583
16.618653059005737,296,634,632,583
16.618653059005737,296,634,632,582
16.618653059005737,296,634,632,582
16.618653059005737,296,633,632,582
16.618653059005737,296,633,632,582
16.618653059005737,296,633,632,582
16.618653059005737,296,632,632,582
16.618653059005737,296,632,632,582
16.618653059005737,296,632,632,582
16.618653059005737,296,632,632,582
16.618653059005737,296,632,632,582
16.618653059005737,296,632,632,582
16.618653059005737,296,632,632,582
16.618653059005737,296,632,632,582
16.618653059005737,296,632,632,582
16.632349252700806,296,632,632,582
16.632349252700806,296,632,632,582
16.634366273880005,296,632,632,582
16.634366273880005,296,632,632,582
16.634366273880005,296,633,632,582
16.634366273880005,296,632,632,582
16.634366273880005,297,632,632,582
16.634366273880005,297,632,635,583
16.634366273880005,297,632,635,583
16.634366273880005,297,631,635,583
16.634366273880005,297,632,635,584
16.634366273880005,297,632,635,584
16.634366273880005,298,633,635,584
16.634366273880005,298,634,635,584
16.634366273880005,298,634,635,584
16.634366273880005,298,635,635,584
16.634366273880005,298,635,635,584
16.634366273880005,299,636,635,584
16.64888334274292,299,636,635,584
16.64888334274292,299,636,635,584
16.65044379234314,299,636,635,584
16.65044379234314,299,636,635,583
16.65044379234314,299,636,635,583
16.652952432632446,299,636,635,583
16.652952432632446,300,636,635,583
16.652952432632446,300,635,635,583
16.652952432632446,300,635,635,583
16.652952432632446,300,634,635,583
16.652952432632446,300,634,635,584
16.652952432632446,300,634,633,583
16.652952432632446,300,634,633,583
16.652952432632446,300,634,633,583
16.652952432632446,300,634,633,583
16.652952432632446,300,634,633,583
16.652952432632446,300,634,633,583
16.663989067077637,300,634,633,583
16.663989067077637,300,634,633,583
16.663989067077637,300,634,633,583
16.663989067077637,300,634,633,583
16.663989067077637,300,634,633,582
16.663989067077637,300,634,633,582
16.663989067077637,300,634,633,582
16.663989067077637,301,633,633,582
16.663989067077637,301,633,633,582
16.663989067077637,301,633,633,582
16.663989067077637,301,632,633,583
16.663989067077637,301,632,633,583
16.663989067077637,301,632,633,583
16.663989067077637,301,632,633,583
16.663989067077637,301,632,633,583
16.663989067077637,301,633,633,583
16.663989067077637,334,633,634,583
16.663989067077637,334,633,634,583
16.680032968521118,334,633,634,583
16.680032968521118,334,633,634,583
16.680032968521118,300,633,634,583
16.680032968521118,300,633,634,584
16.680032968521118,300,634,634,583
16.680032968521118,300,634,634,583
16.680032968521118,300,634,634,583
16.680032968521118,300,634,634,583
16.680032968521118,300,634,634,583
16.680032968521118,300,634,634,583
16.680032968521118,300,634,634,583
16.680032968521118,299,634,634,583
16.680032968521118,299,634,634,583
16.680032968521118,299,633,634,583
16.680032968521118,299,633,634,584
16.680032968521118,299,634,634,584
16.680032968521118,299,634,634,583
16.696249961853027,299,634,634,583
16.696848392486572,298,634,634,583
16.696848392486572,298,634,634,583
16.696848392486572,298,634,631,583
16.696848392486572,298,634,631,582
16.696848392486572,298,634,631,582
16.696848392486572,298,634,631,582
16.696848392486572,298,633,631,582
16.696848392486572,298,633,631,582
16.696848392486572,297,632,631,582
16.696848392486572,297,632,631,582
16.696848392486572,297,632,631,582
16.696848392486572,297,632,631,582
16.696848392486572,297,632,631,582
16.696848392486572,297,632,631,581
16.696848392486572,297,632,631,581
16.696848392486572,297,632,631,581
16.696848392486572,297,631,631,581
16.71156334877014,297,631,631,581
16.71357798576355,297,631,631,581
16.71357798576355,297,630,631,582
16.71357798576355,297,630,631,582
16.71357798576355,297,630,631,582
16.71357798576355,297,630,631,582
16.71357798576355,297,630,631,582
16.71357798576355,330,630,635,583
16.71357798576355,330,631,635,583
16.71357798576355,330,631,635,584
16.71357798576355,330,632,635,584
16.71357798576355,297,632,635,584
16.71357798576355,297,633,635,584
16.71357798576355,297,634,635,584
16.71357798576355,297,635,635,584
16.71357798576355,297,635,635,584
16.71357798576355,297,636,635,584
16.728089809417725,297,636,635,584
16.728089809417725,297,636,635,584
16.728089809417725,297,636,635,584
16.728089809417725,297,636,635,583
16.728089809417725,297,636,635,583
16.728089809417725,298,636,635,583
16.728089809417725,298,636,635,583
16.728089809417725,298,635,635,583
16.728089809417725,298,635,635,583
16.728089809417725,298,635,635,583
16.728089809417725,298,634,635,583
16.728089809417725,298,634,635,584
16.728089809417725,332,634,631,583
16.728089809417725,332,634,631,582
16.728089809417725,332,634,631,582
16.728089809417725,332,634,631,582
16.728089809417725,299,634,631,582
16.743158102035522,299,634,631,581
16.744384765625,299,633,631,581
16.744932651519775,299,633,631,581
16.744932651519775,299,632,631,581
16.744932651519775,299,632,631,581
16.744932651519775,299,631,631,581
16.744932651519775,300,631,631,581
16.744932651519775,300,630,631,581
16.744932651519775,300,630,631,582
16.744932651519775,299,630,631,582
16.744932651519775,299,630,631,582
16.75289487838745,299,630,631,582
16.75289487838745,300,631,631,582
16.75289487838745,300,631,631,582
16.75289487838745,300,631,631,582
16.75289487838745,300,632,631,582
16.75289487838745,300,632,631,581
16.759094953536987,301,631,635,582
16.759094953536987,301,631,635,583
16.759094953536987,301,631,635,583
16.759094953536987,300,631,635,583
16.759094953536987,301,631,635,584
16.759094953536987,300,632,635,584
16.759094953536987,301,633,635,584
16.759094953536987,301,633,635,584
16.759094953536987,301,634,635,584
16.759094953536987,301,635,635,584
16.759094953536987,301,635,635,584
16.759094953536987,301,636,635,584
16.759094953536987,301,636,635,584
16.759094953536987,301,636,635,584
16.759094953536987,301,635,635,584
16.759094953536987,301,635,635,584
16.759094953536987,301,635,635,584
16.759094953536987,301,635,635,584
16.775187015533447,301,635,635,584
16.775187015533447,301,635,635,584
16.775187015533447,301,635,635,584
16.775187015533447,301,635,635,584
16.775187015533447,301,635,631,583
16.775187015533447,301,635,631,582
16.775187015533447,301,635,631,582
16.775187015533447,301,635,631,582
16.775187015533447,301,635,631,581
16.775187015533447,300,634,631,581
16.775187015533447,300,633,631,581
16.775187015533447,300,632,631,581
16.775187015533447,300,631,631,581
16.775187015533447,300,631,631,581
16.775187015533447,300,630,631,581
16.775187015533447,300,630,631,582
16.775187015533447,299,629,631,582
16.775187015533447,299,629,631,582
16.79109215736389,299,630,631,582
16.79109215736389,299,630,631,582
16.79109215736389,299,631,631,582
16.79109215736389,299,631,631,582
16.79109215736389,299,631,631,582
16.79109215736389,299,631,631,582
16.79109215736389,299,631,631,582
16.79109215736389,299,631,631,582
16.79109215736389,332,631,633,583
16.79109215736389,332,631,633,583
16.79109215736389,331,631,633,583
16.79109215736389,331,631,633,583
16.79109215736389,298,631,633,583
16.79109215736389,298,632,633,583
16.79109215736389,298,632,633,583
16.79109215736389,298,633,633,583
16.79109215736389,298,634,633,583
16.806739568710327,297,634,633,583
16.808169841766357,297,634,633,583
16.80842614173889,297,634,633,583
16.80842614173889,297,634,633,583
16.80842614173889,297,633,633,583
16.80842614173889,297,633,633,583
16.80842614173889,298,634,633,583
16.80842614173889,297,634,633,582
16.80842614173889,297,633,633,583
16.80842614173889,297,633,633,583
16.80842614173889,297,633,633,583
16.80842614173889,297,633,633,583
16.80842614173889,297,633,633,583
16.80842614173889,331,633,630,582
16.80842614173889,331,633,630,582
16.80842614173889,331,633,630,581
16.80842614173889,331,633,630,581
16.82246708869934,297,633,630,581
16.82246708869934,297,632,630,581
16.82246708869934,297,631,630,581
16.82246708869934,297,631,630,581
16.82246708869934,297,630,630,581
16.82246708869934,297,630,630,581
16.82246708869934,297,630,630,581
16.82246708869934,297,630,630,581
16.82246708869934,297,630,630,581
16.82246708869934,298,630,630,581
16.82246708869934,298,630,630,581
16.82246708869934,298,630,630,581
16.82246708869934,298,629,630,581
16.82246708869934,298,630,630,581
16.82246708869934,298,630,630,581
16.82246708869934,298,630,630,581
16.82246708869934,298,630,630,581
16.82246708869934,299,630,630,581
16.838258028030396,332,630,635,582
16.838258028030396,332,630,635,582
16.838258028030396,332,630,635,583
16.838258028030396,332,630,635,583
16.838258028030396,332,630,635,584
16.838258028030396,299,631,635,584
16.838258028030396,299,632,635,584
16.838258028030396,299,633,635,584
16.838258028030396,300,634,635,584
16.838258028030396,300,634,635,584
16.838258028030396,300,635,635,584
16.838258028030396,300,635,635,584
16.838258028030396,301,636,635,584
16.838258028030396,301,636,635,584
16.838258028030396,301,636,635,583
16.838258028030396,301,636,635,583
16.853162050247192,301,636,635,583
16.854171752929688,301,636,635,583
16.854171752929688,301,636,635,583
16.854171752929688,302,635,635,583
16.854171752929688,302,635,635,583
16.854171752929688,302,634,635,584
16.858893394470215,335,634,631,583
16.85914158821106,335,634,631,582
16.85914158821106,335,634,631,582
16.85914158821106,335,634,631,582
16.85914158821106,335,634,631,582
16.85914158821106,301,633,631,581
16.85914158821106,301,633,631,581
16.85914158821106,301,632,631,581
16.85914158821106,301,631,631,581
16.85914158821106,301,631,631,582
16.85914158821106,301,631,631,582
16.85914158821106,301,631,631,582
16.85914158821106,301,630,631,582
16.869852304458618,301,631,631,582
16.869852304458618,301,631,631,582
16.869852304458618,301,631,631,582
16.869852304458618,301,631,631,582
16.869852304458618,301,632,631,582
16.869852304458618,300,632,631,581
16.869852304458618,300,632,631,581
16.869852304458618,300,632,631,581
16.869852304458618,300,631,631,581
16.869852304458618,300,630,632,582
16.869852304458618,300,630,632,582
16.869852304458618,300,630,632,582
16.869852304458618,300,630,632,582
16.869852304458618,300,630,632,582
16.869852304458618,300,630,632,583
16.869852304458618,300,631,632,582
16.869852304458618,300,631,632,582
16.885518789291382,299,632,632,583
16.887102603912354,300,632,632,582
16.887495040893555,299,632,632,582
16.887495040893555,299,632,632,582
16.887495040893555,299,632,632,582
16.887495040893555,299,632,632,582
16.887495040893555,299,632,632,582
16.887495040893555,299,632,632,582
16.887495040893555,299,632,632,582
16.887495040893555,299,632,632,582
16.887495040893555,298,632,632,582
16.887495040893555,298,632,632,582
16.887495040893555,298,631,632,582
16.887495040893555,298,631,632,583
16.887495040893555,331,632,631,582
16.887495040893555,331,632,631,582
16.887495040893555,331,632,631,582
16.901217460632324,331,632,631,582
16.901217460632324,331,632,631,582
16.901217460632324,298,632,631,582
16.901217460632324,298,632,631,582
16.901217460632324,298,632,631,582
16.901217460632324,298,632,631,582
16.901217460632324,298,632,631,582
16.901217460632324,298,632,631,581
16.901217460632324,298,632,631,581
16.901217460632324,298,632,631,581
16.901217460632324,298,632,631,581
16.901217460632324,298,631,631,581
16.901217460632324,298,631,631,581
16.901217460632324,298,630,631,581
16.901217460632324,298,630,631,582
16.901217460632324,298,630,631,582
16.901217460632324,298,630,631,582
16.917243480682373,298,631,631,582
16.917243480682373,298,631,631,582
16.917243480682373,298,631,633,582
16.917243480682373,298,631,633,582
16.917243480682373,298,631,633,582
16.917243480682373,299,631,633,583
16.917243480682373,299,632,633,583
16.917243480682373,299,632,633,583
16.917243480682373,299,632,633,583
16.917243480682373,299,632,633,583
16.917243480682373,299,633,633,583
16.917243480682373,299,633,633,583
16.917243480682373,299,634,633,583
16.917243480682373,299,634,633,582
16.917243480682373,299,634,633,582
16.917243480682373,299,634,633,582
16.917243480682373,299,634,633,582
16.933002710342407,299,633,633,582
16.933002710342407,299,633,633,582
16.934361219406128,299,632,633,582
16.935192823410034,300,632,633,583
16.935192823410034,300,632,633,583
16.935192823410034,300,632,633,583
16.935192823410034,300,632,633,583
16.935192823410034,300,633,632,583
16.935192823410034,300,633,632,582
16.935192823410034,300,634,632,582
16.935192823410034,300,634,632,582
16.935192823410034,300,633,632,582
16.935192823410034,301,633,632,582
16.935192823410034,301,633,632,582
16.935192823410034,301,632,632,582
16.935192823410034,301,632,632,582
16.935192823410034,301,632,632,582
16.935192823410034,301,632,632,582
16.935192823410034,301,632,632,582
16.94874358177185,301,632,632,582
16.949888467788696,301,632,632,582
16.949888467788696,301,632,632,582
16.949888467788696,301,632,632,582
16.95338726043701,301,632,632,582
16.954211711883545,301,632,632,582
16.954211711883545,300,632,632,582
16.954211711883545,300,632,632,582
16.954211711883545,300,632,632,582
16.954211711883545,301,632,632,582
16.954211711883545,301,632,633,582
16.954211711883545,301,632,633,582
16.954211711883545,301,631,633,583
16.954211711883545,301,631,633,583
16.954211711883545,301,631,633,583
16.954211711883545,301,631,633,583
16.954211711883545,301,632,633,583
16.964431047439575,301,632,633,583
16.964431047439575,301,633,633,583
16.964431047439575,301,633,633,583
16.964431047439575,301,634,633,583
16.964431047439575,300,634,633,583
16.964431047439575,300,634,633,583
16.964431047439575,300,634,633,583
16.964431047439575,300,634,633,583
16.964431047439575,300,634,633,583
16.964431047439575,300,634,633,582
16.964431047439575,300,633,633,582
16.964431047439575,300,633,633,583
16.964431047439575,300,633,633,583
16.964431047439575,300,633,633,583
16.964431047439575,300,633,633,583
16.964431047439575,300,633,631,582
16.964431047439575,299,633,631,582
16.980122566223145,299,633,631,582
16.981098651885986,299,633,631,582
16.981098651885986,299,633,631,582
16.981098651885986,299,633,631,581
16.981098651885986,299,633,631,581
16.981098651885986,298,632,631,581
16.981098651885986,298,631,631,581
16.981098651885986,298,631,631,581
16.981098651885986,298,630,631,581
16.981098651885986,298,630,631,582
16.981098651885986,298,630,631,582
16.981098651885986,298,630,631,582
16.981098651885986,298,630,631,582
16.981098651885986,298,630,631,582
16.981098651885986,298,631,631,582
16.981098651885986,298,631,631,582
16.981098651885986,298,631,631,582
16.995779991149902,298,632,631,582
16.995779991149902,298,632,631,581
16.995779991149902,298,632,631,581
16.995779991149902,298,632,632,582
16.995779991149902,298,631,632,582
16.995779991149902,298,631,632,582
16.995779991149902,298,631,632,582
16.995779991149902,298,631,632,582
16.995779991149902,298,631,632,582
16.995779991149902,298,631,632,582
16.995779991149902,298,632,632,582
16.995779991149902,298,632,632,582
16.995779991149902,298,632,632,582
16.995779991149902,298,632,632,582
16.995779991149902,298,632,632,582
16.995779991149902,298,632,632,582
16.995779991149902,298,632,632,582
16.995779991149902,298,632,632,582
17.012174367904663,298,632,632,582
17.013013124465942,298,632,632,582
17.013013124465942,299,632,632,582
17.013013124465942,299,632,632,582
17.013013124465942,299,632,632,582
17.013013124465942,299,632,632,582
17.013013124465942,299,632,632,582
17.013013124465942,299,632,632,582
17.013013124465942,299,632,632,582
17.013013124465942,299,632,632,582
17.013013124465942,299,632,632,582
17.013013124465942,299,632,632,582
17.013013124465942,299,632,632,582
17.013013124465942,299,632,632,582
17.013013124465942,299,632,632,582
17.013013124465942,299,632,632,582
17.013013124465942,300,632,632,582
17.013013124465942,300,632,632,582
17.027235746383667,300,632,632,582
17.027235746383667,300,632,632,582
17.027235746383667,300,632,632,582
17.027235746383667,300,632,632,582
17.027235746383667,300,632,632,582
17.027235746383667,300,632,632,582
17.027235746383667,300,632,632,582
17.027235746383667,300,632,632,582
17.027235746383667,300,632,632,582
17.027235746383667,300,632,632,582
17.027235746383667,301,632,632,582
17.027235746383667,301,632,632,582
17.027235746383667,301,632,632,582
17.027235746383667,301,632,632,582
17.027235746383667,301,631,632,582
17.027235746383667,301,631,632,582
17.027235746383667,301,631,632,582
17.043118715286255,301,631,632,582
17.043118715286255,301,631,632,582
17.043118715286255,301,632,632,582
17.043118715286255,301,632,632,582
17.043118715286255,301,632,632,582
17.043118715286255,301,632,632,582
17.043118715286255,301,632,632,582
17.043118715286255,301,632,632,582
17.043118715286255,301,632,632,582
17.043118715286255,301,632,632,582
17.043118715286255,301,632,632,582
17.043118715286255,301,632,632,582
17.05317258834839,301,632,632,582
17.05317258834839,301,632,632,582
17.05317258834839,301,632,632,582
17.05317258834839,301,632,632,582
17.05317258834839,301,632,632,582
17.05317258834839,301,632,632,582
17.058827877044678,334,632,631,582
17.060083150863647,334,632,631,582
17.060083150863647,334,632,631,582
17.061463594436646,334,632,631,582
17.062105894088745,301,632,631,582
17.062105894088745,301,632,631,582
17.062105894088745,301,631,631,581
17.062105894088745,300,631,631,582
17.062105894088745,300,631,631,582
17.062105894088745,300,631,631,582
17.062105894088745,300,631,631,582
17.062105894088745,300,632,631,582
17.062105894088745,300,632,631,581
17.062105894088745,300,631,631,581
17.062105894088745,300,632,631,581
17.062105894088745,300,631,631,581
17.062105894088745,300,631,631,581
17.074506521224976,300,630,631,582
17.074506521224976,300,630,631,582
17.074506521224976,300,630,631,582
17.074506521224976,300,630,631,582
17.074506521224976,300,630,631,582
17.074506521224976,300,630,632,582
17.074506521224976,299,631,632,582
17.074506521224976,299,631,632,582
17.074506521224976,299,631,632,582
17.074506521224976,299,631,632,582
17.074506521224976,299,631,632,582
17.074506521224976,299,631,632,583
17.074506521224976,299,631,632,583
17.074506521224976,299,631,632,583
17.074506521224976,299,632,632,583
17.074506521224976,299,633,632,583
17.074506521224976,299,633,632,582
17.09017324447632,298,633,632,582
17.091201782226562,299,633,632,582
17.091731786727905,299,633,632,582
17.091731786727905,299,633,632,582
17.091731786727905,299,633,632,582
17.091731786727905,299,632,632,582
17.091731786727905,298,632,632,582
17.091731786727905,298,632,632,582
17.091731786727905,298,632,632,582
17.091731786727905,298,632,632,582
17.091731786727905,332,632,630,582
17.091731786727905,332,632,630,581
17.091731786727905,332,632,630,581
17.091731786727905,332,632,630,581
17.091731786727905,298,632,630,581
17.091731786727905,298,631,630,581
17.091731786727905,298,631,630,581
17.091731786727905,298,631,630,581
17.10610842704773,298,630,630,581
17.10610842704773,298,630,630,581
17.10610842704773,298,630,630,581
17.10610842704773,299,630,630,581
17.10610842704773,299,630,630,581
17.10610842704773,299,630,630,581
17.10610842704773,298,630,630,581
17.10610842704773,298,630,630,581
17.10610842704773,298,630,630,581
17.10610842704773,298,630,630,581
17.10610842704773,298,630,630,581
17.10610842704773,299,630,630,581
17.10610842704773,299,630,630,581
17.10610842704773,299,630,630,581
17.10610842704773,332,630,633,582
17.10610842704773,333,630,633,582
17.10610842704773,333,630,633,582
17.10610842704773,333,630,633,582
17.121857166290283,333,630,633,583
17.123531579971313,300,631,633,583
17.123785734176636,300,631,633,583
17.123785734176636,300,632,633,583
17.123785734176636,300,632,633,583
17.123785734176636,300,632,633,583
17.123785734176636,300,633,633,583
17.123785734176636,300,634,633,582
17.123785734176636,301,634,633,582
17.123785734176636,301,634,633,582
17.123785734176636,301,634,633,582
17.123785734176636,301,633,633,582
17.123785734176636,301,633,633,582
17.123785734176636,301,632,633,582
17.123785734176636,301,632,633,583
17.123785734176636,301,632,633,583
17.123785734176636,301,632,633,583
17.137739896774292,301,632,633,583
17.137739896774292,334,632,631,582
17.137739896774292,334,633,631,582
17.137739896774292,334,633,631,582
17.137739896774292,335,633,631,582
17.137739896774292,335,633,631,582
17.137739896774292,301,633,631,581
17.137739896774292,301,632,631,581
17.137739896774292,301,632,631,581
17.137739896774292,301,632,631,581
17.137739896774292,301,631,631,581
17.137739896774292,301,631,631,581
17.137739896774292,301,631,631,581
17.137739896774292,301,630,631,582
17.137739896774292,301,630,631,582
17.137739896774292,301,630,631,582
17.137739896774292,301,630,631,582
17.15348982810974,301,630,631,582
17.15348982810974,301,631,631,582
17.15348982810974,301,631,631,582
17.15348982810974,301,632,631,582
17.15348982810974,301,632,631,582
17.15348982810974,301,632,631,582
17.15348982810974,301,632,632,582
17.15348982810974,301,632,632,582
17.15348982810974,301,632,632,582
17.15348982810974,300,632,632,582
17.15348982810974,300,631,632,582
17.15348982810974,300,631,632,582
17.15348982810974,300,631,632,582
17.15348982810974,300,631,632,582
17.15348982810974,300,631,632,582
17.15348982810974,300,632,632,582
17.15348982810974,300,632,632,582
17.15348982810974,300,632,632,582
17.169169902801514,300,632,632,582
17.169169902801514,299,632,632,582
17.169169902801514,299,632,632,582
17.169169902801514,299,632,632,582
17.169169902801514,299,632,632,582
17.169169902801514,299,632,632,582
17.169169902801514,299,632,632,582
17.169169902801514,299,632,632,582
17.169169902801514,299,632,632,582
17.169169902801514,298,632,632,582
17.169169902801514,298,632,629,581
17.169169902801514,332,632,629,581
17.169169902801514,332,632,629,581
17.169169902801514,332,631,629,581
17.169169902801514,332,631,629,581
17.169169902801514,298,631,629,581
17.169169902801514,298,631,629,580
17.185033798217773,298,631,629,580
17.185033798217773,298,630,629,580
17.185033798217773,298,630,629,580
17.185033798217773,298,629,629,580
17.185033798217773,298,628,629,580
17.185033798217773,298,628,629,581
17.185033798217773,298,628,629,581
17.185033798217773,298,628,629,581
17.185033798217773,298,628,629,581
