time,pos,cur,cmd_pos,cmd_cur
0.0,232,518,512,512
0.0008852481842041016,232,518,512,512
0.0008852481842041016,232,517,512,512
0.0018172264099121094,232,517,512,512
0.0018172264099121094,232,517,512,512
0.0018172264099121094,232,517,512,512
0.0018172264099121094,232,517,512,512
0.0018172264099121094,232,516,512,512
0.0018172264099121094,233,516,512,512
0.007458686828613281,233,516,512,512
0.008721590042114258,232,516,512,512
0.008721590042114258,232,517,512,512
0.00973200798034668,232,517,512,512
0.010728120803833008,232,516,512,512
0.011728763580322266,232,516,512,512
0.012728452682495117,232,516,512,512
0.01372838020324707,232,516,512,512
0.014728307723999023,232,516,512,512
0.015729188919067383,231,516,512,512
0.015729188919067383,231,516,512,512
0.01672983169555664,231,516,512,512
0.017728567123413086,231,515,512,512
0.01872873306274414,231,515,512,512
0.019728899002075195,231,515,512,512
0.020730018615722656,230,515,512,512
0.021729230880737305,230,515,512,512
0.021729230880737305,230,516,512,512
0.0237276554107666,230,516,512,512
0.024454355239868164,230,516,512,512
0.025290489196777344,230,515,512,512
0.026284217834472656,229,516,512,512
0.02708888053894043,229,515,512,512
0.02708888053894043,229,515,512,512
0.028100013732910156,229,516,512,512
0.029097795486450195,228,516,512,512
0.03009796142578125,228,516,512,512
0.031097888946533203,228,516,512,512
0.03209996223449707,227,516,512,512
0.03309750556945801,227,516,512,512
0.03409910202026367,227,516,512,512
0.03409910202026367,227,516,512,512
0.03509831428527832,227,516,512,512
0.03609871864318848,226,516,512,512
0.03709816932678223,226,515,512,512
0.03809857368469238,226,515,512,512
0.03909873962402344,226,515,512,512
0.04009842872619629,225,515,512,512
0.041372060775756836,225,515,512,512
0.042389869689941406,225,516,512,512
0.042389869689941406,225,515,512,512
0.04339289665222168,225,515,512,512
0.0446932315826416,225,515,512,512
0.04562568664550781,225,515,512,512
0.04589962959289551,225,516,512,512
0.04691004753112793,225,516,512,512
0.047907352447509766,225,516,512,512
0.04890799522399902,224,516,512,512
0.04990816116333008,225,516,512,512
0.05090761184692383,224,516,512,512
0.05090761184692383,224,515,512,512
0.051906585693359375,224,516,512,512
0.052909135818481445,224,516,512,512
0.0539090633392334,224,515,512,512
0.05490899085998535,224,515,512,512
0.0559086799621582,224,515,512,512
0.05690741539001465,224,515,512,512
0.05759882926940918,224,515,512,512
0.058272600173950195,224,515,512,512
0.05945634841918945,224,516,512,512
0.06045174598693848,224,516,512,512
0.06145167350769043,224,515,512,512
0.06145167350769043,224,516,512,512
0.06330370903015137,224,516,512,512
0.06330370903015137,225,515,512,512
0.06431913375854492,225,516,512,512
0.06531476974487305,225,516,512,512
0.0663144588470459,225,516,512,512
0.06731510162353516,225,516,512,512
0.06831479072570801,225,516,512,512
0.06931686401367188,225,516,512,512
0.06931686401367188,225,516,512,512
0.07031488418579102,225,516,512,512
0.07131457328796387,225,516,512,512
0.07231569290161133,225,516,512,512
0.07331538200378418,226,516,512,512
0.07420063018798828,226,516,512,512
0.07420063018798828,226,516,512,512
0.07548737525939941,226,516,512,512
0.07648634910583496,227,516,512,512
0.077484130859375,227,516,512,512
0.07848405838012695,227,516,512,512
0.07981348037719727,228,515,512,512
0.0804131031036377,228,516,512,512
0.08142280578613281,228,516,512,512
0.08242511749267578,228,516,512,512
0.08242511749267578,229,516,512,512
0.08342552185058594,229,516,512,512
0.08442306518554688,229,516,512,512
0.08542490005493164,229,516,512,512
0.0864264965057373,229,516,512,512
0.08742380142211914,229,516,512,512
0.0884253978729248,230,516,512,512
0.08942508697509766,230,516,512,512
0.0904240608215332,230,516,512,512
0.0909883975982666,230,516,512,512
0.0909883975982666,230,516,512,512
0.0909883975982666,230,515,512,512
0.0909883975982666,231,515,512,512
0.0909883975982666,231,515,512,512
0.0909883975982666,231,515,512,512
0.0909883975982666,231,515,512,512
0.0909883975982666,231,515,512,512
0.0909883975982666,231,515,512,512
0.09892773628234863,232,515,512,512
0.09892773628234863,232,515,512,512
0.09892773628234863,232,515,512,512
0.09892773628234863,232,516,512,512
0.09892773628234863,232,515,512,512
0.09892773628234863,232,515,512,512
0.09892773628234863,232,515,512,512
0.09892773628234863,231,515,512,512
0.09892773628234863,231,515,512,512
0.10684323310852051,232,515,512,512
0.10684323310852051,232,515,512,512
0.10684323310852051,231,515,512,512
0.10684323310852051,231,515,512,512
0.10684323310852051,231,514,512,512
0.10684323310852051,231,514,512,512
0.10684323310852051,231,514,512,512
0.10684323310852051,231,515,512,512
0.10684323310852051,231,515,512,512
0.10684323310852051,231,515,512,512
0.10684323310852051,231,514,512,512
0.10684323310852051,231,515,512,512
0.10684323310852051,231,514,512,512
0.10684323310852051,230,514,512,512
0.10684323310852051,230,515,512,512
0.10684323310852051,230,515,512,512
0.10684323310852051,230,515,512,512
0.10684323310852051,230,515,512,512
0.12264227867126465,230,515,512,512
0.12264227867126465,229,514,512,512
0.12264227867126465,229,514,512,512
0.12545371055603027,229,515,512,512
0.12596631050109863,229,515,512,512
0.12596631050109863,228,515,512,512
0.12596631050109863,228,514,512,512
0.12596631050109863,228,514,512,512
0.12596631050109863,228,514,512,512
0.12596631050109863,228,514,512,512
0.12596631050109863,228,515,512,512
0.12596631050109863,228,515,512,512
0.12596631050109863,227,515,512,512
0.12596631050109863,227,515,512,512
0.12596631050109863,227,514,512,512
0.12596631050109863,227,514,512,512
0.12596631050109863,227,514,512,512
0.12596631050109863,226,515,512,512
0.1382889747619629,226,514,512,512
0.1382889747619629,226,514,512,512
0.1382889747619629,226,514,512,512
0.1382889747619629,225,514,512,512
0.1382889747619629,225,514,512,512
0.1382889747619629,225,515,512,512
0.1382889747619629,225,515,512,512
0.1382889747619629,225,515,512,512
0.1382889747619629,225,514,512,512
0.1382889747619629,224,514,512,512
0.1382889747619629,224,514,512,512
0.1382889747619629,224,514,512,512
0.1382889747619629,224,515,512,512
0.1382889747619629,224,515,512,512
0.1382889747619629,224,515,512,512
0.1382889747619629,224,514,512,512
0.1382889747619629,224,515,512,512
0.1382889747619629,224,515,512,512
0.15408730506896973,224,515,512,512
0.15408730506896973,224,515,512,512
0.15611720085144043,224,515,512,512
0.1563701629638672,224,515,512,512
0.15785646438598633,224,515,512,512
0.15785646438598633,224,515,512,512
0.15785646438598633,224,515,512,512
0.15785646438598633,224,515,512,512
0.15785646438598633,224,515,512,512
0.15785646438598633,224,515,512,512
0.15785646438598633,224,515,512,512
0.15785646438598633,225,515,512,512
0.15785646438598633,225,515,512,512
0.15785646438598633,225,515,512,512
0.15785646438598633,225,515,512,512
0.15785646438598633,226,515,512,512
0.15785646438598633,226,515,512,512
0.15785646438598633,226,515,512,512
0.1699070930480957,226,515,512,512
0.1699070930480957,226,515,512,512
0.1699070930480957,226,515,512,512
0.1699070930480957,226,515,512,512
0.1699070930480957,227,516,512,512
0.1699070930480957,227,515,512,512
0.1699070930480957,227,515,512,512
0.1699070930480957,227,515,512,512
0.1699070930480957,227,515,512,512
0.1699070930480957,227,515,512,512
0.1699070930480957,227,515,512,512
0.1699070930480957,228,515,512,512
0.1699070930480957,228,515,512,512
0.1699070930480957,228,515,512,512
0.1699070930480957,229,515,512,512
0.1699070930480957,229,515,512,512
0.1699070930480957,229,515,512,512
0.1699070930480957,229,515,512,512
0.18574070930480957,229,516,512,512
0.18698406219482422,229,516,512,512
0.1877002716064453,229,515,512,512
0.1877002716064453,230,515,512,512
0.18971586227416992,230,515,512,512
0.19072818756103516,230,515,512,512
0.19072818756103516,230,515,512,512
0.19145989418029785,230,515,512,512
0.19259381294250488,230,515,512,512
0.1941969394683838,230,515,512,512
0.19470524787902832,230,515,512,512
0.19576501846313477,230,515,512,512
0.19576501846313477,231,515,512,512
0.19672155380249023,231,515,512,512
0.1977250576019287,231,515,512,512
0.19871830940246582,231,515,512,512
0.19971871376037598,231,515,512,512
0.20071721076965332,231,515,512,512
0.2017226219177246,231,515,512,512
0.20272016525268555,231,515,512,512
0.20372271537780762,231,515,512,512
0.20372271537780762,231,515,512,512
0.20472025871276855,231,515,512,512
0.2057197093963623,231,515,512,512
0.20672273635864258,231,515,512,512
0.2077195644378662,231,515,512,512
0.2083275318145752,231,514,512,512
0.20938944816589355,231,515,512,512
0.21079564094543457,231,515,512,512
0.21106648445129395,231,515,512,512
0.21207499504089355,231,515,512,512
0.2130753993988037,231,515,512,512
0.21407508850097656,230,514,512,512
0.21407508850097656,230,514,512,512
0.21507716178894043,230,514,512,512
0.21607518196105957,230,514,512,512
0.21707701683044434,230,514,512,512
0.21807599067687988,230,514,512,512
0.21907377243041992,230,514,512,512
0.2200784683227539,230,514,512,512
0.22107553482055664,230,514,512,512
0.2220776081085205,230,514,512,512
0.2220776081085205,229,515,512,512
0.22307515144348145,229,515,512,512
0.2248823642730713,229,514,512,512
0.2248823642730713,229,514,512,512
0.22589421272277832,229,514,512,512
0.22741937637329102,229,514,512,512
0.22790884971618652,228,515,512,512
0.22891831398010254,228,514,512,512
0.2299189567565918,228,514,512,512
0.2299189567565918,228,514,512,512
0.23091912269592285,227,514,512,512
0.2319178581237793,227,514,512,512
0.23291921615600586,227,514,512,512
0.2339165210723877,227,514,512,512
0.23491930961608887,226,514,512,512
0.23591923713684082,226,514,512,512
0.23691892623901367,226,514,512,512
0.23691892623901367,226,514,512,512
0.23791861534118652,226,514,512,512
0.2389218807220459,226,514,512,512
0.23991799354553223,226,515,512,512
0.240922212600708,226,514,512,512
0.240922212600708,226,514,512,512
0.240922212600708,226,514,512,512
0.240922212600708,226,514,512,512
0.240922212600708,225,514,512,512
0.240922212600708,225,515,512,512
0.240922212600708,225,515,512,512
0.240922212600708,225,515,512,512
0.240922212600708,225,514,512,512
0.240922212600708,225,515,512,512
0.240922212600708,225,514,512,512
0.240922212600708,225,514,512,512
0.240922212600708,225,515,512,512
0.240922212600708,225,515,512,512
0.240922212600708,225,515,512,512
0.240922212600708,225,514,512,512
0.240922212600708,225,514,512,512
0.240922212600708,225,514,512,512
0.25679588317871094,225,514,512,512
0.25679588317871094,225,514,512,512
0.25679588317871094,225,514,512,512
0.25679588317871094,225,514,512,512
0.25679588317871094,225,514,512,512
0.25679588317871094,225,514,512,512
0.25679588317871094,225,514,512,512
0.25679588317871094,225,515,512,512
0.25679588317871094,225,515,512,512
0.25679588317871094,225,515,512,512
0.25679588317871094,225,515,512,512
0.25679588317871094,225,515,512,512
0.25679588317871094,226,515,512,512
0.25679588317871094,226,514,512,512
0.25679588317871094,226,515,512,512
0.25679588317871094,226,515,512,512
0.25679588317871094,226,515,512,512
0.25679588317871094,226,515,512,512
0.2724921703338623,227,515,512,512
0.2724921703338623,227,515,512,512
0.2724921703338623,227,515,512,512
0.2724921703338623,227,515,512,512
0.2724921703338623,228,515,512,512
0.2724921703338623,228,515,512,512
0.2724921703338623,228,515,512,512
0.2724921703338623,228,515,512,512
0.2724921703338623,228,515,512,512
0.2724921703338623,228,515,512,512
0.2724921703338623,228,515,512,512
0.2724921703338623,228,515,512,512
0.2724921703338623,228,515,512,512
0.2724921703338623,229,515,512,512
0.2724921703338623,229,515,512,512
0.2724921703338623,229,515,512,512
0.2724921703338623,229,515,512,512
0.2724921703338623,229,515,512,512
0.288360595703125,230,515,512,512
0.288360595703125,230,515,512,512
0.29061031341552734,230,514,512,512
0.29061031341552734,230,514,512,512
0.29061031341552734,230,515,512,512
0.2926201820373535,230,515,512,512
0.2926201820373535,231,515,512,512
0.29462647438049316,231,515,512,512
0.29462647438049316,231,515,512,512
0.2966330051422119,231,514,512,512
0.2966330051422119,231,514,512,512
0.29863691329956055,231,514,512,512
0.29863691329956055,231,514,512,512
0.29863691329956055,231,514,512,512
0.3006398677825928,231,514,512,512
0.3006398677825928,231,514,512,512
0.3006398677825928,231,514,512,512
0.3006398677825928,231,515,512,512
0.3041379451751709,231,515,512,512
0.3055877685546875,231,514,512,512
0.3058755397796631,231,515,512,512
0.3058755397796631,231,515,512,512
0.3058755397796631,231,514,512,512
0.3058755397796631,231,514,512,512
0.3058755397796631,231,514,512,512
0.3058755397796631,231,514,512,512
0.3058755397796631,230,514,512,512
0.3058755397796631,230,514,512,512
0.3058755397796631,230,515,512,512
0.3058755397796631,230,514,512,512
0.3058755397796631,230,514,512,512
0.3058755397796631,230,514,512,512
0.3058755397796631,230,514,512,512
0.3058755397796631,229,514,512,512
0.3058755397796631,229,514,512,512
0.3058755397796631,229,514,512,512
0.31986403465270996,229,514,512,512
0.31986403465270996,229,514,512,512
0.31986403465270996,229,514,512,512
0.31986403465270996,229,514,512,512
0.31986403465270996,229,514,512,512
0.31986403465270996,228,514,512,512
0.31986403465270996,228,514,512,512
0.31986403465270996,228,514,512,512
0.31986403465270996,228,514,512,512
0.31986403465270996,228,514,512,512
0.31986403465270996,228,514,512,512
0.31986403465270996,228,514,512,512
0.31986403465270996,227,515,512,512
0.31986403465270996,227,514,512,512
0.31986403465270996,227,514,512,512
0.31986403465270996,227,515,512,512
0.31986403465270996,227,514,512,512
0.31986403465270996,227,514,512,512
0.33561134338378906,227,514,512,512
0.33561134338378906,226,514,512,512
0.33561134338378906,226,514,512,512
0.33561134338378906,226,514,512,512
0.33561134338378906,226,514,512,512
0.33561134338378906,226,514,512,512
0.33561134338378906,226,514,512,512
0.33561134338378906,226,514,512,512
0.33561134338378906,226,515,512,512
0.33561134338378906,226,515,512,512
0.33561134338378906,226,514,512,512
0.33561134338378906,225,515,512,512
0.33561134338378906,225,514,512,512
0.33561134338378906,225,514,512,512
0.33561134338378906,225,515,512,512
0.33561134338378906,225,515,512,512
0.33561134338378906,225,515,512,512
0.33561134338378906,225,514,512,512
0.3513481616973877,225,514,512,512
0.3530404567718506,225,514,512,512
0.35341858863830566,225,514,512,512
0.35341858863830566,225,515,512,512
0.35341858863830566,225,515,512,512
0.35341858863830566,225,515,512,512
0.35341858863830566,225,514,512,512
0.35341858863830566,225,515,512,512
0.35341858863830566,225,514,512,512
0.35341858863830566,226,514,512,512
0.35341858863830566,226,515,512,512
0.35341858863830566,226,515,512,512
0.35341858863830566,226,515,512,512
0.35341858863830566,226,514,512,512
0.35341858863830566,226,515,512,512
0.35341858863830566,226,515,512,512
0.35341858863830566,226,515,512,512
0.35341858863830566,226,515,512,512
0.3670835494995117,226,515,512,512
0.3670835494995117,227,515,512,512
0.3670835494995117,227,515,512,512
0.3670835494995117,226,515,512,512
0.3670835494995117,226,515,512,512
0.3670835494995117,227,515,512,512
0.3670835494995117,227,515,512,512
0.3670835494995117,227,515,512,512
0.3670835494995117,227,515,512,512
0.3670835494995117,228,515,512,512
0.3670835494995117,228,515,512,512
0.3670835494995117,228,515,512,512
0.3670835494995117,228,514,512,512
0.3670835494995117,228,515,512,512
0.3670835494995117,228,514,512,512
0.3670835494995117,228,514,512,512
0.3670835494995117,228,514,512,512
0.38272833824157715,228,514,512,512
0.383697509765625,229,514,512,512
0.38434767723083496,229,515,512,512
0.38434767723083496,229,515,512,512
0.38434767723083496,229,515,512,512
0.38434767723083496,229,515,512,512
0.38434767723083496,229,515,512,512
0.38434767723083496,230,515,512,512
0.38434767723083496,230,515,512,512
0.38434767723083496,230,515,512,512
0.38434767723083496,230,515,512,512
0.38434767723083496,230,515,512,512
0.38434767723083496,230,514,512,512
0.38434767723083496,230,515,512,512
0.38434767723083496,230,515,512,512
0.38434767723083496,231,514,512,512
0.38434767723083496,231,515,512,512
0.38434767723083496,231,515,512,512
0.39841222763061523,231,515,512,512
0.39841222763061523,231,514,512,512
0.39841222763061523,231,515,512,512
0.39841222763061523,230,515,512,512
0.39841222763061523,230,514,512,512
0.39841222763061523,231,515,512,512
0.39841222763061523,231,515,512,512
0.39841222763061523,231,514,512,512
0.39841222763061523,231,514,512,512
0.39841222763061523,231,514,512,512
0.39841222763061523,230,514,512,512
0.39841222763061523,230,514,512,512
0.39841222763061523,230,514,512,512
0.39841222763061523,230,515,512,512
0.39841222763061523,230,514,512,512
0.39841222763061523,230,514,512,512
0.39841222763061523,230,514,512,512
0.39841222763061523,230,514,512,512
0.41419553756713867,230,514,512,512
0.41419553756713867,230,515,512,512
0.4160490036010742,230,515,512,512
0.4160490036010742,230,514,512,512
0.4160490036010742,230,514,512,512
0.4160490036010742,230,514,512,512
0.4160490036010742,229,514,512,512
0.4160490036010742,229,514,512,512
0.4160490036010742,229,514,512,512
0.4160490036010742,229,514,512,512
0.4160490036010742,228,514,512,512
0.4160490036010742,228,514,512,512
0.4160490036010742,228,514,512,512
0.4160490036010742,228,514,512,512
0.4160490036010742,228,514,512,512
0.4160490036010742,228,515,512,512
0.4160490036010742,228,514,512,512
0.4160490036010742,228,514,512,512
0.4298570156097412,227,514,512,512
0.4298570156097412,227,514,512,512
0.4298570156097412,227,514,512,512
0.4298570156097412,227,514,512,512
0.4298570156097412,227,515,512,512
0.4298570156097412,226,514,512,512
0.4298570156097412,226,514,512,512
0.4298570156097412,226,514,512,512
0.4298570156097412,226,514,512,512
0.4298570156097412,226,514,512,512
0.4298570156097412,226,514,512,512
0.4298570156097412,226,515,512,512
0.4298570156097412,226,514,512,512
0.4298570156097412,226,514,512,512
0.4298570156097412,226,514,512,512
0.4298570156097412,226,514,512,512
0.4298570156097412,226,514,512,512
0.4298570156097412,226,514,512,512
0.44551658630371094,226,514,512,512
0.44551658630371094,226,514,512,512
0.44551658630371094,226,514,512,512
0.44551658630371094,226,514,512,512
0.44551658630371094,226,514,512,512
0.44551658630371094,226,514,512,512
0.44551658630371094,226,514,512,512
0.44551658630371094,226,514,512,512
0.44551658630371094,226,514,512,512
0.44551658630371094,226,514,512,512
0.44551658630371094,226,514,512,512
0.44551658630371094,226,514,512,512
0.44551658630371094,226,514,512,512
0.44551658630371094,226,514,512,512
0.44551658630371094,226,514,512,512
0.44551658630371094,226,514,512,512
0.44551658630371094,226,514,512,512
0.46117305755615234,226,514,512,512
0.46117305755615234,226,514,512,512
0.4620692729949951,226,514,512,512
0.46338558197021484,226,514,512,512
0.46338558197021484,226,514,512,512
0.4653964042663574,226,514,512,512
0.4653964042663574,226,514,512,512
0.4653964042663574,227,514,512,512
0.4653964042663574,227,514,512,512
0.4653964042663574,227,514,512,512
0.4653964042663574,227,515,512,512
0.4653964042663574,227,515,512,512
0.4653964042663574,227,515,512,512
0.4653964042663574,227,514,512,512
0.4653964042663574,228,514,512,512
0.4653964042663574,228,514,512,512
0.4653964042663574,228,514,512,512
0.4653964042663574,228,515,512,512
0.4653964042663574,228,514,512,512
0.47704458236694336,228,514,512,512
0.47704458236694336,228,515,512,512
0.47704458236694336,229,514,512,512
0.47704458236694336,229,514,512,512
0.47704458236694336,229,514,512,512
0.47704458236694336,229,515,512,512
0.47704458236694336,229,514,512,512
0.47704458236694336,229,514,512,512
0.47704458236694336,229,514,512,512
0.47704458236694336,230,514,512,512
0.47704458236694336,230,514,512,512
0.47704458236694336,230,514,512,512
0.47704458236694336,230,515,512,512
0.47704458236694336,230,515,512,512
0.47704458236694336,230,514,512,512
0.47704458236694336,230,515,512,512
0.47704458236694336,230,515,512,512
0.47704458236694336,230,514,512,512
0.4929356575012207,230,514,512,512
0.4929356575012207,231,515,512,512
0.494248628616333,231,514,512,512
0.494248628616333,231,514,512,512
0.494248628616333,231,514,512,512
0.494248628616333,231,514,512,512
0.494248628616333,231,514,512,512
0.494248628616333,231,514,512,512
0.494248628616333,231,514,512,512
0.494248628616333,231,514,512,512
0.494248628616333,231,513,512,512
0.494248628616333,231,513,512,512
0.494248628616333,231,513,512,512
0.494248628616333,231,514,512,512
0.494248628616333,231,514,512,512
0.494248628616333,230,515,512,512
0.494248628616333,230,514,512,512
0.494248628616333,230,514,512,512
0.5087330341339111,230,514,512,512
0.509680986404419,230,514,512,512
0.509680986404419,231,514,512,512
0.5116848945617676,230,514,512,512
0.5116848945617676,230,514,512,512
0.5136947631835938,230,514,512,512
0.5136947631835938,230,514,512,512
0.5136947631835938,230,514,512,512
0.5136947631835938,229,514,512,512
0.5136947631835938,230,514,512,512
0.5136947631835938,230,514,512,512
0.5136947631835938,229,514,512,512
0.5136947631835938,229,514,512,512
0.5136947631835938,229,514,512,512
0.5136947631835938,229,514,512,512
0.5136947631835938,229,514,512,512
0.5136947631835938,229,514,512,512
0.5136947631835938,229,514,512,512
0.5247921943664551,228,514,512,512
0.5256643295288086,228,514,512,512
0.5265939235687256,228,514,512,512
0.5275077819824219,228,514,512,512
0.5280225276947021,228,514,512,512
0.5290288925170898,228,514,512,512
0.530026912689209,227,514,512,512
0.530026912689209,227,514,512,512
0.53102707862854,227,514,512,512
0.532027006149292,227,514,512,512
0.533027172088623,227,514,512,512
0.5340273380279541,227,514,512,512
0.535027265548706,227,514,512,512
0.536027193069458,227,515,512,512
0.5370273590087891,227,514,512,512
0.5370273590087891,226,514,512,512
0.5380277633666992,226,514,512,512
0.5390276908874512,226,514,512,512
0.5400278568267822,226,514,512,512
0.5411179065704346,226,513,512,512
0.5423047542572021,226,514,512,512
0.5423047542572021,226,514,512,512
0.543302059173584,226,513,512,512
0.5450587272644043,226,514,512,512
0.5453565120697021,226,514,512,512
0.5463647842407227,226,514,512,512
0.5473644733428955,226,514,512,512
0.5483641624450684,226,514,512,512
0.549372673034668,226,514,512,512
0.5503649711608887,226,514,512,512
0.5503649711608887,226,514,512,512
0.5513648986816406,226,514,512,512
0.5523653030395508,226,514,512,512
0.5533649921417236,226,514,512,512
0.5543632507324219,226,514,512,512
0.5553669929504395,226,514,512,512
0.5563647747039795,226,514,512,512
0.5573670864105225,226,514,512,512
0.5578198432922363,226,514,512,512
0.5588712692260742,226,514,512,512
0.559868574142456,226,515,512,512
0.5608687400817871,226,514,512,512
0.5608687400817871,226,514,512,512
0.5625483989715576,226,514,512,512
0.5628128051757812,227,514,512,512
0.5638236999511719,227,514,512,512
0.5648231506347656,227,514,512,512
0.5658228397369385,227,515,512,512
0.5668227672576904,227,514,512,512
0.5678210258483887,228,514,512,512
0.5688209533691406,228,514,512,512
0.5688209533691406,228,514,512,512
0.5698232650756836,228,514,512,512
0.5708231925964355,228,514,512,512
0.5718233585357666,228,515,512,512
0.572826623916626,228,515,512,512
0.5738236904144287,228,514,512,512
0.5742464065551758,228,514,512,512
0.5742464065551758,229,515,512,512
0.5742464065551758,229,514,512,512
0.5742464065551758,229,514,512,512
0.5742464065551758,229,515,512,512
0.5742464065551758,229,514,512,512
0.5742464065551758,229,514,512,512
0.5742464065551758,229,514,512,512
0.5742464065551758,229,514,512,512
0.5742464065551758,229,514,512,512
0.5742464065551758,229,514,512,512
0.5742464065551758,230,514,512,512
0.5742464065551758,230,514,512,512
0.5742464065551758,230,514,512,512
0.5742464065551758,230,514,512,512
0.5742464065551758,230,514,512,512
0.5742464065551758,230,514,512,512
0.5895183086395264,230,515,512,512
0.5895183086395264,230,515,512,512
0.5895183086395264,230,515,512,512
0.5895183086395264,230,514,512,512
0.5895183086395264,231,514,512,512
0.5895183086395264,231,514,512,512
0.5895183086395264,231,514,512,512
0.5895183086395264,231,514,512,512
0.5895183086395264,230,514,512,512
0.5895183086395264,230,514,512,512
0.5895183086395264,230,514,512,512
0.5895183086395264,230,514,512,512
0.5895183086395264,230,514,512,512
0.5895183086395264,230,514,512,512
0.5895183086395264,230,514,512,512
0.5895183086395264,230,514,512,512
0.5895183086395264,230,514,512,512
0.5895183086395264,230,514,512,512
0.6052274703979492,230,514,512,512
0.6065914630889893,231,514,512,512
0.6069552898406982,230,514,512,512
0.6069552898406982,230,514,512,512
0.6069552898406982,230,514,512,512
0.6069552898406982,230,514,512,512
0.6069552898406982,230,514,512,512
0.6069552898406982,230,514,512,512
0.6122403144836426,230,514,512,512
0.6122403144836426,229,514,512,512
0.6122403144836426,229,514,512,512
0.6122403144836426,230,514,512,512
0.6122403144836426,229,514,512,512
0.6122403144836426,229,514,512,512
0.6122403144836426,229,514,512,512
0.6122403144836426,229,514,512,512
0.6122403144836426,229,514,512,512
0.6122403144836426,229,514,512,512
0.6210110187530518,229,514,512,512
0.6210110187530518,228,513,512,512
0.6210110187530518,228,513,512,512
0.6210110187530518,228,513,512,512
0.6210110187530518,228,513,512,512
0.6210110187530518,228,514,512,512
0.6210110187530518,228,514,512,512
0.6210110187530518,228,514,512,512
0.6210110187530518,228,514,512,512
0.6210110187530518,228,514,512,512
0.6210110187530518,228,514,512,512
0.6210110187530518,227,514,512,512
0.6210110187530518,227,514,512,512
0.6210110187530518,227,514,512,512
0.6210110187530518,227,514,512,512
0.6210110187530518,227,514,512,512
0.6210110187530518,227,514,512,512
0.6210110187530518,227,514,512,512
0.6368000507354736,227,514,512,512
0.637749433517456,227,514,512,512
0.6387472152709961,226,514,512,512
0.6387472152709961,226,514,512,512
0.6387472152709961,226,514,512,512
0.6387472152709961,226,514,512,512
0.6387472152709961,226,515,512,512
0.6387472152709961,226,514,512,512
0.6387472152709961,226,514,512,512
0.6387472152709961,226,515,512,512
0.6387472152709961,226,514,512,512
0.6387472152709961,226,514,512,512
0.6387472152709961,226,514,512,512
0.6387472152709961,226,514,512,512
0.6387472152709961,226,514,512,512
0.6387472152709961,226,514,512,512
0.6387472152709961,226,515,512,512
0.6387472152709961,226,514,512,512
0.6526527404785156,226,514,512,512
0.6526527404785156,226,514,512,512
0.6526527404785156,226,514,512,512
0.6526527404785156,226,514,512,512
0.6526527404785156,226,514,512,512
0.6526527404785156,226,515,512,512
0.6526527404785156,226,514,512,512
0.6526527404785156,227,514,512,512
0.6526527404785156,227,514,512,512
0.6526527404785156,227,514,512,512
0.6526527404785156,227,514,512,512
0.6526527404785156,227,514,512,512
0.6526527404785156,227,514,512,512
0.6526527404785156,227,514,512,512
0.6526527404785156,227,514,512,512
0.6526527404785156,227,514,512,512
0.6526527404785156,227,515,512,512
0.6526527404785156,227,515,512,512
0.6685054302215576,228,515,512,512
0.669550895690918,228,515,512,512
0.6703073978424072,228,514,512,512
0.6703073978424072,228,514,512,512
0.6703073978424072,228,514,512,512
0.6729636192321777,228,514,512,512
0.6735150814056396,228,514,512,512
0.6748964786529541,228,515,512,512
0.6748964786529541,229,515,512,512
0.6748964786529541,229,515,512,512
0.6748964786529541,229,515,512,512
0.6748964786529541,229,515,512,512
0.6748964786529541,229,515,512,512
0.6748964786529541,229,515,512,512
0.6748964786529541,229,515,512,512
0.6748964786529541,229,515,512,512
0.6748964786529541,230,515,512,512
0.6748964786529541,230,514,512,512
0.6841704845428467,230,514,512,512
0.6852633953094482,230,514,512,512
0.6857209205627441,230,514,512,512
0.6869635581970215,230,515,512,512
0.6879596710205078,230,514,512,512
0.6889605522155762,230,514,512,512
0.6899592876434326,230,514,512,512
0.690751314163208,230,514,512,512
0.690751314163208,230,514,512,512
0.6926069259643555,230,515,512,512
0.6928718090057373,230,515,512,512
0.6938834190368652,230,515,512,512
0.6948812007904053,230,514,512,512
0.6958816051483154,230,514,512,512
0.6958816051483154,231,514,512,512
0.6968820095062256,231,514,512,512
0.6978809833526611,231,514,512,512
0.6988809108734131,231,514,512,512
0.6998810768127441,231,514,512,512
0.7008826732635498,230,514,512,512
0.7018814086914062,230,514,512,512
0.7028827667236328,230,514,512,512
0.7038824558258057,230,514,512,512
0.7038824558258057,230,514,512,512
0.7048821449279785,230,514,512,512
0.7058799266815186,230,514,512,512
0.706885576248169,230,514,512,512
0.7075188159942627,230,514,512,512
0.7075188159942627,230,514,512,512
0.7075188159942627,230,514,512,512
0.7075188159942627,230,514,512,512
0.7075188159942627,229,514,512,512
0.7075188159942627,229,514,512,512
0.7075188159942627,229,514,512,512
0.7075188159942627,229,514,512,512
0.7075188159942627,229,514,512,512
0.7075188159942627,229,514,512,512
0.7075188159942627,229,514,512,512
0.7075188159942627,229,514,512,512
0.7075188159942627,229,514,512,512
0.7075188159942627,229,514,512,512
0.7075188159942627,229,514,512,512
0.7075188159942627,229,514,512,512
0.7075188159942627,228,514,512,512
0.7228560447692871,228,514,512,512
0.7240381240844727,228,514,512,512
0.7240381240844727,228,514,512,512
0.7240381240844727,228,514,512,512
0.7240381240844727,228,514,512,512
0.7240381240844727,228,514,512,512
0.7240381240844727,228,514,512,512
0.7240381240844727,228,514,512,512
0.7240381240844727,227,514,512,512
0.7240381240844727,227,514,512,512
0.7240381240844727,227,514,512,512
0.7240381240844727,227,514,512,512
0.7240381240844727,227,514,512,512
0.7240381240844727,227,514,512,512
0.7240381240844727,227,514,512,512
0.7240381240844727,227,514,512,512
0.7240381240844727,227,514,512,512
0.7240381240844727,227,514,512,512
0.7240381240844727,227,514,512,512
0.7398765087127686,227,514,512,512
0.7410225868225098,227,514,512,512
0.7414207458496094,227,514,512,512
0.7424218654632568,226,514,512,512
0.7434732913970947,226,513,512,512
0.7437314987182617,226,514,512,512
0.7447426319122314,226,514,512,512
0.7457401752471924,226,513,512,512
0.7467401027679443,226,514,512,512
0.7477405071258545,226,514,512,512
0.7487514019012451,226,514,512,512
0.7487514019012451,226,514,512,512
0.7497398853302002,226,514,512,512
0.7507424354553223,226,514,512,512
0.7517421245574951,226,514,512,512
0.7527422904968262,226,514,512,512
0.753741979598999,226,515,512,512
0.7547454833984375,227,514,512,512
0.7557401657104492,226,514,512,512
0.7557401657104492,226,514,512,512
0.7567415237426758,226,514,512,512
0.7581689357757568,226,514,512,512
0.7591691017150879,227,515,512,512
0.7591691017150879,227,515,512,512
0.7610881328582764,227,514,512,512
0.7610881328582764,227,514,512,512
0.7620973587036133,227,514,512,512
0.7630984783172607,227,514,512,512
0.7640984058380127,228,514,512,512
0.7650961875915527,228,515,512,512
0.7660989761352539,228,515,512,512
0.7670986652374268,228,514,512,512
0.7670986652374268,228,515,512,512
0.7680976390838623,228,515,512,512
0.769096851348877,228,514,512,512
0.7700982093811035,228,515,512,512
0.7710988521575928,228,515,512,512
0.7720985412597656,228,515,512,512
0.7730998992919922,228,514,512,512
0.7741005420684814,228,514,512,512
0.7741005420684814,228,514,512,512
0.7750973701477051,228,514,512,512
0.7750973701477051,229,514,512,512
0.7750973701477051,229,515,512,512
0.7750973701477051,229,515,512,512
0.7750973701477051,229,514,512,512
0.7750973701477051,229,514,512,512
0.7750973701477051,229,514,512,512
0.7750973701477051,229,514,512,512
0.7750973701477051,229,514,512,512
0.7750973701477051,229,514,512,512
0.7750973701477051,229,514,512,512
0.7750973701477051,229,514,512,512
0.7750973701477051,229,514,512,512
0.7750973701477051,229,514,512,512
0.7750973701477051,230,514,512,512
0.7750973701477051,230,514,512,512
0.7750973701477051,230,515,512,512
0.7907779216766357,230,514,512,512
0.7907779216766357,230,514,512,512
0.7907779216766357,230,514,512,512
0.7907779216766357,230,514,512,512
0.7907779216766357,230,514,512,512
0.7907779216766357,230,514,512,512
0.7907779216766357,230,514,512,512
0.7907779216766357,230,514,512,512
0.7907779216766357,230,514,512,512
0.7907779216766357,230,514,512,512
0.7907779216766357,230,514,512,512
0.7907779216766357,230,514,512,512
0.7907779216766357,230,514,512,512
0.7907779216766357,230,514,512,512
0.7907779216766357,230,514,512,512
0.7907779216766357,230,514,512,512
0.7907779216766357,230,514,512,512
0.7907779216766357,230,514,512,512
0.7907779216766357,230,514,512,512
0.806751012802124,230,514,512,512
0.806751012802124,230,514,512,512
0.806751012802124,229,514,512,512
0.806751012802124,229,514,512,512
0.806751012802124,230,514,512,512
0.806751012802124,229,514,512,512
0.806751012802124,229,514,512,512
0.806751012802124,229,514,512,512
0.806751012802124,229,514,512,512
0.806751012802124,229,514,512,512
0.806751012802124,229,514,512,512
0.806751012802124,229,514,512,512
0.806751012802124,229,514,512,512
0.806751012802124,229,514,512,512
0.806751012802124,229,514,512,512
0.806751012802124,228,514,512,512
0.806751012802124,228,514,512,512
0.806751012802124,228,514,512,512
0.8226306438446045,228,514,512,512
0.8226306438446045,228,514,512,512
0.8226306438446045,228,514,512,512
0.8226306438446045,228,514,512,512
0.8226306438446045,228,514,512,512
0.8226306438446045,228,514,512,512
0.8226306438446045,228,514,512,512
0.8226306438446045,227,514,512,512
0.8226306438446045,227,514,512,512
0.8226306438446045,227,514,512,512
0.8226306438446045,227,514,512,512
0.8226306438446045,227,514,512,512
0.8226306438446045,227,514,512,512
0.8226306438446045,227,514,512,512
0.8226306438446045,227,514,512,512
0.8226306438446045,227,514,512,512
0.8226306438446045,227,514,512,512
0.8226306438446045,227,514,512,512
0.8383142948150635,227,514,512,512
0.8383142948150635,227,514,512,512
0.8383142948150635,227,514,512,512
0.8383142948150635,227,514,512,512
0.8383142948150635,227,514,512,512
0.8383142948150635,227,514,512,512
0.8383142948150635,227,515,512,512
0.8383142948150635,227,514,512,512
0.8383142948150635,227,514,512,512
0.8383142948150635,227,514,512,512
0.8383142948150635,227,514,512,512
0.8383142948150635,227,514,512,512
0.8383142948150635,227,514,512,512
0.8383142948150635,227,514,512,512
0.8383142948150635,227,514,512,512
0.8383142948150635,227,514,512,512
0.8383142948150635,227,514,512,512
0.8383142948150635,227,514,512,512
0.854189395904541,227,514,512,512
0.854189395904541,227,514,512,512
0.854189395904541,227,515,512,512
0.854189395904541,227,514,512,512
0.854189395904541,227,514,512,512
0.854189395904541,227,515,512,512
0.854189395904541,227,514,512,512
0.854189395904541,227,514,512,512
0.854189395904541,227,514,512,512
0.854189395904541,227,514,512,512
0.854189395904541,228,514,512,512
0.854189395904541,228,514,512,512
0.854189395904541,228,514,512,512
0.854189395904541,228,514,512,512
0.854189395904541,228,514,512,512
0.854189395904541,228,514,512,512
0.854189395904541,228,515,512,512
0.854189395904541,228,515,512,512
0.8698840141296387,228,514,512,512
0.8698840141296387,228,515,512,512
0.8698840141296387,228,514,512,512
0.8698840141296387,229,514,512,512
0.8698840141296387,229,515,512,512
0.8698840141296387,229,514,512,512
0.8698840141296387,229,514,512,512
0.8698840141296387,229,514,512,512
0.8698840141296387,229,514,512,512
0.8698840141296387,229,514,512,512
0.8698840141296387,229,514,512,512
0.8698840141296387,229,514,512,512
0.8698840141296387,229,514,512,512
0.8698840141296387,229,514,512,512
0.8698840141296387,229,514,512,512
0.8698840141296387,229,515,512,512
0.8698840141296387,229,515,512,512
0.8698840141296387,229,515,512,512
0.8859009742736816,229,515,512,512
0.8872718811035156,229,515,512,512
0.8875820636749268,230,514,512,512
0.8875820636749268,230,515,512,512
0.8875820636749268,230,514,512,512
0.8875820636749268,230,514,512,512
0.8875820636749268,230,515,512,512
0.8875820636749268,230,515,512,512
0.8875820636749268,230,515,512,512
0.8875820636749268,230,514,512,512
0.8875820636749268,230,514,512,512
0.8875820636749268,230,514,512,512
0.8875820636749268,230,514,512,512
0.8875820636749268,230,515,512,512
0.8875820636749268,229,515,512,512
0.8875820636749268,229,515,512,512
0.8875820636749268,230,515,512,512
0.8875820636749268,230,515,512,512
0.9016554355621338,230,514,512,512
0.9016554355621338,229,514,512,512
0.9016554355621338,229,514,512,512
0.9016554355621338,229,514,512,512
0.9016554355621338,229,514,512,512
0.9016554355621338,229,514,512,512
0.9016554355621338,229,514,512,512
0.9016554355621338,229,514,512,512
0.9016554355621338,229,514,512,512
0.9016554355621338,229,515,512,512
0.9016554355621338,229,515,512,512
0.9016554355621338,229,514,512,512
0.9016554355621338,229,514,512,512
0.9016554355621338,229,514,512,512
0.9016554355621338,229,514,512,512
0.9016554355621338,228,514,512,512
0.9016554355621338,228,515,512,512
0.9168667793273926,228,514,512,512
0.9168667793273926,228,514,512,512
0.9185128211975098,228,514,512,512
0.9185128211975098,228,514,512,512
0.9185128211975098,228,514,512,512
0.9185128211975098,228,514,512,512
0.9185128211975098,228,515,512,512
0.9185128211975098,228,515,512,512
0.9185128211975098,228,514,512,512
0.9185128211975098,228,514,512,512
0.9185128211975098,228,514,512,512
0.9185128211975098,227,514,512,512
0.9185128211975098,227,514,512,512
0.9185128211975098,227,515,512,512
0.9185128211975098,227,515,512,512
0.9185128211975098,227,514,512,512
0.9185128211975098,227,514,512,512
0.9185128211975098,227,514,512,512
0.9326117038726807,227,514,512,512
0.9326117038726807,227,514,512,512
0.9326117038726807,227,515,512,512
0.9326117038726807,227,515,512,512
0.9326117038726807,226,514,512,512
0.9326117038726807,226,514,512,512
0.9326117038726807,226,514,512,512
0.9326117038726807,226,514,512,512
0.9326117038726807,226,514,512,512
0.9326117038726807,226,515,512,512
0.9326117038726807,226,514,512,512
0.9326117038726807,226,514,512,512
0.9326117038726807,226,514,512,512
0.9326117038726807,226,514,512,512
0.9326117038726807,226,514,512,512
0.9326117038726807,226,515,512,512
0.9326117038726807,226,515,512,512
0.9326117038726807,226,515,512,512
0.948265790939331,226,515,512,512
0.948265790939331,226,515,512,512
0.948265790939331,226,515,512,512
0.948265790939331,226,515,512,512
0.948265790939331,226,515,512,512
0.948265790939331,226,515,512,512
0.948265790939331,226,515,512,512
0.948265790939331,227,515,512,512
0.948265790939331,227,515,512,512
0.948265790939331,227,515,512,512
0.948265790939331,227,515,512,512
0.948265790939331,227,515,512,512
0.948265790939331,227,515,512,512
0.948265790939331,227,515,512,512
0.948265790939331,227,515,512,512
0.948265790939331,227,515,512,512
0.948265790939331,227,515,512,512
0.9639523029327393,227,515,512,512
0.9639523029327393,227,515,512,512
0.9639523029327393,227,515,512,512
0.9639523029327393,228,514,512,512
0.9639523029327393,228,514,512,512
0.9639523029327393,228,514,512,512
0.9639523029327393,228,514,512,512
0.9639523029327393,228,514,512,512
0.9639523029327393,228,515,512,512
0.9639523029327393,228,515,512,512
0.9639523029327393,228,514,512,512
0.9639523029327393,228,514,512,512
0.9639523029327393,228,514,512,512
0.9639523029327393,228,514,512,512
0.9639523029327393,228,515,512,512
0.9639523029327393,228,515,512,512
0.9639523029327393,229,515,512,512
0.9639523029327393,229,515,512,512
0.9639523029327393,229,515,512,512
0.979933500289917,229,515,512,512
0.979933500289917,229,514,512,512
0.979933500289917,229,515,512,512
0.9832618236541748,229,515,512,512
0.9832618236541748,229,515,512,512
0.9832618236541748,229,514,512,512
0.9832618236541748,229,514,512,512
0.9832618236541748,229,514,512,512
0.9832618236541748,229,514,512,512
0.9832618236541748,229,514,512,512
0.9832618236541748,229,515,512,512
0.9832618236541748,229,515,512,512
0.9832618236541748,229,514,512,512
0.9832618236541748,229,515,512,512
0.9832618236541748,229,515,512,512
0.9832618236541748,229,514,512,512
0.9832618236541748,229,514,512,512
0.9832618236541748,229,515,512,512
0.9956314563751221,229,514,512,512
0.9956314563751221,229,514,512,512
0.9956314563751221,229,514,512,512
0.9956314563751221,229,514,512,512
0.9956314563751221,229,514,512,512
0.9956314563751221,229,514,512,512
0.9956314563751221,229,515,512,512
0.9956314563751221,229,514,512,512
0.9956314563751221,229,514,512,512
0.9956314563751221,229,514,512,512
0.9956314563751221,229,514,512,512
0.9956314563751221,229,514,512,512
0.9956314563751221,229,515,512,512
0.9956314563751221,229,515,512,512
0.9956314563751221,229,514,512,512
0.9956314563751221,229,514,512,512
0.9956314563751221,229,514,512,512
0.9956314563751221,229,514,512,512
1.0114960670471191,229,514,512,512
1.012213945388794,229,514,512,512
1.012213945388794,229,514,512,512
1.012213945388794,228,514,512,512
1.012213945388794,228,514,512,512
1.012213945388794,228,514,512,512
1.012213945388794,228,514,512,512
1.012213945388794,228,514,512,512
1.012213945388794,228,515,512,512
1.012213945388794,228,515,512,512
1.012213945388794,228,514,512,512
1.012213945388794,228,514,512,512
1.012213945388794,228,514,512,512
1.012213945388794,228,514,512,512
1.012213945388794,228,514,512,512
1.012213945388794,228,514,512,512
1.012213945388794,227,514,512,512
1.012213945388794,227,514,512,512
1.0273025035858154,227,514,512,512
1.0282230377197266,227,514,512,512
1.0295476913452148,227,514,512,512
1.0304460525512695,227,514,512,512
1.0304460525512695,227,515,512,512
1.0314562320709229,227,514,512,512
1.032454490661621,227,514,512,512
1.0334539413452148,227,514,512,512
1.034454107284546,227,514,512,512
1.035454273223877,227,514,512,512
1.0364573001861572,227,514,512,512
1.0374565124511719,227,515,512,512
1.0374565124511719,227,514,512,512
1.0384559631347656,227,514,512,512
1.0404565334320068,227,514,512,512
1.0409440994262695,227,514,512,512
1.0415992736816406,226,514,512,512
1.0429136753082275,226,514,512,512
1.0429136753082275,227,515,512,512
1.0439119338989258,226,515,512,512
1.0449106693267822,226,514,512,512
1.0459110736846924,227,514,512,512
1.0470449924468994,227,514,512,512
1.0478544235229492,227,514,512,512
1.0488643646240234,227,514,512,512
1.0488643646240234,227,515,512,512
1.0498664379119873,226,515,512,512
1.0508661270141602,226,514,512,512
1.051866054534912,226,515,512,512
1.052865743637085,226,515,512,512
1.053865909576416,226,515,512,512
1.0548655986785889,227,515,512,512
1.0558664798736572,227,515,512,512
1.056870698928833,227,515,512,512
1.0578818321228027,227,515,512,512
1.0578818321228027,227,515,512,512
1.0589120388031006,227,515,512,512
1.059896469116211,227,515,512,512
1.0608952045440674,227,515,512,512
1.0618996620178223,228,515,512,512
1.0628960132598877,227,515,512,512
1.0641696453094482,227,514,512,512
1.0648517608642578,227,514,512,512
1.0648517608642578,227,514,512,512
1.0658655166625977,227,514,512,512
1.066864252090454,228,515,512,512
1.0678637027740479,228,515,512,512
1.0688633918762207,228,514,512,512
1.0698635578155518,228,515,512,512
1.0708634853363037,228,515,512,512
1.071876049041748,228,515,512,512
1.0728766918182373,228,515,512,512
1.0728766918182373,228,515,512,512
1.073876142501831,228,515,512,512
1.073876142501831,228,515,512,512
1.073876142501831,228,515,512,512
1.073876142501831,229,515,512,512
1.073876142501831,229,514,512,512
1.073876142501831,229,515,512,512
1.073876142501831,229,515,512,512
1.073876142501831,229,515,512,512
1.073876142501831,229,515,512,512
1.073876142501831,229,515,512,512
1.073876142501831,229,515,512,512
1.073876142501831,229,515,512,512
1.073876142501831,229,515,512,512
1.073876142501831,229,515,512,512
1.086033582687378,229,515,512,512
1.086033582687378,229,514,512,512
1.086033582687378,229,514,512,512
1.086033582687378,229,514,512,512
1.0903739929199219,229,514,512,512
1.0903739929199219,229,515,512,512
1.0913736820220947,229,515,512,512
1.0925061702728271,229,515,512,512
1.0936472415924072,229,514,512,512
1.0936472415924072,229,515,512,512
1.0936472415924072,229,515,512,512
1.0936472415924072,229,514,512,512
1.0936472415924072,229,515,512,512
1.0936472415924072,229,515,512,512
1.0936472415924072,229,514,512,512
1.0936472415924072,229,514,512,512
1.0936472415924072,229,515,512,512
1.0936472415924072,229,514,512,512
1.0936472415924072,229,514,512,512
1.0936472415924072,229,514,512,512
1.0936472415924072,229,515,512,512
1.0936472415924072,228,514,512,512
1.0936472415924072,228,514,512,512
1.0936472415924072,228,514,512,512
1.0936472415924072,228,514,512,512
1.1081106662750244,229,513,512,512
1.1081106662750244,229,514,512,512
1.1081106662750244,228,514,512,512
1.1081106662750244,228,515,512,512
1.1081106662750244,228,514,512,512
1.1081106662750244,228,514,512,512
1.1081106662750244,228,514,512,512
1.1081106662750244,228,514,512,512
1.1081106662750244,228,514,512,512
1.1081106662750244,228,514,512,512
1.1081106662750244,228,514,512,512
1.1081106662750244,228,514,512,512
1.1081106662750244,228,514,512,512
1.1081106662750244,228,514,512,512
1.1081106662750244,228,514,512,512
1.1081106662750244,228,514,512,512
1.1081106662750244,228,514,512,512
1.1081106662750244,228,515,512,512
1.1081106662750244,227,514,512,512
1.1239283084869385,227,514,512,512
1.1239283084869385,227,514,512,512
1.1239283084869385,227,514,512,512
1.1239283084869385,227,514,512,512
1.1239283084869385,227,515,512,512
1.1239283084869385,227,515,512,512
1.1239283084869385,227,514,512,512
1.1239283084869385,227,514,512,512
1.1239283084869385,227,514,512,512
1.1239283084869385,227,514,512,512
1.1239283084869385,227,514,512,512
1.1239283084869385,227,514,512,512
1.1239283084869385,227,515,512,512
1.1239283084869385,227,514,512,512
1.1239283084869385,227,514,512,512
1.1239283084869385,227,515,512,512
1.1239283084869385,227,515,512,512
1.1239283084869385,227,515,512,512
1.1239283084869385,227,515,512,512
1.1399695873260498,227,515,512,512
1.1412522792816162,227,515,512,512
1.141582727432251,227,514,512,512
1.141582727432251,227,514,512,512
1.141582727432251,227,514,512,512
1.141582727432251,227,514,512,512
1.141582727432251,227,514,512,512
1.141582727432251,227,514,512,512
1.141582727432251,227,514,512,512
1.141582727432251,227,514,512,512
1.141582727432251,227,514,512,512
1.141582727432251,227,514,512,512
1.141582727432251,227,514,512,512
1.141582727432251,227,515,512,512
1.141582727432251,227,515,512,512
1.141582727432251,227,515,512,512
1.141582727432251,227,514,512,512
1.141582727432251,227,515,512,512
1.141582727432251,227,514,512,512
1.1557915210723877,227,514,512,512
1.1557915210723877,227,514,512,512
1.1580755710601807,227,515,512,512
1.1585896015167236,227,515,512,512
1.1585896015167236,227,514,512,512
1.1585896015167236,227,515,512,512
1.1585896015167236,227,515,512,512
1.1585896015167236,227,514,512,512
1.1585896015167236,228,515,512,512
1.1585896015167236,228,515,512,512
1.1585896015167236,228,515,512,512
1.1585896015167236,228,514,512,512
1.1585896015167236,228,514,512,512
1.1585896015167236,228,514,512,512
1.1585896015167236,228,514,512,512
1.1585896015167236,228,514,512,512
1.1585896015167236,228,515,512,512
1.1585896015167236,228,515,512,512
1.1714704036712646,228,514,512,512
1.1714704036712646,228,515,512,512
1.1714704036712646,228,515,512,512
1.1714704036712646,228,515,512,512
1.1714704036712646,228,515,512,512
1.1714704036712646,228,515,512,512
1.1714704036712646,228,515,512,512
1.1714704036712646,228,514,512,512
1.1714704036712646,229,514,512,512
1.1714704036712646,229,514,512,512
1.1714704036712646,229,514,512,512
1.1714704036712646,229,514,512,512
1.1714704036712646,229,515,512,512
1.1714704036712646,229,515,512,512
1.1714704036712646,229,514,512,512
1.1714704036712646,229,514,512,512
1.1714704036712646,229,514,512,512
1.1714704036712646,229,514,512,512
1.1892986297607422,229,514,512,512
1.1910359859466553,512,2,2,2
1.1920475959777832,229,514,512,512
1.1920475959777832,229,514,512,512
1.1920475959777832,229,515,512,512
1.1920475959777832,229,515,512,512
1.1926054954528809,229,514,512,512
1.194037675857544,229,515,512,512
1.194037675857544,229,515,512,512
1.1950485706329346,229,514,512,512
1.1960468292236328,229,514,512,512
1.1970460414886475,229,514,512,512
1.1980443000793457,229,514,512,512
1.241684913635254,131,945,512,512
1.241684913635254,132,945,512,512
1.241684913635254,133,945,512,512
1.241684913635254,135,945,512,512
1.241684913635254,136,945,512,512
1.241684913635254,137,946,512,512
1.241684913635254,138,947,512,512
1.241684913635254,138,947,512,512
1.241684913635254,140,947,512,512
1.241684913635254,140,943,512,512
1.241684913635254,141,934,512,512
1.241684913635254,141,921,512,512
1.241684913635254,141,903,512,512
1.241684913635254,140,859,512,512
1.241684913635254,140,805,512,512
1.241684913635254,139,747,512,512
1.257460117340088,139,688,512,512
1.2580664157867432,138,671,512,512
1.2580664157867432,138,666,512,512
1.2580664157867432,137,669,512,512
1.2580664157867432,136,671,512,512
1.2580664157867432,136,676,512,512
1.2580664157867432,136,681,512,512
1.2580664157867432,136,683,512,512
1.2580664157867432,138,682,512,512
1.2580664157867432,140,682,512,512
1.2580664157867432,143,679,512,512
1.2580664157867432,146,672,512,512
1.2580664157867432,154,663,512,512
1.2580664157867432,159,655,512,512
1.2580664157867432,165,647,512,512
1.2580664157867432,172,635,512,512
1.2580664157867432,179,625,512,512
1.2580664157867432,185,617,512,512
1.2728033065795898,191,601,512,512
1.2728033065795898,197,584,512,512
1.2745933532714844,203,566,512,512
1.2745933532714844,207,548,512,512
1.2745933532714844,210,534,512,512
1.2745933532714844,212,527,512,512
1.2745933532714844,214,523,512,512
1.2745933532714844,216,524,512,512
1.2745933532714844,218,523,512,512
1.2745933532714844,220,520,512,512
1.2745933532714844,225,516,512,512
1.2745933532714844,229,511,512,512
1.2745933532714844,235,506,512,512
1.2745933532714844,242,500,512,512
1.2745933532714844,251,494,512,512
1.2745933532714844,260,491,512,512
1.2745933532714844,271,487,512,512
1.2745933532714844,282,485,512,512
1.2745933532714844,299,486,512,512
1.2745933532714844,311,487,512,512
1.2896983623504639,322,489,512,512
1.29081392288208,332,493,512,512
1.29081392288208,340,500,512,512
1.2922282218933105,346,504,512,512
1.2922282218933105,350,508,512,512
1.2922282218933105,352,512,512,512
1.2922282218933105,352,515,512,512
1.2922282218933105,350,517,512,512
1.2922282218933105,349,517,512,512
1.2922282218933105,347,517,512,512
1.2922282218933105,346,512,512,512
1.2922282218933105,345,507,512,512
1.2922282218933105,346,501,512,512
1.2922282218933105,348,495,512,512
1.2922282218933105,354,490,512,512
1.2922282218933105,359,485,512,512
1.2922282218933105,365,482,512,512
1.2922282218933105,372,479,512,512
1.2922282218933105,379,476,512,512
1.2922282218933105,384,476,512,512
1.2922282218933105,389,477,512,512
1.3073818683624268,392,480,512,512
1.3084022998809814,392,482,512,512
1.3084022998809814,389,487,512,512
1.310396671295166,383,491,512,512
1.310396671295166,376,494,512,512
1.3113951683044434,366,498,512,512
1.312394142150879,355,500,512,512
1.3133935928344727,345,501,512,512
1.3143930435180664,333,500,512,512
1.3153927326202393,318,499,512,512
1.3153927326202393,309,496,512,512
1.316392183303833,300,492,512,512
1.3181421756744385,294,488,512,512
1.3181421756744385,288,481,512,512
1.3181421756744385,284,477,512,512
1.3181421756744385,281,474,512,512
1.3181421756744385,278,473,512,512
1.3181421756744385,275,472,512,512
1.3181421756744385,273,471,512,512
1.3238365650177002,270,471,512,512
1.3245470523834229,267,473,512,512
1.3245470523834229,263,477,512,512
1.3245470523834229,258,481,512,512
1.3245470523834229,252,485,512,512
1.3245470523834229,245,489,512,512
1.3245470523834229,234,492,512,512
1.3245470523834229,226,495,512,512
1.3245470523834229,218,497,512,512
1.3245470523834229,210,499,512,512
1.3245470523834229,203,499,512,512
1.3245470523834229,196,498,512,512
1.3245470523834229,190,497,512,512
1.3245470523834229,184,494,512,512
1.3245470523834229,178,491,512,512
1.3245470523834229,175,488,512,512
1.3245470523834229,172,486,512,512
1.3245470523834229,170,483,512,512
1.3245470523834229,169,482,512,512
1.3245470523834229,168,483,512,512
1.3408429622650146,167,483,512,512
1.3408429622650146,166,484,512,512
1.3418540954589844,165,487,512,512
1.342850923538208,163,490,512,512
1.3438506126403809,162,494,512,512
1.3448514938354492,160,498,512,512
1.3457739353179932,157,505,512,512
1.3457739353179932,155,509,512,512
1.3457739353179932,152,512,512,512
1.3457739353179932,149,514,512,512
1.3457739353179932,144,516,512,512
1.3457739353179932,142,517,512,512
1.3457739353179932,140,518,512,512
1.3457739353179932,138,518,512,512
1.3457739353179932,137,515,512,512
1.3457739353179932,136,512,512,512
1.3457739353179932,137,510,512,512
1.3457739353179932,137,508,512,512
1.3457739353179932,139,506,512,512
1.3457739353179932,141,505,512,512
1.3575079441070557,144,506,512,512
1.3586845397949219,146,506,512,512
1.3586845397949219,149,507,512,512
1.3597047328948975,151,510,512,512
1.3606951236724854,154,513,512,512
1.3616971969604492,156,517,512,512
1.3626954555511475,159,522,512,512
1.3636958599090576,160,527,512,512
1.3646950721740723,161,531,512,512
1.3646950721740723,162,534,512,512
1.3656947612762451,162,538,512,512
1.3666942119598389,163,540,512,512
1.3676939010620117,164,540,512,512
1.3686938285827637,165,540,512,512
1.3696942329406738,168,539,512,512
1.3696942329406738,170,538,512,512
1.370694637298584,173,535,512,512
1.3717067241668701,177,531,512,512
1.372696876525879,181,527,512,512
1.3740730285644531,186,524,512,512
1.3744139671325684,192,523,512,512
1.375654697418213,198,522,512,512
1.3759071826934814,208,523,512,512
1.3769214153289795,215,523,512,512
1.3779170513153076,222,525,512,512
1.3789167404174805,228,527,512,512
1.3799166679382324,234,532,512,512
1.3799166679382324,239,535,512,512
1.3809168338775635,243,539,512,512
1.3819184303283691,247,543,512,512
1.3829169273376465,252,545,512,512
1.3839166164398193,255,546,512,512
1.3849165439605713,258,546,512,512
1.385915994644165,260,546,512,512
1.3869149684906006,263,543,512,512
1.3869149684906006,266,541,512,512
1.3879144191741943,270,538,512,512
1.3889172077178955,275,534,512,512
1.3899168968200684,283,530,512,512
1.3911933898925781,290,526,512,512
1.3911933898925781,298,523,512,512
1.3927619457244873,306,520,512,512
1.3932466506958008,314,518,512,512
1.3942570686340332,322,518,512,512
1.395256757736206,331,518,512,512
1.395256757736206,338,519,512,512
1.3962571620941162,347,521,512,512
1.3972578048706055,351,523,512,512
1.3982577323913574,354,525,512,512
1.3992576599121094,355,528,512,512
1.4002575874328613,354,531,512,512
1.4002575874328613,353,532,512,512
1.401256799697876,350,532,512,512
1.4022562503814697,347,531,512,512
1.403254508972168,342,530,512,512
1.4042551517486572,339,527,512,512
1.405261516571045,337,524,512,512
1.4062581062316895,335,522,512,512
1.407263994216919,334,516,512,512
1.407263994216919,333,511,512,512
1.407263994216919,333,508,512,512
1.407263994216919,334,505,512,512
1.407263994216919,335,503,512,512
1.407263994216919,335,501,512,512
1.407263994216919,335,502,512,512
1.407263994216919,335,503,512,512
1.407263994216919,333,504,512,512
1.407263994216919,330,505,512,512
1.407263994216919,326,508,512,512
1.407263994216919,320,510,512,512
1.407263994216919,310,512,512,512
1.407263994216919,302,514,512,512
1.407263994216919,294,516,512,512
1.407263994216919,286,516,512,512
1.407263994216919,278,515,512,512
1.407263994216919,271,514,512,512
1.407263994216919,263,512,512,512
1.4229755401611328,257,509,512,512
1.4229755401611328,249,507,512,512
1.4251697063446045,244,505,512,512
1.425649642944336,240,502,512,512
1.425649642944336,236,499,512,512
1.425649642944336,234,497,512,512
1.425649642944336,231,496,512,512
1.425649642944336,228,496,512,512
1.425649642944336,225,498,512,512
1.425649642944336,221,500,512,512
1.425649642944336,217,501,512,512
1.425649642944336,213,503,512,512
1.425649642944336,209,506,512,512
1.425649642944336,205,510,512,512
1.425649642944336,200,512,512,512
1.425649642944336,195,515,512,512
1.425649642944336,191,517,512,512
1.425649642944336,183,518,512,512
1.4386928081512451,178,518,512,512
1.4386928081512451,174,517,512,512
1.4386928081512451,171,517,512,512
1.4386928081512451,167,514,512,512
1.4386928081512451,165,513,512,512
1.4386928081512451,163,512,512,512
1.4386928081512451,161,510,512,512
1.4386928081512451,160,508,512,512
1.4386928081512451,160,507,512,512
1.4386928081512451,159,508,512,512
1.4386928081512451,159,508,512,512
1.4386928081512451,159,511,512,512
1.4386928081512451,158,514,512,512
1.4386928081512451,158,516,512,512
1.4386928081512451,158,518,512,512
1.4386928081512451,157,521,512,512
1.4386928081512451,156,524,512,512
1.4386928081512451,155,527,512,512
1.4386928081512451,154,529,512,512
1.454329490661621,153,533,512,512
1.455779790878296,152,534,512,512
1.4560348987579346,151,534,512,512
1.4560348987579346,150,534,512,512
1.4560348987579346,150,534,512,512
1.4560348987579346,150,532,512,512
1.4560348987579346,151,531,512,512
1.4560348987579346,152,530,512,512
1.4560348987579346,154,529,512,512
1.4560348987579346,156,527,512,512
1.4560348987579346,159,526,512,512
1.4560348987579346,162,527,512,512
1.4560348987579346,166,527,512,512
1.4560348987579346,170,527,512,512
1.4560348987579346,173,529,512,512
1.4560348987579346,176,532,512,512
1.4560348987579346,179,535,512,512
1.4560348987579346,181,537,512,512
1.470088005065918,184,540,512,512
1.470088005065918,186,543,512,512
1.470088005065918,189,545,512,512
1.470088005065918,191,547,512,512
1.470088005065918,193,549,512,512
1.470088005065918,195,549,512,512
1.470088005065918,197,548,512,512
1.470088005065918,200,546,512,512
1.470088005065918,203,545,512,512
1.470088005065918,206,542,512,512
1.470088005065918,213,540,512,512
1.470088005065918,218,539,512,512
1.470088005065918,223,537,512,512
1.470088005065918,229,535,512,512
1.470088005065918,235,534,512,512
1.470088005065918,241,534,512,512
1.470088005065918,247,534,512,512
1.470088005065918,253,535,512,512
1.470088005065918,262,537,512,512
1.4861423969268799,267,539,512,512
1.4861423969268799,271,540,512,512
1.4861423969268799,275,542,512,512
1.4861423969268799,279,544,512,512
1.4861423969268799,281,545,512,512
1.4861423969268799,284,545,512,512
1.4861423969268799,286,546,512,512
1.4861423969268799,289,545,512,512
1.4861423969268799,291,543,512,512
1.4861423969268799,294,540,512,512
1.4861423969268799,296,538,512,512
1.4861423969268799,300,533,512,512
1.4861423969268799,304,531,512,512
1.4861423969268799,308,529,512,512
1.4861423969268799,312,527,512,512
1.4861423969268799,318,525,512,512
1.4861423969268799,323,523,512,512
1.4861423969268799,327,523,512,512
1.5017099380493164,331,522,512,512
1.5017099380493164,333,523,512,512
1.5017099380493164,335,525,512,512
1.5017099380493164,336,526,512,512
1.5017099380493164,336,526,512,512
1.5017099380493164,334,527,512,512
1.5017099380493164,331,528,512,512
1.5017099380493164,328,528,512,512
1.5017099380493164,324,528,512,512
1.5017099380493164,320,528,512,512
1.5017099380493164,316,526,512,512
1.5017099380493164,312,524,512,512
1.5017099380493164,308,522,512,512
1.5017099380493164,303,519,512,512
1.5017099380493164,301,517,512,512
1.5017099380493164,298,515,512,512
1.5017099380493164,296,513,512,512
1.5017099380493164,294,512,512,512
1.5017099380493164,292,510,512,512
1.5178170204162598,290,508,512,512
1.5178170204162598,288,508,512,512
1.5178170204162598,284,509,512,512
1.5178170204162598,280,509,512,512
1.5178170204162598,276,511,512,512
1.5178170204162598,272,513,512,512
1.5178170204162598,267,515,512,512
1.5178170204162598,261,516,512,512
1.5178170204162598,256,517,512,512
1.5178170204162598,250,518,512,512
1.5178170204162598,241,518,512,512
1.5178170204162598,236,518,512,512
1.5178170204162598,230,519,512,512
1.5178170204162598,225,517,512,512
1.5178170204162598,221,514,512,512
1.5178170204162598,217,513,512,512
1.5178170204162598,213,512,512,512
1.5178170204162598,210,510,512,512
1.5178170204162598,206,509,512,512
1.5336170196533203,203,509,512,512
1.5336170196533203,201,509,512,512
1.5350019931793213,199,508,512,512
1.536057472229004,197,509,512,512
1.5375359058380127,195,511,512,512
1.5381932258605957,193,512,512,512
1.5389599800109863,190,514,512,512
1.539973258972168,186,517,512,512
1.540548324584961,183,519,512,512
1.5410034656524658,180,520,512,512
1.542165994644165,177,522,512,512
1.543163776397705,175,524,512,512
1.543163776397705,172,524,512,512
1.544163465499878,170,525,512,512
1.5451641082763672,167,526,512,512
1.5461640357971191,164,525,512,512
1.5471625328063965,162,524,512,512
1.5481619834899902,161,522,512,512
1.5491645336151123,161,522,512,512
1.5501644611358643,160,520,512,512
1.5501644611358643,160,520,512,512
1.5511643886566162,161,521,512,512
1.552164077758789,161,521,512,512
1.5531649589538574,162,521,512,512
1.5541660785675049,162,522,512,512
1.555302381515503,163,524,512,512
1.5558183193206787,163,526,512,512
1.557011365890503,164,529,512,512
1.557478904724121,164,532,512,512
1.557478904724121,165,534,512,512
1.558760404586792,165,535,512,512
1.5597596168518066,165,537,512,512
1.5607585906982422,166,538,512,512
1.561758279800415,166,539,512,512
1.562758207321167,167,539,512,512
1.562758207321167,167,540,512,512
1.5637574195861816,168,540,512,512
1.5647563934326172,170,539,512,512
1.5657570362091064,171,537,512,512
1.5667591094970703,174,536,512,512
1.5677595138549805,177,536,512,512
1.5687596797943115,180,535,512,512
1.5687596797943115,183,534,512,512
1.5697591304779053,186,535,512,512
1.5707569122314453,190,535,512,512
1.57212495803833,193,535,512,512
1.5726306438446045,197,537,512,512
1.5736408233642578,202,538,512,512
1.5741710662841797,205,539,512,512
1.5741710662841797,208,541,512,512
1.5741710662841797,211,544,512,512
1.5741710662841797,214,546,512,512
1.5741710662841797,217,546,512,512
1.5741710662841797,219,546,512,512
1.5741710662841797,222,547,512,512
1.5741710662841797,226,546,512,512
1.5741710662841797,229,546,512,512
1.5741710662841797,232,546,512,512
1.5741710662841797,235,544,512,512
1.5741710662841797,239,541,512,512
1.5741710662841797,243,539,512,512
1.5741710662841797,248,538,512,512
1.5741710662841797,252,536,512,512
1.5741710662841797,260,535,512,512
1.5741710662841797,265,535,512,512
1.5892901420593262,270,535,512,512
1.5892901420593262,275,534,512,512
1.5892901420593262,279,534,512,512
1.5892901420593262,283,535,512,512
1.5892901420593262,287,536,512,512
1.5892901420593262,290,537,512,512
1.5892901420593262,294,538,512,512
1.5892901420593262,295,540,512,512
1.5892901420593262,297,539,512,512
1.5892901420593262,298,539,512,512
1.5892901420593262,299,538,512,512
1.5892901420593262,300,537,512,512
1.5892901420593262,300,535,512,512
1.5892901420593262,301,534,512,512
1.5892901420593262,302,533,512,512
1.5892901420593262,303,530,512,512
1.5892901420593262,305,527,512,512
1.5892901420593262,306,526,512,512
1.5892901420593262,307,523,512,512
1.605114459991455,309,522,512,512
1.605114459991455,310,522,512,512
1.6068158149719238,311,522,512,512
1.6077966690063477,311,522,512,512
1.608377456665039,310,522,512,512
1.608377456665039,309,522,512,512
1.608377456665039,307,523,512,512
1.608377456665039,305,523,512,512
1.608377456665039,302,524,512,512
1.608377456665039,299,525,512,512
1.608377456665039,295,525,512,512
1.608377456665039,289,524,512,512
1.608377456665039,285,523,512,512
1.608377456665039,281,523,512,512
1.608377456665039,277,521,512,512
1.608377456665039,273,520,512,512
1.608377456665039,269,519,512,512
1.608377456665039,266,517,512,512
1.608377456665039,263,515,512,512
1.620866298675537,259,514,512,512
1.620866298675537,256,513,512,512
1.620866298675537,254,512,512,512
1.620866298675537,251,512,512,512
1.620866298675537,248,514,512,512
1.620866298675537,245,514,512,512
1.620866298675537,242,514,512,512
1.620866298675537,239,515,512,512
1.620866298675537,233,516,512,512
1.620866298675537,229,516,512,512
1.620866298675537,225,517,512,512
1.620866298675537,221,519,512,512
1.620866298675537,217,520,512,512
1.620866298675537,213,520,512,512
1.620866298675537,209,520,512,512
1.620866298675537,205,520,512,512
1.620866298675537,201,519,512,512
1.620866298675537,198,518,512,512
1.6365399360656738,195,519,512,512
1.6365399360656738,193,518,512,512
1.6365399360656738,191,516,512,512
1.6365399360656738,189,516,512,512
1.6365399360656738,187,516,512,512
1.6365399360656738,186,516,512,512
1.6365399360656738,184,516,512,512
1.6365399360656738,183,518,512,512
1.6365399360656738,181,519,512,512
1.6365399360656738,180,520,512,512
1.6365399360656738,179,521,512,512
1.6365399360656738,177,523,512,512
1.6365399360656738,176,524,512,512
1.6365399360656738,174,526,512,512
1.6365399360656738,172,528,512,512
1.6365399360656738,171,529,512,512
1.6365399360656738,169,529,512,512
1.6365399360656738,168,529,512,512
1.652198076248169,168,530,512,512
1.6530117988586426,167,529,512,512
1.6530117988586426,167,529,512,512
1.6530117988586426,166,529,512,512
1.6530117988586426,167,529,512,512
1.6530117988586426,167,529,512,512
1.6530117988586426,168,528,512,512
1.6530117988586426,169,528,512,512
1.6530117988586426,170,528,512,512
1.6530117988586426,171,529,512,512
1.6530117988586426,173,530,512,512
1.6530117988586426,174,532,512,512
1.6530117988586426,176,533,512,512
1.6530117988586426,178,534,512,512
1.6530117988586426,179,535,512,512
1.6530117988586426,180,537,512,512
1.6530117988586426,181,539,512,512
1.6530117988586426,182,540,512,512
1.6530117988586426,184,542,512,512
1.6679463386535645,185,541,512,512
1.6679463386535645,187,541,512,512
1.6679463386535645,189,540,512,512
1.6679463386535645,191,540,512,512
1.6679463386535645,193,539,512,512
1.6679463386535645,195,539,512,512
1.6679463386535645,198,539,512,512
1.6679463386535645,201,538,512,512
1.6679463386535645,204,537,512,512
1.6679463386535645,209,537,512,512
1.6679463386535645,213,537,512,512
1.6679463386535645,216,537,512,512
1.6679463386535645,220,537,512,512
1.6679463386535645,224,539,512,512
1.6679463386535645,227,540,512,512
1.6679463386535645,230,540,512,512
1.6679463386535645,233,540,512,512
1.6679463386535645,238,542,512,512
1.6836628913879395,240,542,512,512
1.6836628913879395,243,542,512,512
1.6836628913879395,245,543,512,512
1.6836628913879395,248,543,512,512
1.6836628913879395,250,542,512,512
1.6836628913879395,253,541,512,512
1.6836628913879395,256,540,512,512
1.6836628913879395,260,539,512,512
1.6836628913879395,263,537,512,512
1.6836628913879395,267,536,512,512
1.6836628913879395,270,536,512,512
1.6836628913879395,273,533,512,512
1.6836628913879395,276,532,512,512
1.6836628913879395,280,532,512,512
1.6836628913879395,283,531,512,512
1.6836628913879395,287,531,512,512
1.6836628913879395,290,532,512,512
1.6836628913879395,292,533,512,512
1.6836628913879395,293,533,512,512
1.6995327472686768,294,532,512,512
1.6995327472686768,295,533,512,512
1.701369285583496,295,532,512,512
1.702279806137085,295,532,512,512
1.7027792930603027,294,532,512,512
1.7037911415100098,294,532,512,512
1.7047879695892334,293,532,512,512
1.7057878971099854,292,530,512,512
1.7057878971099854,291,528,512,512
1.7072515487670898,291,526,512,512
1.7072515487670898,290,524,512,512
1.7085487842559814,289,523,512,512
1.7095463275909424,289,523,512,512
1.710545539855957,288,522,512,512
1.7115452289581299,287,520,512,512
1.7115452289581299,286,519,512,512
1.7135446071624756,284,519,512,512
1.7135446071624756,283,519,512,512
1.7145435810089111,281,520,512,512
1.715543508529663,279,521,512,512
1.7165462970733643,275,522,512,512
1.7175464630126953,271,522,512,512
1.718614101409912,268,522,512,512
1.7193539142608643,264,522,512,512
1.7193539142608643,261,522,512,512
1.7203660011291504,257,522,512,512
1.7213671207427979,254,522,512,512
1.7223665714263916,250,521,512,512
1.7233664989471436,245,520,512,512
1.7240781784057617,242,519,512,512
1.7250628471374512,239,518,512,512
1.7260830402374268,236,517,512,512
1.7270808219909668,233,516,512,512
1.7270808219909668,230,517,512,512
1.7284910678863525,228,516,512,512
1.729644536972046,226,516,512,512
1.730055332183838,222,515,512,512
1.7311363220214844,220,516,512,512
1.7321343421936035,217,516,512,512
1.7321343421936035,215,517,512,512
1.7339112758636475,212,519,512,512
1.7339112758636475,210,521,512,512
1.7339112758636475,207,521,512,512
1.7339112758636475,204,521,512,512
1.7339112758636475,200,522,512,512
1.7339112758636475,197,522,512,512
1.7339112758636475,195,522,512,512
1.7339112758636475,192,523,512,512
1.7405767440795898,190,523,512,512
1.741694450378418,188,523,512,512
1.7421882152557373,186,522,512,512
1.7421882152557373,185,522,512,512
1.7421882152557373,183,522,512,512
1.7421882152557373,182,521,512,512
1.7421882152557373,181,522,512,512
1.7421882152557373,180,523,512,512
1.7421882152557373,180,523,512,512
1.7421882152557373,180,522,512,512
1.7421882152557373,179,523,512,512
1.7421882152557373,179,524,512,512
1.7421882152557373,178,525,512,512
1.7421882152557373,178,526,512,512
1.7421882152557373,177,528,512,512
1.7421882152557373,177,529,512,512
1.7421882152557373,176,530,512,512
1.7421882152557373,176,531,512,512
1.7421882152557373,176,532,512,512
1.7573421001434326,176,532,512,512
1.7573421001434326,176,533,512,512
1.7583529949188232,176,534,512,512
1.7583529949188232,176,534,512,512
1.7583529949188232,177,533,512,512
1.7583529949188232,178,533,512,512
1.7583529949188232,179,532,512,512
1.7583529949188232,180,532,512,512
1.7583529949188232,181,532,512,512
1.7583529949188232,184,533,512,512
1.7583529949188232,186,534,512,512
1.7583529949188232,188,533,512,512
1.7583529949188232,189,534,512,512
1.7583529949188232,191,535,512,512
1.7583529949188232,193,536,512,512
1.7583529949188232,195,537,512,512
1.7583529949188232,197,538,512,512
1.7583529949188232,199,540,512,512
1.7583529949188232,201,540,512,512
1.7583529949188232,203,540,512,512
1.7730333805084229,205,540,512,512
1.7741522789001465,207,540,512,512
1.7753949165344238,209,540,512,512
1.7753949165344238,211,540,512,512
1.7764248847961426,213,540,512,512
1.7764248847961426,217,539,512,512
1.7764248847961426,219,538,512,512
1.7764248847961426,222,538,512,512
1.7764248847961426,225,537,512,512
1.7764248847961426,229,536,512,512
1.7764248847961426,232,537,512,512
1.7764248847961426,235,537,512,512
1.7764248847961426,238,537,512,512
1.7764248847961426,243,537,512,512
1.7764248847961426,246,537,512,512
1.7764248847961426,249,538,512,512
1.7764248847961426,251,538,512,512
1.7764248847961426,254,539,512,512
1.7764248847961426,256,540,512,512
1.7764248847961426,258,539,512,512
1.7907216548919678,260,538,512,512
1.7907216548919678,263,538,512,512
1.7917156219482422,265,538,512,512
1.7917156219482422,267,537,512,512
1.7917156219482422,268,536,512,512
1.7917156219482422,270,536,512,512
1.7917156219482422,272,535,512,512
1.7917156219482422,273,533,512,512
1.7917156219482422,275,532,512,512
1.7917156219482422,278,531,512,512
1.7917156219482422,279,530,512,512
1.7917156219482422,281,529,512,512
1.7917156219482422,282,530,512,512
1.7917156219482422,283,530,512,512
1.7917156219482422,284,529,512,512
1.7917156219482422,285,529,512,512
1.7917156219482422,285,529,512,512
1.7917156219482422,285,529,512,512
1.7917156219482422,284,528,512,512
1.8066284656524658,283,529,512,512
1.807548999786377,282,529,512,512
1.8084743022918701,280,528,512,512
1.8084743022918701,279,527,512,512
1.8084743022918701,277,527,512,512
1.8084743022918701,276,526,512,512
1.8084743022918701,273,525,512,512
1.8084743022918701,271,525,512,512
1.8084743022918701,270,525,512,512
1.8084743022918701,268,523,512,512
1.8084743022918701,266,521,512,512
1.8084743022918701,265,521,512,512
1.8084743022918701,263,520,512,512
1.8084743022918701,261,520,512,512
1.8084743022918701,258,520,512,512
1.8084743022918701,256,521,512,512
1.8084743022918701,254,521,512,512
1.8084743022918701,251,520,512,512
1.8084743022918701,249,521,512,512
1.8232362270355225,246,521,512,512
1.8232362270355225,243,521,512,512
1.824131727218628,241,522,512,512
1.824951171875,236,523,512,512
1.824951171875,233,523,512,512
1.824951171875,230,522,512,512
1.824951171875,227,522,512,512
1.824951171875,224,521,512,512
1.824951171875,221,520,512,512
1.824951171875,219,520,512,512
1.824951171875,217,520,512,512
1.824951171875,213,520,512,512
1.824951171875,211,519,512,512
1.824951171875,209,519,512,512
1.824951171875,207,519,512,512
1.824951171875,206,519,512,512
1.824951171875,205,520,512,512
1.824951171875,203,521,512,512
1.824951171875,201,522,512,512
1.824951171875,199,522,512,512
1.8397982120513916,197,522,512,512
1.8407974243164062,195,523,512,512
1.8418269157409668,193,524,512,512
1.8418269157409668,192,525,512,512
1.8418269157409668,190,527,512,512
1.8418269157409668,189,527,512,512
1.8418269157409668,187,526,512,512
1.8418269157409668,185,526,512,512
1.8418269157409668,184,527,512,512
1.8418269157409668,184,527,512,512
1.8418269157409668,183,526,512,512
1.8418269157409668,182,527,512,512
1.8418269157409668,182,527,512,512
1.8418269157409668,182,527,512,512
1.8418269157409668,182,527,512,512
1.8418269157409668,182,527,512,512
1.8418269157409668,182,527,512,512
1.8418269157409668,182,528,512,512
1.8418269157409668,182,529,512,512
1.8418269157409668,183,531,512,512
1.857290267944336,183,531,512,512
1.857290267944336,183,531,512,512
1.8583166599273682,184,532,512,512
1.8583166599273682,184,533,512,512
1.8583166599273682,185,534,512,512
1.8583166599273682,185,535,512,512
1.8583166599273682,186,536,512,512
1.8583166599273682,187,536,512,512
1.8583166599273682,188,536,512,512
1.8583166599273682,189,536,512,512
1.8583166599273682,190,536,512,512
1.8583166599273682,192,536,512,512
1.8583166599273682,193,536,512,512
1.8583166599273682,195,536,512,512
1.8583166599273682,197,536,512,512
1.8583166599273682,199,534,512,512
1.8583166599273682,201,534,512,512
1.8583166599273682,203,534,512,512
1.8583166599273682,205,535,512,512
1.8583166599273682,208,535,512,512
1.8738923072814941,210,537,512,512
1.8749184608459473,212,538,512,512
1.8752367496490479,214,538,512,512
1.8752367496490479,216,539,512,512
1.8752367496490479,218,539,512,512
1.8752367496490479,220,539,512,512
1.8752367496490479,222,539,512,512
1.8752367496490479,225,540,512,512
1.8752367496490479,227,540,512,512
1.8752367496490479,230,539,512,512
1.8752367496490479,232,538,512,512
1.8752367496490479,234,538,512,512
1.8752367496490479,236,537,512,512
1.8752367496490479,239,537,512,512
1.8752367496490479,241,537,512,512
1.8752367496490479,245,536,512,512
1.8752367496490479,247,535,512,512
1.8752367496490479,250,534,512,512
1.8752367496490479,253,534,512,512
1.8752367496490479,255,534,512,512
1.8907115459442139,257,534,512,512
1.8917386531829834,260,535,512,512
1.8927323818206787,261,535,512,512
1.8927323818206787,264,535,512,512
1.8927323818206787,265,534,512,512
1.8927323818206787,266,534,512,512
1.8927323818206787,267,534,512,512
1.8927323818206787,268,533,512,512
1.8927323818206787,269,534,512,512
1.8927323818206787,270,534,512,512
1.8927323818206787,270,532,512,512
1.8927323818206787,271,531,512,512
1.8927323818206787,271,531,512,512
1.8927323818206787,271,530,512,512
1.8927323818206787,272,529,512,512
1.8927323818206787,272,528,512,512
1.8927323818206787,272,528,512,512
1.8927323818206787,273,527,512,512
1.8927323818206787,273,526,512,512
1.907275676727295,273,526,512,512
1.9083056449890137,272,525,512,512
1.9083056449890137,272,525,512,512
1.9083056449890137,271,525,512,512
1.9083056449890137,270,526,512,512
1.9083056449890137,268,525,512,512
1.9083056449890137,267,525,512,512
1.9083056449890137,265,525,512,512
1.9083056449890137,263,524,512,512
1.9083056449890137,261,524,512,512
1.9083056449890137,259,524,512,512
1.9083056449890137,256,525,512,512
1.9083056449890137,254,524,512,512
1.9083056449890137,252,523,512,512
1.9083056449890137,250,522,512,512
1.9083056449890137,248,522,512,512
1.9083056449890137,245,521,512,512
1.9083056449890137,243,521,512,512
1.9083056449890137,242,521,512,512
1.9083056449890137,240,521,512,512
1.9240045547485352,238,520,512,512
1.9253513813018799,236,520,512,512
1.9253513813018799,234,520,512,512
1.9253513813018799,232,520,512,512
1.9253513813018799,229,521,512,512
1.9253513813018799,226,522,512,512
1.9253513813018799,224,523,512,512
1.9253513813018799,222,522,512,512
1.9253513813018799,219,522,512,512
1.9253513813018799,217,522,512,512
1.9253513813018799,215,522,512,512
1.9253513813018799,213,522,512,512
1.9253513813018799,210,523,512,512
1.9253513813018799,208,523,512,512
1.9253513813018799,206,523,512,512
1.9253513813018799,205,522,512,512
1.9253513813018799,203,522,512,512
1.9253513813018799,201,522,512,512
1.9253513813018799,200,522,512,512
1.940617561340332,199,523,512,512
1.940617561340332,197,523,512,512
1.9416513442993164,196,523,512,512
1.9416513442993164,195,523,512,512
1.9416513442993164,194,524,512,512
1.9416513442993164,193,525,512,512
1.9416513442993164,192,525,512,512
1.9416513442993164,192,527,512,512
1.9416513442993164,191,528,512,512
1.9416513442993164,190,528,512,512
1.9416513442993164,189,528,512,512
1.9416513442993164,188,528,512,512
1.9416513442993164,188,529,512,512
1.9416513442993164,187,528,512,512
1.9416513442993164,187,529,512,512
1.9416513442993164,187,530,512,512
1.9416513442993164,186,530,512,512
1.9416513442993164,187,529,512,512
1.9416513442993164,187,529,512,512
1.9416513442993164,187,530,512,512
1.9571454524993896,188,530,512,512
1.9581701755523682,189,531,512,512
1.9581701755523682,189,532,512,512
1.9581701755523682,190,532,512,512
1.9581701755523682,191,532,512,512
1.9581701755523682,192,532,512,512
1.9581701755523682,193,533,512,512
1.9581701755523682,194,533,512,512
1.9581701755523682,194,534,512,512
1.9581701755523682,196,536,512,512
1.9581701755523682,197,536,512,512
1.9581701755523682,198,536,512,512
1.9581701755523682,199,536,512,512
1.9581701755523682,201,536,512,512
1.9581701755523682,202,536,512,512
1.9581701755523682,203,536,512,512
1.9581701755523682,205,537,512,512
1.9581701755523682,207,537,512,512
1.9581701755523682,208,536,512,512
1.9581701755523682,210,536,512,512
1.9739487171173096,212,536,512,512
1.9753553867340088,215,535,512,512
1.9753553867340088,217,535,512,512
1.9753553867340088,219,536,512,512
1.9753553867340088,221,536,512,512
1.9753553867340088,223,536,512,512
1.9753553867340088,225,535,512,512
1.9753553867340088,227,536,512,512
1.9753553867340088,229,536,512,512
1.9753553867340088,232,536,512,512
1.9753553867340088,234,537,512,512
1.9753553867340088,236,538,512,512
1.9753553867340088,237,537,512,512
1.9753553867340088,239,536,512,512
1.9753553867340088,241,536,512,512
1.9753553867340088,242,536,512,512
1.9753553867340088,244,536,512,512
1.9753553867340088,247,536,512,512
1.9753553867340088,248,536,512,512
1.9906198978424072,250,535,512,512
1.9916434288024902,252,533,512,512
1.9916434288024902,254,532,512,512
1.9916434288024902,255,532,512,512
1.9916434288024902,257,531,512,512
1.9916434288024902,258,531,512,512
1.9916434288024902,260,532,512,512
1.9916434288024902,262,532,512,512
1.9916434288024902,263,531,512,512
1.9916434288024902,264,531,512,512
1.9916434288024902,264,531,512,512
1.9916434288024902,265,531,512,512
1.9916434288024902,265,531,512,512
1.9916434288024902,265,531,512,512
1.9916434288024902,265,531,512,512
1.9916434288024902,265,530,512,512
1.9916434288024902,265,529,512,512
1.9916434288024902,264,529,512,512
1.9916434288024902,264,528,512,512
1.9916434288024902,264,528,512,512
2.0074188709259033,263,528,512,512
2.0084445476531982,262,527,512,512
2.009089708328247,262,526,512,512
2.009089708328247,261,525,512,512
2.009089708328247,260,525,512,512
2.009089708328247,259,524,512,512
2.009089708328247,259,524,512,512
2.009089708328247,258,525,512,512
2.009089708328247,256,525,512,512
2.009089708328247,255,524,512,512
2.009089708328247,253,524,512,512
2.009089708328247,251,524,512,512
2.009089708328247,249,524,512,512
2.009089708328247,247,524,512,512
2.009089708328247,245,525,512,512
2.009089708328247,244,525,512,512
2.009089708328247,242,524,512,512
2.009089708328247,240,523,512,512
2.009089708328247,237,523,512,512
2.023771047592163,235,523,512,512
2.0247788429260254,233,522,512,512
2.0247788429260254,231,523,512,512
2.0247788429260254,229,523,512,512
2.0247788429260254,227,522,512,512
2.0247788429260254,226,522,512,512
2.0247788429260254,224,522,512,512
2.0247788429260254,222,521,512,512
2.0247788429260254,220,521,512,512
2.0247788429260254,218,522,512,512
2.0247788429260254,217,523,512,512
2.0247788429260254,215,522,512,512
2.0247788429260254,214,522,512,512
2.0247788429260254,212,522,512,512
2.0247788429260254,211,522,512,512
2.0247788429260254,208,523,512,512
2.0247788429260254,207,524,512,512
2.0247788429260254,205,525,512,512
2.0247788429260254,203,526,512,512
2.0247788429260254,202,525,512,512
2.0404953956604004,201,525,512,512
2.0415103435516357,200,525,512,512
2.0419023036956787,199,525,512,512
2.0419023036956787,197,525,512,512
2.0419023036956787,197,526,512,512
2.0419023036956787,196,526,512,512
2.0419023036956787,195,526,512,512
2.0419023036956787,195,526,512,512
2.0419023036956787,194,526,512,512
2.0419023036956787,194,526,512,512
2.0419023036956787,193,527,512,512
2.0419023036956787,193,528,512,512
2.0419023036956787,193,529,512,512
2.0419023036956787,193,529,512,512
2.0419023036956787,193,529,512,512
2.0419023036956787,193,530,512,512
2.0419023036956787,193,530,512,512
2.0419023036956787,193,531,512,512
2.0419023036956787,193,532,512,512
2.0419023036956787,193,532,512,512
2.0572168827056885,193,532,512,512
2.058406352996826,193,532,512,512
2.058406352996826,194,532,512,512
2.058406352996826,194,532,512,512
2.058406352996826,195,532,512,512
2.058406352996826,196,533,512,512
2.058406352996826,197,533,512,512
2.058406352996826,198,533,512,512
2.058406352996826,199,532,512,512
2.058406352996826,200,533,512,512
2.058406352996826,202,533,512,512
2.058406352996826,203,533,512,512
2.058406352996826,204,534,512,512
2.058406352996826,206,535,512,512
2.058406352996826,207,535,512,512
2.058406352996826,209,535,512,512
2.058406352996826,210,535,512,512
2.058406352996826,211,535,512,512
2.073026180267334,213,535,512,512
2.0739099979400635,214,536,512,512
2.0748484134674072,216,536,512,512
2.0748484134674072,217,536,512,512
2.0748484134674072,219,535,512,512
2.0748484134674072,221,535,512,512
2.0748484134674072,223,535,512,512
2.0748484134674072,224,535,512,512
2.0748484134674072,226,535,512,512
2.0748484134674072,228,536,512,512
2.0748484134674072,230,535,512,512
2.0748484134674072,232,535,512,512
2.0748484134674072,233,534,512,512
2.0748484134674072,236,534,512,512
2.0748484134674072,238,534,512,512
2.0748484134674072,239,534,512,512
2.0748484134674072,241,535,512,512
2.0748484134674072,242,535,512,512
2.0748484134674072,244,534,512,512
2.0748484134674072,245,534,512,512
2.0900399684906006,246,534,512,512
2.0910632610321045,248,534,512,512
2.0910632610321045,249,534,512,512
2.0910632610321045,250,534,512,512
2.0910632610321045,251,534,512,512
2.0910632610321045,252,532,512,512
2.0910632610321045,253,532,512,512
2.0910632610321045,254,531,512,512
2.0910632610321045,255,531,512,512
2.0910632610321045,256,530,512,512
2.0910632610321045,257,531,512,512
2.0910632610321045,257,531,512,512
2.0910632610321045,258,530,512,512
2.0910632610321045,258,529,512,512
2.0910632610321045,259,529,512,512
2.0910632610321045,259,528,512,512
2.0910632610321045,259,528,512,512
2.0910632610321045,259,529,512,512
2.0910632610321045,259,529,512,512
2.105715274810791,258,529,512,512
2.107282876968384,258,528,512,512
2.107282876968384,257,528,512,512
2.1083016395568848,256,527,512,512
2.1083016395568848,255,527,512,512
2.1083016395568848,255,527,512,512
2.1083016395568848,253,527,512,512
2.1083016395568848,252,526,512,512
2.1083016395568848,251,525,512,512
2.1083016395568848,250,525,512,512
2.1083016395568848,249,524,512,512
2.1083016395568848,247,523,512,512
2.1083016395568848,246,524,512,512
2.1083016395568848,245,524,512,512
2.1083016395568848,243,524,512,512
2.1083016395568848,242,523,512,512
2.1083016395568848,241,523,512,512
2.1083016395568848,239,524,512,512
2.1083016395568848,238,524,512,512
2.1083016395568848,236,524,512,512
2.1083016395568848,235,525,512,512
2.1240835189819336,233,525,512,512
2.1240835189819336,230,524,512,512
2.1252713203430176,229,524,512,512
2.1252713203430176,227,524,512,512
2.1252713203430176,225,524,512,512
2.1252713203430176,224,524,512,512
2.1252713203430176,222,524,512,512
2.1252713203430176,221,524,512,512
2.1252713203430176,219,523,512,512
2.1252713203430176,217,523,512,512
2.1252713203430176,215,523,512,512
2.1252713203430176,214,523,512,512
2.1252713203430176,213,523,512,512
2.1252713203430176,212,524,512,512
2.1252713203430176,210,524,512,512
2.1252713203430176,209,524,512,512
2.1252713203430176,208,524,512,512
2.1252713203430176,206,525,512,512
2.1252713203430176,205,525,512,512
2.140475273132324,204,525,512,512
2.140475273132324,203,526,512,512
2.1415021419525146,202,527,512,512
2.1415021419525146,201,526,512,512
2.1415021419525146,201,526,512,512
2.1415021419525146,200,527,512,512
2.1415021419525146,199,527,512,512
2.1415021419525146,198,527,512,512
2.1415021419525146,198,528,512,512
2.1415021419525146,197,529,512,512
2.1415021419525146,197,528,512,512
2.1415021419525146,197,528,512,512
2.1415021419525146,197,528,512,512
2.1415021419525146,197,528,512,512
2.1415021419525146,197,528,512,512
2.1415021419525146,197,529,512,512
2.1415021419525146,197,530,512,512
2.1415021419525146,197,530,512,512
2.1415021419525146,197,529,512,512
2.1415021419525146,197,530,512,512
2.157219409942627,197,530,512,512
2.158254384994507,198,530,512,512
2.158254384994507,198,531,512,512
2.158254384994507,199,533,512,512
2.158254384994507,199,533,512,512
2.158254384994507,200,533,512,512
2.158254384994507,201,533,512,512
2.158254384994507,201,533,512,512
2.158254384994507,202,533,512,512
2.158254384994507,203,533,512,512
2.158254384994507,204,534,512,512
2.158254384994507,205,534,512,512
2.158254384994507,206,533,512,512
2.158254384994507,207,533,512,512
2.158254384994507,208,533,512,512
2.158254384994507,210,533,512,512
2.158254384994507,211,534,512,512
2.158254384994507,212,535,512,512
2.158254384994507,214,535,512,512
2.158254384994507,216,534,512,512
2.1738529205322266,217,534,512,512
2.1748781204223633,219,535,512,512
2.1748781204223633,220,534,512,512
2.1748781204223633,222,535,512,512
2.1748781204223633,223,536,512,512
2.1748781204223633,224,536,512,512
2.1748781204223633,226,535,512,512
2.1748781204223633,228,535,512,512
2.1748781204223633,229,535,512,512
2.1748781204223633,230,535,512,512
2.1748781204223633,232,534,512,512
2.1748781204223633,233,535,512,512
2.1748781204223633,235,535,512,512
2.1748781204223633,236,534,512,512
2.1748781204223633,238,533,512,512
2.1748781204223633,239,533,512,512
2.1748781204223633,240,533,512,512
2.1748781204223633,242,533,512,512
2.1748781204223633,243,533,512,512
2.1905124187469482,245,534,512,512
2.1905124187469482,246,533,512,512
2.1915440559387207,247,532,512,512
2.1925318241119385,248,532,512,512
2.1925318241119385,249,531,512,512
2.1925318241119385,249,531,512,512
2.1925318241119385,250,531,512,512
2.1925318241119385,250,532,512,512
2.1925318241119385,251,531,512,512
2.1925318241119385,251,530,512,512
2.1925318241119385,252,530,512,512
2.1925318241119385,252,530,512,512
2.1925318241119385,253,530,512,512
2.1925318241119385,253,530,512,512
2.1925318241119385,253,530,512,512
2.1925318241119385,253,529,512,512
2.1925318241119385,253,528,512,512
2.1925318241119385,253,528,512,512
2.1925318241119385,252,528,512,512
2.1925318241119385,252,527,512,512
2.2073936462402344,252,527,512,512
2.2083845138549805,251,528,512,512
2.2083845138549805,251,528,512,512
2.2083845138549805,250,526,512,512
2.2083845138549805,249,526,512,512
2.2083845138549805,248,526,512,512
2.2083845138549805,247,526,512,512
2.2083845138549805,246,526,512,512
2.2083845138549805,245,526,512,512
2.2083845138549805,244,526,512,512
2.2083845138549805,242,525,512,512
2.2083845138549805,241,524,512,512
2.2083845138549805,240,524,512,512
2.2083845138549805,239,524,512,512
2.2083845138549805,238,524,512,512
2.2083845138549805,236,524,512,512
2.2083845138549805,235,525,512,512
2.2083845138549805,233,524,512,512
2.2083845138549805,232,523,512,512
2.223313331604004,231,524,512,512
2.224123239517212,230,523,512,512
2.2249386310577393,229,523,512,512
2.2249386310577393,227,524,512,512
2.2249386310577393,225,524,512,512
2.2249386310577393,224,524,512,512
2.2249386310577393,223,524,512,512
2.2249386310577393,221,524,512,512
2.2249386310577393,220,524,512,512
2.2249386310577393,219,524,512,512
2.2249386310577393,218,525,512,512
2.2249386310577393,216,525,512,512
2.2249386310577393,214,524,512,512
2.2249386310577393,213,524,512,512
2.2249386310577393,212,524,512,512
2.2249386310577393,210,524,512,512
2.2249386310577393,209,524,512,512
2.2249386310577393,209,525,512,512
2.2249386310577393,208,525,512,512
2.2399189472198486,207,525,512,512
2.240792989730835,206,525,512,512
2.240792989730835,205,525,512,512
2.241925001144409,205,525,512,512
2.241925001144409,204,525,512,512
2.241925001144409,203,526,512,512
2.241925001144409,203,527,512,512
2.241925001144409,202,527,512,512
2.241925001144409,202,527,512,512
2.241925001144409,201,527,512,512
2.241925001144409,201,528,512,512
2.241925001144409,201,528,512,512
2.241925001144409,200,528,512,512
2.241925001144409,200,529,512,512
2.241925001144409,200,529,512,512
2.241925001144409,200,529,512,512
2.241925001144409,200,529,512,512
2.241925001144409,200,529,512,512
2.241925001144409,200,529,512,512
2.241925001144409,201,529,512,512
2.241925001144409,201,530,512,512
2.257234573364258,201,531,512,512
2.25825572013855,202,530,512,512
2.25825572013855,203,530,512,512
2.25825572013855,203,531,512,512
2.25825572013855,204,530,512,512
2.25825572013855,205,531,512,512
2.25825572013855,206,532,512,512
2.25825572013855,206,533,512,512
2.25825572013855,207,532,512,512
2.25825572013855,208,532,512,512
2.25825572013855,209,533,512,512
2.25825572013855,209,532,512,512
2.25825572013855,211,532,512,512
2.25825572013855,212,533,512,512
2.25825572013855,213,534,512,512
2.25825572013855,214,534,512,512
2.25825572013855,215,533,512,512
2.25825572013855,216,533,512,512
2.25825572013855,217,533,512,512
2.273895740509033,218,532,512,512
2.2749218940734863,220,532,512,512
2.2754385471343994,222,533,512,512
2.2754385471343994,223,533,512,512
2.2754385471343994,224,532,512,512
2.2754385471343994,225,532,512,512
2.2754385471343994,226,532,512,512
2.2754385471343994,228,532,512,512
2.2754385471343994,229,533,512,512
2.2754385471343994,231,534,512,512
2.2754385471343994,232,534,512,512
2.2754385471343994,233,533,512,512
2.2754385471343994,234,533,512,512
2.2754385471343994,235,533,512,512
2.2754385471343994,236,532,512,512
2.2754385471343994,237,533,512,512
2.2754385471343994,238,533,512,512
2.2754385471343994,239,533,512,512
2.2754385471343994,240,532,512,512
2.2754385471343994,241,532,512,512
2.2906856536865234,242,532,512,512
2.2906856536865234,243,531,512,512
2.2919552326202393,244,531,512,512
2.2919552326202393,245,531,512,512
2.2919552326202393,246,531,512,512
2.2919552326202393,247,530,512,512
2.2919552326202393,247,530,512,512
2.2919552326202393,248,530,512,512
2.2919552326202393,248,530,512,512
2.2919552326202393,248,529,512,512
2.2919552326202393,248,530,512,512
2.2919552326202393,249,530,512,512
2.2919552326202393,249,529,512,512
2.2919552326202393,249,528,512,512
2.2919552326202393,249,528,512,512
2.2919552326202393,249,528,512,512
2.2919552326202393,249,528,512,512
2.2919552326202393,248,528,512,512
2.2919552326202393,248,528,512,512
2.30708909034729,247,527,512,512
2.30708909034729,247,526,512,512
2.3081133365631104,246,526,512,512
2.3091061115264893,245,526,512,512
2.3091061115264893,245,526,512,512
2.3091061115264893,244,526,512,512
2.3091061115264893,244,527,512,512
2.3091061115264893,243,526,512,512
2.3091061115264893,243,525,512,512
2.3091061115264893,242,525,512,512
2.3091061115264893,240,524,512,512
2.3091061115264893,239,524,512,512
2.3091061115264893,238,524,512,512
2.3091061115264893,237,525,512,512
2.3091061115264893,236,525,512,512
2.3091061115264893,235,524,512,512
2.3091061115264893,234,525,512,512
2.3091061115264893,232,525,512,512
2.3091061115264893,231,525,512,512
2.3091061115264893,229,525,512,512
2.3237199783325195,228,525,512,512
2.3242318630218506,227,525,512,512
2.3242318630218506,226,524,512,512
2.3242318630218506,225,524,512,512
2.3242318630218506,224,524,512,512
2.3242318630218506,223,524,512,512
2.3242318630218506,221,524,512,512
2.3242318630218506,220,525,512,512
2.3242318630218506,219,525,512,512
2.3242318630218506,218,525,512,512
2.3242318630218506,217,525,512,512
2.3242318630218506,216,525,512,512
2.3242318630218506,215,525,512,512
2.3242318630218506,214,525,512,512
2.3242318630218506,212,526,512,512
2.3242318630218506,212,527,512,512
2.3242318630218506,211,526,512,512
2.3242318630218506,210,526,512,512
2.3242318630218506,209,526,512,512
2.3396434783935547,208,526,512,512
2.34087872505188,208,526,512,512
2.34087872505188,207,527,512,512
2.34087872505188,206,528,512,512
2.34087872505188,206,527,512,512
2.34087872505188,206,527,512,512
2.34087872505188,205,527,512,512
2.34087872505188,205,527,512,512
2.34087872505188,204,527,512,512
2.34087872505188,204,528,512,512
2.34087872505188,204,529,512,512
2.34087872505188,204,529,512,512
2.34087872505188,204,528,512,512
2.34087872505188,204,529,512,512
2.34087872505188,204,529,512,512
2.34087872505188,204,529,512,512
2.34087872505188,204,530,512,512
2.34087872505188,204,531,512,512
2.34087872505188,204,530,512,512
2.356247663497925,205,530,512,512
2.3573191165924072,205,530,512,512
2.3573191165924072,205,530,512,512
2.358175039291382,206,530,512,512
2.358175039291382,206,531,512,512
2.358175039291382,207,531,512,512
2.358175039291382,208,532,512,512
2.358175039291382,208,531,512,512
2.358175039291382,209,531,512,512
2.358175039291382,209,532,512,512
2.358175039291382,210,532,512,512
2.358175039291382,211,532,512,512
2.358175039291382,212,533,512,512
2.358175039291382,213,533,512,512
2.358175039291382,214,532,512,512
2.358175039291382,214,532,512,512
2.358175039291382,216,532,512,512
2.358175039291382,217,532,512,512
2.358175039291382,218,532,512,512
2.358175039291382,218,534,512,512
2.3730921745300293,219,534,512,512
2.373871326446533,220,533,512,512
2.374852418899536,222,533,512,512
2.374852418899536,223,533,512,512
2.374852418899536,224,532,512,512
2.374852418899536,225,532,512,512
2.374852418899536,226,533,512,512
2.374852418899536,227,534,512,512
2.374852418899536,228,533,512,512
2.374852418899536,230,532,512,512
2.374852418899536,231,532,512,512
2.374852418899536,232,532,512,512
2.374852418899536,233,531,512,512
2.374852418899536,234,532,512,512
2.374852418899536,235,533,512,512
2.374852418899536,236,533,512,512
2.374852418899536,237,532,512,512
2.374852418899536,238,532,512,512
2.374852418899536,239,531,512,512
2.389704704284668,239,531,512,512
2.3905465602874756,240,531,512,512
2.3905465602874756,241,532,512,512
2.3915669918060303,242,532,512,512
2.3915669918060303,242,531,512,512
2.3915669918060303,243,530,512,512
2.3915669918060303,243,530,512,512
2.3915669918060303,244,529,512,512
2.3915669918060303,244,529,512,512
2.3915669918060303,245,530,512,512
2.3915669918060303,245,529,512,512
2.3915669918060303,245,529,512,512
2.3915669918060303,245,528,512,512
2.3915669918060303,245,528,512,512
2.3915669918060303,245,528,512,512
2.3915669918060303,245,528,512,512
2.3915669918060303,245,529,512,512
2.3915669918060303,245,529,512,512
2.3915669918060303,245,528,512,512
2.3915669918060303,244,527,512,512
2.3915669918060303,244,527,512,512
2.4072563648223877,243,527,512,512
2.4082772731781006,243,527,512,512
2.4082772731781006,242,528,512,512
2.4082772731781006,242,528,512,512
2.4082772731781006,241,527,512,512
2.4082772731781006,240,526,512,512
2.4082772731781006,240,526,512,512
2.4082772731781006,239,526,512,512
2.4082772731781006,238,526,512,512
2.4082772731781006,237,527,512,512
2.4082772731781006,236,526,512,512
2.4082772731781006,235,526,512,512
2.4082772731781006,234,525,512,512
2.4082772731781006,233,525,512,512
2.4082772731781006,232,525,512,512
2.4082772731781006,232,525,512,512
2.4082772731781006,231,526,512,512
2.4082772731781006,230,526,512,512
2.4082772731781006,229,526,512,512
2.4082772731781006,228,525,512,512
2.4239120483398438,226,525,512,512
2.424938917160034,225,525,512,512
2.424938917160034,224,525,512,512
2.424938917160034,223,525,512,512
2.424938917160034,222,526,512,512
2.424938917160034,221,526,512,512
2.424938917160034,220,525,512,512
2.424938917160034,219,525,512,512
2.424938917160034,218,525,512,512
2.424938917160034,217,525,512,512
2.424938917160034,216,526,512,512
2.424938917160034,215,527,512,512
2.424938917160034,215,526,512,512
2.424938917160034,214,525,512,512
2.424938917160034,213,525,512,512
2.424938917160034,212,525,512,512
2.424938917160034,211,525,512,512
2.424938917160034,211,525,512,512
2.424938917160034,210,527,512,512
2.4405505657196045,210,527,512,512
2.4415745735168457,209,526,512,512
2.442077159881592,209,527,512,512
2.442077159881592,208,527,512,512
2.442077159881592,208,527,512,512
2.442077159881592,207,528,512,512
2.442077159881592,207,529,512,512
2.442077159881592,207,529,512,512
2.442077159881592,206,528,512,512
2.442077159881592,206,528,512,512
2.442077159881592,206,528,512,512
2.442077159881592,206,528,512,512
2.442077159881592,206,528,512,512
2.442077159881592,207,529,512,512
2.442077159881592,206,530,512,512
2.442077159881592,206,530,512,512
2.442077159881592,207,529,512,512
2.442077159881592,207,530,512,512
2.442077159881592,207,530,512,512
2.442077159881592,208,530,512,512
2.457303762435913,208,531,512,512
2.4584743976593018,208,532,512,512
2.4584743976593018,209,531,512,512
2.4584743976593018,209,531,512,512
2.4584743976593018,209,531,512,512
2.4584743976593018,210,531,512,512
2.4584743976593018,211,531,512,512
2.4584743976593018,211,532,512,512
2.4584743976593018,212,532,512,512
2.4584743976593018,213,532,512,512
2.4584743976593018,214,532,512,512
2.4584743976593018,214,532,512,512
2.4584743976593018,215,532,512,512
2.4584743976593018,216,532,512,512
2.4584743976593018,217,532,512,512
2.4584743976593018,218,533,512,512
2.4584743976593018,219,532,512,512
2.4584743976593018,220,532,512,512
2.4584743976593018,221,532,512,512
2.4738869667053223,222,532,512,512
2.4738869667053223,223,532,512,512
2.474916696548462,224,532,512,512
2.474916696548462,225,532,512,512
2.474916696548462,225,532,512,512
2.474916696548462,226,531,512,512
2.474916696548462,227,531,512,512
2.474916696548462,228,531,512,512
2.474916696548462,229,531,512,512
2.474916696548462,230,531,512,512
2.474916696548462,231,533,512,512
2.474916696548462,232,533,512,512
2.474916696548462,232,532,512,512
2.474916696548462,233,531,512,512
2.474916696548462,234,531,512,512
2.474916696548462,235,531,512,512
2.474916696548462,236,531,512,512
2.474916696548462,237,531,512,512
2.474916696548462,237,532,512,512
2.474916696548462,238,531,512,512
2.4906866550445557,239,531,512,512
2.4917147159576416,239,531,512,512
2.4917147159576416,240,530,512,512
2.4917147159576416,240,530,512,512
2.4917147159576416,241,530,512,512
2.4917147159576416,241,531,512,512
2.4917147159576416,242,530,512,512
2.4917147159576416,242,529,512,512
2.4917147159576416,242,529,512,512
2.4917147159576416,242,529,512,512
2.4917147159576416,242,529,512,512
2.4917147159576416,242,529,512,512
2.4917147159576416,242,529,512,512
2.4917147159576416,242,529,512,512
2.4917147159576416,242,528,512,512
2.4917147159576416,242,528,512,512
2.4917147159576416,242,528,512,512
2.4917147159576416,242,527,512,512
2.4917147159576416,241,528,512,512
2.5071871280670166,241,529,512,512
2.5071871280670166,240,528,512,512
2.508209466934204,240,527,512,512
2.50961971282959,239,527,512,512
2.50961971282959,239,527,512,512
2.50961971282959,238,526,512,512
2.50961971282959,238,527,512,512
2.50961971282959,237,528,512,512
2.50961971282959,236,527,512,512
2.50961971282959,235,526,512,512
2.50961971282959,234,526,512,512
2.50961971282959,233,526,512,512
2.50961971282959,233,525,512,512
2.50961971282959,232,525,512,512
2.50961971282959,231,526,512,512
2.50961971282959,230,526,512,512
2.50961971282959,229,525,512,512
2.50961971282959,228,525,512,512
2.50961971282959,228,525,512,512
2.50961971282959,227,525,512,512
2.5238149166107178,226,526,512,512
2.524841070175171,225,527,512,512
2.524841070175171,224,527,512,512
2.5258355140686035,223,526,512,512
2.526827573776245,222,526,512,512
2.5278260707855225,221,526,512,512
2.5288279056549072,220,526,512,512
2.529829740524292,220,526,512,512
2.5301403999328613,219,527,512,512
2.5301403999328613,218,527,512,512
2.5301403999328613,217,526,512,512
2.5301403999328613,216,526,512,512
2.5301403999328613,215,526,512,512
2.5301403999328613,215,526,512,512
2.5301403999328613,214,526,512,512
2.5301403999328613,214,527,512,512
2.5301403999328613,213,528,512,512
2.5301403999328613,213,527,512,512
2.5301403999328613,212,526,512,512
2.5301403999328613,212,527,512,512
2.5407159328460693,211,527,512,512
2.541741132736206,210,527,512,512
2.542733907699585,210,527,512,512
2.542733907699585,210,529,512,512
2.543734073638916,210,528,512,512
2.544729471206665,209,528,512,512
2.5457301139831543,209,528,512,512
2.5467302799224854,209,528,512,512
2.547729969024658,209,528,512,512
2.547729969024658,209,529,512,512
2.54941725730896,209,530,512,512
2.5496761798858643,209,530,512,512
2.5506949424743652,209,529,512,512
2.5516867637634277,209,529,512,512
2.5526864528656006,209,529,512,512
2.5536863803863525,209,529,512,512
2.5536863803863525,209,529,512,512
2.5546863079071045,209,530,512,512
2.555687665939331,210,531,512,512
2.5566883087158203,210,530,512,512
2.5575501918792725,211,530,512,512
2.5587940216064453,211,530,512,512
2.5587940216064453,211,530,512,512
2.5597901344299316,212,530,512,512
2.5607879161834717,213,531,512,512
2.5617873668670654,213,532,512,512
2.5627880096435547,214,531,512,512
2.5637881755828857,214,531,512,512
2.5637881755828857,215,532,512,512
2.564788818359375,215,531,512,512
2.5665104389190674,216,531,512,512
2.566763162612915,217,532,512,512
2.5677757263183594,217,533,512,512
2.568774938583374,218,532,512,512
2.569775104522705,219,532,512,512
2.570774555206299,220,532,512,512
2.570774555206299,220,532,512,512
2.571772813796997,221,532,512,512
2.5737786293029785,222,532,512,512
2.574155569076538,223,533,512,512
2.574155569076538,224,532,512,512
2.5752639770507812,225,532,512,512
2.5762622356414795,226,532,512,512
2.577260971069336,227,531,512,512
2.578260898590088,227,531,512,512
2.5792624950408936,228,532,512,512
2.5792624950408936,229,532,512,512
2.580261707305908,230,532,512,512
2.5812625885009766,230,532,512,512
2.5822622776031494,231,531,512,512
2.583592176437378,232,532,512,512
2.5841269493103027,232,531,512,512
2.5851407051086426,233,531,512,512
2.5861406326293945,234,532,512,512
2.5861406326293945,235,531,512,512
2.5871386528015137,235,531,512,512
2.5881385803222656,236,530,512,512
2.589139461517334,236,531,512,512
2.5901386737823486,237,530,512,512
2.590587854385376,237,530,512,512
2.590587854385376,238,531,512,512
2.590587854385376,238,531,512,512
2.590587854385376,239,530,512,512
2.590587854385376,239,530,512,512
2.590587854385376,239,530,512,512
2.590587854385376,239,529,512,512
2.590587854385376,240,529,512,512
2.590587854385376,240,530,512,512
2.590587854385376,240,530,512,512
2.590587854385376,240,529,512,512
2.590587854385376,240,528,512,512
2.590587854385376,239,528,512,512
2.590587854385376,239,528,512,512
2.590587854385376,239,527,512,512
2.590587854385376,239,528,512,512
2.590587854385376,239,529,512,512
2.590587854385376,238,528,512,512
2.6060149669647217,238,527,512,512
2.6060149669647217,238,527,512,512
2.607804536819458,237,527,512,512
2.607804536819458,237,527,512,512
2.607804536819458,236,527,512,512
2.607804536819458,236,528,512,512
2.607804536819458,236,527,512,512
2.607804536819458,235,527,512,512
2.607804536819458,235,527,512,512
2.607804536819458,234,527,512,512
2.607804536819458,233,526,512,512
2.607804536819458,232,527,512,512
2.607804536819458,231,527,512,512
2.607804536819458,231,527,512,512
2.607804536819458,230,526,512,512
2.607804536819458,229,526,512,512
2.607804536819458,229,526,512,512
2.607804536819458,228,526,512,512
2.621636390686035,227,526,512,512
2.622638463973999,226,527,512,512
2.623154878616333,225,527,512,512
2.623154878616333,224,526,512,512
2.623154878616333,223,526,512,512
2.623154878616333,223,526,512,512
2.623154878616333,222,526,512,512
2.623154878616333,222,526,512,512
2.623154878616333,221,527,512,512
2.623154878616333,220,527,512,512
2.623154878616333,219,526,512,512
2.623154878616333,218,526,512,512
2.623154878616333,218,526,512,512
2.623154878616333,217,526,512,512
2.623154878616333,216,527,512,512
2.623154878616333,216,528,512,512
2.623154878616333,215,528,512,512
2.623154878616333,215,528,512,512
2.623154878616333,214,527,512,512
2.637331008911133,214,527,512,512
2.637331008911133,213,527,512,512
2.637331008911133,213,527,512,512
2.637331008911133,212,528,512,512
2.637331008911133,212,528,512,512
2.637331008911133,212,528,512,512
2.637331008911133,211,528,512,512
2.637331008911133,211,529,512,512
2.637331008911133,211,529,512,512
2.637331008911133,211,529,512,512
2.637331008911133,211,530,512,512
2.637331008911133,211,530,512,512
2.637331008911133,210,530,512,512
2.637331008911133,210,529,512,512
2.637331008911133,210,530,512,512
2.637331008911133,211,530,512,512
2.637331008911133,211,530,512,512
2.637331008911133,211,531,512,512
2.653022289276123,211,531,512,512
2.654038667678833,211,531,512,512
2.654534101486206,211,531,512,512
2.654534101486206,212,531,512,512
2.654534101486206,212,531,512,512
2.654534101486206,212,531,512,512
2.654534101486206,212,531,512,512
2.654534101486206,213,532,512,512
2.654534101486206,213,532,512,512
2.654534101486206,213,531,512,512
2.654534101486206,214,531,512,512
2.654534101486206,215,531,512,512
2.654534101486206,215,531,512,512
2.654534101486206,216,531,512,512
2.654534101486206,216,532,512,512
2.654534101486206,217,532,512,512
2.654534101486206,217,531,512,512
2.654534101486206,218,531,512,512
2.654534101486206,219,532,512,512
2.668883800506592,220,532,512,512
2.668883800506592,220,532,512,512
2.668883800506592,221,533,512,512
2.668883800506592,222,533,512,512
2.668883800506592,222,532,512,512
2.668883800506592,223,532,512,512
2.668883800506592,224,532,512,512
2.668883800506592,224,532,512,512
2.668883800506592,225,531,512,512
2.668883800506592,226,532,512,512
2.668883800506592,227,532,512,512
2.668883800506592,227,532,512,512
2.668883800506592,228,531,512,512
2.668883800506592,229,531,512,512
2.668883800506592,229,531,512,512
2.668883800506592,230,531,512,512
2.668883800506592,231,531,512,512
2.668883800506592,231,532,512,512
2.6846466064453125,232,532,512,512
2.6846466064453125,233,531,512,512
2.6846466064453125,233,531,512,512
2.6846466064453125,234,531,512,512
2.6846466064453125,234,531,512,512
2.6846466064453125,234,531,512,512
2.6846466064453125,235,532,512,512
2.6846466064453125,235,531,512,512
2.6846466064453125,235,530,512,512
2.6846466064453125,236,530,512,512
2.6846466064453125,236,530,512,512
2.6846466064453125,236,530,512,512
2.6846466064453125,236,530,512,512
2.6846466064453125,237,531,512,512
2.6846466064453125,237,530,512,512
2.6846466064453125,237,529,512,512
2.6846466064453125,237,529,512,512
2.6846466064453125,237,529,512,512
2.6846466064453125,237,529,512,512
2.700310230255127,237,529,512,512
2.7017152309417725,237,530,512,512
2.7024784088134766,237,529,512,512
2.7024784088134766,236,529,512,512
2.7037551403045654,236,528,512,512
2.7047510147094727,236,528,512,512
2.705749750137329,235,528,512,512
2.707066059112549,235,528,512,512
2.707066059112549,235,529,512,512
2.7081096172332764,235,529,512,512
2.709118366241455,234,528,512,512
2.7101171016693115,234,528,512,512
2.7111175060272217,233,528,512,512
2.7111175060272217,233,528,512,512
2.7121191024780273,232,527,512,512
2.713118314743042,232,528,512,512
2.714118719100952,231,528,512,512
2.7151196002960205,231,527,512,512
2.7161195278167725,230,527,512,512
2.7161195278167725,229,527,512,512
2.7171196937561035,229,527,512,512
2.7181169986724854,228,526,512,512
2.7191176414489746,227,527,512,512
2.720121145248413,227,528,512,512
2.7211191654205322,226,527,512,512
2.7221195697784424,225,526,512,512
2.7221195697784424,225,527,512,512
2.724031686782837,224,527,512,512
2.724031686782837,223,527,512,512
2.724031686782837,222,527,512,512
2.724031686782837,222,528,512,512
2.724031686782837,221,528,512,512
2.724031686782837,220,527,512,512
2.724031686782837,220,527,512,512
2.724031686782837,219,527,512,512
2.724031686782837,219,527,512,512
2.724031686782837,218,527,512,512
2.724031686782837,218,528,512,512
2.724031686782837,217,528,512,512
2.724031686782837,217,527,512,512
2.724031686782837,216,528,512,512
2.724031686782837,216,528,512,512
2.724031686782837,216,527,512,512
2.724031686782837,215,528,512,512
2.724031686782837,215,529,512,512
2.7388548851013184,214,529,512,512
2.7388548851013184,214,528,512,512
2.7388548851013184,214,528,512,512
2.7388548851013184,213,529,512,512
2.7388548851013184,213,528,512,512
2.7388548851013184,213,529,512,512
2.7388548851013184,213,530,512,512
2.7388548851013184,212,530,512,512
2.7388548851013184,212,529,512,512
2.7388548851013184,212,529,512,512
2.7388548851013184,212,529,512,512
2.7388548851013184,212,529,512,512
2.7388548851013184,212,529,512,512
2.7388548851013184,212,530,512,512
2.7388548851013184,213,531,512,512
2.7388548851013184,213,530,512,512
2.7388548851013184,213,530,512,512
2.7388548851013184,213,530,512,512
2.75455641746521,213,530,512,512
2.75455641746521,213,531,512,512
2.75455641746521,214,531,512,512
2.75455641746521,214,532,512,512
2.75455641746521,214,531,512,512
2.75455641746521,215,530,512,512
2.75455641746521,215,530,512,512
2.75455641746521,215,530,512,512
2.75455641746521,215,530,512,512
2.75455641746521,216,531,512,512
2.75455641746521,216,532,512,512
2.75455641746521,217,531,512,512
2.75455641746521,218,531,512,512
2.75455641746521,218,531,512,512
2.75455641746521,219,531,512,512
2.75455641746521,219,531,512,512
2.75455641746521,220,532,512,512
2.75455641746521,220,533,512,512
2.75455641746521,221,532,512,512
2.770246982574463,221,531,512,512
2.770246982574463,222,531,512,512
2.770246982574463,223,531,512,512
2.770246982574463,224,531,512,512
2.770246982574463,224,531,512,512
2.770246982574463,225,532,512,512
2.770246982574463,226,532,512,512
2.770246982574463,226,531,512,512
2.770246982574463,227,531,512,512
2.770246982574463,227,531,512,512
2.770246982574463,228,531,512,512
2.770246982574463,228,531,512,512
2.770246982574463,229,532,512,512
2.770246982574463,229,532,512,512
2.770246982574463,230,531,512,512
2.770246982574463,230,531,512,512
2.770246982574463,231,531,512,512
2.770246982574463,231,531,512,512
2.785947561264038,232,530,512,512
2.785947561264038,232,531,512,512
2.7877418994903564,233,531,512,512
2.787977933883667,233,530,512,512
2.787977933883667,234,530,512,512
2.787977933883667,234,530,512,512
2.787977933883667,234,530,512,512
2.787977933883667,235,530,512,512
2.787977933883667,235,530,512,512
2.787977933883667,235,531,512,512
2.787977933883667,235,531,512,512
2.787977933883667,235,530,512,512
2.787977933883667,235,530,512,512
2.787977933883667,235,529,512,512
2.787977933883667,235,529,512,512
2.787977933883667,235,529,512,512
2.787977933883667,235,529,512,512
2.787977933883667,235,529,512,512
2.787977933883667,235,528,512,512
2.801607131958008,235,528,512,512
2.801607131958008,235,528,512,512
2.801607131958008,234,528,512,512
2.801607131958008,234,528,512,512
2.801607131958008,234,529,512,512
2.801607131958008,234,529,512,512
2.801607131958008,233,528,512,512
2.801607131958008,233,528,512,512
2.801607131958008,233,528,512,512
2.801607131958008,232,528,512,512
2.801607131958008,231,528,512,512
2.801607131958008,231,529,512,512
2.801607131958008,231,528,512,512
2.801607131958008,230,528,512,512
2.801607131958008,230,527,512,512
2.801607131958008,229,527,512,512
2.801607131958008,229,527,512,512
2.801607131958008,228,527,512,512
2.817335367202759,228,528,512,512
2.817335367202759,227,528,512,512
2.817335367202759,226,528,512,512
2.817335367202759,226,527,512,512
2.817335367202759,225,527,512,512
2.817335367202759,224,527,512,512
2.817335367202759,224,527,512,512
2.817335367202759,224,528,512,512
2.8242077827453613,223,528,512,512
2.8242077827453613,223,528,512,512
2.8242077827453613,222,527,512,512
2.8242077827453613,221,527,512,512
2.8242077827453613,221,527,512,512
2.8242077827453613,220,527,512,512
2.8242077827453613,220,528,512,512
2.8242077827453613,219,529,512,512
2.8242077827453613,219,528,512,512
2.8242077827453613,218,527,512,512
2.8242077827453613,218,528,512,512
2.833146572113037,217,528,512,512
2.834543228149414,217,527,512,512
2.834989547729492,217,528,512,512
2.834989547729492,216,529,512,512
2.834989547729492,216,528,512,512
2.834989547729492,216,528,512,512
2.834989547729492,215,528,512,512
2.834989547729492,215,528,512,512
2.8404440879821777,215,528,512,512
2.841320753097534,214,528,512,512
2.842075824737549,214,529,512,512
2.842075824737549,214,528,512,512
2.843085289001465,214,528,512,512
2.8440823554992676,214,528,512,512
2.8450822830200195,214,529,512,512
2.8460824489593506,214,529,512,512
2.8470826148986816,214,529,512,512
2.8470826148986816,214,530,512,512
2.8480825424194336,214,531,512,512
2.8490827083587646,214,530,512,512
2.8500828742980957,214,530,512,512
2.8510830402374268,214,530,512,512
2.852086305618286,214,530,512,512
2.852086305618286,214,529,512,512
2.853172540664673,214,530,512,512
2.8541810512542725,215,531,512,512
2.8551816940307617,215,530,512,512
2.8561818599700928,215,530,512,512
2.8571832180023193,215,531,512,512
2.8575026988983154,216,530,512,512
2.8591806888580322,216,530,512,512
2.8593780994415283,217,531,512,512
2.860386848449707,217,532,512,512
2.861387252807617,218,531,512,512
2.862386465072632,218,531,512,512
2.862386465072632,218,531,512,512
2.863386392593384,219,531,512,512
2.8643877506256104,219,531,512,512
2.8653876781463623,220,531,512,512
2.866387128829956,220,532,512,512
2.867387533187866,221,532,512,512
2.868384599685669,221,531,512,512
2.8693881034851074,222,531,512,512
2.8693881034851074,222,531,512,512
2.870387077331543,223,531,512,512
2.871386766433716,223,531,512,512
2.8723866939544678,224,532,512,512
2.873385190963745,224,532,512,512
2.8743886947631836,225,531,512,512
2.8743886947631836,226,531,512,512
2.8755054473876953,226,531,512,512
2.8755054473876953,227,531,512,512
2.8755054473876953,227,531,512,512
2.8755054473876953,228,532,512,512
2.8755054473876953,228,531,512,512
2.8755054473876953,228,530,512,512
2.8755054473876953,229,530,512,512
2.8755054473876953,229,530,512,512
2.8755054473876953,230,530,512,512
2.8755054473876953,230,530,512,512
2.8755054473876953,231,531,512,512
2.8755054473876953,231,531,512,512
2.8755054473876953,231,530,512,512
2.8755054473876953,232,530,512,512
2.8755054473876953,232,531,512,512
2.8755054473876953,233,530,512,512
2.8755054473876953,233,530,512,512
2.8755054473876953,233,531,512,512
2.8911080360412598,233,531,512,512
2.8911080360412598,233,530,512,512
2.8911080360412598,233,529,512,512
2.8911080360412598,234,529,512,512
2.8911080360412598,234,529,512,512
2.8911080360412598,234,529,512,512
2.8911080360412598,234,529,512,512
2.8911080360412598,234,530,512,512
2.8911080360412598,234,529,512,512
2.8911080360412598,233,529,512,512
2.8911080360412598,233,529,512,512
2.8911080360412598,233,529,512,512
2.8911080360412598,233,528,512,512
2.8911080360412598,233,529,512,512
2.8911080360412598,233,530,512,512
2.8911080360412598,233,529,512,512
2.8911080360412598,232,528,512,512
2.8911080360412598,232,528,512,512
2.8911080360412598,232,528,512,512
2.906930923461914,231,528,512,512
2.906930923461914,231,528,512,512
2.906930923461914,231,529,512,512
2.906930923461914,230,529,512,512
2.906930923461914,230,528,512,512
2.906930923461914,230,528,512,512
2.906930923461914,229,528,512,512
2.906930923461914,229,527,512,512
2.906930923461914,228,528,512,512
2.906930923461914,228,528,512,512
2.906930923461914,228,529,512,512
2.906930923461914,227,528,512,512
2.906930923461914,227,527,512,512
2.906930923461914,226,527,512,512
2.906930923461914,225,527,512,512
2.906930923461914,225,527,512,512
2.906930923461914,224,528,512,512
2.906930923461914,224,528,512,512
2.9227352142333984,223,527,512,512
2.9227352142333984,223,527,512,512
2.9227352142333984,222,527,512,512
2.9227352142333984,222,527,512,512
2.9227352142333984,221,527,512,512
2.9227352142333984,221,528,512,512
2.9227352142333984,220,529,512,512
2.9227352142333984,220,528,512,512
2.9227352142333984,219,528,512,512
2.9227352142333984,219,528,512,512
2.9227352142333984,218,528,512,512
2.9227352142333984,218,528,512,512
2.9227352142333984,218,528,512,512
2.9227352142333984,218,529,512,512
2.9227352142333984,217,528,512,512
2.9227352142333984,217,528,512,512
2.9227352142333984,217,528,512,512
2.9227352142333984,216,528,512,512
2.9227352142333984,216,528,512,512
2.938791275024414,216,529,512,512
2.9398114681243896,216,530,512,512
2.9399638175964355,216,529,512,512
2.9399638175964355,215,528,512,512
2.9399638175964355,215,528,512,512
2.9399638175964355,215,529,512,512
2.9399638175964355,215,528,512,512
2.9399638175964355,215,529,512,512
2.9399638175964355,215,530,512,512
2.9399638175964355,215,530,512,512
2.9399638175964355,215,529,512,512
2.9399638175964355,215,529,512,512
2.9399638175964355,215,529,512,512
2.9399638175964355,215,529,512,512
2.9399638175964355,215,529,512,512
2.9399638175964355,216,531,512,512
2.9399638175964355,216,531,512,512
2.9399638175964355,216,530,512,512
2.9399638175964355,216,530,512,512
2.9546868801116943,217,530,512,512
2.9546868801116943,217,530,512,512
2.9546868801116943,217,530,512,512
2.9546868801116943,217,531,512,512
2.9546868801116943,217,531,512,512
2.9546868801116943,218,530,512,512
2.9546868801116943,218,530,512,512
2.9546868801116943,219,530,512,512
2.9546868801116943,219,530,512,512
2.9546868801116943,219,530,512,512
2.9546868801116943,220,531,512,512
2.9546868801116943,220,531,512,512
2.9546868801116943,220,530,512,512
2.9546868801116943,221,530,512,512
2.9546868801116943,221,531,512,512
2.9546868801116943,222,530,512,512
2.9546868801116943,222,530,512,512
2.9546868801116943,223,531,512,512
2.970428466796875,223,532,512,512
2.970428466796875,223,532,512,512
2.972445249557495,224,531,512,512
2.972445249557495,224,531,512,512
2.972445249557495,225,531,512,512
2.972445249557495,225,530,512,512
2.972445249557495,226,531,512,512
2.972445249557495,227,532,512,512
2.972445249557495,227,531,512,512
2.972445249557495,227,530,512,512
2.972445249557495,228,531,512,512
2.972445249557495,228,530,512,512
2.972445249557495,228,530,512,512
2.972445249557495,229,531,512,512
2.972445249557495,229,531,512,512
2.972445249557495,230,531,512,512
2.972445249557495,230,530,512,512
2.972445249557495,230,530,512,512
2.972445249557495,231,530,512,512
2.9860825538635254,231,530,512,512
2.9860825538635254,231,530,512,512
2.9860825538635254,231,531,512,512
2.9860825538635254,231,531,512,512
2.9860825538635254,232,530,512,512
2.9860825538635254,232,530,512,512
2.9860825538635254,232,530,512,512
2.9860825538635254,232,529,512,512
2.9860825538635254,232,529,512,512
2.9860825538635254,232,530,512,512
2.9860825538635254,232,530,512,512
2.9860825538635254,232,530,512,512
2.9860825538635254,232,530,512,512
2.9860825538635254,232,530,512,512
2.9860825538635254,232,529,512,512
2.9860825538635254,232,529,512,512
2.9860825538635254,232,529,512,512
2.9860825538635254,232,529,512,512
3.001826286315918,232,528,512,512
3.001826286315918,232,528,512,512
3.001826286315918,231,528,512,512
3.001826286315918,231,528,512,512
3.001826286315918,231,528,512,512
3.001826286315918,231,529,512,512
3.001826286315918,230,529,512,512
3.001826286315918,230,529,512,512
3.001826286315918,230,528,512,512
3.001826286315918,229,528,512,512
3.001826286315918,229,528,512,512
3.001826286315918,229,528,512,512
3.001826286315918,228,528,512,512
3.001826286315918,228,529,512,512
3.001826286315918,227,528,512,512
3.001826286315918,227,527,512,512
3.001826286315918,227,527,512,512
3.001826286315918,226,527,512,512
3.001826286315918,226,527,512,512
3.017476797103882,225,528,512,512
3.017476797103882,225,529,512,512
3.017476797103882,224,528,512,512
3.017476797103882,224,528,512,512
3.017476797103882,223,528,512,512
3.017476797103882,223,528,512,512
3.017476797103882,222,527,512,512
3.017476797103882,222,528,512,512
3.017476797103882,222,529,512,512
3.017476797103882,221,529,512,512
3.017476797103882,221,528,512,512
3.017476797103882,221,528,512,512
3.017476797103882,220,528,512,512
3.017476797103882,220,528,512,512
3.017476797103882,220,528,512,512
3.017476797103882,219,529,512,512
3.017476797103882,219,529,512,512
3.017476797103882,219,528,512,512
3.03320574760437,218,528,512,512
3.03320574760437,218,528,512,512
3.034980535507202,218,528,512,512
3.036003589630127,218,528,512,512
3.036003589630127,218,529,512,512
3.0375163555145264,217,530,512,512
3.0385324954986572,217,529,512,512
3.0391221046447754,217,529,512,512
3.0401611328125,217,529,512,512
3.041109323501587,217,528,512,512
3.041865825653076,217,528,512,512
3.042872428894043,216,529,512,512
3.042872428894043,216,529,512,512
3.0438716411590576,216,529,512,512
3.0448718070983887,216,528,512,512
3.045872211456299,216,529,512,512
3.04687237739563,216,529,512,512
3.047873020172119,216,529,512,512
3.047873020172119,217,530,512,512
3.0488739013671875,217,531,512,512
3.049877166748047,217,531,512,512
3.0508739948272705,217,530,512,512
3.0518741607666016,217,530,512,512
3.0528738498687744,217,530,512,512
3.0538711547851562,217,530,512,512
3.0538711547851562,217,530,512,512
3.0548737049102783,218,531,512,512
3.0558736324310303,218,531,512,512
3.057255744934082,218,531,512,512
3.0578088760375977,219,530,512,512
3.058976411819458,219,531,512,512
3.059734582901001,219,530,512,512
3.0607492923736572,219,530,512,512
3.0607492923736572,220,531,512,512
3.061744213104248,220,531,512,512
3.062743902206421,220,530,512,512
3.063744306564331,221,529,512,512
3.0647449493408203,221,530,512,512
3.0657448768615723,222,529,512,512
3.0657448768615723,222,529,512,512
3.066744804382324,222,531,512,512
3.0677480697631836,223,531,512,512
3.0687451362609863,223,530,512,512
3.0697453022003174,223,530,512,512
3.07074236869812,224,530,512,512
3.0717427730560303,225,530,512,512
3.0717427730560303,225,530,512,512
3.0727450847625732,225,530,512,512
3.073746919631958,226,531,512,512
3.073746919631958,226,530,512,512
3.073746919631958,226,530,512,512
3.073746919631958,227,530,512,512
3.073746919631958,227,530,512,512
3.073746919631958,228,530,512,512
3.073746919631958,228,530,512,512
3.073746919631958,228,531,512,512
3.073746919631958,229,529,512,512
3.073746919631958,229,529,512,512
3.073746919631958,229,529,512,512
3.073746919631958,229,529,512,512
3.073746919631958,230,528,512,512
3.073746919631958,230,529,512,512
3.073746919631958,230,530,512,512
3.073746919631958,230,530,512,512
3.073746919631958,231,529,512,512
3.073746919631958,231,529,512,512
3.0895915031433105,231,529,512,512
3.0895915031433105,231,529,512,512
3.0895915031433105,232,529,512,512
3.0895915031433105,232,530,512,512
3.0895915031433105,232,530,512,512
3.0895915031433105,232,529,512,512
3.0895915031433105,232,529,512,512
3.0895915031433105,232,529,512,512
3.0895915031433105,232,528,512,512
3.0895915031433105,232,528,512,512
3.0895915031433105,232,529,512,512
3.0895915031433105,231,529,512,512
3.0895915031433105,231,528,512,512
3.0895915031433105,231,528,512,512
3.0895915031433105,231,528,512,512
3.0895915031433105,231,528,512,512
3.0895915031433105,231,528,512,512
3.0895915031433105,231,529,512,512
3.0895915031433105,230,529,512,512
3.10546875,230,528,512,512
3.10546875,230,527,512,512
3.10546875,229,528,512,512
3.10546875,229,527,512,512
3.10546875,229,527,512,512
3.10546875,229,528,512,512
3.10546875,228,529,512,512
3.10546875,228,528,512,512
3.10546875,227,527,512,512
3.10546875,227,527,512,512
3.10546875,227,527,512,512
3.10546875,227,527,512,512
3.10546875,226,528,512,512
3.10546875,226,528,512,512
3.10546875,226,528,512,512
3.10546875,225,527,512,512
3.10546875,225,527,512,512
3.10546875,224,527,512,512
3.10546875,224,527,512,512
3.1212286949157715,223,527,512,512
3.1212286949157715,223,528,512,512
3.1212286949157715,223,528,512,512
3.1212286949157715,223,527,512,512
3.1212286949157715,222,527,512,512
3.1212286949157715,221,527,512,512
3.1212286949157715,221,527,512,512
3.1212286949157715,220,527,512,512
3.1212286949157715,220,529,512,512
3.1212286949157715,220,528,512,512
3.1212286949157715,220,528,512,512
3.1212286949157715,219,527,512,512
3.1212286949157715,219,528,512,512
3.1212286949157715,219,527,512,512
3.1212286949157715,219,528,512,512
3.1212286949157715,219,529,512,512
3.1212286949157715,219,529,512,512
3.1212286949157715,218,528,512,512
3.1369149684906006,218,528,512,512
3.1380863189697266,218,528,512,512
3.1383233070373535,218,528,512,512
3.1383233070373535,218,528,512,512
3.1383233070373535,218,529,512,512
3.1383233070373535,217,530,512,512
3.1383233070373535,217,529,512,512
3.1383233070373535,217,529,512,512
3.1383233070373535,217,529,512,512
3.1383233070373535,217,529,512,512
3.1383233070373535,217,529,512,512
3.1383233070373535,217,529,512,512
3.1383233070373535,217,530,512,512
3.1383233070373535,217,529,512,512
3.1383233070373535,218,529,512,512
3.1383233070373535,218,529,512,512
3.1383233070373535,218,529,512,512
3.1383233070373535,218,529,512,512
3.1526267528533936,218,530,512,512
3.1526267528533936,218,531,512,512
3.1526267528533936,218,530,512,512
3.1526267528533936,219,530,512,512
3.1526267528533936,219,530,512,512
3.1526267528533936,219,530,512,512
3.1526267528533936,219,529,512,512
3.1526267528533936,220,530,512,512
3.1526267528533936,220,531,512,512
3.1526267528533936,220,530,512,512
3.1526267528533936,221,530,512,512
3.1526267528533936,221,529,512,512
3.1526267528533936,221,529,512,512
3.1526267528533936,221,529,512,512
3.1526267528533936,222,529,512,512
3.1526267528533936,222,530,512,512
3.1526267528533936,223,530,512,512
3.1526267528533936,223,530,512,512
3.1526267528533936,223,529,512,512
3.168489456176758,223,530,512,512
3.1694390773773193,224,530,512,512
3.1699724197387695,224,530,512,512
3.1699724197387695,224,531,512,512
3.1699724197387695,225,531,512,512
3.1699724197387695,225,530,512,512
3.1699724197387695,226,530,512,512
3.1699724197387695,226,530,512,512
3.1699724197387695,226,530,512,512
3.1699724197387695,227,530,512,512
3.1699724197387695,227,530,512,512
3.1699724197387695,227,531,512,512
3.1699724197387695,227,530,512,512
3.1699724197387695,228,530,512,512
3.1699724197387695,228,530,512,512
3.1699724197387695,229,530,512,512
3.1699724197387695,229,529,512,512
3.1699724197387695,229,530,512,512
3.1699724197387695,229,530,512,512
3.184347629547119,230,530,512,512
3.184347629547119,230,529,512,512
3.184347629547119,230,530,512,512
3.184347629547119,230,530,512,512
3.184347629547119,230,529,512,512
3.184347629547119,230,529,512,512
3.184347629547119,230,530,512,512
3.184347629547119,230,529,512,512
3.184347629547119,231,529,512,512
3.184347629547119,231,528,512,512
3.184347629547119,231,529,512,512
3.184347629547119,231,528,512,512
3.184347629547119,231,529,512,512
3.184347629547119,230,530,512,512
3.184347629547119,230,529,512,512
3.184347629547119,230,529,512,512
3.184347629547119,230,529,512,512
3.184347629547119,230,529,512,512
3.200083017349243,230,528,512,512
3.200083017349243,230,528,512,512
3.2017006874084473,230,529,512,512
3.2026309967041016,230,529,512,512
3.2031514644622803,229,527,512,512
3.204163074493408,229,527,512,512
3.205162525177002,229,528,512,512
3.206162929534912,229,527,512,512
3.207165002822876,228,527,512,512
3.2075648307800293,228,528,512,512
3.208566188812256,228,529,512,512
3.209562301635742,228,528,512,512
3.209562301635742,228,528,512,512
3.2105605602264404,227,528,512,512
3.2115626335144043,227,527,512,512
3.2125627994537354,227,527,512,512
3.2135632038116455,226,528,512,512
3.2145633697509766,226,529,512,512
3.2155637741088867,226,528,512,512
3.2155637741088867,225,528,512,512
3.216569423675537,225,528,512,512
3.217562437057495,225,527,512,512
3.218562126159668,225,527,512,512
3.219738006591797,224,528,512,512
3.220489501953125,224,529,512,512
3.2215023040771484,223,528,512,512
3.2215023040771484,223,528,512,512
3.222503423690796,223,528,512,512
3.224001169204712,222,528,512,512
3.224001169204712,222,528,512,512
3.224001169204712,221,528,512,512
3.224001169204712,221,529,512,512
3.224001169204712,221,529,512,512
3.224001169204712,221,528,512,512
3.224001169204712,221,528,512,512
3.224001169204712,220,528,512,512
3.224001169204712,220,528,512,512
3.224001169204712,220,528,512,512
3.224001169204712,220,529,512,512
3.224001169204712,220,529,512,512
3.224001169204712,219,528,512,512
3.224001169204712,219,528,512,512
3.224001169204712,219,528,512,512
3.224001169204712,219,528,512,512
3.224001169204712,219,528,512,512
3.224001169204712,219,530,512,512
3.23937726020813,219,530,512,512
3.23937726020813,218,529,512,512
3.23937726020813,218,529,512,512
3.23937726020813,218,529,512,512
3.23937726020813,218,528,512,512
3.23937726020813,218,528,512,512
3.23937726020813,218,529,512,512
3.23937726020813,218,529,512,512
3.23937726020813,218,529,512,512
3.23937726020813,218,529,512,512
3.23937726020813,218,529,512,512
3.23937726020813,218,529,512,512
3.23937726020813,218,529,512,512
3.23937726020813,219,530,512,512
3.23937726020813,219,531,512,512
3.23937726020813,219,530,512,512
3.23937726020813,219,530,512,512
3.23937726020813,219,530,512,512
3.23937726020813,220,530,512,512
3.255047559738159,220,530,512,512
3.255047559738159,220,530,512,512
3.255047559738159,220,531,512,512
3.255047559738159,220,531,512,512
3.255047559738159,220,530,512,512
3.255047559738159,221,530,512,512
3.255047559738159,221,530,512,512
3.255047559738159,221,530,512,512
3.255047559738159,222,530,512,512
3.255047559738159,222,531,512,512
3.255047559738159,222,531,512,512
3.255047559738159,223,530,512,512
3.255047559738159,223,530,512,512
3.255047559738159,223,530,512,512
3.255047559738159,223,530,512,512
3.255047559738159,224,530,512,512
3.255047559738159,224,531,512,512
3.255047559738159,225,531,512,512
3.2707502841949463,225,530,512,512
3.2707502841949463,225,530,512,512
3.2725327014923096,225,530,512,512
3.2725327014923096,226,529,512,512
3.2725327014923096,226,529,512,512
3.2725327014923096,226,530,512,512
3.2725327014923096,227,531,512,512
3.2725327014923096,227,530,512,512
3.2725327014923096,227,529,512,512
3.2725327014923096,227,530,512,512
3.2725327014923096,228,530,512,512
3.2725327014923096,228,530,512,512
3.2725327014923096,228,531,512,512
3.2725327014923096,229,531,512,512
3.2725327014923096,229,530,512,512
3.2725327014923096,229,529,512,512
3.2725327014923096,229,529,512,512
3.2725327014923096,229,529,512,512
3.2725327014923096,229,528,512,512
3.286407232284546,229,529,512,512
3.286407232284546,230,530,512,512
3.286407232284546,229,529,512,512
3.286407232284546,230,529,512,512
3.286407232284546,230,529,512,512
3.286407232284546,229,529,512,512
3.286407232284546,230,529,512,512
3.286407232284546,230,530,512,512
3.286407232284546,230,530,512,512
3.286407232284546,230,530,512,512
3.286407232284546,230,529,512,512
3.286407232284546,230,529,512,512
3.286407232284546,230,529,512,512
3.286407232284546,229,528,512,512
3.286407232284546,229,529,512,512
3.286407232284546,229,529,512,512
3.286407232284546,229,529,512,512
3.286407232284546,229,528,512,512
3.302156925201416,229,528,512,512
3.302156925201416,229,528,512,512
3.302156925201416,229,528,512,512
3.302156925201416,228,528,512,512
3.302156925201416,228,529,512,512
3.302156925201416,228,529,512,512
3.302156925201416,228,528,512,512
3.302156925201416,228,528,512,512
3.302156925201416,227,528,512,512
3.302156925201416,227,528,512,512
3.302156925201416,227,527,512,512
3.302156925201416,227,528,512,512
3.302156925201416,226,529,512,512
3.302156925201416,226,528,512,512
3.302156925201416,226,528,512,512
3.302156925201416,226,528,512,512
3.302156925201416,225,528,512,512
3.302156925201416,225,528,512,512
3.302156925201416,224,528,512,512
3.3184762001037598,224,529,512,512
3.319243907928467,224,528,512,512
3.319243907928467,224,528,512,512
3.319243907928467,223,528,512,512
3.319243907928467,223,528,512,512
3.319243907928467,223,528,512,512
3.319243907928467,222,528,512,512
3.319243907928467,222,528,512,512
3.319243907928467,222,528,512,512
3.319243907928467,222,527,512,512
3.319243907928467,221,527,512,512
3.319243907928467,221,527,512,512
3.319243907928467,221,527,512,512
3.319243907928467,221,528,512,512
3.319243907928467,221,529,512,512
3.319243907928467,220,529,512,512
3.319243907928467,220,529,512,512
3.319243907928467,220,528,512,512
3.33380126953125,220,528,512,512
3.33380126953125,220,528,512,512
3.33380126953125,220,528,512,512
3.33380126953125,220,529,512,512
3.33380126953125,220,530,512,512
3.33380126953125,220,529,512,512
3.33380126953125,219,529,512,512
3.33380126953125,219,529,512,512
3.33380126953125,219,529,512,512
3.33380126953125,219,529,512,512
3.33380126953125,219,530,512,512
3.33380126953125,219,530,512,512
3.33380126953125,219,529,512,512
3.33380126953125,219,529,512,512
3.33380126953125,219,529,512,512
3.33380126953125,219,529,512,512
3.33380126953125,219,529,512,512
3.33380126953125,219,530,512,512
3.33380126953125,219,530,512,512
3.349606990814209,219,530,512,512
3.349606990814209,220,529,512,512
3.349606990814209,220,529,512,512
3.349606990814209,220,529,512,512
3.349606990814209,220,529,512,512
3.349606990814209,220,530,512,512
3.349606990814209,220,531,512,512
3.349606990814209,220,530,512,512
3.349606990814209,221,530,512,512
3.349606990814209,221,530,512,512
3.349606990814209,221,530,512,512
3.349606990814209,222,529,512,512
3.349606990814209,222,530,512,512
3.349606990814209,222,531,512,512
3.349606990814209,222,530,512,512
3.349606990814209,222,530,512,512
3.349606990814209,223,529,512,512
3.349606990814209,223,529,512,512
3.349606990814209,223,529,512,512
3.36547589302063,224,529,512,512
3.366825580596924,224,530,512,512
3.3676364421844482,224,530,512,512
3.3676364421844482,224,529,512,512
3.3676364421844482,225,529,512,512
3.3676364421844482,225,530,512,512
3.3676364421844482,225,530,512,512
3.3676364421844482,225,530,512,512
3.3676364421844482,225,531,512,512
3.373643398284912,225,531,512,512
3.374607563018799,226,530,512,512
3.375110626220703,226,530,512,512
3.3761212825775146,227,530,512,512
3.377117872238159,227,529,512,512
3.377117872238159,227,529,512,512
3.378117799758911,227,530,512,512
3.379117727279663,227,531,512,512
3.380117893218994,228,530,512,512
3.3811182975769043,228,529,512,512
3.3821182250976562,228,530,512,512
3.3821182250976562,228,529,512,512
3.3831191062927246,228,529,512,512
3.384117364883423,228,530,512,512
3.3851187229156494,229,530,512,512
3.386124610900879,229,530,512,512
3.3871166706085205,229,529,512,512
3.3881189823150635,229,529,512,512
3.3881189823150635,229,529,512,512
3.390120267868042,229,529,512,512
3.390763521194458,229,529,512,512
3.390763521194458,229,530,512,512
3.392468214035034,229,529,512,512
3.392468214035034,229,529,512,512
3.3934803009033203,229,529,512,512
3.394477367401123,229,529,512,512
3.395477294921875,229,528,512,512
3.396477699279785,229,529,512,512
3.3974783420562744,229,530,512,512
3.3984782695770264,228,529,512,512
3.3984782695770264,228,528,512,512
3.399477243423462,228,528,512,512
3.4004788398742676,228,528,512,512
3.4014790058135986,228,528,512,512
3.4024786949157715,228,528,512,512
3.4034767150878906,228,529,512,512
3.4034767150878906,227,529,512,512
3.4044766426086426,227,528,512,512
3.4054832458496094,227,527,512,512
3.406479597091675,227,527,512,512
3.407480478286743,227,527,512,512
3.407480478286743,227,527,512,512
3.407480478286743,227,528,512,512
3.407480478286743,226,529,512,512
3.407480478286743,226,528,512,512
3.407480478286743,226,528,512,512
3.407480478286743,225,528,512,512
3.407480478286743,225,528,512,512
3.407480478286743,225,528,512,512
3.407480478286743,224,529,512,512
3.407480478286743,224,529,512,512
3.407480478286743,224,529,512,512
3.407480478286743,224,528,512,512
3.407480478286743,224,528,512,512
3.407480478286743,223,528,512,512
3.407480478286743,223,528,512,512
3.407480478286743,223,529,512,512
3.407480478286743,223,529,512,512
3.407480478286743,222,528,512,512
3.42354679107666,222,528,512,512
3.42354679107666,222,528,512,512
3.42354679107666,222,528,512,512
3.42354679107666,222,528,512,512
3.42354679107666,222,528,512,512
3.42354679107666,222,529,512,512
3.42354679107666,221,529,512,512
3.42354679107666,221,528,512,512
3.42354679107666,221,528,512,512
3.42354679107666,221,528,512,512
3.42354679107666,220,528,512,512
3.42354679107666,220,528,512,512
3.42354679107666,220,529,512,512
3.42354679107666,220,529,512,512
3.42354679107666,220,528,512,512
3.42354679107666,220,529,512,512
3.42354679107666,220,529,512,512
3.42354679107666,220,528,512,512
3.42354679107666,220,529,512,512
3.4392571449279785,220,530,512,512
3.4392571449279785,220,530,512,512
3.4392571449279785,220,529,512,512
3.4392571449279785,220,529,512,512
3.4392571449279785,220,529,512,512
3.4392571449279785,220,528,512,512
3.4392571449279785,220,528,512,512
3.4392571449279785,220,529,512,512
3.4392571449279785,220,529,512,512
3.4392571449279785,220,529,512,512
3.4392571449279785,220,529,512,512
3.4392571449279785,220,529,512,512
3.4392571449279785,220,529,512,512
3.4392571449279785,221,529,512,512
3.4392571449279785,221,530,512,512
3.4392571449279785,221,530,512,512
3.4392571449279785,221,530,512,512
3.4392571449279785,221,530,512,512
3.4550557136535645,221,530,512,512
3.4550557136535645,221,529,512,512
3.4550557136535645,222,529,512,512
3.4550557136535645,222,530,512,512
3.4550557136535645,222,531,512,512
3.4550557136535645,222,530,512,512
3.4550557136535645,223,530,512,512
3.4550557136535645,223,530,512,512
3.4550557136535645,223,530,512,512
3.4550557136535645,223,529,512,512
3.4550557136535645,223,530,512,512
3.4550557136535645,224,531,512,512
3.4550557136535645,224,530,512,512
3.4550557136535645,224,530,512,512
3.4550557136535645,224,530,512,512
3.4550557136535645,224,530,512,512
3.4550557136535645,225,529,512,512
3.4550557136535645,225,530,512,512
3.4550557136535645,225,531,512,512
3.4708056449890137,225,530,512,512
3.4719467163085938,225,530,512,512
3.4719467163085938,226,529,512,512
3.47404146194458,226,530,512,512
3.47404146194458,226,529,512,512
3.47404146194458,226,529,512,512
3.47404146194458,227,530,512,512
3.47404146194458,227,530,512,512
3.47404146194458,227,530,512,512
3.47404146194458,227,529,512,512
3.47404146194458,227,530,512,512
3.47404146194458,227,530,512,512
3.47404146194458,228,530,512,512
3.47404146194458,228,530,512,512
3.47404146194458,228,530,512,512
3.47404146194458,228,529,512,512
3.47404146194458,228,528,512,512
3.47404146194458,228,529,512,512
3.486624002456665,228,529,512,512
3.486624002456665,228,529,512,512
3.486624002456665,228,529,512,512
3.486624002456665,228,530,512,512
3.486624002456665,228,530,512,512
3.486624002456665,228,529,512,512
3.486624002456665,228,529,512,512
3.486624002456665,228,529,512,512
3.486624002456665,228,529,512,512
3.486624002456665,228,530,512,512
3.486624002456665,228,531,512,512
3.486624002456665,228,530,512,512
3.486624002456665,228,529,512,512
3.486624002456665,228,529,512,512
3.486624002456665,228,529,512,512
3.486624002456665,227,529,512,512
3.486624002456665,227,529,512,512
3.486624002456665,227,530,512,512
3.486624002456665,227,530,512,512
3.502283811569214,227,529,512,512
3.5037152767181396,227,529,512,512
3.504246234893799,226,529,512,512
3.504246234893799,226,529,512,512
3.504246234893799,226,529,512,512
3.504246234893799,226,530,512,512
3.504246234893799,226,530,512,512
3.504246234893799,225,529,512,512
3.504246234893799,225,529,512,512
3.504246234893799,225,529,512,512
3.504246234893799,225,529,512,512
3.504246234893799,225,529,512,512
3.504246234893799,224,529,512,512
3.504246234893799,224,530,512,512
3.504246234893799,224,529,512,512
3.504246234893799,224,529,512,512
3.504246234893799,224,529,512,512
3.504246234893799,223,528,512,512
3.5180141925811768,223,529,512,512
3.5180141925811768,223,529,512,512
3.5180141925811768,223,530,512,512
3.5180141925811768,222,529,512,512
3.5180141925811768,222,529,512,512
3.5180141925811768,222,529,512,512
3.5180141925811768,222,529,512,512
3.5180141925811768,222,529,512,512
3.5180141925811768,222,529,512,512
3.5180141925811768,221,529,512,512
3.5180141925811768,221,529,512,512
3.5180141925811768,221,528,512,512
3.5180141925811768,221,528,512,512
3.5180141925811768,220,528,512,512
3.5180141925811768,220,528,512,512
3.5180141925811768,220,529,512,512
3.5180141925811768,220,530,512,512
3.5180141925811768,220,530,512,512
3.5180141925811768,220,529,512,512
3.533656358718872,220,529,512,512
3.535170555114746,220,530,512,512
3.5361881256103516,220,529,512,512
3.5370078086853027,220,530,512,512
3.5379204750061035,220,530,512,512
3.538175582885742,220,530,512,512
3.539188861846924,220,529,512,512
3.5405538082122803,220,529,512,512
3.5410208702087402,220,530,512,512
3.5420353412628174,220,529,512,512
3.543029546737671,220,529,512,512
3.543029546737671,220,531,512,512
3.544032335281372,220,531,512,512
3.545031785964966,220,530,512,512
3.5460314750671387,220,529,512,512
3.547032117843628,220,530,512,512
3.54803204536438,220,530,512,512
3.54803204536438,220,530,512,512
3.549031972885132,220,530,512,512
3.5501549243927,220,531,512,512
3.5511693954467773,221,530,512,512
3.5521676540374756,221,530,512,512
3.5531675815582275,221,530,512,512
3.5531675815582275,221,530,512,512
3.554166316986084,221,530,512,512
3.5557687282562256,221,530,512,512
3.5560336112976074,221,531,512,512
3.5570261478424072,222,530,512,512
3.557535409927368,222,530,512,512
3.558544635772705,222,530,512,512
3.5595431327819824,222,530,512,512
3.5605435371398926,223,530,512,512
3.5615439414978027,223,530,512,512
3.5615439414978027,223,531,512,512
3.562544584274292,223,531,512,512
3.563544273376465,223,530,512,512
3.5645458698272705,224,530,512,512
3.5655455589294434,224,529,512,512
3.5665454864501953,224,529,512,512
3.5675432682037354,224,530,512,512
3.5685482025146484,224,530,512,512
3.5685482025146484,225,530,512,512
3.569547653198242,225,529,512,512
3.570544958114624,225,529,512,512
3.571544647216797,225,530,512,512
3.5725457668304443,225,530,512,512
3.573547124862671,225,530,512,512
3.573869466781616,226,531,512,512
3.573869466781616,226,531,512,512
3.573869466781616,226,530,512,512
3.573869466781616,226,530,512,512
3.573869466781616,226,530,512,512
3.573869466781616,226,530,512,512
3.573869466781616,227,530,512,512
3.573869466781616,227,531,512,512
3.573869466781616,227,531,512,512
3.573869466781616,227,530,512,512
3.573869466781616,227,529,512,512
3.573869466781616,228,530,512,512
3.573869466781616,228,529,512,512
3.573869466781616,228,529,512,512
3.573869466781616,228,530,512,512
3.573869466781616,228,531,512,512
3.573869466781616,227,530,512,512
3.573869466781616,227,529,512,512
3.5892233848571777,227,529,512,512
3.5892233848571777,227,529,512,512
3.5892233848571777,228,529,512,512
3.5892233848571777,228,530,512,512
3.5892233848571777,228,530,512,512
3.5892233848571777,228,530,512,512
3.5892233848571777,228,529,512,512
3.5892233848571777,228,529,512,512
3.5892233848571777,227,529,512,512
3.5892233848571777,227,529,512,512
3.5892233848571777,227,529,512,512
3.5892233848571777,227,530,512,512
3.5892233848571777,227,529,512,512
3.5892233848571777,227,528,512,512
3.5892233848571777,227,529,512,512
3.5892233848571777,227,529,512,512
3.5892233848571777,226,528,512,512
3.5892233848571777,226,529,512,512
3.605029821395874,226,530,512,512
3.605029821395874,226,529,512,512
3.605029821395874,226,528,512,512
3.605029821395874,226,528,512,512
3.605029821395874,225,528,512,512
3.605029821395874,225,527,512,512
3.605029821395874,225,528,512,512
3.605029821395874,225,529,512,512
3.605029821395874,225,529,512,512
3.605029821395874,224,529,512,512
3.605029821395874,224,529,512,512
3.605029821395874,224,529,512,512
3.605029821395874,224,529,512,512
3.605029821395874,224,529,512,512
3.605029821395874,224,529,512,512
3.605029821395874,224,530,512,512
3.605029821395874,223,529,512,512
3.605029821395874,223,528,512,512
3.605029821395874,223,529,512,512
3.6209022998809814,223,528,512,512
3.6221201419830322,222,528,512,512
3.62263822555542,222,529,512,512
3.62263822555542,222,530,512,512
3.62263822555542,222,529,512,512
3.62263822555542,222,529,512,512
3.62263822555542,222,529,512,512
3.62263822555542,221,529,512,512
3.62263822555542,221,529,512,512
3.62263822555542,221,529,512,512
3.62263822555542,221,530,512,512
3.62263822555542,221,530,512,512
3.62263822555542,221,529,512,512
3.62263822555542,221,529,512,512
3.62263822555542,221,529,512,512
3.62263822555542,221,529,512,512
3.62263822555542,221,529,512,512
3.62263822555542,220,530,512,512
3.62263822555542,220,530,512,512
3.6366782188415527,220,529,512,512
3.6366782188415527,220,529,512,512
3.6366782188415527,220,530,512,512
3.6366782188415527,220,529,512,512
3.6366782188415527,220,530,512,512
3.6366782188415527,220,530,512,512
3.6366782188415527,220,530,512,512
3.6366782188415527,220,530,512,512
3.6366782188415527,221,529,512,512
3.6366782188415527,221,529,512,512
3.6366782188415527,221,529,512,512
3.6366782188415527,221,529,512,512
3.6366782188415527,221,530,512,512
3.6366782188415527,221,530,512,512
3.6366782188415527,221,529,512,512
3.6366782188415527,221,529,512,512
3.6366782188415527,221,529,512,512
3.6366782188415527,221,529,512,512
3.6523633003234863,221,529,512,512
3.6523633003234863,221,530,512,512
3.6523633003234863,222,531,512,512
3.6523633003234863,222,530,512,512
3.6523633003234863,222,530,512,512
3.6523633003234863,222,530,512,512
3.6523633003234863,222,530,512,512
3.6523633003234863,222,530,512,512
3.6523633003234863,223,531,512,512
3.6523633003234863,223,531,512,512
3.6523633003234863,223,530,512,512
3.6523633003234863,223,530,512,512
3.6523633003234863,223,530,512,512
3.6523633003234863,223,530,512,512
3.6523633003234863,223,530,512,512
3.6523633003234863,224,530,512,512
3.6523633003234863,224,531,512,512
3.6523633003234863,224,530,512,512
3.6680564880371094,224,529,512,512
3.668822765350342,225,530,512,512
3.668822765350342,225,530,512,512
3.668822765350342,225,529,512,512
3.67116117477417,225,530,512,512
3.67116117477417,225,531,512,512
3.67116117477417,225,531,512,512
3.67116117477417,225,530,512,512
3.67116117477417,225,530,512,512
3.67116117477417,226,530,512,512
3.67116117477417,226,530,512,512
3.67116117477417,226,530,512,512
3.67116117477417,226,530,512,512
3.67116117477417,226,531,512,512
3.67116117477417,227,529,512,512
3.67116117477417,227,529,512,512
3.67116117477417,227,529,512,512
3.67116117477417,227,529,512,512
3.67116117477417,227,529,512,512
3.683722734451294,227,530,512,512
3.683722734451294,227,530,512,512
3.683722734451294,227,529,512,512
3.683722734451294,227,528,512,512
3.683722734451294,227,529,512,512
3.683722734451294,227,528,512,512
3.683722734451294,227,528,512,512
3.683722734451294,227,529,512,512
3.683722734451294,227,530,512,512
3.683722734451294,227,529,512,512
3.683722734451294,227,529,512,512
3.683722734451294,227,529,512,512
3.683722734451294,227,529,512,512
3.683722734451294,227,529,512,512
3.683722734451294,227,529,512,512
3.683722734451294,227,530,512,512
3.683722734451294,227,529,512,512
3.683722734451294,227,529,512,512
3.699455976486206,226,529,512,512
3.699455976486206,226,529,512,512
3.7011477947235107,226,528,512,512
3.7011477947235107,226,529,512,512
3.702759265899658,226,530,512,512
3.7035295963287354,226,529,512,512
3.704540491104126,226,529,512,512
3.704540491104126,226,529,512,512
3.7055394649505615,225,529,512,512
3.706932783126831,225,528,512,512
3.706932783126831,225,529,512,512
3.7080729007720947,225,530,512,512
3.709070920944214,225,530,512,512
3.710073709487915,224,529,512,512
3.7110719680786133,224,529,512,512
3.712069034576416,224,529,512,512
3.712069034576416,224,528,512,512
3.713069200515747,224,528,512,512
3.714069366455078,224,529,512,512
3.715069532394409,224,529,512,512
3.7160696983337402,223,529,512,512
3.7170727252960205,223,528,512,512
3.7180685997009277,223,529,512,512
3.719073534011841,223,529,512,512
3.719073534011841,223,529,512,512
3.7206199169158936,223,529,512,512
3.720871925354004,223,530,512,512
3.72188663482666,222,529,512,512
3.722883701324463,222,528,512,512
3.7238574028015137,222,529,512,512
3.7238574028015137,222,529,512,512
3.7238574028015137,222,528,512,512
3.7238574028015137,221,529,512,512
3.7238574028015137,221,529,512,512
3.7238574028015137,221,529,512,512
3.7238574028015137,221,528,512,512
3.7238574028015137,221,528,512,512
3.7238574028015137,221,528,512,512
3.7238574028015137,221,528,512,512
3.7238574028015137,221,529,512,512
3.7238574028015137,221,530,512,512
3.7238574028015137,221,530,512,512
3.7238574028015137,220,529,512,512
3.7238574028015137,220,529,512,512
3.7238574028015137,220,529,512,512
3.7238574028015137,221,529,512,512
3.7238574028015137,221,529,512,512
3.7387356758117676,221,530,512,512
3.740002393722534,221,530,512,512
3.740002393722534,221,529,512,512
3.740002393722534,221,529,512,512
3.740002393722534,221,529,512,512
3.740002393722534,221,529,512,512
3.740002393722534,221,529,512,512
3.740002393722534,221,530,512,512
3.740002393722534,221,530,512,512
3.740002393722534,221,530,512,512
3.740002393722534,221,529,512,512
3.740002393722534,221,530,512,512
3.740002393722534,221,529,512,512
3.740002393722534,221,529,512,512
3.740002393722534,221,530,512,512
3.740002393722534,222,531,512,512
3.740002393722534,222,530,512,512
3.740002393722534,222,529,512,512
3.7544145584106445,222,530,512,512
3.7544145584106445,222,529,512,512
3.7544145584106445,222,529,512,512
3.7544145584106445,223,530,512,512
3.7544145584106445,223,531,512,512
3.7544145584106445,223,530,512,512
3.7544145584106445,223,530,512,512
3.7544145584106445,223,530,512,512
3.7544145584106445,223,530,512,512
3.7544145584106445,223,529,512,512
3.7544145584106445,224,530,512,512
3.7544145584106445,224,531,512,512
3.7544145584106445,224,530,512,512
3.7544145584106445,224,529,512,512
3.7544145584106445,224,529,512,512
3.7544145584106445,224,529,512,512
3.7544145584106445,224,529,512,512
3.7544145584106445,225,529,512,512
3.7701282501220703,225,530,512,512
3.770892381668091,225,530,512,512
3.7716422080993652,225,529,512,512
3.7716422080993652,225,529,512,512
3.7716422080993652,225,529,512,512
3.7716422080993652,226,529,512,512
3.7716422080993652,226,530,512,512
3.7716422080993652,226,531,512,512
3.7716422080993652,226,530,512,512
3.7716422080993652,226,530,512,512
3.7716422080993652,226,529,512,512
3.7716422080993652,226,529,512,512
3.7716422080993652,226,529,512,512
3.7716422080993652,226,529,512,512
3.7716422080993652,226,530,512,512
3.7716422080993652,227,530,512,512
3.7716422080993652,227,529,512,512
3.7716422080993652,227,529,512,512
3.7716422080993652,227,530,512,512
3.7858049869537354,227,529,512,512
3.7858049869537354,227,529,512,512
3.7858049869537354,227,530,512,512
3.7858049869537354,227,530,512,512
3.7858049869537354,227,529,512,512
3.7858049869537354,227,529,512,512
3.7858049869537354,227,529,512,512
3.7858049869537354,227,529,512,512
3.7858049869537354,227,529,512,512
3.7858049869537354,226,529,512,512
3.7858049869537354,226,530,512,512
3.7858049869537354,226,529,512,512
3.7858049869537354,226,529,512,512
3.7858049869537354,226,529,512,512
3.7858049869537354,226,529,512,512
3.7858049869537354,226,528,512,512
3.7858049869537354,226,529,512,512
3.7858049869537354,226,529,512,512
3.8014912605285645,226,530,512,512
3.8014912605285645,226,529,512,512
3.8014912605285645,226,529,512,512
3.8014912605285645,226,529,512,512
3.8014912605285645,225,529,512,512
3.8014912605285645,225,529,512,512
3.8014912605285645,225,529,512,512
3.8072638511657715,225,529,512,512
3.8072638511657715,224,528,512,512
3.8072638511657715,224,528,512,512
3.8072638511657715,224,528,512,512
3.8072638511657715,224,528,512,512
3.8072638511657715,224,528,512,512
3.8072638511657715,224,529,512,512
3.8072638511657715,223,529,512,512
3.8072638511657715,223,529,512,512
3.8072638511657715,223,529,512,512
3.8072638511657715,223,529,512,512
3.8072638511657715,223,528,512,512
3.8171565532684326,223,528,512,512
3.8171565532684326,223,529,512,512
3.8171565532684326,223,530,512,512
3.8171565532684326,222,529,512,512
3.8171565532684326,222,529,512,512
3.8171565532684326,222,529,512,512
3.8171565532684326,222,529,512,512
3.8171565532684326,222,529,512,512
3.8171565532684326,222,529,512,512
3.8171565532684326,222,530,512,512
3.8171565532684326,222,529,512,512
3.8171565532684326,222,529,512,512
3.8171565532684326,222,529,512,512
3.8171565532684326,222,529,512,512
3.8171565532684326,222,529,512,512
3.8171565532684326,221,529,512,512
3.8171565532684326,221,530,512,512
3.8171565532684326,221,530,512,512
3.832817792892456,221,529,512,512
3.8336591720581055,221,529,512,512
3.8336591720581055,221,529,512,512
3.8336591720581055,221,529,512,512
3.8336591720581055,221,529,512,512
3.8336591720581055,221,530,512,512
3.8336591720581055,221,530,512,512
3.8336591720581055,221,529,512,512
3.8336591720581055,221,529,512,512
3.8336591720581055,221,530,512,512
3.8336591720581055,221,529,512,512
3.8336591720581055,221,529,512,512
3.8336591720581055,221,530,512,512
3.8336591720581055,222,530,512,512
3.8336591720581055,222,530,512,512
3.8336591720581055,222,529,512,512
3.8336591720581055,222,529,512,512
3.8336591720581055,222,529,512,512
3.8336591720581055,222,529,512,512
3.8484652042388916,222,529,512,512
3.849972724914551,222,530,512,512
3.850254774093628,222,529,512,512
3.850254774093628,222,529,512,512
3.850254774093628,222,529,512,512
3.850254774093628,222,529,512,512
3.850254774093628,222,529,512,512
3.850254774093628,222,530,512,512
3.850254774093628,222,531,512,512
3.850254774093628,222,530,512,512
3.850254774093628,223,530,512,512
3.850254774093628,223,530,512,512
3.850254774093628,223,530,512,512
3.850254774093628,224,529,512,512
3.850254774093628,224,530,512,512
3.850254774093628,224,531,512,512
3.850254774093628,224,530,512,512
3.850254774093628,224,530,512,512
3.864147663116455,224,530,512,512
3.864147663116455,224,530,512,512
3.864147663116455,224,529,512,512
3.864147663116455,225,530,512,512
3.864147663116455,225,530,512,512
3.864147663116455,225,530,512,512
3.864147663116455,225,530,512,512
3.864147663116455,225,530,512,512
3.864147663116455,225,530,512,512
3.864147663116455,225,530,512,512
3.864147663116455,225,530,512,512
3.864147663116455,226,531,512,512
3.864147663116455,226,531,512,512
3.864147663116455,226,530,512,512
3.864147663116455,226,529,512,512
3.864147663116455,226,529,512,512
3.864147663116455,226,529,512,512
3.864147663116455,226,529,512,512
3.8798375129699707,226,530,512,512
3.8798375129699707,226,531,512,512
3.8814520835876465,226,530,512,512
3.8814520835876465,226,529,512,512
3.8814520835876465,226,529,512,512
3.8814520835876465,226,529,512,512
3.8814520835876465,226,529,512,512
3.8814520835876465,226,530,512,512
3.8814520835876465,226,530,512,512
3.8814520835876465,226,530,512,512
3.8814520835876465,226,529,512,512
3.8814520835876465,226,529,512,512
3.8814520835876465,226,529,512,512
3.8814520835876465,226,528,512,512
3.8814520835876465,226,529,512,512
3.8814520835876465,226,530,512,512
3.8814520835876465,226,529,512,512
3.8814520835876465,226,528,512,512
3.8814520835876465,226,529,512,512
3.8956854343414307,226,529,512,512
3.8956854343414307,226,529,512,512
3.8972220420837402,226,530,512,512
3.897808074951172,225,530,512,512
3.897808074951172,225,529,512,512
3.897808074951172,225,529,512,512
3.897808074951172,225,529,512,512
3.897808074951172,225,529,512,512
3.897808074951172,225,528,512,512
3.897808074951172,225,529,512,512
3.897808074951172,225,530,512,512
3.897808074951172,225,529,512,512
3.897808074951172,225,529,512,512
3.9068663120269775,224,529,512,512
3.9068663120269775,224,529,512,512
3.9079744815826416,224,529,512,512
3.908968448638916,224,529,512,512
3.909970998764038,224,529,512,512
3.910968542098999,224,529,512,512
3.911968469619751,224,528,512,512
3.912968635559082,224,528,512,512
3.912968635559082,224,528,512,512
3.9145407676696777,223,528,512,512
3.9147956371307373,223,528,512,512
3.9158103466033936,223,528,512,512
3.9168055057525635,223,529,512,512
3.9178059101104736,223,528,512,512
3.9188058376312256,223,528,512,512
3.9188058376312256,223,528,512,512
3.9198055267333984,223,528,512,512
3.9208061695098877,223,528,512,512
3.921806573867798,222,529,512,512
3.922806739807129,222,529,512,512
3.9238102436065674,222,529,512,512
3.924579620361328,222,528,512,512
3.9255928993225098,222,528,512,512
3.9255928993225098,222,528,512,512
3.9265904426574707,222,528,512,512
3.9275894165039062,222,529,512,512
3.928589105606079,222,529,512,512
3.929594039916992,222,528,512,512
3.9308714866638184,222,528,512,512
3.9313766956329346,222,528,512,512
3.9323887825012207,222,528,512,512
3.9333879947662354,222,528,512,512
3.9333879947662354,222,528,512,512
3.934391975402832,221,529,512,512
3.9353878498077393,222,529,512,512
3.9363880157470703,222,528,512,512
3.9373879432678223,222,528,512,512
3.938387870788574,222,528,512,512
3.9393866062164307,222,528,512,512
3.9393866062164307,222,529,512,512
3.940387010574341,222,530,512,512
3.94138765335083,222,530,512,512
3.94138765335083,222,529,512,512
3.94138765335083,222,529,512,512
3.94138765335083,222,529,512,512
3.94138765335083,222,529,512,512
3.94138765335083,222,529,512,512
3.94138765335083,222,530,512,512
3.94138765335083,222,530,512,512
3.94138765335083,223,529,512,512
3.94138765335083,223,529,512,512
3.94138765335083,223,529,512,512
3.94138765335083,223,529,512,512
3.94138765335083,223,529,512,512
3.94138765335083,223,530,512,512
3.94138765335083,223,530,512,512
3.94138765335083,223,529,512,512
3.94138765335083,224,529,512,512
3.94138765335083,224,529,512,512
3.957153081893921,224,529,512,512
3.957153081893921,224,529,512,512
3.9589335918426514,224,530,512,512
3.9594485759735107,224,530,512,512
3.9594485759735107,224,529,512,512
3.9594485759735107,224,529,512,512
3.9594485759735107,224,529,512,512
3.9594485759735107,225,529,512,512
3.9594485759735107,225,529,512,512
3.9594485759735107,225,529,512,512
3.9594485759735107,225,530,512,512
3.9594485759735107,225,530,512,512
3.9594485759735107,226,529,512,512
3.9594485759735107,226,529,512,512
3.9594485759735107,226,529,512,512
3.9594485759735107,226,528,512,512
3.9594485759735107,226,528,512,512
3.9594485759735107,226,529,512,512
3.9594485759735107,226,529,512,512
3.973040819168091,226,528,512,512
3.973040819168091,226,528,512,512
3.973040819168091,226,528,512,512
3.973040819168091,226,528,512,512
3.973040819168091,226,529,512,512
3.973040819168091,226,530,512,512
3.973040819168091,226,530,512,512
3.973040819168091,226,529,512,512
3.973040819168091,226,529,512,512
3.973040819168091,226,529,512,512
3.973040819168091,226,528,512,512
3.973040819168091,227,528,512,512
3.973040819168091,227,529,512,512
3.973040819168091,226,530,512,512
3.973040819168091,226,529,512,512
3.973040819168091,226,529,512,512
3.973040819168091,226,529,512,512
3.973040819168091,226,529,512,512
3.973040819168091,226,529,512,512
3.9889397621154785,226,529,512,512
3.9889397621154785,226,530,512,512
3.9910781383514404,226,529,512,512
3.9913370609283447,226,528,512,512
3.9913370609283447,226,529,512,512
3.9913370609283447,226,528,512,512
3.9913370609283447,226,528,512,512
3.9913370609283447,226,529,512,512
3.9913370609283447,226,529,512,512
3.9913370609283447,225,529,512,512
3.9913370609283447,225,528,512,512
3.9913370609283447,225,528,512,512
3.9913370609283447,225,528,512,512
3.9913370609283447,225,528,512,512
3.9913370609283447,225,529,512,512
3.9913370609283447,225,529,512,512
3.9913370609283447,225,529,512,512
3.9913370609283447,224,528,512,512
4.004585027694702,224,528,512,512
4.004585027694702,224,529,512,512
4.004585027694702,224,528,512,512
4.004585027694702,224,528,512,512
4.004585027694702,224,529,512,512
4.004585027694702,224,529,512,512
4.004585027694702,224,528,512,512
4.004585027694702,224,527,512,512
4.004585027694702,224,528,512,512
4.004585027694702,223,527,512,512
4.004585027694702,223,528,512,512
4.004585027694702,223,529,512,512
4.004585027694702,223,529,512,512
4.004585027694702,223,528,512,512
4.004585027694702,223,528,512,512
4.004585027694702,223,529,512,512
4.004585027694702,222,529,512,512
4.004585027694702,222,528,512,512
4.020221948623657,222,529,512,512
4.020221948623657,222,529,512,512
4.020221948623657,222,529,512,512
4.020221948623657,223,528,512,512
4.020221948623657,223,528,512,512
4.020221948623657,222,528,512,512
4.020221948623657,222,528,512,512
4.020221948623657,222,529,512,512
4.020221948623657,222,530,512,512
4.020221948623657,222,529,512,512
4.020221948623657,222,529,512,512
4.020221948623657,222,529,512,512
4.020221948623657,222,529,512,512
4.020221948623657,222,528,512,512
4.020221948623657,222,529,512,512
4.020221948623657,222,530,512,512
4.020221948623657,222,529,512,512
4.020221948623657,222,529,512,512
4.036012649536133,222,529,512,512
4.036012649536133,222,529,512,512
4.036012649536133,222,529,512,512
4.037476062774658,222,529,512,512
4.039502382278442,222,530,512,512
4.039502382278442,222,530,512,512
4.040405988693237,222,529,512,512
4.041437149047852,222,529,512,512
4.042187929153442,222,529,512,512
4.043219327926636,222,529,512,512
4.043219327926636,222,529,512,512
4.044201850891113,222,530,512,512
4.045198440551758,222,530,512,512
4.04619836807251,222,530,512,512
4.047198534011841,223,529,512,512
4.048198699951172,223,529,512,512
4.048198699951172,223,529,512,512
4.049199104309082,223,529,512,512
4.050199031829834,223,529,512,512
4.051199197769165,223,529,512,512
4.052200794219971,223,529,512,512
4.053199529647827,223,528,512,512
4.053199529647827,223,528,512,512
4.054199695587158,223,528,512,512
4.05519962310791,224,529,512,512
4.05620002746582,224,530,512,512
4.057202100753784,224,530,512,512
4.057746410369873,224,530,512,512
4.059227228164673,225,529,512,512
4.059738397598267,225,529,512,512
4.0607476234436035,225,529,512,512
4.0617475509643555,225,529,512,512
4.0617475509643555,225,530,512,512
4.062748193740845,225,530,512,512
4.063749313354492,225,530,512,512
4.064748525619507,225,529,512,512
4.065748929977417,225,529,512,512
4.066748857498169,225,529,512,512
4.066748857498169,225,529,512,512
4.068753004074097,225,529,512,512
4.06926703453064,226,530,512,512
4.0702807903289795,226,530,512,512
4.0712807178497314,225,529,512,512
4.0712807178497314,225,529,512,512
4.072280645370483,225,529,512,512
4.073277950286865,225,529,512,512
4.073277950286865,225,529,512,512
4.073277950286865,226,530,512,512
4.073277950286865,226,530,512,512
4.073277950286865,226,529,512,512
4.073277950286865,226,529,512,512
4.073277950286865,226,529,512,512
4.073277950286865,226,529,512,512
4.073277950286865,226,529,512,512
4.073277950286865,226,530,512,512
4.073277950286865,226,530,512,512
4.073277950286865,226,529,512,512
4.073277950286865,226,528,512,512
4.073277950286865,226,529,512,512
4.073277950286865,226,528,512,512
4.073277950286865,226,528,512,512
4.073277950286865,226,529,512,512
4.073277950286865,226,530,512,512
4.0889811515808105,226,529,512,512
4.0889811515808105,226,528,512,512
4.090801954269409,226,528,512,512
4.090801954269409,226,528,512,512
4.090801954269409,226,528,512,512
4.090801954269409,226,528,512,512
4.090801954269409,225,529,512,512
4.090801954269409,225,528,512,512
4.090801954269409,225,528,512,512
4.090801954269409,225,528,512,512
4.090801954269409,225,529,512,512
4.090801954269409,225,528,512,512
4.090801954269409,225,529,512,512
4.090801954269409,225,530,512,512
4.090801954269409,225,529,512,512
4.090801954269409,225,528,512,512
4.090801954269409,225,528,512,512
4.090801954269409,225,528,512,512
4.090801954269409,225,528,512,512
4.104645490646362,224,529,512,512
4.105892896652222,224,530,512,512
4.106240510940552,224,529,512,512
4.106240510940552,224,529,512,512
4.106240510940552,224,528,512,512
4.106240510940552,224,528,512,512
4.106240510940552,224,528,512,512
4.106240510940552,224,528,512,512
4.106240510940552,223,529,512,512
4.106240510940552,223,530,512,512
4.106240510940552,223,529,512,512
4.106240510940552,223,529,512,512
4.106240510940552,223,529,512,512
4.106240510940552,223,528,512,512
4.106240510940552,223,528,512,512
4.106240510940552,223,529,512,512
4.106240510940552,223,529,512,512
4.106240510940552,223,529,512,512
4.106240510940552,223,529,512,512
4.106240510940552,222,529,512,512
4.121464967727661,222,529,512,512
4.121464967727661,222,529,512,512
4.121464967727661,223,529,512,512
4.121464967727661,223,530,512,512
4.121464967727661,222,529,512,512
4.121464967727661,222,528,512,512
4.121464967727661,222,529,512,512
4.121464967727661,222,529,512,512
4.121464967727661,222,529,512,512
4.121464967727661,222,529,512,512
4.121464967727661,223,529,512,512
4.121464967727661,223,529,512,512
4.121464967727661,222,528,512,512
4.121464967727661,222,528,512,512
4.121464967727661,222,528,512,512
4.121464967727661,222,528,512,512
4.121464967727661,222,528,512,512
4.121464967727661,222,529,512,512
4.137150526046753,222,529,512,512
4.137150526046753,222,529,512,512
4.1391685009002686,222,529,512,512
4.1391685009002686,222,529,512,512
4.1391685009002686,222,529,512,512
4.1391685009002686,223,529,512,512
4.1391685009002686,223,530,512,512
4.1391685009002686,223,530,512,512
4.1391685009002686,223,529,512,512
4.1391685009002686,223,529,512,512
4.1391685009002686,223,529,512,512
4.1391685009002686,223,529,512,512
4.1391685009002686,223,529,512,512
4.1391685009002686,223,530,512,512
4.1391685009002686,223,530,512,512
4.1391685009002686,223,529,512,512
4.1391685009002686,224,529,512,512
4.1391685009002686,224,529,512,512
4.15287709236145,224,529,512,512
4.1538004875183105,224,529,512,512
4.154531955718994,224,530,512,512
4.154531955718994,224,530,512,512
4.154531955718994,224,529,512,512
4.154531955718994,224,529,512,512
4.154531955718994,224,529,512,512
4.154531955718994,224,529,512,512
4.154531955718994,224,529,512,512
4.154531955718994,225,530,512,512
4.154531955718994,225,530,512,512
4.154531955718994,225,530,512,512
4.154531955718994,225,529,512,512
4.154531955718994,225,529,512,512
4.154531955718994,225,529,512,512
4.154531955718994,225,529,512,512
4.154531955718994,225,529,512,512
4.154531955718994,225,530,512,512
4.154531955718994,225,530,512,512
4.168681621551514,225,529,512,512
4.168681621551514,225,529,512,512
4.168681621551514,225,529,512,512
4.168681621551514,225,528,512,512
4.168681621551514,225,529,512,512
4.168681621551514,225,529,512,512
4.168681621551514,225,529,512,512
4.168681621551514,225,528,512,512
4.168681621551514,225,528,512,512
4.168681621551514,226,528,512,512
4.168681621551514,226,528,512,512
4.168681621551514,226,529,512,512
4.168681621551514,226,530,512,512
4.168681621551514,226,530,512,512
4.168681621551514,226,529,512,512
4.168681621551514,226,529,512,512
4.168681621551514,226,529,512,512
4.168681621551514,226,529,512,512
4.168681621551514,226,529,512,512
4.184530258178711,226,530,512,512
4.184530258178711,226,530,512,512
4.184530258178711,226,529,512,512
4.184530258178711,226,528,512,512
4.184530258178711,226,529,512,512
4.184530258178711,226,529,512,512
4.184530258178711,225,529,512,512
4.184530258178711,225,529,512,512
4.184530258178711,225,530,512,512
4.184530258178711,225,529,512,512
4.184530258178711,225,528,512,512
4.184530258178711,225,529,512,512
4.184530258178711,225,529,512,512
4.184530258178711,225,528,512,512
4.184530258178711,225,529,512,512
4.184530258178711,225,530,512,512
4.184530258178711,224,529,512,512
4.184530258178711,224,528,512,512
4.184530258178711,224,529,512,512
4.201297998428345,224,529,512,512
4.202109336853027,224,528,512,512
4.20236873626709,224,528,512,512
4.2033774852752686,224,529,512,512
4.204378843307495,224,529,512,512
4.205376625061035,224,528,512,512
4.206377029418945,224,528,512,512
4.206852436065674,224,529,512,512
4.206852436065674,224,528,512,512
4.208149194717407,224,529,512,512
4.209147930145264,224,529,512,512
4.210146903991699,224,529,512,512
4.21114706993103,223,528,512,512
4.2121477127075195,223,528,512,512
4.2121477127075195,223,528,512,512
4.213147163391113,223,528,512,512
4.214145660400391,223,528,512,512
4.215153455734253,223,528,512,512
4.216145277023315,223,529,512,512
4.217147588729858,223,528,512,512
4.218317747116089,223,528,512,512
4.218949556350708,223,529,512,512
4.219963788986206,223,528,512,512
4.219963788986206,223,528,512,512
4.2209649085998535,223,529,512,512
4.2219648361206055,223,530,512,512
4.22296404838562,222,529,512,512
4.2237443923950195,222,529,512,512
4.2237443923950195,222,529,512,512
4.2237443923950195,222,529,512,512
4.2237443923950195,222,528,512,512
4.2237443923950195,222,529,512,512
4.2237443923950195,223,530,512,512
4.2237443923950195,223,529,512,512
4.2237443923950195,223,529,512,512
4.2237443923950195,223,529,512,512
4.2237443923950195,223,529,512,512
4.2237443923950195,222,529,512,512
4.2237443923950195,222,529,512,512
4.2237443923950195,222,530,512,512
4.2237443923950195,222,530,512,512
4.2237443923950195,222,529,512,512
4.2237443923950195,222,529,512,512
4.2237443923950195,223,529,512,512
4.238602161407471,223,529,512,512
4.238602161407471,223,529,512,512
4.238602161407471,223,530,512,512
4.238602161407471,223,530,512,512
4.238602161407471,223,529,512,512
4.238602161407471,223,529,512,512
4.238602161407471,223,529,512,512
4.238602161407471,223,529,512,512
4.238602161407471,223,529,512,512
4.238602161407471,223,530,512,512
4.238602161407471,223,530,512,512
4.238602161407471,223,529,512,512
4.238602161407471,223,529,512,512
4.238602161407471,223,529,512,512
4.238602161407471,223,529,512,512
4.238602161407471,224,529,512,512
4.238602161407471,224,529,512,512
4.238602161407471,224,529,512,512
4.238602161407471,224,528,512,512
4.255056381225586,224,528,512,512
4.25542140007019,224,528,512,512
4.25542140007019,224,528,512,512
4.25542140007019,224,528,512,512
4.25542140007019,224,530,512,512
4.25542140007019,224,530,512,512
4.25542140007019,224,530,512,512
4.25542140007019,224,529,512,512
4.25542140007019,224,529,512,512
4.25542140007019,224,529,512,512
4.25542140007019,225,529,512,512
4.25542140007019,225,529,512,512
4.25542140007019,225,530,512,512
4.25542140007019,225,529,512,512
4.25542140007019,225,529,512,512
4.25542140007019,225,529,512,512
4.25542140007019,225,529,512,512
4.25542140007019,225,529,512,512
4.26999306678772,225,529,512,512
4.26999306678772,225,530,512,512
4.26999306678772,225,529,512,512
4.26999306678772,225,529,512,512
4.26999306678772,225,529,512,512
4.26999306678772,225,529,512,512
4.26999306678772,226,529,512,512
4.26999306678772,226,529,512,512
4.26999306678772,225,530,512,512
4.26999306678772,225,530,512,512
4.26999306678772,225,529,512,512
4.26999306678772,225,529,512,512
4.26999306678772,225,529,512,512
4.26999306678772,225,529,512,512
4.26999306678772,226,529,512,512
4.26999306678772,226,530,512,512
4.26999306678772,226,530,512,512
4.26999306678772,226,529,512,512
4.26999306678772,226,529,512,512
4.285672426223755,225,529,512,512
4.285672426223755,225,528,512,512
4.285672426223755,225,528,512,512
4.285672426223755,225,529,512,512
4.289615154266357,225,530,512,512
4.290649175643921,225,529,512,512
4.290649175643921,225,528,512,512
4.290649175643921,225,528,512,512
4.290649175643921,225,528,512,512
4.290649175643921,225,528,512,512
4.290649175643921,225,528,512,512
4.290649175643921,225,529,512,512
4.290649175643921,224,528,512,512
4.290649175643921,224,528,512,512
4.290649175643921,224,528,512,512
4.290649175643921,224,528,512,512
4.290649175643921,224,528,512,512
4.290649175643921,224,529,512,512
4.3013763427734375,224,530,512,512
4.3013763427734375,224,529,512,512
4.3013763427734375,224,528,512,512
4.3013763427734375,224,529,512,512
4.3013763427734375,224,529,512,512
4.3013763427734375,224,528,512,512
4.3013763427734375,224,529,512,512
4.3013763427734375,224,530,512,512
4.3013763427734375,224,529,512,512
4.3013763427734375,224,528,512,512
4.3013763427734375,224,528,512,512
4.3013763427734375,224,529,512,512
4.3013763427734375,224,528,512,512
4.3013763427734375,224,529,512,512
4.3013763427734375,224,530,512,512
4.3013763427734375,223,530,512,512
4.3013763427734375,223,529,512,512
4.3013763427734375,223,529,512,512
4.3013763427734375,223,529,512,512
4.317273378372192,223,528,512,512
4.317273378372192,223,528,512,512
4.319289684295654,223,530,512,512
4.319289684295654,223,529,512,512
4.319289684295654,223,529,512,512
4.319289684295654,223,529,512,512
4.319289684295654,223,529,512,512
4.319289684295654,223,529,512,512
4.319289684295654,223,529,512,512
4.319289684295654,223,529,512,512
4.319289684295654,223,530,512,512
4.319289684295654,223,529,512,512
4.319289684295654,223,528,512,512
4.319289684295654,223,529,512,512
4.319289684295654,223,529,512,512
4.319289684295654,223,528,512,512
4.319289684295654,223,529,512,512
4.319289684295654,223,530,512,512
4.332996606826782,223,528,512,512
4.332996606826782,223,528,512,512
4.332996606826782,223,528,512,512
4.332996606826782,223,528,512,512
4.332996606826782,222,528,512,512
4.332996606826782,222,529,512,512
4.332996606826782,222,530,512,512
4.332996606826782,222,530,512,512
4.332996606826782,223,530,512,512
4.332996606826782,223,530,512,512
4.332996606826782,223,530,512,512
4.332996606826782,223,530,512,512
4.332996606826782,223,530,512,512
4.332996606826782,223,531,512,512
4.332996606826782,223,530,512,512
4.332996606826782,223,530,512,512
4.332996606826782,223,530,512,512
4.332996606826782,223,530,512,512
4.332996606826782,223,529,512,512
4.348659515380859,223,530,512,512
4.348659515380859,223,531,512,512
4.350677490234375,223,531,512,512
4.350677490234375,223,530,512,512
4.3526880741119385,224,530,512,512
4.3526880741119385,224,530,512,512
4.3526880741119385,224,529,512,512
4.354696989059448,224,530,512,512
4.354696989059448,224,530,512,512
4.354696989059448,224,531,512,512
4.354696989059448,224,530,512,512
4.354696989059448,224,530,512,512
4.354696989059448,224,530,512,512
4.354696989059448,224,529,512,512
4.354696989059448,224,529,512,512
4.354696989059448,224,530,512,512
4.354696989059448,224,531,512,512
4.354696989059448,225,530,512,512
4.364373445510864,224,529,512,512
4.364373445510864,224,530,512,512
4.364373445510864,224,530,512,512
4.364373445510864,224,529,512,512
4.364373445510864,224,530,512,512
4.364373445510864,225,531,512,512
4.364373445510864,225,530,512,512
4.364373445510864,225,529,512,512
4.364373445510864,225,529,512,512
4.364373445510864,225,529,512,512
4.364373445510864,225,529,512,512
4.364373445510864,225,529,512,512
4.364373445510864,225,530,512,512
4.364373445510864,225,530,512,512
4.364373445510864,225,529,512,512
4.364373445510864,225,529,512,512
4.364373445510864,225,529,512,512
4.364373445510864,225,529,512,512
4.364373445510864,225,529,512,512
4.380022048950195,225,530,512,512
4.380022048950195,225,530,512,512
4.380022048950195,225,529,512,512
4.380022048950195,225,529,512,512
4.380022048950195,225,530,512,512
4.380022048950195,225,529,512,512
4.380022048950195,225,529,512,512
4.380022048950195,225,530,512,512
4.380022048950195,225,530,512,512
4.380022048950195,225,529,512,512
4.380022048950195,225,529,512,512
4.380022048950195,225,529,512,512
4.380022048950195,225,529,512,512
4.380022048950195,225,529,512,512
4.380022048950195,225,530,512,512
4.380022048950195,224,530,512,512
4.380022048950195,224,529,512,512
4.380022048950195,224,529,512,512
4.395760774612427,224,529,512,512
4.395760774612427,224,529,512,512
4.397821664810181,224,529,512,512
4.398066520690918,224,529,512,512
4.398066520690918,224,530,512,512
4.398066520690918,224,530,512,512
4.398066520690918,224,529,512,512
4.398066520690918,224,529,512,512
4.398066520690918,223,529,512,512
4.398066520690918,224,529,512,512
4.398066520690918,224,529,512,512
4.398066520690918,224,530,512,512
4.398066520690918,224,530,512,512
4.398066520690918,223,529,512,512
4.398066520690918,223,529,512,512
4.398066520690918,223,529,512,512
4.398066520690918,223,529,512,512
4.398066520690918,223,529,512,512
4.398066520690918,223,530,512,512
4.4116387367248535,223,530,512,512
4.4116387367248535,223,529,512,512
4.4116387367248535,223,528,512,512
4.4116387367248535,223,528,512,512
4.4116387367248535,223,528,512,512
4.4116387367248535,223,529,512,512
4.4116387367248535,223,530,512,512
4.4116387367248535,222,530,512,512
4.4116387367248535,222,529,512,512
4.4116387367248535,222,529,512,512
4.4116387367248535,222,530,512,512
4.4116387367248535,222,529,512,512
4.4116387367248535,223,529,512,512
4.4116387367248535,223,530,512,512
4.4116387367248535,223,530,512,512
4.4116387367248535,223,529,512,512
4.4116387367248535,223,529,512,512
4.4116387367248535,223,529,512,512
4.427421808242798,223,529,512,512
4.427421808242798,223,529,512,512
4.4290008544921875,223,530,512,512
4.429484844207764,223,530,512,512
4.429484844207764,223,530,512,512
4.429484844207764,223,529,512,512
4.429484844207764,223,529,512,512
4.429484844207764,223,529,512,512
4.429484844207764,223,529,512,512
4.429484844207764,223,530,512,512
4.429484844207764,223,530,512,512
4.429484844207764,223,530,512,512
4.429484844207764,223,529,512,512
4.429484844207764,223,529,512,512
4.429484844207764,223,529,512,512
4.429484844207764,223,529,512,512
4.440433502197266,223,529,512,512
4.441950559616089,223,530,512,512
4.442470073699951,223,530,512,512
4.4434802532196045,223,529,512,512
4.444479465484619,223,529,512,512
4.444479465484619,223,530,512,512
4.4454827308654785,223,529,512,512
4.446479320526123,223,530,512,512
4.447478532791138,223,530,512,512
4.44847846031189,223,530,512,512
4.4494788646698,223,529,512,512
4.4494788646698,224,529,512,512
4.450478553771973,224,530,512,512
4.451480150222778,224,529,512,512
4.452479124069214,224,529,512,512
4.453479290008545,224,530,512,512
4.454476833343506,224,530,512,512
4.455479860305786,224,529,512,512
4.456477642059326,224,528,512,512
4.457245349884033,224,529,512,512
4.457245349884033,224,528,512,512
4.457245349884033,224,528,512,512
4.457245349884033,224,529,512,512
4.457245349884033,224,530,512,512
4.457245349884033,224,530,512,512
4.457245349884033,224,529,512,512
4.457245349884033,224,530,512,512
4.457245349884033,224,529,512,512
4.457245349884033,224,529,512,512
4.457245349884033,224,530,512,512
4.457245349884033,224,530,512,512
4.457245349884033,224,530,512,512
4.457245349884033,224,529,512,512
4.457245349884033,225,529,512,512
4.457245349884033,225,529,512,512
4.457245349884033,225,529,512,512
4.457245349884033,225,529,512,512
4.472193002700806,225,530,512,512
4.472193002700806,225,530,512,512
4.472193002700806,225,530,512,512
4.472193002700806,225,529,512,512
4.472193002700806,225,529,512,512
4.472193002700806,225,529,512,512
4.472193002700806,225,530,512,512
4.472193002700806,225,530,512,512
4.472193002700806,225,530,512,512
4.472193002700806,225,529,512,512
4.472193002700806,225,529,512,512
4.472193002700806,225,529,512,512
4.472193002700806,225,529,512,512
4.472193002700806,225,529,512,512
4.472193002700806,225,530,512,512
4.472193002700806,225,530,512,512
4.472193002700806,225,529,512,512
4.472193002700806,225,529,512,512
4.487885475158691,225,529,512,512
4.487885475158691,224,529,512,512
4.487885475158691,224,529,512,512
4.487885475158691,224,530,512,512
4.487885475158691,224,530,512,512
4.487885475158691,224,529,512,512
4.487885475158691,225,529,512,512
4.487885475158691,224,529,512,512
4.487885475158691,224,529,512,512
4.487885475158691,224,528,512,512
4.487885475158691,224,529,512,512
4.487885475158691,224,529,512,512
4.487885475158691,224,529,512,512
4.487885475158691,224,528,512,512
4.487885475158691,224,529,512,512
4.487885475158691,224,529,512,512
4.487885475158691,224,529,512,512
4.487885475158691,224,529,512,512
4.487885475158691,224,530,512,512
4.503539562225342,224,529,512,512
4.5047242641448975,224,529,512,512
4.5047242641448975,224,529,512,512
4.5047242641448975,223,529,512,512
4.506926536560059,223,529,512,512
4.506926536560059,223,529,512,512
4.506926536560059,223,530,512,512
4.506926536560059,223,530,512,512
4.510689973831177,223,529,512,512
4.510689973831177,223,529,512,512
4.512698650360107,223,529,512,512
4.512698650360107,223,529,512,512
4.512698650360107,223,529,512,512
4.51470422744751,223,530,512,512
4.51470422744751,223,530,512,512
4.516707181930542,223,529,512,512
4.516707181930542,223,529,512,512
4.516707181930542,223,529,512,512
4.5193188190460205,223,529,512,512
4.5193188190460205,223,529,512,512
4.5193188190460205,223,530,512,512
4.5193188190460205,223,530,512,512
4.5193188190460205,223,529,512,512
4.5193188190460205,223,529,512,512
4.5193188190460205,223,529,512,512
4.5193188190460205,223,529,512,512
4.5193188190460205,223,529,512,512
4.5193188190460205,223,530,512,512
4.5193188190460205,223,530,512,512
4.5193188190460205,223,530,512,512
4.5193188190460205,223,529,512,512
4.5193188190460205,223,529,512,512
4.5193188190460205,223,529,512,512
4.5193188190460205,223,529,512,512
4.5193188190460205,223,530,512,512
4.5193188190460205,223,530,512,512
4.5193188190460205,223,529,512,512
4.535110712051392,223,529,512,512
4.535922050476074,223,529,512,512
4.537123441696167,223,529,512,512
4.5381598472595215,223,529,512,512
4.5381598472595215,223,529,512,512
4.5391669273376465,223,530,512,512
4.540055274963379,223,530,512,512
4.54143500328064,223,529,512,512
4.54143500328064,223,529,512,512
4.542537212371826,223,530,512,512
4.543536901473999,223,529,512,512
4.544535398483276,223,530,512,512
4.545536756515503,223,530,512,512
4.546536684036255,223,530,512,512
4.546536684036255,224,529,512,512
4.5475380420684814,224,529,512,512
4.548537015914917,224,529,512,512
4.549536943435669,224,529,512,512
4.550537109375,224,530,512,512
4.551537990570068,223,530,512,512
4.551537990570068,224,530,512,512
4.552536964416504,224,529,512,512
4.553536653518677,224,529,512,512
4.554982900619507,224,529,512,512
4.555507183074951,224,529,512,512
4.556834697723389,224,529,512,512
4.557244062423706,224,530,512,512
4.558255910873413,224,530,512,512
4.5592546463012695,224,529,512,512
4.5592546463012695,224,529,512,512
4.560254096984863,224,529,512,512
4.561254501342773,224,529,512,512
4.562254428863525,224,529,512,512
4.5632548332214355,225,530,512,512
4.5642547607421875,225,530,512,512
4.5642547607421875,224,529,512,512
4.566255331039429,224,529,512,512
4.566255331039429,224,529,512,512
4.567256689071655,224,529,512,512
4.56825590133667,224,529,512,512
4.569254398345947,225,529,512,512
4.570253372192383,225,530,512,512
4.571324110031128,225,530,512,512
4.572079420089722,225,529,512,512
4.572079420089722,225,529,512,512
4.573682069778442,225,529,512,512
4.573682069778442,225,529,512,512
4.573682069778442,225,529,512,512
4.573682069778442,225,530,512,512
4.573682069778442,225,529,512,512
4.573682069778442,225,528,512,512
4.573682069778442,225,529,512,512
4.573682069778442,225,529,512,512
4.573682069778442,225,528,512,512
4.573682069778442,225,529,512,512
4.573682069778442,225,530,512,512
4.573682069778442,224,530,512,512
4.573682069778442,224,530,512,512
4.573682069778442,224,529,512,512
4.573682069778442,224,529,512,512
4.573682069778442,224,529,512,512
4.573682069778442,225,529,512,512
4.573682069778442,225,530,512,512
4.588740587234497,225,530,512,512
4.588740587234497,224,529,512,512
4.588740587234497,224,529,512,512
4.588740587234497,224,529,512,512
4.588740587234497,224,529,512,512
4.588740587234497,224,529,512,512
4.588740587234497,224,530,512,512
4.588740587234497,224,530,512,512
4.588740587234497,224,529,512,512
4.588740587234497,224,529,512,512
4.588740587234497,224,529,512,512
4.588740587234497,224,529,512,512
4.588740587234497,224,529,512,512
4.588740587234497,224,530,512,512
4.588740587234497,224,530,512,512
4.588740587234497,224,530,512,512
4.588740587234497,224,529,512,512
4.588740587234497,224,529,512,512
4.604511976242065,224,529,512,512
4.604511976242065,224,529,512,512
4.604511976242065,224,529,512,512
4.604511976242065,224,530,512,512
4.604511976242065,223,530,512,512
4.604511976242065,223,529,512,512
4.604511976242065,223,529,512,512
4.604511976242065,223,529,512,512
4.604511976242065,223,529,512,512
4.604511976242065,224,530,512,512
4.604511976242065,223,530,512,512
4.604511976242065,223,530,512,512
4.604511976242065,223,529,512,512
4.604511976242065,223,529,512,512
4.604511976242065,223,529,512,512
4.604511976242065,223,528,512,512
4.604511976242065,223,528,512,512
4.604511976242065,223,530,512,512
4.604511976242065,223,529,512,512
4.620154857635498,223,529,512,512
4.620154857635498,223,529,512,512
4.620154857635498,223,529,512,512
4.620154857635498,223,529,512,512
4.620154857635498,223,529,512,512
4.62438178062439,223,530,512,512
4.62438178062439,223,530,512,512
4.6263909339904785,223,530,512,512
4.6263909339904785,223,529,512,512
4.6263909339904785,223,529,512,512
4.628419399261475,223,529,512,512
4.628419399261475,223,529,512,512
4.628419399261475,223,529,512,512
4.628419399261475,223,530,512,512
4.632333517074585,223,529,512,512
4.632333517074585,223,529,512,512
4.634340286254883,223,530,512,512
4.634340286254883,223,529,512,512
4.634340286254883,223,529,512,512
4.6360838413238525,223,530,512,512
4.6360838413238525,223,530,512,512
4.638086557388306,223,530,512,512
4.638086557388306,223,529,512,512
4.640095949172974,223,529,512,512
4.640095949172974,223,529,512,512
4.6420979499816895,223,529,512,512
4.6420979499816895,223,529,512,512
4.644099712371826,223,530,512,512
4.644099712371826,223,530,512,512
4.644099712371826,223,530,512,512
4.644099712371826,223,529,512,512
4.644099712371826,223,529,512,512
4.644099712371826,223,529,512,512
4.644099712371826,224,529,512,512
4.644099712371826,224,530,512,512
4.644099712371826,224,530,512,512
4.644099712371826,224,529,512,512
4.651787996292114,224,530,512,512
4.652228593826294,224,530,512,512
4.652228593826294,224,529,512,512
4.652228593826294,224,529,512,512
4.652228593826294,224,530,512,512
4.652228593826294,224,530,512,512
4.652228593826294,224,529,512,512
4.652228593826294,224,528,512,512
4.652228593826294,224,529,512,512
4.652228593826294,224,529,512,512
4.652228593826294,224,529,512,512
4.652228593826294,224,530,512,512
4.652228593826294,224,530,512,512
4.652228593826294,225,530,512,512
4.652228593826294,225,529,512,512
4.652228593826294,225,529,512,512
4.652228593826294,225,529,512,512
4.652228593826294,225,529,512,512
4.652228593826294,225,530,512,512
4.6674885749816895,225,530,512,512
4.6674885749816895,225,529,512,512
4.6674885749816895,225,529,512,512
4.6674885749816895,224,529,512,512
4.6674885749816895,224,529,512,512
4.6674885749816895,224,529,512,512
4.6674885749816895,225,530,512,512
4.6674885749816895,225,530,512,512
4.6674885749816895,225,530,512,512
4.6674885749816895,225,529,512,512
4.6674885749816895,225,529,512,512
4.6674885749816895,224,529,512,512
4.6674885749816895,224,529,512,512
4.6674885749816895,225,529,512,512
4.6674885749816895,225,530,512,512
4.6674885749816895,225,530,512,512
4.6674885749816895,225,529,512,512
4.6674885749816895,225,529,512,512
4.683260440826416,225,529,512,512
4.684113025665283,225,528,512,512
4.684113025665283,225,529,512,512
4.684113025665283,225,530,512,512
4.684113025665283,224,530,512,512
4.684113025665283,224,529,512,512
4.684113025665283,225,529,512,512
4.684113025665283,224,529,512,512
4.684113025665283,225,529,512,512
4.684113025665283,225,529,512,512
4.684113025665283,225,530,512,512
4.684113025665283,225,530,512,512
4.684113025665283,225,529,512,512
4.684113025665283,225,529,512,512
4.684113025665283,225,529,512,512
4.684113025665283,224,528,512,512
4.684113025665283,224,528,512,512
4.684113025665283,224,529,512,512
4.698922395706177,224,529,512,512
4.698922395706177,224,529,512,512
4.698922395706177,224,529,512,512
4.700848579406738,224,529,512,512
4.70210337638855,224,529,512,512
4.7029876708984375,224,529,512,512
4.703248977661133,224,530,512,512
4.7042577266693115,224,530,512,512
4.705258846282959,224,530,512,512
4.706258535385132,224,529,512,512
4.7071874141693115,224,529,512,512
4.7071874141693115,224,529,512,512
4.708383798599243,223,529,512,512
4.709381341934204,223,529,512,512
4.7103941440582275,223,530,512,512
4.711380481719971,223,530,512,512
4.712378978729248,223,529,512,512
4.713388919830322,223,529,512,512
4.713388919830322,224,529,512,512
4.714378833770752,223,529,512,512
4.715380430221558,223,529,512,512
4.716380596160889,223,530,512,512
4.717381238937378,223,530,512,512
4.717381238937378,223,529,512,512
4.718379974365234,223,529,512,512
4.7200775146484375,223,529,512,512
4.720342636108398,223,529,512,512
4.721362352371216,223,529,512,512
4.72235631942749,223,530,512,512
4.723358154296875,223,530,512,512
4.72370982170105,223,529,512,512
4.72370982170105,223,529,512,512
4.72370982170105,223,529,512,512
4.72370982170105,223,529,512,512
4.72370982170105,223,529,512,512
4.72370982170105,223,530,512,512
4.72370982170105,223,530,512,512
4.72370982170105,223,529,512,512
4.72370982170105,223,529,512,512
4.72370982170105,223,529,512,512
4.72370982170105,223,529,512,512
4.72370982170105,223,529,512,512
4.72370982170105,223,530,512,512
4.72370982170105,223,530,512,512
4.72370982170105,223,529,512,512
4.72370982170105,223,529,512,512
4.72370982170105,223,529,512,512
4.72370982170105,223,528,512,512
4.739665508270264,223,528,512,512
4.739665508270264,223,529,512,512
4.7412707805633545,223,530,512,512
4.7412707805633545,223,529,512,512
4.7412707805633545,223,529,512,512
4.7412707805633545,223,529,512,512
4.7412707805633545,223,529,512,512
4.7412707805633545,223,529,512,512
4.7412707805633545,224,529,512,512
4.7412707805633545,224,530,512,512
4.7412707805633545,224,530,512,512
4.7412707805633545,224,529,512,512
4.7412707805633545,224,529,512,512
4.7412707805633545,224,529,512,512
4.7412707805633545,224,529,512,512
4.7412707805633545,224,529,512,512
4.7412707805633545,224,530,512,512
4.7412707805633545,224,530,512,512
4.755040645599365,224,529,512,512
4.755040645599365,224,529,512,512
4.755040645599365,224,529,512,512
4.755040645599365,224,529,512,512
4.755040645599365,224,529,512,512
4.755040645599365,224,530,512,512
4.755040645599365,224,530,512,512
4.755040645599365,224,530,512,512
4.755040645599365,224,529,512,512
4.755040645599365,224,529,512,512
4.755040645599365,225,528,512,512
4.755040645599365,225,528,512,512
4.755040645599365,225,529,512,512
4.755040645599365,225,529,512,512
4.755040645599365,225,529,512,512
4.755040645599365,225,528,512,512
4.755040645599365,225,529,512,512
4.755040645599365,225,528,512,512
4.755040645599365,225,528,512,512
4.770760774612427,225,529,512,512
4.770760774612427,225,530,512,512
4.770760774612427,225,529,512,512
4.770760774612427,225,529,512,512
4.774450063705444,225,529,512,512
4.774685621261597,225,528,512,512
4.774685621261597,225,528,512,512
4.774685621261597,225,528,512,512
4.774685621261597,225,529,512,512
4.774685621261597,225,528,512,512
4.774685621261597,225,527,512,512
4.774685621261597,225,527,512,512
4.774685621261597,225,528,512,512
4.774685621261597,225,528,512,512
4.774685621261597,225,528,512,512
4.774685621261597,225,529,512,512
4.774685621261597,225,529,512,512
4.774685621261597,225,529,512,512
4.78644323348999,225,528,512,512
4.78644323348999,224,529,512,512
4.78644323348999,224,528,512,512
4.78644323348999,225,529,512,512
4.78644323348999,225,529,512,512
4.78644323348999,225,529,512,512
4.78644323348999,225,528,512,512
4.78644323348999,224,528,512,512
4.78644323348999,224,528,512,512
4.78644323348999,224,528,512,512
4.78644323348999,224,528,512,512
4.78644323348999,224,530,512,512
4.78644323348999,224,529,512,512
4.78644323348999,224,529,512,512
4.78644323348999,224,528,512,512
4.78644323348999,224,528,512,512
4.78644323348999,224,528,512,512
4.78644323348999,224,528,512,512
4.78644323348999,224,529,512,512
4.8021392822265625,224,529,512,512
4.8035242557525635,224,529,512,512
4.8037683963775635,224,529,512,512
4.8037683963775635,224,529,512,512
4.8037683963775635,224,529,512,512
4.8037683963775635,224,528,512,512
4.8037683963775635,224,529,512,512
4.8037683963775635,224,530,512,512
4.8037683963775635,224,529,512,512
4.8037683963775635,224,528,512,512
4.8037683963775635,224,529,512,512
4.8037683963775635,224,529,512,512
4.8037683963775635,224,528,512,512
4.8037683963775635,224,529,512,512
4.8037683963775635,224,530,512,512
4.8037683963775635,224,529,512,512
4.8037683963775635,224,528,512,512
4.8037683963775635,224,528,512,512
4.817827463150024,224,528,512,512
4.817827463150024,224,528,512,512
4.817827463150024,223,528,512,512
4.817827463150024,223,529,512,512
4.817827463150024,223,529,512,512
4.817827463150024,223,528,512,512
4.817827463150024,223,528,512,512
4.817827463150024,223,528,512,512
4.817827463150024,224,528,512,512
4.817827463150024,224,529,512,512
4.817827463150024,224,530,512,512
4.817827463150024,224,530,512,512
4.817827463150024,224,529,512,512
4.817827463150024,224,529,512,512
4.817827463150024,223,529,512,512
4.817827463150024,223,528,512,512
4.817827463150024,223,529,512,512
4.817827463150024,223,529,512,512
4.817827463150024,223,530,512,512
4.833661079406738,223,529,512,512
4.834932088851929,223,529,512,512
4.835407495498657,223,529,512,512
4.835407495498657,223,528,512,512
4.835407495498657,223,529,512,512
4.835407495498657,223,529,512,512
4.835407495498657,224,530,512,512
4.835407495498657,224,529,512,512
4.835407495498657,224,529,512,512
4.835407495498657,224,529,512,512
4.835407495498657,224,529,512,512
4.835407495498657,224,528,512,512
4.835407495498657,224,529,512,512
4.835407495498657,224,530,512,512
4.835407495498657,224,529,512,512
4.835407495498657,224,529,512,512
4.835407495498657,224,529,512,512
4.835407495498657,224,529,512,512
4.849463939666748,224,529,512,512
4.849463939666748,224,529,512,512
4.849463939666748,224,530,512,512
4.849463939666748,224,529,512,512
4.849463939666748,224,529,512,512
4.849463939666748,224,529,512,512
4.849463939666748,224,529,512,512
4.849463939666748,224,529,512,512
4.849463939666748,224,529,512,512
4.849463939666748,225,530,512,512
4.849463939666748,224,529,512,512
4.849463939666748,224,528,512,512
4.849463939666748,224,528,512,512
4.849463939666748,224,528,512,512
4.849463939666748,224,528,512,512
4.849463939666748,225,528,512,512
4.849463939666748,225,529,512,512
4.849463939666748,225,529,512,512
4.849463939666748,224,529,512,512
4.865149259567261,224,529,512,512
4.866057395935059,224,529,512,512
4.866057395935059,224,529,512,512
4.866057395935059,224,529,512,512
4.866057395935059,225,529,512,512
4.866057395935059,225,530,512,512
4.866057395935059,225,529,512,512
4.866057395935059,225,529,512,512
4.866057395935059,225,529,512,512
4.866057395935059,225,529,512,512
4.866057395935059,225,529,512,512
4.866057395935059,225,529,512,512
4.866057395935059,225,530,512,512
4.866057395935059,225,529,512,512
4.866057395935059,225,529,512,512
4.866057395935059,225,529,512,512
4.866057395935059,224,529,512,512
4.866057395935059,224,529,512,512
4.866057395935059,224,529,512,512
4.881875514984131,224,530,512,512
4.88245415687561,224,529,512,512
4.88245415687561,224,529,512,512
4.88245415687561,224,529,512,512
4.88245415687561,224,528,512,512
4.88245415687561,224,528,512,512
4.88245415687561,224,529,512,512
4.88245415687561,224,529,512,512
4.88245415687561,224,529,512,512
4.88245415687561,224,529,512,512
4.88245415687561,224,529,512,512
4.88245415687561,224,529,512,512
4.88245415687561,224,528,512,512
4.88245415687561,224,529,512,512
4.88245415687561,225,529,512,512
4.88245415687561,225,529,512,512
4.88245415687561,225,529,512,512
4.88245415687561,225,528,512,512
4.896920442581177,225,528,512,512
4.896920442581177,224,528,512,512
4.896920442581177,224,528,512,512
4.896920442581177,224,529,512,512
4.896920442581177,224,529,512,512
4.896920442581177,224,528,512,512
4.896920442581177,224,528,512,512
4.896920442581177,224,528,512,512
4.896920442581177,224,529,512,512
4.896920442581177,224,529,512,512
4.896920442581177,224,530,512,512
4.896920442581177,224,530,512,512
4.896920442581177,224,529,512,512
4.896920442581177,224,529,512,512
4.896920442581177,224,529,512,512
4.896920442581177,224,529,512,512
4.896920442581177,224,528,512,512
4.896920442581177,224,529,512,512
4.896920442581177,224,530,512,512
4.912736654281616,224,529,512,512
4.912736654281616,224,529,512,512
4.912736654281616,224,529,512,512
4.912736654281616,224,529,512,512
4.912736654281616,224,529,512,512
4.912736654281616,224,529,512,512
4.912736654281616,224,530,512,512
4.912736654281616,224,529,512,512
4.912736654281616,224,528,512,512
4.912736654281616,224,528,512,512
4.912736654281616,224,529,512,512
4.912736654281616,224,528,512,512
4.912736654281616,224,529,512,512
4.912736654281616,224,530,512,512
4.912736654281616,224,529,512,512
4.912736654281616,224,529,512,512
4.912736654281616,224,529,512,512
4.912736654281616,224,529,512,512
4.928566932678223,224,528,512,512
4.928566932678223,224,528,512,512
4.928566932678223,224,529,512,512
4.928566932678223,224,530,512,512
4.928566932678223,224,529,512,512
4.928566932678223,224,529,512,512
4.928566932678223,224,529,512,512
4.928566932678223,224,529,512,512
4.928566932678223,224,529,512,512
4.928566932678223,224,530,512,512
4.928566932678223,224,530,512,512
4.928566932678223,224,529,512,512
4.928566932678223,224,528,512,512
4.928566932678223,224,528,512,512
4.928566932678223,224,528,512,512
4.928566932678223,224,528,512,512
4.928566932678223,224,529,512,512
4.928566932678223,224,529,512,512
4.928566932678223,224,529,512,512
4.944389820098877,224,529,512,512
4.944389820098877,224,529,512,512
4.944389820098877,224,529,512,512
4.944389820098877,224,529,512,512
4.944389820098877,224,529,512,512
4.944389820098877,224,530,512,512
4.944389820098877,224,530,512,512
4.944389820098877,224,529,512,512
4.944389820098877,224,529,512,512
4.944389820098877,224,529,512,512
4.944389820098877,224,528,512,512
4.944389820098877,224,529,512,512
4.944389820098877,224,530,512,512
4.944389820098877,224,530,512,512
4.944389820098877,224,529,512,512
4.944389820098877,224,529,512,512
4.944389820098877,224,529,512,512
4.944389820098877,224,528,512,512
4.944389820098877,224,529,512,512
4.960185527801514,225,530,512,512
4.961573839187622,224,529,512,512
4.961573839187622,224,529,512,512
4.961573839187622,224,528,512,512
4.961573839187622,224,529,512,512
4.961573839187622,224,528,512,512
4.961573839187622,225,529,512,512
4.961573839187622,225,530,512,512
4.961573839187622,225,530,512,512
4.961573839187622,225,529,512,512
4.961573839187622,225,529,512,512
4.961573839187622,224,529,512,512
4.961573839187622,224,529,512,512
4.961573839187622,224,529,512,512
4.961573839187622,224,529,512,512
4.973555088043213,224,529,512,512
4.974309682846069,225,529,512,512
4.974309682846069,225,528,512,512
4.975322008132935,225,529,512,512
4.976485252380371,225,529,512,512
4.977496147155762,225,528,512,512
4.978495359420776,225,529,512,512
4.979495286941528,225,529,512,512
4.979495286941528,225,528,512,512
4.98049521446228,225,528,512,512
4.981874465942383,225,528,512,512
4.982883453369141,225,528,512,512
4.982883453369141,224,528,512,512
4.983885049819946,224,528,512,512
4.984884023666382,224,530,512,512
4.985883712768555,224,529,512,512
4.9868834018707275,224,529,512,512
4.987884759902954,224,529,512,512
4.987884759902954,224,529,512,512
4.98988676071167,224,529,512,512
4.990472793579102,224,529,512,512
4.990472793579102,224,530,512,512
4.991724729537964,224,529,512,512
4.992719411849976,224,529,512,512
4.993718862533569,224,529,512,512
4.994718790054321,224,529,512,512
4.994718790054321,224,528,512,512
4.995718717575073,224,529,512,512
4.99671745300293,224,530,512,512
4.998213768005371,224,530,512,512
4.998716115951538,224,529,512,512
4.999727249145508,224,529,512,512
5.000727653503418,224,529,512,512
5.000727653503418,224,529,512,512
5.00172758102417,224,529,512,512
5.002727270126343,224,530,512,512
5.003727197647095,224,530,512,512
5.004727125167847,224,529,512,512
5.006729364395142,224,529,512,512
5.006729364395142,224,529,512,512
5.006729364395142,224,528,512,512
5.006729364395142,224,528,512,512
5.006729364395142,224,529,512,512
5.006729364395142,224,530,512,512
5.006729364395142,224,529,512,512
5.006729364395142,224,529,512,512
5.006729364395142,224,529,512,512
5.006729364395142,224,529,512,512
5.006729364395142,224,528,512,512
5.006729364395142,224,529,512,512
5.006729364395142,224,530,512,512
5.006729364395142,224,529,512,512
5.006729364395142,224,528,512,512
5.006729364395142,224,528,512,512
5.006729364395142,224,528,512,512
5.006729364395142,224,528,512,512
5.006729364395142,224,528,512,512
5.006729364395142,224,529,512,512
5.022514581680298,224,528,512,512
5.023493766784668,224,528,512,512
5.024508953094482,224,528,512,512
5.025302171707153,224,529,512,512
5.026371955871582,224,529,512,512
5.026371955871582,224,529,512,512
5.027387380599976,224,530,512,512
5.028385877609253,224,530,512,512
5.029434680938721,224,529,512,512
5.030383348464966,224,529,512,512
5.031381607055664,224,529,512,512
5.031381607055664,224,529,512,512
5.032381057739258,224,529,512,512
5.033381462097168,224,530,512,512
5.03438138961792,224,529,512,512
5.035381317138672,224,529,512,512
5.036381244659424,224,529,512,512
5.037383079528809,224,529,512,512
5.0383827686309814,224,529,512,512
5.0383827686309814,224,529,512,512
5.039383411407471,224,529,512,512
5.0407633781433105,224,530,512,512
5.0407633781433105,224,529,512,512
5.041846990585327,224,529,512,512
5.0434205532073975,224,529,512,512
5.0434205532073975,223,529,512,512
5.0444276332855225,223,529,512,512
5.045429944992065,223,529,512,512
5.046429634094238,223,530,512,512
5.047430038452148,223,529,512,512
5.048429727554321,223,529,512,512
5.049432277679443,223,529,512,512
5.049432277679443,224,528,512,512
5.05043363571167,224,528,512,512
5.051431655883789,224,529,512,512
5.052431583404541,224,530,512,512
5.053431272506714,224,530,512,512
5.054432392120361,224,529,512,512
5.054432392120361,224,529,512,512
5.055432319641113,224,529,512,512
5.056429862976074,224,529,512,512
5.057086944580078,224,529,512,512
5.058330297470093,224,530,512,512
5.05943751335144,224,529,512,512
5.0603227615356445,224,528,512,512
5.061357259750366,224,528,512,512
5.061357259750366,224,528,512,512
5.062356472015381,224,528,512,512
5.063356161117554,224,528,512,512
5.064356088638306,224,529,512,512
5.0653533935546875,224,529,512,512
5.06635308265686,224,529,512,512
5.06635308265686,224,529,512,512
5.067357063293457,224,529,512,512
5.068355560302734,224,529,512,512
5.069354295730591,224,529,512,512
5.070354461669922,224,530,512,512
5.071355104446411,224,530,512,512
5.0723583698272705,224,529,512,512
5.073355436325073,224,529,512,512
5.073355436325073,224,529,512,512
5.073355436325073,224,529,512,512
5.073355436325073,224,529,512,512
5.073355436325073,225,530,512,512
5.073355436325073,224,530,512,512
5.073355436325073,224,529,512,512
5.073355436325073,224,529,512,512
5.073355436325073,224,529,512,512
5.073355436325073,224,529,512,512
5.073355436325073,224,529,512,512
5.073355436325073,224,530,512,512
5.073355436325073,224,530,512,512
5.073355436325073,225,529,512,512
5.073355436325073,225,528,512,512
5.073355436325073,225,529,512,512
5.073355436325073,225,529,512,512
5.073355436325073,225,528,512,512
5.073355436325073,225,529,512,512
5.089054584503174,225,530,512,512
5.089054584503174,225,529,512,512
5.089054584503174,225,528,512,512
5.089054584503174,225,528,512,512
5.089054584503174,225,528,512,512
5.089054584503174,225,528,512,512
5.089054584503174,225,529,512,512
5.089054584503174,225,530,512,512
5.089054584503174,224,530,512,512
5.089054584503174,224,529,512,512
5.089054584503174,224,529,512,512
5.089054584503174,224,529,512,512
5.089054584503174,225,528,512,512
5.089054584503174,225,528,512,512
5.089054584503174,225,529,512,512
5.089054584503174,224,529,512,512
5.089054584503174,224,528,512,512
5.089054584503174,224,528,512,512
5.089054584503174,224,528,512,512
5.104718446731567,224,528,512,512
5.105687379837036,224,528,512,512
5.107220411300659,224,529,512,512
5.107731819152832,224,530,512,512
5.107731819152832,224,529,512,512
5.107731819152832,224,528,512,512
5.107731819152832,224,529,512,512
5.107731819152832,224,529,512,512
5.107731819152832,224,529,512,512
5.107731819152832,224,529,512,512
5.107731819152832,224,530,512,512
5.107731819152832,224,530,512,512
5.107731819152832,224,529,512,512
5.107731819152832,224,529,512,512
5.107731819152832,224,529,512,512
5.107731819152832,224,528,512,512
5.107731819152832,224,529,512,512
5.107731819152832,224,530,512,512
5.120434045791626,224,529,512,512
5.121590614318848,224,529,512,512
5.121590614318848,224,529,512,512
5.121590614318848,224,529,512,512
5.121590614318848,224,529,512,512
5.121590614318848,224,529,512,512
5.121590614318848,224,530,512,512
5.121590614318848,224,529,512,512
5.121590614318848,224,529,512,512
5.121590614318848,223,529,512,512
5.121590614318848,223,529,512,512
5.121590614318848,223,529,512,512
5.121590614318848,223,529,512,512
5.121590614318848,224,530,512,512
5.121590614318848,224,529,512,512
5.121590614318848,224,529,512,512
5.121590614318848,224,528,512,512
5.121590614318848,224,529,512,512
5.121590614318848,224,528,512,512
5.136291027069092,224,529,512,512
5.136291027069092,224,530,512,512
5.136291027069092,224,530,512,512
5.136291027069092,224,529,512,512
5.136291027069092,223,528,512,512
5.136291027069092,224,528,512,512
5.136291027069092,224,528,512,512
5.136291027069092,224,528,512,512
5.136291027069092,224,529,512,512
5.136291027069092,224,529,512,512
5.136291027069092,224,529,512,512
5.136291027069092,223,529,512,512
5.136291027069092,223,529,512,512
5.136291027069092,223,529,512,512
5.136291027069092,223,529,512,512
5.136291027069092,224,530,512,512
5.136291027069092,224,530,512,512
5.136291027069092,224,529,512,512
5.152089834213257,224,529,512,512
5.152089834213257,224,529,512,512
5.152089834213257,224,529,512,512
5.152089834213257,224,529,512,512
5.152089834213257,224,529,512,512
5.152089834213257,224,530,512,512
5.152089834213257,224,530,512,512
5.152089834213257,224,529,512,512
5.152089834213257,224,529,512,512
5.152089834213257,224,529,512,512
5.152089834213257,224,529,512,512
5.152089834213257,224,529,512,512
5.152089834213257,224,530,512,512
5.152089834213257,224,530,512,512
5.152089834213257,224,529,512,512
5.152089834213257,224,529,512,512
5.152089834213257,224,529,512,512
5.152089834213257,224,529,512,512
5.152089834213257,224,529,512,512
5.168515205383301,224,530,512,512
5.169258117675781,224,530,512,512
5.169633150100708,224,529,512,512
5.169633150100708,224,529,512,512
5.169633150100708,224,529,512,512
5.169633150100708,224,529,512,512
5.169633150100708,225,529,512,512
5.169633150100708,225,530,512,512
5.169633150100708,225,530,512,512
5.169633150100708,225,529,512,512
5.169633150100708,225,529,512,512
5.169633150100708,225,529,512,512
5.169633150100708,225,529,512,512
5.169633150100708,225,529,512,512
5.169633150100708,225,529,512,512
5.169633150100708,225,529,512,512
5.169633150100708,225,529,512,512
5.169633150100708,225,528,512,512
5.183732986450195,224,528,512,512
5.183732986450195,224,528,512,512
5.1851418018341064,224,528,512,512
5.186284065246582,224,529,512,512
5.187032461166382,224,530,512,512
5.187032461166382,224,530,512,512
5.188040494918823,224,529,512,512
5.189040184020996,224,529,512,512
5.190042972564697,225,529,512,512
5.1913416385650635,224,529,512,512
5.1913416385650635,224,530,512,512
5.19234037399292,224,531,512,512
5.193340539932251,224,530,512,512
5.194340229034424,224,530,512,512
5.195340871810913,224,529,512,512
5.196340560913086,224,530,512,512
5.196340560913086,224,529,512,512
5.197340250015259,224,529,512,512
5.198339462280273,225,530,512,512
5.199340581893921,224,530,512,512
5.200341463088989,224,529,512,512
5.20133900642395,224,529,512,512
5.202341318130493,224,529,512,512
5.202341318130493,224,529,512,512
5.204189300537109,224,529,512,512
5.204189300537109,224,530,512,512
5.20520281791687,224,530,512,512
5.206206798553467,224,529,512,512
5.206870079040527,224,529,512,512
5.2078869342803955,224,530,512,512
5.2078869342803955,224,529,512,512
5.2078869342803955,224,529,512,512
5.2078869342803955,224,531,512,512
5.2078869342803955,224,530,512,512
5.2078869342803955,224,530,512,512
5.2078869342803955,224,529,512,512
5.2078869342803955,224,529,512,512
5.2078869342803955,224,529,512,512
5.2078869342803955,224,529,512,512
5.2078869342803955,224,530,512,512
5.2078869342803955,224,530,512,512
5.2078869342803955,224,529,512,512
5.2078869342803955,223,529,512,512
5.2078869342803955,224,529,512,512
5.2078869342803955,223,529,512,512
5.221884489059448,223,529,512,512
5.221884489059448,223,529,512,512
5.221884489059448,223,530,512,512
5.221884489059448,223,529,512,512
5.221884489059448,223,529,512,512
5.221884489059448,223,529,512,512
5.221884489059448,223,529,512,512
5.221884489059448,223,529,512,512
5.221884489059448,223,530,512,512
5.221884489059448,223,531,512,512
5.221884489059448,223,530,512,512
5.221884489059448,223,529,512,512
5.221884489059448,223,529,512,512
5.221884489059448,223,529,512,512
5.221884489059448,223,529,512,512
5.221884489059448,223,529,512,512
5.221884489059448,223,530,512,512
5.221884489059448,223,530,512,512
5.221884489059448,223,530,512,512
5.237659215927124,223,529,512,512
5.237659215927124,223,529,512,512
5.237659215927124,223,529,512,512
5.237659215927124,223,529,512,512
5.237659215927124,223,530,512,512
5.237659215927124,223,530,512,512
5.237659215927124,223,530,512,512
5.237659215927124,223,529,512,512
5.237659215927124,223,530,512,512
5.237659215927124,223,529,512,512
5.237659215927124,223,530,512,512
5.237659215927124,223,530,512,512
5.237659215927124,223,531,512,512
5.237659215927124,223,530,512,512
5.237659215927124,223,529,512,512
5.237659215927124,223,529,512,512
5.237659215927124,223,529,512,512
5.237659215927124,223,529,512,512
5.253402233123779,224,530,512,512
5.253402233123779,224,530,512,512
5.253402233123779,223,530,512,512
5.253402233123779,224,529,512,512
5.253402233123779,224,529,512,512
5.253402233123779,224,530,512,512
5.253402233123779,224,530,512,512
5.253402233123779,224,530,512,512
5.253402233123779,224,531,512,512
5.253402233123779,224,530,512,512
5.253402233123779,224,529,512,512
5.253402233123779,224,529,512,512
5.253402233123779,224,529,512,512
5.253402233123779,224,529,512,512
5.253402233123779,224,529,512,512
5.253402233123779,224,530,512,512
5.253402233123779,224,530,512,512
5.253402233123779,224,529,512,512
5.253402233123779,224,529,512,512
5.269294023513794,224,530,512,512
5.269294023513794,224,529,512,512
5.269294023513794,224,530,512,512
5.269294023513794,224,531,512,512
5.269294023513794,224,530,512,512
5.269294023513794,224,529,512,512
5.269294023513794,224,529,512,512
5.269294023513794,224,529,512,512
5.269294023513794,225,529,512,512
5.269294023513794,225,529,512,512
5.269294023513794,225,530,512,512
5.269294023513794,225,530,512,512
5.269294023513794,225,530,512,512
5.269294023513794,225,529,512,512
5.269294023513794,225,529,512,512
5.269294023513794,225,529,512,512
5.269294023513794,225,529,512,512
5.269294023513794,225,530,512,512
5.269294023513794,225,530,512,512
5.285039663314819,225,529,512,512
5.285039663314819,224,529,512,512
5.285039663314819,224,529,512,512
5.285039663314819,224,529,512,512
5.285039663314819,224,529,512,512
5.285039663314819,224,530,512,512
5.285039663314819,224,530,512,512
5.285039663314819,224,530,512,512
5.285039663314819,225,529,512,512
5.285039663314819,225,529,512,512
5.285039663314819,224,529,512,512
5.285039663314819,224,529,512,512
5.285039663314819,224,529,512,512
5.285039663314819,224,530,512,512
5.285039663314819,224,530,512,512
5.285039663314819,224,529,512,512
5.285039663314819,224,529,512,512
5.285039663314819,224,529,512,512
5.30068564414978,224,528,512,512
5.30068564414978,224,529,512,512
5.30068564414978,224,529,512,512
5.30068564414978,224,529,512,512
5.30068564414978,224,529,512,512
5.30068564414978,223,528,512,512
5.30068564414978,223,529,512,512
5.30068564414978,223,529,512,512
5.30068564414978,223,529,512,512
5.30068564414978,223,530,512,512
5.30068564414978,224,530,512,512
5.30068564414978,224,529,512,512
5.30068564414978,224,529,512,512
5.30068564414978,224,529,512,512
5.30068564414978,224,529,512,512
5.30068564414978,224,529,512,512
5.30068564414978,224,530,512,512
5.30068564414978,224,530,512,512
5.316403150558472,223,529,512,512
5.316403150558472,223,529,512,512
5.316403150558472,224,529,512,512
5.316403150558472,224,529,512,512
5.316403150558472,224,529,512,512
5.316403150558472,224,530,512,512
5.316403150558472,223,530,512,512
5.316403150558472,223,529,512,512
5.316403150558472,223,529,512,512
5.316403150558472,223,529,512,512
5.316403150558472,223,529,512,512
5.316403150558472,223,529,512,512
5.316403150558472,223,530,512,512
5.316403150558472,223,530,512,512
5.316403150558472,223,530,512,512
5.316403150558472,223,529,512,512
5.316403150558472,223,529,512,512
5.316403150558472,223,529,512,512
5.316403150558472,223,529,512,512
5.332077980041504,223,529,512,512
5.332077980041504,223,530,512,512
5.332077980041504,223,530,512,512
5.332077980041504,223,529,512,512
5.332077980041504,223,529,512,512
5.332077980041504,223,529,512,512
5.332077980041504,223,529,512,512
5.332077980041504,223,529,512,512
5.332077980041504,223,530,512,512
5.332077980041504,223,530,512,512
5.332077980041504,223,529,512,512
5.332077980041504,223,529,512,512
5.332077980041504,224,529,512,512
5.332077980041504,224,529,512,512
5.332077980041504,224,529,512,512
5.332077980041504,224,530,512,512
5.332077980041504,224,530,512,512
5.332077980041504,224,529,512,512
5.347773551940918,224,529,512,512
5.348555088043213,224,529,512,512
5.3490705490112305,224,529,512,512
5.3490705490112305,224,529,512,512
5.3490705490112305,224,530,512,512
5.3490705490112305,224,530,512,512
5.3490705490112305,224,530,512,512
5.3490705490112305,224,529,512,512
5.3490705490112305,224,529,512,512
5.3490705490112305,224,529,512,512
5.3490705490112305,224,529,512,512
5.3490705490112305,224,530,512,512
5.3490705490112305,224,531,512,512
5.3490705490112305,224,530,512,512
5.3490705490112305,224,529,512,512
5.3490705490112305,224,530,512,512
5.3490705490112305,224,529,512,512
5.3490705490112305,224,529,512,512
5.3490705490112305,224,530,512,512
5.363430023193359,224,530,512,512
5.363430023193359,224,530,512,512
5.365420341491699,224,529,512,512
5.365420341491699,224,529,512,512
5.3674328327178955,224,529,512,512
5.3674328327178955,224,529,512,512
5.3674328327178955,224,530,512,512
5.3674328327178955,225,530,512,512
5.3674328327178955,225,530,512,512
5.3674328327178955,225,529,512,512
5.3674328327178955,225,529,512,512
5.3674328327178955,225,529,512,512
5.3674328327178955,225,529,512,512
5.3674328327178955,225,530,512,512
5.3674328327178955,225,530,512,512
5.3674328327178955,224,530,512,512
5.3674328327178955,224,529,512,512
5.3674328327178955,224,529,512,512
5.379199981689453,224,529,512,512
5.379199981689453,224,529,512,512
5.379199981689453,224,529,512,512
5.379199981689453,225,530,512,512
5.379199981689453,225,530,512,512
5.379199981689453,225,529,512,512
5.379199981689453,224,528,512,512
5.379199981689453,224,528,512,512
5.379199981689453,224,528,512,512
5.379199981689453,224,528,512,512
5.379199981689453,224,529,512,512
5.379199981689453,224,530,512,512
5.379199981689453,224,529,512,512
5.379199981689453,225,529,512,512
5.379199981689453,224,529,512,512
5.379199981689453,224,529,512,512
5.379199981689453,224,529,512,512
5.379199981689453,224,530,512,512
5.379199981689453,224,530,512,512
5.395074129104614,224,530,512,512
5.395074129104614,224,529,512,512
5.395074129104614,224,529,512,512
5.395074129104614,224,529,512,512
5.395074129104614,224,529,512,512
5.395074129104614,224,529,512,512
5.395074129104614,224,530,512,512
5.395074129104614,224,530,512,512
5.395074129104614,224,529,512,512
5.395074129104614,224,529,512,512
5.395074129104614,224,529,512,512
5.395074129104614,224,529,512,512
5.395074129104614,224,529,512,512
5.395074129104614,224,530,512,512
5.395074129104614,224,530,512,512
5.395074129104614,224,529,512,512
5.395074129104614,224,529,512,512
5.395074129104614,224,529,512,512
5.410806179046631,223,529,512,512
5.410806179046631,223,529,512,512
5.410806179046631,223,530,512,512
5.413356065750122,224,530,512,512
5.41362738609314,224,529,512,512
5.41362738609314,224,529,512,512
5.41362738609314,224,529,512,512
5.41362738609314,224,529,512,512
5.41362738609314,223,529,512,512
5.41362738609314,223,530,512,512
5.41362738609314,223,530,512,512
5.41362738609314,223,529,512,512
5.41362738609314,223,529,512,512
5.41362738609314,223,529,512,512
5.41362738609314,223,529,512,512
5.41362738609314,223,529,512,512
5.41362738609314,223,529,512,512
5.41362738609314,223,530,512,512
5.41362738609314,223,529,512,512
5.426492214202881,223,529,512,512
5.426492214202881,223,529,512,512
5.426492214202881,223,529,512,512
5.426492214202881,223,529,512,512
5.426492214202881,223,530,512,512
5.426492214202881,224,530,512,512
5.426492214202881,224,530,512,512
5.426492214202881,223,529,512,512
5.426492214202881,223,529,512,512
5.426492214202881,223,529,512,512
5.426492214202881,223,529,512,512
5.426492214202881,223,530,512,512
5.426492214202881,223,530,512,512
5.426492214202881,223,530,512,512
5.426492214202881,223,529,512,512
5.426492214202881,224,529,512,512
5.426492214202881,224,529,512,512
5.426492214202881,224,529,512,512
5.426492214202881,224,530,512,512
5.442379474639893,224,530,512,512
5.443983316421509,223,530,512,512
5.4442298412323,223,529,512,512
5.4442298412323,223,529,512,512
5.4442298412323,223,529,512,512
5.4442298412323,224,529,512,512
5.4442298412323,224,529,512,512
5.4442298412323,224,530,512,512
5.4442298412323,224,530,512,512
5.4442298412323,224,529,512,512
5.4442298412323,224,529,512,512
5.4442298412323,224,530,512,512
5.4442298412323,224,529,512,512
5.4442298412323,224,529,512,512
5.4442298412323,224,530,512,512
5.4442298412323,224,530,512,512
5.4442298412323,224,530,512,512
5.4442298412323,224,529,512,512
5.4580957889556885,224,529,512,512
5.4580957889556885,224,529,512,512
5.4580957889556885,224,529,512,512
5.4580957889556885,224,530,512,512
5.4580957889556885,224,530,512,512
5.4580957889556885,224,529,512,512
5.4580957889556885,224,528,512,512
5.4580957889556885,224,528,512,512
5.4580957889556885,224,528,512,512
5.4580957889556885,224,528,512,512
5.4580957889556885,224,529,512,512
5.4580957889556885,224,530,512,512
5.4580957889556885,224,530,512,512
5.4580957889556885,224,529,512,512
5.4580957889556885,224,529,512,512
5.4580957889556885,224,529,512,512
5.4580957889556885,224,529,512,512
5.4580957889556885,224,530,512,512
5.4580957889556885,224,530,512,512
5.473846197128296,224,530,512,512
5.473846197128296,224,529,512,512
5.473846197128296,225,529,512,512
5.473846197128296,224,529,512,512
5.473846197128296,224,529,512,512
5.473846197128296,224,529,512,512
5.473846197128296,224,530,512,512
5.473846197128296,224,530,512,512
5.473846197128296,224,529,512,512
5.473846197128296,224,529,512,512
5.473846197128296,224,529,512,512
5.473846197128296,225,529,512,512
5.473846197128296,225,529,512,512
5.473846197128296,225,530,512,512
5.473846197128296,224,530,512,512
5.473846197128296,224,529,512,512
5.473846197128296,224,529,512,512
5.473846197128296,224,529,512,512
5.489670515060425,224,529,512,512
5.489670515060425,224,529,512,512
5.491153955459595,224,530,512,512
5.491922378540039,224,530,512,512
5.491922378540039,224,529,512,512
5.491922378540039,224,529,512,512
5.491922378540039,224,529,512,512
5.491922378540039,224,529,512,512
5.491922378540039,224,529,512,512
5.491922378540039,224,530,512,512
5.491922378540039,224,530,512,512
5.491922378540039,224,529,512,512
5.491922378540039,224,529,512,512
5.491922378540039,224,529,512,512
5.491922378540039,224,529,512,512
5.491922378540039,224,529,512,512
5.491922378540039,224,529,512,512
5.491922378540039,224,530,512,512
5.491922378540039,224,529,512,512
5.491922378540039,224,528,512,512
5.506880760192871,224,529,512,512
5.506880760192871,224,529,512,512
5.507899284362793,224,528,512,512
5.508896350860596,224,529,512,512
5.5100016593933105,224,530,512,512
5.511025667190552,224,530,512,512
5.511025667190552,224,529,512,512
5.512372255325317,223,529,512,512
5.513383865356445,223,529,512,512
5.51438307762146,224,529,512,512
5.515383005142212,224,529,512,512
5.515383005142212,224,530,512,512
5.516382932662964,224,530,512,512
5.5173845291137695,224,529,512,512
5.518383264541626,224,529,512,512
5.519383430480957,224,529,512,512
5.52038311958313,223,529,512,512
5.52038311958313,223,529,512,512
5.5213823318481445,223,530,512,512
5.522381544113159,223,530,512,512
5.523386240005493,223,529,512,512
5.524705171585083,223,529,512,512
5.525705575942993,224,529,512,512
5.525705575942993,224,529,512,512
5.526705265045166,224,529,512,512
5.5277040004730225,224,529,512,512
5.5289671421051025,224,530,512,512
5.529473781585693,224,530,512,512
5.53048300743103,224,529,512,512
5.531482934951782,224,529,512,512
5.531482934951782,224,529,512,512
5.532482862472534,224,529,512,512
5.5334837436676025,224,529,512,512
5.534483432769775,224,530,512,512
5.535483360290527,223,530,512,512
5.536484003067017,223,529,512,512
5.536484003067017,223,529,512,512
5.5374836921691895,223,529,512,512
5.538482666015625,223,529,512,512
5.540133714675903,223,530,512,512
5.540490388870239,224,531,512,512
5.541506052017212,224,530,512,512
5.542501449584961,224,529,512,512
5.543505668640137,224,529,512,512
5.543505668640137,224,529,512,512
5.544503211975098,224,528,512,512
5.54605507850647,224,529,512,512
5.546312093734741,224,529,512,512
5.547323942184448,224,529,512,512
5.548325300216675,224,529,512,512
5.549324035644531,224,529,512,512
5.549324035644531,224,529,512,512
5.5503249168396,224,529,512,512
5.5513246059417725,224,530,512,512
5.552324533462524,224,530,512,512
5.5533246994018555,224,531,512,512
5.554324388504028,224,530,512,512
5.554324388504028,224,529,512,512
5.556321859359741,224,529,512,512
5.556866884231567,224,529,512,512
5.556866884231567,224,529,512,512
5.556866884231567,224,530,512,512
5.556866884231567,224,530,512,512
5.556866884231567,224,529,512,512
5.556866884231567,224,529,512,512
5.556866884231567,224,529,512,512
5.556866884231567,224,529,512,512
5.556866884231567,224,529,512,512
5.556866884231567,224,530,512,512
5.556866884231567,224,530,512,512
5.556866884231567,224,529,512,512
5.556866884231567,224,529,512,512
5.556866884231567,224,529,512,512
5.556866884231567,224,529,512,512
5.556866884231567,224,529,512,512
5.556866884231567,224,529,512,512
5.556866884231567,224,530,512,512
5.572098016738892,224,530,512,512
5.573116064071655,224,529,512,512
5.574143886566162,224,529,512,512
5.574143886566162,224,529,512,512
5.574143886566162,224,529,512,512
5.574143886566162,224,529,512,512
5.574143886566162,224,530,512,512
5.574143886566162,224,530,512,512
5.574143886566162,224,529,512,512
5.574143886566162,224,529,512,512
5.574143886566162,224,529,512,512
5.574143886566162,224,529,512,512
5.574143886566162,224,529,512,512
5.574143886566162,224,530,512,512
5.574143886566162,224,530,512,512
5.574143886566162,224,528,512,512
5.574143886566162,224,528,512,512
5.574143886566162,224,528,512,512
5.574143886566162,224,528,512,512
5.5879807472229,224,528,512,512
5.5879807472229,224,529,512,512
5.5879807472229,224,530,512,512
5.5879807472229,224,530,512,512
5.5879807472229,224,529,512,512
5.5879807472229,224,529,512,512
5.5879807472229,224,529,512,512
5.5879807472229,224,529,512,512
5.5879807472229,224,530,512,512
5.5879807472229,224,530,512,512
5.5879807472229,224,530,512,512
5.5879807472229,224,529,512,512
5.5879807472229,224,529,512,512
5.5879807472229,224,529,512,512
5.5879807472229,224,529,512,512
5.5879807472229,224,529,512,512
5.5879807472229,224,530,512,512
5.5879807472229,224,530,512,512
5.603739261627197,224,529,512,512
5.603739261627197,224,529,512,512
5.603739261627197,224,529,512,512
5.603739261627197,224,529,512,512
5.603739261627197,224,529,512,512
5.603739261627197,224,530,512,512
5.603739261627197,224,530,512,512
5.603739261627197,224,529,512,512
5.603739261627197,224,529,512,512
5.603739261627197,224,529,512,512
5.603739261627197,224,529,512,512
5.603739261627197,224,529,512,512
5.603739261627197,224,530,512,512
5.603739261627197,224,529,512,512
5.603739261627197,224,528,512,512
5.603739261627197,224,528,512,512
5.603739261627197,224,528,512,512
5.603739261627197,224,528,512,512
5.603739261627197,224,528,512,512
5.6195969581604,224,529,512,512
5.620814561843872,224,529,512,512
5.620814561843872,224,528,512,512
5.620814561843872,224,528,512,512
5.620814561843872,224,528,512,512
5.620814561843872,224,528,512,512
5.620814561843872,224,528,512,512
5.620814561843872,224,529,512,512
5.620814561843872,224,529,512,512
5.620814561843872,224,528,512,512
5.620814561843872,224,528,512,512
5.620814561843872,224,528,512,512
5.620814561843872,224,528,512,512
5.620814561843872,224,528,512,512
5.620814561843872,224,529,512,512
5.620814561843872,224,530,512,512
5.620814561843872,224,529,512,512
5.620814561843872,224,529,512,512
5.635350465774536,224,529,512,512
5.635350465774536,224,529,512,512
5.635350465774536,224,528,512,512
5.635350465774536,224,529,512,512
5.635350465774536,224,530,512,512
5.635350465774536,224,529,512,512
5.635350465774536,224,529,512,512
5.635350465774536,224,529,512,512
5.635350465774536,224,528,512,512
5.635350465774536,224,528,512,512
5.635350465774536,224,529,512,512
5.635350465774536,224,529,512,512
5.635350465774536,224,529,512,512
5.635350465774536,224,528,512,512
5.635350465774536,224,528,512,512
5.635350465774536,224,528,512,512
5.635350465774536,224,528,512,512
5.635350465774536,224,529,512,512
5.635350465774536,224,529,512,512
5.65104866027832,224,529,512,512
5.65104866027832,224,529,512,512
5.65104866027832,225,528,512,512
5.65104866027832,225,528,512,512
5.65104866027832,225,528,512,512
5.65104866027832,225,529,512,512
5.65104866027832,225,530,512,512
5.65104866027832,224,530,512,512
5.65104866027832,224,529,512,512
5.65104866027832,224,529,512,512
5.65104866027832,225,529,512,512
5.65104866027832,225,528,512,512
5.65104866027832,225,529,512,512
5.65104866027832,225,529,512,512
5.65104866027832,225,530,512,512
5.65104866027832,225,529,512,512
5.65104866027832,225,528,512,512
5.65104866027832,225,528,512,512
5.66676139831543,225,528,512,512
5.66676139831543,225,528,512,512
5.66676139831543,225,528,512,512
5.66676139831543,225,529,512,512
5.66676139831543,225,529,512,512
5.66676139831543,224,528,512,512
5.66676139831543,224,529,512,512
5.66676139831543,224,529,512,512
5.66676139831543,224,529,512,512
5.66676139831543,224,529,512,512
5.66676139831543,224,530,512,512
5.66676139831543,224,529,512,512
5.66676139831543,225,528,512,512
5.66676139831543,225,528,512,512
5.66676139831543,225,528,512,512
5.66676139831543,225,528,512,512
5.66676139831543,225,529,512,512
5.66676139831543,225,530,512,512
5.66676139831543,225,529,512,512
5.682437419891357,224,529,512,512
5.683642148971558,224,528,512,512
5.68462061882019,224,529,512,512
5.685380458831787,224,528,512,512
5.686394691467285,225,528,512,512
5.686394691467285,225,530,512,512
5.6873908042907715,224,530,512,512
5.68839430809021,224,529,512,512
5.68939208984375,224,529,512,512
5.690265417098999,224,529,512,512
5.691453695297241,224,528,512,512
5.691453695297241,224,528,512,512
5.692450761795044,224,529,512,512
5.693451166152954,225,529,512,512
5.694450855255127,225,529,512,512
5.695450782775879,225,528,512,512
5.69645094871521,225,529,512,512
5.69645094871521,224,528,512,512
5.697451114654541,224,528,512,512
5.698448419570923,224,529,512,512
5.699456453323364,224,530,512,512
5.7004523277282715,224,529,512,512
5.701454162597656,224,529,512,512
5.702453136444092,224,529,512,512
5.702453136444092,224,528,512,512
5.7034525871276855,224,528,512,512
5.704450845718384,224,528,512,512
5.7054502964019775,224,529,512,512
5.706449270248413,224,529,512,512
5.706449270248413,224,528,512,512
5.706449270248413,224,528,512,512
5.709222316741943,224,528,512,512
5.709222316741943,224,528,512,512
5.709222316741943,224,528,512,512
5.711230278015137,224,529,512,512
5.711230278015137,224,529,512,512
5.713236093521118,224,529,512,512
5.713236093521118,224,529,512,512
5.715241193771362,224,529,512,512
5.715241193771362,224,528,512,512
5.715241193771362,224,529,512,512
5.717246770858765,224,529,512,512
5.717246770858765,224,529,512,512
5.719253301620483,224,528,512,512
5.719253301620483,224,528,512,512
5.719253301620483,224,529,512,512
5.721260070800781,223,528,512,512
5.722265720367432,224,529,512,512
5.722265720367432,224,530,512,512
5.722265720367432,224,530,512,512
5.722265720367432,224,529,512,512
5.7257983684539795,224,529,512,512
5.7257983684539795,224,529,512,512
5.7278125286102295,224,529,512,512
5.7278125286102295,224,529,512,512
5.729822874069214,223,530,512,512
5.729822874069214,223,530,512,512
5.729822874069214,223,529,512,512
5.73183274269104,223,529,512,512
5.73183274269104,224,529,512,512
5.733844518661499,224,529,512,512
5.733844518661499,224,528,512,512
5.733844518661499,224,529,512,512
5.733844518661499,224,530,512,512
5.733844518661499,224,529,512,512
5.7379443645477295,224,529,512,512
5.7379443645477295,224,529,512,512
5.7379443645477295,224,529,512,512
5.7379443645477295,224,529,512,512
5.7379443645477295,224,530,512,512
5.7379443645477295,224,530,512,512
5.7379443645477295,224,529,512,512
5.7379443645477295,224,529,512,512
5.744424104690552,224,529,512,512
5.744424104690552,224,528,512,512
5.746431589126587,224,528,512,512
5.746431589126587,224,528,512,512
5.746431589126587,224,529,512,512
5.746431589126587,224,528,512,512
5.746431589126587,224,528,512,512
5.746431589126587,224,528,512,512
5.746431589126587,224,528,512,512
5.746431589126587,224,528,512,512
5.746431589126587,224,529,512,512
5.753990650177002,224,530,512,512
5.753990650177002,224,530,512,512
5.753990650177002,224,529,512,512
5.753990650177002,224,529,512,512
5.753990650177002,224,529,512,512
5.753990650177002,225,529,512,512
5.753990650177002,225,529,512,512
5.753990650177002,225,529,512,512
5.753990650177002,224,530,512,512
5.761426210403442,224,529,512,512
5.761426210403442,224,529,512,512
5.763431549072266,224,529,512,512
5.763431549072266,224,529,512,512
5.765437364578247,224,529,512,512
5.765437364578247,224,529,512,512
5.765437364578247,224,530,512,512
5.767442941665649,224,529,512,512
5.767442941665649,225,528,512,512
5.769448280334473,225,529,512,512
5.769448280334473,224,528,512,512
5.771454572677612,224,528,512,512
5.771454572677612,224,529,512,512
5.771454572677612,224,530,512,512
5.773458480834961,224,529,512,512
5.773458480834961,224,529,512,512
5.775460958480835,224,529,512,512
5.775460958480835,224,528,512,512
5.775460958480835,225,528,512,512
5.775460958480835,225,529,512,512
5.775460958480835,224,530,512,512
5.775460958480835,224,529,512,512
5.775460958480835,224,529,512,512
5.775460958480835,224,529,512,512
5.775460958480835,224,529,512,512
5.775460958480835,224,528,512,512
5.775460958480835,224,529,512,512
5.775460958480835,224,529,512,512
5.785232305526733,224,529,512,512
5.785232305526733,224,528,512,512
5.785232305526733,224,528,512,512
5.785232305526733,224,528,512,512
5.785232305526733,224,528,512,512
5.785232305526733,224,528,512,512
5.785232305526733,224,529,512,512
5.785232305526733,224,529,512,512
5.785232305526733,224,529,512,512
5.785232305526733,224,528,512,512
5.785232305526733,224,529,512,512
5.785232305526733,224,529,512,512
5.785232305526733,224,529,512,512
5.785232305526733,224,530,512,512
5.785232305526733,224,530,512,512
5.785232305526733,224,529,512,512
5.785232305526733,224,529,512,512
5.785232305526733,224,529,512,512
5.8009562492370605,224,529,512,512
5.802014112472534,224,528,512,512
5.802014112472534,224,529,512,512
5.802014112472534,224,529,512,512
5.802014112472534,224,529,512,512
5.802014112472534,224,529,512,512
5.802014112472534,224,529,512,512
5.802014112472534,224,529,512,512
5.802014112472534,224,529,512,512
5.802014112472534,224,529,512,512
5.802014112472534,224,530,512,512
5.802014112472534,224,529,512,512
5.802014112472534,224,528,512,512
5.802014112472534,224,528,512,512
5.802014112472534,223,528,512,512
5.802014112472534,223,528,512,512
5.802014112472534,223,528,512,512
5.802014112472534,223,529,512,512
5.802014112472534,223,529,512,512
5.816601991653442,224,529,512,512
5.816601991653442,224,529,512,512
5.816601991653442,224,529,512,512
5.816601991653442,224,528,512,512
5.816601991653442,224,529,512,512
5.816601991653442,224,529,512,512
5.816601991653442,224,530,512,512
5.816601991653442,224,529,512,512
5.816601991653442,224,529,512,512
5.816601991653442,224,529,512,512
5.816601991653442,224,528,512,512
5.816601991653442,224,528,512,512
5.816601991653442,224,529,512,512
5.816601991653442,224,529,512,512
5.816601991653442,224,528,512,512
5.816601991653442,224,528,512,512
5.816601991653442,224,528,512,512
5.816601991653442,224,528,512,512
5.8323585987091064,224,528,512,512
5.83336615562439,224,529,512,512
5.833619832992554,224,530,512,512
5.833619832992554,224,530,512,512
5.833619832992554,224,529,512,512
5.833619832992554,224,529,512,512
5.833619832992554,224,529,512,512
5.833619832992554,224,529,512,512
5.833619832992554,224,529,512,512
5.840008735656738,224,530,512,512
5.840524911880493,224,529,512,512
5.840524911880493,224,529,512,512
5.840524911880493,224,529,512,512
5.840524911880493,224,529,512,512
5.840524911880493,224,529,512,512
5.840524911880493,224,529,512,512
5.840524911880493,224,530,512,512
5.840524911880493,224,530,512,512
5.840524911880493,224,529,512,512
5.8482232093811035,224,529,512,512
5.8482232093811035,224,529,512,512
5.8482232093811035,225,528,512,512
5.8482232093811035,225,529,512,512
5.8482232093811035,225,530,512,512
5.8482232093811035,225,529,512,512
5.8482232093811035,224,529,512,512
5.8482232093811035,224,529,512,512
5.8482232093811035,224,529,512,512
5.8482232093811035,224,529,512,512
5.8482232093811035,224,529,512,512
5.8482232093811035,224,530,512,512
5.8482232093811035,225,530,512,512
5.8482232093811035,225,529,512,512
5.8482232093811035,225,529,512,512
5.8482232093811035,225,529,512,512
5.8482232093811035,225,529,512,512
5.8482232093811035,224,529,512,512
5.863891363143921,224,530,512,512
5.864989995956421,224,530,512,512
5.865759611129761,224,529,512,512
5.865759611129761,224,528,512,512
5.865759611129761,225,528,512,512
5.865759611129761,224,528,512,512
5.865759611129761,224,528,512,512
5.865759611129761,224,528,512,512
5.865759611129761,224,529,512,512
5.865759611129761,224,528,512,512
5.865759611129761,224,528,512,512
5.865759611129761,224,529,512,512
5.865759611129761,224,529,512,512
5.865759611129761,224,529,512,512
5.865759611129761,224,529,512,512
5.865759611129761,224,530,512,512
5.865759611129761,224,529,512,512
5.865759611129761,224,529,512,512
5.879571437835693,224,529,512,512
5.879571437835693,224,529,512,512
5.879571437835693,224,529,512,512
5.881590366363525,224,529,512,512
5.881590366363525,224,530,512,512
5.883610248565674,224,529,512,512
5.883610248565674,224,528,512,512
5.883610248565674,224,529,512,512
5.8856260776519775,224,529,512,512
5.8856260776519775,224,528,512,512
5.887632608413696,224,529,512,512
5.887632608413696,224,530,512,512
5.887632608413696,224,530,512,512
5.887632608413696,224,529,512,512
5.887632608413696,224,529,512,512
5.887632608413696,224,529,512,512
5.887632608413696,224,528,512,512
5.887632608413696,224,529,512,512
5.887632608413696,224,530,512,512
5.8952672481536865,224,530,512,512
5.8952672481536865,224,529,512,512
5.8952672481536865,224,529,512,512
5.8952672481536865,224,529,512,512
5.8952672481536865,224,528,512,512
5.8952672481536865,224,528,512,512
5.8952672481536865,224,529,512,512
5.8952672481536865,224,530,512,512
5.8952672481536865,224,529,512,512
5.8952672481536865,224,529,512,512
5.8952672481536865,224,529,512,512
5.8952672481536865,224,529,512,512
5.8952672481536865,224,528,512,512
5.8952672481536865,224,529,512,512
5.8952672481536865,224,529,512,512
5.8952672481536865,224,528,512,512
5.8952672481536865,224,528,512,512
5.8952672481536865,224,528,512,512
5.9109132289886475,223,528,512,512
5.9109132289886475,223,528,512,512
5.9109132289886475,223,529,512,512
5.9109132289886475,223,530,512,512
5.9109132289886475,224,529,512,512
5.9109132289886475,224,529,512,512
5.9109132289886475,224,529,512,512
5.9109132289886475,224,529,512,512
5.9109132289886475,224,529,512,512
5.9109132289886475,224,529,512,512
5.9109132289886475,224,530,512,512
5.9109132289886475,224,529,512,512
5.9109132289886475,224,529,512,512
5.9109132289886475,224,529,512,512
5.9109132289886475,224,529,512,512
5.9109132289886475,224,529,512,512
5.9109132289886475,224,529,512,512
5.9109132289886475,224,530,512,512
5.9109132289886475,224,530,512,512
5.926578760147095,224,529,512,512
5.926578760147095,224,529,512,512
5.926578760147095,224,529,512,512
5.926578760147095,224,529,512,512
5.926578760147095,224,529,512,512
5.926578760147095,224,530,512,512
5.926578760147095,224,530,512,512
5.926578760147095,224,529,512,512
5.926578760147095,224,528,512,512
5.926578760147095,224,529,512,512
5.926578760147095,224,528,512,512
5.926578760147095,224,528,512,512
5.926578760147095,224,529,512,512
5.926578760147095,224,530,512,512
5.926578760147095,224,529,512,512
5.926578760147095,224,529,512,512
5.926578760147095,224,529,512,512
5.926578760147095,224,529,512,512
5.942330360412598,224,528,512,512
5.942330360412598,224,529,512,512
5.944001913070679,224,530,512,512
5.944001913070679,224,530,512,512
5.944001913070679,224,529,512,512
5.944001913070679,224,529,512,512
5.944001913070679,224,528,512,512
5.944001913070679,224,528,512,512
5.944001913070679,224,528,512,512
5.944001913070679,224,529,512,512
5.944001913070679,224,529,512,512
5.944001913070679,224,528,512,512
5.944001913070679,224,529,512,512
5.944001913070679,224,529,512,512
5.944001913070679,224,529,512,512
5.944001913070679,224,529,512,512
5.944001913070679,224,530,512,512
5.944001913070679,224,530,512,512
5.944001913070679,224,529,512,512
5.957968235015869,224,529,512,512
5.957968235015869,225,529,512,512
5.957968235015869,225,528,512,512
5.957968235015869,225,529,512,512
5.957968235015869,224,530,512,512
5.957968235015869,224,530,512,512
5.957968235015869,224,529,512,512
5.957968235015869,224,529,512,512
5.957968235015869,224,529,512,512
5.957968235015869,224,529,512,512
5.957968235015869,224,529,512,512
5.957968235015869,224,529,512,512
5.957968235015869,224,529,512,512
5.957968235015869,224,529,512,512
5.957968235015869,224,528,512,512
5.957968235015869,224,529,512,512
5.957968235015869,224,529,512,512
5.957968235015869,224,529,512,512
5.973718166351318,224,529,512,512
5.973718166351318,224,529,512,512
5.973718166351318,224,529,512,512
5.973718166351318,224,528,512,512
5.973718166351318,224,529,512,512
5.973718166351318,224,529,512,512
5.973718166351318,224,529,512,512
5.973718166351318,224,529,512,512
5.973718166351318,224,530,512,512
5.973718166351318,224,529,512,512
5.973718166351318,224,529,512,512
5.973718166351318,224,529,512,512
5.973718166351318,224,529,512,512
5.973718166351318,224,528,512,512
5.973718166351318,224,529,512,512
5.973718166351318,224,530,512,512
5.973718166351318,224,529,512,512
5.973718166351318,224,528,512,512
5.973718166351318,224,528,512,512
5.989403247833252,224,528,512,512
5.989403247833252,224,528,512,512
5.989403247833252,224,528,512,512
5.989403247833252,224,529,512,512
5.989403247833252,224,529,512,512
5.989403247833252,224,529,512,512
5.989403247833252,224,529,512,512
5.989403247833252,224,529,512,512
5.989403247833252,224,529,512,512
5.989403247833252,224,529,512,512
5.989403247833252,224,530,512,512
5.989403247833252,224,530,512,512
5.989403247833252,224,529,512,512
5.989403247833252,224,528,512,512
5.989403247833252,224,529,512,512
5.989403247833252,224,528,512,512
5.989403247833252,224,528,512,512
5.989403247833252,224,529,512,512
6.005138158798218,224,530,512,512
6.005138158798218,224,529,512,512
6.005138158798218,224,529,512,512
6.005138158798218,224,529,512,512
6.005138158798218,224,529,512,512
6.005138158798218,224,529,512,512
6.005138158798218,224,529,512,512
6.005138158798218,224,530,512,512
6.005138158798218,224,529,512,512
6.005138158798218,224,529,512,512
6.005138158798218,224,529,512,512
6.005138158798218,224,529,512,512
6.005138158798218,224,528,512,512
6.005138158798218,224,529,512,512
6.005138158798218,224,530,512,512
6.005138158798218,224,530,512,512
6.005138158798218,224,529,512,512
6.005138158798218,224,529,512,512
6.005138158798218,224,529,512,512
6.021022319793701,224,529,512,512
6.021022319793701,224,529,512,512
6.022802114486694,224,530,512,512
6.023538589477539,224,530,512,512
6.023538589477539,224,529,512,512
6.023538589477539,224,529,512,512
6.023538589477539,224,529,512,512
6.023538589477539,224,529,512,512
6.023538589477539,224,528,512,512
6.023538589477539,224,529,512,512
6.023538589477539,224,529,512,512
6.023538589477539,224,528,512,512
6.023538589477539,224,528,512,512
6.023538589477539,224,528,512,512
6.023538589477539,224,528,512,512
6.023538589477539,224,528,512,512
6.023538589477539,224,529,512,512
6.023538589477539,224,530,512,512
6.023538589477539,224,529,512,512
6.023538589477539,224,529,512,512
6.038514614105225,224,529,512,512
6.038514614105225,224,529,512,512
6.038514614105225,224,529,512,512
6.041086912155151,224,530,512,512
6.0418360233306885,224,531,512,512
6.0418360233306885,224,530,512,512
6.042849063873291,224,529,512,512
6.0438454151153564,224,529,512,512
6.044845104217529,224,529,512,512
6.045845031738281,224,529,512,512
6.04684591293335,224,530,512,512
6.04684591293335,224,531,512,512
6.0478456020355225,224,530,512,512
6.048846483230591,224,529,512,512
6.049845457077026,224,529,512,512
6.0508458614349365,224,529,512,512
6.0518457889556885,224,529,512,512
6.052844285964966,224,529,512,512
6.053843021392822,224,530,512,512
6.053843021392822,224,530,512,512
6.054847478866577,224,529,512,512
6.055847406387329,224,529,512,512
6.0568530559539795,224,530,512,512
6.057223796844482,224,529,512,512
6.058933973312378,224,529,512,512
6.059193134307861,224,530,512,512
6.060204744338989,224,530,512,512
6.061204195022583,224,529,512,512
6.062204599380493,224,529,512,512
6.062204599380493,224,529,512,512
6.063203573226929,224,529,512,512
6.064202547073364,224,529,512,512
6.065204381942749,224,530,512,512
6.066204309463501,224,530,512,512
6.067203998565674,224,530,512,512
6.067203998565674,224,529,512,512
6.068202018737793,224,529,512,512
6.069202661514282,224,529,512,512
6.070213317871094,224,529,512,512
6.07120156288147,224,529,512,512
6.072205305099487,224,530,512,512
6.073204278945923,224,529,512,512
6.074205636978149,224,529,512,512
6.074205636978149,224,530,512,512
6.074205636978149,224,529,512,512
6.074205636978149,224,529,512,512
6.074205636978149,224,530,512,512
6.074205636978149,224,530,512,512
6.074205636978149,224,530,512,512
6.074205636978149,224,529,512,512
6.074205636978149,224,529,512,512
6.074205636978149,224,529,512,512
6.074205636978149,224,529,512,512
6.074205636978149,224,530,512,512
6.074205636978149,224,530,512,512
6.074205636978149,224,530,512,512
6.074205636978149,224,529,512,512
6.074205636978149,224,529,512,512
6.074205636978149,224,529,512,512
6.074205636978149,224,529,512,512
6.074205636978149,224,530,512,512
6.089930295944214,223,530,512,512
6.089930295944214,223,530,512,512
6.089930295944214,223,530,512,512
6.089930295944214,223,529,512,512
6.089930295944214,223,530,512,512
6.089930295944214,223,529,512,512
6.089930295944214,224,530,512,512
6.089930295944214,224,530,512,512
6.089930295944214,223,530,512,512
6.089930295944214,223,529,512,512
6.089930295944214,223,529,512,512
6.089930295944214,223,530,512,512
6.089930295944214,223,529,512,512
6.089930295944214,223,529,512,512
6.089930295944214,223,530,512,512
6.089930295944214,223,530,512,512
6.089930295944214,224,529,512,512
6.089930295944214,224,529,512,512
6.105623960494995,224,529,512,512
6.105623960494995,224,529,512,512
6.107401371002197,224,529,512,512
6.108179092407227,224,530,512,512
6.108179092407227,224,530,512,512
6.108179092407227,224,529,512,512
6.108179092407227,224,529,512,512
6.108179092407227,224,529,512,512
6.108179092407227,224,529,512,512
6.108179092407227,224,529,512,512
6.108179092407227,224,529,512,512
6.108179092407227,224,530,512,512
6.108179092407227,223,530,512,512
6.108179092407227,223,529,512,512
6.108179092407227,223,529,512,512
6.108179092407227,224,529,512,512
6.108179092407227,224,529,512,512
6.108179092407227,224,529,512,512
6.108179092407227,224,530,512,512
6.121272802352905,224,530,512,512
6.122176647186279,224,529,512,512
6.123135089874268,224,529,512,512
6.123135089874268,224,530,512,512
6.123135089874268,224,529,512,512
6.126008987426758,224,530,512,512
6.126008987426758,224,531,512,512
6.126008987426758,224,531,512,512
6.126008987426758,224,530,512,512
6.126008987426758,224,529,512,512
6.126008987426758,224,529,512,512
6.126008987426758,224,529,512,512
6.126008987426758,224,529,512,512
6.126008987426758,224,530,512,512
6.126008987426758,224,530,512,512
6.126008987426758,224,530,512,512
6.126008987426758,224,529,512,512
6.126008987426758,224,529,512,512
6.137000322341919,224,529,512,512
6.137000322341919,224,529,512,512
6.137000322341919,224,530,512,512
6.137000322341919,224,530,512,512
6.137000322341919,224,530,512,512
6.137000322341919,224,529,512,512
6.137000322341919,224,529,512,512
6.137000322341919,224,529,512,512
6.137000322341919,224,529,512,512
6.137000322341919,224,530,512,512
6.137000322341919,224,530,512,512
6.137000322341919,224,530,512,512
6.137000322341919,224,529,512,512
6.137000322341919,224,529,512,512
6.137000322341919,224,529,512,512
6.137000322341919,224,528,512,512
6.137000322341919,224,529,512,512
6.137000322341919,224,529,512,512
6.137000322341919,224,529,512,512
6.152688264846802,224,528,512,512
6.152688264846802,224,528,512,512
6.152688264846802,224,529,512,512
6.152688264846802,224,529,512,512
6.152688264846802,224,530,512,512
6.152688264846802,224,531,512,512
6.152688264846802,224,530,512,512
6.152688264846802,224,529,512,512
6.152688264846802,224,529,512,512
6.152688264846802,224,530,512,512
6.152688264846802,224,529,512,512
6.152688264846802,224,529,512,512
6.152688264846802,224,530,512,512
6.152688264846802,224,530,512,512
6.152688264846802,224,529,512,512
6.152688264846802,224,529,512,512
6.152688264846802,224,529,512,512
6.152688264846802,224,529,512,512
6.16840672492981,224,529,512,512
6.16840672492981,224,530,512,512
6.16840672492981,224,530,512,512
6.16840672492981,224,529,512,512
6.16840672492981,224,529,512,512
6.16840672492981,224,529,512,512
6.16840672492981,224,529,512,512
6.16840672492981,224,529,512,512
6.16840672492981,224,530,512,512
6.16840672492981,223,530,512,512
6.16840672492981,223,529,512,512
6.16840672492981,223,529,512,512
6.16840672492981,224,529,512,512
6.16840672492981,224,529,512,512
6.16840672492981,224,529,512,512
6.16840672492981,223,529,512,512
6.16840672492981,223,530,512,512
6.16840672492981,223,530,512,512
6.16840672492981,223,529,512,512
6.1840784549713135,223,529,512,512
6.185499906539917,224,530,512,512
6.186518430709839,224,529,512,512
6.1872735023498535,224,530,512,512
6.1872735023498535,224,530,512,512
6.188290357589722,224,530,512,512
6.189283132553101,224,529,512,512
6.1900177001953125,224,529,512,512
6.191290855407715,224,529,512,512
6.192288398742676,223,528,512,512
6.192288398742676,223,529,512,512
6.193288087844849,223,530,512,512
6.194288969039917,223,530,512,512
6.195288419723511,223,529,512,512
6.196288347244263,224,529,512,512
6.197288274765015,224,529,512,512
6.198288679122925,224,529,512,512
6.199286222457886,224,529,512,512
6.199286222457886,224,530,512,512
6.200290679931641,223,530,512,512
6.201288938522339,223,530,512,512
6.202288866043091,224,529,512,512
6.203343152999878,224,529,512,512
6.204125881195068,224,529,512,512
6.2051403522491455,224,529,512,512
6.2051403522491455,224,530,512,512
6.206851959228516,224,530,512,512
6.206851959228516,223,530,512,512
6.206851959228516,223,529,512,512
6.206851959228516,223,529,512,512
6.206851959228516,223,529,512,512
6.206851959228516,223,529,512,512
6.206851959228516,224,530,512,512
6.206851959228516,224,530,512,512
6.206851959228516,224,529,512,512
6.206851959228516,224,529,512,512
6.206851959228516,224,529,512,512
6.206851959228516,224,529,512,512
6.206851959228516,223,529,512,512
6.206851959228516,223,530,512,512
6.206851959228516,223,530,512,512
6.206851959228516,223,530,512,512
6.206851959228516,224,529,512,512
6.206851959228516,224,529,512,512
6.222002744674683,224,529,512,512
6.222002744674683,224,529,512,512
6.222002744674683,224,529,512,512
6.222002744674683,224,531,512,512
6.222002744674683,224,530,512,512
6.222002744674683,224,530,512,512
6.222002744674683,224,529,512,512
6.222002744674683,224,529,512,512
6.222002744674683,224,529,512,512
6.222002744674683,224,529,512,512
6.222002744674683,224,529,512,512
6.222002744674683,224,529,512,512
6.222002744674683,224,529,512,512
6.222002744674683,224,528,512,512
6.222002744674683,223,529,512,512
6.222002744674683,223,529,512,512
6.222002744674683,223,529,512,512
6.222002744674683,224,530,512,512
6.222002744674683,224,530,512,512
6.237660884857178,224,529,512,512
6.237660884857178,224,529,512,512
6.237660884857178,224,530,512,512
6.237660884857178,224,529,512,512
6.237660884857178,224,529,512,512
6.237660884857178,224,530,512,512
6.237660884857178,224,530,512,512
6.237660884857178,224,530,512,512
6.237660884857178,224,529,512,512
6.237660884857178,224,529,512,512
6.237660884857178,224,529,512,512
6.237660884857178,224,529,512,512
6.237660884857178,224,529,512,512
6.237660884857178,224,530,512,512
6.237660884857178,224,530,512,512
6.237660884857178,224,529,512,512
6.237660884857178,224,529,512,512
6.237660884857178,224,529,512,512
6.253390312194824,224,529,512,512
6.253390312194824,224,529,512,512
6.253390312194824,224,530,512,512
6.253390312194824,224,530,512,512
6.253390312194824,224,529,512,512
6.253390312194824,224,529,512,512
6.253390312194824,224,529,512,512
6.253390312194824,224,529,512,512
6.253390312194824,224,529,512,512
6.253390312194824,224,530,512,512
6.253390312194824,224,530,512,512
6.253390312194824,224,529,512,512
6.253390312194824,224,529,512,512
6.253390312194824,224,529,512,512
6.253390312194824,224,529,512,512
6.253390312194824,224,529,512,512
6.253390312194824,224,530,512,512
6.253390312194824,224,530,512,512
6.253390312194824,224,529,512,512
6.269255876541138,224,529,512,512
6.270838260650635,224,529,512,512
6.270838260650635,223,529,512,512
6.270838260650635,224,529,512,512
6.270838260650635,223,530,512,512
6.270838260650635,223,530,512,512
6.270838260650635,223,529,512,512
6.270838260650635,224,529,512,512
6.270838260650635,224,529,512,512
6.270838260650635,224,529,512,512
6.270838260650635,224,529,512,512
6.270838260650635,224,530,512,512
6.270838260650635,224,530,512,512
6.270838260650635,224,529,512,512
6.270838260650635,224,529,512,512
6.270838260650635,223,529,512,512
6.270838260650635,223,529,512,512
6.270838260650635,223,529,512,512
6.285039186477661,224,529,512,512
6.285039186477661,224,530,512,512
6.285039186477661,223,530,512,512
6.285039186477661,223,529,512,512
6.285039186477661,223,529,512,512
6.285039186477661,223,529,512,512
6.285039186477661,224,529,512,512
6.285039186477661,224,529,512,512
6.285039186477661,224,530,512,512
6.285039186477661,224,530,512,512
6.285039186477661,224,529,512,512
6.285039186477661,224,529,512,512
6.285039186477661,224,529,512,512
6.285039186477661,224,529,512,512
6.285039186477661,224,529,512,512
6.285039186477661,223,530,512,512
6.285039186477661,223,530,512,512
6.285039186477661,223,529,512,512
6.285039186477661,223,529,512,512
6.301101446151733,223,529,512,512
6.301101446151733,224,529,512,512
6.301101446151733,224,529,512,512
6.301101446151733,224,530,512,512
6.301101446151733,224,530,512,512
6.301101446151733,224,530,512,512
6.301101446151733,224,530,512,512
6.301101446151733,224,530,512,512
6.301101446151733,224,529,512,512
6.301101446151733,224,529,512,512
6.301101446151733,224,530,512,512
6.301101446151733,224,530,512,512
6.301101446151733,224,529,512,512
6.301101446151733,224,528,512,512
6.301101446151733,224,528,512,512
6.301101446151733,224,528,512,512
6.301101446151733,224,528,512,512
6.301101446151733,224,529,512,512
6.301101446151733,224,530,512,512
6.317407846450806,224,530,512,512
6.317979097366333,224,529,512,512
6.317979097366333,224,529,512,512
6.317979097366333,224,529,512,512
6.317979097366333,224,529,512,512
6.317979097366333,224,530,512,512
6.317979097366333,224,530,512,512
6.317979097366333,224,530,512,512
6.317979097366333,224,529,512,512
6.317979097366333,224,529,512,512
6.317979097366333,224,529,512,512
6.317979097366333,224,529,512,512
6.317979097366333,224,529,512,512
6.317979097366333,224,530,512,512
6.317979097366333,224,530,512,512
6.317979097366333,224,529,512,512
6.317979097366333,224,529,512,512
6.317979097366333,224,529,512,512
6.332762718200684,224,529,512,512
6.332762718200684,224,529,512,512
6.334788799285889,224,530,512,512
6.334788799285889,224,530,512,512
6.334788799285889,224,529,512,512
6.334788799285889,224,529,512,512
6.334788799285889,224,529,512,512
6.334788799285889,224,529,512,512
6.334788799285889,224,529,512,512
6.334788799285889,224,530,512,512
6.334788799285889,224,530,512,512
6.334788799285889,224,529,512,512
6.334788799285889,224,529,512,512
6.334788799285889,224,529,512,512
6.334788799285889,224,529,512,512
6.334788799285889,223,529,512,512
6.334788799285889,223,529,512,512
6.334788799285889,223,530,512,512
6.334788799285889,224,530,512,512
6.348617315292358,224,529,512,512
6.348617315292358,224,529,512,512
6.348617315292358,224,529,512,512
6.348617315292358,224,528,512,512
6.348617315292358,224,529,512,512
6.348617315292358,224,529,512,512
6.348617315292358,224,529,512,512
6.348617315292358,224,528,512,512
6.348617315292358,224,528,512,512
6.348617315292358,224,528,512,512
6.348617315292358,224,528,512,512
6.348617315292358,224,529,512,512
6.348617315292358,224,530,512,512
6.348617315292358,224,530,512,512
6.348617315292358,224,529,512,512
6.348617315292358,224,529,512,512
6.348617315292358,224,529,512,512
6.348617315292358,224,529,512,512
6.348617315292358,224,529,512,512
6.36458683013916,224,530,512,512
6.36458683013916,224,530,512,512
6.36458683013916,224,529,512,512
6.367175817489624,224,529,512,512
6.367175817489624,224,529,512,512
6.367175817489624,224,529,512,512
6.367175817489624,224,529,512,512
6.367175817489624,224,530,512,512
6.367175817489624,224,530,512,512
6.367175817489624,224,530,512,512
6.367175817489624,224,529,512,512
6.367175817489624,224,529,512,512
6.367175817489624,224,529,512,512
6.367175817489624,224,529,512,512
6.367175817489624,224,530,512,512
6.367175817489624,224,530,512,512
6.367175817489624,224,530,512,512
6.367175817489624,224,529,512,512
6.3804686069488525,224,529,512,512
6.3804686069488525,224,529,512,512
6.3815882205963135,224,529,512,512
6.3815882205963135,224,529,512,512
6.3815882205963135,224,530,512,512
6.3815882205963135,224,530,512,512
6.384658575057983,224,529,512,512
6.384658575057983,224,529,512,512
6.386680603027344,223,529,512,512
6.386680603027344,223,529,512,512
6.388700246810913,224,530,512,512
6.388700246810913,224,530,512,512
6.390719413757324,224,530,512,512
6.390719413757324,224,529,512,512
6.390719413757324,224,529,512,512
6.392730474472046,224,529,512,512
6.392730474472046,224,528,512,512
6.394739151000977,224,528,512,512
6.394739151000977,224,529,512,512
6.396493434906006,224,529,512,512
6.396493434906006,224,528,512,512
6.396493434906006,224,529,512,512
6.3986287117004395,224,529,512,512
6.3986287117004395,224,529,512,512
6.400636672973633,224,529,512,512
6.400636672973633,224,530,512,512
6.400636672973633,224,530,512,512
6.402644395828247,224,529,512,512
6.402644395828247,224,529,512,512
6.4046525955200195,224,529,512,512
6.4046525955200195,224,529,512,512
6.40666389465332,224,529,512,512
6.40666389465332,224,530,512,512
6.40666389465332,224,530,512,512
6.409011602401733,224,529,512,512
6.409011602401733,224,529,512,512
6.411017656326294,224,529,512,512
6.411017656326294,224,529,512,512
6.412524223327637,224,529,512,512
6.412524223327637,224,529,512,512
6.412524223327637,224,530,512,512
6.412524223327637,224,529,512,512
6.412524223327637,224,529,512,512
6.412524223327637,224,529,512,512
6.412524223327637,224,529,512,512
6.412524223327637,224,529,512,512
6.412524223327637,224,530,512,512
6.412524223327637,224,530,512,512
6.412524223327637,224,530,512,512
6.422067880630493,224,529,512,512
6.422067880630493,224,529,512,512
6.422067880630493,224,529,512,512
6.4239466190338135,224,529,512,512
6.4239466190338135,224,529,512,512
6.425954818725586,224,530,512,512
6.425954818725586,224,530,512,512
6.4279608726501465,224,529,512,512
6.4279608726501465,224,529,512,512
6.4279608726501465,224,529,512,512
6.430461883544922,224,529,512,512
6.430461883544922,224,529,512,512
6.430461883544922,224,530,512,512
6.432467937469482,224,530,512,512
6.432467937469482,224,529,512,512
6.432467937469482,224,529,512,512
6.432467937469482,224,529,512,512
6.432467937469482,224,529,512,512
6.432467937469482,224,529,512,512
6.432467937469482,224,530,512,512
6.432467937469482,224,530,512,512
6.432467937469482,224,530,512,512
6.432467937469482,224,529,512,512
6.432467937469482,224,529,512,512
6.432467937469482,224,529,512,512
6.432467937469482,224,529,512,512
6.444089889526367,224,530,512,512
6.44456148147583,224,530,512,512
6.44456148147583,224,530,512,512
6.44456148147583,224,529,512,512
6.44456148147583,224,529,512,512
6.44456148147583,224,529,512,512
6.44456148147583,224,529,512,512
6.44456148147583,224,530,512,512
6.44456148147583,224,530,512,512
6.44456148147583,224,530,512,512
6.44456148147583,223,529,512,512
6.44456148147583,223,529,512,512
6.44456148147583,223,529,512,512
6.44456148147583,224,529,512,512
6.44456148147583,224,529,512,512
6.44456148147583,224,530,512,512
6.44456148147583,224,529,512,512
6.44456148147583,224,529,512,512
6.44456148147583,224,529,512,512
6.459756374359131,224,529,512,512
6.459756374359131,224,529,512,512
6.459756374359131,224,529,512,512
6.459756374359131,224,530,512,512
6.459756374359131,224,529,512,512
6.459756374359131,224,528,512,512
6.459756374359131,224,528,512,512
6.459756374359131,224,528,512,512
6.459756374359131,224,528,512,512
6.459756374359131,224,528,512,512
6.459756374359131,224,529,512,512
6.459756374359131,224,529,512,512
6.459756374359131,224,528,512,512
6.459756374359131,224,528,512,512
6.459756374359131,224,528,512,512
6.459756374359131,224,527,512,512
6.459756374359131,224,527,512,512
6.459756374359131,224,528,512,512
6.475510597229004,224,529,512,512
6.476365089416504,224,528,512,512
6.476884841918945,224,528,512,512
6.476884841918945,224,528,512,512
6.476884841918945,224,528,512,512
6.476884841918945,224,528,512,512
6.476884841918945,224,529,512,512
6.476884841918945,224,530,512,512
6.476884841918945,224,529,512,512
6.476884841918945,224,529,512,512
6.476884841918945,224,529,512,512
6.476884841918945,224,529,512,512
6.476884841918945,224,528,512,512
6.476884841918945,224,529,512,512
6.476884841918945,224,529,512,512
6.476884841918945,224,529,512,512
6.476884841918945,224,528,512,512
6.476884841918945,224,529,512,512
6.476884841918945,224,529,512,512
6.491182327270508,224,528,512,512
6.491182327270508,224,529,512,512
6.491182327270508,224,529,512,512
6.491182327270508,224,529,512,512
6.491182327270508,224,528,512,512
6.491182327270508,225,528,512,512
6.491182327270508,225,528,512,512
6.491182327270508,225,528,512,512
6.491182327270508,224,528,512,512
6.491182327270508,224,529,512,512
6.491182327270508,224,529,512,512
6.491182327270508,224,529,512,512
6.491182327270508,224,528,512,512
6.491182327270508,224,529,512,512
6.491182327270508,225,528,512,512
6.491182327270508,225,528,512,512
6.491182327270508,224,529,512,512
6.491182327270508,224,529,512,512
6.506830930709839,224,529,512,512
6.507919549942017,224,528,512,512
6.507919549942017,224,529,512,512
6.507919549942017,225,529,512,512
6.507919549942017,225,529,512,512
6.507919549942017,225,529,512,512
6.507919549942017,225,529,512,512
6.507919549942017,224,528,512,512
6.507919549942017,224,528,512,512
6.507919549942017,224,528,512,512
6.507919549942017,224,528,512,512
6.507919549942017,224,528,512,512
6.507919549942017,224,529,512,512
6.507919549942017,224,529,512,512
6.507919549942017,224,529,512,512
6.507919549942017,224,528,512,512
6.507919549942017,224,529,512,512
6.507919549942017,224,529,512,512
6.507919549942017,224,529,512,512
6.52255392074585,224,529,512,512
6.523546457290649,224,530,512,512
6.524531841278076,224,529,512,512
6.526245832443237,224,528,512,512
6.526652574539185,225,528,512,512
6.527405738830566,224,528,512,512
6.527654647827148,224,528,512,512
6.528665065765381,224,529,512,512
6.529663562774658,224,529,512,512
6.530663967132568,224,529,512,512
6.531663656234741,224,528,512,512
6.531663656234741,224,528,512,512
6.53266453742981,224,528,512,512
6.533664703369141,224,528,512,512
6.534665107727051,224,528,512,512
6.535665035247803,224,529,512,512
6.536666393280029,224,529,512,512
6.536666393280029,224,529,512,512
6.53866171836853,224,528,512,512
6.53866171836853,224,529,512,512
6.5402562618255615,224,528,512,512
6.541074991226196,224,528,512,512
6.541074991226196,224,529,512,512
6.542210102081299,224,529,512,512
6.543205499649048,224,529,512,512
6.544496536254883,224,528,512,512
6.545025110244751,224,528,512,512
6.5460357666015625,224,528,512,512
6.547037124633789,224,528,512,512
6.547037124633789,224,529,512,512
6.548036575317383,224,529,512,512
6.549036502838135,224,529,512,512
6.550036430358887,224,528,512,512
6.551036357879639,224,529,512,512
6.5520360469818115,224,528,512,512
6.5520360469818115,224,528,512,512
6.554044485092163,224,528,512,512
6.554044485092163,224,529,512,512
6.555034875869751,224,529,512,512
6.556660890579224,224,528,512,512
6.556660890579224,224,528,512,512
6.5576441287994385,224,528,512,512
6.5576441287994385,224,528,512,512
6.5576441287994385,224,529,512,512
6.5576441287994385,224,530,512,512
6.5576441287994385,224,530,512,512
6.5576441287994385,224,529,512,512
6.5576441287994385,224,529,512,512
6.5576441287994385,224,529,512,512
6.5576441287994385,224,528,512,512
6.5576441287994385,224,529,512,512
6.5576441287994385,224,529,512,512
6.5576441287994385,224,529,512,512
6.5576441287994385,224,529,512,512
6.5576441287994385,224,529,512,512
6.5576441287994385,224,529,512,512
6.5576441287994385,224,529,512,512
6.5576441287994385,224,529,512,512
6.572315692901611,224,530,512,512
6.573284387588501,224,530,512,512
6.5743653774261475,224,529,512,512
6.574867010116577,224,528,512,512
6.575880527496338,224,529,512,512
6.576878070831299,224,529,512,512
6.576878070831299,224,529,512,512
6.577877998352051,224,530,512,512
6.578878402709961,224,530,512,512
6.579878330230713,224,529,512,512
6.580878257751465,224,529,512,512
6.581878185272217,224,529,512,512
6.581878185272217,224,528,512,512
6.582878828048706,224,528,512,512
6.583876609802246,224,529,512,512
6.58487868309021,224,530,512,512
6.585875749588013,224,529,512,512
6.5868752002716064,224,529,512,512
6.587878465652466,224,529,512,512
6.587878465652466,224,529,512,512
6.589884519577026,224,529,512,512
6.589884519577026,224,529,512,512
6.591201066970825,224,530,512,512
6.592020034790039,224,529,512,512
6.593032598495483,224,528,512,512
6.593032598495483,224,528,512,512
6.594029188156128,224,528,512,512
6.595028638839722,224,528,512,512
6.596034288406372,224,528,512,512
6.597032308578491,224,529,512,512
6.5980305671691895,224,529,512,512
6.5980305671691895,224,528,512,512
6.599029541015625,224,528,512,512
6.600029945373535,224,529,512,512
6.601030349731445,224,529,512,512
6.602031230926514,224,529,512,512
6.603031158447266,224,530,512,512
6.604034185409546,224,530,512,512
6.605029106140137,224,529,512,512
6.605029106140137,224,529,512,512
6.606028079986572,224,529,512,512
6.607030153274536,224,528,512,512
6.607030153274536,225,528,512,512
6.607030153274536,224,529,512,512
6.607030153274536,224,530,512,512
6.607030153274536,224,529,512,512
6.607030153274536,224,529,512,512
6.607030153274536,224,529,512,512
6.607030153274536,224,529,512,512
6.607030153274536,224,529,512,512
6.607030153274536,224,529,512,512
6.607030153274536,224,530,512,512
6.607030153274536,224,529,512,512
6.607030153274536,224,529,512,512
6.607030153274536,224,529,512,512
6.607030153274536,224,528,512,512
6.607030153274536,224,528,512,512
6.607030153274536,224,529,512,512
6.607030153274536,224,530,512,512
6.622850179672241,224,529,512,512
6.622850179672241,224,529,512,512
6.622850179672241,224,529,512,512
6.622850179672241,224,529,512,512
6.622850179672241,224,529,512,512
6.622850179672241,224,529,512,512
6.622850179672241,224,530,512,512
6.622850179672241,224,530,512,512
6.622850179672241,224,529,512,512
6.622850179672241,224,529,512,512
6.622850179672241,224,529,512,512
6.622850179672241,224,529,512,512
6.622850179672241,224,529,512,512
6.622850179672241,224,529,512,512
6.622850179672241,224,529,512,512
6.622850179672241,224,528,512,512
6.622850179672241,224,528,512,512
6.622850179672241,224,528,512,512
6.622850179672241,224,528,512,512
6.638514280319214,224,528,512,512
6.638514280319214,224,529,512,512
6.638514280319214,224,530,512,512
6.638514280319214,224,529,512,512
6.638514280319214,224,529,512,512
6.638514280319214,224,529,512,512
6.638514280319214,224,529,512,512
6.638514280319214,224,529,512,512
6.638514280319214,224,529,512,512
6.638514280319214,224,530,512,512
6.638514280319214,224,529,512,512
6.638514280319214,224,528,512,512
6.638514280319214,224,529,512,512
6.638514280319214,224,528,512,512
6.638514280319214,224,528,512,512
6.638514280319214,224,529,512,512
6.638514280319214,224,530,512,512
6.638514280319214,224,529,512,512
6.638514280319214,224,529,512,512
6.654463291168213,224,529,512,512
6.656012773513794,224,528,512,512
6.656012773513794,224,528,512,512
6.657545566558838,224,529,512,512
6.6577911376953125,224,529,512,512
6.6577911376953125,224,530,512,512
6.6577911376953125,224,529,512,512
6.6577911376953125,224,529,512,512
6.6577911376953125,224,529,512,512
6.6577911376953125,224,528,512,512
6.6577911376953125,224,529,512,512
6.6577911376953125,224,530,512,512
6.6577911376953125,224,530,512,512
6.6577911376953125,224,529,512,512
6.6577911376953125,224,529,512,512
6.6577911376953125,224,529,512,512
6.6577911376953125,224,529,512,512
6.6577911376953125,224,529,512,512
6.670125961303711,224,530,512,512
6.670125961303711,224,530,512,512
6.670125961303711,224,529,512,512
6.670125961303711,224,529,512,512
6.670125961303711,224,529,512,512
6.670125961303711,224,528,512,512
6.670125961303711,224,528,512,512
6.670125961303711,224,529,512,512
6.670125961303711,224,529,512,512
6.670125961303711,224,528,512,512
6.670125961303711,224,528,512,512
6.670125961303711,224,528,512,512
6.670125961303711,224,529,512,512
6.670125961303711,224,529,512,512
6.670125961303711,224,530,512,512
6.670125961303711,224,530,512,512
6.670125961303711,224,529,512,512
6.670125961303711,224,529,512,512
6.670125961303711,224,529,512,512
6.6858861446380615,224,529,512,512
6.687359809875488,224,528,512,512
6.68829870223999,224,529,512,512
6.688675165176392,224,530,512,512
6.689689636230469,224,529,512,512
6.689689636230469,224,529,512,512
6.690988779067993,224,529,512,512
6.691985368728638,224,529,512,512
6.6929850578308105,224,528,512,512
6.693985223770142,224,529,512,512
6.6949849128723145,224,530,512,512
6.695986032485962,224,529,512,512
6.696986198425293,224,529,512,512
6.696986198425293,224,529,512,512
6.6979851722717285,224,529,512,512
6.698983669281006,224,529,512,512
6.699982404708862,224,529,512,512
6.700983285903931,224,530,512,512
6.7019829750061035,224,530,512,512
6.7019829750061035,224,529,512,512
6.702983856201172,224,529,512,512
6.70398211479187,224,529,512,512
6.704981565475464,224,529,512,512
6.705774545669556,224,529,512,512
6.706593751907349,224,530,512,512
6.707823276519775,224,530,512,512
6.707823276519775,224,529,512,512
6.707823276519775,224,529,512,512
6.707823276519775,224,529,512,512
6.707823276519775,224,529,512,512
6.707823276519775,224,529,512,512
6.707823276519775,225,529,512,512
6.707823276519775,225,530,512,512
6.707823276519775,225,529,512,512
6.707823276519775,225,528,512,512
6.707823276519775,224,528,512,512
6.707823276519775,224,528,512,512
6.707823276519775,224,528,512,512
6.707823276519775,224,528,512,512
6.707823276519775,224,529,512,512
6.707823276519775,224,529,512,512
6.707823276519775,224,529,512,512
6.721577882766724,224,529,512,512
6.721577882766724,224,529,512,512
6.721577882766724,224,529,512,512
6.721577882766724,224,529,512,512
6.721577882766724,224,530,512,512
6.721577882766724,224,530,512,512
6.721577882766724,224,529,512,512
6.721577882766724,224,529,512,512
6.721577882766724,224,529,512,512
6.721577882766724,224,529,512,512
6.721577882766724,224,529,512,512
6.721577882766724,224,530,512,512
6.721577882766724,224,530,512,512
6.721577882766724,224,529,512,512
6.721577882766724,224,529,512,512
6.721577882766724,224,529,512,512
6.721577882766724,224,529,512,512
6.721577882766724,224,529,512,512
6.737424373626709,224,530,512,512
6.737424373626709,224,530,512,512
6.737424373626709,224,529,512,512
6.737424373626709,224,529,512,512
6.737424373626709,224,529,512,512
6.737424373626709,224,529,512,512
6.737424373626709,224,529,512,512
6.737424373626709,224,530,512,512
6.737424373626709,224,530,512,512
6.737424373626709,224,529,512,512
6.737424373626709,224,529,512,512
6.737424373626709,224,529,512,512
6.737424373626709,224,529,512,512
6.737424373626709,224,528,512,512
6.737424373626709,224,529,512,512
6.737424373626709,224,530,512,512
6.737424373626709,224,529,512,512
6.737424373626709,224,529,512,512
6.737424373626709,224,529,512,512
6.753236532211304,224,529,512,512
6.753236532211304,224,528,512,512
6.753236532211304,224,529,512,512
6.753236532211304,224,529,512,512
6.753236532211304,224,529,512,512
6.753236532211304,224,528,512,512
6.753236532211304,224,528,512,512
6.753236532211304,224,528,512,512
6.753236532211304,224,528,512,512
6.753236532211304,224,529,512,512
6.753236532211304,224,530,512,512
6.753236532211304,224,529,512,512
6.753236532211304,224,529,512,512
6.753236532211304,224,529,512,512
6.753236532211304,224,529,512,512
6.753236532211304,224,529,512,512
6.753236532211304,224,529,512,512
6.753236532211304,224,530,512,512
6.768971681594849,224,529,512,512
6.768971681594849,224,529,512,512
6.768971681594849,224,529,512,512
6.768971681594849,224,529,512,512
6.768971681594849,224,528,512,512
6.768971681594849,224,529,512,512
6.768971681594849,224,529,512,512
6.768971681594849,224,530,512,512
6.768971681594849,224,529,512,512
6.768971681594849,224,529,512,512
6.768971681594849,224,529,512,512
6.768971681594849,224,528,512,512
6.768971681594849,224,528,512,512
6.768971681594849,224,529,512,512
6.768971681594849,224,530,512,512
6.768971681594849,224,529,512,512
6.768971681594849,224,528,512,512
6.768971681594849,224,529,512,512
6.768971681594849,224,528,512,512
6.784627914428711,224,528,512,512
6.784627914428711,224,529,512,512
6.784627914428711,224,530,512,512
6.784627914428711,224,529,512,512
6.784627914428711,224,529,512,512
6.784627914428711,224,529,512,512
6.784627914428711,224,529,512,512
6.784627914428711,224,529,512,512
6.784627914428711,224,529,512,512
6.784627914428711,224,530,512,512
6.784627914428711,224,529,512,512
6.784627914428711,224,529,512,512
6.784627914428711,224,528,512,512
6.784627914428711,224,528,512,512
6.784627914428711,224,528,512,512
6.784627914428711,224,529,512,512
6.784627914428711,224,529,512,512
6.784627914428711,224,529,512,512
6.800463676452637,224,529,512,512
6.800463676452637,224,529,512,512
6.800463676452637,224,529,512,512
6.800463676452637,224,528,512,512
6.800463676452637,224,529,512,512
6.800463676452637,224,530,512,512
6.800463676452637,224,530,512,512
6.800463676452637,224,529,512,512
6.800463676452637,224,529,512,512
6.800463676452637,224,529,512,512
6.800463676452637,224,529,512,512
6.800463676452637,224,529,512,512
6.800463676452637,224,530,512,512
6.800463676452637,224,530,512,512
6.800463676452637,224,529,512,512
6.800463676452637,224,529,512,512
6.800463676452637,224,529,512,512
6.800463676452637,224,529,512,512
6.800463676452637,224,529,512,512
6.816275358200073,224,529,512,512
6.816275358200073,224,530,512,512
6.816275358200073,224,529,512,512
6.816275358200073,224,529,512,512
6.816275358200073,224,529,512,512
6.816275358200073,224,529,512,512
6.816275358200073,224,529,512,512
6.816275358200073,224,529,512,512
6.816275358200073,224,530,512,512
6.816275358200073,224,529,512,512
6.816275358200073,224,529,512,512
6.816275358200073,224,529,512,512
6.816275358200073,225,529,512,512
6.816275358200073,225,528,512,512
6.816275358200073,224,529,512,512
6.816275358200073,224,530,512,512
6.816275358200073,224,529,512,512
6.816275358200073,224,529,512,512
6.832086086273193,224,529,512,512
6.832086086273193,224,529,512,512
6.832086086273193,224,529,512,512
6.832086086273193,224,529,512,512
6.832086086273193,224,529,512,512
6.832086086273193,224,529,512,512
6.832086086273193,224,528,512,512
6.832086086273193,224,528,512,512
6.832086086273193,224,528,512,512
6.832086086273193,224,528,512,512
6.832086086273193,224,528,512,512
6.832086086273193,224,529,512,512
6.832086086273193,224,530,512,512
6.832086086273193,224,529,512,512
6.832086086273193,224,529,512,512
6.832086086273193,224,529,512,512
6.832086086273193,224,529,512,512
6.832086086273193,224,529,512,512
6.832086086273193,224,529,512,512
6.847928047180176,224,530,512,512
6.847928047180176,224,529,512,512
6.847928047180176,224,528,512,512
6.847928047180176,224,529,512,512
6.847928047180176,224,528,512,512
6.847928047180176,224,528,512,512
6.847928047180176,224,529,512,512
6.847928047180176,224,530,512,512
6.847928047180176,224,529,512,512
6.847928047180176,224,529,512,512
6.847928047180176,224,529,512,512
6.847928047180176,224,529,512,512
6.847928047180176,224,528,512,512
6.847928047180176,224,529,512,512
6.847928047180176,224,530,512,512
6.847928047180176,224,529,512,512
6.847928047180176,224,529,512,512
6.847928047180176,224,529,512,512
6.847928047180176,224,529,512,512
6.863989591598511,224,528,512,512
6.863989591598511,224,529,512,512
6.863989591598511,224,530,512,512
6.863989591598511,224,529,512,512
6.863989591598511,224,529,512,512
6.863989591598511,224,529,512,512
6.863989591598511,224,529,512,512
6.863989591598511,224,529,512,512
6.863989591598511,224,529,512,512
6.863989591598511,224,530,512,512
6.863989591598511,224,530,512,512
6.863989591598511,224,529,512,512
6.863989591598511,224,529,512,512
6.863989591598511,224,529,512,512
6.863989591598511,224,528,512,512
6.863989591598511,224,528,512,512
6.863989591598511,224,529,512,512
6.863989591598511,224,529,512,512
6.863989591598511,224,529,512,512
6.879821062088013,224,528,512,512
6.881339073181152,224,529,512,512
6.882099151611328,224,528,512,512
6.882359504699707,224,528,512,512
6.882359504699707,224,529,512,512
6.882359504699707,224,530,512,512
6.882359504699707,224,529,512,512
6.882359504699707,224,528,512,512
6.882359504699707,224,529,512,512
6.882359504699707,224,529,512,512
6.882359504699707,224,529,512,512
6.882359504699707,224,530,512,512
6.882359504699707,224,530,512,512
6.882359504699707,224,530,512,512
6.882359504699707,224,529,512,512
6.882359504699707,224,530,512,512
6.882359504699707,224,530,512,512
6.882359504699707,224,529,512,512
6.895474433898926,224,530,512,512
6.895474433898926,224,531,512,512
6.897495269775391,224,530,512,512
6.897495269775391,224,529,512,512
6.897495269775391,224,529,512,512
6.897495269775391,224,529,512,512
6.897495269775391,224,529,512,512
6.901857137680054,224,529,512,512
6.901857137680054,224,530,512,512
6.901857137680054,224,530,512,512
6.903867483139038,224,530,512,512
6.903867483139038,224,530,512,512
6.905876398086548,224,529,512,512
6.905876398086548,224,529,512,512
6.905876398086548,224,529,512,512
6.907883644104004,224,530,512,512
6.907883644104004,224,530,512,512
6.907883644104004,224,530,512,512
6.9113099575042725,224,529,512,512
6.912080764770508,224,530,512,512
6.9128594398498535,224,529,512,512
6.9128594398498535,224,530,512,512
6.9128594398498535,224,530,512,512
6.9128594398498535,224,530,512,512
6.9128594398498535,224,529,512,512
6.9128594398498535,224,529,512,512
6.9128594398498535,223,529,512,512
6.9128594398498535,223,528,512,512
6.9128594398498535,223,528,512,512
6.9128594398498535,223,529,512,512
6.9128594398498535,223,530,512,512
6.9128594398498535,224,529,512,512
6.9128594398498535,224,529,512,512
6.9128594398498535,223,530,512,512
6.9128594398498535,223,530,512,512
6.9128594398498535,223,529,512,512
6.9128594398498535,223,530,512,512
6.927004337310791,223,530,512,512
6.927004337310791,223,530,512,512
6.927004337310791,223,529,512,512
6.927004337310791,223,529,512,512
6.927004337310791,223,529,512,512
6.927004337310791,224,529,512,512
6.927004337310791,223,530,512,512
6.927004337310791,223,531,512,512
6.927004337310791,223,530,512,512
6.927004337310791,223,529,512,512
6.927004337310791,224,529,512,512
6.927004337310791,223,529,512,512
6.927004337310791,223,529,512,512
6.927004337310791,223,529,512,512
6.927004337310791,223,530,512,512
6.927004337310791,223,530,512,512
6.927004337310791,224,529,512,512
6.927004337310791,224,529,512,512
6.927004337310791,224,529,512,512
6.942877531051636,224,529,512,512
6.942877531051636,224,529,512,512
6.942877531051636,224,530,512,512
6.942877531051636,224,530,512,512
6.942877531051636,224,529,512,512
6.942877531051636,224,529,512,512
6.942877531051636,223,529,512,512
6.942877531051636,223,529,512,512
6.942877531051636,223,529,512,512
6.942877531051636,223,530,512,512
6.942877531051636,223,530,512,512
6.942877531051636,224,529,512,512
6.942877531051636,224,529,512,512
6.942877531051636,224,529,512,512
6.942877531051636,224,529,512,512
6.942877531051636,224,529,512,512
6.942877531051636,224,529,512,512
6.942877531051636,224,530,512,512
6.958651542663574,224,529,512,512
6.958651542663574,224,528,512,512
6.960417985916138,224,529,512,512
6.960665702819824,224,529,512,512
6.960665702819824,224,528,512,512
6.960665702819824,224,529,512,512
6.960665702819824,224,530,512,512
6.960665702819824,223,530,512,512
6.960665702819824,223,529,512,512
6.960665702819824,223,530,512,512
6.960665702819824,223,529,512,512
6.960665702819824,223,529,512,512
6.960665702819824,224,530,512,512
6.960665702819824,224,530,512,512
6.960665702819824,224,530,512,512
6.960665702819824,224,529,512,512
6.960665702819824,224,529,512,512
6.960665702819824,224,529,512,512
6.960665702819824,224,529,512,512
6.974329948425293,224,529,512,512
6.974329948425293,224,530,512,512
6.974329948425293,224,530,512,512
6.974329948425293,224,529,512,512
6.974329948425293,224,529,512,512
6.974329948425293,224,529,512,512
6.974329948425293,224,529,512,512
6.974329948425293,224,529,512,512
6.974329948425293,224,530,512,512
6.974329948425293,224,530,512,512
6.974329948425293,224,530,512,512
6.974329948425293,224,529,512,512
6.974329948425293,224,529,512,512
6.974329948425293,224,529,512,512
6.974329948425293,224,529,512,512
6.974329948425293,224,530,512,512
6.974329948425293,224,530,512,512
6.974329948425293,224,529,512,512
6.990018367767334,224,529,512,512
6.991055727005005,224,529,512,512
6.991546869277954,224,529,512,512
6.991546869277954,224,529,512,512
6.991546869277954,224,530,512,512
6.991546869277954,224,530,512,512
6.991546869277954,224,530,512,512
6.991546869277954,224,529,512,512
6.991546869277954,224,529,512,512
6.991546869277954,224,528,512,512
6.991546869277954,224,528,512,512
6.991546869277954,224,528,512,512
6.991546869277954,224,529,512,512
6.991546869277954,224,529,512,512
6.991546869277954,224,529,512,512
6.991546869277954,224,529,512,512
6.991546869277954,224,529,512,512
6.991546869277954,224,529,512,512
6.991546869277954,224,529,512,512
7.005698204040527,224,530,512,512
7.005698204040527,224,530,512,512
7.005698204040527,224,529,512,512
7.005698204040527,224,529,512,512
7.005698204040527,224,530,512,512
7.005698204040527,224,529,512,512
7.005698204040527,224,529,512,512
7.005698204040527,224,530,512,512
7.005698204040527,224,530,512,512
7.005698204040527,224,529,512,512
7.005698204040527,224,529,512,512
7.005698204040527,224,529,512,512
7.005698204040527,224,529,512,512
7.005698204040527,224,529,512,512
7.005698204040527,224,530,512,512
7.005698204040527,224,530,512,512
7.005698204040527,224,530,512,512
7.005698204040527,224,529,512,512
7.021425485610962,224,529,512,512
7.021425485610962,224,529,512,512
7.021425485610962,224,529,512,512
7.021425485610962,224,530,512,512
7.021425485610962,224,530,512,512
7.021425485610962,224,530,512,512
7.021425485610962,224,529,512,512
7.021425485610962,224,529,512,512
7.021425485610962,223,529,512,512
7.021425485610962,224,529,512,512
7.021425485610962,224,529,512,512
7.021425485610962,224,530,512,512
7.021425485610962,224,529,512,512
7.021425485610962,224,529,512,512
7.021425485610962,224,529,512,512
7.021425485610962,224,529,512,512
7.021425485610962,224,529,512,512
7.021425485610962,224,529,512,512
7.021425485610962,224,530,512,512
7.037542343139648,224,529,512,512
7.038836479187012,224,529,512,512
7.039328575134277,224,528,512,512
7.04128098487854,224,529,512,512
7.04128098487854,224,528,512,512
7.041825771331787,224,529,512,512
7.042923450469971,224,530,512,512
7.0439229011535645,224,530,512,512
7.0439229011535645,224,529,512,512
7.044919729232788,224,529,512,512
7.045858144760132,224,529,512,512
7.04686427116394,224,529,512,512
7.0478644371032715,224,529,512,512
7.048864364624023,224,530,512,512
7.049865245819092,224,530,512,512
7.049865245819092,224,529,512,512
7.0508644580841064,223,529,512,512
7.051864862442017,223,529,512,512
7.052865266799927,223,529,512,512
7.053865909576416,223,529,512,512
7.054864883422852,224,530,512,512
7.054864883422852,224,530,512,512
7.056756019592285,224,530,512,512
7.057310342788696,224,529,512,512
7.057310342788696,224,529,512,512
7.058435440063477,224,529,512,512
7.059438228607178,224,529,512,512
7.060435056686401,224,530,512,512
7.061434984207153,224,530,512,512
7.062601804733276,224,530,512,512
7.063262939453125,224,529,512,512
7.0642712116241455,224,529,512,512
7.0642712116241455,224,529,512,512
7.0652735233306885,224,529,512,512
7.066272974014282,224,529,512,512
7.067272424697876,224,530,512,512
7.068272352218628,224,530,512,512
7.06927227973938,224,529,512,512
7.070273160934448,224,529,512,512
7.070273160934448,224,529,512,512
7.071272850036621,224,529,512,512
7.072272539138794,224,529,512,512
7.073251962661743,224,530,512,512
7.073884010314941,224,530,512,512
7.073884010314941,224,529,512,512
7.073884010314941,224,529,512,512
7.073884010314941,224,529,512,512
7.073884010314941,224,528,512,512
7.073884010314941,224,528,512,512
7.073884010314941,224,529,512,512
7.073884010314941,224,529,512,512
7.073884010314941,224,528,512,512
7.073884010314941,224,528,512,512
7.073884010314941,224,529,512,512
7.073884010314941,224,528,512,512
7.073884010314941,223,529,512,512
7.073884010314941,223,530,512,512
7.073884010314941,224,530,512,512
7.073884010314941,224,530,512,512
7.073884010314941,224,529,512,512
7.073884010314941,224,529,512,512
7.089027404785156,224,529,512,512
7.09019923210144,224,529,512,512
7.0914146900177,224,530,512,512
7.092441558837891,224,530,512,512
7.092441558837891,224,530,512,512
7.09343957901001,224,529,512,512
7.094439268112183,224,529,512,512
7.095438718795776,224,529,512,512
7.09643816947937,224,529,512,512
7.097438812255859,224,530,512,512
7.097438812255859,224,530,512,512
7.0984392166137695,224,529,512,512
7.099438428878784,224,529,512,512
7.100439071655273,224,529,512,512
7.1014392375946045,224,529,512,512
7.102438688278198,224,529,512,512
7.103439569473267,224,529,512,512
7.103439569473267,224,530,512,512
7.10443902015686,224,529,512,512
7.105438232421875,224,529,512,512
7.106438636779785,224,529,512,512
7.106950998306274,224,529,512,512
7.108538627624512,224,529,512,512
7.108955383300781,224,530,512,512
7.1099629402160645,224,530,512,512
7.1109619140625,224,530,512,512
7.1109619140625,224,529,512,512
7.111964464187622,224,529,512,512
7.112964391708374,224,529,512,512
7.113963603973389,224,529,512,512
7.11496376991272,224,529,512,512
7.115963459014893,224,530,512,512
7.116964817047119,224,530,512,512
7.117964744567871,224,529,512,512
7.117964744567871,224,528,512,512
7.11898136138916,224,529,512,512
7.119961977005005,224,528,512,512
7.120961666107178,223,528,512,512
7.121961832046509,224,529,512,512
7.122962474822998,224,530,512,512
7.122962474822998,224,529,512,512
7.123964309692383,224,529,512,512
7.123964309692383,224,529,512,512
7.123964309692383,224,529,512,512
7.123964309692383,224,529,512,512
7.123964309692383,224,530,512,512
7.123964309692383,223,530,512,512
7.123964309692383,224,529,512,512
7.123964309692383,224,529,512,512
7.123964309692383,224,529,512,512
7.123964309692383,224,529,512,512
7.123964309692383,224,529,512,512
7.123964309692383,224,529,512,512
7.123964309692383,224,530,512,512
7.123964309692383,223,530,512,512
7.123964309692383,223,529,512,512
7.123964309692383,223,529,512,512
7.123964309692383,223,529,512,512
7.123964309692383,223,529,512,512
7.1396567821502686,224,529,512,512
7.1396567821502686,224,530,512,512
7.1396567821502686,224,530,512,512
7.1396567821502686,224,529,512,512
7.1396567821502686,224,529,512,512
7.1396567821502686,223,529,512,512
7.1396567821502686,223,529,512,512
7.1396567821502686,224,529,512,512
7.1396567821502686,224,530,512,512
7.1396567821502686,224,530,512,512
7.1396567821502686,224,529,512,512
7.1396567821502686,224,529,512,512
7.1396567821502686,224,529,512,512
7.1396567821502686,224,529,512,512
7.1396567821502686,224,529,512,512
7.1396567821502686,224,530,512,512
7.1396567821502686,223,530,512,512
7.1396567821502686,223,530,512,512
7.1396567821502686,224,529,512,512
7.1553709506988525,223,529,512,512
7.156849145889282,223,529,512,512
7.156849145889282,223,529,512,512
7.156849145889282,223,529,512,512
7.158861398696899,223,529,512,512
7.158861398696899,224,529,512,512
7.158861398696899,223,528,512,512
7.158861398696899,224,529,512,512
7.158861398696899,224,529,512,512
7.158861398696899,224,529,512,512
7.158861398696899,224,530,512,512
7.158861398696899,224,530,512,512
7.158861398696899,224,530,512,512
7.158861398696899,224,529,512,512
7.158861398696899,223,529,512,512
7.158861398696899,223,529,512,512
7.158861398696899,224,529,512,512
7.158861398696899,224,530,512,512
7.1711766719818115,224,530,512,512
7.1711766719818115,224,530,512,512
7.1711766719818115,224,529,512,512
7.1711766719818115,224,529,512,512
7.1711766719818115,224,529,512,512
7.1711766719818115,224,529,512,512
7.1711766719818115,224,529,512,512
7.1711766719818115,224,530,512,512
7.1711766719818115,224,530,512,512
7.1711766719818115,224,529,512,512
7.1711766719818115,224,529,512,512
7.1711766719818115,224,529,512,512
7.1711766719818115,224,529,512,512
7.1711766719818115,224,529,512,512
7.1711766719818115,224,530,512,512
7.1711766719818115,224,530,512,512
7.1711766719818115,224,529,512,512
7.1711766719818115,224,529,512,512
7.1711766719818115,224,529,512,512
7.187515735626221,224,529,512,512
7.187831878662109,224,529,512,512
7.187831878662109,224,530,512,512
7.187831878662109,224,530,512,512
7.187831878662109,224,529,512,512
7.187831878662109,224,529,512,512
7.187831878662109,224,529,512,512
7.187831878662109,224,529,512,512
7.187831878662109,224,529,512,512
7.187831878662109,224,530,512,512
7.187831878662109,224,530,512,512
7.187831878662109,224,530,512,512
7.187831878662109,224,529,512,512
7.187831878662109,224,529,512,512
7.187831878662109,224,529,512,512
7.187831878662109,224,528,512,512
7.187831878662109,224,529,512,512
7.187831878662109,224,529,512,512
7.187831878662109,224,529,512,512
7.204349517822266,224,528,512,512
7.204349517822266,224,529,512,512
7.205448150634766,224,529,512,512
7.20646333694458,224,529,512,512
7.206805944442749,224,529,512,512
7.207943916320801,224,530,512,512
7.208197355270386,224,530,512,512
7.20920991897583,224,529,512,512
7.210206747055054,224,529,512,512
7.211205959320068,224,529,512,512
7.2122063636779785,224,529,512,512
7.2122063636779785,224,529,512,512
7.213206052780151,224,530,512,512
7.2142064571380615,223,530,512,512
7.215206861495972,223,529,512,512
7.216206789016724,224,529,512,512
7.2172064781188965,224,529,512,512
7.2172064781188965,224,529,512,512
7.2182066440582275,224,529,512,512
7.219205617904663,224,530,512,512
7.22020697593689,224,530,512,512
7.221205234527588,224,529,512,512
7.222208738327026,224,529,512,512
7.223206996917725,224,529,512,512
7.223206996917725,224,529,512,512
7.223206996917725,224,529,512,512
7.223206996917725,224,530,512,512
7.223206996917725,224,530,512,512
7.223206996917725,224,529,512,512
7.223206996917725,224,529,512,512
7.223206996917725,224,529,512,512
7.223206996917725,224,529,512,512
7.223206996917725,224,529,512,512
7.223206996917725,224,530,512,512
7.223206996917725,224,530,512,512
7.223206996917725,224,529,512,512
7.223206996917725,224,529,512,512
7.223206996917725,224,529,512,512
7.223206996917725,224,529,512,512
7.223206996917725,224,529,512,512
7.223206996917725,224,529,512,512
7.223206996917725,224,530,512,512
7.239067792892456,224,529,512,512
7.239067792892456,223,528,512,512
7.239067792892456,223,529,512,512
7.239067792892456,223,529,512,512
7.239067792892456,223,528,512,512
7.239067792892456,224,529,512,512
7.239067792892456,224,530,512,512
7.239067792892456,224,529,512,512
7.239067792892456,224,529,512,512
7.239067792892456,224,529,512,512
7.239067792892456,224,529,512,512
7.239067792892456,224,529,512,512
7.239067792892456,224,529,512,512
7.239067792892456,224,530,512,512
7.239067792892456,224,530,512,512
7.239067792892456,224,529,512,512
7.239067792892456,224,529,512,512
7.239067792892456,224,529,512,512
7.239067792892456,224,529,512,512
7.254891872406006,224,529,512,512
7.254891872406006,223,530,512,512
7.254891872406006,223,530,512,512
7.254891872406006,223,530,512,512
7.254891872406006,223,529,512,512
7.254891872406006,223,529,512,512
7.254891872406006,224,529,512,512
7.254891872406006,224,529,512,512
7.254891872406006,224,530,512,512
7.254891872406006,224,530,512,512
7.254891872406006,224,530,512,512
7.254891872406006,224,529,512,512
7.254891872406006,224,529,512,512
7.254891872406006,224,529,512,512
7.254891872406006,224,529,512,512
7.254891872406006,224,529,512,512
7.254891872406006,224,530,512,512
7.254891872406006,224,530,512,512
7.2705748081207275,224,529,512,512
7.2705748081207275,224,529,512,512
7.2705748081207275,224,529,512,512
7.2705748081207275,224,529,512,512
7.2705748081207275,224,530,512,512
7.2705748081207275,224,530,512,512
7.2705748081207275,224,530,512,512
7.2705748081207275,224,529,512,512
7.2705748081207275,224,529,512,512
7.2705748081207275,224,529,512,512
7.2705748081207275,224,528,512,512
7.2705748081207275,224,529,512,512
7.2705748081207275,224,529,512,512
7.2705748081207275,224,529,512,512
7.2705748081207275,224,528,512,512
7.2705748081207275,224,528,512,512
7.2705748081207275,224,529,512,512
7.2705748081207275,224,529,512,512
7.286269664764404,224,529,512,512
7.286269664764404,224,530,512,512
7.286269664764404,224,530,512,512
7.286269664764404,224,530,512,512
7.286269664764404,224,529,512,512
7.286269664764404,224,529,512,512
7.286269664764404,224,529,512,512
7.286269664764404,224,529,512,512
7.286269664764404,224,530,512,512
7.286269664764404,224,530,512,512
7.286269664764404,224,529,512,512
7.286269664764404,224,529,512,512
7.286269664764404,224,529,512,512
7.286269664764404,224,529,512,512
7.286269664764404,224,529,512,512
7.286269664764404,224,530,512,512
7.286269664764404,224,530,512,512
7.286269664764404,224,529,512,512
7.286269664764404,224,529,512,512
7.3019468784332275,224,529,512,512
7.3019468784332275,224,529,512,512
7.3019468784332275,224,529,512,512
7.3019468784332275,224,529,512,512
7.3019468784332275,224,530,512,512
7.3019468784332275,224,529,512,512
7.3019468784332275,224,529,512,512
7.3019468784332275,224,529,512,512
7.3019468784332275,224,529,512,512
7.3019468784332275,224,529,512,512
7.3019468784332275,224,529,512,512
7.3019468784332275,224,530,512,512
7.3019468784332275,224,530,512,512
7.3019468784332275,224,529,512,512
7.3019468784332275,224,529,512,512
7.3019468784332275,224,529,512,512
7.3019468784332275,224,528,512,512
7.3019468784332275,224,529,512,512
7.317668914794922,224,529,512,512
7.317668914794922,224,529,512,512
7.317668914794922,224,529,512,512
7.317668914794922,224,528,512,512
7.317668914794922,224,528,512,512
7.317668914794922,224,527,512,512
7.317668914794922,224,528,512,512
7.317668914794922,224,528,512,512
7.317668914794922,224,529,512,512
7.317668914794922,224,528,512,512
7.317668914794922,224,528,512,512
7.317668914794922,224,529,512,512
7.317668914794922,224,529,512,512
7.317668914794922,224,529,512,512
7.317668914794922,224,529,512,512
7.317668914794922,224,529,512,512
7.317668914794922,224,529,512,512
7.317668914794922,224,528,512,512
7.317668914794922,224,529,512,512
7.333564281463623,224,528,512,512
7.334754943847656,224,529,512,512
7.33500599861145,224,529,512,512
7.33500599861145,224,530,512,512
7.33500599861145,224,529,512,512
7.33500599861145,224,528,512,512
7.33500599861145,224,528,512,512
7.33500599861145,224,528,512,512
7.33500599861145,224,528,512,512
7.33500599861145,224,529,512,512
7.33500599861145,224,530,512,512
7.33500599861145,224,529,512,512
7.33500599861145,224,528,512,512
7.33500599861145,224,528,512,512
7.33500599861145,224,529,512,512
7.33500599861145,224,528,512,512
7.33500599861145,224,529,512,512
7.33500599861145,224,530,512,512
7.33500599861145,224,529,512,512
7.349301338195801,224,528,512,512
7.350678205490112,224,528,512,512
7.350678205490112,224,528,512,512
7.350678205490112,224,528,512,512
7.350678205490112,224,528,512,512
7.350678205490112,224,529,512,512
7.350678205490112,224,529,512,512
7.350678205490112,224,529,512,512
7.350678205490112,225,529,512,512
7.350678205490112,225,529,512,512
7.350678205490112,225,528,512,512
7.350678205490112,225,528,512,512
7.350678205490112,225,529,512,512
7.350678205490112,225,529,512,512
7.350678205490112,225,528,512,512
7.350678205490112,225,528,512,512
7.350678205490112,224,528,512,512
7.350678205490112,224,528,512,512
7.365087032318115,224,528,512,512
7.365087032318115,224,529,512,512
7.365087032318115,224,529,512,512
7.367096900939941,224,529,512,512
7.36867356300354,225,528,512,512
7.3691933155059814,224,528,512,512
7.3691933155059814,224,528,512,512
7.3691933155059814,224,528,512,512
7.3691933155059814,224,529,512,512
7.3691933155059814,224,530,512,512
7.3691933155059814,224,529,512,512
7.3691933155059814,225,528,512,512
7.3691933155059814,225,528,512,512
7.3691933155059814,225,528,512,512
7.3691933155059814,225,528,512,512
7.3691933155059814,224,529,512,512
7.3691933155059814,224,529,512,512
7.3691933155059814,224,529,512,512
7.3691933155059814,224,529,512,512
7.3807806968688965,224,529,512,512
7.3807806968688965,224,528,512,512
7.3807806968688965,224,528,512,512
7.3807806968688965,224,529,512,512
7.3807806968688965,224,530,512,512
7.3807806968688965,224,529,512,512
7.3807806968688965,224,529,512,512
7.3807806968688965,224,529,512,512
7.3807806968688965,224,529,512,512
7.3807806968688965,224,528,512,512
7.3807806968688965,224,529,512,512
7.3807806968688965,224,529,512,512
7.3807806968688965,224,529,512,512
7.3807806968688965,224,529,512,512
7.3807806968688965,224,528,512,512
7.3807806968688965,224,529,512,512
7.3807806968688965,224,529,512,512
7.3807806968688965,224,529,512,512
7.396520376205444,224,530,512,512
7.396520376205444,224,530,512,512
7.396520376205444,224,529,512,512
7.396520376205444,224,528,512,512
7.396520376205444,224,528,512,512
7.396520376205444,224,528,512,512
7.396520376205444,224,528,512,512
7.396520376205444,224,529,512,512
7.396520376205444,224,529,512,512
7.396520376205444,224,528,512,512
7.396520376205444,224,528,512,512
7.396520376205444,224,528,512,512
7.396520376205444,224,528,512,512
7.396520376205444,224,528,512,512
7.396520376205444,224,529,512,512
7.396520376205444,224,530,512,512
7.396520376205444,224,529,512,512
7.396520376205444,224,528,512,512
7.396520376205444,224,529,512,512
7.412205457687378,224,529,512,512
7.412205457687378,224,528,512,512
7.412205457687378,224,529,512,512
7.412205457687378,224,530,512,512
7.412205457687378,224,529,512,512
7.412205457687378,224,529,512,512
7.412205457687378,224,529,512,512
7.412205457687378,224,529,512,512
7.412205457687378,224,528,512,512
7.412205457687378,224,529,512,512
7.412205457687378,224,529,512,512
7.412205457687378,224,529,512,512
7.412205457687378,224,529,512,512
7.412205457687378,224,529,512,512
7.412205457687378,224,529,512,512
7.412205457687378,224,528,512,512
7.412205457687378,224,528,512,512
7.412205457687378,224,529,512,512
7.428028345108032,224,529,512,512
7.428028345108032,224,529,512,512
7.428028345108032,224,529,512,512
7.430681467056274,224,529,512,512
7.431454420089722,224,529,512,512
7.431454420089722,224,529,512,512
7.431454420089722,224,529,512,512
7.431454420089722,224,530,512,512
7.431454420089722,224,529,512,512
7.431454420089722,224,529,512,512
7.431454420089722,224,529,512,512
7.431454420089722,224,529,512,512
7.431454420089722,224,529,512,512
7.431454420089722,224,530,512,512
7.431454420089722,224,530,512,512
7.431454420089722,224,529,512,512
7.431454420089722,224,528,512,512
7.431454420089722,224,528,512,512
7.431454420089722,224,528,512,512
7.443716764450073,224,528,512,512
7.443716764450073,224,529,512,512
7.443716764450073,224,529,512,512
7.443716764450073,224,529,512,512
7.443716764450073,224,529,512,512
7.443716764450073,224,529,512,512
7.443716764450073,224,529,512,512
7.443716764450073,224,529,512,512
7.443716764450073,224,529,512,512
7.443716764450073,224,530,512,512
7.443716764450073,224,530,512,512
7.443716764450073,224,529,512,512
7.443716764450073,224,529,512,512
7.443716764450073,224,529,512,512
7.443716764450073,224,529,512,512
7.443716764450073,224,529,512,512
7.443716764450073,224,530,512,512
7.443716764450073,224,529,512,512
7.459571838378906,224,529,512,512
7.46053409576416,224,529,512,512
7.46053409576416,224,529,512,512
7.46053409576416,224,528,512,512
7.46053409576416,224,529,512,512
7.46053409576416,224,529,512,512
7.46053409576416,224,530,512,512
7.46053409576416,224,529,512,512
7.46053409576416,224,529,512,512
7.46053409576416,224,529,512,512
7.46053409576416,224,529,512,512
7.46053409576416,224,529,512,512
7.46053409576416,224,530,512,512
7.46053409576416,224,530,512,512
7.46053409576416,224,529,512,512
7.46053409576416,224,529,512,512
7.46053409576416,224,529,512,512
7.46053409576416,224,529,512,512
7.475091457366943,224,528,512,512
7.475091457366943,224,529,512,512
7.475091457366943,224,530,512,512
7.475091457366943,224,529,512,512
7.475091457366943,224,529,512,512
7.475091457366943,225,529,512,512
7.475091457366943,224,529,512,512
7.475091457366943,224,528,512,512
7.475091457366943,224,528,512,512
7.475091457366943,224,529,512,512
7.475091457366943,224,529,512,512
7.475091457366943,224,528,512,512
7.475091457366943,224,528,512,512
7.475091457366943,224,528,512,512
7.475091457366943,224,528,512,512
7.475091457366943,224,528,512,512
7.475091457366943,224,530,512,512
7.475091457366943,224,530,512,512
7.4902613162994385,224,529,512,512
7.490776062011719,224,529,512,512
7.491943597793579,224,529,512,512
7.4924304485321045,224,529,512,512
7.4924304485321045,224,529,512,512
7.4924304485321045,224,530,512,512
7.4924304485321045,224,530,512,512
7.4924304485321045,224,529,512,512
7.4924304485321045,224,529,512,512
7.4924304485321045,224,529,512,512
7.4924304485321045,224,529,512,512
7.4924304485321045,224,529,512,512
7.4924304485321045,224,530,512,512
7.4924304485321045,224,530,512,512
7.4924304485321045,224,529,512,512
7.4924304485321045,224,529,512,512
7.4924304485321045,224,529,512,512
7.4924304485321045,224,528,512,512
7.4924304485321045,224,529,512,512
7.506046295166016,224,529,512,512
7.506046295166016,224,530,512,512
7.506046295166016,224,529,512,512
7.506046295166016,224,529,512,512
7.506046295166016,224,529,512,512
7.506046295166016,224,529,512,512
7.506046295166016,224,529,512,512
7.506046295166016,224,529,512,512
7.506046295166016,224,530,512,512
7.506046295166016,224,529,512,512
7.506046295166016,224,529,512,512
7.506046295166016,224,529,512,512
7.506046295166016,224,529,512,512
7.506046295166016,224,529,512,512
7.506046295166016,224,529,512,512
7.506046295166016,224,530,512,512
7.506046295166016,224,529,512,512
7.506046295166016,224,528,512,512
7.521808385848999,224,528,512,512
7.521808385848999,224,528,512,512
7.523761749267578,224,528,512,512
7.523761749267578,224,528,512,512
7.525336980819702,224,529,512,512
7.526048898696899,224,529,512,512
7.526904344558716,224,528,512,512
7.527154207229614,224,528,512,512
7.528163433074951,224,529,512,512
7.529163360595703,224,529,512,512
7.53016209602356,224,529,512,512
7.531162261962891,224,530,512,512
7.531162261962891,224,530,512,512
7.532162666320801,224,529,512,512
7.533163070678711,224,529,512,512
7.5341637134552,224,529,512,512
7.535163640975952,224,528,512,512
7.536164045333862,224,528,512,512
7.536164045333862,224,529,512,512
7.537163734436035,224,529,512,512
7.5381622314453125,224,529,512,512
7.539161682128906,224,528,512,512
7.539873838424683,224,529,512,512
7.5406718254089355,224,529,512,512
7.541930437088013,224,529,512,512
7.542961835861206,224,529,512,512
7.543545961380005,224,530,512,512
7.544556617736816,224,529,512,512
7.545555591583252,224,529,512,512
7.546554327011108,224,529,512,512
7.546554327011108,224,529,512,512
7.5475592613220215,224,529,512,512
7.548557281494141,224,529,512,512
7.5495569705963135,224,530,512,512
7.550556898117065,224,530,512,512
7.551556587219238,224,529,512,512
7.551556587219238,224,529,512,512
7.552557468414307,224,529,512,512
7.553557395935059,224,529,512,512
7.5545573234558105,224,529,512,512
7.5555572509765625,224,530,512,512
7.556560039520264,224,530,512,512
7.557164669036865,224,529,512,512
7.558181524276733,224,529,512,512
7.559305906295776,224,529,512,512
7.559982776641846,224,529,512,512
7.559982776641846,224,529,512,512
7.560993432998657,224,530,512,512
7.561992645263672,224,529,512,512
7.562994003295898,224,528,512,512
7.563993692398071,224,528,512,512
7.564993619918823,224,528,512,512
7.564993619918823,224,528,512,512
7.566991090774536,224,528,512,512
7.566991090774536,224,529,512,512
7.567990303039551,224,530,512,512
7.568993330001831,224,529,512,512
7.56999397277832,224,529,512,512
7.570994138717651,224,529,512,512
7.571997165679932,224,529,512,512
7.572994232177734,224,529,512,512
7.573301553726196,224,530,512,512
7.573301553726196,224,530,512,512
7.573301553726196,224,529,512,512
7.573301553726196,224,529,512,512
7.573301553726196,224,529,512,512
7.573301553726196,224,529,512,512
7.573301553726196,224,529,512,512
7.573301553726196,224,530,512,512
7.573301553726196,224,530,512,512
7.573301553726196,224,529,512,512
7.573301553726196,224,529,512,512
7.573301553726196,224,529,512,512
7.573301553726196,224,529,512,512
7.573301553726196,224,528,512,512
7.573301553726196,224,529,512,512
7.573301553726196,224,530,512,512
7.573301553726196,224,529,512,512
7.573301553726196,224,529,512,512
7.5887134075164795,224,529,512,512
7.5887134075164795,224,529,512,512
7.590690851211548,224,528,512,512
7.5914528369903564,224,529,512,512
7.5914528369903564,224,530,512,512
7.5914528369903564,224,529,512,512
7.5914528369903564,224,529,512,512
7.5914528369903564,224,529,512,512
7.5914528369903564,224,529,512,512
7.5914528369903564,224,529,512,512
7.5914528369903564,224,529,512,512
7.5914528369903564,224,530,512,512
7.5914528369903564,224,530,512,512
7.5914528369903564,224,529,512,512
7.5914528369903564,224,529,512,512
7.5914528369903564,224,528,512,512
7.5914528369903564,224,528,512,512
7.5914528369903564,224,528,512,512
7.5914528369903564,224,529,512,512
7.60446834564209,224,529,512,512
7.605898857116699,224,528,512,512
7.605898857116699,224,528,512,512
7.605898857116699,224,528,512,512
7.605898857116699,224,528,512,512
7.605898857116699,224,529,512,512
7.605898857116699,224,530,512,512
7.605898857116699,224,530,512,512
7.605898857116699,224,530,512,512
7.605898857116699,224,529,512,512
7.605898857116699,224,529,512,512
7.605898857116699,224,529,512,512
7.605898857116699,224,529,512,512
7.605898857116699,224,529,512,512
7.605898857116699,224,530,512,512
7.605898857116699,224,529,512,512
7.605898857116699,224,529,512,512
7.605898857116699,224,529,512,512
7.605898857116699,224,528,512,512
7.605898857116699,224,528,512,512
7.621370315551758,224,529,512,512
7.623240232467651,224,530,512,512
7.623240232467651,224,529,512,512
7.624613285064697,224,529,512,512
7.625121593475342,224,529,512,512
7.626134634017944,224,529,512,512
7.627131223678589,224,529,512,512
7.628131628036499,224,529,512,512
7.628131628036499,224,530,512,512
7.629131555557251,224,530,512,512
7.630132436752319,224,529,512,512
7.63113260269165,224,529,512,512
7.632132291793823,224,529,512,512
7.633132219314575,224,528,512,512
7.633132219314575,224,529,512,512
7.634131669998169,224,529,512,512
7.635130167007446,224,529,512,512
7.636134624481201,224,529,512,512
7.637129783630371,224,528,512,512
7.638134241104126,224,529,512,512
7.6391332149505615,224,529,512,512
7.6391332149505615,224,529,512,512
7.640514850616455,224,530,512,512
7.640514850616455,224,530,512,512
7.642481088638306,224,529,512,512
7.642735242843628,224,528,512,512
7.64374852180481,224,528,512,512
7.644745826721191,224,528,512,512
7.645746946334839,224,528,512,512
7.646746873855591,224,529,512,512
7.646746873855591,224,529,512,512
7.6477460861206055,224,529,512,512
7.648746490478516,224,528,512,512
7.6497461795806885,224,529,512,512
7.65074610710144,224,529,512,512
7.651746034622192,224,529,512,512
7.651746034622192,224,529,512,512
7.653747081756592,224,530,512,512
7.653747081756592,224,529,512,512
7.654748201370239,225,529,512,512
7.6557457447052,224,529,512,512
7.656747102737427,224,529,512,512
7.656747102737427,224,529,512,512
7.656747102737427,224,529,512,512
7.656747102737427,224,530,512,512
7.656747102737427,224,529,512,512
7.656747102737427,224,529,512,512
7.656747102737427,224,529,512,512
7.656747102737427,224,529,512,512
7.656747102737427,224,529,512,512
7.656747102737427,224,529,512,512
7.656747102737427,224,530,512,512
7.656747102737427,224,530,512,512
7.656747102737427,224,529,512,512
7.656747102737427,224,529,512,512
7.656747102737427,224,528,512,512
7.656747102737427,224,528,512,512
7.656747102737427,224,529,512,512
7.656747102737427,224,530,512,512
7.656747102737427,224,530,512,512
7.6723926067352295,224,529,512,512
7.6723926067352295,224,529,512,512
7.6723926067352295,224,529,512,512
7.6723926067352295,224,528,512,512
7.6723926067352295,224,529,512,512
7.6723926067352295,224,530,512,512
7.677884578704834,224,530,512,512
7.678409576416016,224,529,512,512
7.679548501968384,224,529,512,512
7.680766820907593,224,529,512,512
7.681259632110596,224,529,512,512
7.682266712188721,224,528,512,512
7.683266639709473,224,529,512,512
7.684267044067383,224,529,512,512
7.684267044067383,224,529,512,512
7.685266971588135,224,528,512,512
7.686267614364624,224,528,512,512
7.687268257141113,224,528,512,512
7.688268661499023,224,528,512,512
7.689269304275513,224,529,512,512
7.690250873565674,224,530,512,512
7.690250873565674,224,529,512,512
7.69126558303833,224,529,512,512
7.692265272140503,224,529,512,512
7.693261384963989,224,529,512,512
7.694263219833374,224,529,512,512
7.695264101028442,224,529,512,512
7.695264101028442,224,530,512,512
7.696263790130615,224,529,512,512
7.697885036468506,224,529,512,512
7.6981117725372314,224,529,512,512
7.699123859405518,224,529,512,512
7.700124740600586,224,529,512,512
7.701124668121338,224,529,512,512
7.70212459564209,224,530,512,512
7.70212459564209,224,529,512,512
7.703124284744263,224,529,512,512
7.704124212265015,224,529,512,512
7.705124139785767,224,529,512,512
7.706125020980835,224,528,512,512
7.7068541049957275,224,528,512,512
7.7068541049957275,224,530,512,512
7.7068541049957275,224,530,512,512
7.7068541049957275,224,529,512,512
7.7068541049957275,224,529,512,512
7.7068541049957275,224,529,512,512
7.7068541049957275,224,529,512,512
7.7068541049957275,224,529,512,512
7.7068541049957275,224,529,512,512
7.7068541049957275,224,530,512,512
7.7068541049957275,224,529,512,512
7.7068541049957275,224,529,512,512
7.7068541049957275,224,529,512,512
7.7068541049957275,224,528,512,512
7.7068541049957275,224,528,512,512
7.7068541049957275,224,529,512,512
7.7068541049957275,224,530,512,512
7.7068541049957275,224,529,512,512
7.72184419631958,224,529,512,512
7.72184419631958,224,529,512,512
7.724132061004639,224,528,512,512
7.724642276763916,224,528,512,512
7.724642276763916,224,529,512,512
7.724642276763916,224,529,512,512
7.724642276763916,224,529,512,512
7.724642276763916,224,528,512,512
7.724642276763916,224,529,512,512
7.724642276763916,224,529,512,512
7.724642276763916,224,529,512,512
7.724642276763916,224,529,512,512
7.724642276763916,224,530,512,512
7.724642276763916,224,530,512,512
7.724642276763916,224,529,512,512
7.724642276763916,224,529,512,512
7.724642276763916,224,528,512,512
7.724642276763916,224,528,512,512
7.737499713897705,224,529,512,512
7.737499713897705,224,530,512,512
7.737499713897705,224,530,512,512
7.737499713897705,224,530,512,512
7.737499713897705,224,529,512,512
7.737499713897705,224,530,512,512
7.737499713897705,224,529,512,512
7.737499713897705,224,530,512,512
7.737499713897705,224,531,512,512
7.737499713897705,224,531,512,512
7.737499713897705,224,530,512,512
7.737499713897705,224,529,512,512
7.737499713897705,224,530,512,512
7.737499713897705,224,529,512,512
7.737499713897705,224,529,512,512
7.737499713897705,224,530,512,512
7.737499713897705,224,530,512,512
7.737499713897705,224,530,512,512
7.753233432769775,224,529,512,512
7.753233432769775,224,529,512,512
7.753233432769775,224,529,512,512
7.753233432769775,224,529,512,512
7.753233432769775,224,530,512,512
7.753233432769775,224,531,512,512
7.753233432769775,224,530,512,512
7.753233432769775,224,530,512,512
7.753233432769775,224,530,512,512
7.753233432769775,224,530,512,512
7.753233432769775,224,529,512,512
7.753233432769775,224,530,512,512
7.753233432769775,224,530,512,512
7.753233432769775,224,529,512,512
7.753233432769775,224,528,512,512
7.753233432769775,224,529,512,512
7.753233432769775,224,529,512,512
7.753233432769775,224,528,512,512
7.753233432769775,224,529,512,512
7.768878221511841,224,530,512,512
7.768878221511841,224,530,512,512
7.768878221511841,224,529,512,512
7.768878221511841,224,529,512,512
7.768878221511841,223,530,512,512
7.768878221511841,223,529,512,512
7.768878221511841,224,529,512,512
7.768878221511841,224,530,512,512
7.768878221511841,224,530,512,512
7.768878221511841,223,529,512,512
7.768878221511841,223,529,512,512
7.768878221511841,224,529,512,512
7.768878221511841,223,529,512,512
7.768878221511841,224,529,512,512
7.768878221511841,224,530,512,512
7.768878221511841,224,530,512,512
7.768878221511841,224,529,512,512
7.768878221511841,224,529,512,512
7.784619331359863,224,529,512,512
7.784619331359863,224,529,512,512
7.784619331359863,224,529,512,512
7.784619331359863,224,530,512,512
7.784619331359863,224,531,512,512
7.784619331359863,224,530,512,512
7.784619331359863,224,529,512,512
7.784619331359863,224,529,512,512
7.784619331359863,223,529,512,512
7.784619331359863,223,529,512,512
7.784619331359863,223,530,512,512
7.784619331359863,223,531,512,512
7.784619331359863,224,530,512,512
7.784619331359863,224,530,512,512
7.784619331359863,224,530,512,512
7.784619331359863,223,529,512,512
7.784619331359863,223,529,512,512
7.784619331359863,223,530,512,512
7.784619331359863,223,531,512,512
7.800504922866821,223,530,512,512
7.800504922866821,223,529,512,512
7.800504922866821,223,529,512,512
7.800504922866821,224,529,512,512
7.800504922866821,224,529,512,512
7.800504922866821,224,529,512,512
7.800504922866821,224,530,512,512
7.800504922866821,224,530,512,512
7.800504922866821,224,529,512,512
7.800504922866821,224,529,512,512
7.800504922866821,224,529,512,512
7.800504922866821,224,529,512,512
7.800504922866821,224,529,512,512
7.800504922866821,224,530,512,512
7.800504922866821,224,530,512,512
7.800504922866821,224,530,512,512
7.800504922866821,224,529,512,512
7.800504922866821,224,530,512,512
7.800504922866821,224,529,512,512
7.816258192062378,224,529,512,512
7.816258192062378,224,530,512,512
7.81827712059021,224,530,512,512
7.81827712059021,224,529,512,512
7.81827712059021,224,529,512,512
7.81827712059021,224,529,512,512
7.81827712059021,224,529,512,512
7.81827712059021,224,529,512,512
7.81827712059021,224,530,512,512
7.81827712059021,224,530,512,512
7.81827712059021,223,530,512,512
7.81827712059021,223,529,512,512
7.81827712059021,224,529,512,512
7.81827712059021,224,529,512,512
7.81827712059021,224,529,512,512
7.81827712059021,224,529,512,512
7.81827712059021,224,530,512,512
7.81827712059021,224,530,512,512
7.8319127559661865,224,529,512,512
7.8319127559661865,224,530,512,512
7.8319127559661865,224,530,512,512
7.8319127559661865,224,529,512,512
7.8319127559661865,224,530,512,512
7.8319127559661865,224,530,512,512
7.8319127559661865,224,530,512,512
7.8319127559661865,224,529,512,512
7.8319127559661865,224,530,512,512
7.8319127559661865,224,530,512,512
7.8319127559661865,224,529,512,512
7.8319127559661865,224,530,512,512
7.8319127559661865,224,530,512,512
7.8319127559661865,224,530,512,512
7.8319127559661865,224,529,512,512
7.8319127559661865,224,529,512,512
7.8319127559661865,224,529,512,512
7.8319127559661865,224,528,512,512
7.8476386070251465,224,528,512,512
7.8476386070251465,224,529,512,512
7.8476386070251465,224,530,512,512
7.8476386070251465,224,529,512,512
7.8476386070251465,224,529,512,512
7.8476386070251465,224,529,512,512
7.8476386070251465,223,529,512,512
7.8476386070251465,224,529,512,512
7.8476386070251465,224,530,512,512
7.8476386070251465,224,530,512,512
7.8476386070251465,224,529,512,512
7.8476386070251465,224,529,512,512
7.8476386070251465,224,529,512,512
7.8476386070251465,224,529,512,512
7.8476386070251465,224,529,512,512
7.8476386070251465,224,530,512,512
7.8476386070251465,224,531,512,512
7.8476386070251465,224,530,512,512
7.8476386070251465,224,529,512,512
7.8634631633758545,224,529,512,512
7.8634631633758545,224,529,512,512
7.865496397018433,224,529,512,512
7.866003513336182,224,530,512,512
7.866003513336182,224,530,512,512
7.866003513336182,224,530,512,512
7.866003513336182,224,529,512,512
7.866003513336182,224,529,512,512
7.866003513336182,224,529,512,512
7.866003513336182,224,529,512,512
7.866003513336182,224,530,512,512
7.866003513336182,224,530,512,512
7.866003513336182,223,530,512,512
7.866003513336182,223,529,512,512
7.866003513336182,224,529,512,512
7.866003513336182,224,529,512,512
7.866003513336182,223,529,512,512
7.866003513336182,223,530,512,512
7.866003513336182,223,530,512,512
7.879325866699219,223,530,512,512
7.879325866699219,223,529,512,512
7.879325866699219,224,529,512,512
7.879325866699219,223,529,512,512
7.879325866699219,223,529,512,512
7.879325866699219,223,529,512,512
7.879325866699219,223,530,512,512
7.879325866699219,223,530,512,512
7.879325866699219,223,529,512,512
7.879325866699219,223,529,512,512
7.879325866699219,223,528,512,512
7.879325866699219,223,528,512,512
7.879325866699219,223,528,512,512
7.879325866699219,223,529,512,512
7.879325866699219,223,530,512,512
7.879325866699219,223,529,512,512
7.879325866699219,223,529,512,512
7.879325866699219,224,529,512,512
7.89497184753418,224,529,512,512
7.896096706390381,224,529,512,512
7.896620750427246,224,530,512,512
7.896620750427246,223,530,512,512
7.896620750427246,223,529,512,512
7.896620750427246,223,529,512,512
7.896620750427246,223,529,512,512
7.896620750427246,223,529,512,512
7.896620750427246,223,529,512,512
7.896620750427246,223,529,512,512
7.896620750427246,223,530,512,512
7.896620750427246,223,530,512,512
7.896620750427246,223,529,512,512
7.896620750427246,223,529,512,512
7.896620750427246,223,529,512,512
7.896620750427246,223,529,512,512
7.896620750427246,224,530,512,512
7.896620750427246,224,530,512,512
7.896620750427246,223,530,512,512
7.910665988922119,223,529,512,512
7.910665988922119,223,529,512,512
7.910665988922119,223,529,512,512
7.910665988922119,223,529,512,512
7.910665988922119,224,529,512,512
7.910665988922119,224,530,512,512
7.910665988922119,224,530,512,512
7.910665988922119,224,529,512,512
7.910665988922119,223,529,512,512
7.910665988922119,223,530,512,512
7.910665988922119,223,529,512,512
7.910665988922119,223,529,512,512
7.910665988922119,224,530,512,512
7.910665988922119,224,530,512,512
7.910665988922119,224,530,512,512
7.910665988922119,224,529,512,512
7.910665988922119,224,529,512,512
7.910665988922119,224,529,512,512
7.926481485366821,224,529,512,512
7.927501678466797,224,529,512,512
7.928260803222656,224,529,512,512
7.928260803222656,224,529,512,512
7.928260803222656,224,528,512,512
7.928260803222656,224,529,512,512
7.928260803222656,223,529,512,512
7.928260803222656,223,529,512,512
7.928260803222656,224,530,512,512
7.928260803222656,224,531,512,512
7.928260803222656,224,530,512,512
7.928260803222656,224,529,512,512
7.928260803222656,224,529,512,512
7.928260803222656,224,529,512,512
7.928260803222656,224,529,512,512
7.928260803222656,224,530,512,512
7.928260803222656,224,530,512,512
7.928260803222656,224,530,512,512
7.928260803222656,224,529,512,512
7.9421210289001465,224,529,512,512
7.9421210289001465,224,529,512,512
7.9421210289001465,224,529,512,512
7.9421210289001465,224,529,512,512
7.9421210289001465,224,530,512,512
7.9421210289001465,224,530,512,512
7.9421210289001465,224,529,512,512
7.9421210289001465,224,529,512,512
7.9421210289001465,224,529,512,512
7.9421210289001465,224,528,512,512
7.9421210289001465,224,529,512,512
7.9421210289001465,224,530,512,512
7.9421210289001465,224,530,512,512
7.9421210289001465,224,529,512,512
7.9421210289001465,224,529,512,512
7.9421210289001465,224,529,512,512
7.9421210289001465,224,529,512,512
7.9421210289001465,224,529,512,512
7.957904577255249,224,530,512,512
7.957904577255249,224,530,512,512
7.957904577255249,224,529,512,512
7.957904577255249,224,529,512,512
7.957904577255249,224,529,512,512
7.957904577255249,224,529,512,512
7.957904577255249,224,529,512,512
7.957904577255249,224,530,512,512
7.957904577255249,224,530,512,512
7.957904577255249,224,529,512,512
7.957904577255249,224,528,512,512
7.957904577255249,224,529,512,512
7.957904577255249,224,528,512,512
7.957904577255249,224,528,512,512
7.957904577255249,224,529,512,512
7.957904577255249,224,529,512,512
7.957904577255249,224,529,512,512
7.957904577255249,224,529,512,512
7.957904577255249,224,529,512,512
7.973711729049683,224,529,512,512
7.974354028701782,224,529,512,512
7.974354028701782,224,529,512,512
7.974354028701782,224,530,512,512
7.974354028701782,223,529,512,512
7.974354028701782,223,529,512,512
7.974354028701782,223,529,512,512
7.974354028701782,223,529,512,512
7.974354028701782,224,529,512,512
7.974354028701782,224,529,512,512
7.974354028701782,224,530,512,512
7.974354028701782,224,530,512,512
7.974354028701782,224,529,512,512
7.974354028701782,224,529,512,512
7.974354028701782,224,529,512,512
7.974354028701782,224,529,512,512
7.974354028701782,224,530,512,512
7.974354028701782,224,530,512,512
7.989506959915161,224,530,512,512
7.989506959915161,224,529,512,512
7.989506959915161,224,529,512,512
7.989506959915161,224,529,512,512
7.989506959915161,223,529,512,512
7.989506959915161,223,529,512,512
7.989506959915161,223,530,512,512
7.989506959915161,223,530,512,512
7.989506959915161,223,529,512,512
7.989506959915161,223,529,512,512
7.989506959915161,223,529,512,512
7.989506959915161,223,529,512,512
7.989506959915161,223,529,512,512
7.989506959915161,223,530,512,512
7.989506959915161,223,530,512,512
7.989506959915161,223,529,512,512
7.989506959915161,224,529,512,512
7.989506959915161,224,529,512,512
7.989506959915161,224,529,512,512
8.005189657211304,224,529,512,512
8.005189657211304,224,529,512,512
8.005189657211304,224,530,512,512
8.005189657211304,224,529,512,512
8.005189657211304,224,528,512,512
8.005189657211304,224,528,512,512
8.005189657211304,224,528,512,512
8.005189657211304,224,528,512,512
8.005189657211304,224,529,512,512
8.005189657211304,224,530,512,512
8.005189657211304,224,530,512,512
8.005189657211304,224,529,512,512
8.005189657211304,224,529,512,512
8.005189657211304,224,529,512,512
8.005189657211304,224,529,512,512
8.005189657211304,224,529,512,512
8.005189657211304,224,530,512,512
8.005189657211304,224,530,512,512
8.020894289016724,224,529,512,512
8.020894289016724,224,529,512,512
8.022756576538086,224,529,512,512
8.02377724647522,224,529,512,512
8.02377724647522,224,529,512,512
8.025236129760742,224,530,512,512
8.025738716125488,224,530,512,512
8.02674913406372,224,529,512,512
8.02774691581726,224,529,512,512
8.02874755859375,224,529,512,512
8.02874755859375,224,529,512,512
8.029749870300293,224,529,512,512
8.030747890472412,224,530,512,512
8.031747579574585,224,530,512,512
8.032747983932495,223,529,512,512
8.033747911453247,223,529,512,512
8.033747911453247,224,529,512,512
8.034747123718262,224,529,512,512
8.035747528076172,224,529,512,512
8.03674602508545,224,530,512,512
8.037747383117676,224,530,512,512
8.03874659538269,224,529,512,512
8.03974986076355,224,529,512,512
8.03974986076355,224,529,512,512
8.040751457214355,224,529,512,512
8.041688680648804,224,529,512,512
8.043097496032715,224,530,512,512
8.043612241744995,224,531,512,512
8.044621706008911,224,530,512,512
8.0456223487854,224,529,512,512
8.046621799468994,224,529,512,512
8.046621799468994,224,529,512,512
8.047622203826904,224,528,512,512
8.048622369766235,224,529,512,512
8.049622774124146,224,529,512,512
8.050623416900635,224,529,512,512
8.051623344421387,224,528,512,512
8.051623344421387,224,528,512,512
8.05262303352356,224,529,512,512
8.05362319946289,224,529,512,512
8.054623365402222,224,530,512,512
8.055622816085815,224,530,512,512
8.05649995803833,224,530,512,512
8.057612180709839,224,529,512,512
8.057612180709839,224,529,512,512
8.059046506881714,224,529,512,512
8.060190200805664,224,529,512,512
8.060948848724365,224,529,512,512
8.06195878982544,224,530,512,512
8.06195878982544,224,530,512,512
8.062959432601929,224,529,512,512
8.063959121704102,224,529,512,512
8.064958810806274,224,529,512,512
8.065959930419922,224,529,512,512
8.066959857940674,224,529,512,512
8.066959857940674,224,530,512,512
8.06795859336853,224,530,512,512
8.06896162033081,224,529,512,512
8.06995964050293,224,529,512,512
8.070959329605103,224,529,512,512
8.071960687637329,224,529,512,512
8.072958707809448,224,529,512,512
8.07328200340271,224,530,512,512
8.07328200340271,223,530,512,512
8.07328200340271,224,529,512,512
8.07328200340271,224,529,512,512
8.07328200340271,224,529,512,512
8.07328200340271,224,529,512,512
8.07328200340271,224,529,512,512
8.07328200340271,224,529,512,512
8.07328200340271,224,530,512,512
8.07328200340271,224,530,512,512
8.07328200340271,224,529,512,512
8.07328200340271,224,529,512,512
8.07328200340271,224,529,512,512
8.07328200340271,224,529,512,512
8.07328200340271,224,529,512,512
8.07328200340271,224,530,512,512
8.07328200340271,224,529,512,512
8.07328200340271,224,529,512,512
8.088853597640991,224,529,512,512
8.088853597640991,223,529,512,512
8.088853597640991,224,529,512,512
8.088853597640991,224,529,512,512
8.088853597640991,224,530,512,512
8.088853597640991,224,530,512,512
8.088853597640991,224,529,512,512
8.088853597640991,224,529,512,512
8.088853597640991,224,529,512,512
8.088853597640991,224,529,512,512
8.088853597640991,224,529,512,512
8.088853597640991,224,530,512,512
8.088853597640991,223,530,512,512
8.088853597640991,223,529,512,512
8.088853597640991,223,529,512,512
8.088853597640991,223,530,512,512
8.088853597640991,224,529,512,512
8.088853597640991,224,529,512,512
8.088853597640991,224,530,512,512
8.105477809906006,224,530,512,512
8.10591983795166,224,529,512,512
8.10591983795166,224,529,512,512
8.10591983795166,224,529,512,512
8.10591983795166,224,529,512,512
8.10591983795166,224,529,512,512
8.10591983795166,224,530,512,512
8.10591983795166,224,530,512,512
8.10591983795166,224,530,512,512
8.10591983795166,223,529,512,512
8.10591983795166,224,529,512,512
8.10591983795166,224,529,512,512
8.10591983795166,224,529,512,512
8.10591983795166,224,530,512,512
8.10591983795166,224,530,512,512
8.10591983795166,224,529,512,512
8.10591983795166,224,529,512,512
8.10591983795166,224,529,512,512
8.120406150817871,224,529,512,512
8.120406150817871,224,529,512,512
8.120406150817871,224,529,512,512
8.120406150817871,224,530,512,512
8.120406150817871,224,530,512,512
8.120406150817871,224,529,512,512
8.120406150817871,224,529,512,512
8.120406150817871,224,529,512,512
8.120406150817871,224,529,512,512
8.120406150817871,224,529,512,512
8.120406150817871,224,530,512,512
8.120406150817871,224,529,512,512
8.120406150817871,224,529,512,512
8.120406150817871,224,529,512,512
8.120406150817871,224,529,512,512
8.120406150817871,224,529,512,512
8.120406150817871,224,529,512,512
8.120406150817871,224,530,512,512
8.120406150817871,224,530,512,512
8.13607668876648,224,529,512,512
8.137330532073975,224,529,512,512
8.137834548950195,224,529,512,512
8.137834548950195,224,529,512,512
8.137834548950195,224,529,512,512
8.141387939453125,224,530,512,512
8.141798734664917,224,530,512,512
8.142606258392334,224,530,512,512
8.142854452133179,224,529,512,512
8.143864393234253,224,529,512,512
8.144862174987793,224,529,512,512
8.145862579345703,224,529,512,512
8.146862745285034,224,530,512,512
8.146862745285034,224,530,512,512
8.147862672805786,224,529,512,512
8.148862838745117,224,529,512,512
8.14986276626587,224,529,512,512
8.150862693786621,224,529,512,512
8.151867389678955,224,529,512,512
8.152861595153809,224,529,512,512
8.153861284255981,224,530,512,512
8.153861284255981,224,529,512,512
8.154872417449951,224,529,512,512
8.155863285064697,224,529,512,512
8.156865119934082,224,529,512,512
8.156865119934082,224,529,512,512
8.158056259155273,223,529,512,512
8.159703016281128,224,530,512,512
8.15993618965149,224,530,512,512
8.160946607589722,224,529,512,512
8.161946535110474,224,529,512,512
8.162946462631226,224,529,512,512
8.163947105407715,224,529,512,512
8.163947105407715,224,529,512,512
8.164945840835571,224,530,512,512
8.16594672203064,224,529,512,512
8.16694688796997,224,528,512,512
8.167946815490723,224,528,512,512
8.168946504592896,224,528,512,512
8.168946504592896,224,527,512,512
8.16994595527649,224,528,512,512
8.170944690704346,224,529,512,512
8.171945571899414,224,529,512,512
8.173354625701904,224,528,512,512
8.173837900161743,224,528,512,512
8.174927473068237,224,528,512,512
8.174927473068237,224,528,512,512
8.176812648773193,224,528,512,512
8.176812648773193,224,529,512,512
8.177825927734375,224,529,512,512
8.178825616836548,224,528,512,512
8.179823875427246,224,528,512,512
8.180823802947998,224,528,512,512
8.18182373046875,224,528,512,512
8.18182373046875,224,528,512,512
8.182823657989502,224,529,512,512
8.183823585510254,224,529,512,512
8.184823274612427,224,529,512,512
8.185823202133179,224,528,512,512
8.186837673187256,224,529,512,512
8.187827348709106,224,528,512,512
8.187827348709106,224,528,512,512
8.1888267993927,224,529,512,512
8.19019865989685,224,530,512,512
8.19071078300476,224,529,512,512
8.191940307617188,224,528,512,512
8.191940307617188,224,529,512,512
8.192935466766357,224,528,512,512
8.193934440612793,224,528,512,512
8.194936037063599,224,529,512,512
8.196176767349243,224,530,512,512
8.196451902389526,224,529,512,512
8.197460174560547,224,528,512,512
8.198458671569824,224,528,512,512
8.199459075927734,224,528,512,512
8.200459241867065,224,528,512,512
8.200459241867065,224,528,512,512
8.201460123062134,224,529,512,512
8.202461004257202,224,530,512,512
8.203463315963745,224,529,512,512
8.204461574554443,224,529,512,512
8.205463409423828,224,529,512,512
8.206462860107422,224,528,512,512
8.206462860107422,224,528,512,512
8.207716464996338,225,529,512,512
8.208712339401245,225,529,512,512
8.209715843200684,224,528,512,512
8.210714101791382,224,528,512,512
8.210714101791382,224,528,512,512
8.211713790893555,224,527,512,512
8.21327257156372,224,528,512,512
8.213541030883789,224,528,512,512
8.214552402496338,224,529,512,512
8.215552568435669,224,529,512,512
8.216552495956421,224,528,512,512
8.217552423477173,224,529,512,512
8.217552423477173,224,528,512,512
8.218552350997925,224,528,512,512
8.219553470611572,224,529,512,512
8.220553159713745,224,529,512,512
8.221553325653076,224,529,512,512
8.222553014755249,224,528,512,512
8.22355842590332,224,529,512,512
8.22355842590332,224,529,512,512
8.22355842590332,224,528,512,512
8.22355842590332,224,529,512,512
8.22355842590332,224,530,512,512
8.22355842590332,224,529,512,512
8.22355842590332,224,529,512,512
8.22355842590332,224,529,512,512
8.22355842590332,224,529,512,512
8.22355842590332,224,528,512,512
8.22355842590332,224,529,512,512
8.22355842590332,224,530,512,512
8.22355842590332,224,529,512,512
8.22355842590332,224,528,512,512
8.22355842590332,224,529,512,512
8.22355842590332,224,529,512,512
8.22355842590332,224,528,512,512
8.22355842590332,224,528,512,512
8.238388538360596,224,530,512,512
8.238388538360596,224,529,512,512
8.238388538360596,224,529,512,512
8.238388538360596,224,528,512,512
8.238388538360596,224,529,512,512
8.238388538360596,224,528,512,512
8.238388538360596,224,529,512,512
8.238388538360596,224,529,512,512
8.238388538360596,224,529,512,512
8.238388538360596,224,529,512,512
8.238388538360596,224,528,512,512
8.238388538360596,224,528,512,512
8.238388538360596,224,528,512,512
8.238388538360596,224,528,512,512
8.238388538360596,224,529,512,512
8.238388538360596,224,529,512,512
8.238388538360596,224,528,512,512
8.238388538360596,224,528,512,512
8.254112482070923,224,528,512,512
8.254112482070923,224,528,512,512
8.254112482070923,224,528,512,512
8.254112482070923,224,529,512,512
8.254112482070923,224,530,512,512
8.254112482070923,224,529,512,512
8.254112482070923,224,528,512,512
8.254112482070923,224,529,512,512
8.254112482070923,224,528,512,512
8.254112482070923,224,528,512,512
8.254112482070923,224,529,512,512
8.254112482070923,224,530,512,512
8.254112482070923,224,529,512,512
8.254112482070923,224,529,512,512
8.254112482070923,224,529,512,512
8.254112482070923,224,528,512,512
8.254112482070923,224,528,512,512
8.254112482070923,224,529,512,512
8.254112482070923,224,529,512,512
8.269749879837036,224,529,512,512
8.269749879837036,224,528,512,512
8.271979570388794,224,529,512,512
8.272215843200684,224,529,512,512
8.272215843200684,224,528,512,512
8.272215843200684,224,529,512,512
8.272215843200684,224,530,512,512
8.272215843200684,224,529,512,512
8.272215843200684,224,529,512,512
8.272215843200684,224,528,512,512
8.272215843200684,224,529,512,512
8.272215843200684,224,528,512,512
8.272215843200684,224,529,512,512
8.272215843200684,224,530,512,512
8.272215843200684,224,530,512,512
8.272215843200684,224,529,512,512
8.272215843200684,224,529,512,512
8.272215843200684,224,529,512,512
8.285507202148438,224,529,512,512
8.285507202148438,224,529,512,512
8.285507202148438,224,530,512,512
8.285507202148438,224,530,512,512
8.285507202148438,224,529,512,512
8.285507202148438,224,528,512,512
8.285507202148438,224,528,512,512
8.285507202148438,224,528,512,512
8.285507202148438,224,528,512,512
8.285507202148438,224,529,512,512
8.285507202148438,224,529,512,512
8.285507202148438,224,529,512,512
8.285507202148438,224,529,512,512
8.285507202148438,224,529,512,512
8.285507202148438,224,529,512,512
8.285507202148438,224,529,512,512
8.285507202148438,224,529,512,512
8.285507202148438,224,530,512,512
8.285507202148438,224,529,512,512
8.301156282424927,224,528,512,512
8.301156282424927,224,528,512,512
8.301156282424927,224,528,512,512
8.301156282424927,224,528,512,512
8.301156282424927,224,529,512,512
8.301156282424927,224,529,512,512
8.301156282424927,224,529,512,512
8.301156282424927,224,528,512,512
8.301156282424927,224,528,512,512
8.301156282424927,224,529,512,512
8.301156282424927,224,528,512,512
8.301156282424927,224,529,512,512
8.301156282424927,224,530,512,512
8.301156282424927,224,530,512,512
8.301156282424927,224,529,512,512
8.301156282424927,224,529,512,512
8.301156282424927,224,529,512,512
8.301156282424927,224,528,512,512
8.316880226135254,224,529,512,512
8.317907333374023,224,529,512,512
8.318660736083984,224,530,512,512
8.318660736083984,224,529,512,512
8.318660736083984,224,529,512,512
8.318660736083984,224,529,512,512
8.318660736083984,224,528,512,512
8.318660736083984,224,528,512,512
8.318660736083984,225,529,512,512
8.318660736083984,224,530,512,512
8.318660736083984,224,529,512,512
8.318660736083984,224,529,512,512
8.318660736083984,224,529,512,512
8.318660736083984,224,528,512,512
8.318660736083984,224,528,512,512
8.318660736083984,224,529,512,512
8.318660736083984,224,529,512,512
8.318660736083984,224,528,512,512
8.318660736083984,224,528,512,512
8.332567691802979,224,528,512,512
8.332567691802979,224,528,512,512
8.332567691802979,224,528,512,512
8.332567691802979,224,529,512,512
8.332567691802979,224,530,512,512
8.332567691802979,224,529,512,512
8.332567691802979,224,529,512,512
8.332567691802979,224,529,512,512
8.332567691802979,224,529,512,512
8.332567691802979,224,528,512,512
8.332567691802979,224,529,512,512
8.332567691802979,224,530,512,512
8.332567691802979,224,529,512,512
8.332567691802979,224,529,512,512
8.332567691802979,224,529,512,512
8.332567691802979,224,529,512,512
8.332567691802979,224,529,512,512
8.332567691802979,224,529,512,512
8.348307847976685,224,530,512,512
8.349281311035156,224,529,512,512
8.349545001983643,224,529,512,512
8.349545001983643,224,529,512,512
8.349545001983643,224,529,512,512
8.349545001983643,224,529,512,512
8.349545001983643,224,529,512,512
8.349545001983643,224,530,512,512
8.349545001983643,224,529,512,512
8.349545001983643,224,529,512,512
8.349545001983643,224,529,512,512
8.349545001983643,224,529,512,512
8.349545001983643,224,529,512,512
8.349545001983643,224,529,512,512
8.349545001983643,224,529,512,512
8.349545001983643,224,530,512,512
8.349545001983643,224,529,512,512
8.349545001983643,224,528,512,512
8.349545001983643,224,529,512,512
8.364161491394043,224,528,512,512
8.365263938903809,224,529,512,512
8.366338014602661,224,529,512,512
8.366338014602661,224,530,512,512
8.366338014602661,224,529,512,512
8.366338014602661,224,528,512,512
8.366338014602661,224,528,512,512
8.366338014602661,224,528,512,512
8.366338014602661,224,528,512,512
8.366338014602661,224,528,512,512
8.366338014602661,223,529,512,512
8.366338014602661,224,529,512,512
8.366338014602661,224,528,512,512
8.366338014602661,224,528,512,512
8.366338014602661,224,528,512,512
8.366338014602661,224,528,512,512
8.366338014602661,224,529,512,512
8.366338014602661,224,530,512,512
8.379881381988525,224,530,512,512
8.379881381988525,224,529,512,512
8.379881381988525,224,529,512,512
8.381889820098877,224,529,512,512
8.381889820098877,224,528,512,512
8.381889820098877,224,529,512,512
8.384751796722412,224,530,512,512
8.384751796722412,224,530,512,512
8.384751796722412,224,529,512,512
8.384751796722412,224,529,512,512
8.384751796722412,224,529,512,512
8.384751796722412,224,529,512,512
8.384751796722412,224,529,512,512
8.384751796722412,224,530,512,512
8.384751796722412,224,530,512,512
8.384751796722412,224,529,512,512
8.384751796722412,224,529,512,512
8.384751796722412,224,529,512,512
8.384751796722412,224,529,512,512
8.395746946334839,224,529,512,512
8.395746946334839,224,529,512,512
8.395746946334839,224,530,512,512
8.395746946334839,224,529,512,512
8.395746946334839,224,528,512,512
8.395746946334839,224,529,512,512
8.395746946334839,224,529,512,512
8.395746946334839,224,529,512,512
8.395746946334839,224,529,512,512
8.395746946334839,224,530,512,512
8.395746946334839,224,529,512,512
8.395746946334839,224,528,512,512
8.395746946334839,224,529,512,512
8.395746946334839,224,529,512,512
8.395746946334839,224,529,512,512
8.395746946334839,224,529,512,512
8.395746946334839,224,529,512,512
8.395746946334839,224,529,512,512
8.411489963531494,224,528,512,512
8.411489963531494,224,528,512,512
8.411489963531494,224,528,512,512
8.411489963531494,224,528,512,512
8.411489963531494,224,529,512,512
8.411489963531494,224,530,512,512
8.411489963531494,224,529,512,512
8.411489963531494,224,529,512,512
8.411489963531494,224,529,512,512
8.411489963531494,224,529,512,512
8.411489963531494,224,529,512,512
8.411489963531494,224,529,512,512
8.411489963531494,224,530,512,512
8.411489963531494,224,529,512,512
8.411489963531494,224,529,512,512
8.411489963531494,224,529,512,512
8.411489963531494,224,529,512,512
8.411489963531494,224,528,512,512
8.411489963531494,224,529,512,512
8.427156925201416,224,530,512,512
8.427156925201416,224,530,512,512
8.427156925201416,224,529,512,512
8.427156925201416,224,529,512,512
8.427156925201416,224,529,512,512
8.427156925201416,224,529,512,512
8.427156925201416,224,529,512,512
8.427156925201416,224,530,512,512
8.427156925201416,224,530,512,512
8.427156925201416,224,529,512,512
8.427156925201416,224,529,512,512
8.427156925201416,224,529,512,512
8.427156925201416,224,528,512,512
8.427156925201416,224,528,512,512
8.427156925201416,224,529,512,512
8.427156925201416,224,530,512,512
8.427156925201416,224,529,512,512
8.427156925201416,224,529,512,512
8.442898273468018,224,529,512,512
8.442898273468018,224,529,512,512
8.442898273468018,224,529,512,512
8.442898273468018,224,529,512,512
8.442898273468018,224,530,512,512
8.442898273468018,224,530,512,512
8.442898273468018,224,529,512,512
8.442898273468018,224,529,512,512
8.442898273468018,224,528,512,512
8.442898273468018,224,528,512,512
8.442898273468018,224,528,512,512
8.442898273468018,224,529,512,512
8.442898273468018,224,529,512,512
8.442898273468018,224,528,512,512
8.442898273468018,224,528,512,512
8.442898273468018,224,529,512,512
8.442898273468018,224,528,512,512
8.442898273468018,224,529,512,512
8.442898273468018,224,530,512,512
8.458531141281128,224,530,512,512
8.458531141281128,224,529,512,512
8.458531141281128,224,529,512,512
8.458531141281128,224,529,512,512
8.458531141281128,224,529,512,512
8.458531141281128,224,529,512,512
8.458531141281128,224,530,512,512
8.458531141281128,224,529,512,512
8.458531141281128,224,529,512,512
8.458531141281128,224,528,512,512
8.458531141281128,224,529,512,512
8.458531141281128,224,528,512,512
8.458531141281128,224,528,512,512
8.458531141281128,224,530,512,512
8.458531141281128,224,530,512,512
8.458531141281128,224,529,512,512
8.458531141281128,224,529,512,512
8.458531141281128,224,529,512,512
8.474306106567383,224,529,512,512
8.474306106567383,224,529,512,512
8.474306106567383,224,529,512,512
8.474306106567383,224,530,512,512
8.474306106567383,224,529,512,512
8.474306106567383,224,529,512,512
8.474306106567383,224,529,512,512
8.474306106567383,224,529,512,512
8.474306106567383,224,528,512,512
8.474306106567383,224,529,512,512
8.474306106567383,224,530,512,512
8.474306106567383,224,529,512,512
8.474306106567383,224,528,512,512
8.474306106567383,224,529,512,512
8.474306106567383,224,529,512,512
8.474306106567383,224,529,512,512
8.474306106567383,224,529,512,512
8.474306106567383,224,530,512,512
8.474306106567383,224,530,512,512
8.490334033966064,224,528,512,512
8.490334033966064,224,528,512,512
8.490334033966064,224,528,512,512
8.490334033966064,224,528,512,512
8.490334033966064,224,528,512,512
8.490334033966064,224,529,512,512
8.490334033966064,224,529,512,512
8.490334033966064,224,529,512,512
8.490334033966064,224,529,512,512
8.490334033966064,224,529,512,512
8.490334033966064,224,529,512,512
8.490334033966064,224,529,512,512
8.490334033966064,224,530,512,512
8.490334033966064,224,530,512,512
8.490334033966064,224,529,512,512
8.490334033966064,224,529,512,512
8.490334033966064,224,529,512,512
8.490334033966064,224,529,512,512
8.490334033966064,224,529,512,512
8.506412982940674,224,529,512,512
8.506412982940674,224,530,512,512
8.506412982940674,224,529,512,512
8.506412982940674,224,529,512,512
8.506412982940674,224,529,512,512
8.506412982940674,224,529,512,512
8.506412982940674,224,529,512,512
8.506412982940674,224,529,512,512
8.506412982940674,224,530,512,512
8.506412982940674,224,529,512,512
8.506412982940674,224,529,512,512
8.506412982940674,224,529,512,512
8.516318559646606,224,529,512,512
8.516318559646606,224,528,512,512
8.516318559646606,225,529,512,512
8.516318559646606,224,530,512,512
8.516318559646606,224,529,512,512
8.516318559646606,224,529,512,512
8.516318559646606,224,529,512,512
8.522293329238892,224,529,512,512
8.523799180984497,224,529,512,512
8.523799180984497,224,529,512,512
8.524812459945679,224,530,512,512
8.525814771652222,224,529,512,512
8.526814460754395,224,529,512,512
8.527814388275146,224,529,512,512
8.528813600540161,224,529,512,512
8.528813600540161,224,529,512,512
8.529813766479492,224,529,512,512
8.530812978744507,224,530,512,512
8.531812906265259,224,529,512,512
8.532813310623169,224,528,512,512
8.533812761306763,224,528,512,512
8.534391641616821,224,528,512,512
8.535541534423828,224,528,512,512
8.53581428527832,225,528,512,512
8.536821126937866,225,529,512,512
8.537820816040039,224,529,512,512
8.538817882537842,224,529,512,512
8.539435625076294,224,529,512,512
8.540467739105225,224,529,512,512
8.540836095809937,224,529,512,512
8.541861772537231,224,529,512,512
8.542861223220825,225,529,512,512
8.543861389160156,224,530,512,512
8.544861316680908,224,529,512,512
8.544861316680908,224,529,512,512
8.54586148262024,224,529,512,512
8.546861410140991,224,528,512,512
8.547861576080322,224,528,512,512
8.548861980438232,224,529,512,512
8.549862384796143,224,530,512,512
8.55086374282837,224,529,512,512
8.551875114440918,224,529,512,512
8.55214786529541,224,529,512,512
8.553287029266357,224,529,512,512
8.553914070129395,224,528,512,512
8.554922342300415,224,529,512,512
8.555923461914062,224,530,512,512
8.55671238899231,224,529,512,512
8.557830810546875,224,529,512,512
8.557830810546875,224,529,512,512
8.558813571929932,224,529,512,512
8.559813022613525,224,529,512,512
8.560814142227173,224,529,512,512
8.561813354492188,224,530,512,512
8.562813520431519,224,530,512,512
8.562813520431519,224,529,512,512
8.56381368637085,224,529,512,512
8.56481385231018,224,529,512,512
8.565814018249512,224,528,512,512
8.566814184188843,224,529,512,512
8.567815065383911,224,530,512,512
8.568821668624878,224,529,512,512
8.568821668624878,224,529,512,512
8.57050347328186,224,528,512,512
8.570778369903564,224,528,512,512
8.571785926818848,224,528,512,512
8.573134422302246,224,528,512,512
8.573134422302246,224,529,512,512
8.573134422302246,224,529,512,512
8.573134422302246,224,528,512,512
8.573134422302246,224,528,512,512
8.573134422302246,224,528,512,512
8.573134422302246,224,528,512,512
8.573134422302246,224,529,512,512
8.573134422302246,224,530,512,512
8.573134422302246,224,530,512,512
8.573134422302246,224,529,512,512
8.573134422302246,224,529,512,512
8.573134422302246,224,529,512,512
8.573134422302246,224,529,512,512
8.573134422302246,224,529,512,512
8.573134422302246,224,529,512,512
8.573134422302246,224,530,512,512
8.573134422302246,224,529,512,512
8.573134422302246,224,529,512,512
8.588439702987671,224,529,512,512
8.588439702987671,224,529,512,512
8.59091567993164,224,529,512,512
8.59116816520691,224,530,512,512
8.59116816520691,224,531,512,512
8.59116816520691,224,530,512,512
8.59116816520691,224,530,512,512
8.59116816520691,224,530,512,512
8.59116816520691,224,529,512,512
8.59116816520691,224,529,512,512
8.59116816520691,224,529,512,512
8.59116816520691,224,530,512,512
8.59116816520691,224,530,512,512
8.59116816520691,224,530,512,512
8.59116816520691,224,530,512,512
8.59116816520691,224,530,512,512
8.59116816520691,224,529,512,512
8.59116816520691,224,530,512,512
8.604249715805054,224,530,512,512
8.604249715805054,224,531,512,512
8.604249715805054,224,530,512,512
8.604249715805054,224,530,512,512
8.604249715805054,224,530,512,512
8.604249715805054,224,530,512,512
8.604249715805054,224,530,512,512
8.604249715805054,224,530,512,512
8.604249715805054,224,531,512,512
8.604249715805054,224,530,512,512
8.604249715805054,224,529,512,512
8.604249715805054,224,529,512,512
8.604249715805054,224,528,512,512
8.604249715805054,224,528,512,512
8.604249715805054,224,529,512,512
8.604249715805054,224,530,512,512
8.604249715805054,224,530,512,512
8.604249715805054,224,529,512,512
8.604249715805054,224,530,512,512
8.620023250579834,224,530,512,512
8.620023250579834,224,529,512,512
8.620023250579834,224,530,512,512
8.620023250579834,224,531,512,512
8.620023250579834,224,530,512,512
8.620023250579834,224,530,512,512
8.620023250579834,223,530,512,512
8.620023250579834,223,530,512,512
8.620023250579834,223,529,512,512
8.620023250579834,224,530,512,512
8.620023250579834,224,530,512,512
8.620023250579834,224,530,512,512
8.620023250579834,224,529,512,512
8.620023250579834,224,529,512,512
8.620023250579834,223,530,512,512
8.620023250579834,223,529,512,512
8.620023250579834,224,530,512,512
8.620023250579834,224,531,512,512
8.635692119598389,224,530,512,512
8.635692119598389,224,529,512,512
8.635692119598389,223,529,512,512
8.635692119598389,223,530,512,512
8.635692119598389,223,529,512,512
8.640064477920532,223,530,512,512
8.640064477920532,224,530,512,512
8.640064477920532,224,530,512,512
8.640064477920532,224,529,512,512
8.640064477920532,224,529,512,512
8.640064477920532,223,529,512,512
8.640064477920532,223,529,512,512
8.640064477920532,223,529,512,512
8.640064477920532,223,530,512,512
8.640064477920532,223,530,512,512
8.640064477920532,223,530,512,512
8.640064477920532,224,529,512,512
8.640064477920532,224,530,512,512
8.651414632797241,223,529,512,512
8.651414632797241,223,529,512,512
8.651414632797241,223,529,512,512
8.653952598571777,223,530,512,512
8.653952598571777,223,529,512,512
8.653952598571777,223,529,512,512
8.653952598571777,223,529,512,512
8.653952598571777,223,529,512,512
8.653952598571777,223,529,512,512
8.653952598571777,224,530,512,512
8.653952598571777,224,530,512,512
8.653952598571777,224,530,512,512
8.653952598571777,224,529,512,512
8.653952598571777,224,529,512,512
8.653952598571777,224,529,512,512
8.653952598571777,224,529,512,512
8.653952598571777,223,529,512,512
8.653952598571777,223,530,512,512
8.653952598571777,223,530,512,512
8.667232990264893,223,529,512,512
8.667900562286377,223,529,512,512
8.669195175170898,223,529,512,512
8.669195175170898,224,529,512,512
8.669195175170898,224,529,512,512
8.669195175170898,223,530,512,512
8.669195175170898,223,530,512,512
8.67320442199707,223,530,512,512
8.674357891082764,223,530,512,512
8.674357891082764,223,530,512,512
8.675368309020996,223,529,512,512
8.67636513710022,224,530,512,512
8.677365064620972,224,530,512,512
8.678364992141724,224,530,512,512
8.679365634918213,224,530,512,512
8.679365634918213,224,529,512,512
8.680365562438965,224,529,512,512
8.681365966796875,224,529,512,512
8.682366847991943,224,529,512,512
8.683367729187012,224,530,512,512
8.684368371963501,224,530,512,512
8.685365915298462,224,529,512,512
8.685365915298462,224,529,512,512
8.686363935470581,224,529,512,512
8.687366247177124,224,529,512,512
8.688363552093506,224,529,512,512
8.689364194869995,224,530,512,512
8.690035343170166,224,530,512,512
8.691202878952026,224,530,512,512
8.691471099853516,224,529,512,512
8.69247841835022,224,529,512,512
8.693479061126709,224,529,512,512
8.694478750228882,224,529,512,512
8.695479154586792,224,529,512,512
8.695479154586792,224,530,512,512
8.696479082107544,224,529,512,512
8.697479486465454,224,529,512,512
8.698479413986206,224,529,512,512
8.699482679367065,224,529,512,512
8.700481176376343,224,529,512,512
8.700481176376343,224,530,512,512
8.701478958129883,224,531,512,512
8.702477931976318,224,530,512,512
8.703476667404175,224,529,512,512
8.704476356506348,224,529,512,512
8.705478191375732,224,529,512,512
8.706212997436523,224,529,512,512
8.706212997436523,224,529,512,512
8.706212997436523,224,530,512,512
8.706212997436523,224,530,512,512
8.706212997436523,224,529,512,512
8.706212997436523,224,529,512,512
8.706212997436523,224,529,512,512
8.706212997436523,224,529,512,512
8.706212997436523,224,529,512,512
8.706212997436523,224,530,512,512
8.706212997436523,224,530,512,512
8.706212997436523,224,529,512,512
8.706212997436523,224,529,512,512
8.706212997436523,224,529,512,512
8.706212997436523,224,529,512,512
8.706212997436523,224,529,512,512
8.706212997436523,224,530,512,512
8.706212997436523,224,530,512,512
8.721314907073975,224,529,512,512
8.721314907073975,224,529,512,512
8.721314907073975,223,529,512,512
8.721314907073975,223,529,512,512
8.721314907073975,223,529,512,512
8.721314907073975,224,530,512,512
8.721314907073975,224,530,512,512
8.721314907073975,224,530,512,512
8.721314907073975,224,529,512,512
8.721314907073975,224,529,512,512
8.721314907073975,224,529,512,512
8.721314907073975,224,529,512,512
8.721314907073975,224,530,512,512
8.721314907073975,224,530,512,512
8.721314907073975,224,529,512,512
8.721314907073975,224,529,512,512
8.721314907073975,224,529,512,512
8.721314907073975,224,528,512,512
8.737106323242188,223,528,512,512
8.737106323242188,223,529,512,512
8.737106323242188,223,530,512,512
8.737106323242188,223,530,512,512
8.737106323242188,223,529,512,512
8.737106323242188,223,529,512,512
8.737106323242188,224,529,512,512
8.737106323242188,224,529,512,512
8.737106323242188,224,529,512,512
8.737106323242188,224,530,512,512
8.737106323242188,224,530,512,512
8.737106323242188,224,529,512,512
8.737106323242188,224,529,512,512
8.737106323242188,224,529,512,512
8.737106323242188,223,529,512,512
8.737106323242188,224,529,512,512
8.737106323242188,224,530,512,512
8.737106323242188,224,530,512,512
8.737106323242188,224,529,512,512
8.752830505371094,223,529,512,512
8.752830505371094,223,529,512,512
8.752830505371094,223,529,512,512
8.752830505371094,224,529,512,512
8.752830505371094,224,530,512,512
8.752830505371094,224,530,512,512
8.752830505371094,224,529,512,512
8.752830505371094,224,529,512,512
8.752830505371094,224,529,512,512
8.752830505371094,224,529,512,512
8.752830505371094,224,529,512,512
8.752830505371094,224,530,512,512
8.752830505371094,224,530,512,512
8.752830505371094,224,530,512,512
8.752830505371094,224,529,512,512
8.752830505371094,224,529,512,512
8.752830505371094,224,529,512,512
8.752830505371094,224,529,512,512
8.76852560043335,224,529,512,512
8.76852560043335,224,530,512,512
8.76852560043335,224,530,512,512
8.76852560043335,224,529,512,512
8.76852560043335,224,529,512,512
8.76852560043335,224,529,512,512
8.76852560043335,224,529,512,512
8.76852560043335,224,529,512,512
8.76852560043335,224,530,512,512
8.76852560043335,224,529,512,512
8.76852560043335,224,529,512,512
8.76852560043335,224,529,512,512
8.76852560043335,224,529,512,512
8.76852560043335,224,529,512,512
8.76852560043335,224,529,512,512
8.76852560043335,224,530,512,512
8.76852560043335,224,530,512,512
8.76852560043335,224,529,512,512
8.76852560043335,224,529,512,512
8.784185886383057,224,529,512,512
8.78506326675415,224,529,512,512
8.78506326675415,224,529,512,512
8.78506326675415,224,530,512,512
8.78506326675415,224,530,512,512
8.78506326675415,224,529,512,512
8.78506326675415,224,529,512,512
8.78506326675415,224,529,512,512
8.78506326675415,224,529,512,512
8.78506326675415,224,529,512,512
8.78506326675415,224,530,512,512
8.78506326675415,224,530,512,512
8.78506326675415,224,529,512,512
8.78506326675415,224,529,512,512
8.78506326675415,224,529,512,512
8.78506326675415,224,529,512,512
8.78506326675415,224,529,512,512
8.78506326675415,224,530,512,512
8.799899101257324,224,531,512,512
8.80094051361084,223,530,512,512
8.80117654800415,223,529,512,512
8.80117654800415,224,529,512,512
8.80117654800415,224,529,512,512
8.80117654800415,224,529,512,512
8.80117654800415,224,530,512,512
8.80117654800415,224,530,512,512
8.80117654800415,224,530,512,512
8.80117654800415,224,529,512,512
8.80117654800415,224,529,512,512
8.80117654800415,224,529,512,512
8.80117654800415,224,529,512,512
8.80117654800415,224,530,512,512
8.80117654800415,224,530,512,512
8.80117654800415,224,529,512,512
8.80117654800415,224,529,512,512
8.80117654800415,224,529,512,512
8.80117654800415,224,529,512,512
8.815541982650757,223,529,512,512
8.815541982650757,224,529,512,512
8.815541982650757,224,530,512,512
8.815541982650757,224,530,512,512
8.815541982650757,224,529,512,512
8.815541982650757,224,529,512,512
8.815541982650757,224,529,512,512
8.815541982650757,224,529,512,512
8.815541982650757,224,529,512,512
8.815541982650757,224,530,512,512
8.815541982650757,224,530,512,512
8.815541982650757,224,529,512,512
8.815541982650757,224,529,512,512
8.815541982650757,224,529,512,512
8.815541982650757,224,529,512,512
8.815541982650757,224,529,512,512
8.815541982650757,223,530,512,512
8.815541982650757,223,530,512,512
8.831377029418945,223,529,512,512
8.831377029418945,223,529,512,512
8.833393335342407,223,529,512,512
8.833393335342407,224,529,512,512
8.833393335342407,224,529,512,512
8.833393335342407,224,530,512,512
8.833393335342407,223,530,512,512
8.833393335342407,223,530,512,512
8.833393335342407,223,529,512,512
8.833393335342407,223,529,512,512
8.833393335342407,223,529,512,512
8.833393335342407,224,529,512,512
8.833393335342407,224,529,512,512
8.833393335342407,224,530,512,512
8.833393335342407,224,530,512,512
8.833393335342407,224,529,512,512
8.833393335342407,224,529,512,512
8.833393335342407,224,529,512,512
8.833393335342407,224,529,512,512
8.847114324569702,224,529,512,512
8.847114324569702,224,530,512,512
8.847114324569702,224,530,512,512
8.847114324569702,224,529,512,512
8.847114324569702,224,529,512,512
8.847114324569702,224,529,512,512
8.847114324569702,224,529,512,512
8.847114324569702,224,529,512,512
8.847114324569702,224,530,512,512
8.847114324569702,224,529,512,512
8.847114324569702,224,529,512,512
8.847114324569702,223,529,512,512
8.847114324569702,223,529,512,512
8.847114324569702,224,529,512,512
8.847114324569702,224,530,512,512
8.847114324569702,224,530,512,512
8.847114324569702,224,531,512,512
8.847114324569702,224,530,512,512
8.862775087356567,224,529,512,512
8.862775087356567,224,529,512,512
8.862775087356567,224,529,512,512
8.862775087356567,224,529,512,512
8.862775087356567,224,530,512,512
8.862775087356567,224,530,512,512
8.862775087356567,224,530,512,512
8.862775087356567,224,529,512,512
8.862775087356567,224,530,512,512
8.862775087356567,224,529,512,512
8.862775087356567,224,529,512,512
8.862775087356567,224,530,512,512
8.862775087356567,224,530,512,512
8.862775087356567,224,530,512,512
8.862775087356567,224,529,512,512
8.862775087356567,224,529,512,512
8.862775087356567,224,529,512,512
8.862775087356567,224,529,512,512
8.87844204902649,224,530,512,512
8.87844204902649,224,530,512,512
8.87844204902649,224,529,512,512
8.87844204902649,224,529,512,512
8.87844204902649,224,529,512,512
8.87844204902649,224,529,512,512
8.87844204902649,223,529,512,512
8.87844204902649,224,529,512,512
8.87844204902649,224,530,512,512
8.87844204902649,224,529,512,512
8.87844204902649,224,529,512,512
8.87844204902649,224,529,512,512
8.87844204902649,224,529,512,512
8.87844204902649,224,529,512,512
8.87844204902649,224,529,512,512
8.87844204902649,224,530,512,512
8.87844204902649,224,530,512,512
8.87844204902649,224,529,512,512
8.87844204902649,224,529,512,512
8.894177675247192,224,529,512,512
8.894177675247192,224,528,512,512
8.894177675247192,224,529,512,512
8.894177675247192,223,529,512,512
8.894177675247192,223,530,512,512
8.894177675247192,223,529,512,512
8.894177675247192,224,529,512,512
8.894177675247192,224,529,512,512
8.894177675247192,224,529,512,512
8.894177675247192,224,529,512,512
8.894177675247192,224,530,512,512
8.894177675247192,223,530,512,512
8.894177675247192,223,530,512,512
8.894177675247192,224,529,512,512
8.894177675247192,224,529,512,512
8.894177675247192,224,529,512,512
8.894177675247192,224,529,512,512
8.894177675247192,224,530,512,512
8.909871101379395,224,530,512,512
8.909871101379395,224,529,512,512
8.91178584098816,224,529,512,512
8.91178584098816,224,529,512,512
8.91178584098816,223,529,512,512
8.91178584098816,223,529,512,512
8.91178584098816,224,530,512,512
8.91178584098816,224,530,512,512
8.91178584098816,224,530,512,512
8.91178584098816,224,529,512,512
8.91178584098816,224,529,512,512
8.91178584098816,224,529,512,512
8.91178584098816,224,529,512,512
8.91178584098816,224,530,512,512
8.91178584098816,224,530,512,512
8.91178584098816,224,530,512,512
8.91178584098816,224,529,512,512
8.91178584098816,224,529,512,512
8.91178584098816,224,529,512,512
8.925570487976074,224,529,512,512
8.925570487976074,224,529,512,512
8.925570487976074,223,530,512,512
8.925570487976074,223,530,512,512
8.925570487976074,223,529,512,512
8.925570487976074,223,529,512,512
8.925570487976074,224,529,512,512
8.925570487976074,224,529,512,512
8.925570487976074,224,529,512,512
8.925570487976074,224,530,512,512
8.925570487976074,224,530,512,512
8.925570487976074,224,529,512,512
8.925570487976074,224,528,512,512
8.925570487976074,224,529,512,512
8.925570487976074,224,528,512,512
8.925570487976074,224,528,512,512
8.925570487976074,224,529,512,512
8.925570487976074,224,529,512,512
8.925570487976074,223,529,512,512
8.941461324691772,223,529,512,512
8.941461324691772,223,529,512,512
8.941461324691772,223,529,512,512
8.941461324691772,223,529,512,512
8.941461324691772,224,530,512,512
8.941461324691772,224,530,512,512
8.941461324691772,223,530,512,512
8.941461324691772,223,529,512,512
8.941461324691772,223,529,512,512
8.941461324691772,223,529,512,512
8.941461324691772,223,529,512,512
8.941461324691772,223,530,512,512
8.941461324691772,224,530,512,512
8.941461324691772,224,529,512,512
8.941461324691772,224,529,512,512
8.941461324691772,224,529,512,512
8.941461324691772,223,529,512,512
8.941461324691772,223,529,512,512
8.957365989685059,223,529,512,512
8.958287954330444,223,530,512,512
8.958287954330444,223,530,512,512
8.958287954330444,223,529,512,512
8.958287954330444,223,529,512,512
8.958287954330444,224,529,512,512
8.958287954330444,224,529,512,512
8.958287954330444,224,529,512,512
8.958287954330444,224,530,512,512
8.958287954330444,223,530,512,512
8.958287954330444,223,530,512,512
8.958287954330444,223,529,512,512
8.958287954330444,223,529,512,512
8.958287954330444,224,529,512,512
8.958287954330444,224,529,512,512
8.958287954330444,224,530,512,512
8.958287954330444,224,530,512,512
8.958287954330444,224,530,512,512
8.958287954330444,224,529,512,512
8.973755598068237,224,529,512,512
8.973755598068237,224,529,512,512
8.973755598068237,224,528,512,512
8.973755598068237,224,529,512,512
8.973755598068237,224,529,512,512
8.973755598068237,223,528,512,512
8.973755598068237,224,528,512,512
8.973755598068237,224,529,512,512
8.973755598068237,224,529,512,512
8.973755598068237,224,529,512,512
8.973755598068237,224,530,512,512
8.973755598068237,224,530,512,512
8.973755598068237,224,530,512,512
8.973755598068237,224,529,512,512
8.973755598068237,224,529,512,512
8.973755598068237,223,529,512,512
8.973755598068237,224,529,512,512
8.973755598068237,224,530,512,512
8.988779544830322,224,530,512,512
8.988779544830322,224,530,512,512
8.988779544830322,224,529,512,512
8.988779544830322,224,529,512,512
8.988779544830322,224,529,512,512
8.988779544830322,224,529,512,512
8.988779544830322,224,530,512,512
8.988779544830322,224,530,512,512
8.988779544830322,224,530,512,512
8.988779544830322,224,529,512,512
8.988779544830322,224,529,512,512
8.988779544830322,224,529,512,512
8.988779544830322,224,529,512,512
8.988779544830322,224,529,512,512
8.988779544830322,224,530,512,512
8.988779544830322,224,530,512,512
8.988779544830322,224,529,512,512
8.988779544830322,224,529,512,512
8.988779544830322,224,529,512,512
9.004625797271729,224,529,512,512
9.0057213306427,224,529,512,512
9.0057213306427,224,530,512,512
9.0057213306427,224,530,512,512
9.0057213306427,224,529,512,512
9.0057213306427,224,529,512,512
9.0057213306427,224,529,512,512
9.0057213306427,224,529,512,512
9.0057213306427,224,529,512,512
9.0057213306427,224,530,512,512
9.0057213306427,224,530,512,512
9.0057213306427,224,529,512,512
9.0057213306427,224,528,512,512
9.0057213306427,224,528,512,512
9.0057213306427,224,528,512,512
9.0057213306427,224,528,512,512
9.0057213306427,224,528,512,512
9.0057213306427,224,529,512,512
9.020365476608276,224,529,512,512
9.020365476608276,224,528,512,512
9.02203106880188,224,529,512,512
9.022994995117188,224,528,512,512
9.022994995117188,224,528,512,512
9.024648189544678,224,529,512,512
9.025549173355103,224,529,512,512
9.026216268539429,224,529,512,512
9.027227878570557,224,529,512,512
9.027227878570557,224,529,512,512
9.02822494506836,224,529,512,512
9.02922534942627,224,528,512,512
9.030225276947021,224,529,512,512
9.031225442886353,224,530,512,512
9.032225847244263,224,529,512,512
9.03322720527649,224,529,512,512
9.0342276096344,224,529,512,512
9.0342276096344,224,529,512,512
9.03522777557373,224,528,512,512
9.03623366355896,224,529,512,512
9.037224769592285,224,529,512,512
9.038229942321777,224,529,512,512
9.039685726165771,224,528,512,512
9.039685726165771,224,528,512,512
9.040900945663452,224,528,512,512
9.041924238204956,224,528,512,512
9.042691469192505,224,528,512,512
9.042691469192505,224,529,512,512
9.043732643127441,224,529,512,512
9.044732093811035,224,529,512,512
9.045732021331787,224,528,512,512
9.046741485595703,224,529,512,512
9.047731637954712,224,528,512,512
9.047731637954712,224,529,512,512
9.048729419708252,224,530,512,512
9.049728393554688,224,530,512,512
9.05072832107544,224,529,512,512
9.051730394363403,224,529,512,512
9.052730321884155,224,529,512,512
9.052730321884155,224,529,512,512
9.054731607437134,224,528,512,512
9.054731607437134,224,529,512,512
9.055728197097778,224,529,512,512
9.056334257125854,224,528,512,512
9.056334257125854,224,528,512,512
9.056334257125854,224,528,512,512
9.056334257125854,224,528,512,512
9.056334257125854,224,528,512,512
9.056334257125854,224,529,512,512
9.056334257125854,224,530,512,512
9.056334257125854,224,529,512,512
9.056334257125854,224,529,512,512
9.056334257125854,224,529,512,512
9.056334257125854,224,529,512,512
9.056334257125854,224,528,512,512
9.056334257125854,224,529,512,512
9.056334257125854,224,530,512,512
9.056334257125854,224,529,512,512
9.056334257125854,224,528,512,512
9.056334257125854,224,529,512,512
9.071404933929443,224,529,512,512
9.071404933929443,224,528,512,512
9.071404933929443,224,529,512,512
9.071404933929443,224,530,512,512
9.071404933929443,224,530,512,512
9.071404933929443,224,529,512,512
9.071404933929443,224,529,512,512
9.071404933929443,224,529,512,512
9.071404933929443,224,528,512,512
9.071404933929443,224,529,512,512
9.071404933929443,224,530,512,512
9.071404933929443,224,530,512,512
9.071404933929443,224,529,512,512
9.071404933929443,224,529,512,512
9.071404933929443,224,529,512,512
9.071404933929443,224,528,512,512
9.071404933929443,224,528,512,512
9.071404933929443,224,529,512,512
9.071404933929443,224,530,512,512
9.087091445922852,224,529,512,512
9.088624000549316,224,528,512,512
9.088624000549316,224,529,512,512
9.088624000549316,224,529,512,512
9.088624000549316,224,529,512,512
9.088624000549316,224,529,512,512
9.088624000549316,224,530,512,512
9.088624000549316,224,529,512,512
9.088624000549316,224,529,512,512
9.088624000549316,224,529,512,512
9.088624000549316,224,528,512,512
9.088624000549316,224,528,512,512
9.088624000549316,224,529,512,512
9.088624000549316,224,529,512,512
9.088624000549316,224,528,512,512
9.088624000549316,224,528,512,512
9.088624000549316,224,528,512,512
9.088624000549316,224,528,512,512
9.102796077728271,224,528,512,512
9.102796077728271,224,529,512,512
9.104811429977417,224,530,512,512
9.104811429977417,224,530,512,512
9.106825351715088,224,529,512,512
9.106825351715088,224,529,512,512
9.106825351715088,224,529,512,512
9.106825351715088,224,529,512,512
9.109253406524658,224,529,512,512
9.109253406524658,224,530,512,512
9.109253406524658,224,529,512,512
9.109253406524658,224,529,512,512
9.109253406524658,224,529,512,512
9.109253406524658,224,529,512,512
9.109253406524658,224,529,512,512
9.109253406524658,224,529,512,512
9.109253406524658,224,530,512,512
9.109253406524658,224,529,512,512
9.109253406524658,224,529,512,512
9.11861252784729,224,529,512,512
9.11861252784729,224,529,512,512
9.11861252784729,224,529,512,512
9.11861252784729,224,529,512,512
9.11861252784729,224,529,512,512
9.11861252784729,224,529,512,512
9.11861252784729,224,529,512,512
9.11861252784729,224,529,512,512
9.11861252784729,224,529,512,512
9.11861252784729,224,528,512,512
9.11861252784729,224,528,512,512
9.11861252784729,224,529,512,512
9.11861252784729,224,530,512,512
9.11861252784729,224,529,512,512
9.11861252784729,224,529,512,512
9.11861252784729,224,529,512,512
9.11861252784729,224,529,512,512
9.11861252784729,224,528,512,512
9.13432002067566,224,529,512,512
9.13432002067566,224,529,512,512
9.13432002067566,224,529,512,512
9.13432002067566,224,528,512,512
9.13432002067566,224,528,512,512
9.13432002067566,224,528,512,512
9.13432002067566,224,528,512,512
9.13432002067566,224,529,512,512
9.13432002067566,224,529,512,512
9.13432002067566,224,529,512,512
9.13432002067566,224,529,512,512
9.13432002067566,224,529,512,512
9.13432002067566,224,529,512,512
9.13432002067566,224,529,512,512
9.13432002067566,224,529,512,512
9.13432002067566,224,530,512,512
9.13432002067566,224,529,512,512
9.13432002067566,224,529,512,512
9.13432002067566,224,528,512,512
9.150003671646118,224,529,512,512
9.150895357131958,224,528,512,512
9.150895357131958,224,529,512,512
9.150895357131958,224,530,512,512
9.150895357131958,224,530,512,512
9.150895357131958,224,529,512,512
9.150895357131958,224,529,512,512
9.150895357131958,224,529,512,512
9.150895357131958,224,529,512,512
9.150895357131958,224,529,512,512
9.150895357131958,224,530,512,512
9.150895357131958,224,530,512,512
9.150895357131958,224,529,512,512
9.150895357131958,224,529,512,512
9.150895357131958,224,529,512,512
9.150895357131958,224,529,512,512
9.150895357131958,224,529,512,512
9.150895357131958,224,529,512,512
9.165825605392456,224,530,512,512
9.166839361190796,224,529,512,512
9.166839361190796,224,529,512,512
9.166839361190796,224,529,512,512
9.166839361190796,224,529,512,512
9.166839361190796,224,529,512,512
9.166839361190796,224,530,512,512
9.166839361190796,224,530,512,512
9.166839361190796,224,529,512,512
9.166839361190796,224,529,512,512
9.166839361190796,225,529,512,512
9.166839361190796,224,529,512,512
9.166839361190796,224,529,512,512
9.166839361190796,224,529,512,512
9.166839361190796,224,529,512,512
9.166839361190796,224,529,512,512
9.166839361190796,224,528,512,512
9.166839361190796,224,528,512,512
9.166839361190796,224,528,512,512
9.181714534759521,224,528,512,512
9.182638883590698,224,528,512,512
9.183661937713623,224,529,512,512
9.184703588485718,224,529,512,512
9.18520450592041,224,529,512,512
9.186233043670654,224,529,512,512
9.186540126800537,224,529,512,512
9.187541246414185,224,529,512,512
9.188538312911987,224,529,512,512
9.189847707748413,224,530,512,512
9.190192937850952,224,530,512,512
9.190192937850952,224,529,512,512
9.190192937850952,224,529,512,512
9.190192937850952,224,529,512,512
9.190192937850952,224,529,512,512
9.190192937850952,224,529,512,512
9.190192937850952,224,530,512,512
9.190192937850952,224,530,512,512
9.190192937850952,224,529,512,512
9.190192937850952,224,529,512,512
9.190192937850952,224,529,512,512
9.190192937850952,224,528,512,512
9.190192937850952,224,528,512,512
9.190192937850952,224,529,512,512
9.190192937850952,224,530,512,512
9.190192937850952,224,529,512,512
9.190192937850952,224,528,512,512
9.190192937850952,224,529,512,512
9.205195903778076,224,528,512,512
9.206429481506348,224,528,512,512
9.20689582824707,224,529,512,512
9.208032369613647,224,530,512,512
9.209028005599976,224,530,512,512
9.21002745628357,224,529,512,512
9.21002745628357,224,529,512,512
9.211026906967163,224,529,512,512
9.212757349014282,224,529,512,512
9.21324896812439,224,529,512,512
9.214255809783936,224,530,512,512
9.215255498886108,224,530,512,512
9.215255498886108,224,529,512,512
9.21625566482544,224,528,512,512
9.217255592346191,224,528,512,512
9.218257665634155,224,528,512,512
9.21925663948059,224,528,512,512
9.220256567001343,224,529,512,512
9.220256567001343,224,529,512,512
9.221256256103516,224,528,512,512
9.222257375717163,224,528,512,512
9.223657131195068,223,529,512,512
9.223657131195068,223,529,512,512
9.224812269210815,224,529,512,512
9.225812911987305,224,530,512,512
9.22681188583374,224,530,512,512
9.22780990600586,224,529,512,512
9.228809118270874,224,529,512,512
9.228809118270874,224,529,512,512
9.229808330535889,224,529,512,512
9.23080849647522,224,529,512,512
9.231807470321655,224,530,512,512
9.232807159423828,224,530,512,512
9.233806848526001,224,529,512,512
9.233806848526001,224,528,512,512
9.234806776046753,224,529,512,512
9.235806465148926,224,528,512,512
9.236806392669678,224,528,512,512
9.237805604934692,224,529,512,512
9.238806009292603,224,530,512,512
9.239806413650513,224,529,512,512
9.239806413650513,224,529,512,512
9.239806413650513,224,529,512,512
9.239806413650513,224,529,512,512
9.239806413650513,224,529,512,512
9.239806413650513,224,529,512,512
9.239806413650513,224,530,512,512
9.239806413650513,224,529,512,512
9.239806413650513,224,529,512,512
9.239806413650513,224,529,512,512
9.239806413650513,224,529,512,512
9.239806413650513,224,529,512,512
9.239806413650513,224,529,512,512
9.239806413650513,224,530,512,512
9.239806413650513,224,529,512,512
9.239806413650513,224,529,512,512
9.239806413650513,224,529,512,512
9.239806413650513,224,529,512,512
9.239806413650513,224,529,512,512
9.25564455986023,224,529,512,512
9.25564455986023,224,530,512,512
9.25564455986023,224,529,512,512
9.25564455986023,224,528,512,512
9.25564455986023,224,528,512,512
9.25564455986023,224,528,512,512
9.25564455986023,224,528,512,512
9.25564455986023,224,528,512,512
9.25564455986023,224,529,512,512
9.25564455986023,224,530,512,512
9.25564455986023,224,529,512,512
9.25564455986023,224,529,512,512
9.25564455986023,224,529,512,512
9.25564455986023,224,529,512,512
9.25564455986023,224,529,512,512
9.25564455986023,224,530,512,512
9.25564455986023,224,530,512,512
9.25564455986023,224,529,512,512
9.271437406539917,224,529,512,512
9.271437406539917,224,529,512,512
9.271437406539917,224,529,512,512
9.271437406539917,224,529,512,512
9.271437406539917,224,530,512,512
9.271437406539917,225,530,512,512
9.271437406539917,224,529,512,512
9.271437406539917,224,529,512,512
9.271437406539917,224,529,512,512
9.271437406539917,224,529,512,512
9.271437406539917,224,529,512,512
9.271437406539917,224,529,512,512
9.271437406539917,224,530,512,512
9.271437406539917,224,529,512,512
9.271437406539917,224,529,512,512
9.271437406539917,224,529,512,512
9.271437406539917,224,529,512,512
9.271437406539917,224,528,512,512
9.271437406539917,224,529,512,512
9.287252426147461,224,530,512,512
9.288278102874756,224,529,512,512
9.28878402709961,224,529,512,512
9.28878402709961,224,529,512,512
9.28878402709961,224,529,512,512
9.28878402709961,224,529,512,512
9.28878402709961,224,529,512,512
9.28878402709961,224,530,512,512
9.28878402709961,224,530,512,512
9.28878402709961,224,529,512,512
9.28878402709961,224,529,512,512
9.28878402709961,224,529,512,512
9.28878402709961,224,528,512,512
9.28878402709961,224,528,512,512
9.28878402709961,224,529,512,512
9.28878402709961,224,529,512,512
9.28878402709961,225,528,512,512
9.28878402709961,224,528,512,512
9.28878402709961,225,528,512,512
9.302916765213013,224,528,512,512
9.302916765213013,224,528,512,512
9.302916765213013,224,530,512,512
9.302916765213013,224,530,512,512
9.302916765213013,224,529,512,512
9.302916765213013,224,529,512,512
9.302916765213013,224,529,512,512
9.302916765213013,224,529,512,512
9.302916765213013,224,529,512,512
9.302916765213013,224,529,512,512
9.302916765213013,224,530,512,512
9.302916765213013,224,529,512,512
9.302916765213013,224,529,512,512
9.302916765213013,224,529,512,512
9.302916765213013,224,529,512,512
9.302916765213013,224,529,512,512
9.302916765213013,224,530,512,512
9.302916765213013,224,530,512,512
9.318803548812866,224,530,512,512
9.318803548812866,224,529,512,512
9.318803548812866,224,529,512,512
9.321523189544678,224,529,512,512
9.32197380065918,224,529,512,512
9.32197380065918,224,530,512,512
9.32197380065918,224,530,512,512
9.32197380065918,224,530,512,512
9.32197380065918,224,529,512,512
9.32197380065918,224,529,512,512
9.32197380065918,224,529,512,512
9.32197380065918,224,529,512,512
9.32197380065918,224,529,512,512
9.32197380065918,224,530,512,512
9.32197380065918,224,530,512,512
9.32197380065918,224,529,512,512
9.32197380065918,224,529,512,512
9.32197380065918,224,529,512,512
9.32197380065918,224,529,512,512
9.334806203842163,224,529,512,512
9.334806203842163,224,530,512,512
9.334806203842163,224,529,512,512
9.334806203842163,224,528,512,512
9.334806203842163,224,528,512,512
9.334806203842163,224,528,512,512
9.334806203842163,224,528,512,512
9.334806203842163,224,528,512,512
9.334806203842163,224,529,512,512
9.334806203842163,224,529,512,512
9.334806203842163,224,529,512,512
9.334806203842163,224,529,512,512
9.334806203842163,224,529,512,512
9.334806203842163,224,529,512,512
9.334806203842163,224,529,512,512
9.334806203842163,224,530,512,512
9.334806203842163,224,530,512,512
9.334806203842163,224,529,512,512
9.350517749786377,224,529,512,512
9.350517749786377,224,529,512,512
9.352068424224854,224,529,512,512
9.352587461471558,224,528,512,512
9.352587461471558,224,529,512,512
9.352587461471558,224,530,512,512
9.352587461471558,224,529,512,512
9.352587461471558,224,529,512,512
9.352587461471558,224,529,512,512
9.352587461471558,224,529,512,512
9.352587461471558,224,529,512,512
9.352587461471558,224,529,512,512
9.352587461471558,224,530,512,512
9.352587461471558,224,529,512,512
9.352587461471558,224,529,512,512
9.352587461471558,224,529,512,512
9.352587461471558,224,529,512,512
9.352587461471558,224,528,512,512
9.352587461471558,224,529,512,512
9.366181373596191,225,530,512,512
9.366181373596191,224,530,512,512
9.366181373596191,224,529,512,512
9.366181373596191,224,529,512,512
9.366181373596191,224,529,512,512
9.366181373596191,224,529,512,512
9.366181373596191,224,529,512,512
9.366181373596191,224,530,512,512
9.366181373596191,224,530,512,512
9.366181373596191,224,529,512,512
9.366181373596191,224,529,512,512
9.366181373596191,224,529,512,512
9.366181373596191,224,529,512,512
9.366181373596191,224,529,512,512
9.366181373596191,224,529,512,512
9.366181373596191,224,529,512,512
9.366181373596191,224,528,512,512
9.366181373596191,224,528,512,512
9.366181373596191,224,528,512,512
9.381995677947998,224,528,512,512
9.383333683013916,224,528,512,512
9.384410858154297,224,529,512,512
9.385107517242432,224,530,512,512
9.385961294174194,224,529,512,512
9.386469602584839,224,529,512,512
9.386469602584839,224,529,512,512
9.388477802276611,224,529,512,512
9.388477802276611,224,529,512,512
9.390486717224121,224,530,512,512
9.390486717224121,224,530,512,512
9.390486717224121,224,529,512,512
9.390486717224121,224,529,512,512
9.390486717224121,224,529,512,512
9.390486717224121,224,529,512,512
9.390486717224121,224,528,512,512
9.390486717224121,224,529,512,512
9.390486717224121,224,530,512,512
9.397744178771973,224,529,512,512
9.397744178771973,224,529,512,512
9.397744178771973,224,529,512,512
9.397744178771973,224,529,512,512
9.397744178771973,224,528,512,512
9.397744178771973,224,529,512,512
9.397744178771973,224,530,512,512
9.397744178771973,224,529,512,512
9.397744178771973,224,529,512,512
9.397744178771973,224,529,512,512
9.397744178771973,224,529,512,512
9.397744178771973,224,529,512,512
9.397744178771973,224,529,512,512
9.397744178771973,224,530,512,512
9.397744178771973,224,530,512,512
9.397744178771973,224,529,512,512
9.397744178771973,224,529,512,512
9.397744178771973,224,529,512,512
9.397744178771973,224,528,512,512
9.413549184799194,224,528,512,512
9.415082216262817,224,530,512,512
9.415281534194946,224,530,512,512
9.415281534194946,224,529,512,512
9.415281534194946,224,529,512,512
9.415281534194946,224,529,512,512
9.415281534194946,224,528,512,512
9.415281534194946,224,528,512,512
9.415281534194946,224,529,512,512
9.415281534194946,224,529,512,512
9.415281534194946,224,528,512,512
9.415281534194946,224,528,512,512
9.415281534194946,224,529,512,512
9.415281534194946,224,529,512,512
9.415281534194946,224,529,512,512
9.415281534194946,224,529,512,512
9.415281534194946,224,530,512,512
9.415281534194946,224,530,512,512
9.4293954372406,224,529,512,512
9.4293954372406,224,529,512,512
9.4293954372406,224,529,512,512
9.4293954372406,224,529,512,512
9.4293954372406,224,529,512,512
9.4293954372406,224,530,512,512
9.4293954372406,224,530,512,512
9.4293954372406,224,529,512,512
9.4293954372406,224,529,512,512
9.4293954372406,224,529,512,512
9.4293954372406,224,528,512,512
9.4293954372406,224,529,512,512
9.4293954372406,224,530,512,512
9.4293954372406,224,530,512,512
9.4293954372406,224,530,512,512
9.4293954372406,224,530,512,512
9.4293954372406,224,530,512,512
9.4293954372406,224,529,512,512
9.4293954372406,224,530,512,512
9.445218801498413,224,530,512,512
9.445218801498413,223,530,512,512
9.445218801498413,223,530,512,512
9.445218801498413,223,529,512,512
9.445218801498413,223,530,512,512
9.445218801498413,224,529,512,512
9.445218801498413,224,530,512,512
9.445218801498413,224,530,512,512
9.445218801498413,224,530,512,512
9.445218801498413,224,530,512,512
9.445218801498413,223,529,512,512
9.445218801498413,223,530,512,512
9.445218801498413,223,530,512,512
9.445218801498413,224,530,512,512
9.445218801498413,224,531,512,512
9.445218801498413,224,531,512,512
9.445218801498413,224,529,512,512
9.445218801498413,224,529,512,512
9.46092700958252,224,529,512,512
9.46092700958252,224,529,512,512
9.462930917739868,223,528,512,512
9.463306903839111,223,529,512,512
9.463306903839111,224,530,512,512
9.463306903839111,224,529,512,512
9.463306903839111,224,529,512,512
9.463306903839111,224,529,512,512
9.463306903839111,224,529,512,512
9.463306903839111,224,529,512,512
9.463306903839111,224,530,512,512
9.463306903839111,224,531,512,512
9.463306903839111,224,530,512,512
9.463306903839111,224,529,512,512
9.463306903839111,224,529,512,512
9.463306903839111,224,529,512,512
9.463306903839111,224,529,512,512
9.463306903839111,224,530,512,512
9.463306903839111,224,530,512,512
9.476597547531128,224,530,512,512
9.476597547531128,224,529,512,512
9.476597547531128,224,529,512,512
9.476597547531128,224,529,512,512
9.476597547531128,224,529,512,512
9.476597547531128,224,529,512,512
9.476597547531128,224,530,512,512
9.476597547531128,224,530,512,512
9.476597547531128,223,529,512,512
9.476597547531128,223,530,512,512
9.476597547531128,223,530,512,512
9.476597547531128,224,529,512,512
9.476597547531128,224,529,512,512
9.476597547531128,224,530,512,512
9.476597547531128,223,530,512,512
9.476597547531128,223,530,512,512
9.476597547531128,223,530,512,512
9.476597547531128,223,530,512,512
9.492384433746338,223,529,512,512
9.492384433746338,223,529,512,512
9.492384433746338,223,530,512,512
9.492384433746338,223,530,512,512
9.492384433746338,223,530,512,512
9.492384433746338,224,529,512,512
9.492384433746338,224,529,512,512
9.492384433746338,224,529,512,512
9.492384433746338,224,529,512,512
9.492384433746338,224,529,512,512
9.492384433746338,224,530,512,512
9.492384433746338,224,529,512,512
9.492384433746338,224,528,512,512
9.492384433746338,224,529,512,512
9.492384433746338,224,529,512,512
9.492384433746338,224,529,512,512
9.492384433746338,224,530,512,512
9.492384433746338,224,531,512,512
9.492384433746338,224,530,512,512
9.508347511291504,224,529,512,512
9.508347511291504,224,529,512,512
9.508347511291504,224,529,512,512
9.508347511291504,224,529,512,512
9.508347511291504,224,530,512,512
9.508347511291504,224,530,512,512
9.508347511291504,224,530,512,512
9.508347511291504,223,529,512,512
9.508347511291504,223,529,512,512
9.508347511291504,223,530,512,512
9.508347511291504,224,529,512,512
9.508347511291504,224,530,512,512
9.508347511291504,224,531,512,512
9.508347511291504,224,530,512,512
9.508347511291504,224,529,512,512
9.508347511291504,224,529,512,512
9.508347511291504,224,529,512,512
9.508347511291504,223,529,512,512
9.523811101913452,224,529,512,512
9.523811101913452,224,530,512,512
9.52515196800232,224,530,512,512
9.526167869567871,224,529,512,512
9.527415990829468,224,529,512,512
9.528228044509888,224,529,512,512
9.52872610092163,224,529,512,512
9.529747486114502,224,529,512,512
9.529747486114502,224,530,512,512
9.530740737915039,224,530,512,512
9.531739711761475,223,529,512,512
9.532743215560913,224,529,512,512
9.533742666244507,224,529,512,512
9.534741163253784,224,529,512,512
9.535741567611694,224,529,512,512
9.536742687225342,224,530,512,512
9.536742687225342,224,530,512,512
9.537740707397461,224,529,512,512
9.539666652679443,224,529,512,512
9.54000473022461,224,529,512,512
9.540436267852783,224,529,512,512
9.541559934616089,224,529,512,512
9.542555332183838,224,529,512,512
9.542555332183838,224,530,512,512
9.543554544448853,224,529,512,512
9.545228958129883,224,529,512,512
9.545480489730835,224,529,512,512
9.546492576599121,224,529,512,512
9.547492504119873,224,529,512,512
9.548492193222046,224,530,512,512
9.549492120742798,224,531,512,512
9.549492120742798,224,530,512,512
9.550492286682129,224,529,512,512
9.551491975784302,224,529,512,512
9.552493572235107,224,529,512,512
9.553492784500122,224,529,512,512
9.554492473602295,224,530,512,512
9.555490970611572,224,531,512,512
9.555490970611572,224,530,512,512
9.556956768035889,224,529,512,512
9.557973623275757,224,529,512,512
9.557973623275757,224,529,512,512
9.55897045135498,224,529,512,512
9.559969663619995,224,529,512,512
9.560970067977905,224,530,512,512
9.562333822250366,223,530,512,512
9.562837600708008,223,530,512,512
9.563849925994873,223,529,512,512
9.564850568771362,224,529,512,512
9.564850568771362,224,529,512,512
9.565857648849487,224,529,512,512
9.566849708557129,224,530,512,512
9.567849159240723,224,530,512,512
9.568850040435791,224,529,512,512
9.569849967956543,223,529,512,512
9.569849967956543,223,529,512,512
9.571339130401611,223,529,512,512
9.571848630905151,223,529,512,512
9.573168992996216,224,530,512,512
9.573168992996216,224,530,512,512
9.573168992996216,224,530,512,512
9.573168992996216,224,529,512,512
9.573168992996216,224,529,512,512
9.573168992996216,224,529,512,512
9.573168992996216,224,529,512,512
9.573168992996216,224,530,512,512
9.573168992996216,224,530,512,512
9.573168992996216,224,529,512,512
9.581471920013428,224,528,512,512
9.581471920013428,224,529,512,512
9.581471920013428,223,529,512,512
9.581471920013428,223,529,512,512
9.581471920013428,223,529,512,512
9.581471920013428,223,530,512,512
9.581471920013428,223,530,512,512
9.581471920013428,224,529,512,512
9.58862566947937,224,529,512,512
9.58862566947937,224,529,512,512
9.58862566947937,223,529,512,512
9.58862566947937,223,529,512,512
9.58862566947937,223,530,512,512
9.58862566947937,223,530,512,512
9.58862566947937,223,529,512,512
9.58862566947937,224,529,512,512
9.58862566947937,224,529,512,512
9.58862566947937,224,529,512,512
9.58862566947937,224,529,512,512
9.58862566947937,224,530,512,512
9.58862566947937,223,530,512,512
9.58862566947937,223,529,512,512
9.58862566947937,223,529,512,512
9.58862566947937,223,529,512,512
9.58862566947937,223,529,512,512
9.58862566947937,224,529,512,512
9.58862566947937,224,530,512,512
9.604271173477173,224,530,512,512
9.604271173477173,224,530,512,512
9.604271173477173,224,529,512,512
9.604271173477173,224,529,512,512
9.604271173477173,224,529,512,512
9.604271173477173,224,529,512,512
9.604271173477173,224,530,512,512
9.604271173477173,223,530,512,512
9.604271173477173,223,530,512,512
9.604271173477173,223,529,512,512
9.604271173477173,224,529,512,512
9.604271173477173,224,529,512,512
9.604271173477173,224,529,512,512
9.604271173477173,224,530,512,512
9.604271173477173,224,530,512,512
9.604271173477173,224,530,512,512
9.604271173477173,224,529,512,512
9.604271173477173,224,529,512,512
9.6200110912323,224,529,512,512
9.6200110912323,224,529,512,512
9.6200110912323,224,529,512,512
9.6200110912323,224,530,512,512
9.6200110912323,223,529,512,512
9.6200110912323,223,529,512,512
9.6200110912323,223,529,512,512
9.6200110912323,223,529,512,512
9.6200110912323,223,529,512,512
9.6200110912323,224,530,512,512
9.6200110912323,224,531,512,512
9.6200110912323,224,530,512,512
9.6200110912323,224,530,512,512
9.6200110912323,224,530,512,512
9.6200110912323,224,530,512,512
9.6200110912323,224,529,512,512
9.6200110912323,224,530,512,512
9.6200110912323,224,530,512,512
9.6200110912323,224,530,512,512
9.63566517829895,224,529,512,512
9.63566517829895,223,529,512,512
9.63566517829895,223,530,512,512
9.63566517829895,223,529,512,512
9.63566517829895,223,529,512,512
9.63566517829895,224,530,512,512
9.63566517829895,224,530,512,512
9.63566517829895,224,529,512,512
9.63566517829895,224,529,512,512
9.63566517829895,224,529,512,512
9.63566517829895,224,529,512,512
9.63566517829895,223,529,512,512
9.63566517829895,223,530,512,512
9.63566517829895,223,530,512,512
9.63566517829895,223,529,512,512
9.63566517829895,224,529,512,512
9.63566517829895,224,529,512,512
9.63566517829895,224,529,512,512
9.651379823684692,224,529,512,512
9.651379823684692,223,530,512,512
9.651379823684692,223,531,512,512
9.651379823684692,223,530,512,512
9.651379823684692,223,529,512,512
9.651379823684692,224,529,512,512
9.651379823684692,224,529,512,512
9.651379823684692,224,529,512,512
9.651379823684692,224,530,512,512
9.651379823684692,224,530,512,512
9.651379823684692,224,530,512,512
9.651379823684692,224,529,512,512
9.651379823684692,224,529,512,512
9.651379823684692,224,529,512,512
9.651379823684692,224,528,512,512
9.651379823684692,223,529,512,512
9.651379823684692,223,530,512,512
9.651379823684692,223,530,512,512
9.667032957077026,223,529,512,512
9.667032957077026,223,529,512,512
9.667032957077026,223,529,512,512
9.667032957077026,223,529,512,512
9.667032957077026,223,529,512,512
9.667032957077026,224,530,512,512
9.667032957077026,224,530,512,512
9.667032957077026,224,529,512,512
9.667032957077026,224,529,512,512
9.667032957077026,224,529,512,512
9.667032957077026,223,529,512,512
9.667032957077026,223,529,512,512
9.667032957077026,223,530,512,512
9.667032957077026,223,530,512,512
9.667032957077026,223,529,512,512
9.667032957077026,224,529,512,512
9.667032957077026,223,529,512,512
9.667032957077026,224,529,512,512
9.667032957077026,224,529,512,512
9.682771444320679,224,530,512,512
9.682771444320679,224,530,512,512
9.684759616851807,224,529,512,512
9.68564224243164,224,529,512,512
9.686077117919922,224,529,512,512
9.687089204788208,224,529,512,512
9.688085794448853,223,529,512,512
9.688085794448853,223,530,512,512
9.68956470489502,223,530,512,512
9.68956470489502,223,530,512,512
9.690877914428711,223,529,512,512
9.691874980926514,223,529,512,512
9.692875385284424,223,529,512,512
9.693875312805176,223,529,512,512
9.694875240325928,224,530,512,512
9.694875240325928,224,530,512,512
9.695874214172363,224,530,512,512
9.696873664855957,224,529,512,512
9.697874784469604,224,529,512,512
9.698875904083252,223,529,512,512
9.699873208999634,223,529,512,512
9.700875520706177,223,529,512,512
9.700875520706177,224,530,512,512
9.701879024505615,224,529,512,512
9.703441381454468,224,529,512,512
9.703953266143799,224,529,512,512
9.704965114593506,223,529,512,512
9.705964088439941,224,529,512,512
9.706315755844116,224,529,512,512
9.706315755844116,224,530,512,512
9.706315755844116,224,530,512,512
9.706315755844116,224,529,512,512
9.706315755844116,224,529,512,512
9.706315755844116,224,530,512,512
9.706315755844116,224,529,512,512
9.706315755844116,224,529,512,512
9.706315755844116,224,530,512,512
9.706315755844116,224,530,512,512
9.706315755844116,224,529,512,512
9.706315755844116,224,529,512,512
9.706315755844116,224,529,512,512
9.706315755844116,224,529,512,512
9.706315755844116,224,529,512,512
9.706315755844116,224,530,512,512
9.706315755844116,223,531,512,512
9.706315755844116,223,530,512,512
9.721628904342651,223,529,512,512
9.723186016082764,223,529,512,512
9.723576545715332,223,529,512,512
9.723576545715332,224,529,512,512
9.723576545715332,224,530,512,512
9.723576545715332,224,530,512,512
9.723576545715332,224,530,512,512
9.723576545715332,224,529,512,512
9.723576545715332,224,530,512,512
9.723576545715332,224,529,512,512
9.723576545715332,224,529,512,512
9.723576545715332,224,530,512,512
9.723576545715332,224,530,512,512
9.723576545715332,224,530,512,512
9.723576545715332,224,529,512,512
9.723576545715332,224,529,512,512
9.723576545715332,224,530,512,512
9.723576545715332,224,529,512,512
9.723576545715332,224,530,512,512
9.723576545715332,224,531,512,512
9.738869190216064,224,530,512,512
9.73932957649231,224,529,512,512
9.74032998085022,224,529,512,512
9.741331100463867,224,529,512,512
9.742331266403198,224,528,512,512
9.743330955505371,224,529,512,512
9.743330955505371,224,529,512,512
9.744330883026123,224,529,512,512
9.745330810546875,224,528,512,512
9.746333122253418,224,528,512,512
9.747329235076904,224,529,512,512
9.748331546783447,224,529,512,512
9.749330759048462,224,529,512,512
9.749330759048462,224,530,512,512
9.750330209732056,224,530,512,512
9.751330375671387,224,529,512,512
9.752331256866455,224,529,512,512
9.753329992294312,224,529,512,512
9.754330396652222,224,529,512,512
9.754330396652222,224,529,512,512
9.756255388259888,224,530,512,512
9.757026195526123,224,530,512,512
9.757533073425293,224,529,512,512
9.758540391921997,224,529,512,512
9.759539365768433,224,529,512,512
9.759539365768433,224,529,512,512
9.760539770126343,224,529,512,512
9.761539936065674,224,529,512,512
9.762540340423584,224,530,512,512
9.763540506362915,224,529,512,512
9.764541149139404,224,529,512,512
9.764541149139404,224,529,512,512
9.765541553497314,224,529,512,512
9.766541957855225,224,529,512,512
9.767542362213135,224,529,512,512
9.768547296524048,224,530,512,512
9.769541263580322,224,529,512,512
9.770546674728394,224,529,512,512
9.771543025970459,224,529,512,512
9.771543025970459,224,529,512,512
9.772542953491211,224,529,512,512
9.774131536483765,224,529,512,512
9.77463150024414,224,530,512,512
9.77463150024414,224,530,512,512
9.77463150024414,224,529,512,512
9.77463150024414,224,529,512,512
9.77463150024414,224,529,512,512
9.77463150024414,224,529,512,512
9.77463150024414,224,529,512,512
9.77463150024414,224,530,512,512
9.77463150024414,224,530,512,512
9.77463150024414,224,529,512,512
9.77463150024414,224,528,512,512
9.77463150024414,224,529,512,512
9.77463150024414,224,528,512,512
9.77463150024414,224,528,512,512
9.77463150024414,224,529,512,512
9.77463150024414,224,529,512,512
9.77463150024414,223,529,512,512
9.789181470870972,223,529,512,512
9.789181470870972,223,530,512,512
9.789181470870972,223,529,512,512
9.789181470870972,223,529,512,512
9.789181470870972,224,530,512,512
9.789181470870972,224,530,512,512
9.789181470870972,224,529,512,512
9.789181470870972,224,529,512,512
9.789181470870972,224,529,512,512
9.789181470870972,224,529,512,512
9.789181470870972,224,529,512,512
9.789181470870972,224,530,512,512
9.789181470870972,224,531,512,512
9.789181470870972,224,530,512,512
9.789181470870972,224,529,512,512
9.789181470870972,224,529,512,512
9.789181470870972,224,529,512,512
9.789181470870972,224,529,512,512
9.789181470870972,224,530,512,512
9.804818153381348,224,530,512,512
9.804818153381348,224,530,512,512
9.804818153381348,224,529,512,512
9.804818153381348,224,529,512,512
9.80881142616272,224,529,512,512
9.809338808059692,224,529,512,512
9.809338808059692,224,530,512,512
9.809338808059692,224,530,512,512
9.809338808059692,224,530,512,512
9.809338808059692,224,529,512,512
9.809338808059692,224,529,512,512
9.809338808059692,224,529,512,512
9.809338808059692,224,529,512,512
9.809338808059692,224,529,512,512
9.809338808059692,223,530,512,512
9.809338808059692,224,530,512,512
9.809338808059692,224,529,512,512
9.809338808059692,224,529,512,512
9.820564031600952,224,529,512,512
9.820564031600952,224,529,512,512
9.820564031600952,224,529,512,512
9.820564031600952,224,529,512,512
9.820564031600952,224,529,512,512
9.820564031600952,224,528,512,512
9.820564031600952,224,528,512,512
9.820564031600952,224,528,512,512
9.820564031600952,224,528,512,512
9.820564031600952,224,528,512,512
9.820564031600952,224,529,512,512
9.820564031600952,224,530,512,512
9.820564031600952,224,530,512,512
9.820564031600952,224,529,512,512
9.820564031600952,224,530,512,512
9.820564031600952,224,529,512,512
9.820564031600952,224,529,512,512
9.820564031600952,224,530,512,512
9.820564031600952,224,530,512,512
9.836448669433594,224,530,512,512
9.837933778762817,224,529,512,512
9.837933778762817,224,529,512,512
9.837933778762817,224,529,512,512
9.837933778762817,224,529,512,512
9.841222286224365,224,530,512,512
9.841473817825317,224,531,512,512
9.841473817825317,224,530,512,512
9.841473817825317,224,529,512,512
9.841473817825317,224,529,512,512
9.841473817825317,224,529,512,512
9.841473817825317,224,529,512,512
9.841473817825317,224,530,512,512
9.841473817825317,224,530,512,512
9.841473817825317,224,530,512,512
9.841473817825317,224,529,512,512
9.841473817825317,224,529,512,512
9.841473817825317,224,529,512,512
9.852206230163574,224,529,512,512
9.852206230163574,224,529,512,512
9.852206230163574,224,530,512,512
9.852206230163574,223,530,512,512
9.852206230163574,223,529,512,512
9.852206230163574,223,529,512,512
9.852206230163574,223,529,512,512
9.852206230163574,224,529,512,512
9.852206230163574,224,529,512,512
9.852206230163574,224,530,512,512
9.852206230163574,224,530,512,512
9.852206230163574,224,529,512,512
9.852206230163574,224,529,512,512
9.852206230163574,224,529,512,512
9.852206230163574,224,529,512,512
9.852206230163574,224,528,512,512
9.852206230163574,224,529,512,512
9.852206230163574,224,529,512,512
9.852206230163574,224,528,512,512
9.868028163909912,224,528,512,512
9.869029998779297,224,528,512,512
9.869029998779297,224,528,512,512
9.869029998779297,224,528,512,512
9.869029998779297,224,529,512,512
9.869029998779297,224,529,512,512
9.869029998779297,224,529,512,512
9.869029998779297,224,528,512,512
9.869029998779297,224,528,512,512
9.869029998779297,224,528,512,512
9.869029998779297,224,528,512,512
9.869029998779297,224,529,512,512
9.869029998779297,224,529,512,512
9.869029998779297,224,529,512,512
9.869029998779297,224,528,512,512
9.869029998779297,224,529,512,512
9.869029998779297,224,528,512,512
9.869029998779297,224,528,512,512
9.88385796546936,224,529,512,512
9.88385796546936,224,530,512,512
9.88385796546936,224,529,512,512
9.88385796546936,224,528,512,512
9.88385796546936,224,529,512,512
9.88385796546936,224,529,512,512
9.88385796546936,224,528,512,512
9.88385796546936,224,529,512,512
9.88385796546936,224,529,512,512
9.88385796546936,224,529,512,512
9.88385796546936,224,528,512,512
9.88385796546936,224,529,512,512
9.88385796546936,224,529,512,512
9.88385796546936,224,528,512,512
9.88385796546936,224,529,512,512
9.88385796546936,224,529,512,512
9.88385796546936,224,530,512,512
9.88385796546936,224,529,512,512
9.88385796546936,224,529,512,512
9.899518966674805,224,529,512,512
9.900676727294922,224,528,512,512
9.901317358016968,224,528,512,512
9.901317358016968,224,529,512,512
9.901317358016968,224,529,512,512
9.901317358016968,224,528,512,512
9.901317358016968,224,528,512,512
9.901317358016968,224,528,512,512
9.901317358016968,224,528,512,512
9.901317358016968,224,528,512,512
9.901317358016968,224,529,512,512
9.901317358016968,224,529,512,512
9.901317358016968,224,529,512,512
9.901317358016968,224,529,512,512
9.901317358016968,224,529,512,512
9.901317358016968,224,528,512,512
9.901317358016968,224,528,512,512
9.901317358016968,224,529,512,512
9.91521692276001,224,530,512,512
9.91521692276001,224,529,512,512
9.91521692276001,224,529,512,512
9.91521692276001,224,529,512,512
9.91521692276001,224,529,512,512
9.91521692276001,224,528,512,512
9.91521692276001,224,529,512,512
9.91521692276001,224,530,512,512
9.91521692276001,224,529,512,512
9.91521692276001,224,528,512,512
9.91521692276001,224,529,512,512
9.91521692276001,224,529,512,512
9.91521692276001,224,529,512,512
9.91521692276001,224,529,512,512
9.91521692276001,224,530,512,512
9.91521692276001,224,529,512,512
9.91521692276001,224,528,512,512
9.91521692276001,224,528,512,512
9.91521692276001,224,529,512,512
9.930872440338135,224,528,512,512
9.932437658309937,224,528,512,512
9.93308138847351,224,530,512,512
9.93308138847351,224,530,512,512
9.93308138847351,224,529,512,512
9.93308138847351,224,529,512,512
9.93308138847351,224,529,512,512
9.93308138847351,224,528,512,512
9.93308138847351,224,528,512,512
9.93308138847351,224,529,512,512
9.93308138847351,224,530,512,512
9.93308138847351,224,529,512,512
9.93308138847351,224,529,512,512
9.93308138847351,224,529,512,512
9.93308138847351,224,529,512,512
9.93308138847351,224,528,512,512
9.93308138847351,224,529,512,512
9.93308138847351,224,529,512,512
9.946662425994873,224,528,512,512
9.946662425994873,224,528,512,512
9.948675155639648,224,528,512,512
9.948675155639648,224,528,512,512
9.948675155639648,224,528,512,512
9.948675155639648,224,529,512,512
9.948675155639648,224,530,512,512
9.948675155639648,224,529,512,512
9.948675155639648,224,529,512,512
9.948675155639648,224,529,512,512
9.948675155639648,224,529,512,512
9.948675155639648,224,528,512,512
9.948675155639648,224,529,512,512
9.948675155639648,224,530,512,512
9.948675155639648,224,530,512,512
9.948675155639648,224,529,512,512
9.948675155639648,224,529,512,512
9.948675155639648,224,529,512,512
9.948675155639648,224,528,512,512
9.96253228187561,224,529,512,512
9.96253228187561,224,529,512,512
9.96253228187561,224,529,512,512
9.96253228187561,224,529,512,512
9.96253228187561,223,529,512,512
9.96253228187561,223,529,512,512
9.96253228187561,223,529,512,512
9.96253228187561,223,529,512,512
9.96253228187561,224,530,512,512
9.96253228187561,224,530,512,512
9.96253228187561,224,529,512,512
9.96253228187561,224,529,512,512
9.96253228187561,224,529,512,512
9.96253228187561,224,529,512,512
9.96253228187561,224,529,512,512
9.96253228187561,224,530,512,512
9.96253228187561,224,530,512,512
9.96253228187561,224,529,512,512
9.978248834609985,224,529,512,512
9.978248834609985,224,529,512,512
9.979765892028809,224,529,512,512
9.980300664901733,224,529,512,512
9.980300664901733,224,530,512,512
9.980300664901733,224,530,512,512
9.980300664901733,224,529,512,512
9.980300664901733,224,528,512,512
9.980300664901733,224,528,512,512
9.980300664901733,224,528,512,512
9.980300664901733,224,528,512,512
9.980300664901733,224,529,512,512
9.980300664901733,224,529,512,512
9.980300664901733,224,529,512,512
9.980300664901733,224,528,512,512
9.980300664901733,224,529,512,512
9.980300664901733,224,529,512,512
9.980300664901733,224,529,512,512
9.980300664901733,224,529,512,512
9.993914604187012,224,530,512,512
9.993914604187012,224,530,512,512
9.993914604187012,224,529,512,512
9.993914604187012,224,529,512,512
9.993914604187012,224,529,512,512
9.993914604187012,224,529,512,512
9.993914604187012,224,529,512,512
9.993914604187012,224,530,512,512
9.993914604187012,224,530,512,512
9.993914604187012,224,529,512,512
9.993914604187012,224,529,512,512
9.993914604187012,224,529,512,512
9.993914604187012,224,529,512,512
9.993914604187012,224,529,512,512
9.993914604187012,224,530,512,512
9.993914604187012,224,530,512,512
9.993914604187012,224,529,512,512
9.993914604187012,225,529,512,512
10.009644985198975,224,529,512,512
10.009644985198975,224,529,512,512
10.01091980934143,224,529,512,512
10.01091980934143,224,529,512,512
10.01091980934143,224,530,512,512
10.01091980934143,224,529,512,512
10.01091980934143,224,528,512,512
10.01091980934143,224,529,512,512
10.01091980934143,224,528,512,512
10.01091980934143,224,528,512,512
10.01091980934143,224,529,512,512
10.01091980934143,224,530,512,512
10.01091980934143,224,529,512,512
10.01091980934143,224,529,512,512
10.01091980934143,224,529,512,512
10.01091980934143,224,529,512,512
10.01091980934143,224,528,512,512
10.01091980934143,224,529,512,512
10.01091980934143,224,529,512,512
10.025475263595581,224,529,512,512
10.025475263595581,224,528,512,512
10.027132749557495,224,528,512,512
10.028670310974121,224,528,512,512
10.029281616210938,224,528,512,512
10.030052423477173,224,529,512,512
10.030052423477173,224,530,512,512
10.031062364578247,224,530,512,512
10.032061576843262,224,529,512,512
10.033060789108276,224,529,512,512
10.034061431884766,224,529,512,512
10.035061836242676,224,529,512,512
10.035061836242676,224,529,512,512
10.036062955856323,224,530,512,512
10.037065505981445,224,530,512,512
10.038063049316406,224,529,512,512
10.039060831069946,224,529,512,512
10.039676666259766,224,529,512,512
10.040334224700928,224,529,512,512
10.041445255279541,224,529,512,512
10.04244065284729,224,530,512,512
10.043438911437988,224,530,512,512
10.044438600540161,224,529,512,512
10.044438600540161,224,529,512,512
10.045438766479492,224,529,512,512
10.047149419784546,224,529,512,512
10.047149419784546,224,529,512,512
10.048160552978516,224,530,512,512
10.049160957336426,224,529,512,512
10.050160646438599,224,529,512,512
10.05116081237793,224,528,512,512
10.052160739898682,224,529,512,512
10.052160739898682,224,529,512,512
10.053160667419434,224,528,512,512
10.054160118103027,224,529,512,512
10.05516004562378,224,530,512,512
10.056162595748901,224,529,512,512
10.056599140167236,224,528,512,512
10.057599306106567,224,529,512,512
10.058594226837158,224,529,512,512
10.059593200683594,224,528,512,512
10.060593605041504,224,529,512,512
10.060593605041504,224,530,512,512
10.061593532562256,224,529,512,512
10.06259274482727,224,528,512,512
10.063984870910645,224,528,512,512
10.064513683319092,224,528,512,512
10.06552767753601,224,528,512,512
10.066527605056763,224,528,512,512
10.067525148391724,224,529,512,512
10.067525148391724,224,529,512,512
10.068525314331055,223,528,512,512
10.069526195526123,224,529,512,512
10.070526123046875,224,529,512,512
10.071526765823364,224,528,512,512
10.072525024414062,224,529,512,512
10.072848081588745,224,530,512,512
10.072848081588745,224,530,512,512
10.072848081588745,224,529,512,512
10.072848081588745,224,529,512,512
10.072848081588745,224,529,512,512
10.072848081588745,224,529,512,512
10.072848081588745,224,529,512,512
10.072848081588745,224,530,512,512
10.072848081588745,224,530,512,512
10.072848081588745,224,529,512,512
10.072848081588745,224,529,512,512
10.072848081588745,224,529,512,512
10.072848081588745,224,529,512,512
10.072848081588745,224,529,512,512
10.072848081588745,224,530,512,512
10.072848081588745,224,530,512,512
10.072848081588745,224,529,512,512
10.072848081588745,224,529,512,512
10.088304281234741,224,529,512,512
10.088304281234741,225,529,512,512
10.088304281234741,224,529,512,512
10.088304281234741,224,530,512,512
10.088304281234741,224,530,512,512
10.088304281234741,224,529,512,512
10.088304281234741,224,529,512,512
10.088304281234741,224,529,512,512
10.088304281234741,224,529,512,512
10.088304281234741,224,529,512,512
10.088304281234741,224,529,512,512
10.088304281234741,224,530,512,512
10.088304281234741,224,529,512,512
10.088304281234741,224,529,512,512
10.088304281234741,224,529,512,512
10.088304281234741,224,529,512,512
10.088304281234741,224,529,512,512
10.088304281234741,224,530,512,512
10.104052066802979,224,530,512,512
10.104052066802979,224,529,512,512
10.104052066802979,224,528,512,512
10.104052066802979,224,528,512,512
10.104052066802979,224,528,512,512
10.104052066802979,224,528,512,512
10.104052066802979,224,528,512,512
10.104052066802979,224,530,512,512
10.104052066802979,224,529,512,512
10.104052066802979,224,529,512,512
10.104052066802979,224,529,512,512
10.104052066802979,224,529,512,512
10.104052066802979,224,529,512,512
10.104052066802979,224,529,512,512
10.104052066802979,224,530,512,512
10.104052066802979,224,530,512,512
10.104052066802979,224,529,512,512
10.104052066802979,224,529,512,512
10.104052066802979,224,529,512,512
10.119702100753784,224,528,512,512
10.119702100753784,224,529,512,512
10.119702100753784,224,530,512,512
10.119702100753784,224,530,512,512
10.119702100753784,224,529,512,512
10.119702100753784,224,529,512,512
10.119702100753784,224,529,512,512
10.119702100753784,224,529,512,512
10.119702100753784,224,529,512,512
10.119702100753784,224,529,512,512
10.119702100753784,224,530,512,512
10.119702100753784,224,529,512,512
10.119702100753784,224,529,512,512
10.119702100753784,224,529,512,512
10.119702100753784,224,529,512,512
10.119702100753784,224,529,512,512
10.119702100753784,224,529,512,512
10.119702100753784,224,530,512,512
10.135432243347168,224,529,512,512
10.135432243347168,224,529,512,512
10.135432243347168,224,529,512,512
10.135432243347168,224,529,512,512
10.135432243347168,224,529,512,512
10.135432243347168,224,529,512,512
10.135432243347168,224,530,512,512
10.135432243347168,224,530,512,512
10.135432243347168,224,529,512,512
10.135432243347168,224,529,512,512
10.135432243347168,224,529,512,512
10.135432243347168,224,529,512,512
10.135432243347168,224,529,512,512
10.135432243347168,224,529,512,512
10.135432243347168,224,529,512,512
10.135432243347168,224,528,512,512
10.135432243347168,224,528,512,512
10.135432243347168,224,528,512,512
10.135432243347168,224,528,512,512
10.151101112365723,224,528,512,512
10.152586936950684,224,530,512,512
10.153030395507812,224,530,512,512
10.153030395507812,224,529,512,512
10.153030395507812,224,529,512,512
10.153030395507812,224,529,512,512
10.153030395507812,224,529,512,512
10.153030395507812,224,529,512,512
10.153030395507812,224,530,512,512
10.153030395507812,224,530,512,512
10.153030395507812,224,529,512,512
10.153030395507812,224,529,512,512
10.153030395507812,224,529,512,512
10.153030395507812,224,529,512,512
10.153030395507812,224,529,512,512
10.153030395507812,224,530,512,512
10.153030395507812,224,530,512,512
10.153030395507812,224,529,512,512
10.16681432723999,224,528,512,512
10.16681432723999,224,529,512,512
10.16681432723999,224,528,512,512
10.16681432723999,224,528,512,512
10.16681432723999,224,529,512,512
10.16681432723999,224,530,512,512
10.16681432723999,224,529,512,512
10.16681432723999,224,529,512,512
10.16681432723999,224,529,512,512
10.16681432723999,224,529,512,512
10.16681432723999,224,528,512,512
10.16681432723999,224,529,512,512
10.16681432723999,224,530,512,512
10.16681432723999,224,529,512,512
10.16681432723999,224,529,512,512
10.16681432723999,224,529,512,512
10.16681432723999,224,529,512,512
10.16681432723999,224,528,512,512
10.16681432723999,224,529,512,512
10.182490110397339,224,530,512,512
10.183624029159546,224,530,512,512
10.18493366241455,224,529,512,512
10.185715198516846,224,528,512,512
10.185715198516846,224,528,512,512
10.186728477478027,224,528,512,512
10.18772578239441,224,528,512,512
10.188724040985107,224,529,512,512
10.189450740814209,224,529,512,512
10.190737962722778,224,528,512,512
10.190737962722778,224,529,512,512
10.191733837127686,223,529,512,512
10.192733526229858,223,529,512,512
10.193733215332031,224,529,512,512
10.194733381271362,224,530,512,512
10.195733308792114,224,530,512,512
10.195733308792114,224,529,512,512
10.196733474731445,224,529,512,512
10.19773268699646,224,529,512,512
10.198731422424316,224,529,512,512
10.19973087310791,224,529,512,512
10.20073390007019,224,530,512,512
10.201787948608398,224,530,512,512
10.202580690383911,224,529,512,512
10.203591585159302,224,529,512,512
10.203591585159302,224,529,512,512
10.204591512680054,224,529,512,512
10.205604553222656,224,529,512,512
10.206299543380737,224,530,512,512
10.206299543380737,224,530,512,512
10.206299543380737,224,530,512,512
10.206299543380737,224,529,512,512
10.206299543380737,224,529,512,512
10.206299543380737,224,529,512,512
10.206299543380737,224,529,512,512
10.206299543380737,224,529,512,512
10.206299543380737,224,530,512,512
10.206299543380737,224,529,512,512
10.206299543380737,224,529,512,512
10.206299543380737,224,529,512,512
10.206299543380737,224,529,512,512
10.206299543380737,225,529,512,512
10.206299543380737,225,529,512,512
10.206299543380737,225,530,512,512
10.206299543380737,225,529,512,512
10.22142744064331,225,529,512,512
10.22228479385376,225,529,512,512
10.22320294380188,224,529,512,512
10.22320294380188,224,529,512,512
10.22320294380188,224,529,512,512
10.22320294380188,225,530,512,512
10.22320294380188,224,529,512,512
10.22320294380188,224,528,512,512
10.22320294380188,224,528,512,512
10.22320294380188,224,528,512,512
10.22320294380188,224,528,512,512
10.22320294380188,224,528,512,512
10.22320294380188,224,529,512,512
10.22320294380188,224,529,512,512
10.22320294380188,224,529,512,512
10.22320294380188,224,529,512,512
10.22320294380188,224,529,512,512
10.22320294380188,224,529,512,512
10.22320294380188,224,529,512,512
10.237085103988647,224,530,512,512
10.237085103988647,224,530,512,512
10.237085103988647,224,529,512,512
10.237085103988647,224,529,512,512
10.237085103988647,224,529,512,512
10.237085103988647,224,529,512,512
10.242645740509033,224,528,512,512
10.242645740509033,224,529,512,512
10.242645740509033,224,530,512,512
10.242645740509033,224,530,512,512
10.242645740509033,224,529,512,512
10.242645740509033,224,529,512,512
10.242645740509033,224,529,512,512
10.242645740509033,224,528,512,512
10.242645740509033,224,529,512,512
10.242645740509033,224,530,512,512
10.242645740509033,224,529,512,512
10.242645740509033,224,529,512,512
10.252793073654175,224,529,512,512
10.254000186920166,224,529,512,512
10.254674673080444,224,529,512,512
10.254674673080444,224,529,512,512
10.25624704360962,224,530,512,512
10.256600618362427,224,530,512,512
10.257604122161865,224,529,512,512
10.258925437927246,224,529,512,512
10.259171485900879,224,529,512,512
10.260180950164795,224,529,512,512
10.261178255081177,224,529,512,512
10.262178182601929,224,530,512,512
10.262178182601929,224,530,512,512
10.263178586959839,224,529,512,512
10.26417851448059,224,529,512,512
10.265178680419922,224,529,512,512
10.266179323196411,224,528,512,512
10.267179012298584,224,528,512,512
10.267179012298584,224,529,512,512
10.268179893493652,224,529,512,512
10.269177913665771,224,528,512,512
10.270180702209473,224,528,512,512
10.271183013916016,224,528,512,512
10.272181272506714,224,528,512,512
10.273193120956421,224,529,512,512
10.273540735244751,224,530,512,512
10.274542331695557,224,530,512,512
10.275754690170288,224,529,512,512
10.276288747787476,224,529,512,512
10.277300357818604,224,529,512,512
10.278298616409302,224,529,512,512
10.279298543930054,224,529,512,512
10.279298543930054,224,530,512,512
10.280299186706543,224,530,512,512
10.28130030632019,224,529,512,512
10.282304763793945,224,529,512,512
10.283298254013062,224,529,512,512
10.284297943115234,224,529,512,512
10.284297943115234,224,529,512,512
10.285297632217407,224,529,512,512
10.28629732131958,224,530,512,512
10.287299871444702,224,529,512,512
10.2882981300354,224,529,512,512
10.289659261703491,224,529,512,512
10.289659261703491,224,529,512,512
10.2907133102417,224,529,512,512
10.291710376739502,224,530,512,512
10.292870283126831,224,531,512,512
10.293368101119995,224,530,512,512
10.294377088546753,224,530,512,512
10.295377492904663,224,530,512,512
10.295377492904663,224,529,512,512
10.296377420425415,224,529,512,512
10.297377824783325,224,530,512,512
10.298377752304077,224,531,512,512
10.299377918243408,224,531,512,512
10.300377368927002,224,530,512,512
10.300377368927002,224,530,512,512
10.301377773284912,224,530,512,512
10.302376508712769,224,529,512,512
10.303378105163574,224,530,512,512
10.304380893707275,224,531,512,512
10.30538034439087,224,531,512,512
10.306381702423096,224,530,512,512
10.30738115310669,224,529,512,512
10.30738115310669,224,529,512,512
10.30738115310669,224,529,512,512
10.30738115310669,224,529,512,512
10.30738115310669,224,530,512,512
10.30738115310669,224,530,512,512
10.30738115310669,224,530,512,512
10.30738115310669,224,529,512,512
10.30738115310669,224,530,512,512
10.30738115310669,224,529,512,512
10.30738115310669,224,529,512,512
10.30738115310669,224,530,512,512
10.30738115310669,224,531,512,512
10.30738115310669,224,530,512,512
10.30738115310669,224,529,512,512
10.30738115310669,224,530,512,512
10.30738115310669,224,529,512,512
10.30738115310669,224,529,512,512
10.30738115310669,224,530,512,512
10.323084354400635,224,531,512,512
10.323084354400635,223,530,512,512
10.323084354400635,224,530,512,512
10.323084354400635,224,530,512,512
10.323084354400635,223,529,512,512
10.323084354400635,224,529,512,512
10.323084354400635,224,530,512,512
10.323084354400635,223,530,512,512
10.323084354400635,223,530,512,512
10.323084354400635,223,529,512,512
10.323084354400635,223,529,512,512
10.323084354400635,223,529,512,512
10.323084354400635,224,529,512,512
10.323084354400635,224,529,512,512
10.323084354400635,224,530,512,512
10.323084354400635,224,530,512,512
10.323084354400635,224,529,512,512
10.323084354400635,224,529,512,512
10.33873987197876,224,530,512,512
10.33873987197876,223,529,512,512
10.340261220932007,223,529,512,512
10.340261220932007,223,530,512,512
10.340261220932007,223,530,512,512
10.340261220932007,223,529,512,512
10.340261220932007,224,529,512,512
10.340261220932007,224,530,512,512
10.340261220932007,224,529,512,512
10.340261220932007,224,529,512,512
10.340261220932007,224,530,512,512
10.340261220932007,224,530,512,512
10.340261220932007,224,529,512,512
10.340261220932007,224,529,512,512
10.340261220932007,224,529,512,512
10.340261220932007,224,529,512,512
10.340261220932007,224,529,512,512
10.340261220932007,223,530,512,512
10.340261220932007,223,530,512,512
10.354609966278076,223,530,512,512
10.354609966278076,223,529,512,512
10.354609966278076,223,530,512,512
10.354609966278076,223,529,512,512
10.354609966278076,223,529,512,512
10.354609966278076,223,530,512,512
10.354609966278076,223,531,512,512
10.354609966278076,223,530,512,512
10.354609966278076,223,530,512,512
10.354609966278076,223,530,512,512
10.354609966278076,223,530,512,512
10.354609966278076,223,529,512,512
10.354609966278076,224,530,512,512
10.354609966278076,223,530,512,512
10.354609966278076,223,530,512,512
10.354609966278076,223,529,512,512
10.354609966278076,223,530,512,512
10.354609966278076,223,530,512,512
10.354609966278076,223,529,512,512
10.37121057510376,223,530,512,512
10.371718883514404,224,530,512,512
10.371718883514404,223,530,512,512
10.371718883514404,223,529,512,512
10.371718883514404,223,529,512,512
10.371718883514404,223,529,512,512
10.371718883514404,223,529,512,512
10.371718883514404,224,530,512,512
10.371718883514404,224,530,512,512
10.371718883514404,224,530,512,512
10.371718883514404,224,529,512,512
10.371718883514404,224,529,512,512
10.371718883514404,224,529,512,512
10.371718883514404,224,529,512,512
10.371718883514404,224,530,512,512
10.371718883514404,224,531,512,512
10.371718883514404,224,531,512,512
10.371718883514404,224,530,512,512
10.386118173599243,224,529,512,512
10.386118173599243,224,529,512,512
10.386118173599243,224,529,512,512
10.386118173599243,224,529,512,512
10.386118173599243,224,530,512,512
10.386118173599243,224,530,512,512
10.386118173599243,224,529,512,512
10.386118173599243,224,529,512,512
10.386118173599243,224,529,512,512
10.386118173599243,224,529,512,512
10.386118173599243,224,529,512,512
10.386118173599243,224,530,512,512
10.386118173599243,224,531,512,512
10.386118173599243,224,530,512,512
10.386118173599243,224,529,512,512
10.386118173599243,224,529,512,512
10.386118173599243,224,529,512,512
10.386118173599243,224,529,512,512
10.386118173599243,224,530,512,512
10.401962041854858,224,531,512,512
10.401962041854858,224,530,512,512
10.401962041854858,224,529,512,512
10.401962041854858,224,529,512,512
10.401962041854858,224,530,512,512
10.401962041854858,224,529,512,512
10.401962041854858,224,529,512,512
10.401962041854858,224,530,512,512
10.401962041854858,224,530,512,512
10.401962041854858,224,529,512,512
10.401962041854858,224,529,512,512
10.401962041854858,224,529,512,512
10.401962041854858,224,529,512,512
10.401962041854858,224,529,512,512
10.401962041854858,224,530,512,512
10.401962041854858,224,530,512,512
10.401962041854858,224,529,512,512
10.401962041854858,224,529,512,512
10.417686700820923,224,529,512,512
10.417686700820923,224,529,512,512
10.4195396900177,224,529,512,512
10.4195396900177,224,530,512,512
10.4195396900177,224,530,512,512
10.4195396900177,224,530,512,512
10.4195396900177,224,529,512,512
10.4195396900177,224,529,512,512
10.4195396900177,224,529,512,512
10.4195396900177,224,529,512,512
10.4195396900177,224,530,512,512
10.4195396900177,224,530,512,512
10.4195396900177,224,529,512,512
10.4195396900177,224,529,512,512
10.4195396900177,224,529,512,512
10.4195396900177,224,529,512,512
10.4195396900177,224,529,512,512
10.4195396900177,224,529,512,512
10.4195396900177,224,530,512,512
10.433470249176025,224,529,512,512
10.433470249176025,223,529,512,512
10.433470249176025,223,529,512,512
10.433470249176025,223,529,512,512
10.433470249176025,223,529,512,512
10.433470249176025,223,530,512,512
10.433470249176025,224,530,512,512
10.433470249176025,224,530,512,512
10.433470249176025,224,529,512,512
10.433470249176025,224,529,512,512
10.433470249176025,224,529,512,512
10.433470249176025,224,529,512,512
10.433470249176025,224,530,512,512
10.433470249176025,224,530,512,512
10.433470249176025,224,530,512,512
10.433470249176025,224,530,512,512
10.433470249176025,224,529,512,512
10.433470249176025,224,529,512,512
10.449252128601074,224,529,512,512
10.449252128601074,224,529,512,512
10.449252128601074,224,530,512,512
10.449252128601074,224,530,512,512
10.45295786857605,223,529,512,512
10.453108787536621,223,529,512,512
10.453108787536621,223,529,512,512
10.453108787536621,223,529,512,512
10.453108787536621,223,529,512,512
10.453108787536621,224,530,512,512
10.453108787536621,224,530,512,512
10.453108787536621,224,529,512,512
10.453108787536621,224,529,512,512
10.453108787536621,224,529,512,512
10.453108787536621,224,529,512,512
10.453108787536621,224,529,512,512
10.453108787536621,224,530,512,512
10.453108787536621,224,530,512,512
10.453108787536621,224,530,512,512
10.465095281600952,224,529,512,512
10.465095281600952,224,529,512,512
10.465095281600952,224,529,512,512
10.465095281600952,224,529,512,512
10.465095281600952,224,529,512,512
10.465095281600952,224,530,512,512
10.465095281600952,224,529,512,512
10.465095281600952,224,529,512,512
10.465095281600952,224,529,512,512
10.465095281600952,224,529,512,512
10.465095281600952,224,529,512,512
10.465095281600952,224,530,512,512
10.465095281600952,224,530,512,512
10.465095281600952,224,530,512,512
10.465095281600952,224,529,512,512
10.465095281600952,224,529,512,512
10.465095281600952,224,529,512,512
10.465095281600952,224,529,512,512
10.480788946151733,224,530,512,512
10.480788946151733,224,530,512,512
10.480788946151733,224,530,512,512
10.480788946151733,223,529,512,512
10.480788946151733,224,529,512,512
10.480788946151733,224,529,512,512
10.480788946151733,224,529,512,512
10.480788946151733,224,529,512,512
10.480788946151733,224,530,512,512
10.480788946151733,224,530,512,512
10.480788946151733,224,529,512,512
10.480788946151733,224,529,512,512
10.480788946151733,224,530,512,512
10.480788946151733,224,529,512,512
10.480788946151733,224,529,512,512
10.480788946151733,224,530,512,512
10.480788946151733,224,530,512,512
10.480788946151733,224,529,512,512
10.480788946151733,224,529,512,512
10.496473789215088,224,529,512,512
10.497869491577148,224,529,512,512
10.498543977737427,224,529,512,512
10.498543977737427,224,530,512,512
10.498543977737427,224,530,512,512
10.498543977737427,224,530,512,512
10.498543977737427,224,529,512,512
10.498543977737427,224,529,512,512
10.498543977737427,224,529,512,512
10.498543977737427,224,529,512,512
10.498543977737427,224,530,512,512
10.498543977737427,224,531,512,512
10.498543977737427,224,530,512,512
10.498543977737427,224,529,512,512
10.498543977737427,224,529,512,512
10.498543977737427,224,529,512,512
10.498543977737427,224,528,512,512
10.498543977737427,224,529,512,512
10.512312173843384,224,530,512,512
10.512312173843384,224,529,512,512
10.512312173843384,224,529,512,512
10.512312173843384,224,529,512,512
10.512312173843384,224,529,512,512
10.512312173843384,224,529,512,512
10.512312173843384,224,529,512,512
10.512312173843384,224,530,512,512
10.512312173843384,224,530,512,512
10.512312173843384,224,529,512,512
10.512312173843384,224,529,512,512
10.512312173843384,224,529,512,512
10.512312173843384,224,529,512,512
10.512312173843384,224,529,512,512
10.512312173843384,224,530,512,512
10.512312173843384,224,530,512,512
10.512312173843384,224,529,512,512
10.512312173843384,224,529,512,512
10.512312173843384,224,529,512,512
10.528137683868408,224,529,512,512
10.529523134231567,224,529,512,512
10.529523134231567,224,530,512,512
10.53087067604065,224,531,512,512
10.532020330429077,224,530,512,512
10.532605171203613,224,529,512,512
10.533622741699219,224,530,512,512
10.534621477127075,224,529,512,512
10.534621477127075,224,529,512,512
10.535623550415039,224,530,512,512
10.536620855331421,224,530,512,512
10.537687540054321,224,530,512,512
10.537687540054321,224,529,512,512
10.539510726928711,224,529,512,512
10.539510726928711,224,529,512,512
10.540618181228638,224,529,512,512
10.541615724563599,224,530,512,512
10.54261565208435,224,530,512,512
10.543615818023682,223,530,512,512
10.544616222381592,223,529,512,512
10.544616222381592,223,530,512,512
10.545616388320923,223,529,512,512
10.546616554260254,223,529,512,512
10.547616720199585,224,530,512,512
10.548802852630615,224,530,512,512
10.549561738967896,224,529,512,512
10.550569534301758,224,529,512,512
10.550569534301758,224,529,512,512
10.551570892333984,224,528,512,512
10.552571296691895,224,528,512,512
10.553570985794067,223,529,512,512
10.554571628570557,223,530,512,512
10.556158065795898,223,530,512,512
10.556158065795898,223,529,512,512
10.557471513748169,223,529,512,512
10.557471513748169,224,530,512,512
10.5584716796875,224,529,512,512
10.559469938278198,224,529,512,512
10.56046986579895,224,530,512,512
10.56147027015686,224,530,512,512
10.562469959259033,223,529,512,512
10.562469959259033,223,529,512,512
10.56347107887268,223,530,512,512
10.564470767974854,223,529,512,512
10.565897941589355,224,530,512,512
10.566403865814209,224,530,512,512
10.567418575286865,224,530,512,512
10.568415641784668,224,529,512,512
10.568415641784668,224,529,512,512
10.569416046142578,224,529,512,512
10.570415258407593,223,529,512,512
10.571415424346924,223,529,512,512
10.572851657867432,224,530,512,512
10.572851657867432,224,530,512,512
10.572851657867432,224,529,512,512
10.572851657867432,224,529,512,512
10.572851657867432,224,529,512,512
10.572851657867432,224,529,512,512
10.572851657867432,224,529,512,512
10.572851657867432,224,530,512,512
10.572851657867432,224,530,512,512
10.572851657867432,224,530,512,512
10.572851657867432,224,529,512,512
10.572851657867432,224,529,512,512
10.572851657867432,224,529,512,512
10.572851657867432,224,529,512,512
10.572851657867432,224,529,512,512
10.572851657867432,224,530,512,512
10.572851657867432,224,530,512,512
10.572851657867432,224,529,512,512
10.588109016418457,224,529,512,512
10.588109016418457,224,529,512,512
10.588109016418457,224,529,512,512
10.588109016418457,224,529,512,512
10.591487169265747,224,530,512,512
10.592250347137451,224,529,512,512
10.592250347137451,224,528,512,512
10.592250347137451,224,529,512,512
10.592250347137451,224,529,512,512
10.592250347137451,224,529,512,512
10.592250347137451,224,530,512,512
10.592250347137451,224,530,512,512
10.592250347137451,223,530,512,512
10.592250347137451,224,530,512,512
10.592250347137451,224,529,512,512
10.592250347137451,224,529,512,512
10.592250347137451,224,529,512,512
10.592250347137451,224,529,512,512
10.592250347137451,224,530,512,512
10.603984355926514,224,530,512,512
10.603984355926514,224,530,512,512
10.603984355926514,224,529,512,512
10.603984355926514,224,530,512,512
10.603984355926514,224,529,512,512
10.603984355926514,224,529,512,512
10.603984355926514,224,530,512,512
10.603984355926514,224,530,512,512
10.603984355926514,224,529,512,512
10.603984355926514,224,529,512,512
10.603984355926514,224,529,512,512
10.603984355926514,224,529,512,512
10.603984355926514,224,529,512,512
10.603984355926514,224,530,512,512
10.603984355926514,224,530,512,512
10.603984355926514,224,530,512,512
10.603984355926514,224,529,512,512
10.603984355926514,224,529,512,512
10.603984355926514,224,529,512,512
10.619776964187622,224,529,512,512
10.621256828308105,224,530,512,512
10.621527910232544,224,530,512,512
10.621527910232544,223,530,512,512
10.621527910232544,223,529,512,512
10.621527910232544,224,529,512,512
10.621527910232544,223,529,512,512
10.621527910232544,224,529,512,512
10.621527910232544,224,530,512,512
10.621527910232544,224,530,512,512
10.621527910232544,224,530,512,512
10.621527910232544,224,529,512,512
10.621527910232544,224,529,512,512
10.621527910232544,224,529,512,512
10.621527910232544,224,528,512,512
10.621527910232544,224,528,512,512
10.621527910232544,224,530,512,512
10.621527910232544,224,529,512,512
10.635571718215942,224,529,512,512
10.636443138122559,224,529,512,512
10.637268304824829,224,529,512,512
10.637990951538086,223,529,512,512
10.638709306716919,223,529,512,512
10.639716863632202,223,530,512,512
10.639716863632202,223,530,512,512
10.639716863632202,223,529,512,512
10.639716863632202,223,529,512,512
10.639716863632202,224,529,512,512
10.639716863632202,224,529,512,512
10.639716863632202,224,529,512,512
10.639716863632202,224,530,512,512
10.639716863632202,224,530,512,512
10.639716863632202,223,530,512,512
10.639716863632202,223,529,512,512
10.639716863632202,223,529,512,512
10.639716863632202,223,529,512,512
10.639716863632202,224,529,512,512
10.651432514190674,224,529,512,512
10.652638912200928,224,530,512,512
10.652899265289307,224,530,512,512
10.652899265289307,224,529,512,512
10.652899265289307,224,529,512,512
10.652899265289307,224,529,512,512
10.652899265289307,224,529,512,512
10.652899265289307,224,529,512,512
10.652899265289307,224,530,512,512
10.652899265289307,224,530,512,512
10.652899265289307,224,529,512,512
10.652899265289307,224,529,512,512
10.652899265289307,224,529,512,512
10.652899265289307,224,529,512,512
10.652899265289307,224,529,512,512
10.652899265289307,224,530,512,512
10.652899265289307,223,530,512,512
10.652899265289307,223,530,512,512
10.667194366455078,223,529,512,512
10.667194366455078,224,529,512,512
10.668653964996338,224,529,512,512
10.669419288635254,224,529,512,512
10.670420408248901,224,529,512,512
10.670420408248901,224,529,512,512
10.670420408248901,224,529,512,512
10.670420408248901,224,529,512,512
10.670420408248901,224,529,512,512
10.670420408248901,224,529,512,512
10.670420408248901,224,529,512,512
10.670420408248901,223,530,512,512
10.670420408248901,224,530,512,512
10.670420408248901,224,529,512,512
10.670420408248901,224,529,512,512
10.670420408248901,224,529,512,512
10.670420408248901,224,529,512,512
10.670420408248901,224,529,512,512
10.670420408248901,224,530,512,512
10.683025121688843,224,530,512,512
10.683025121688843,224,529,512,512
10.684738874435425,224,529,512,512
10.685811042785645,224,529,512,512
10.686258316040039,224,529,512,512
10.68727159500122,224,529,512,512
10.688267469406128,224,530,512,512
10.689270734786987,224,530,512,512
10.689594745635986,224,530,512,512
10.690865516662598,224,529,512,512
10.690865516662598,224,529,512,512
10.6918625831604,224,529,512,512
10.69286036491394,224,529,512,512
10.693860530853271,224,529,512,512
10.694860696792603,224,530,512,512
10.695860624313354,224,529,512,512
10.695860624313354,224,529,512,512
10.6978600025177,224,529,512,512
10.6978600025177,224,529,512,512
10.698861122131348,224,529,512,512
10.6998610496521,224,529,512,512
10.700860977172852,224,530,512,512
10.70186185836792,224,530,512,512
10.702893733978271,224,529,512,512
10.703683137893677,224,529,512,512
10.703683137893677,224,529,512,512
10.705693483352661,224,529,512,512
10.705693483352661,224,529,512,512
10.7066969871521,224,530,512,512
10.7066969871521,224,530,512,512
10.7066969871521,224,529,512,512
10.7066969871521,224,529,512,512
10.7066969871521,224,529,512,512
10.7066969871521,224,529,512,512
10.7066969871521,224,529,512,512
10.7066969871521,224,530,512,512
10.7066969871521,224,530,512,512
10.7066969871521,224,529,512,512
10.7066969871521,224,529,512,512
10.7066969871521,224,529,512,512
10.7066969871521,224,528,512,512
10.7066969871521,224,528,512,512
10.7066969871521,224,529,512,512
10.7066969871521,224,530,512,512
10.7066969871521,224,529,512,512
10.7066969871521,224,528,512,512
10.7066969871521,224,529,512,512
10.722561359405518,224,528,512,512
10.722561359405518,224,528,512,512
10.722561359405518,224,529,512,512
10.722561359405518,224,530,512,512
10.722561359405518,224,529,512,512
10.722561359405518,224,528,512,512
10.722561359405518,224,528,512,512
10.722561359405518,224,528,512,512
10.722561359405518,224,528,512,512
10.722561359405518,224,529,512,512
10.722561359405518,224,529,512,512
10.722561359405518,224,529,512,512
10.722561359405518,224,528,512,512
10.722561359405518,224,528,512,512
10.722561359405518,224,529,512,512
10.722561359405518,224,528,512,512
10.722561359405518,224,529,512,512
10.722561359405518,224,529,512,512
10.738358736038208,224,529,512,512
10.738358736038208,224,528,512,512
10.738358736038208,224,528,512,512
10.738358736038208,224,528,512,512
10.738358736038208,224,528,512,512
10.738358736038208,224,529,512,512
10.738358736038208,224,529,512,512
10.738358736038208,224,529,512,512
10.738358736038208,224,529,512,512
10.738358736038208,224,528,512,512
10.738358736038208,224,529,512,512
10.738358736038208,224,529,512,512
10.738358736038208,224,529,512,512
10.738358736038208,224,530,512,512
10.738358736038208,224,529,512,512
10.738358736038208,224,528,512,512
10.738358736038208,224,528,512,512
10.738358736038208,224,528,512,512
10.738358736038208,224,528,512,512
10.754228830337524,224,528,512,512
10.754228830337524,224,529,512,512
10.754228830337524,224,529,512,512
10.754228830337524,224,529,512,512
10.754228830337524,224,529,512,512
10.754228830337524,224,529,512,512
10.754228830337524,224,529,512,512
10.754228830337524,224,529,512,512
10.754228830337524,224,529,512,512
10.754228830337524,224,530,512,512
10.754228830337524,224,529,512,512
10.754228830337524,224,529,512,512
10.754228830337524,224,529,512,512
10.754228830337524,224,529,512,512
10.754228830337524,224,528,512,512
10.754228830337524,224,529,512,512
10.754228830337524,224,530,512,512
10.754228830337524,224,529,512,512
10.76987338066101,224,529,512,512
10.76987338066101,224,529,512,512
10.76987338066101,224,529,512,512
10.76987338066101,224,528,512,512
10.76987338066101,224,529,512,512
10.76987338066101,224,530,512,512
10.76987338066101,224,529,512,512
10.76987338066101,224,529,512,512
10.76987338066101,224,529,512,512
10.76987338066101,224,529,512,512
10.76987338066101,224,528,512,512
10.76987338066101,224,529,512,512
10.76987338066101,224,530,512,512
10.76987338066101,224,530,512,512
10.76987338066101,224,529,512,512
10.76987338066101,224,529,512,512
10.76987338066101,224,529,512,512
10.76987338066101,224,529,512,512
10.76987338066101,225,529,512,512
10.785604000091553,225,530,512,512
10.786848306655884,224,530,512,512
10.786848306655884,224,529,512,512
10.786848306655884,224,529,512,512
10.789328336715698,224,529,512,512
10.790417432785034,224,528,512,512
10.790417432785034,224,528,512,512
10.791439294815063,224,529,512,512
10.79243779182434,224,529,512,512
10.793440580368042,224,528,512,512
10.794437885284424,224,528,512,512
10.795438051223755,224,528,512,512
10.796438455581665,224,528,512,512
10.797003984451294,224,528,512,512
10.798012495040894,224,529,512,512
10.799012660980225,224,530,512,512
10.800012588500977,224,529,512,512
10.800012588500977,224,529,512,512
10.80101227760315,224,529,512,512
10.802012205123901,224,529,512,512
10.80301547050476,224,528,512,512
10.804018020629883,224,529,512,512
10.805012941360474,224,529,512,512
10.806012153625488,224,529,512,512
10.80661392211914,224,528,512,512
10.807694673538208,224,529,512,512
10.807694673538208,224,529,512,512
10.808692455291748,224,529,512,512
10.809691905975342,224,529,512,512
10.810692071914673,224,530,512,512
10.811692237854004,224,529,512,512
10.81274700164795,224,529,512,512
10.813385248184204,224,529,512,512
10.813385248184204,224,529,512,512
10.814395427703857,224,529,512,512
10.815394878387451,224,529,512,512
10.816394329071045,224,529,512,512
10.817394733428955,224,529,512,512
10.818397998809814,224,529,512,512
10.819399118423462,224,529,512,512
10.819399118423462,224,529,512,512
10.820394277572632,224,529,512,512
10.821394205093384,224,529,512,512
10.822395324707031,224,530,512,512
10.82315182685852,224,530,512,512
10.82315182685852,224,529,512,512
10.82315182685852,224,529,512,512
10.82315182685852,224,529,512,512
10.82315182685852,224,529,512,512
10.82315182685852,224,529,512,512
10.82315182685852,224,529,512,512
10.82315182685852,224,530,512,512
10.82315182685852,224,529,512,512
10.82315182685852,223,528,512,512
10.82315182685852,224,528,512,512
10.82315182685852,224,528,512,512
10.82315182685852,224,528,512,512
10.82315182685852,224,528,512,512
10.82315182685852,224,529,512,512
10.82315182685852,224,529,512,512
10.82315182685852,224,528,512,512
10.838164806365967,224,529,512,512
10.838164806365967,224,529,512,512
10.838164806365967,224,529,512,512
10.838164806365967,224,529,512,512
10.838164806365967,224,530,512,512
10.838164806365967,224,530,512,512
10.838164806365967,224,529,512,512
10.838164806365967,224,529,512,512
10.838164806365967,224,529,512,512
10.838164806365967,224,529,512,512
10.838164806365967,224,529,512,512
10.838164806365967,224,530,512,512
10.838164806365967,224,530,512,512
10.838164806365967,224,529,512,512
10.838164806365967,224,529,512,512
10.838164806365967,224,529,512,512
10.838164806365967,224,529,512,512
10.838164806365967,224,529,512,512
10.838164806365967,224,530,512,512
10.853983402252197,224,530,512,512
10.853983402252197,224,529,512,512
10.853983402252197,224,529,512,512
10.853983402252197,224,529,512,512
10.853983402252197,224,529,512,512
10.853983402252197,224,529,512,512
10.853983402252197,224,530,512,512
10.853983402252197,224,530,512,512
10.853983402252197,224,529,512,512
10.853983402252197,224,529,512,512
10.853983402252197,224,529,512,512
10.853983402252197,224,529,512,512
10.853983402252197,224,529,512,512
10.853983402252197,224,530,512,512
10.853983402252197,224,530,512,512
10.853983402252197,224,529,512,512
10.853983402252197,224,529,512,512
10.853983402252197,224,529,512,512
10.853983402252197,224,529,512,512
10.87006163597107,224,529,512,512
10.871317625045776,224,529,512,512
10.871317625045776,224,530,512,512
10.871317625045776,224,529,512,512
10.871317625045776,224,528,512,512
10.871317625045776,224,528,512,512
10.871317625045776,224,528,512,512
10.871317625045776,224,528,512,512
10.871317625045776,224,528,512,512
10.871317625045776,224,529,512,512
10.871317625045776,224,529,512,512
10.871317625045776,224,529,512,512
10.871317625045776,224,529,512,512
10.871317625045776,224,529,512,512
10.871317625045776,224,528,512,512
10.871317625045776,224,529,512,512
10.871317625045776,224,530,512,512
10.871317625045776,224,530,512,512
10.871317625045776,224,529,512,512
10.885868072509766,224,529,512,512
10.885868072509766,224,529,512,512
10.885868072509766,224,528,512,512
10.885868072509766,224,529,512,512
10.885868072509766,224,530,512,512
10.885868072509766,224,530,512,512
10.885868072509766,224,529,512,512
10.885868072509766,224,529,512,512
10.885868072509766,224,529,512,512
10.885868072509766,224,529,512,512
10.885868072509766,224,529,512,512
10.885868072509766,224,530,512,512
10.885868072509766,224,530,512,512
10.885868072509766,224,529,512,512
10.885868072509766,224,529,512,512
10.885868072509766,224,529,512,512
10.885868072509766,224,529,512,512
10.885868072509766,224,529,512,512
10.901546478271484,224,529,512,512
10.901546478271484,224,530,512,512
10.903566360473633,224,529,512,512
10.904559850692749,224,529,512,512
10.904559850692749,224,529,512,512
10.904559850692749,224,529,512,512
10.904559850692749,224,529,512,512
10.904559850692749,224,529,512,512
10.904559850692749,224,530,512,512
10.904559850692749,224,530,512,512
10.904559850692749,224,529,512,512
10.904559850692749,224,529,512,512
10.904559850692749,224,529,512,512
10.904559850692749,224,528,512,512
10.904559850692749,224,529,512,512
10.904559850692749,224,529,512,512
10.904559850692749,224,529,512,512
10.904559850692749,224,528,512,512
10.917246341705322,224,528,512,512
10.917246341705322,224,529,512,512
10.917246341705322,224,528,512,512
10.917246341705322,224,529,512,512
10.917246341705322,224,530,512,512
10.917246341705322,224,530,512,512
10.917246341705322,224,529,512,512
10.917246341705322,224,529,512,512
10.917246341705322,224,529,512,512
10.917246341705322,224,529,512,512
10.917246341705322,224,529,512,512
10.917246341705322,224,530,512,512
10.917246341705322,224,530,512,512
10.917246341705322,224,529,512,512
10.917246341705322,224,529,512,512
10.917246341705322,224,529,512,512
10.917246341705322,224,529,512,512
10.917246341705322,224,529,512,512
10.917246341705322,224,530,512,512
10.933098793029785,224,530,512,512
10.934236526489258,224,529,512,512
10.93459963798523,224,529,512,512
10.93459963798523,224,529,512,512
10.93459963798523,224,529,512,512
10.93459963798523,224,529,512,512
10.93459963798523,224,529,512,512
10.93459963798523,224,530,512,512
10.93459963798523,224,529,512,512
10.93459963798523,224,529,512,512
10.93459963798523,224,529,512,512
10.93459963798523,224,529,512,512
10.93459963798523,224,529,512,512
10.93459963798523,224,529,512,512
10.93459963798523,224,530,512,512
10.93459963798523,224,530,512,512
10.93459963798523,224,529,512,512
10.93459963798523,224,529,512,512
10.93459963798523,224,529,512,512
10.94890022277832,224,529,512,512
10.94890022277832,224,529,512,512
10.94890022277832,224,530,512,512
10.94890022277832,224,530,512,512
10.94890022277832,224,529,512,512
10.94890022277832,224,528,512,512
10.94890022277832,224,528,512,512
10.94890022277832,224,528,512,512
10.94890022277832,224,529,512,512
10.94890022277832,224,529,512,512
10.94890022277832,224,529,512,512
10.94890022277832,224,529,512,512
10.94890022277832,224,529,512,512
10.94890022277832,224,529,512,512
10.94890022277832,224,529,512,512
10.94890022277832,224,529,512,512
10.94890022277832,224,530,512,512
10.94890022277832,224,530,512,512
10.964613437652588,224,529,512,512
10.964613437652588,224,529,512,512
10.964613437652588,224,529,512,512
10.964613437652588,224,529,512,512
10.964613437652588,225,529,512,512
10.964613437652588,224,530,512,512
10.964613437652588,224,530,512,512
10.964613437652588,224,529,512,512
10.964613437652588,224,529,512,512
10.964613437652588,224,529,512,512
10.964613437652588,224,529,512,512
10.964613437652588,224,529,512,512
10.964613437652588,224,530,512,512
10.964613437652588,224,530,512,512
10.964613437652588,224,529,512,512
10.964613437652588,224,529,512,512
10.964613437652588,224,529,512,512
10.964613437652588,224,529,512,512
10.964613437652588,224,528,512,512
10.980291366577148,224,529,512,512
10.980291366577148,224,530,512,512
10.980291366577148,224,529,512,512
10.980291366577148,224,529,512,512
10.980291366577148,224,529,512,512
10.980291366577148,224,529,512,512
10.980291366577148,224,529,512,512
10.980291366577148,224,529,512,512
10.980291366577148,224,530,512,512
10.980291366577148,224,529,512,512
10.980291366577148,224,529,512,512
10.980291366577148,224,529,512,512
10.980291366577148,224,529,512,512
10.980291366577148,224,529,512,512
10.980291366577148,224,529,512,512
10.980291366577148,224,529,512,512
10.980291366577148,224,529,512,512
10.980291366577148,224,528,512,512
10.995944499969482,224,528,512,512
10.995944499969482,224,528,512,512
10.995944499969482,224,528,512,512
10.995944499969482,224,528,512,512
10.995944499969482,224,529,512,512
10.995944499969482,224,530,512,512
10.995944499969482,224,529,512,512
10.995944499969482,224,529,512,512
10.995944499969482,224,529,512,512
10.995944499969482,224,529,512,512
10.995944499969482,224,529,512,512
10.995944499969482,224,529,512,512
10.995944499969482,224,530,512,512
10.995944499969482,224,529,512,512
10.995944499969482,224,529,512,512
10.995944499969482,224,529,512,512
10.995944499969482,224,529,512,512
10.995944499969482,224,529,512,512
11.011675119400024,224,529,512,512
11.011675119400024,224,530,512,512
11.013277530670166,224,529,512,512
11.013697385787964,224,529,512,512
11.013697385787964,224,529,512,512
11.013697385787964,224,529,512,512
11.013697385787964,224,528,512,512
11.013697385787964,224,529,512,512
11.013697385787964,224,530,512,512
11.013697385787964,224,529,512,512
11.013697385787964,224,529,512,512
11.013697385787964,224,529,512,512
11.013697385787964,224,529,512,512
11.013697385787964,224,529,512,512
11.013697385787964,224,529,512,512
11.013697385787964,224,530,512,512
11.013697385787964,224,530,512,512
11.013697385787964,224,529,512,512
11.013697385787964,224,529,512,512
11.02772045135498,224,529,512,512
11.02772045135498,224,529,512,512
11.028867483139038,224,529,512,512
11.029884099960327,224,530,512,512
11.031063079833984,224,530,512,512
11.032073020935059,224,529,512,512
11.032073020935059,224,529,512,512
11.033071994781494,224,528,512,512
11.034071683883667,224,528,512,512
11.035071849822998,224,528,512,512
11.036072015762329,224,529,512,512
11.037071943283081,224,529,512,512
11.03807282447815,224,528,512,512
11.039071321487427,224,528,512,512
11.039699792861938,224,529,512,512
11.039699792861938,224,529,512,512
11.040773153305054,224,529,512,512
11.041770696640015,224,530,512,512
11.04276967048645,224,530,512,512
11.043769598007202,224,529,512,512
11.044769048690796,224,529,512,512
11.044769048690796,224,529,512,512
11.045769453048706,224,529,512,512
11.047384977340698,224,529,512,512
11.047638893127441,224,529,512,512
11.048648118972778,224,530,512,512
11.049645185470581,224,529,512,512
11.050645351409912,224,528,512,512
11.050645351409912,224,529,512,512
11.051645278930664,224,529,512,512
11.052645206451416,224,529,512,512
11.053645372390747,224,529,512,512
11.054645538330078,224,530,512,512
11.055647373199463,224,529,512,512
11.055968761444092,224,529,512,512
11.057234764099121,224,529,512,512
11.058232069015503,224,529,512,512
11.058232069015503,224,529,512,512
11.059232234954834,224,529,512,512
11.060232162475586,224,530,512,512
11.061232089996338,224,530,512,512
11.062232255935669,224,529,512,512
11.063232183456421,224,529,512,512
11.064230680465698,224,529,512,512
11.065245151519775,224,528,512,512
11.065245151519775,224,529,512,512
11.066255569458008,224,530,512,512
11.067255735397339,224,530,512,512
11.06826114654541,224,529,512,512
11.06925630569458,224,529,512,512
11.070255994796753,224,529,512,512
11.070255994796753,224,529,512,512
11.0712571144104,224,529,512,512
11.072822570800781,224,530,512,512
11.072822570800781,224,529,512,512
11.073814392089844,224,528,512,512
11.073814392089844,224,528,512,512
11.073814392089844,224,528,512,512
11.073814392089844,224,528,512,512
11.073814392089844,224,528,512,512
11.073814392089844,224,529,512,512
11.073814392089844,224,529,512,512
11.073814392089844,224,529,512,512
11.073814392089844,224,529,512,512
11.073814392089844,224,529,512,512
11.073814392089844,224,529,512,512
11.073814392089844,224,529,512,512
11.073814392089844,224,530,512,512
11.073814392089844,224,530,512,512
11.073814392089844,224,529,512,512
11.073814392089844,224,529,512,512
11.087963342666626,224,529,512,512
11.088830947875977,224,529,512,512
11.088830947875977,224,529,512,512
11.09050464630127,224,530,512,512
11.09050464630127,224,530,512,512
11.09050464630127,224,530,512,512
11.09050464630127,224,529,512,512
11.09050464630127,224,529,512,512
11.09050464630127,224,529,512,512
11.09050464630127,224,529,512,512
11.09050464630127,224,529,512,512
11.09050464630127,224,530,512,512
11.09050464630127,224,529,512,512
11.09050464630127,224,529,512,512
11.09050464630127,224,529,512,512
11.09050464630127,224,529,512,512
11.09050464630127,224,529,512,512
11.09050464630127,224,529,512,512
11.09050464630127,224,530,512,512
11.10378122329712,224,530,512,512
11.10378122329712,224,529,512,512
11.10378122329712,224,529,512,512
11.10378122329712,224,529,512,512
11.10378122329712,224,529,512,512
11.10378122329712,224,529,512,512
11.10378122329712,224,530,512,512
11.10378122329712,224,530,512,512
11.10378122329712,224,529,512,512
11.10378122329712,224,529,512,512
11.10378122329712,224,529,512,512
11.10378122329712,224,528,512,512
11.10378122329712,224,528,512,512
11.10378122329712,224,529,512,512
11.10378122329712,224,529,512,512
11.10378122329712,224,528,512,512
11.10378122329712,224,528,512,512
11.10378122329712,224,528,512,512
11.11953330039978,224,528,512,512
11.11953330039978,224,528,512,512
11.11953330039978,224,529,512,512
11.11953330039978,224,530,512,512
11.11953330039978,224,530,512,512
11.11953330039978,224,529,512,512
11.11953330039978,224,529,512,512
11.11953330039978,224,529,512,512
11.11953330039978,224,529,512,512
11.11953330039978,224,529,512,512
11.11953330039978,224,530,512,512
11.11953330039978,224,530,512,512
11.11953330039978,224,529,512,512
11.11953330039978,224,529,512,512
11.11953330039978,224,529,512,512
11.11953330039978,224,529,512,512
11.11953330039978,224,529,512,512
11.11953330039978,224,530,512,512
11.11953330039978,224,530,512,512
11.135242462158203,224,529,512,512
11.136819124221802,224,529,512,512
11.136819124221802,224,529,512,512
11.136819124221802,224,529,512,512
11.136819124221802,224,529,512,512
11.139503002166748,224,530,512,512
11.139503002166748,224,530,512,512
11.139503002166748,224,529,512,512
11.139503002166748,224,529,512,512
11.139503002166748,224,530,512,512
11.139503002166748,224,529,512,512
11.139503002166748,224,530,512,512
11.139503002166748,224,531,512,512
11.139503002166748,224,531,512,512
11.139503002166748,224,530,512,512
11.139503002166748,224,530,512,512
11.139503002166748,224,530,512,512
11.139503002166748,224,529,512,512
11.1510329246521,224,530,512,512
11.1510329246521,224,530,512,512
11.1510329246521,224,531,512,512
11.1510329246521,224,530,512,512
11.1510329246521,224,529,512,512
11.1510329246521,224,529,512,512
11.1510329246521,224,529,512,512
11.1510329246521,224,529,512,512
11.1510329246521,224,530,512,512
11.1510329246521,224,530,512,512
11.1510329246521,224,530,512,512
11.1510329246521,224,529,512,512
11.1510329246521,224,530,512,512
11.1510329246521,224,530,512,512
11.1510329246521,224,530,512,512
11.1510329246521,224,530,512,512
11.1510329246521,224,531,512,512
11.1510329246521,224,530,512,512
11.1510329246521,224,529,512,512
11.167071342468262,224,529,512,512
11.167071342468262,224,529,512,512
11.168854236602783,224,529,512,512
11.169222831726074,224,530,512,512
11.169222831726074,224,530,512,512
11.169222831726074,224,530,512,512
11.169222831726074,224,530,512,512
11.169222831726074,224,530,512,512
11.169222831726074,224,530,512,512
11.169222831726074,224,529,512,512
11.169222831726074,224,530,512,512
11.169222831726074,224,530,512,512
11.169222831726074,224,530,512,512
11.169222831726074,224,529,512,512
11.169222831726074,224,529,512,512
11.169222831726074,224,529,512,512
11.169222831726074,224,529,512,512
11.169222831726074,224,529,512,512
11.169222831726074,224,530,512,512
11.182890176773071,223,531,512,512
11.184362173080444,223,530,512,512
11.184362173080444,224,530,512,512
11.185697078704834,224,530,512,512
11.18671464920044,224,529,512,512
11.187458992004395,224,529,512,512
11.188472509384155,224,530,512,512
11.189252853393555,224,530,512,512
11.189252853393555,223,530,512,512
11.190441846847534,224,530,512,512
11.191438674926758,224,530,512,512
11.192438840866089,223,529,512,512
11.19343900680542,224,529,512,512
11.19343900680542,224,530,512,512
11.195450067520142,223,530,512,512
11.195450067520142,223,530,512,512
11.196440935134888,223,529,512,512
11.197441339492798,223,529,512,512
11.19844126701355,223,529,512,512
11.199440956115723,223,529,512,512
11.200440883636475,223,530,512,512
11.200440883636475,223,531,512,512
11.201440811157227,224,530,512,512
11.202441215515137,224,530,512,512
11.203443050384521,224,530,512,512
11.204440355300903,224,530,512,512
11.205440759658813,224,529,512,512
11.206026077270508,224,530,512,512
11.206026077270508,223,531,512,512
11.206026077270508,223,530,512,512
11.206026077270508,223,530,512,512
11.206026077270508,223,530,512,512
11.206026077270508,224,530,512,512
11.206026077270508,224,529,512,512
11.206026077270508,224,530,512,512
11.206026077270508,224,531,512,512
11.206026077270508,224,530,512,512
11.206026077270508,223,529,512,512
11.206026077270508,223,529,512,512
11.206026077270508,223,530,512,512
11.206026077270508,223,529,512,512
11.206026077270508,223,529,512,512
11.206026077270508,224,530,512,512
11.206026077270508,224,530,512,512
11.206026077270508,224,529,512,512
11.221262693405151,224,529,512,512
11.221262693405151,224,530,512,512
11.221262693405151,224,529,512,512
11.221262693405151,224,529,512,512
11.221262693405151,224,530,512,512
11.221262693405151,224,531,512,512
11.221262693405151,224,530,512,512
11.221262693405151,224,529,512,512
11.221262693405151,224,529,512,512
11.221262693405151,224,529,512,512
11.221262693405151,224,529,512,512
11.221262693405151,224,530,512,512
11.221262693405151,224,531,512,512
11.221262693405151,224,530,512,512
11.221262693405151,224,529,512,512
11.221262693405151,224,529,512,512
11.221262693405151,224,529,512,512
11.221262693405151,224,529,512,512
11.236984014511108,224,529,512,512
11.236984014511108,224,530,512,512
11.236984014511108,224,529,512,512
11.236984014511108,224,529,512,512
11.236984014511108,224,529,512,512
11.241026639938354,224,529,512,512
11.241026639938354,224,529,512,512
11.241026639938354,224,530,512,512
11.241026639938354,224,531,512,512
11.241026639938354,224,530,512,512
11.241026639938354,224,530,512,512
11.241026639938354,224,529,512,512
11.241026639938354,224,529,512,512
11.241026639938354,224,529,512,512
11.241026639938354,224,529,512,512
11.241026639938354,224,530,512,512
11.241026639938354,224,530,512,512
11.241026639938354,224,530,512,512
11.241026639938354,224,529,512,512
11.25287127494812,224,529,512,512
11.25287127494812,224,529,512,512
11.25287127494812,224,529,512,512
11.25287127494812,224,530,512,512
11.25287127494812,224,530,512,512
11.25287127494812,224,530,512,512
11.25287127494812,224,529,512,512
11.25287127494812,224,529,512,512
11.25287127494812,224,529,512,512
11.25287127494812,224,529,512,512
11.25287127494812,224,530,512,512
11.25287127494812,224,530,512,512
11.25287127494812,224,530,512,512
11.25287127494812,224,529,512,512
11.25287127494812,224,529,512,512
11.25287127494812,224,529,512,512
11.25287127494812,224,529,512,512
11.25287127494812,224,530,512,512
11.25287127494812,224,530,512,512
11.2686026096344,224,529,512,512
11.2686026096344,224,529,512,512
11.27062201499939,224,529,512,512
11.27062201499939,224,529,512,512
11.27062201499939,224,529,512,512
11.27062201499939,224,530,512,512
11.273836135864258,224,530,512,512
11.273836135864258,224,529,512,512
11.273836135864258,224,528,512,512
11.273836135864258,224,529,512,512
11.273836135864258,224,529,512,512
11.273836135864258,224,528,512,512
11.273836135864258,224,528,512,512
11.273836135864258,224,530,512,512
11.273836135864258,224,529,512,512
11.273836135864258,223,529,512,512
11.273836135864258,223,529,512,512
11.273836135864258,223,529,512,512
11.284471035003662,223,529,512,512
11.284471035003662,224,529,512,512
11.284471035003662,224,530,512,512
11.284471035003662,223,530,512,512
11.284471035003662,223,529,512,512
11.284471035003662,223,529,512,512
11.284471035003662,223,529,512,512
11.284471035003662,223,529,512,512
11.284471035003662,224,529,512,512
11.284471035003662,224,530,512,512
11.284471035003662,224,530,512,512
11.284471035003662,224,529,512,512
11.284471035003662,224,529,512,512
11.284471035003662,224,529,512,512
11.284471035003662,223,529,512,512
11.284471035003662,223,529,512,512
11.284471035003662,223,530,512,512
11.284471035003662,223,530,512,512
11.284471035003662,223,530,512,512
11.30029034614563,224,529,512,512
11.30029034614563,224,529,512,512
11.30029034614563,224,529,512,512
11.30029034614563,224,529,512,512
11.30029034614563,224,530,512,512
11.30029034614563,223,530,512,512
11.30029034614563,223,530,512,512
11.30029034614563,223,529,512,512
11.30029034614563,223,529,512,512
11.30029034614563,223,529,512,512
11.30029034614563,223,529,512,512
11.30029034614563,223,530,512,512
11.30029034614563,224,530,512,512
11.30029034614563,224,530,512,512
11.30029034614563,224,529,512,512
11.30029034614563,224,529,512,512
11.30029034614563,224,529,512,512
11.30029034614563,224,529,512,512
11.31606936454773,224,529,512,512
11.316609144210815,224,530,512,512
11.316609144210815,224,529,512,512
11.316609144210815,224,529,512,512
11.316609144210815,224,528,512,512
11.316609144210815,224,529,512,512
11.316609144210815,224,529,512,512
11.316609144210815,224,529,512,512
11.322429656982422,224,530,512,512
11.323443174362183,224,530,512,512
11.324485301971436,224,529,512,512
11.325491189956665,224,529,512,512
11.325491189956665,224,529,512,512
11.32660460472107,224,529,512,512
11.32761287689209,224,529,512,512
11.32861590385437,224,530,512,512
11.329612970352173,224,530,512,512
11.330613374710083,224,529,512,512
11.330613374710083,224,529,512,512
11.331612348556519,224,529,512,512
11.332613229751587,224,529,512,512
11.333613395690918,224,529,512,512
11.334724187850952,224,530,512,512
11.335613250732422,224,530,512,512
11.335613250732422,224,530,512,512
11.336616277694702,224,530,512,512
11.337613105773926,224,530,512,512
11.338847875595093,224,529,512,512
11.339455127716064,224,529,512,512
11.340518712997437,224,530,512,512
11.341509580612183,224,530,512,512
11.341509580612183,224,529,512,512
11.342509508132935,224,529,512,512
11.3436439037323,224,529,512,512
11.344648838043213,224,529,512,512
11.345653295516968,224,529,512,512
11.346648693084717,224,529,512,512
11.346648693084717,224,530,512,512
11.347648859024048,224,530,512,512
11.348649024963379,224,529,512,512
11.349648714065552,224,529,512,512
11.350648164749146,224,529,512,512
11.351648569107056,224,529,512,512
11.351648569107056,224,530,512,512
11.352648496627808,224,531,512,512
11.35364842414856,224,530,512,512
11.354648351669312,224,529,512,512
11.355650186538696,224,529,512,512
11.35669207572937,224,529,512,512
11.35669207572937,224,528,512,512
11.35669207572937,224,529,512,512
11.359366178512573,224,529,512,512
11.359366178512573,224,530,512,512
11.360954999923706,224,529,512,512
11.360954999923706,224,529,512,512
11.360954999923706,224,529,512,512
11.36296010017395,224,529,512,512
11.36296010017395,224,529,512,512
11.364964485168457,224,530,512,512
11.364964485168457,223,530,512,512
11.364964485168457,223,530,512,512
11.364964485168457,223,529,512,512
11.364964485168457,224,529,512,512
11.364964485168457,224,529,512,512
11.364964485168457,224,529,512,512
11.364964485168457,224,530,512,512
11.364964485168457,224,530,512,512
11.372393131256104,224,529,512,512
11.372393131256104,224,529,512,512
11.374402046203613,224,529,512,512
11.374402046203613,224,529,512,512
11.376509189605713,224,529,512,512
11.377283811569214,224,530,512,512
11.377530336380005,224,530,512,512
11.377530336380005,224,529,512,512
11.3798086643219,224,529,512,512
11.380335092544556,224,529,512,512
11.380335092544556,223,529,512,512
11.380335092544556,223,529,512,512
11.380335092544556,223,530,512,512
11.380335092544556,223,530,512,512
11.380335092544556,223,530,512,512
11.380335092544556,224,529,512,512
11.380335092544556,224,529,512,512
11.380335092544556,224,529,512,512
11.388042449951172,224,529,512,512
11.388042449951172,223,530,512,512
11.388042449951172,223,530,512,512
11.388042449951172,223,530,512,512
11.388042449951172,223,529,512,512
11.388042449951172,224,529,512,512
11.388042449951172,224,529,512,512
11.388042449951172,224,529,512,512
11.388042449951172,224,529,512,512
11.388042449951172,224,530,512,512
11.388042449951172,224,530,512,512
11.388042449951172,224,529,512,512
11.388042449951172,224,528,512,512
11.388042449951172,224,529,512,512
11.388042449951172,224,528,512,512
11.388042449951172,224,528,512,512
11.388042449951172,224,529,512,512
11.388042449951172,224,529,512,512
11.40307092666626,223,529,512,512
11.404076099395752,223,529,512,512
11.404076099395752,223,529,512,512
11.404076099395752,223,529,512,512
11.404076099395752,223,529,512,512
11.404076099395752,224,530,512,512
11.404076099395752,224,530,512,512
11.404076099395752,224,529,512,512
11.404076099395752,224,529,512,512
11.404076099395752,224,529,512,512
11.404076099395752,224,529,512,512
11.404076099395752,224,529,512,512
11.404076099395752,224,530,512,512
11.404076099395752,224,530,512,512
11.404076099395752,224,530,512,512
11.404076099395752,224,529,512,512
11.404076099395752,224,529,512,512
11.404076099395752,224,529,512,512
11.404076099395752,224,529,512,512
11.41979455947876,224,530,512,512
11.41979455947876,224,531,512,512
11.421107530593872,224,530,512,512
11.421107530593872,224,529,512,512
11.421107530593872,224,529,512,512
11.421107530593872,224,529,512,512
11.424932718276978,224,529,512,512
11.424932718276978,224,529,512,512
11.424932718276978,224,530,512,512
11.427087783813477,224,530,512,512
11.427087783813477,224,529,512,512
11.427087783813477,224,529,512,512
11.427087783813477,224,529,512,512
11.427087783813477,224,529,512,512
11.427087783813477,224,530,512,512
11.427087783813477,224,530,512,512
11.427087783813477,224,530,512,512
11.427087783813477,224,529,512,512
11.427087783813477,224,529,512,512
11.4355309009552,224,529,512,512
11.4355309009552,224,529,512,512
11.4355309009552,224,529,512,512
11.4355309009552,224,530,512,512
11.4355309009552,224,530,512,512
11.4355309009552,224,529,512,512
11.4355309009552,224,528,512,512
11.4355309009552,224,529,512,512
11.4355309009552,224,529,512,512
11.4355309009552,224,529,512,512
11.4355309009552,224,530,512,512
11.4355309009552,224,530,512,512
11.4355309009552,224,529,512,512
11.4355309009552,224,529,512,512
11.4355309009552,224,529,512,512
11.4355309009552,224,529,512,512
11.4355309009552,224,529,512,512
11.4355309009552,224,530,512,512
11.451189994812012,224,530,512,512
11.452017068862915,224,530,512,512
11.452017068862915,224,529,512,512
11.452017068862915,224,529,512,512
11.452017068862915,224,529,512,512
11.452017068862915,224,529,512,512
11.452017068862915,224,529,512,512
11.452017068862915,224,530,512,512
11.452017068862915,224,530,512,512
11.452017068862915,224,529,512,512
11.452017068862915,224,529,512,512
11.452017068862915,224,529,512,512
11.452017068862915,224,529,512,512
11.452017068862915,224,529,512,512
11.452017068862915,224,530,512,512
11.452017068862915,224,530,512,512
11.452017068862915,224,529,512,512
11.452017068862915,224,529,512,512
11.452017068862915,224,529,512,512
11.4668710231781,224,529,512,512
11.4668710231781,224,529,512,512
11.4668710231781,224,530,512,512
11.4668710231781,224,530,512,512
11.4668710231781,224,529,512,512
11.4668710231781,224,529,512,512
11.4668710231781,224,529,512,512
11.4668710231781,224,529,512,512
11.4668710231781,224,529,512,512
11.4668710231781,224,530,512,512
11.4668710231781,224,530,512,512
11.4668710231781,224,529,512,512
11.4668710231781,224,529,512,512
11.4668710231781,224,529,512,512
11.4668710231781,224,528,512,512
11.4668710231781,224,529,512,512
11.4668710231781,224,529,512,512
11.4668710231781,224,530,512,512
11.4668710231781,224,529,512,512
11.482941627502441,224,529,512,512
11.482941627502441,224,529,512,512
11.484948873519897,224,529,512,512
11.484948873519897,224,529,512,512
11.484948873519897,224,530,512,512
11.484948873519897,224,530,512,512
11.484948873519897,224,530,512,512
11.484948873519897,223,529,512,512
11.484948873519897,223,529,512,512
11.484948873519897,223,529,512,512
11.484948873519897,224,529,512,512
11.484948873519897,224,530,512,512
11.484948873519897,224,530,512,512
11.484948873519897,224,530,512,512
11.484948873519897,224,529,512,512
11.484948873519897,223,530,512,512
11.484948873519897,223,530,512,512
11.484948873519897,224,529,512,512
11.499020338058472,224,530,512,512
11.499304294586182,224,530,512,512
11.499304294586182,224,530,512,512
11.499304294586182,224,529,512,512
11.499304294586182,224,529,512,512
11.499304294586182,224,529,512,512
11.499304294586182,224,529,512,512
11.499304294586182,224,530,512,512
11.499304294586182,224,530,512,512
11.499304294586182,224,530,512,512
11.499304294586182,224,529,512,512
11.499304294586182,224,529,512,512
11.499304294586182,224,529,512,512
11.499304294586182,224,529,512,512
11.499304294586182,223,529,512,512
11.499304294586182,223,530,512,512
11.499304294586182,223,530,512,512
11.499304294586182,223,529,512,512
11.499304294586182,223,529,512,512
11.514989137649536,224,530,512,512
11.515801668167114,224,529,512,512
11.515801668167114,224,529,512,512
11.515801668167114,224,530,512,512
11.515801668167114,224,530,512,512
11.515801668167114,224,529,512,512
11.515801668167114,224,528,512,512
11.515801668167114,224,528,512,512
11.515801668167114,223,528,512,512
11.515801668167114,223,528,512,512
11.515801668167114,224,529,512,512
11.515801668167114,224,530,512,512
11.515801668167114,224,530,512,512
11.515801668167114,224,529,512,512
11.515801668167114,224,530,512,512
11.515801668167114,224,529,512,512
11.515801668167114,224,529,512,512
11.515801668167114,224,530,512,512
11.515801668167114,224,531,512,512
11.531089544296265,224,530,512,512
11.532189846038818,224,529,512,512
11.532447814941406,224,529,512,512
11.532447814941406,224,529,512,512
11.533751487731934,224,529,512,512
11.53507685661316,224,529,512,512
11.536250352859497,224,530,512,512
11.536250352859497,224,530,512,512
11.537692546844482,224,529,512,512
11.538906574249268,224,529,512,512
11.539208173751831,224,529,512,512
11.540209293365479,224,529,512,512
11.54143500328064,224,529,512,512
11.542447805404663,224,530,512,512
11.542447805404663,224,530,512,512
11.543901920318604,224,529,512,512
11.544937133789062,224,529,512,512
11.544937133789062,224,529,512,512
11.546308040618896,224,529,512,512
11.546308040618896,224,529,512,512
11.54754090309143,224,530,512,512
11.548540830612183,224,530,512,512
11.549686431884766,224,529,512,512
11.549686431884766,224,529,512,512
11.551159858703613,224,530,512,512
11.552164793014526,224,529,512,512
11.553006410598755,224,529,512,512
11.554011583328247,224,530,512,512
11.554011583328247,224,530,512,512
11.555803775787354,224,530,512,512
11.555803775787354,224,529,512,512
11.556809425354004,224,529,512,512
11.558176517486572,224,529,512,512
11.558176517486572,224,529,512,512
11.55961561203003,224,529,512,512
11.55961561203003,224,529,512,512
11.56111764907837,224,529,512,512
11.562124490737915,224,528,512,512
11.56353497505188,224,529,512,512
11.56353497505188,224,529,512,512
11.564883708953857,224,529,512,512
11.564883708953857,224,530,512,512
11.566307783126831,224,530,512,512
11.567774534225464,224,529,512,512
11.567774534225464,224,529,512,512
11.569336652755737,224,529,512,512
11.570341110229492,224,528,512,512
11.570341110229492,224,528,512,512
11.571340084075928,224,528,512,512
11.57233738899231,224,529,512,512
11.57233738899231,224,529,512,512
11.574323415756226,224,528,512,512
11.574323415756226,224,528,512,512
11.57632851600647,224,529,512,512
11.57686996459961,224,528,512,512
11.57686996459961,224,528,512,512
11.57686996459961,224,529,512,512
11.57686996459961,224,529,512,512
11.57686996459961,224,529,512,512
11.57686996459961,224,528,512,512
11.57686996459961,224,528,512,512
11.57686996459961,224,528,512,512
11.57686996459961,224,528,512,512
11.57686996459961,224,529,512,512
11.57686996459961,224,529,512,512
11.57686996459961,224,529,512,512
11.57686996459961,224,528,512,512
11.587633848190308,224,529,512,512
11.587633848190308,224,528,512,512
11.587633848190308,224,528,512,512
11.587633848190308,224,529,512,512
11.587633848190308,224,530,512,512
11.587633848190308,224,529,512,512
11.587633848190308,224,529,512,512
11.587633848190308,224,529,512,512
11.587633848190308,224,528,512,512
11.587633848190308,224,528,512,512
11.587633848190308,224,529,512,512
11.587633848190308,224,530,512,512
11.587633848190308,224,529,512,512
11.587633848190308,224,528,512,512
11.587633848190308,224,528,512,512
11.587633848190308,224,528,512,512
11.587633848190308,224,528,512,512
11.587633848190308,224,528,512,512
11.603338956832886,224,529,512,512
11.604135036468506,224,529,512,512
11.604135036468506,224,528,512,512
11.604135036468506,224,529,512,512
11.604135036468506,224,529,512,512
11.604135036468506,224,528,512,512
11.604135036468506,224,529,512,512
11.604135036468506,224,530,512,512
11.604135036468506,224,529,512,512
11.604135036468506,224,529,512,512
11.604135036468506,224,529,512,512
11.604135036468506,224,529,512,512
11.604135036468506,224,529,512,512
11.604135036468506,224,529,512,512
11.604135036468506,224,530,512,512
11.604135036468506,224,530,512,512
11.604135036468506,224,529,512,512
11.604135036468506,224,529,512,512
11.604135036468506,224,529,512,512
11.6193106174469,224,528,512,512
11.6193106174469,225,529,512,512
11.6193106174469,225,529,512,512
11.6193106174469,224,529,512,512
11.6193106174469,224,529,512,512
11.6193106174469,224,528,512,512
11.6193106174469,224,529,512,512
11.6193106174469,224,528,512,512
11.6193106174469,224,528,512,512
11.6193106174469,224,530,512,512
11.6193106174469,224,530,512,512
11.6193106174469,224,529,512,512
11.6193106174469,224,529,512,512
11.6193106174469,224,529,512,512
11.6193106174469,224,528,512,512
11.6193106174469,224,528,512,512
11.6193106174469,224,529,512,512
11.6193106174469,224,530,512,512
11.634988069534302,224,529,512,512
11.63564682006836,224,529,512,512
11.63564682006836,224,529,512,512
11.63564682006836,224,529,512,512
11.637658834457397,224,528,512,512
11.63943338394165,224,529,512,512
11.63943338394165,224,529,512,512
11.63943338394165,224,529,512,512
11.641478538513184,224,528,512,512
11.641985654830933,224,528,512,512
11.641985654830933,224,528,512,512
11.641985654830933,224,528,512,512
11.641985654830933,224,529,512,512
11.641985654830933,225,530,512,512
11.641985654830933,224,530,512,512
11.641985654830933,224,529,512,512
11.641985654830933,224,529,512,512
11.641985654830933,224,529,512,512
11.649842262268066,224,528,512,512
11.650899887084961,224,529,512,512
11.650899887084961,224,530,512,512
11.650899887084961,224,530,512,512
11.650899887084961,224,529,512,512
11.650899887084961,224,529,512,512
11.650899887084961,224,529,512,512
11.650899887084961,224,528,512,512
11.650899887084961,224,529,512,512
11.657619714736938,224,529,512,512
11.657619714736938,224,530,512,512
11.657619714736938,224,529,512,512
11.657619714736938,224,529,512,512
11.657619714736938,224,529,512,512
11.657619714736938,224,529,512,512
11.657619714736938,224,529,512,512
11.657619714736938,225,530,512,512
11.657619714736938,224,530,512,512
11.665680408477783,224,529,512,512
11.665680408477783,224,529,512,512
11.66668438911438,224,529,512,512
11.66668438911438,224,528,512,512
11.66668438911438,224,529,512,512
11.669715881347656,224,529,512,512
11.669715881347656,224,530,512,512
11.669715881347656,224,529,512,512
11.671539068222046,224,529,512,512
11.671539068222046,224,529,512,512
11.671539068222046,224,529,512,512
11.671539068222046,224,529,512,512
11.671539068222046,224,530,512,512
11.671539068222046,224,530,512,512
11.671539068222046,224,529,512,512
11.671539068222046,224,529,512,512
11.671539068222046,224,528,512,512
11.671539068222046,224,528,512,512
11.671539068222046,224,528,512,512
11.671539068222046,224,528,512,512
11.682349443435669,224,529,512,512
11.683237314224243,224,529,512,512
11.684240579605103,224,528,512,512
11.685239791870117,224,528,512,512
11.685239791870117,224,529,512,512
11.686239957809448,224,528,512,512
11.687241315841675,224,529,512,512
11.688240766525269,224,530,512,512
11.68894624710083,224,530,512,512
11.690029859542847,224,529,512,512
11.691117525100708,224,529,512,512
11.691117525100708,224,529,512,512
11.692383050918579,224,528,512,512
11.693387746810913,224,528,512,512
11.694497108459473,224,529,512,512
11.69550108909607,224,529,512,512
11.69550108909607,224,529,512,512
11.696500539779663,224,529,512,512
11.697501182556152,224,529,512,512
11.698500633239746,224,529,512,512
11.69950008392334,224,529,512,512
11.700500011444092,224,529,512,512
11.700500011444092,224,530,512,512
11.701499938964844,224,529,512,512
11.702499866485596,224,529,512,512
11.703499555587769,224,529,512,512
11.704500913619995,224,529,512,512
11.70567536354065,224,529,512,512
11.70567536354065,224,529,512,512
11.70567536354065,224,530,512,512
11.70567536354065,224,530,512,512
11.70567536354065,224,529,512,512
11.70567536354065,224,529,512,512
11.70567536354065,224,529,512,512
11.70567536354065,224,529,512,512
11.70567536354065,224,529,512,512
11.70567536354065,224,530,512,512
11.70567536354065,224,530,512,512
11.70567536354065,224,529,512,512
11.70567536354065,224,529,512,512
11.70567536354065,224,529,512,512
11.70567536354065,224,528,512,512
11.70567536354065,224,529,512,512
11.70567536354065,224,530,512,512
11.70567536354065,224,529,512,512
11.720133066177368,224,528,512,512
11.720133066177368,224,528,512,512
11.720133066177368,225,528,512,512
11.720133066177368,224,528,512,512
11.720133066177368,224,528,512,512
11.720133066177368,224,529,512,512
11.720133066177368,224,529,512,512
11.720133066177368,224,529,512,512
11.720133066177368,224,529,512,512
11.720133066177368,224,529,512,512
11.720133066177368,224,529,512,512
11.720133066177368,224,529,512,512
11.720133066177368,224,530,512,512
11.720133066177368,224,529,512,512
11.720133066177368,224,529,512,512
11.720133066177368,224,529,512,512
11.720133066177368,224,529,512,512
11.720133066177368,224,529,512,512
11.73638916015625,224,529,512,512
11.736610651016235,224,530,512,512
11.736610651016235,224,530,512,512
11.736610651016235,224,529,512,512
11.736610651016235,224,528,512,512
11.736610651016235,224,529,512,512
11.736610651016235,224,529,512,512
11.742157220840454,224,529,512,512
11.74282455444336,224,530,512,512
11.74282455444336,224,530,512,512
11.74282455444336,224,529,512,512
11.74282455444336,224,529,512,512
11.74282455444336,224,529,512,512
11.74282455444336,224,529,512,512
11.74282455444336,224,528,512,512
11.74282455444336,224,529,512,512
11.74282455444336,224,530,512,512
11.74282455444336,224,529,512,512
11.751628637313843,224,529,512,512
11.751628637313843,224,529,512,512
11.751628637313843,224,529,512,512
11.751628637313843,224,528,512,512
11.751628637313843,224,529,512,512
11.751628637313843,224,530,512,512
11.751628637313843,224,529,512,512
11.751628637313843,224,529,512,512
11.751628637313843,224,529,512,512
11.751628637313843,224,528,512,512
11.751628637313843,224,528,512,512
11.751628637313843,224,528,512,512
11.751628637313843,224,529,512,512
11.751628637313843,224,529,512,512
11.751628637313843,224,528,512,512
11.751628637313843,224,528,512,512
11.751628637313843,224,528,512,512
11.751628637313843,224,528,512,512
11.751628637313843,223,529,512,512
11.767344236373901,224,530,512,512
11.76814579963684,224,530,512,512
11.76814579963684,224,529,512,512
11.76814579963684,224,529,512,512
11.76814579963684,224,529,512,512
11.76814579963684,224,528,512,512
11.76814579963684,224,528,512,512
11.772856950759888,224,529,512,512
11.772856950759888,224,530,512,512
11.772856950759888,224,529,512,512
11.772856950759888,224,529,512,512
11.772856950759888,224,529,512,512
11.772856950759888,224,529,512,512
11.772856950759888,224,529,512,512
11.772856950759888,224,529,512,512
11.772856950759888,224,530,512,512
11.772856950759888,224,529,512,512
11.772856950759888,224,529,512,512
11.772856950759888,224,529,512,512
11.783341407775879,224,529,512,512
11.783902645111084,224,528,512,512
11.785308599472046,224,529,512,512
11.785308599472046,224,530,512,512
11.785308599472046,224,529,512,512
11.785308599472046,224,529,512,512
11.785308599472046,224,529,512,512
11.788926839828491,224,529,512,512
11.788926839828491,224,529,512,512
11.788926839828491,224,529,512,512
11.788926839828491,224,530,512,512
11.788926839828491,224,530,512,512
11.788926839828491,224,529,512,512
11.788926839828491,224,529,512,512
11.788926839828491,224,529,512,512
11.788926839828491,224,529,512,512
11.788926839828491,224,529,512,512
11.788926839828491,224,530,512,512
11.788926839828491,224,529,512,512
11.799433708190918,224,528,512,512
11.799433708190918,224,528,512,512
11.799433708190918,224,528,512,512
11.799433708190918,224,528,512,512
11.799433708190918,224,528,512,512
11.799433708190918,224,529,512,512
11.799433708190918,224,529,512,512
11.799433708190918,224,529,512,512
11.806122541427612,224,529,512,512
11.807230949401855,224,529,512,512
11.807230949401855,224,529,512,512
11.807230949401855,224,529,512,512
11.807230949401855,224,529,512,512
11.807230949401855,224,530,512,512
11.807230949401855,224,529,512,512
11.807230949401855,224,529,512,512
11.807230949401855,224,529,512,512
11.807230949401855,224,529,512,512
11.815150499343872,224,529,512,512
11.815150499343872,224,529,512,512
11.815150499343872,224,530,512,512
11.815150499343872,224,529,512,512
11.815150499343872,224,529,512,512
11.815150499343872,224,529,512,512
11.815150499343872,224,529,512,512
11.815150499343872,224,529,512,512
11.815150499343872,224,529,512,512
11.815150499343872,224,530,512,512
11.815150499343872,224,530,512,512
11.815150499343872,224,529,512,512
11.825190544128418,224,529,512,512
11.825190544128418,224,529,512,512
11.825190544128418,224,529,512,512
11.825190544128418,225,529,512,512
11.825190544128418,225,530,512,512
11.825190544128418,224,530,512,512
11.825190544128418,224,529,512,512
11.831259489059448,224,529,512,512
11.831990242004395,224,529,512,512
11.831990242004395,224,528,512,512
11.831990242004395,224,529,512,512
11.831990242004395,224,530,512,512
11.831990242004395,224,530,512,512
11.831990242004395,224,529,512,512
11.831990242004395,224,529,512,512
11.831990242004395,224,529,512,512
11.831990242004395,224,529,512,512
11.831990242004395,224,529,512,512
11.831990242004395,224,529,512,512
11.831990242004395,224,529,512,512
11.831990242004395,224,529,512,512
11.831990242004395,224,528,512,512
11.831990242004395,224,528,512,512
11.831990242004395,224,528,512,512
11.831990242004395,224,529,512,512
11.831990242004395,224,529,512,512
11.847633838653564,224,530,512,512
11.847633838653564,224,529,512,512
11.847633838653564,224,529,512,512
11.847633838653564,224,529,512,512
11.847633838653564,224,529,512,512
11.847633838653564,224,529,512,512
11.847633838653564,224,529,512,512
11.847633838653564,224,530,512,512
11.847633838653564,224,529,512,512
11.847633838653564,224,529,512,512
11.856241703033447,224,529,512,512
11.856769323348999,224,529,512,512
11.857774496078491,224,529,512,512
11.858773231506348,224,529,512,512
11.858773231506348,224,530,512,512
11.859955787658691,224,529,512,512
11.860960721969604,224,529,512,512
11.861960887908936,224,529,512,512
11.861960887908936,224,529,512,512
11.862961769104004,224,528,512,512
11.863959074020386,224,529,512,512
11.86496114730835,224,530,512,512
11.86595869064331,224,529,512,512
11.86695909500122,224,529,512,512
11.867959022521973,224,529,512,512
11.868958950042725,224,529,512,512
11.868958950042725,224,529,512,512
11.869959115982056,224,529,512,512
11.870959043502808,224,530,512,512
11.871959209442139,224,530,512,512
11.87275743484497,224,529,512,512
11.873807668685913,224,529,512,512
11.874805927276611,224,529,512,512
11.874805927276611,224,529,512,512
11.876343965530396,224,529,512,512
11.877352952957153,224,530,512,512
11.877352952957153,224,530,512,512
11.878353118896484,224,529,512,512
11.879353046417236,224,529,512,512
11.8803551197052,224,528,512,512
11.881352424621582,224,528,512,512
11.882351398468018,224,528,512,512
11.882351398468018,224,529,512,512
11.884350776672363,224,529,512,512
11.884350776672363,224,529,512,512
11.88534951210022,224,529,512,512
11.886367321014404,224,529,512,512
11.887626647949219,224,529,512,512
11.887626647949219,224,529,512,512
11.88863205909729,224,529,512,512
11.890005350112915,224,530,512,512
11.890528440475464,224,530,512,512
11.890528440475464,224,529,512,512
11.890528440475464,224,529,512,512
11.890528440475464,224,529,512,512
11.890528440475464,224,529,512,512
11.890528440475464,224,529,512,512
11.890528440475464,224,530,512,512
11.890528440475464,224,530,512,512
11.890528440475464,224,529,512,512
11.890528440475464,224,529,512,512
11.890528440475464,224,529,512,512
11.890528440475464,224,529,512,512
11.890528440475464,224,529,512,512
11.890528440475464,224,530,512,512
11.890528440475464,224,530,512,512
11.890528440475464,224,529,512,512
11.890528440475464,224,529,512,512
11.890528440475464,224,529,512,512
11.905712366104126,224,528,512,512
11.905712366104126,224,529,512,512
11.905712366104126,224,530,512,512
11.905712366104126,224,530,512,512
11.905712366104126,224,529,512,512
11.905712366104126,224,529,512,512
11.905712366104126,224,529,512,512
11.905712366104126,224,529,512,512
11.905712366104126,224,529,512,512
11.905712366104126,224,530,512,512
11.905712366104126,224,530,512,512
11.905712366104126,224,529,512,512
11.905712366104126,224,529,512,512
11.905712366104126,224,529,512,512
11.905712366104126,224,529,512,512
11.905712366104126,224,529,512,512
11.905712366104126,224,530,512,512
11.905712366104126,224,530,512,512
11.921438932418823,224,529,512,512
11.921438932418823,224,528,512,512
11.921438932418823,224,528,512,512
11.921438932418823,224,528,512,512
11.921438932418823,224,528,512,512
11.921438932418823,224,529,512,512
11.921438932418823,224,529,512,512
11.921438932418823,224,529,512,512
11.921438932418823,224,529,512,512
11.921438932418823,224,529,512,512
11.921438932418823,224,529,512,512
11.921438932418823,224,529,512,512
11.921438932418823,224,529,512,512
11.921438932418823,224,530,512,512
11.921438932418823,224,529,512,512
11.921438932418823,224,529,512,512
11.921438932418823,224,529,512,512
11.921438932418823,224,529,512,512
11.921438932418823,224,528,512,512
11.93717098236084,224,529,512,512
11.93717098236084,224,530,512,512
11.939190149307251,224,530,512,512
11.939190149307251,224,529,512,512
11.939190149307251,224,529,512,512
11.939190149307251,224,529,512,512
11.939190149307251,224,529,512,512
11.939190149307251,224,529,512,512
11.939190149307251,224,530,512,512
11.939190149307251,224,530,512,512
11.939190149307251,224,529,512,512
11.939190149307251,224,529,512,512
11.939190149307251,224,529,512,512
11.939190149307251,224,528,512,512
11.939190149307251,224,528,512,512
11.939190149307251,224,529,512,512
11.939190149307251,224,530,512,512
11.939190149307251,224,529,512,512
11.952957391738892,224,529,512,512
11.952957391738892,224,529,512,512
11.952957391738892,224,528,512,512
11.952957391738892,224,528,512,512
11.952957391738892,224,529,512,512
11.952957391738892,224,530,512,512
11.952957391738892,224,530,512,512
11.952957391738892,224,529,512,512
11.952957391738892,224,529,512,512
11.952957391738892,224,529,512,512
11.952957391738892,224,528,512,512
11.952957391738892,224,529,512,512
11.952957391738892,224,529,512,512
11.952957391738892,224,529,512,512
11.952957391738892,224,528,512,512
11.952957391738892,224,528,512,512
11.952957391738892,224,528,512,512
11.952957391738892,224,528,512,512
11.952957391738892,224,529,512,512
11.969047784805298,224,530,512,512
11.969047784805298,224,530,512,512
11.971089124679565,224,529,512,512
11.97136402130127,224,529,512,512
11.97136402130127,224,529,512,512
11.97136402130127,224,529,512,512
11.97136402130127,224,529,512,512
11.97136402130127,224,530,512,512
11.97136402130127,224,530,512,512
11.97136402130127,224,529,512,512
11.97136402130127,225,529,512,512
11.97136402130127,224,529,512,512
11.97136402130127,224,529,512,512
11.97136402130127,224,529,512,512
11.97136402130127,224,530,512,512
11.97136402130127,224,530,512,512
11.97136402130127,224,529,512,512
11.97136402130127,224,529,512,512
11.97136402130127,224,529,512,512
11.984933853149414,224,529,512,512
11.984933853149414,224,529,512,512
11.984933853149414,224,529,512,512
11.984933853149414,224,530,512,512
11.984933853149414,224,529,512,512
11.984933853149414,224,529,512,512
11.984933853149414,224,529,512,512
11.984933853149414,224,529,512,512
11.984933853149414,224,529,512,512
11.984933853149414,224,530,512,512
11.984933853149414,224,531,512,512
11.984933853149414,224,530,512,512
11.984933853149414,224,530,512,512
11.984933853149414,224,530,512,512
11.984933853149414,224,530,512,512
11.984933853149414,224,529,512,512
11.984933853149414,224,530,512,512
11.984933853149414,224,531,512,512
12.000675678253174,224,530,512,512
12.000675678253174,224,529,512,512
12.000675678253174,224,529,512,512
12.000675678253174,224,529,512,512
12.000675678253174,224,529,512,512
12.000675678253174,224,529,512,512
12.000675678253174,224,530,512,512
12.000675678253174,224,530,512,512
12.007488250732422,224,529,512,512
12.007488250732422,224,530,512,512
12.009514331817627,224,530,512,512
12.009514331817627,224,529,512,512
12.009514331817627,224,530,512,512
12.009514331817627,224,531,512,512
12.009514331817627,224,531,512,512
12.009514331817627,224,530,512,512
12.009514331817627,224,530,512,512
12.009514331817627,224,529,512,512
12.009514331817627,224,529,512,512
12.016540288925171,224,529,512,512
12.016540288925171,224,530,512,512
12.016540288925171,224,530,512,512
12.016540288925171,224,530,512,512
12.016540288925171,224,529,512,512
12.016540288925171,224,530,512,512
12.016540288925171,223,529,512,512
12.016540288925171,223,529,512,512
12.016540288925171,224,530,512,512
12.016540288925171,224,530,512,512
12.016540288925171,224,529,512,512
12.016540288925171,224,529,512,512
12.016540288925171,224,529,512,512
12.016540288925171,224,529,512,512
12.016540288925171,224,529,512,512
12.016540288925171,224,530,512,512
12.016540288925171,224,530,512,512
12.016540288925171,224,530,512,512
12.032265186309814,224,529,512,512
12.032992601394653,224,529,512,512
12.033665657043457,224,529,512,512
12.034807920455933,224,529,512,512
12.034807920455933,224,530,512,512
12.03581714630127,224,530,512,512
12.036815166473389,224,530,512,512
12.037814617156982,224,529,512,512
12.038814783096313,224,530,512,512
12.039142370223999,224,530,512,512
12.040143728256226,224,529,512,512
12.041144609451294,224,529,512,512
12.042142868041992,224,530,512,512
12.043142318725586,224,529,512,512
12.043142318725586,224,529,512,512
12.044143676757812,224,529,512,512
12.045142650604248,224,529,512,512
12.046141386032104,224,528,512,512
12.047140836715698,224,529,512,512
12.048141241073608,224,530,512,512
12.04914116859436,224,530,512,512
12.050142288208008,224,529,512,512
12.050142288208008,224,529,512,512
12.051697492599487,224,529,512,512
12.05175518989563,224,529,512,512
12.052759885787964,224,529,512,512
12.0537588596344,224,530,512,512
12.05475902557373,224,530,512,512
12.055664539337158,224,529,512,512
12.056757926940918,224,529,512,512
12.05776047706604,224,529,512,512
12.05776047706604,224,529,512,512
12.058756589889526,224,529,512,512
12.05975866317749,224,530,512,512
12.06075668334961,224,530,512,512
12.061755180358887,224,530,512,512
12.062755823135376,224,529,512,512
12.062755823135376,224,529,512,512
12.063759565353394,223,529,512,512
12.064755201339722,223,529,512,512
12.065756559371948,224,530,512,512
12.066754817962646,224,530,512,512
12.06792163848877,224,530,512,512
12.06792163848877,224,529,512,512
12.068924903869629,224,529,512,512
12.069925546646118,224,529,512,512
12.070924997329712,224,529,512,512
12.071924924850464,223,529,512,512
12.072275876998901,223,530,512,512
12.072275876998901,224,530,512,512
12.074429750442505,224,529,512,512
12.074429750442505,224,529,512,512
12.074429750442505,224,529,512,512
12.074429750442505,224,529,512,512
12.074429750442505,224,530,512,512
12.074429750442505,224,530,512,512
12.074429750442505,224,530,512,512
12.074429750442505,224,529,512,512
12.074429750442505,224,529,512,512
12.074429750442505,224,529,512,512
12.074429750442505,224,529,512,512
12.074429750442505,224,529,512,512
12.074429750442505,224,530,512,512
12.074429750442505,223,529,512,512
12.074429750442505,223,529,512,512
12.074429750442505,223,529,512,512
12.08765196800232,223,529,512,512
12.08765196800232,223,529,512,512
12.08765196800232,224,529,512,512
12.08765196800232,224,530,512,512
12.08765196800232,224,530,512,512
12.08765196800232,224,530,512,512
12.08765196800232,224,529,512,512
12.09395718574524,224,530,512,512
12.09395718574524,224,529,512,512
12.095962762832642,224,529,512,512
12.095962762832642,224,530,512,512
12.095962762832642,224,530,512,512
12.095962762832642,224,529,512,512
12.095962762832642,224,529,512,512
12.095962762832642,224,529,512,512
12.100309371948242,224,529,512,512
12.100309371948242,224,529,512,512
12.100309371948242,224,530,512,512
12.103280305862427,224,530,512,512
12.103280305862427,224,530,512,512
12.103280305862427,224,529,512,512
12.103280305862427,224,529,512,512
12.103280305862427,224,529,512,512
12.103280305862427,224,529,512,512
12.103280305862427,224,529,512,512
12.103280305862427,224,530,512,512
12.103280305862427,224,530,512,512
12.103280305862427,224,529,512,512
12.103280305862427,224,529,512,512
12.103280305862427,224,529,512,512
12.113850355148315,224,529,512,512
12.113850355148315,224,529,512,512
12.113850355148315,224,530,512,512
12.113850355148315,224,530,512,512
12.113850355148315,224,529,512,512
12.113850355148315,224,529,512,512
12.118914604187012,224,529,512,512
12.118914604187012,224,529,512,512
12.118914604187012,224,529,512,512
12.118914604187012,224,530,512,512
12.118914604187012,224,530,512,512
12.122897386550903,224,529,512,512
12.122897386550903,224,529,512,512
12.122897386550903,224,529,512,512
12.122897386550903,224,528,512,512
12.122897386550903,224,529,512,512
12.122897386550903,224,530,512,512
12.122897386550903,224,530,512,512
12.122897386550903,224,529,512,512
12.122897386550903,224,529,512,512
12.122897386550903,224,530,512,512
12.122897386550903,224,529,512,512
12.122897386550903,224,529,512,512
12.122897386550903,224,530,512,512
12.122897386550903,224,530,512,512
12.134647607803345,224,530,512,512
12.134647607803345,224,529,512,512
12.134647607803345,224,529,512,512
12.134647607803345,224,529,512,512
12.134647607803345,224,529,512,512
12.134647607803345,224,530,512,512
12.134647607803345,224,530,512,512
12.134647607803345,224,530,512,512
12.134647607803345,224,529,512,512
12.134647607803345,224,529,512,512
12.134647607803345,224,529,512,512
12.134647607803345,224,529,512,512
12.134647607803345,224,530,512,512
12.134647607803345,224,530,512,512
12.134647607803345,224,530,512,512
12.134647607803345,224,529,512,512
12.134647607803345,224,529,512,512
12.134647607803345,224,529,512,512
12.150450229644775,224,529,512,512
12.150450229644775,224,530,512,512
12.150450229644775,224,530,512,512
12.150450229644775,224,530,512,512
12.150450229644775,224,529,512,512
12.150450229644775,224,529,512,512
12.150450229644775,224,529,512,512
12.150450229644775,224,529,512,512
12.150450229644775,224,529,512,512
12.150450229644775,224,530,512,512
12.150450229644775,224,530,512,512
12.150450229644775,224,530,512,512
12.150450229644775,224,529,512,512
12.150450229644775,224,529,512,512
12.150450229644775,224,529,512,512
12.150450229644775,224,529,512,512
12.150450229644775,224,529,512,512
12.150450229644775,224,530,512,512
12.150450229644775,224,529,512,512
12.166262865066528,224,529,512,512
12.167554140090942,224,529,512,512
12.167976379394531,224,529,512,512
12.167976379394531,224,529,512,512
12.167976379394531,224,530,512,512
12.167976379394531,224,530,512,512
12.167976379394531,224,530,512,512
12.167976379394531,224,529,512,512
12.167976379394531,224,530,512,512
12.167976379394531,224,529,512,512
12.167976379394531,224,529,512,512
12.167976379394531,224,530,512,512
12.167976379394531,224,530,512,512
12.167976379394531,224,530,512,512
12.167976379394531,224,529,512,512
12.167976379394531,224,529,512,512
12.167976379394531,224,529,512,512
12.167976379394531,224,529,512,512
12.167976379394531,224,529,512,512
12.167976379394531,224,530,512,512
12.18337082862854,224,530,512,512
12.18337082862854,224,529,512,512
12.18337082862854,224,529,512,512
12.18337082862854,224,529,512,512
12.18337082862854,224,529,512,512
12.18337082862854,224,529,512,512
12.18337082862854,224,530,512,512
12.18337082862854,224,530,512,512
12.18337082862854,224,529,512,512
12.18337082862854,224,529,512,512
12.18337082862854,224,529,512,512
12.18337082862854,224,529,512,512
12.18337082862854,224,529,512,512
12.18337082862854,224,530,512,512
12.18337082862854,224,530,512,512
12.18337082862854,224,529,512,512
12.18337082862854,224,529,512,512
12.18337082862854,224,530,512,512
12.18337082862854,224,529,512,512
12.199180126190186,224,530,512,512
12.200719594955444,224,531,512,512
12.200719594955444,224,531,512,512
12.201784610748291,224,530,512,512
12.202785015106201,224,529,512,512
12.203787803649902,224,529,512,512
12.20479416847229,224,529,512,512
12.205714225769043,224,529,512,512
12.206633806228638,224,530,512,512
12.207459449768066,224,530,512,512
12.207826614379883,224,529,512,512
12.208877563476562,224,529,512,512
12.20988154411316,224,529,512,512
12.21087908744812,224,529,512,512
12.21087908744812,224,529,512,512
12.211877584457397,224,530,512,512
12.21287751197815,224,530,512,512
12.213876485824585,224,530,512,512
12.214875221252441,224,529,512,512
12.215877532958984,224,529,512,512
12.215877532958984,224,529,512,512
12.216874837875366,224,529,512,512
12.217874765396118,224,529,512,512
12.21887469291687,224,530,512,512
12.219876289367676,224,530,512,512
12.220874786376953,224,529,512,512
12.2218759059906,224,529,512,512
12.222288846969604,224,530,512,512
12.222288846969604,224,529,512,512
12.222288846969604,224,529,512,512
12.222288846969604,224,530,512,512
12.222288846969604,224,530,512,512
12.222288846969604,224,529,512,512
12.222288846969604,224,529,512,512
12.222288846969604,224,529,512,512
12.222288846969604,223,529,512,512
12.222288846969604,223,529,512,512
12.222288846969604,224,530,512,512
12.222288846969604,224,530,512,512
12.222288846969604,224,529,512,512
12.222288846969604,224,529,512,512
12.222288846969604,224,529,512,512
12.222288846969604,224,529,512,512
12.222288846969604,224,529,512,512
12.222288846969604,224,530,512,512
12.237520694732666,224,530,512,512
12.238488674163818,224,530,512,512
12.238488674163818,224,529,512,512
12.238488674163818,224,530,512,512
12.238488674163818,224,529,512,512
