time,pos,cur,cmd_pos,cmd_cur
0.0,224,513,512,512
0.0,224,513,512,512
0.0,224,513,512,512
0.0,224,513,512,512
0.0,225,513,512,512
0.0,225,513,512,512
0.0,225,513,512,512
0.0,225,513,512,512
0.0,225,513,512,512
0.0,225,513,512,512
0.0,225,513,512,512
0.0,225,513,512,512
0.0,225,513,512,512
0.0,225,513,512,512
0.013572931289672852,226,513,512,512
0.015039443969726562,226,513,512,512
0.015039443969726562,225,512,512,512
0.015039443969726562,226,513,512,512
0.015039443969726562,226,513,512,512
0.015039443969726562,226,513,512,512
0.015039443969726562,226,513,512,512
0.015039443969726562,226,514,512,512
0.015039443969726562,226,514,512,512
0.015039443969726562,226,514,512,512
0.015039443969726562,226,514,512,512
0.015039443969726562,226,514,512,512
0.015039443969726562,226,514,512,512
0.015039443969726562,226,514,512,512
0.015039443969726562,227,514,512,512
0.015039443969726562,227,514,512,512
0.015039443969726562,227,514,512,512
0.015039443969726562,227,514,512,512
0.015039443969726562,227,514,512,512
0.030226469039916992,227,514,512,512
0.031107664108276367,228,514,512,512
0.031107664108276367,228,514,512,512
0.03312349319458008,228,514,512,512
0.03312349319458008,228,514,512,512
0.034119367599487305,228,514,512,512
0.035123586654663086,228,515,512,512
0.03612685203552246,229,514,512,512
0.03696751594543457,229,514,512,512
0.037806034088134766,229,514,512,512
0.037806034088134766,229,514,512,512
0.037806034088134766,229,514,512,512
0.037806034088134766,229,514,512,512
0.037806034088134766,229,514,512,512
0.037806034088134766,229,514,512,512
0.037806034088134766,229,514,512,512
0.037806034088134766,229,514,512,512
0.037806034088134766,229,514,512,512
0.037806034088134766,229,514,512,512
0.04678797721862793,229,514,512,512
0.04781031608581543,229,514,512,512
0.04850435256958008,229,514,512,512
0.049222707748413086,229,514,512,512
0.049222707748413086,229,514,512,512
0.049222707748413086,229,514,512,512
0.049222707748413086,229,514,512,512
0.049222707748413086,230,514,512,512
0.049222707748413086,229,514,512,512
0.049222707748413086,229,513,512,512
0.049222707748413086,229,514,512,512
0.049222707748413086,229,513,512,512
0.049222707748413086,229,513,512,512
0.049222707748413086,229,514,512,512
0.049222707748413086,229,514,512,512
0.049222707748413086,229,514,512,512
0.049222707748413086,229,514,512,512
0.049222707748413086,229,514,512,512
0.049222707748413086,229,514,512,512
0.0634760856628418,229,514,512,512
0.06412672996520996,229,514,512,512
0.06537103652954102,229,514,512,512
0.06537103652954102,229,514,512,512
0.06736159324645996,229,514,512,512
0.06736159324645996,229,514,512,512
0.06893110275268555,228,514,512,512
0.06943130493164062,228,514,512,512
0.07044649124145508,228,514,512,512
0.0714406967163086,228,514,512,512
0.07244038581848145,228,514,512,512
0.07244038581848145,228,514,512,512
0.07344269752502441,228,514,512,512
0.07444095611572266,227,514,512,512
0.07544088363647461,227,514,512,512
0.07644104957580566,227,514,512,512
0.07744216918945312,227,515,512,512
0.07844233512878418,227,514,512,512
0.07844233512878418,227,514,512,512
0.0804438591003418,227,514,512,512
0.08144545555114746,227,514,512,512
0.08174586296081543,226,514,512,512
0.08275055885314941,226,514,512,512
0.08374547958374023,226,514,512,512
0.08474397659301758,226,514,512,512
0.08584785461425781,226,514,512,512
0.08661580085754395,226,514,512,512
0.08661580085754395,226,514,512,512
0.08762574195861816,226,514,512,512
0.08862662315368652,226,515,512,512
0.08962678909301758,226,515,512,512
0.09062671661376953,226,514,512,512
0.09162735939025879,226,514,512,512
0.09262514114379883,225,514,512,512
0.0936272144317627,225,514,512,512
0.0936272144317627,225,514,512,512
0.09462738037109375,225,514,512,512
0.0956273078918457,225,514,512,512
0.0966331958770752,225,513,512,512
0.09763193130493164,225,514,512,512
0.09830307960510254,225,514,512,512
0.09960365295410156,225,514,512,512
0.10059928894042969,225,515,512,512
0.10159897804260254,225,515,512,512
0.10159897804260254,225,515,512,512
0.10321569442749023,225,515,512,512
0.10346460342407227,225,515,512,512
0.10447573661804199,225,515,512,512
0.10547637939453125,225,514,512,512
0.1064763069152832,225,515,512,512
0.10747623443603516,225,515,512,512
0.10747623443603516,225,515,512,512
0.10947895050048828,225,515,512,512
0.10947895050048828,225,515,512,512
0.11047673225402832,225,515,512,512
0.11147737503051758,225,515,512,512
0.11247730255126953,225,515,512,512
0.11347746849060059,225,515,512,512
0.11411690711975098,226,515,512,512
0.11411690711975098,226,515,512,512
0.11411690711975098,226,515,512,512
0.11411690711975098,226,515,512,512
0.11411690711975098,226,515,512,512
0.11411690711975098,226,515,512,512
0.11411690711975098,226,515,512,512
0.11411690711975098,226,515,512,512
0.11411690711975098,227,515,512,512
0.11411690711975098,227,515,512,512
0.11411690711975098,227,515,512,512
0.11411690711975098,227,515,512,512
0.11411690711975098,227,515,512,512
0.11411690711975098,227,515,512,512
0.11411690711975098,227,515,512,512
0.11411690711975098,227,515,512,512
0.11411690711975098,227,515,512,512
0.12945914268493652,227,515,512,512
0.12945914268493652,227,515,512,512
0.12945914268493652,228,515,512,512
0.12945914268493652,228,515,512,512
0.12945914268493652,228,515,512,512
0.12945914268493652,228,515,512,512
0.12945914268493652,228,514,512,512
0.12945914268493652,228,514,512,512
0.12945914268493652,228,515,512,512
0.12945914268493652,228,515,512,512
0.12945914268493652,228,515,512,512
0.12945914268493652,228,515,512,512
0.12945914268493652,229,515,512,512
0.12945914268493652,229,515,512,512
0.12945914268493652,229,515,512,512
0.12945914268493652,229,515,512,512
0.12945914268493652,229,515,512,512
0.12945914268493652,229,515,512,512
0.1450059413909912,229,515,512,512
0.1450059413909912,229,515,512,512
0.1450059413909912,229,515,512,512
0.1450059413909912,229,515,512,512
0.1450059413909912,229,515,512,512
0.1450059413909912,229,515,512,512
0.1450059413909912,229,515,512,512
0.1450059413909912,229,515,512,512
0.1450059413909912,229,515,512,512
0.1450059413909912,229,514,512,512
0.1450059413909912,229,514,512,512
0.1450059413909912,229,515,512,512
0.1450059413909912,229,515,512,512
0.1450059413909912,229,515,512,512
0.1450059413909912,229,515,512,512
0.1450059413909912,229,515,512,512
0.1450059413909912,229,514,512,512
0.1450059413909912,229,515,512,512
0.16069769859313965,229,515,512,512
0.16069769859313965,228,515,512,512
0.16273236274719238,228,515,512,512
0.16273236274719238,228,514,512,512
0.16454100608825684,228,515,512,512
0.16454100608825684,228,515,512,512
0.16454100608825684,228,515,512,512
0.16656088829040527,228,515,512,512
0.16656088829040527,228,515,512,512
0.16656088829040527,228,514,512,512
0.16656088829040527,228,515,512,512
0.16656088829040527,228,515,512,512
0.16656088829040527,228,515,512,512
0.16656088829040527,228,515,512,512
0.16656088829040527,228,515,512,512
0.16656088829040527,228,515,512,512
0.16656088829040527,227,514,512,512
0.16656088829040527,227,514,512,512
0.17656540870666504,227,514,512,512
0.17779016494750977,227,514,512,512
0.17779016494750977,227,514,512,512
0.17779016494750977,227,515,512,512
0.18064284324645996,227,515,512,512
0.18064284324645996,227,515,512,512
0.18064284324645996,226,515,512,512
0.18064284324645996,226,515,512,512
0.18064284324645996,226,515,512,512
0.18064284324645996,226,515,512,512
0.18064284324645996,226,515,512,512
0.18064284324645996,226,514,512,512
0.18064284324645996,226,514,512,512
0.18064284324645996,226,515,512,512
0.18064284324645996,226,514,512,512
0.18064284324645996,226,514,512,512
0.18064284324645996,226,515,512,512
0.18064284324645996,226,515,512,512
0.19235873222351074,225,515,512,512
0.19235873222351074,225,514,512,512
0.19235873222351074,225,515,512,512
0.19235873222351074,225,515,512,512
0.19235873222351074,225,515,512,512
0.19235873222351074,225,515,512,512
0.19235873222351074,225,515,512,512
0.19235873222351074,225,515,512,512
0.19235873222351074,225,515,512,512
0.19235873222351074,225,515,512,512
0.19235873222351074,225,514,512,512
0.19235873222351074,225,515,512,512
0.19235873222351074,225,515,512,512
0.19235873222351074,225,515,512,512
0.19235873222351074,225,515,512,512
0.19235873222351074,225,515,512,512
0.19235873222351074,225,515,512,512
0.19235873222351074,225,515,512,512
0.20819520950317383,225,515,512,512
0.20903587341308594,226,516,512,512
0.20903587341308594,226,515,512,512
0.20903587341308594,226,515,512,512
0.20903587341308594,226,515,512,512
0.20903587341308594,226,515,512,512
0.20903587341308594,226,515,512,512
0.20903587341308594,226,515,512,512
0.20903587341308594,226,515,512,512
0.20903587341308594,226,515,512,512
0.20903587341308594,226,515,512,512
0.20903587341308594,226,514,512,512
0.20903587341308594,226,514,512,512
0.20903587341308594,226,514,512,512
0.20903587341308594,226,514,512,512
0.20903587341308594,226,515,512,512
0.20903587341308594,227,515,512,512
0.20903587341308594,227,515,512,512
0.2239243984222412,227,515,512,512
0.2253568172454834,227,515,512,512
0.22607874870300293,227,515,512,512
0.2270512580871582,227,516,512,512
0.22730159759521484,227,516,512,512
0.2283163070678711,227,515,512,512
0.2293105125427246,227,515,512,512
0.2302098274230957,227,515,512,512
0.2314319610595703,227,515,512,512
0.2314319610595703,228,515,512,512
0.23242950439453125,228,515,512,512
0.23343348503112793,228,515,512,512
0.23442912101745605,228,515,512,512
0.2354278564453125,228,515,512,512
0.23642683029174805,228,515,512,512
0.23742985725402832,228,515,512,512
0.23842978477478027,228,515,512,512
0.23842978477478027,228,515,512,512
0.23942852020263672,228,515,512,512
0.24043059349060059,228,515,512,512
0.24143052101135254,229,515,512,512
0.2424306869506836,229,515,512,512
0.24383783340454102,229,515,512,512
0.24433398246765137,229,515,512,512
0.2453479766845703,229,515,512,512
0.24634909629821777,229,515,512,512
0.24708890914916992,229,515,512,512
0.24708890914916992,229,515,512,512
0.24708890914916992,229,515,512,512
0.24708890914916992,229,515,512,512
0.24708890914916992,229,515,512,512
0.24708890914916992,229,515,512,512
0.24708890914916992,229,515,512,512
0.24708890914916992,229,515,512,512
0.24708890914916992,229,515,512,512
0.24708890914916992,229,515,512,512
0.24708890914916992,229,514,512,512
0.24708890914916992,229,514,512,512
0.24708890914916992,229,515,512,512
0.24708890914916992,229,515,512,512
0.24708890914916992,229,514,512,512
0.24708890914916992,228,515,512,512
0.24708890914916992,228,515,512,512
0.2623124122619629,228,515,512,512
0.2623124122619629,228,515,512,512
0.2623124122619629,228,516,512,512
0.2623124122619629,228,515,512,512
0.2623124122619629,228,515,512,512
0.2623124122619629,228,515,512,512
0.2623124122619629,228,515,512,512
0.2623124122619629,228,515,512,512
0.2623124122619629,228,515,512,512
0.2623124122619629,228,515,512,512
0.2623124122619629,228,515,512,512
0.2623124122619629,228,515,512,512
0.2623124122619629,227,515,512,512
0.2623124122619629,227,515,512,512
0.2623124122619629,227,515,512,512
0.2623124122619629,227,515,512,512
0.2623124122619629,227,515,512,512
0.2623124122619629,227,515,512,512
0.2623124122619629,227,515,512,512
0.27823567390441895,227,515,512,512
0.27823567390441895,226,515,512,512
0.27823567390441895,226,515,512,512
0.27823567390441895,226,515,512,512
0.27823567390441895,226,515,512,512
0.27823567390441895,226,515,512,512
0.27823567390441895,226,515,512,512
0.27823567390441895,226,515,512,512
0.27823567390441895,226,515,512,512
0.27823567390441895,226,515,512,512
0.27823567390441895,226,515,512,512
0.27823567390441895,226,515,512,512
0.27823567390441895,226,515,512,512
0.27823567390441895,226,515,512,512
0.27823567390441895,226,515,512,512
0.27823567390441895,226,515,512,512
0.27823567390441895,226,515,512,512
0.27823567390441895,226,515,512,512
0.2947885990142822,226,515,512,512
0.2950255870819092,226,515,512,512
0.2950255870819092,226,515,512,512
0.2950255870819092,226,515,512,512
0.2950255870819092,226,514,512,512
0.2950255870819092,226,515,512,512
0.2950255870819092,226,515,512,512
0.2950255870819092,225,514,512,512
0.2950255870819092,225,514,512,512
0.2950255870819092,225,515,512,512
0.2950255870819092,225,515,512,512
0.2950255870819092,225,515,512,512
0.2950255870819092,225,516,512,512
0.2950255870819092,225,516,512,512
0.2950255870819092,226,515,512,512
0.2950255870819092,226,515,512,512
0.2950255870819092,226,515,512,512
0.309769868850708,226,515,512,512
0.309769868850708,226,515,512,512
0.309769868850708,226,515,512,512
0.309769868850708,226,515,512,512
0.309769868850708,226,515,512,512
0.309769868850708,226,515,512,512
0.309769868850708,226,515,512,512
0.309769868850708,226,515,512,512
0.309769868850708,227,515,512,512
0.309769868850708,227,515,512,512
0.309769868850708,226,515,512,512
0.309769868850708,227,515,512,512
0.309769868850708,227,515,512,512
0.309769868850708,227,515,512,512
0.309769868850708,227,515,512,512
0.309769868850708,227,515,512,512
0.309769868850708,227,515,512,512
0.309769868850708,227,515,512,512
0.32562947273254395,227,515,512,512
0.32562947273254395,227,515,512,512
0.32562947273254395,227,515,512,512
0.32562947273254395,227,515,512,512
0.32562947273254395,227,515,512,512
0.32562947273254395,228,516,512,512
0.32562947273254395,228,515,512,512
0.32562947273254395,228,515,512,512
0.32562947273254395,228,515,512,512
0.32562947273254395,228,515,512,512
0.32562947273254395,228,515,512,512
0.32562947273254395,228,516,512,512
0.32562947273254395,228,516,512,512
0.32562947273254395,228,515,512,512
0.32562947273254395,229,515,512,512
0.32562947273254395,229,515,512,512
0.32562947273254395,229,515,512,512
0.32562947273254395,228,515,512,512
0.3413515090942383,228,515,512,512
0.3413515090942383,228,515,512,512
0.3413515090942383,228,515,512,512
0.3413515090942383,228,515,512,512
0.3413515090942383,228,515,512,512
0.3413515090942383,228,515,512,512
0.3413515090942383,229,515,512,512
0.3413515090942383,229,515,512,512
0.3413515090942383,229,515,512,512
0.3413515090942383,229,515,512,512
0.3413515090942383,229,515,512,512
0.3413515090942383,229,515,512,512
0.3413515090942383,229,515,512,512
0.3413515090942383,229,515,512,512
0.3413515090942383,229,515,512,512
0.3413515090942383,229,515,512,512
0.3413515090942383,229,515,512,512
0.3413515090942383,229,515,512,512
0.3571758270263672,229,515,512,512
0.3571758270263672,229,515,512,512
0.3571758270263672,229,515,512,512
0.3571758270263672,228,515,512,512
0.3571758270263672,228,515,512,512
0.3571758270263672,228,514,512,512
0.3571758270263672,228,514,512,512
0.3571758270263672,228,515,512,512
0.3571758270263672,228,515,512,512
0.3571758270263672,228,515,512,512
0.3571758270263672,228,515,512,512
0.3571758270263672,228,515,512,512
0.3571758270263672,228,515,512,512
0.3571758270263672,228,515,512,512
0.3571758270263672,228,515,512,512
0.3571758270263672,228,515,512,512
0.3571758270263672,228,515,512,512
0.3571758270263672,228,515,512,512
0.3571758270263672,227,515,512,512
0.37324023246765137,227,515,512,512
0.37458372116088867,227,515,512,512
0.37540769577026367,227,515,512,512
0.37540769577026367,227,515,512,512
0.37540769577026367,227,515,512,512
0.37540769577026367,227,515,512,512
0.37540769577026367,227,514,512,512
0.37540769577026367,227,514,512,512
0.37540769577026367,227,514,512,512
0.37540769577026367,227,514,512,512
0.37540769577026367,227,514,512,512
0.37540769577026367,227,515,512,512
0.37540769577026367,227,515,512,512
0.37540769577026367,226,515,512,512
0.37540769577026367,226,515,512,512
0.37540769577026367,226,515,512,512
0.37540769577026367,226,515,512,512
0.37540769577026367,226,515,512,512
0.38915443420410156,226,515,512,512
0.39049601554870605,226,515,512,512
0.39151573181152344,226,515,512,512
0.39191555976867676,226,515,512,512
0.39318203926086426,226,515,512,512
0.3936910629272461,226,515,512,512
0.3947007656097412,226,515,512,512
0.39569950103759766,226,515,512,512
0.3967010974884033,226,515,512,512
0.39701199531555176,226,515,512,512
0.39768409729003906,226,515,512,512
0.3989536762237549,226,515,512,512
0.39995431900024414,226,515,512,512
0.4009537696838379,226,515,512,512
0.40195369720458984,226,515,512,512
0.4029562473297119,226,515,512,512
0.4029562473297119,226,515,512,512
0.40395212173461914,226,515,512,512
0.4049546718597412,226,515,512,512
0.40595436096191406,226,515,512,512
0.4069554805755615,226,515,512,512
0.4079556465148926,226,515,512,512
0.4089527130126953,226,515,512,512
0.4099550247192383,226,515,512,512
0.4099550247192383,226,515,512,512
0.41095542907714844,226,515,512,512
0.4119536876678467,226,515,512,512
0.4129524230957031,226,515,512,512
0.4139547348022461,227,515,512,512
0.41501474380493164,227,515,512,512
0.41501474380493164,227,515,512,512
0.41605448722839355,227,515,512,512
0.4170510768890381,227,515,512,512
0.41805195808410645,227,515,512,512
0.419050931930542,227,515,512,512
0.4205806255340576,227,515,512,512
0.4212801456451416,227,514,512,512
0.4212801456451416,227,514,512,512
0.4222855567932129,227,515,512,512
0.42328596115112305,227,515,512,512
0.4242849349975586,227,515,512,512
0.42528629302978516,228,516,512,512
0.4262864589691162,228,516,512,512
0.42728662490844727,228,515,512,512
0.4282855987548828,228,515,512,512
0.4292893409729004,228,515,512,512
0.4292893409729004,228,515,512,512
0.43067502975463867,228,515,512,512
0.4316744804382324,228,516,512,512
0.4326748847961426,228,515,512,512
0.4326748847961426,228,515,512,512
0.4326748847961426,228,515,512,512
0.4326748847961426,228,515,512,512
0.4326748847961426,228,515,512,512
0.4326748847961426,228,515,512,512
0.4326748847961426,228,515,512,512
0.4326748847961426,228,515,512,512
0.4326748847961426,228,515,512,512
0.4326748847961426,228,515,512,512
0.4326748847961426,228,515,512,512
0.4326748847961426,228,515,512,512
0.4326748847961426,228,515,512,512
0.4326748847961426,228,516,512,512
0.4326748847961426,228,515,512,512
0.4326748847961426,229,515,512,512
0.4326748847961426,229,515,512,512
0.4326748847961426,229,515,512,512
0.44847702980041504,229,515,512,512
0.44847702980041504,229,515,512,512
0.44847702980041504,229,515,512,512
0.44847702980041504,229,514,512,512
0.44847702980041504,229,515,512,512
0.44847702980041504,229,515,512,512
0.44847702980041504,229,515,512,512
0.44847702980041504,229,514,512,512
0.44847702980041504,229,515,512,512
0.44847702980041504,229,515,512,512
0.44847702980041504,229,514,512,512
0.44847702980041504,229,514,512,512
0.44847702980041504,229,514,512,512
0.44847702980041504,229,514,512,512
0.44847702980041504,229,514,512,512
0.44847702980041504,229,514,512,512
0.44847702980041504,228,514,512,512
0.44847702980041504,228,514,512,512
0.4641568660736084,228,514,512,512
0.46530842781066895,228,514,512,512
0.46616363525390625,228,514,512,512
0.46616363525390625,228,514,512,512
0.46616363525390625,228,515,512,512
0.46616363525390625,228,515,512,512
0.46616363525390625,228,514,512,512
0.46616363525390625,228,514,512,512
0.46616363525390625,228,515,512,512
0.46616363525390625,227,514,512,512
0.46616363525390625,227,514,512,512
0.46616363525390625,227,515,512,512
0.46616363525390625,227,514,512,512
0.46616363525390625,227,514,512,512
0.46616363525390625,227,514,512,512
0.46616363525390625,227,514,512,512
0.46616363525390625,227,514,512,512
0.46616363525390625,227,515,512,512
0.4799818992614746,227,515,512,512
0.4799818992614746,227,515,512,512
0.4799818992614746,227,515,512,512
0.4799818992614746,227,515,512,512
0.4799818992614746,227,515,512,512
0.4799818992614746,227,515,512,512
0.4799818992614746,227,515,512,512
0.4799818992614746,227,515,512,512
0.4799818992614746,227,515,512,512
0.4799818992614746,227,514,512,512
0.4799818992614746,227,515,512,512
0.4799818992614746,227,514,512,512
0.4799818992614746,227,515,512,512
0.4799818992614746,227,515,512,512
0.4799818992614746,227,515,512,512
0.4799818992614746,227,514,512,512
0.4799818992614746,227,514,512,512
0.4799818992614746,226,514,512,512
0.49572205543518066,226,515,512,512
0.49572205543518066,226,515,512,512
0.49572205543518066,226,515,512,512
0.49572205543518066,226,515,512,512
0.49572205543518066,226,514,512,512
0.49572205543518066,227,514,512,512
0.49572205543518066,227,514,512,512
0.49572205543518066,227,514,512,512
0.49572205543518066,227,514,512,512
0.49572205543518066,227,514,512,512
0.49572205543518066,227,514,512,512
0.49572205543518066,227,514,512,512
0.49572205543518066,227,515,512,512
0.49572205543518066,227,515,512,512
0.49572205543518066,227,515,512,512
0.49572205543518066,227,515,512,512
0.49572205543518066,227,515,512,512
0.49572205543518066,227,515,512,512
0.5115034580230713,227,515,512,512
0.5127177238464355,227,515,512,512
0.5127177238464355,227,515,512,512
0.5127177238464355,227,515,512,512
0.5127177238464355,227,515,512,512
0.5127177238464355,227,515,512,512
0.5127177238464355,227,515,512,512
0.5127177238464355,227,515,512,512
0.5127177238464355,227,515,512,512
0.5127177238464355,227,515,512,512
0.5127177238464355,227,515,512,512
0.5127177238464355,227,515,512,512
0.5127177238464355,227,515,512,512
0.5127177238464355,228,515,512,512
0.5127177238464355,228,514,512,512
0.5127177238464355,228,515,512,512
0.5127177238464355,228,515,512,512
0.5127177238464355,228,514,512,512
0.5272283554077148,228,515,512,512
0.5272283554077148,228,515,512,512
0.5272283554077148,228,515,512,512
0.5272283554077148,228,515,512,512
0.5272283554077148,228,515,512,512
0.5272283554077148,228,515,512,512
0.5272283554077148,228,515,512,512
0.5272283554077148,228,515,512,512
0.5272283554077148,228,515,512,512
0.5272283554077148,228,515,512,512
0.5272283554077148,229,515,512,512
0.5272283554077148,229,515,512,512
0.5272283554077148,229,515,512,512
0.5272283554077148,229,515,512,512
0.5272283554077148,229,515,512,512
0.5272283554077148,229,515,512,512
0.5272283554077148,229,514,512,512
0.5272283554077148,229,514,512,512
0.5429794788360596,228,514,512,512
0.5429794788360596,228,514,512,512
0.544719934463501,228,515,512,512
0.5457415580749512,228,515,512,512
0.546757698059082,228,515,512,512
0.546757698059082,229,515,512,512
0.5483882427215576,229,515,512,512
0.5489177703857422,229,515,512,512
0.549929141998291,229,515,512,512
0.550926923751831,229,515,512,512
0.5519275665283203,229,515,512,512
0.5529272556304932,228,515,512,512
0.5529272556304932,228,515,512,512
0.5549261569976807,228,515,512,512
0.5549261569976807,228,515,512,512
0.5559258460998535,228,514,512,512
0.556929349899292,229,515,512,512
0.5579290390014648,229,515,512,512
0.5589289665222168,228,515,512,512
0.5599288940429688,228,514,512,512
0.5609302520751953,228,515,512,512
0.5609302520751953,228,515,512,512
0.5619344711303711,228,514,512,512
0.5629303455352783,228,515,512,512
0.5639314651489258,228,515,512,512
0.564857006072998,228,515,512,512
0.564857006072998,228,515,512,512
0.564857006072998,228,515,512,512
0.564857006072998,228,515,512,512
0.564857006072998,228,515,512,512
0.564857006072998,228,515,512,512
0.564857006072998,228,515,512,512
0.564857006072998,228,514,512,512
0.564857006072998,228,514,512,512
0.564857006072998,228,515,512,512
0.564857006072998,228,515,512,512
0.564857006072998,228,514,512,512
0.564857006072998,228,515,512,512
0.564857006072998,228,515,512,512
0.564857006072998,227,515,512,512
0.564857006072998,227,515,512,512
0.564857006072998,227,515,512,512
0.5796041488647461,227,515,512,512
0.5807223320007324,227,514,512,512
0.5816199779510498,227,515,512,512
0.5816199779510498,227,515,512,512
0.5833740234375,227,514,512,512
0.5833740234375,227,514,512,512
0.5833740234375,227,514,512,512
0.5833740234375,227,514,512,512
0.5833740234375,227,515,512,512
0.5833740234375,227,515,512,512
0.5833740234375,227,515,512,512
0.5833740234375,227,515,512,512
0.5833740234375,227,515,512,512
0.5833740234375,227,515,512,512
0.5833740234375,227,515,512,512
0.5833740234375,227,515,512,512
0.5833740234375,227,515,512,512
0.5833740234375,227,515,512,512
0.5833740234375,226,515,512,512
0.5966920852661133,226,515,512,512
0.5972180366516113,226,515,512,512
0.5985827445983887,226,515,512,512
0.5988402366638184,226,515,512,512
0.5998570919036865,226,515,512,512
0.600848913192749,226,515,512,512
0.6018524169921875,226,515,512,512
0.6028499603271484,226,515,512,512
0.6038508415222168,226,515,512,512
0.6048510074615479,227,515,512,512
0.6048510074615479,227,515,512,512
0.6058504581451416,227,515,512,512
0.6068534851074219,227,515,512,512
0.6078517436981201,227,515,512,512
0.6088516712188721,227,515,512,512
0.6098518371582031,227,515,512,512
0.610851526260376,227,515,512,512
0.610851526260376,227,515,512,512
0.6128525733947754,227,515,512,512
0.6138567924499512,227,515,512,512
0.614448070526123,227,515,512,512
0.6147568225860596,227,515,512,512
0.61586594581604,227,515,512,512
0.6168563365936279,227,515,512,512
0.6181018352508545,227,515,512,512
0.618851900100708,228,515,512,512
0.618851900100708,228,515,512,512
0.6208608150482178,228,515,512,512
0.6208608150482178,228,514,512,512
0.6218602657318115,228,514,512,512
0.6228632926940918,228,514,512,512
0.6238634586334229,228,515,512,512
0.6248633861541748,228,514,512,512
0.6258630752563477,228,514,512,512
0.6258630752563477,228,514,512,512
0.6268618106842041,228,514,512,512
0.6278636455535889,228,515,512,512
0.6288652420043945,228,515,512,512
0.6298630237579346,228,515,512,512
0.630866289138794,228,515,512,512
0.630866289138794,228,515,512,512
0.630866289138794,228,515,512,512
0.630866289138794,228,515,512,512
0.630866289138794,228,515,512,512
0.630866289138794,228,515,512,512
0.630866289138794,228,515,512,512
0.630866289138794,228,515,512,512
0.630866289138794,228,515,512,512
0.630866289138794,228,515,512,512
0.630866289138794,228,515,512,512
0.630866289138794,228,515,512,512
0.630866289138794,229,515,512,512
0.630866289138794,228,515,512,512
0.630866289138794,228,515,512,512
0.630866289138794,228,515,512,512
0.630866289138794,228,514,512,512
0.630866289138794,228,515,512,512
0.6465067863464355,228,514,512,512
0.6465067863464355,228,515,512,512
0.6465067863464355,228,515,512,512
0.6465067863464355,228,515,512,512
0.6465067863464355,228,515,512,512
0.6465067863464355,228,515,512,512
0.6465067863464355,228,515,512,512
0.6465067863464355,228,515,512,512
0.6465067863464355,228,515,512,512
0.6465067863464355,228,515,512,512
0.6465067863464355,228,515,512,512
0.6465067863464355,228,515,512,512
0.6465067863464355,228,515,512,512
0.6465067863464355,228,515,512,512
0.6465067863464355,228,515,512,512
0.6465067863464355,228,515,512,512
0.6465067863464355,228,515,512,512
0.6465067863464355,228,514,512,512
0.6625425815582275,228,514,512,512
0.6625425815582275,228,514,512,512
0.6625425815582275,228,514,512,512
0.6625425815582275,228,514,512,512
0.6625425815582275,228,515,512,512
0.6625425815582275,228,515,512,512
0.6625425815582275,227,514,512,512
0.6625425815582275,228,515,512,512
0.6625425815582275,228,515,512,512
0.6625425815582275,228,515,512,512
0.6625425815582275,228,515,512,512
0.6625425815582275,227,515,512,512
0.6625425815582275,227,515,512,512
0.6625425815582275,227,514,512,512
0.6625425815582275,227,515,512,512
0.6625425815582275,227,515,512,512
0.6625425815582275,227,514,512,512
0.6625425815582275,227,515,512,512
0.6782262325286865,227,515,512,512
0.6782262325286865,227,515,512,512
0.6782262325286865,227,515,512,512
0.6782262325286865,227,515,512,512
0.6782262325286865,227,515,512,512
0.6782262325286865,227,515,512,512
0.6782262325286865,227,515,512,512
0.6782262325286865,227,515,512,512
0.6782262325286865,227,515,512,512
0.6782262325286865,227,515,512,512
0.6782262325286865,227,515,512,512
0.6782262325286865,227,515,512,512
0.6782262325286865,227,515,512,512
0.6782262325286865,227,515,512,512
0.6782262325286865,227,515,512,512
0.6782262325286865,227,515,512,512
0.6782262325286865,227,515,512,512
0.6782262325286865,227,514,512,512
0.6938643455505371,226,514,512,512
0.6938643455505371,227,515,512,512
0.6938643455505371,227,515,512,512
0.6938643455505371,226,515,512,512
0.6938643455505371,226,514,512,512
0.6938643455505371,227,515,512,512
0.6938643455505371,227,515,512,512
0.6938643455505371,227,515,512,512
0.6938643455505371,227,515,512,512
0.6938643455505371,227,515,512,512
0.6938643455505371,227,515,512,512
0.6938643455505371,227,514,512,512
0.6938643455505371,227,514,512,512
0.6938643455505371,227,514,512,512
0.6938643455505371,227,514,512,512
0.6938643455505371,227,515,512,512
0.6938643455505371,227,515,512,512
0.6938643455505371,227,515,512,512
0.7096285820007324,227,515,512,512
0.7113556861877441,227,515,512,512
0.7113556861877441,227,515,512,512
0.712256908416748,227,515,512,512
0.7138800621032715,227,515,512,512
0.7138800621032715,227,515,512,512
0.7138800621032715,228,515,512,512
0.7138800621032715,228,515,512,512
0.7138800621032715,228,515,512,512
0.7138800621032715,228,515,512,512
0.7138800621032715,228,515,512,512
0.7138800621032715,228,515,512,512
0.7138800621032715,228,515,512,512
0.7138800621032715,228,515,512,512
0.7138800621032715,228,515,512,512
0.7138800621032715,228,515,512,512
0.7138800621032715,228,515,512,512
0.7253193855285645,228,514,512,512
0.7264368534088135,228,515,512,512
0.7264368534088135,228,515,512,512
0.7264368534088135,228,515,512,512
0.7264368534088135,228,515,512,512
0.7264368534088135,228,515,512,512
0.7264368534088135,228,515,512,512
0.7264368534088135,228,515,512,512
0.7264368534088135,228,515,512,512
0.7264368534088135,228,515,512,512
0.7264368534088135,228,515,512,512
0.7264368534088135,228,515,512,512
0.7264368534088135,228,515,512,512
0.7264368534088135,228,514,512,512
0.7264368534088135,228,515,512,512
0.7264368534088135,228,515,512,512
0.7264368534088135,228,515,512,512
0.7264368534088135,228,515,512,512
0.7410023212432861,228,515,512,512
0.7418069839477539,228,515,512,512
0.7418069839477539,228,514,512,512
0.7418069839477539,228,515,512,512
0.7418069839477539,228,515,512,512
0.7418069839477539,228,514,512,512
0.7418069839477539,228,514,512,512
0.7418069839477539,228,514,512,512
0.7418069839477539,228,514,512,512
0.7418069839477539,228,514,512,512
0.7418069839477539,228,515,512,512
0.7418069839477539,228,515,512,512
0.7418069839477539,228,515,512,512
0.7418069839477539,228,515,512,512
0.7418069839477539,228,515,512,512
0.7418069839477539,228,515,512,512
0.7418069839477539,228,515,512,512
0.7418069839477539,228,515,512,512
0.7567694187164307,228,515,512,512
0.7567694187164307,228,515,512,512
0.7567694187164307,228,514,512,512
0.7567694187164307,228,515,512,512
0.7567694187164307,228,515,512,512
0.7567694187164307,228,514,512,512
0.7567694187164307,228,515,512,512
0.7567694187164307,228,515,512,512
0.7567694187164307,228,515,512,512
0.7567694187164307,228,515,512,512
0.7567694187164307,228,515,512,512
0.7567694187164307,228,515,512,512
0.7567694187164307,228,515,512,512
0.7567694187164307,228,515,512,512
0.7567694187164307,228,515,512,512
0.7567694187164307,228,515,512,512
0.7567694187164307,227,515,512,512
0.7567694187164307,227,515,512,512
0.7726030349731445,227,514,512,512
0.7738931179046631,227,515,512,512
0.7741475105285645,227,515,512,512
0.7741475105285645,227,515,512,512
0.7741475105285645,227,514,512,512
0.7741475105285645,227,515,512,512
0.7741475105285645,227,515,512,512
0.7741475105285645,227,515,512,512
0.7741475105285645,227,515,512,512
0.7741475105285645,227,515,512,512
0.7741475105285645,227,515,512,512
0.7741475105285645,227,515,512,512
0.7741475105285645,227,515,512,512
0.7741475105285645,227,515,512,512
0.7741475105285645,227,514,512,512
0.7741475105285645,227,514,512,512
0.7741475105285645,227,514,512,512
0.7741475105285645,227,514,512,512
0.7883408069610596,227,514,512,512
0.7883408069610596,227,515,512,512
0.7883408069610596,227,514,512,512
0.7883408069610596,227,515,512,512
0.7883408069610596,226,515,512,512
0.7883408069610596,226,515,512,512
0.7883408069610596,226,515,512,512
0.7883408069610596,226,515,512,512
0.7883408069610596,226,515,512,512
0.7883408069610596,227,514,512,512
0.7883408069610596,227,515,512,512
0.7883408069610596,227,515,512,512
0.7883408069610596,227,515,512,512
0.7883408069610596,227,515,512,512
0.7883408069610596,227,515,512,512
0.7883408069610596,227,515,512,512
0.7883408069610596,227,515,512,512
0.7883408069610596,227,515,512,512
0.8041000366210938,227,515,512,512
0.8054158687591553,227,515,512,512
0.805927038192749,227,515,512,512
0.805927038192749,227,515,512,512
0.805927038192749,227,515,512,512
0.805927038192749,227,514,512,512
0.805927038192749,227,515,512,512
0.805927038192749,227,515,512,512
0.805927038192749,227,515,512,512
0.805927038192749,227,515,512,512
0.805927038192749,227,515,512,512
0.805927038192749,227,515,512,512
0.805927038192749,227,515,512,512
0.805927038192749,227,515,512,512
0.805927038192749,227,515,512,512
0.805927038192749,227,515,512,512
0.805927038192749,228,515,512,512
0.805927038192749,228,515,512,512
0.8198699951171875,228,515,512,512
0.8198699951171875,228,515,512,512
0.8198699951171875,228,515,512,512
0.8198699951171875,228,515,512,512
0.8198699951171875,228,515,512,512
0.8198699951171875,228,514,512,512
0.8198699951171875,228,515,512,512
0.8198699951171875,228,514,512,512
0.8198699951171875,228,514,512,512
0.8198699951171875,228,514,512,512
0.8198699951171875,228,515,512,512
0.8198699951171875,228,514,512,512
0.8198699951171875,228,515,512,512
0.8198699951171875,228,515,512,512
0.8198699951171875,228,515,512,512
0.8198699951171875,228,515,512,512
0.8198699951171875,228,515,512,512
0.8198699951171875,228,515,512,512
0.835684061050415,228,515,512,512
0.8369724750518799,228,515,512,512
0.8369724750518799,228,515,512,512
0.8369724750518799,228,515,512,512
0.8369724750518799,228,515,512,512
0.8369724750518799,228,515,512,512
0.8369724750518799,228,515,512,512
0.8369724750518799,228,515,512,512
0.8369724750518799,228,515,512,512
0.8369724750518799,228,515,512,512
0.8369724750518799,228,514,512,512
0.8369724750518799,228,515,512,512
0.8369724750518799,228,515,512,512
0.8369724750518799,228,515,512,512
0.8369724750518799,228,515,512,512
0.8369724750518799,228,515,512,512
0.8369724750518799,228,515,512,512
0.8369724750518799,228,515,512,512
0.8515424728393555,228,515,512,512
0.8515424728393555,228,515,512,512
0.8515424728393555,228,515,512,512
0.8515424728393555,228,515,512,512
0.8515424728393555,228,515,512,512
0.8515424728393555,228,515,512,512
0.8515424728393555,228,515,512,512
0.8515424728393555,228,515,512,512
0.8515424728393555,228,515,512,512
0.8515424728393555,228,515,512,512
0.8515424728393555,228,515,512,512
0.8515424728393555,228,515,512,512
0.8515424728393555,228,515,512,512
0.8515424728393555,228,515,512,512
0.8515424728393555,228,515,512,512
0.8515424728393555,228,515,512,512
0.8515424728393555,228,514,512,512
0.8515424728393555,228,514,512,512
0.8671996593475342,227,514,512,512
0.8671996593475342,227,514,512,512
0.8671996593475342,227,514,512,512
0.8671996593475342,227,515,512,512
0.8671996593475342,227,515,512,512
0.8671996593475342,228,514,512,512
0.8671996593475342,228,515,512,512
0.8671996593475342,228,515,512,512
0.8671996593475342,227,514,512,512
0.8671996593475342,227,515,512,512
0.8671996593475342,227,515,512,512
0.8671996593475342,227,515,512,512
0.8671996593475342,227,514,512,512
0.8671996593475342,227,514,512,512
0.8671996593475342,227,515,512,512
0.8671996593475342,227,514,512,512
0.8671996593475342,227,514,512,512
0.8671996593475342,227,515,512,512
0.8830335140228271,227,515,512,512
0.884498119354248,227,515,512,512
0.8851644992828369,227,515,512,512
0.8858170509338379,227,515,512,512
0.8863916397094727,227,515,512,512
0.8878839015960693,227,515,512,512
0.8878839015960693,227,515,512,512
0.888904333114624,227,515,512,512
0.8899013996124268,227,515,512,512
0.8910760879516602,227,515,512,512
0.8916409015655518,227,515,512,512
0.8926527500152588,227,515,512,512
0.8939745426177979,227,516,512,512
0.8939745426177979,227,516,512,512
0.8957138061523438,227,515,512,512
0.8967227935791016,227,515,512,512
0.8976163864135742,227,515,512,512
0.8987243175506592,227,515,512,512
0.8997242450714111,227,515,512,512
0.8997242450714111,227,515,512,512
0.9007201194763184,227,515,512,512
0.9017214775085449,227,515,512,512
0.9027206897735596,227,515,512,512
0.9037208557128906,227,515,512,512
0.9037208557128906,227,515,512,512
0.9047183990478516,227,515,512,512
0.9057180881500244,227,515,512,512
0.9067208766937256,227,515,512,512
0.908327579498291,227,515,512,512
0.908581018447876,227,514,512,512
0.9095859527587891,227,515,512,512
0.9105880260467529,227,515,512,512
0.911588191986084,227,515,512,512
0.911588191986084,227,516,512,512
0.9135456085205078,227,516,512,512
0.9139742851257324,227,515,512,512
0.9149875640869141,227,515,512,512
0.9159855842590332,227,515,512,512
0.9169847965240479,227,515,512,512
0.9169847965240479,227,515,512,512
0.9179849624633789,227,515,512,512
0.9189844131469727,227,515,512,512
0.9199833869934082,227,515,512,512
0.9209854602813721,227,515,512,512
0.9219841957092285,227,515,512,512
0.9229846000671387,227,515,512,512
0.9239850044250488,227,515,512,512
0.9239850044250488,227,515,512,512
0.9256777763366699,227,515,512,512
0.9259264469146729,227,515,512,512
0.9269366264343262,227,515,512,512
0.9279370307922363,227,515,512,512
0.9290697574615479,227,515,512,512
0.9300844669342041,228,515,512,512
0.9309966564178467,228,515,512,512
0.9309966564178467,227,515,512,512
0.9309966564178467,227,515,512,512
0.9309966564178467,227,515,512,512
0.9309966564178467,227,515,512,512
0.9309966564178467,227,515,512,512
0.9309966564178467,227,515,512,512
0.9309966564178467,227,516,512,512
0.9309966564178467,227,515,512,512
0.9309966564178467,228,515,512,512
0.9309966564178467,228,515,512,512
0.9309966564178467,228,515,512,512
0.9309966564178467,228,515,512,512
0.9309966564178467,228,515,512,512
0.9309966564178467,228,515,512,512
0.9309966564178467,228,515,512,512
0.9309966564178467,228,515,512,512
0.9457681179046631,228,515,512,512
0.9457681179046631,228,514,512,512
0.9457681179046631,228,515,512,512
0.9457681179046631,228,515,512,512
0.9457681179046631,227,515,512,512
0.9457681179046631,227,515,512,512
0.9457681179046631,227,515,512,512
0.9457681179046631,227,515,512,512
0.9457681179046631,228,515,512,512
0.9457681179046631,228,515,512,512
0.9457681179046631,228,515,512,512
0.9457681179046631,228,515,512,512
0.9457681179046631,228,515,512,512
0.9457681179046631,228,515,512,512
0.9457681179046631,228,515,512,512
0.9457681179046631,228,515,512,512
0.9457681179046631,228,515,512,512
0.9457681179046631,228,515,512,512
0.9614174365997314,228,515,512,512
0.9614174365997314,227,515,512,512
0.9629025459289551,227,515,512,512
0.9629025459289551,227,515,512,512
0.9652225971221924,227,515,512,512
0.9652225971221924,227,515,512,512
0.9652225971221924,227,516,512,512
0.9652225971221924,227,515,512,512
0.9652225971221924,227,515,512,512
0.9652225971221924,227,515,512,512
0.9652225971221924,227,515,512,512
0.9652225971221924,227,515,512,512
0.9652225971221924,227,515,512,512
0.9652225971221924,227,516,512,512
0.9652225971221924,227,515,512,512
0.9652225971221924,227,515,512,512
0.9652225971221924,227,515,512,512
0.9652225971221924,227,515,512,512
0.9771871566772461,227,515,512,512
0.9771871566772461,227,515,512,512
0.9771871566772461,227,515,512,512
0.9771871566772461,227,515,512,512
0.9771871566772461,227,515,512,512
0.9771871566772461,227,515,512,512
0.9771871566772461,227,515,512,512
0.9771871566772461,227,516,512,512
0.9771871566772461,227,516,512,512
0.9771871566772461,227,516,512,512
0.9771871566772461,227,515,512,512
0.9771871566772461,227,515,512,512
0.9771871566772461,227,515,512,512
0.9771871566772461,227,515,512,512
0.9771871566772461,227,515,512,512
0.9771871566772461,227,515,512,512
0.9771871566772461,226,515,512,512
0.9771871566772461,226,514,512,512
0.9931073188781738,226,515,512,512
0.994163990020752,227,515,512,512
0.9944591522216797,227,515,512,512
0.9944591522216797,227,515,512,512
0.9944591522216797,227,515,512,512
0.9944591522216797,227,515,512,512
0.9944591522216797,227,515,512,512
0.9944591522216797,227,515,512,512
0.9944591522216797,227,515,512,512
0.9944591522216797,227,515,512,512
0.9944591522216797,227,515,512,512
0.9944591522216797,227,516,512,512
0.9944591522216797,227,515,512,512
0.9944591522216797,227,515,512,512
0.9944591522216797,227,515,512,512
0.9944591522216797,227,515,512,512
0.9944591522216797,227,515,512,512
0.9944591522216797,227,515,512,512
1.0087246894836426,227,515,512,512
1.0087246894836426,227,515,512,512
1.0087246894836426,227,515,512,512
1.0087246894836426,227,515,512,512
1.0087246894836426,227,515,512,512
1.0087246894836426,227,515,512,512
1.0087246894836426,227,515,512,512
1.0087246894836426,227,515,512,512
1.0087246894836426,227,515,512,512
1.0087246894836426,227,515,512,512
1.0087246894836426,227,515,512,512
1.0087246894836426,227,515,512,512
1.0087246894836426,227,515,512,512
1.0087246894836426,227,515,512,512
1.0087246894836426,227,515,512,512
1.0087246894836426,227,515,512,512
1.0087246894836426,227,515,512,512
1.0087246894836426,227,515,512,512
1.0248231887817383,228,515,512,512
1.0259482860565186,228,515,512,512
1.0261857509613037,228,515,512,512
1.0261857509613037,228,515,512,512
1.0261857509613037,228,515,512,512
1.0261857509613037,228,515,512,512
1.0261857509613037,227,514,512,512
1.0261857509613037,227,514,512,512
1.0261857509613037,227,515,512,512
1.0261857509613037,227,515,512,512
1.0261857509613037,227,515,512,512
1.0261857509613037,227,515,512,512
1.0261857509613037,228,515,512,512
1.0261857509613037,228,515,512,512
1.0261857509613037,228,515,512,512
1.0261857509613037,228,515,512,512
1.0261857509613037,228,516,512,512
1.0261857509613037,228,515,512,512
1.0405325889587402,228,515,512,512
1.0418593883514404,228,515,512,512
1.0425243377685547,228,515,512,512
1.0435826778411865,228,515,512,512
1.044111967086792,228,515,512,512
1.0451254844665527,228,515,512,512
1.0461211204528809,228,515,512,512
1.046907663345337,228,515,512,512
1.046907663345337,228,515,512,512
1.0481739044189453,228,515,512,512
1.0491719245910645,228,515,512,512
1.0501725673675537,228,515,512,512
1.0511736869812012,228,515,512,512
1.052173376083374,228,515,512,512
1.0531737804412842,228,515,512,512
1.0531737804412842,228,515,512,512
1.0541737079620361,228,515,512,512
1.0551745891571045,228,515,512,512
1.0561745166778564,228,515,512,512
1.0571746826171875,228,515,512,512
1.0581746101379395,228,515,512,512
1.0591742992401123,227,515,512,512
1.0591742992401123,228,515,512,512
1.0612037181854248,228,515,512,512
1.0612037181854248,228,515,512,512
1.0622193813323975,228,515,512,512
1.0637061595916748,227,515,512,512
1.0637061595916748,227,515,512,512
1.0637061595916748,228,515,512,512
1.0637061595916748,228,515,512,512
1.0637061595916748,228,515,512,512
1.0637061595916748,228,515,512,512
1.0637061595916748,228,515,512,512
1.0637061595916748,227,514,512,512
1.0637061595916748,227,514,512,512
1.0637061595916748,227,515,512,512
1.0637061595916748,227,515,512,512
1.0637061595916748,227,514,512,512
1.0637061595916748,227,515,512,512
1.0637061595916748,227,515,512,512
1.0637061595916748,227,515,512,512
1.0637061595916748,227,515,512,512
1.0637061595916748,227,515,512,512
1.0637061595916748,227,515,512,512
1.0791053771972656,227,515,512,512
1.0791053771972656,227,515,512,512
1.0791053771972656,227,515,512,512
1.0791053771972656,227,515,512,512
1.0791053771972656,227,515,512,512
1.0791053771972656,227,515,512,512
1.0791053771972656,227,515,512,512
1.0791053771972656,227,515,512,512
1.0791053771972656,227,515,512,512
1.0791053771972656,227,515,512,512
1.0877008438110352,227,515,512,512
1.0877008438110352,227,515,512,512
1.0877008438110352,227,515,512,512
1.0877008438110352,227,515,512,512
1.0877008438110352,227,515,512,512
1.0877008438110352,227,515,512,512
1.0877008438110352,227,515,512,512
1.0877008438110352,227,515,512,512
1.094799280166626,227,515,512,512
1.094799280166626,227,515,512,512
1.096101999282837,227,515,512,512
1.0976483821868896,227,515,512,512
1.0976483821868896,227,516,512,512
1.0992801189422607,227,515,512,512
1.0995166301727295,227,515,512,512
1.0995166301727295,227,515,512,512
1.0995166301727295,227,515,512,512
1.0995166301727295,227,515,512,512
1.0995166301727295,227,515,512,512
1.0995166301727295,227,516,512,512
1.0995166301727295,227,516,512,512
1.0995166301727295,227,515,512,512
1.0995166301727295,227,515,512,512
1.0995166301727295,227,515,512,512
1.0995166301727295,227,515,512,512
1.0995166301727295,227,515,512,512
1.0995166301727295,227,515,512,512
1.0995166301727295,227,515,512,512
1.0995166301727295,227,515,512,512
1.1128170490264893,227,515,512,512
1.113591194152832,227,515,512,512
1.113591194152832,227,515,512,512
1.1153700351715088,227,515,512,512
1.1163861751556396,227,516,512,512
1.1163861751556396,227,516,512,512
1.117380142211914,227,515,512,512
1.1183803081512451,227,515,512,512
1.1193816661834717,227,515,512,512
1.1203811168670654,227,515,512,512
1.1213808059692383,227,515,512,512
1.1213808059692383,227,515,512,512
1.1223812103271484,227,515,512,512
1.1233813762664795,227,515,512,512
1.1243810653686523,227,515,512,512
1.1253812313079834,228,515,512,512
1.126384973526001,228,515,512,512
1.1273815631866455,227,515,512,512
1.1283822059631348,227,515,512,512
1.1283822059631348,227,516,512,512
1.129384994506836,227,515,512,512
1.1308832168579102,227,515,512,512
1.1308832168579102,228,515,512,512
1.1324436664581299,228,515,512,512
1.132958173751831,228,515,512,512
1.1339693069458008,228,515,512,512
1.1349689960479736,228,515,512,512
1.1359689235687256,228,515,512,512
1.1359689235687256,228,515,512,512
1.1369690895080566,228,515,512,512
1.137969732284546,228,515,512,512
1.1389696598052979,228,515,512,512
1.139970064163208,228,515,512,512
1.1409697532653809,227,515,512,512
1.1409697532653809,227,515,512,512
1.1419703960418701,227,515,512,512
1.1429686546325684,227,515,512,512
1.1439683437347412,227,515,512,512
1.1449685096740723,228,515,512,512
1.1459708213806152,228,515,512,512
1.146972894668579,228,515,512,512
1.146972894668579,228,515,512,512
1.146972894668579,228,515,512,512
1.146972894668579,228,515,512,512
1.146972894668579,228,515,512,512
1.146972894668579,228,514,512,512
1.146972894668579,227,515,512,512
1.146972894668579,227,515,512,512
1.146972894668579,227,515,512,512
1.146972894668579,227,515,512,512
1.146972894668579,227,515,512,512
1.146972894668579,228,515,512,512
1.146972894668579,227,515,512,512
1.146972894668579,228,515,512,512
1.146972894668579,228,516,512,512
1.146972894668579,228,516,512,512
1.146972894668579,228,515,512,512
1.146972894668579,228,515,512,512
1.146972894668579,228,515,512,512
1.1628270149230957,228,515,512,512
1.1628270149230957,228,515,512,512
1.1628270149230957,228,515,512,512
1.1628270149230957,228,515,512,512
1.1628270149230957,228,515,512,512
1.1628270149230957,228,515,512,512
1.1628270149230957,228,515,512,512
1.1628270149230957,227,514,512,512
1.1628270149230957,227,515,512,512
1.1628270149230957,227,515,512,512
1.1628270149230957,227,515,512,512
1.1628270149230957,227,515,512,512
1.1628270149230957,227,515,512,512
1.1628270149230957,227,515,512,512
1.1628270149230957,227,515,512,512
1.1628270149230957,227,515,512,512
1.1628270149230957,227,515,512,512
1.1628270149230957,227,515,512,512
1.1628270149230957,227,515,512,512
1.1786634922027588,227,515,512,512
1.1786634922027588,227,515,512,512
1.1786634922027588,227,515,512,512
1.1786634922027588,227,515,512,512
1.1786634922027588,227,515,512,512
1.1786634922027588,227,515,512,512
1.1786634922027588,227,515,512,512
1.1786634922027588,227,515,512,512
1.1786634922027588,227,515,512,512
1.1786634922027588,227,515,512,512
1.1786634922027588,227,515,512,512
1.1903436183929443,227,515,512,512
1.1903436183929443,227,515,512,512
1.1903436183929443,227,515,512,512
1.1903436183929443,227,515,512,512
1.1903436183929443,227,515,512,512
1.1903436183929443,226,515,512,512
1.1943061351776123,226,515,512,512
1.1943061351776123,226,515,512,512
1.1943061351776123,226,515,512,512
1.1943061351776123,226,515,512,512
1.1943061351776123,227,515,512,512
1.1943061351776123,227,515,512,512
1.2328083515167236,495,56,512,512
1.2328083515167236,493,55,512,512
1.2328083515167236,491,55,512,512
1.2471082210540771,490,57,512,512
1.2482876777648926,488,62,512,512
1.2488954067230225,487,71,512,512
1.2488954067230225,485,85,512,512
1.2488954067230225,482,104,512,512
1.2488954067230225,480,127,512,512
1.2488954067230225,478,155,512,512
1.2488954067230225,476,186,512,512
1.2488954067230225,473,220,512,512
1.2488954067230225,470,256,512,512
1.2488954067230225,462,326,512,512
1.2488954067230225,452,385,512,512
1.2488954067230225,441,445,512,512
1.2488954067230225,428,466,512,512
1.2488954067230225,413,476,512,512
1.2488954067230225,398,479,512,512
1.2488954067230225,382,477,512,512
1.2488954067230225,358,473,512,512
1.2488954067230225,343,468,512,512
1.2488954067230225,328,465,512,512
1.263805627822876,314,462,512,512
1.2648239135742188,301,460,512,512
1.2648239135742188,290,459,512,512
1.2648239135742188,280,458,512,512
1.2648239135742188,266,457,512,512
1.2648239135742188,258,456,512,512
1.2648239135742188,251,456,512,512
1.2648239135742188,244,456,512,512
1.2648239135742188,237,455,512,512
1.2648239135742188,231,457,512,512
1.2648239135742188,225,458,512,512
1.2648239135742188,218,460,512,512
1.2648239135742188,209,461,512,512
1.2648239135742188,202,464,512,512
1.2648239135742188,195,466,512,512
1.2648239135742188,188,468,512,512
1.2648239135742188,181,470,512,512
1.2648239135742188,175,473,512,512
1.2648239135742188,168,474,512,512
1.280472755432129,162,474,512,512
1.2815022468566895,156,474,512,512
1.2815022468566895,148,474,512,512
1.2832865715026855,143,474,512,512
1.2832865715026855,140,474,512,512
1.2832865715026855,136,474,512,512
1.2832865715026855,133,473,512,512
1.2832865715026855,131,473,512,512
1.2832865715026855,129,473,512,512
1.2832865715026855,127,474,512,512
1.2832865715026855,126,474,512,512
1.2832865715026855,125,476,512,512
1.2832865715026855,124,478,512,512
1.2832865715026855,123,481,512,512
1.2832865715026855,122,483,512,512
1.2832865715026855,121,485,512,512
1.2832865715026855,120,487,512,512
1.2832865715026855,119,490,512,512
1.2832865715026855,118,492,512,512
1.2832865715026855,117,494,512,512
1.2832865715026855,116,495,512,512
1.297945499420166,116,496,512,512
1.2987563610076904,116,496,512,512
1.2987563610076904,116,496,512,512
1.2987563610076904,117,496,512,512
1.2987563610076904,118,496,512,512
1.2987563610076904,120,497,512,512
1.2987563610076904,122,498,512,512
1.2987563610076904,124,498,512,512
1.2987563610076904,126,500,512,512
1.2987563610076904,129,501,512,512
1.2987563610076904,132,502,512,512
1.2987563610076904,134,504,512,512
1.2987563610076904,139,505,512,512
1.2987563610076904,142,507,512,512
1.2987563610076904,145,508,512,512
1.2987563610076904,149,509,512,512
1.2987563610076904,152,510,512,512
1.2987563610076904,156,512,512,512
1.3136191368103027,160,512,512,512
1.314779281616211,164,513,512,512
1.314779281616211,168,514,512,512
1.3157801628112793,175,514,512,512
1.3167755603790283,180,514,512,512
1.3177721500396729,186,514,512,512
1.3187732696533203,192,514,512,512
1.3197729587554932,198,514,512,512
1.3202190399169922,205,514,512,512
1.3202190399169922,213,514,512,512
1.3202190399169922,220,514,512,512
1.3202190399169922,233,514,512,512
1.3202190399169922,241,514,512,512
1.3202190399169922,250,515,512,512
1.3202190399169922,259,515,512,512
1.3202190399169922,268,516,512,512
1.3202190399169922,277,516,512,512
1.3202190399169922,286,517,512,512
1.3202190399169922,295,517,512,512
1.3299856185913086,307,517,512,512
1.3299856185913086,316,517,512,512
1.331770420074463,325,517,512,512
1.331770420074463,334,517,512,512
1.332780122756958,342,516,512,512
1.3337771892547607,351,515,512,512
1.3347771167755127,360,514,512,512
1.335777759552002,373,513,512,512
1.3367784023284912,383,511,512,512
1.3367784023284912,393,510,512,512
1.3377783298492432,402,509,512,512
1.3387784957885742,411,508,512,512
1.339778184890747,420,507,512,512
1.3407788276672363,429,506,512,512
1.3417785167694092,437,506,512,512
1.3417785167694092,447,505,512,512
1.3427793979644775,453,505,512,512
1.3437778949737549,457,505,512,512
1.3447792530059814,460,505,512,512
1.3457798957824707,462,505,512,512
1.3467810153961182,461,504,512,512
1.3477838039398193,460,504,512,512
1.3477838039398193,458,503,512,512
1.3496406078338623,453,502,512,512
1.3496406078338623,448,501,512,512
1.3506488800048828,443,501,512,512
1.3516523838043213,437,499,512,512
1.3526489734649658,430,497,512,512
1.3536500930786133,424,496,512,512
1.3546500205993652,417,495,512,512
1.3546500205993652,411,494,512,512
1.3556501865386963,403,493,512,512
1.3566498756408691,392,493,512,512
1.3576524257659912,384,492,512,512
1.3586516380310059,376,492,512,512
1.359652042388916,368,491,512,512
1.359652042388916,360,491,512,512
1.3606491088867188,351,491,512,512
1.3616483211517334,342,491,512,512
1.3626477718353271,332,492,512,512
1.3636517524719238,317,492,512,512
1.3641688823699951,307,492,512,512
1.3641688823699951,297,492,512,512
1.3641688823699951,287,492,512,512
1.3641688823699951,278,492,512,512
1.3641688823699951,269,492,512,512
1.3641688823699951,260,492,512,512
1.3641688823699951,247,491,512,512
1.3641688823699951,240,491,512,512
1.3641688823699951,232,490,512,512
1.3641688823699951,225,490,512,512
1.3641688823699951,219,489,512,512
1.3641688823699951,213,489,512,512
1.3641688823699951,207,490,512,512
1.3641688823699951,201,490,512,512
1.3641688823699951,193,490,512,512
1.3641688823699951,188,491,512,512
1.3641688823699951,184,491,512,512
1.3641688823699951,179,492,512,512
1.3800978660583496,174,493,512,512
1.3804316520690918,170,495,512,512
1.3814928531646729,165,496,512,512
1.3827216625213623,161,496,512,512
1.3827216625213623,157,497,512,512
1.3843419551849365,152,498,512,512
1.3850924968719482,148,498,512,512
1.3850924968719482,145,499,512,512
1.386497974395752,142,500,512,512
1.3875048160552979,140,500,512,512
1.388504981994629,137,500,512,512
1.388504981994629,135,500,512,512
1.3895056247711182,133,501,512,512
1.3905060291290283,131,501,512,512
1.391509771347046,130,502,512,512
1.3925046920776367,129,502,512,512
1.3935072422027588,129,504,512,512
1.394507884979248,128,504,512,512
1.3955085277557373,128,505,512,512
1.396507978439331,128,506,512,512
1.396909236907959,128,507,512,512
1.3973214626312256,128,509,512,512
1.398766040802002,128,511,512,512
1.399606466293335,128,512,512,512
1.4006588459014893,129,513,512,512
1.4006588459014893,129,514,512,512
1.4021856784820557,130,515,512,512
1.4024569988250732,131,516,512,512
1.4034664630889893,133,517,512,512
1.4044666290283203,134,518,512,512
1.4054675102233887,136,518,512,512
1.4064674377441406,138,518,512,512
1.4064674377441406,140,518,512,512
1.4074676036834717,143,519,512,512
1.4084703922271729,146,519,512,512
1.4094679355621338,149,519,512,512
1.4104692935943604,154,520,512,512
1.4114670753479004,158,521,512,512
1.412466287612915,161,521,512,512
1.413465976715088,165,522,512,512
1.413465976715088,170,522,512,512
1.4144649505615234,174,524,512,512
1.415463924407959,179,524,512,512
1.4164655208587646,183,525,512,512
1.4174668788909912,188,526,512,512
1.4184637069702148,196,527,512,512
1.4190311431884766,201,527,512,512
1.4203405380249023,206,527,512,512
1.4210128784179688,211,527,512,512
1.4220263957977295,217,527,512,512
1.4220263957977295,223,527,512,512
1.4230258464813232,229,527,512,512
1.4240257740020752,239,527,512,512
1.425025463104248,246,526,512,512
1.4260234832763672,253,526,512,512
1.4260234832763672,261,525,512,512
1.4270234107971191,269,524,512,512
1.4280235767364502,277,524,512,512
1.4290237426757812,286,524,512,512
1.4300248622894287,294,524,512,512
1.4307308197021484,302,523,512,512
1.431903600692749,315,523,512,512
1.4329030513763428,323,523,512,512
1.4339020252227783,331,523,512,512
1.4339020252227783,339,523,512,512
1.4349000453948975,346,523,512,512
1.4359004497528076,353,522,512,512
1.4368994235992432,360,521,512,512
1.4378993511199951,369,521,512,512
1.4389002323150635,375,521,512,512
1.4389002323150635,380,520,512,512
1.4407777786254883,385,519,512,512
1.4410264492034912,390,519,512,512
1.4423115253448486,394,517,512,512
1.4430339336395264,399,515,512,512
1.4440300464630127,403,514,512,512
1.4440300464630127,408,513,512,512
1.4450290203094482,410,512,512,512
1.4460289478302002,413,511,512,512
1.4469122886657715,414,511,512,512
1.4469122886657715,415,510,512,512
1.4469122886657715,415,509,512,512
1.4469122886657715,414,509,512,512
1.4469122886657715,412,508,512,512
1.4469122886657715,409,508,512,512
1.4469122886657715,403,508,512,512
1.4469122886657715,398,508,512,512
1.4469122886657715,392,507,512,512
1.4469122886657715,386,506,512,512
1.4469122886657715,379,505,512,512
1.4469122886657715,372,505,512,512
1.4469122886657715,364,504,512,512
1.4469122886657715,357,503,512,512
1.4469122886657715,346,503,512,512
1.4469122886657715,339,502,512,512
1.4469122886657715,331,501,512,512
1.4618761539459229,324,500,512,512
1.4618761539459229,317,499,512,512
1.4618761539459229,310,498,512,512
1.4618761539459229,303,498,512,512
1.4618761539459229,292,498,512,512
1.4618761539459229,285,498,512,512
1.4618761539459229,278,498,512,512
1.4618761539459229,271,498,512,512
1.4618761539459229,264,499,512,512
1.4618761539459229,257,499,512,512
1.4618761539459229,250,499,512,512
1.4618761539459229,243,500,512,512
1.4618761539459229,232,500,512,512
1.4618761539459229,226,500,512,512
1.4618761539459229,220,500,512,512
1.4618761539459229,214,500,512,512
1.4618761539459229,208,499,512,512
1.4618761539459229,202,499,512,512
1.4618761539459229,197,500,512,512
1.4775381088256836,192,500,512,512
1.4784929752349854,185,500,512,512
1.4784929752349854,181,500,512,512
1.4784929752349854,177,500,512,512
1.4784929752349854,174,500,512,512
1.4784929752349854,170,501,512,512
1.4784929752349854,167,502,512,512
1.4784929752349854,164,503,512,512
1.4784929752349854,161,503,512,512
1.4784929752349854,157,504,512,512
1.4784929752349854,154,505,512,512
1.4784929752349854,151,505,512,512
1.4784929752349854,149,506,512,512
1.4784929752349854,147,508,512,512
1.4784929752349854,145,508,512,512
1.4784929752349854,143,509,512,512
1.4784929752349854,142,509,512,512
1.4784929752349854,140,510,512,512
1.4932904243469238,138,511,512,512
1.4932904243469238,137,511,512,512
1.4932904243469238,137,512,512,512
1.4932904243469238,136,512,512,512
1.4932904243469238,136,512,512,512
1.4932904243469238,136,512,512,512
1.4932904243469238,136,513,512,512
1.4932904243469238,136,514,512,512
1.4932904243469238,137,514,512,512
1.4932904243469238,138,515,512,512
1.4932904243469238,139,516,512,512
1.4932904243469238,140,517,512,512
1.4932904243469238,142,518,512,512
1.4932904243469238,143,519,512,512
1.4932904243469238,145,520,512,512
1.4932904243469238,147,521,512,512
1.4932904243469238,149,522,512,512
1.4932904243469238,151,523,512,512
1.4932904243469238,153,523,512,512
1.5089442729949951,155,524,512,512
1.5089442729949951,158,525,512,512
1.5089442729949951,161,525,512,512
1.5089442729949951,163,525,512,512
1.5089442729949951,168,525,512,512
1.5089442729949951,172,526,512,512
1.5089442729949951,176,525,512,512
1.5089442729949951,180,525,512,512
1.5089442729949951,184,525,512,512
1.5089442729949951,188,525,512,512
1.5089442729949951,193,525,512,512
1.5089442729949951,198,526,512,512
1.5089442729949951,206,527,512,512
1.5089442729949951,211,527,512,512
1.5089442729949951,216,527,512,512
1.5089442729949951,222,528,512,512
1.5089442729949951,228,528,512,512
1.5089442729949951,233,528,512,512
1.5246918201446533,239,528,512,512
1.5246918201446533,245,528,512,512
1.5246918201446533,250,528,512,512
1.5246918201446533,259,528,512,512
1.5246918201446533,266,528,512,512
1.5246918201446533,272,528,512,512
1.5246918201446533,278,527,512,512
1.5246918201446533,285,526,512,512
1.5312974452972412,291,526,512,512
1.5312974452972412,298,525,512,512
1.5312974452972412,305,524,512,512
1.5312974452972412,315,524,512,512
1.5312974452972412,322,523,512,512
1.5312974452972412,328,523,512,512
1.5312974452972412,335,522,512,512
1.5312974452972412,341,522,512,512
1.5312974452972412,347,521,512,512
1.5312974452972412,352,521,512,512
1.5312974452972412,359,520,512,512
1.5403423309326172,364,520,512,512
1.5403423309326172,367,520,512,512
1.5403423309326172,370,519,512,512
1.5403423309326172,373,519,512,512
1.5403423309326172,375,518,512,512
1.5403423309326172,376,517,512,512
1.5403423309326172,377,516,512,512
1.5403423309326172,378,515,512,512
1.5403423309326172,378,514,512,512
1.5403423309326172,378,513,512,512
1.5403423309326172,377,513,512,512
1.5403423309326172,376,512,512,512
1.5403423309326172,374,510,512,512
1.5403423309326172,372,510,512,512
1.5403423309326172,370,509,512,512
1.5403423309326172,367,508,512,512
1.5403423309326172,362,507,512,512
1.5403423309326172,358,507,512,512
1.5562548637390137,353,507,512,512
1.5562548637390137,348,506,512,512
1.557450532913208,343,505,512,512
1.558889627456665,337,505,512,512
1.559401035308838,331,505,512,512
1.5604164600372314,321,505,512,512
1.5614111423492432,314,505,512,512
1.5614111423492432,308,505,512,512
1.5624120235443115,301,504,512,512
1.5634140968322754,295,504,512,512
1.56441330909729,288,503,512,512
1.56441330909729,282,503,512,512
1.5656609535217285,275,503,512,512
1.5666594505310059,269,502,512,512
1.5676610469818115,260,502,512,512
1.5686607360839844,254,502,512,512
1.569662094116211,249,501,512,512
1.569662094116211,243,501,512,512
1.571660041809082,238,501,512,512
1.571660041809082,232,501,512,512
1.572666883468628,227,502,512,512
1.5736632347106934,219,502,512,512
1.5746653079986572,214,502,512,512
1.5756654739379883,210,502,512,512
1.5766627788543701,205,503,512,512
1.5766627788543701,201,503,512,512
1.5776615142822266,196,503,512,512
1.5786633491516113,192,504,512,512
1.5796608924865723,187,505,512,512
1.5806617736816406,181,504,512,512
1.5806617736816406,178,505,512,512
1.5806617736816406,174,505,512,512
1.5806617736816406,171,505,512,512
1.5806617736816406,168,505,512,512
1.5806617736816406,166,506,512,512
1.5806617736816406,163,507,512,512
1.5806617736816406,161,507,512,512
1.5806617736816406,159,507,512,512
1.5806617736816406,156,507,512,512
1.5806617736816406,155,508,512,512
1.5806617736816406,153,508,512,512
1.5806617736816406,152,510,512,512
1.5806617736816406,151,511,512,512
1.5806617736816406,150,511,512,512
1.5806617736816406,149,512,512,512
1.5806617736816406,147,512,512,512
1.5806617736816406,147,513,512,512
1.5806617736816406,146,513,512,512
1.5963904857635498,146,514,512,512
1.5963904857635498,146,516,512,512
1.5963904857635498,145,516,512,512
1.5963904857635498,145,516,512,512
1.5963904857635498,146,517,512,512
1.5963904857635498,146,517,512,512
1.5963904857635498,148,518,512,512
1.5963904857635498,149,518,512,512
1.5963904857635498,150,519,512,512
1.5963904857635498,151,519,512,512
1.5963904857635498,153,520,512,512
1.5963904857635498,155,520,512,512
1.5963904857635498,157,521,512,512
1.5963904857635498,160,521,512,512
1.5963904857635498,162,522,512,512
1.5963904857635498,165,523,512,512
1.5963904857635498,167,523,512,512
1.5963904857635498,170,524,512,512
1.6120731830596924,173,525,512,512
1.6130056381225586,176,525,512,512
1.6130056381225586,179,526,512,512
1.6130056381225586,184,526,512,512
1.6130056381225586,187,527,512,512
1.6130056381225586,191,527,512,512
1.6130056381225586,194,527,512,512
1.6130056381225586,198,526,512,512
1.6190757751464844,203,526,512,512
1.6190757751464844,207,526,512,512
1.6190757751464844,212,526,512,512
1.6190757751464844,216,526,512,512
1.6190757751464844,224,526,512,512
1.6190757751464844,229,526,512,512
1.6190757751464844,234,526,512,512
1.6190757751464844,240,526,512,512
1.6190757751464844,245,526,512,512
1.6190757751464844,251,526,512,512
1.6277837753295898,256,526,512,512
1.6295077800750732,262,526,512,512
1.6295077800750732,270,526,512,512
1.6295077800750732,275,526,512,512
1.6295077800750732,281,526,512,512
1.6295077800750732,286,525,512,512
1.6321334838867188,291,525,512,512
1.6321334838867188,296,525,512,512
1.6321334838867188,301,525,512,512
1.6321334838867188,309,524,512,512
1.6321334838867188,313,523,512,512
1.6321334838867188,318,522,512,512
1.6321334838867188,323,521,512,512
1.6321334838867188,327,520,512,512
1.6321334838867188,331,520,512,512
1.6321334838867188,336,519,512,512
1.6321334838867188,339,518,512,512
1.6321334838867188,344,518,512,512
1.6321334838867188,348,518,512,512
1.6321334838867188,350,517,512,512
1.6446216106414795,352,517,512,512
1.6446216106414795,354,517,512,512
1.6446216106414795,355,516,512,512
1.646836757659912,355,515,512,512
1.6479949951171875,355,515,512,512
1.648965835571289,354,515,512,512
1.6492128372192383,353,514,512,512
1.6502234935760498,351,513,512,512
1.651221513748169,349,513,512,512
1.652221918106079,347,512,512,512
1.6532213687896729,344,511,512,512
1.6532213687896729,341,510,512,512
1.6542222499847412,338,509,512,512
1.6552224159240723,332,509,512,512
1.6562223434448242,328,508,512,512
1.657224178314209,325,508,512,512
1.6582229137420654,320,508,512,512
1.6592226028442383,316,507,512,512
1.6592226028442383,311,506,512,512
1.6602215766906738,307,506,512,512
1.6612205505371094,302,506,512,512
1.6622228622436523,297,505,512,512
1.6632249355316162,289,506,512,512
1.664229154586792,284,506,512,512
1.665008783340454,278,505,512,512
1.665008783340454,273,505,512,512
1.6662020683288574,267,505,512,512
1.6672008037567139,262,504,512,512
1.6686160564422607,256,504,512,512
1.6686160564422607,251,505,512,512
1.6696250438690186,243,505,512,512
1.6706242561340332,238,505,512,512
1.6716246604919434,233,504,512,512
1.6726253032684326,228,504,512,512
1.6736257076263428,224,504,512,512
1.6736257076263428,219,503,512,512
1.674626111984253,215,504,512,512
1.675626516342163,209,504,512,512
1.6766271591186523,205,504,512,512
1.6776275634765625,201,504,512,512
1.6786274909973145,198,504,512,512
1.6796252727508545,194,504,512,512
1.6796252727508545,191,505,512,512
1.681558609008789,187,506,512,512
1.681558609008789,184,506,512,512
1.681558609008789,180,507,512,512
1.681558609008789,177,507,512,512
1.681558609008789,174,507,512,512
1.681558609008789,172,508,512,512
1.681558609008789,169,508,512,512
1.681558609008789,167,509,512,512
1.681558609008789,165,510,512,512
1.681558609008789,163,510,512,512
1.681558609008789,161,510,512,512
1.681558609008789,160,510,512,512
1.681558609008789,158,511,512,512
1.681558609008789,157,511,512,512
1.681558609008789,157,512,512,512
1.681558609008789,156,513,512,512
1.681558609008789,155,513,512,512
1.681558609008789,155,513,512,512
1.696303129196167,155,514,512,512
1.696303129196167,154,515,512,512
1.696303129196167,155,515,512,512
1.696303129196167,155,516,512,512
1.696303129196167,155,517,512,512
1.696303129196167,156,517,512,512
1.696303129196167,156,518,512,512
1.696303129196167,157,518,512,512
1.696303129196167,158,519,512,512
1.696303129196167,159,519,512,512
1.696303129196167,160,520,512,512
1.696303129196167,161,520,512,512
1.696303129196167,163,521,512,512
1.696303129196167,165,521,512,512
1.696303129196167,167,521,512,512
1.696303129196167,169,522,512,512
1.696303129196167,172,522,512,512
1.696303129196167,175,522,512,512
1.7119994163513184,178,523,512,512
1.7119994163513184,180,523,512,512
1.7119994163513184,183,524,512,512
1.7119994163513184,186,524,512,512
1.7119994163513184,189,524,512,512
1.7119994163513184,193,524,512,512
1.7119994163513184,198,524,512,512
1.7119994163513184,201,525,512,512
1.7119994163513184,205,525,512,512
1.7119994163513184,209,525,512,512
1.7119994163513184,213,525,512,512
1.7119994163513184,217,525,512,512
1.7119994163513184,221,525,512,512
1.7119994163513184,225,525,512,512
1.7119994163513184,229,525,512,512
1.7119994163513184,235,526,512,512
1.7119994163513184,240,525,512,512
1.7119994163513184,244,525,512,512
1.7119994163513184,249,525,512,512
1.727804183959961,254,524,512,512
1.727804183959961,259,524,512,512
1.7298152446746826,264,524,512,512
1.7298152446746826,271,524,512,512
1.7312655448913574,276,524,512,512
1.7322239875793457,281,523,512,512
1.7322239875793457,285,523,512,512
1.7332675457000732,290,523,512,512
1.7342677116394043,294,523,512,512
1.7352664470672607,298,523,512,512
1.7362666130065918,302,522,512,512
1.7362666130065918,306,522,512,512
1.7362666130065918,312,521,512,512
1.7362666130065918,315,521,512,512
1.7362666130065918,318,520,512,512
1.7362666130065918,320,520,512,512
1.7362666130065918,323,519,512,512
1.7362666130065918,325,519,512,512
1.7362666130065918,327,518,512,512
1.7362666130065918,330,517,512,512
1.7362666130065918,331,517,512,512
1.7362666130065918,332,516,512,512
1.7362666130065918,333,515,512,512
1.7469186782836914,334,515,512,512
1.7479350566864014,334,514,512,512
1.7479350566864014,333,513,512,512
1.7479350566864014,333,513,512,512
1.7479350566864014,331,512,512,512
1.7479350566864014,330,512,512,512
1.7479350566864014,328,512,512,512
1.7479350566864014,326,512,512,512
1.7479350566864014,323,512,512,512
1.7479350566864014,320,511,512,512
1.7479350566864014,317,510,512,512
1.7479350566864014,314,510,512,512
1.7479350566864014,310,509,512,512
1.7479350566864014,304,508,512,512
1.7479350566864014,300,508,512,512
1.7479350566864014,296,508,512,512
1.7479350566864014,292,506,512,512
1.7479350566864014,288,506,512,512
1.7479350566864014,283,506,512,512
1.7636229991912842,279,506,512,512
1.7641825675964355,274,506,512,512
1.7652766704559326,268,506,512,512
1.7659039497375488,264,506,512,512
1.7659039497375488,259,506,512,512
1.7659039497375488,255,506,512,512
1.7659039497375488,250,506,512,512
1.7659039497375488,246,505,512,512
1.7659039497375488,242,505,512,512
1.7659039497375488,237,506,512,512
1.7659039497375488,231,506,512,512
1.7659039497375488,227,506,512,512
1.7659039497375488,222,506,512,512
1.7659039497375488,218,506,512,512
1.7659039497375488,215,506,512,512
1.7659039497375488,211,506,512,512
1.7659039497375488,207,506,512,512
1.7659039497375488,202,507,512,512
1.7659039497375488,199,507,512,512
1.7659039497375488,196,506,512,512
1.7802913188934326,193,506,512,512
1.781632900238037,190,507,512,512
1.781632900238037,188,507,512,512
1.781632900238037,185,507,512,512
1.781632900238037,183,508,512,512
1.781632900238037,179,508,512,512
1.781632900238037,177,508,512,512
1.781632900238037,175,508,512,512
1.781632900238037,173,509,512,512
1.781632900238037,172,510,512,512
1.781632900238037,170,511,512,512
1.781632900238037,169,512,512,512
1.781632900238037,167,512,512,512
1.781632900238037,166,513,512,512
1.781632900238037,165,513,512,512
1.781632900238037,164,513,512,512
1.781632900238037,163,514,512,512
1.781632900238037,162,515,512,512
1.781632900238037,162,515,512,512
1.7969748973846436,162,515,512,512
1.7969748973846436,162,515,512,512
1.7988269329071045,162,515,512,512
1.7988269329071045,162,516,512,512
1.7988269329071045,163,516,512,512
1.7988269329071045,163,517,512,512
1.7988269329071045,164,518,512,512
1.7988269329071045,165,518,512,512
1.7988269329071045,165,518,512,512
1.7988269329071045,167,519,512,512
1.7988269329071045,168,520,512,512
1.7988269329071045,170,520,512,512
1.7988269329071045,172,521,512,512
1.7988269329071045,173,521,512,512
1.7988269329071045,175,522,512,512
1.7988269329071045,177,522,512,512
1.7988269329071045,179,522,512,512
1.7988269329071045,181,523,512,512
1.7988269329071045,184,523,512,512
1.7988269329071045,187,523,512,512
1.8136487007141113,189,523,512,512
1.8149142265319824,192,523,512,512
1.8155114650726318,194,523,512,512
1.8155114650726318,198,524,512,512
1.8155114650726318,200,524,512,512
1.8155114650726318,204,524,512,512
1.8155114650726318,209,524,512,512
1.8155114650726318,213,524,512,512
1.8155114650726318,216,524,512,512
1.8155114650726318,220,524,512,512
1.8155114650726318,224,524,512,512
1.8155114650726318,228,524,512,512
1.8155114650726318,231,524,512,512
1.8155114650726318,235,524,512,512
1.8155114650726318,241,525,512,512
1.8155114650726318,245,525,512,512
1.8155114650726318,249,524,512,512
1.8155114650726318,253,524,512,512
1.8155114650726318,257,524,512,512
1.8302171230316162,261,523,512,512
1.8302171230316162,265,523,512,512
1.8312346935272217,268,523,512,512
1.8312346935272217,272,523,512,512
1.8312346935272217,278,522,512,512
1.8312346935272217,281,522,512,512
1.8312346935272217,285,522,512,512
1.8312346935272217,289,521,512,512
1.8312346935272217,292,521,512,512
1.8312346935272217,296,521,512,512
1.8312346935272217,299,520,512,512
1.8312346935272217,302,519,512,512
1.8312346935272217,306,519,512,512
1.8312346935272217,308,519,512,512
1.8312346935272217,310,518,512,512
1.8312346935272217,311,518,512,512
1.8312346935272217,313,517,512,512
1.8312346935272217,314,517,512,512
1.8312346935272217,315,517,512,512
1.8312346935272217,316,516,512,512
1.846996784210205,316,516,512,512
1.848229169845581,316,516,512,512
1.848642110824585,316,515,512,512
1.848642110824585,315,515,512,512
1.848642110824585,314,514,512,512
1.848642110824585,313,513,512,512
1.848642110824585,312,512,512,512
1.848642110824585,310,512,512,512
1.848642110824585,308,512,512,512
1.848642110824585,306,511,512,512
1.848642110824585,304,511,512,512
1.848642110824585,301,511,512,512
1.848642110824585,298,510,512,512
1.848642110824585,295,510,512,512
1.848642110824585,292,510,512,512
1.848642110824585,287,509,512,512
1.848642110824585,284,509,512,512
1.848642110824585,280,509,512,512
1.848642110824585,277,509,512,512
1.848642110824585,273,508,512,512
1.8635833263397217,269,508,512,512
1.8649470806121826,265,508,512,512
1.8649470806121826,261,507,512,512
1.8649470806121826,257,507,512,512
1.8649470806121826,251,507,512,512
1.8649470806121826,247,507,512,512
1.8649470806121826,244,507,512,512
1.8649470806121826,240,506,512,512
1.8649470806121826,236,507,512,512
1.8649470806121826,233,507,512,512
1.8649470806121826,229,506,512,512
1.8649470806121826,225,507,512,512
1.8649470806121826,220,507,512,512
1.8649470806121826,217,507,512,512
1.8649470806121826,214,507,512,512
1.8649470806121826,211,507,512,512
1.8649470806121826,208,508,512,512
1.8649470806121826,205,508,512,512
1.8649470806121826,202,508,512,512
1.8802306652069092,198,508,512,512
1.8812530040740967,195,508,512,512
1.8819375038146973,193,508,512,512
1.8819375038146973,190,508,512,512
1.8819375038146973,188,509,512,512
1.8819375038146973,186,509,512,512
1.8819375038146973,184,509,512,512
1.8819375038146973,182,510,512,512
1.8819375038146973,179,510,512,512
1.8819375038146973,178,510,512,512
1.8819375038146973,177,511,512,512
1.8819375038146973,176,511,512,512
1.8819375038146973,174,511,512,512
1.8819375038146973,173,512,512,512
1.8819375038146973,172,513,512,512
1.8819375038146973,171,514,512,512
1.8819375038146973,170,514,512,512
1.8819375038146973,170,514,512,512
1.8819375038146973,169,515,512,512
1.8819375038146973,169,515,512,512
1.8970818519592285,169,516,512,512
1.89827299118042,169,516,512,512
1.89827299118042,169,517,512,512
1.899271011352539,169,517,512,512
1.900266408920288,170,517,512,512
1.900266408920288,170,517,512,512
1.900266408920288,171,518,512,512
1.900266408920288,172,518,512,512
1.900266408920288,173,519,512,512
1.900266408920288,174,519,512,512
1.900266408920288,175,519,512,512
1.900266408920288,177,519,512,512
1.900266408920288,178,520,512,512
1.900266408920288,181,520,512,512
1.900266408920288,182,520,512,512
1.900266408920288,184,521,512,512
1.900266408920288,186,521,512,512
1.900266408920288,188,522,512,512
1.900266408920288,190,522,512,512
1.913543939590454,192,522,512,512
1.914566993713379,196,522,512,512
1.914566993713379,198,523,512,512
1.9155652523040771,201,523,512,512
1.9164164066314697,204,524,512,512
1.9164164066314697,206,523,512,512
1.9164164066314697,209,523,512,512
1.9164164066314697,212,523,512,512
1.9164164066314697,215,523,512,512
1.9164164066314697,220,523,512,512
1.9164164066314697,223,523,512,512
1.9164164066314697,226,523,512,512
1.9164164066314697,230,523,512,512
1.9164164066314697,233,523,512,512
1.9164164066314697,236,523,512,512
1.9164164066314697,240,523,512,512
1.9164164066314697,243,523,512,512
1.9164164066314697,247,523,512,512
1.9164164066314697,252,523,512,512
1.9164164066314697,256,523,512,512
1.9300460815429688,259,522,512,512
1.9309237003326416,262,522,512,512
1.9309237003326416,266,522,512,512
1.9309237003326416,269,522,512,512
1.9309237003326416,272,522,512,512
1.9309237003326416,275,522,512,512
1.9309237003326416,279,521,512,512
1.9309237003326416,282,520,512,512
1.9309237003326416,284,520,512,512
1.9309237003326416,287,519,512,512
1.9309237003326416,289,519,512,512
1.9309237003326416,291,519,512,512
1.9309237003326416,294,519,512,512
1.9309237003326416,295,518,512,512
1.9309237003326416,298,517,512,512
1.9309237003326416,299,517,512,512
1.9309237003326416,300,517,512,512
1.9309237003326416,301,516,512,512
1.9457592964172363,302,516,512,512
1.9457592964172363,303,516,512,512
1.9471156597137451,303,515,512,512
1.9481356143951416,303,515,512,512
1.9481356143951416,302,515,512,512
1.9481356143951416,302,514,512,512
1.9481356143951416,301,514,512,512
1.9481356143951416,299,514,512,512
1.9481356143951416,298,514,512,512
1.9481356143951416,297,513,512,512
1.9481356143951416,295,512,512,512
1.9481356143951416,292,512,512,512
1.9481356143951416,290,511,512,512
1.9481356143951416,288,511,512,512
1.9481356143951416,286,510,512,512
1.9481356143951416,283,510,512,512
1.9481356143951416,281,510,512,512
1.9481356143951416,278,509,512,512
1.9481356143951416,275,509,512,512
1.9481356143951416,272,509,512,512
1.9481356143951416,268,508,512,512
1.9635720252990723,264,508,512,512
1.964594841003418,261,508,512,512
1.9653360843658447,258,508,512,512
1.9653360843658447,254,508,512,512
1.9653360843658447,251,508,512,512
1.9653360843658447,247,508,512,512
1.9653360843658447,244,508,512,512
1.9653360843658447,239,508,512,512
1.9653360843658447,236,509,512,512
1.9653360843658447,233,508,512,512
1.9653360843658447,230,508,512,512
1.9653360843658447,227,508,512,512
1.9653360843658447,224,508,512,512
1.9653360843658447,221,507,512,512
1.9653360843658447,216,508,512,512
1.9653360843658447,214,508,512,512
1.9653360843658447,211,508,512,512
1.9653360843658447,208,508,512,512
1.9653360843658447,206,508,512,512
1.9653360843658447,203,509,512,512
1.9803128242492676,201,509,512,512
1.9803128242492676,198,509,512,512
1.9817006587982178,195,510,512,512
1.9817006587982178,193,510,512,512
1.9817006587982178,191,510,512,512
1.9817006587982178,189,510,512,512
1.9817006587982178,188,511,512,512
1.9817006587982178,186,511,512,512
1.9817006587982178,185,511,512,512
1.9817006587982178,183,512,512,512
1.9817006587982178,181,512,512,512
1.9817006587982178,180,512,512,512
1.9817006587982178,179,512,512,512
1.9817006587982178,178,513,512,512
1.9817006587982178,177,513,512,512
1.9817006587982178,177,514,512,512
1.9817006587982178,176,514,512,512
1.9817006587982178,176,515,512,512
1.9817006587982178,176,515,512,512
1.9817006587982178,176,515,512,512
1.9971487522125244,176,515,512,512
1.9985711574554443,176,516,512,512
1.9985711574554443,176,516,512,512
1.9985711574554443,176,517,512,512
1.9985711574554443,177,517,512,512
1.9985711574554443,177,517,512,512
1.9985711574554443,178,517,512,512
1.9985711574554443,179,518,512,512
1.9985711574554443,180,518,512,512
1.9985711574554443,181,518,512,512
1.9985711574554443,182,519,512,512
1.9985711574554443,183,520,512,512
1.9985711574554443,184,520,512,512
1.9985711574554443,186,520,512,512
1.9985711574554443,187,520,512,512
1.9985711574554443,190,520,512,512
1.9985711574554443,192,521,512,512
1.9985711574554443,194,521,512,512
1.9985711574554443,196,521,512,512
2.0135717391967773,198,521,512,512
2.0145938396453857,200,521,512,512
2.0145938396453857,202,521,512,512
2.0145938396453857,206,522,512,512
2.0145938396453857,208,522,512,512
2.0145938396453857,211,522,512,512
2.0145938396453857,214,522,512,512
2.0145938396453857,216,522,512,512
2.0145938396453857,219,522,512,512
2.0145938396453857,222,522,512,512
2.0145938396453857,224,522,512,512
2.0145938396453857,229,522,512,512
2.0145938396453857,232,522,512,512
2.0145938396453857,234,522,512,512
2.0145938396453857,237,522,512,512
2.0145938396453857,240,522,512,512
2.0145938396453857,243,522,512,512
2.0145938396453857,246,521,512,512
2.0145938396453857,249,521,512,512
2.0145938396453857,254,521,512,512
2.030968427658081,257,521,512,512
2.030968427658081,260,521,512,512
2.030968427658081,263,520,512,512
2.030968427658081,265,520,512,512
2.030968427658081,268,520,512,512
2.030968427658081,271,520,512,512
2.030968427658081,273,520,512,512
2.030968427658081,275,520,512,512
2.030968427658081,279,520,512,512
2.030968427658081,280,519,512,512
2.030968427658081,282,519,512,512
2.030968427658081,284,518,512,512
2.030968427658081,286,518,512,512
2.030968427658081,287,517,512,512
2.030968427658081,288,517,512,512
2.030968427658081,289,517,512,512
2.030968427658081,290,516,512,512
2.030968427658081,291,516,512,512
2.046046733856201,291,515,512,512
2.0470776557922363,292,515,512,512
2.0470776557922363,292,515,512,512
2.0482728481292725,291,515,512,512
2.0482728481292725,291,515,512,512
2.0482728481292725,290,514,512,512
2.0482728481292725,290,514,512,512
2.0482728481292725,288,513,512,512
2.0482728481292725,287,513,512,512
2.0482728481292725,286,513,512,512
2.0482728481292725,284,513,512,512
2.0482728481292725,283,512,512,512
2.0482728481292725,281,512,512,512
2.0482728481292725,278,512,512,512
2.0482728481292725,276,511,512,512
2.0482728481292725,273,511,512,512
2.0482728481292725,271,511,512,512
2.0482728481292725,269,511,512,512
2.0482728481292725,266,510,512,512
2.0482728481292725,263,509,512,512
2.0482728481292725,260,509,512,512
2.0639519691467285,258,509,512,512
2.0650603771209717,253,509,512,512
2.0650603771209717,251,509,512,512
2.0650603771209717,248,509,512,512
2.0650603771209717,245,509,512,512
2.0650603771209717,242,509,512,512
2.0650603771209717,239,509,512,512
2.0650603771209717,237,509,512,512
2.0650603771209717,233,509,512,512
2.0650603771209717,230,509,512,512
2.0650603771209717,227,509,512,512
2.0650603771209717,224,509,512,512
2.0650603771209717,222,509,512,512
2.0650603771209717,219,509,512,512
2.0650603771209717,217,509,512,512
2.0650603771209717,214,509,512,512
2.0650603771209717,212,509,512,512
2.0650603771209717,209,510,512,512
2.0650603771209717,206,510,512,512
2.0802392959594727,204,510,512,512
2.0802392959594727,202,510,512,512
2.0812647342681885,200,510,512,512
2.0828871726989746,198,510,512,512
2.0828871726989746,197,510,512,512
2.0828871726989746,194,510,512,512
2.0828871726989746,193,511,512,512
2.0828871726989746,191,510,512,512
2.0828871726989746,190,511,512,512
2.0828871726989746,189,511,512,512
2.0828871726989746,187,512,512,512
2.0828871726989746,186,513,512,512
2.0828871726989746,185,513,512,512
2.0828871726989746,184,514,512,512
2.0828871726989746,183,514,512,512
2.0828871726989746,183,514,512,512
2.0828871726989746,182,514,512,512
2.0828871726989746,182,515,512,512
2.0828871726989746,181,515,512,512
2.0828871726989746,181,516,512,512
2.0969626903533936,181,516,512,512
2.097994804382324,181,516,512,512
2.0984420776367188,181,516,512,512
2.0984420776367188,182,516,512,512
2.0984420776367188,182,516,512,512
2.0984420776367188,183,517,512,512
2.0984420776367188,183,517,512,512
2.0984420776367188,184,518,512,512
2.0984420776367188,185,518,512,512
2.0984420776367188,186,518,512,512
2.0984420776367188,187,518,512,512
2.0984420776367188,188,519,512,512
2.0984420776367188,189,519,512,512
2.0984420776367188,191,520,512,512
2.0984420776367188,192,520,512,512
2.0984420776367188,194,520,512,512
2.0984420776367188,195,520,512,512
2.0984420776367188,197,520,512,512
2.0984420776367188,199,520,512,512
2.0984420776367188,201,520,512,512
2.1137442588806152,203,521,512,512
2.1150310039520264,205,521,512,512
2.1155457496643066,207,521,512,512
2.1155457496643066,209,521,512,512
2.1155457496643066,212,521,512,512
2.1155457496643066,215,521,512,512
2.1155457496643066,217,521,512,512
2.1155457496643066,220,521,512,512
2.1155457496643066,222,522,512,512
2.1155457496643066,224,521,512,512
2.1155457496643066,227,521,512,512
2.1155457496643066,230,521,512,512
2.1155457496643066,232,521,512,512
2.1155457496643066,236,521,512,512
2.1155457496643066,238,521,512,512
2.1155457496643066,241,521,512,512
2.1155457496643066,243,521,512,512
2.1155457496643066,246,520,512,512
2.1155457496643066,248,520,512,512
2.1303813457489014,251,521,512,512
2.1314077377319336,254,520,512,512
2.131901264190674,256,520,512,512
2.131901264190674,260,521,512,512
2.131901264190674,262,520,512,512
2.131901264190674,264,519,512,512
2.131901264190674,266,519,512,512
2.131901264190674,268,519,512,512
2.131901264190674,270,518,512,512
2.131901264190674,272,518,512,512
2.131901264190674,274,519,512,512
2.131901264190674,276,518,512,512
2.131901264190674,277,518,512,512
2.131901264190674,278,518,512,512
2.131901264190674,279,517,512,512
2.131901264190674,280,517,512,512
2.131901264190674,281,517,512,512
2.131901264190674,282,517,512,512
2.131901264190674,282,516,512,512
2.131901264190674,282,516,512,512
2.147157907485962,282,515,512,512
2.148404836654663,282,515,512,512
2.148404836654663,282,515,512,512
2.148404836654663,281,514,512,512
2.148404836654663,281,514,512,512
2.148404836654663,280,514,512,512
2.148404836654663,278,513,512,512
2.148404836654663,277,513,512,512
2.148404836654663,276,513,512,512
2.148404836654663,275,513,512,512
2.148404836654663,273,512,512,512
2.148404836654663,272,513,512,512
2.148404836654663,270,512,512,512
2.148404836654663,268,512,512,512
2.148404836654663,265,512,512,512
2.148404836654663,263,512,512,512
2.148404836654663,261,511,512,512
2.148404836654663,259,511,512,512
2.148404836654663,256,511,512,512
2.163519859313965,254,510,512,512
2.164543390274048,252,510,512,512
2.164543390274048,249,510,512,512
2.1663053035736084,246,510,512,512
2.1663053035736084,243,509,512,512
2.1663053035736084,241,509,512,512
2.1663053035736084,238,509,512,512
2.1663053035736084,236,509,512,512
2.1663053035736084,233,509,512,512
2.1663053035736084,231,510,512,512
2.1663053035736084,229,510,512,512
2.1663053035736084,226,510,512,512
2.1663053035736084,223,510,512,512
2.1663053035736084,221,510,512,512
2.1663053035736084,218,510,512,512
2.1663053035736084,216,510,512,512
2.1663053035736084,214,510,512,512
2.1663053035736084,212,510,512,512
2.1663053035736084,210,510,512,512
2.1663053035736084,208,510,512,512
2.1803481578826904,206,511,512,512
2.181365966796875,204,511,512,512
2.181365966796875,202,511,512,512
2.181365966796875,200,511,512,512
2.181365966796875,199,512,512,512
2.181365966796875,197,512,512,512
2.181365966796875,196,512,512,512
2.181365966796875,194,513,512,512
2.181365966796875,193,513,512,512
2.181365966796875,192,513,512,512
2.181365966796875,191,513,512,512
2.181365966796875,190,513,512,512
2.181365966796875,190,513,512,512
2.181365966796875,189,513,512,512
2.181365966796875,188,514,512,512
2.181365966796875,187,514,512,512
2.181365966796875,187,514,512,512
2.181365966796875,187,514,512,512
2.181365966796875,187,515,512,512
2.181365966796875,187,515,512,512
2.197195529937744,187,515,512,512
2.198216438293457,187,516,512,512
2.198643207550049,187,516,512,512
2.198643207550049,187,516,512,512
2.198643207550049,188,516,512,512
2.198643207550049,188,517,512,512
2.198643207550049,189,517,512,512
2.198643207550049,190,517,512,512
2.198643207550049,190,518,512,512
2.198643207550049,191,518,512,512
2.198643207550049,192,518,512,512
2.198643207550049,193,518,512,512
2.198643207550049,195,518,512,512
2.198643207550049,196,519,512,512
2.198643207550049,198,519,512,512
2.198643207550049,199,520,512,512
2.198643207550049,201,520,512,512
2.198643207550049,202,520,512,512
2.198643207550049,204,520,512,512
2.213571786880493,205,520,512,512
2.214597702026367,208,520,512,512
2.2149734497070312,210,520,512,512
2.2149734497070312,212,520,512,512
2.2149734497070312,214,521,512,512
2.2149734497070312,215,520,512,512
2.2149734497070312,217,520,512,512
2.2149734497070312,219,520,512,512
2.2149734497070312,223,520,512,512
2.2149734497070312,225,520,512,512
2.2149734497070312,227,520,512,512
2.2149734497070312,229,521,512,512
2.2149734497070312,231,520,512,512
2.2149734497070312,234,520,512,512
2.2149734497070312,236,520,512,512
2.2149734497070312,239,520,512,512
2.2149734497070312,242,520,512,512
2.2149734497070312,244,520,512,512
2.2149734497070312,246,520,512,512
2.230142831802368,248,520,512,512
2.230142831802368,250,519,512,512
2.231175422668457,253,519,512,512
2.231940984725952,254,519,512,512
2.231940984725952,256,519,512,512
2.231940984725952,258,519,512,512
2.231940984725952,261,519,512,512
2.231940984725952,263,518,512,512
2.231940984725952,264,518,512,512
2.231940984725952,266,518,512,512
2.231940984725952,267,518,512,512
2.231940984725952,269,517,512,512
2.231940984725952,270,517,512,512
2.231940984725952,272,518,512,512
2.231940984725952,272,517,512,512
2.231940984725952,273,516,512,512
2.231940984725952,274,516,512,512
2.231940984725952,275,515,512,512
2.231940984725952,275,515,512,512
2.231940984725952,275,515,512,512
2.2468767166137695,275,515,512,512
2.2468767166137695,275,514,512,512
2.2481579780578613,275,514,512,512
2.2481579780578613,274,514,512,512
2.2481579780578613,274,514,512,512
2.2481579780578613,273,513,512,512
2.2481579780578613,272,513,512,512
2.2481579780578613,271,514,512,512
2.2481579780578613,270,513,512,512
2.2481579780578613,268,512,512,512
2.2481579780578613,267,512,512,512
2.2481579780578613,266,512,512,512
2.2481579780578613,264,512,512,512
2.2481579780578613,263,512,512,512
2.2481579780578613,261,512,512,512
2.2481579780578613,259,512,512,512
2.2481579780578613,258,511,512,512
2.2481579780578613,255,511,512,512
2.2481579780578613,253,511,512,512
2.2481579780578613,251,511,512,512
2.263822078704834,249,510,512,512
2.264843702316284,247,511,512,512
2.2653472423553467,245,510,512,512
2.2653472423553467,243,510,512,512
2.2653472423553467,241,510,512,512
2.2653472423553467,238,510,512,512
2.2653472423553467,235,510,512,512
2.2653472423553467,233,510,512,512
2.2653472423553467,231,510,512,512
2.2653472423553467,229,510,512,512
2.2653472423553467,227,510,512,512
2.2653472423553467,225,510,512,512
2.2653472423553467,223,510,512,512
2.2653472423553467,221,510,512,512
2.2653472423553467,218,510,512,512
2.2653472423553467,216,510,512,512
2.2653472423553467,214,511,512,512
2.2653472423553467,213,510,512,512
2.2653472423553467,211,511,512,512
2.2653472423553467,209,511,512,512
2.280465841293335,208,511,512,512
2.2814879417419434,206,511,512,512
2.2814879417419434,204,512,512,512
2.2814879417419434,203,512,512,512
2.2814879417419434,202,512,512,512
2.2814879417419434,200,512,512,512
2.2814879417419434,199,512,512,512
2.2814879417419434,198,512,512,512
2.2814879417419434,197,512,512,512
2.2814879417419434,196,512,512,512
2.2814879417419434,195,513,512,512
2.2814879417419434,194,513,512,512
2.2814879417419434,193,513,512,512
2.2814879417419434,193,513,512,512
2.2814879417419434,192,514,512,512
2.2814879417419434,192,514,512,512
2.2814879417419434,192,515,512,512
2.2814879417419434,192,515,512,512
2.2814879417419434,191,515,512,512
2.2970335483551025,191,515,512,512
2.2970335483551025,191,515,512,512
2.2985281944274902,191,516,512,512
2.2985281944274902,192,516,512,512
2.2985281944274902,192,516,512,512
2.2985281944274902,192,517,512,512
2.2985281944274902,193,517,512,512
2.2985281944274902,194,517,512,512
2.2985281944274902,195,517,512,512
2.2985281944274902,196,517,512,512
2.2985281944274902,197,518,512,512
2.2985281944274902,198,518,512,512
2.2985281944274902,198,518,512,512
2.2985281944274902,199,518,512,512
2.2985281944274902,200,518,512,512
2.2985281944274902,202,518,512,512
2.3106091022491455,204,519,512,512
2.3106091022491455,205,518,512,512
2.3106091022491455,207,519,512,512
2.3106091022491455,208,519,512,512
2.31431245803833,210,519,512,512
2.31431245803833,211,519,512,512
2.31431245803833,214,519,512,512
2.31431245803833,216,519,512,512
2.31431245803833,217,519,512,512
2.31431245803833,219,520,512,512
2.31431245803833,221,520,512,512
2.31431245803833,222,520,512,512
2.31431245803833,224,520,512,512
2.31431245803833,226,520,512,512
2.31431245803833,229,520,512,512
2.31431245803833,231,520,512,512
2.31431245803833,233,520,512,512
2.31431245803833,235,520,512,512
2.31431245803833,237,519,512,512
2.31431245803833,239,519,512,512
2.31431245803833,241,519,512,512
2.31431245803833,243,519,512,512
2.3293182849884033,245,518,512,512
2.330217123031616,247,519,512,512
2.3311586380004883,249,519,512,512
2.3311586380004883,250,519,512,512
2.3311586380004883,252,518,512,512
2.3311586380004883,254,518,512,512
2.3311586380004883,256,518,512,512
2.3311586380004883,257,518,512,512
2.3311586380004883,260,518,512,512
2.3311586380004883,261,518,512,512
2.3311586380004883,262,518,512,512
2.3311586380004883,263,517,512,512
2.3311586380004883,264,517,512,512
2.3311586380004883,265,517,512,512
2.3311586380004883,266,516,512,512
2.3311586380004883,266,516,512,512
2.3311586380004883,267,516,512,512
2.3311586380004883,268,516,512,512
2.3311586380004883,268,515,512,512
2.3311586380004883,268,515,512,512
2.346107006072998,268,515,512,512
2.3469059467315674,268,515,512,512
2.3479270935058594,268,515,512,512
2.3479270935058594,268,515,512,512
2.3479270935058594,267,515,512,512
2.3479270935058594,267,514,512,512
2.3479270935058594,266,514,512,512
2.3479270935058594,265,513,512,512
2.3479270935058594,264,513,512,512
2.3479270935058594,264,513,512,512
2.3479270935058594,262,513,512,512
2.3479270935058594,261,513,512,512
2.3479270935058594,259,512,512,512
2.3479270935058594,258,512,512,512
2.3479270935058594,256,512,512,512
2.3479270935058594,255,512,512,512
2.3479270935058594,253,512,512,512
2.3479270935058594,252,512,512,512
2.3479270935058594,250,512,512,512
2.3479270935058594,248,511,512,512
2.363576650619507,246,511,512,512
2.363576650619507,244,511,512,512
2.364607572555542,242,511,512,512
2.364607572555542,240,511,512,512
2.364607572555542,238,511,512,512
2.364607572555542,237,511,512,512
2.364607572555542,235,510,512,512
2.364607572555542,233,510,512,512
2.364607572555542,231,510,512,512
2.364607572555542,229,510,512,512
2.364607572555542,227,510,512,512
2.364607572555542,225,511,512,512
2.364607572555542,223,511,512,512
2.364607572555542,222,511,512,512
2.364607572555542,220,511,512,512
2.364607572555542,218,511,512,512
2.364607572555542,217,511,512,512
2.364607572555542,214,511,512,512
2.364607572555542,213,511,512,512
2.364607572555542,211,512,512,512
2.380025625228882,210,512,512,512
2.3815369606018066,208,512,512,512
2.3815369606018066,207,512,512,512
2.3815369606018066,206,512,512,512
2.3815369606018066,205,512,512,512
2.3815369606018066,203,513,512,512
2.3815369606018066,202,513,512,512
2.3815369606018066,201,513,512,512
2.3815369606018066,200,513,512,512
2.3815369606018066,200,513,512,512
2.3815369606018066,199,513,512,512
2.3815369606018066,198,513,512,512
2.3815369606018066,197,514,512,512
2.3815369606018066,197,514,512,512
2.3815369606018066,196,514,512,512
2.3815369606018066,196,514,512,512
2.3815369606018066,196,515,512,512
2.3815369606018066,196,515,512,512
2.3815369606018066,196,515,512,512
2.3815369606018066,196,516,512,512
2.396817207336426,196,516,512,512
2.398451566696167,196,516,512,512
2.398451566696167,196,516,512,512
2.398451566696167,196,516,512,512
2.398451566696167,197,516,512,512
2.398451566696167,197,516,512,512
2.398451566696167,198,517,512,512
2.398451566696167,199,517,512,512
2.398451566696167,199,517,512,512
2.398451566696167,201,517,512,512
2.398451566696167,201,517,512,512
2.398451566696167,202,517,512,512
2.398451566696167,203,517,512,512
2.398451566696167,204,518,512,512
2.398451566696167,205,518,512,512
2.398451566696167,206,517,512,512
2.398451566696167,208,517,512,512
2.398451566696167,209,518,512,512
2.398451566696167,211,518,512,512
2.413604259490967,212,518,512,512
2.4146316051483154,214,519,512,512
2.4146316051483154,215,519,512,512
2.4160799980163574,216,519,512,512
2.4160799980163574,218,519,512,512
2.4160799980163574,219,519,512,512
2.4160799980163574,222,519,512,512
2.4160799980163574,224,519,512,512
2.4160799980163574,225,519,512,512
2.4160799980163574,227,520,512,512
2.4160799980163574,229,519,512,512
2.4160799980163574,230,519,512,512
2.4160799980163574,232,519,512,512
2.4160799980163574,235,519,512,512
2.4160799980163574,236,519,512,512
2.4160799980163574,238,519,512,512
2.4160799980163574,239,519,512,512
2.4160799980163574,241,519,512,512
2.4160799980163574,243,518,512,512
2.4160799980163574,244,519,512,512
2.430135726928711,246,519,512,512
2.4309966564178467,248,518,512,512
2.4309966564178467,249,518,512,512
2.4331095218658447,251,519,512,512
2.4331095218658447,252,518,512,512
2.4331095218658447,253,518,512,512
2.435122489929199,255,517,512,512
2.435122489929199,256,517,512,512
2.437131643295288,257,517,512,512
2.437131643295288,258,517,512,512
2.4391396045684814,260,517,512,512
2.4391396045684814,260,517,512,512
2.4391396045684814,261,516,512,512
2.4391396045684814,261,516,512,512
2.4391396045684814,262,516,512,512
2.4391396045684814,262,516,512,512
2.4391396045684814,262,516,512,512
2.4391396045684814,263,516,512,512
2.4459424018859863,263,516,512,512
2.446729898452759,263,515,512,512
2.4475371837615967,262,514,512,512
2.4475371837615967,262,514,512,512
2.4475371837615967,262,514,512,512
2.4475371837615967,261,514,512,512
2.4475371837615967,261,514,512,512
2.4475371837615967,260,514,512,512
2.4475371837615967,259,513,512,512
2.4475371837615967,258,513,512,512
2.4475371837615967,257,513,512,512
2.4475371837615967,256,513,512,512
2.4475371837615967,255,513,512,512
2.4475371837615967,254,513,512,512
2.4475371837615967,253,513,512,512
2.4475371837615967,251,512,512,512
2.4475371837615967,250,512,512,512
2.4475371837615967,248,512,512,512
2.4475371837615967,247,512,512,512
2.4475371837615967,245,512,512,512
2.462533473968506,244,512,512,512
2.462533473968506,242,512,512,512
2.4645862579345703,241,512,512,512
2.4645862579345703,238,512,512,512
2.4645862579345703,237,512,512,512
2.4645862579345703,236,512,512,512
2.4645862579345703,234,512,512,512
2.4645862579345703,232,512,512,512
2.4645862579345703,231,512,512,512
2.4645862579345703,229,511,512,512
2.4645862579345703,227,511,512,512
2.4645862579345703,226,511,512,512
2.4645862579345703,223,511,512,512
2.4645862579345703,222,511,512,512
2.4645862579345703,221,512,512,512
2.4645862579345703,219,512,512,512
2.4645862579345703,218,512,512,512
2.4645862579345703,216,512,512,512
2.4645862579345703,215,512,512,512
2.4645862579345703,214,512,512,512
2.480201005935669,212,512,512,512
2.480201005935669,211,513,512,512
2.4812350273132324,209,513,512,512
2.4812350273132324,208,512,512,512
2.4812350273132324,208,513,512,512
2.4812350273132324,207,513,512,512
2.4812350273132324,206,513,512,512
2.4812350273132324,205,513,512,512
2.4812350273132324,204,514,512,512
2.4812350273132324,203,514,512,512
2.4812350273132324,202,513,512,512
2.4812350273132324,202,513,512,512
2.4812350273132324,201,514,512,512
2.4812350273132324,201,514,512,512
2.4812350273132324,200,514,512,512
2.4812350273132324,200,514,512,512
2.4812350273132324,200,515,512,512
2.4812350273132324,200,515,512,512
2.4812350273132324,199,515,512,512
2.4812350273132324,199,516,512,512
2.497011423110962,199,516,512,512
2.497011423110962,200,516,512,512
2.4981918334960938,200,516,512,512
2.4996402263641357,200,516,512,512
2.4996402263641357,200,516,512,512
2.4996402263641357,201,516,512,512
2.4996402263641357,201,516,512,512
2.4996402263641357,202,516,512,512
2.4996402263641357,203,517,512,512
2.4996402263641357,203,517,512,512
2.4996402263641357,204,517,512,512
2.4996402263641357,205,517,512,512
2.4996402263641357,206,517,512,512
2.4996402263641357,207,518,512,512
2.4996402263641357,208,518,512,512
2.4996402263641357,209,518,512,512
2.4996402263641357,210,518,512,512
2.4996402263641357,211,518,512,512
2.4996402263641357,213,518,512,512
2.5134592056274414,214,518,512,512
2.5134592056274414,215,518,512,512
2.5144784450531006,217,518,512,512
2.5153579711914062,218,519,512,512
2.5153579711914062,219,519,512,512
2.5153579711914062,221,519,512,512
2.5153579711914062,222,519,512,512
2.5153579711914062,224,518,512,512
2.5153579711914062,225,518,512,512
2.5153579711914062,227,518,512,512
2.5153579711914062,229,518,512,512
2.5153579711914062,230,519,512,512
2.5153579711914062,232,519,512,512
2.5153579711914062,233,519,512,512
2.5153579711914062,235,519,512,512
2.5153579711914062,236,518,512,512
2.5153579711914062,238,518,512,512
2.5153579711914062,240,518,512,512
2.5153579711914062,241,518,512,512
2.5153579711914062,243,518,512,512
2.5301029682159424,244,518,512,512
2.5311238765716553,245,517,512,512
2.5311238765716553,246,517,512,512
2.532120943069458,247,517,512,512
2.533116340637207,249,517,512,512
2.53411602973938,250,517,512,512
2.535130500793457,251,518,512,512
2.53595232963562,252,517,512,512
2.53595232963562,253,517,512,512
2.53595232963562,254,517,512,512
2.53595232963562,255,516,512,512
2.53595232963562,255,516,512,512
2.53595232963562,256,516,512,512
2.53595232963562,257,516,512,512
2.53595232963562,257,516,512,512
2.53595232963562,257,515,512,512
2.53595232963562,258,515,512,512
2.53595232963562,258,515,512,512
2.53595232963562,258,515,512,512
2.53595232963562,258,515,512,512
2.5467724800109863,258,515,512,512
2.5477912425994873,258,515,512,512
2.548797845840454,257,514,512,512
2.5497820377349854,257,514,512,512
2.5497820377349854,256,514,512,512
2.550795078277588,256,514,512,512
2.552363634109497,255,513,512,512
2.552363634109497,254,514,512,512
2.5533716678619385,254,513,512,512
2.5543723106384277,252,513,512,512
2.5553722381591797,251,513,512,512
2.55637264251709,250,513,512,512
2.557372570037842,249,513,512,512
2.557372570037842,248,513,512,512
2.5583724975585938,247,513,512,512
2.559375762939453,246,513,512,512
2.560373544692993,244,512,512,512
2.561373233795166,243,512,512,512
2.5623738765716553,241,512,512,512
2.563375949859619,240,512,512,512
2.564375638961792,239,512,512,512
2.564375638961792,237,513,512,512
2.565377712249756,236,513,512,512
2.5663740634918213,235,512,512,512
2.5673727989196777,233,512,512,512
2.56843900680542,231,512,512,512
2.568965435028076,230,511,512,512
2.569974184036255,228,511,512,512
2.5709753036499023,227,512,512,512
2.5719752311706543,226,512,512,512
2.5719752311706543,224,511,512,512
2.5729758739471436,223,511,512,512
2.5739758014678955,222,511,512,512
2.5749759674072266,220,511,512,512
2.5759761333465576,219,512,512,512
2.576976776123047,217,512,512,512
2.576976776123047,216,513,512,512
2.5779762268066406,215,513,512,512
2.5789763927459717,214,513,512,512
2.5805583000183105,213,513,512,512
2.5805583000183105,211,513,512,512
2.581573724746704,210,513,512,512
2.5825722217559814,209,514,512,512
2.583570957183838,209,514,512,512
2.58457088470459,208,513,512,512
2.5855870246887207,207,513,512,512
2.5862882137298584,206,513,512,512
2.5873019695281982,206,513,512,512
2.5873019695281982,205,514,512,512
2.5883007049560547,205,514,512,512
2.589298963546753,204,514,512,512
2.5903000831604004,204,514,512,512
2.5913000106811523,203,514,512,512
2.5922999382019043,203,514,512,512
2.5922999382019043,203,514,512,512
2.593299388885498,203,515,512,512
2.594299554824829,203,515,512,512
2.5953006744384766,203,516,512,512
2.5963006019592285,203,515,512,512
2.596965789794922,203,516,512,512
2.596965789794922,203,516,512,512
2.596965789794922,203,516,512,512
2.596965789794922,204,516,512,512
2.596965789794922,204,516,512,512
2.596965789794922,205,517,512,512
2.596965789794922,205,517,512,512
2.596965789794922,206,516,512,512
2.596965789794922,206,517,512,512
2.596965789794922,207,517,512,512
2.596965789794922,208,517,512,512
2.596965789794922,209,518,512,512
2.596965789794922,210,518,512,512
2.596965789794922,210,517,512,512
2.596965789794922,212,517,512,512
2.596965789794922,212,517,512,512
2.596965789794922,213,517,512,512
2.596965789794922,215,517,512,512
2.6120829582214355,216,517,512,512
2.6120829582214355,217,518,512,512
2.6120829582214355,218,517,512,512
2.6120829582214355,219,517,512,512
2.6120829582214355,221,518,512,512
2.6120829582214355,222,518,512,512
2.6120829582214355,223,518,512,512
2.6120829582214355,225,519,512,512
2.6120829582214355,226,519,512,512
2.6120829582214355,227,518,512,512
2.6120829582214355,228,518,512,512
2.6120829582214355,229,518,512,512
2.6120829582214355,232,518,512,512
2.6120829582214355,233,518,512,512
2.6120829582214355,234,518,512,512
2.6120829582214355,236,518,512,512
2.6120829582214355,237,518,512,512
2.6120829582214355,238,518,512,512
2.627760887145996,239,518,512,512
2.627760887145996,241,518,512,512
2.627760887145996,242,518,512,512
2.627760887145996,243,517,512,512
2.627760887145996,244,518,512,512
2.627760887145996,245,517,512,512
2.627760887145996,246,517,512,512
2.627760887145996,247,517,512,512
2.627760887145996,248,517,512,512
2.627760887145996,249,516,512,512
2.627760887145996,250,517,512,512
2.627760887145996,250,517,512,512
2.627760887145996,251,516,512,512
2.627760887145996,252,516,512,512
2.627760887145996,252,516,512,512
2.627760887145996,252,516,512,512
2.627760887145996,253,516,512,512
2.627760887145996,253,516,512,512
2.6434621810913086,253,516,512,512
2.6434621810913086,253,516,512,512
2.6450181007385254,253,515,512,512
2.6450181007385254,253,515,512,512
2.6450181007385254,253,515,512,512
2.6450181007385254,253,515,512,512
2.6450181007385254,253,515,512,512
2.6450181007385254,253,515,512,512
2.6450181007385254,252,515,512,512
2.6450181007385254,251,514,512,512
2.6450181007385254,251,514,512,512
2.6450181007385254,250,513,512,512
2.6450181007385254,249,513,512,512
2.6450181007385254,248,513,512,512
2.6450181007385254,248,514,512,512
2.6450181007385254,246,514,512,512
2.6450181007385254,245,513,512,512
2.6450181007385254,244,513,512,512
2.6450181007385254,244,514,512,512
2.659144401550293,243,514,512,512
2.659144401550293,241,513,512,512
2.659144401550293,240,514,512,512
2.659144401550293,239,513,512,512
2.659144401550293,237,513,512,512
2.659144401550293,236,513,512,512
2.659144401550293,235,513,512,512
2.659144401550293,234,513,512,512
2.659144401550293,232,513,512,512
2.659144401550293,231,513,512,512
2.659144401550293,230,513,512,512
2.659144401550293,229,513,512,512
2.659144401550293,227,513,512,512
2.659144401550293,226,513,512,512
2.659144401550293,225,513,512,512
2.659144401550293,224,513,512,512
2.659144401550293,223,513,512,512
2.659144401550293,221,513,512,512
2.6748623847961426,220,513,512,512
2.675619125366211,219,513,512,512
2.676393508911133,218,513,512,512
2.676393508911133,216,513,512,512
2.676393508911133,215,513,512,512
2.676393508911133,214,514,512,512
2.676393508911133,213,514,512,512
2.676393508911133,213,513,512,512
2.676393508911133,212,514,512,512
2.676393508911133,211,514,512,512
2.676393508911133,210,514,512,512
2.676393508911133,209,514,512,512
2.676393508911133,209,514,512,512
2.676393508911133,208,515,512,512
2.676393508911133,208,514,512,512
2.676393508911133,208,515,512,512
2.676393508911133,207,515,512,512
2.676393508911133,207,515,512,512
2.676393508911133,206,515,512,512
2.6906158924102783,206,515,512,512
2.6920645236968994,206,515,512,512
2.6927990913391113,205,515,512,512
2.6927990913391113,205,515,512,512
2.6927990913391113,206,515,512,512
2.6927990913391113,206,515,512,512
2.6927990913391113,206,515,512,512
2.6927990913391113,206,516,512,512
2.6977856159210205,206,516,512,512
2.6977856159210205,206,516,512,512
2.6990714073181152,206,517,512,512
2.700068950653076,207,517,512,512
2.7010691165924072,207,517,512,512
2.70206880569458,208,517,512,512
2.70206880569458,208,517,512,512
2.703690528869629,209,517,512,512
2.70393967628479,209,517,512,512
2.7049481868743896,210,517,512,512
2.7059476375579834,211,517,512,512
2.7069485187530518,211,517,512,512
2.707948684692383,212,517,512,512
2.707948684692383,213,518,512,512
2.708949327468872,214,518,512,512
2.709956407546997,215,518,512,512
2.710949420928955,217,518,512,512
2.7119498252868652,217,518,512,512
2.712949752807617,218,518,512,512
2.7139527797698975,219,518,512,512
2.7144529819488525,220,518,512,512
2.7155447006225586,221,518,512,512
2.7155447006225586,222,518,512,512
2.7165417671203613,224,518,512,512
2.717541217803955,225,518,512,512
2.7185418605804443,227,518,512,512
2.719541549682617,228,518,512,512
2.7208058834075928,229,518,512,512
2.721303939819336,230,518,512,512
2.722313642501831,231,518,512,512
2.7233147621154785,232,518,512,512
2.7233147621154785,233,518,512,512
2.7243154048919678,235,518,512,512
2.7253153324127197,236,518,512,512
2.7263152599334717,237,518,512,512
2.727315664291382,238,518,512,512
2.728315591812134,239,518,512,512
2.728315591812134,240,517,512,512
2.7303173542022705,241,517,512,512
2.7303173542022705,242,517,512,512
2.73132061958313,243,517,512,512
2.73132061958313,244,517,512,512
2.73132061958313,245,517,512,512
2.73132061958313,246,517,512,512
2.73132061958313,246,516,512,512
2.73132061958313,247,516,512,512
2.73132061958313,247,516,512,512
2.73132061958313,248,516,512,512
2.73132061958313,249,517,512,512
2.73132061958313,249,517,512,512
2.73132061958313,249,517,512,512
2.73132061958313,249,516,512,512
2.73132061958313,249,516,512,512
2.73132061958313,250,516,512,512
2.73132061958313,250,515,512,512
2.73132061958313,250,515,512,512
2.73132061958313,250,516,512,512
2.73132061958313,250,515,512,512
2.747081756591797,250,515,512,512
2.747081756591797,249,515,512,512
2.747081756591797,249,514,512,512
2.747081756591797,248,514,512,512
2.747081756591797,248,514,512,512
2.747081756591797,247,514,512,512
2.747081756591797,247,514,512,512
2.747081756591797,246,514,512,512
2.747081756591797,246,514,512,512
2.747081756591797,245,514,512,512
2.747081756591797,244,514,512,512
2.747081756591797,244,514,512,512
2.747081756591797,243,514,512,512
2.747081756591797,242,514,512,512
2.747081756591797,240,513,512,512
2.747081756591797,239,513,512,512
2.747081756591797,238,513,512,512
2.747081756591797,237,513,512,512
2.747081756591797,236,514,512,512
2.762967824935913,236,514,512,512
2.762967824935913,234,513,512,512
2.762967824935913,233,513,512,512
2.762967824935913,232,513,512,512
2.762967824935913,231,513,512,512
2.762967824935913,229,513,512,512
2.762967824935913,228,513,512,512
2.762967824935913,227,514,512,512
2.762967824935913,226,513,512,512
2.762967824935913,225,513,512,512
2.762967824935913,224,513,512,512
2.762967824935913,223,513,512,512
2.762967824935913,222,512,512,512
2.762967824935913,220,512,512,512
2.762967824935913,219,513,512,512
2.762967824935913,219,513,512,512
2.762967824935913,218,513,512,512
2.762967824935913,217,513,512,512
2.778722047805786,216,513,512,512
2.778722047805786,215,513,512,512
2.778722047805786,214,514,512,512
2.778722047805786,213,514,512,512
2.778722047805786,213,514,512,512
2.778722047805786,212,514,512,512
2.778722047805786,211,514,512,512
2.778722047805786,211,514,512,512
2.778722047805786,210,514,512,512
2.778722047805786,210,514,512,512
2.778722047805786,209,515,512,512
2.778722047805786,209,515,512,512
2.778722047805786,209,514,512,512
2.778722047805786,208,515,512,512
2.778722047805786,208,515,512,512
2.778722047805786,208,515,512,512
2.778722047805786,208,515,512,512
2.778722047805786,208,515,512,512
2.778722047805786,208,516,512,512
2.7944231033325195,208,516,512,512
2.7953040599823,208,516,512,512
2.7953040599823,208,516,512,512
2.7953040599823,208,516,512,512
2.7953040599823,208,516,512,512
2.7953040599823,209,517,512,512
2.7953040599823,209,517,512,512
2.7953040599823,210,517,512,512
2.7953040599823,210,517,512,512
2.7953040599823,210,517,512,512
2.7953040599823,211,517,512,512
2.7953040599823,212,517,512,512
2.7953040599823,212,517,512,512
2.7953040599823,213,517,512,512
2.7953040599823,214,517,512,512
2.7953040599823,214,517,512,512
2.7953040599823,215,517,512,512
2.7953040599823,216,518,512,512
2.8101229667663574,217,518,512,512
2.8101229667663574,218,518,512,512
2.81164288520813,218,518,512,512
2.81164288520813,219,517,512,512
2.81164288520813,221,517,512,512
2.81164288520813,222,517,512,512
2.81164288520813,223,517,512,512
2.81164288520813,223,517,512,512
2.81164288520813,224,518,512,512
2.81164288520813,225,518,512,512
2.81164288520813,226,517,512,512
2.81164288520813,227,517,512,512
2.81164288520813,229,518,512,512
2.81164288520813,230,518,512,512
2.81164288520813,231,518,512,512
2.81164288520813,232,518,512,512
2.81164288520813,233,518,512,512
2.81164288520813,234,518,512,512
2.81164288520813,235,517,512,512
2.826005697250366,236,517,512,512
2.826005697250366,237,517,512,512
2.826005697250366,238,517,512,512
2.826005697250366,239,517,512,512
2.826005697250366,240,517,512,512
2.826005697250366,240,517,512,512
2.826005697250366,241,517,512,512
2.826005697250366,242,517,512,512
2.826005697250366,243,517,512,512
2.826005697250366,243,517,512,512
2.826005697250366,244,517,512,512
2.826005697250366,245,517,512,512
2.826005697250366,245,516,512,512
2.826005697250366,245,516,512,512
2.826005697250366,246,516,512,512
2.826005697250366,246,516,512,512
2.826005697250366,246,516,512,512
2.826005697250366,247,516,512,512
2.826005697250366,247,516,512,512
2.842773675918579,247,516,512,512
2.843381643295288,247,515,512,512
2.84381103515625,247,515,512,512
2.84381103515625,247,515,512,512
2.84381103515625,247,515,512,512
2.84381103515625,246,515,512,512
2.84381103515625,246,515,512,512
2.84381103515625,246,515,512,512
2.84381103515625,246,514,512,512
2.84381103515625,245,515,512,512
2.84381103515625,245,514,512,512
2.84381103515625,245,514,512,512
2.84381103515625,244,514,512,512
2.84381103515625,243,514,512,512
2.84381103515625,242,514,512,512
2.84381103515625,242,513,512,512
2.84381103515625,241,513,512,512
2.84381103515625,240,513,512,512
2.857438802719116,239,513,512,512
2.857438802719116,239,514,512,512
2.857438802719116,238,514,512,512
2.857438802719116,237,514,512,512
2.857438802719116,236,514,512,512
2.857438802719116,235,513,512,512
2.857438802719116,234,513,512,512
2.857438802719116,233,513,512,512
2.857438802719116,232,513,512,512
2.857438802719116,231,514,512,512
2.857438802719116,230,513,512,512
2.857438802719116,229,513,512,512
2.857438802719116,228,513,512,512
2.857438802719116,227,513,512,512
2.857438802719116,226,513,512,512
2.857438802719116,225,513,512,512
2.857438802719116,224,514,512,512
2.857438802719116,223,514,512,512
2.873159170150757,222,513,512,512
2.873159170150757,221,514,512,512
2.873159170150757,220,514,512,512
2.873159170150757,219,514,512,512
2.873159170150757,219,514,512,512
2.873159170150757,218,514,512,512
2.873159170150757,217,514,512,512
2.873159170150757,216,514,512,512
2.873159170150757,216,514,512,512
2.873159170150757,215,514,512,512
2.873159170150757,214,514,512,512
2.873159170150757,213,514,512,512
2.873159170150757,213,514,512,512
2.873159170150757,212,515,512,512
2.873159170150757,212,514,512,512
2.873159170150757,211,515,512,512
2.873159170150757,211,515,512,512
2.873159170150757,211,515,512,512
2.873159170150757,211,515,512,512
2.888822555541992,210,515,512,512
2.8899314403533936,210,516,512,512
2.8909571170806885,210,515,512,512
2.891716480255127,210,515,512,512
2.892582654953003,210,515,512,512
2.8930575847625732,210,515,512,512
2.8940746784210205,210,515,512,512
2.8950674533843994,210,515,512,512
2.8960676193237305,210,516,512,512
2.8960676193237305,210,516,512,512
2.8977067470550537,210,515,512,512
2.8977067470550537,211,516,512,512
2.8989899158477783,211,516,512,512
2.8999874591827393,211,516,512,512
2.900987148284912,212,517,512,512
2.9019877910614014,213,517,512,512
2.9019877910614014,213,517,512,512
2.902986764907837,214,517,512,512
2.9039883613586426,214,517,512,512
2.9049882888793945,215,517,512,512
2.905988931655884,215,517,512,512
2.9069888591766357,216,517,512,512
2.9069888591766357,217,517,512,512
2.9079887866973877,218,517,512,512
2.909641981124878,218,517,512,512
2.909891366958618,219,517,512,512
2.910903215408325,220,517,512,512
2.9119033813476562,221,518,512,512
2.912903308868408,221,518,512,512
2.913908004760742,222,518,512,512
2.915199041366577,223,518,512,512
2.915199041366577,224,518,512,512
2.9162142276763916,225,518,512,512
2.9172117710113525,226,518,512,512
2.9172117710113525,227,518,512,512
2.9182112216949463,228,518,512,512
2.919210910797119,229,518,512,512
2.920212745666504,230,518,512,512
2.9212124347686768,231,517,512,512
2.9222121238708496,232,518,512,512
2.9222121238708496,233,517,512,512
2.924211025238037,233,517,512,512
2.924211025238037,234,518,512,512
2.925210475921631,235,518,512,512
2.9267423152923584,236,517,512,512
2.9272546768188477,236,517,512,512
2.9282681941986084,237,517,512,512
2.9292678833007812,238,517,512,512
2.9302682876586914,239,517,512,512
2.9302682876586914,240,517,512,512
2.9302682876586914,241,517,512,512
2.9302682876586914,241,517,512,512
2.9302682876586914,242,516,512,512
2.9302682876586914,242,516,512,512
2.9302682876586914,243,516,512,512
2.9302682876586914,243,516,512,512
2.9302682876586914,243,516,512,512
2.9302682876586914,244,516,512,512
2.9302682876586914,244,516,512,512
2.9302682876586914,244,515,512,512
2.9302682876586914,244,515,512,512
2.9302682876586914,244,515,512,512
2.9302682876586914,245,516,512,512
2.9302682876586914,245,516,512,512
2.9302682876586914,244,516,512,512
2.9302682876586914,244,515,512,512
2.9302682876586914,244,515,512,512
2.9459500312805176,244,515,512,512
2.9459500312805176,244,514,512,512
2.9459500312805176,244,514,512,512
2.9459500312805176,243,515,512,512
2.9459500312805176,243,515,512,512
2.9459500312805176,242,515,512,512
2.9459500312805176,242,515,512,512
2.9459500312805176,241,515,512,512
2.9459500312805176,241,515,512,512
2.9459500312805176,240,514,512,512
2.9459500312805176,240,514,512,512
2.9459500312805176,239,514,512,512
2.9459500312805176,238,514,512,512
2.9459500312805176,237,514,512,512
2.9459500312805176,237,514,512,512
2.9459500312805176,236,514,512,512
2.9459500312805176,235,514,512,512
2.9459500312805176,234,514,512,512
2.9459500312805176,233,514,512,512
2.961716651916504,232,514,512,512
2.961716651916504,231,513,512,512
2.961716651916504,231,513,512,512
2.961716651916504,230,513,512,512
2.961716651916504,229,513,512,512
2.961716651916504,229,514,512,512
2.961716651916504,228,514,512,512
2.961716651916504,227,514,512,512
2.961716651916504,226,514,512,512
2.961716651916504,225,514,512,512
2.961716651916504,224,514,512,512
2.961716651916504,223,514,512,512
2.961716651916504,223,514,512,512
2.961716651916504,222,514,512,512
2.961716651916504,221,514,512,512
2.961716651916504,220,513,512,512
2.961716651916504,219,513,512,512
2.961716651916504,219,514,512,512
2.9773638248443604,218,513,512,512
2.9773638248443604,217,513,512,512
2.9773638248443604,217,514,512,512
2.9773638248443604,216,514,512,512
2.9773638248443604,215,514,512,512
2.9773638248443604,215,514,512,512
2.9773638248443604,215,514,512,512
2.9773638248443604,214,514,512,512
2.9773638248443604,214,515,512,512
2.9773638248443604,213,515,512,512
2.9773638248443604,213,515,512,512
2.9773638248443604,213,515,512,512
2.9773638248443604,213,515,512,512
2.9773638248443604,212,515,512,512
2.9773638248443604,212,515,512,512
2.9773638248443604,212,515,512,512
2.9773638248443604,212,516,512,512
2.9773638248443604,212,516,512,512
2.9930853843688965,212,515,512,512
2.9930853843688965,212,516,512,512
2.9930853843688965,212,516,512,512
2.9930853843688965,212,516,512,512
2.9930853843688965,213,516,512,512
2.9930853843688965,213,516,512,512
2.9930853843688965,213,516,512,512
2.9930853843688965,213,516,512,512
2.9930853843688965,214,516,512,512
2.9930853843688965,214,517,512,512
2.9930853843688965,214,517,512,512
2.9930853843688965,215,517,512,512
2.9930853843688965,215,517,512,512
2.9930853843688965,216,517,512,512
2.9930853843688965,216,517,512,512
2.9930853843688965,217,517,512,512
2.9930853843688965,217,517,512,512
2.9930853843688965,218,517,512,512
2.9930853843688965,219,517,512,512
3.00876784324646,219,517,512,512
3.00876784324646,220,518,512,512
3.0109469890594482,221,517,512,512
3.011202812194824,222,518,512,512
3.011202812194824,222,518,512,512
3.011202812194824,223,518,512,512
3.011202812194824,224,517,512,512
3.011202812194824,225,518,512,512
3.011202812194824,226,517,512,512
3.011202812194824,227,517,512,512
3.011202812194824,227,517,512,512
3.011202812194824,228,517,512,512
3.011202812194824,229,516,512,512
3.011202812194824,230,516,512,512
3.011202812194824,231,517,512,512
3.011202812194824,231,517,512,512
3.011202812194824,232,517,512,512
3.011202812194824,233,517,512,512
3.024475336074829,234,517,512,512
3.024475336074829,234,517,512,512
3.024475336074829,235,517,512,512
3.024475336074829,236,517,512,512
3.024475336074829,237,517,512,512
3.024475336074829,237,517,512,512
3.024475336074829,238,517,512,512
3.024475336074829,238,517,512,512
3.024475336074829,239,517,512,512
3.024475336074829,239,516,512,512
3.024475336074829,240,517,512,512
3.024475336074829,240,517,512,512
3.024475336074829,241,516,512,512
3.024475336074829,241,516,512,512
3.024475336074829,242,516,512,512
3.024475336074829,242,516,512,512
3.024475336074829,242,516,512,512
3.024475336074829,242,516,512,512
3.024475336074829,242,516,512,512
3.0401298999786377,242,516,512,512
3.0401298999786377,242,515,512,512
3.0401298999786377,242,515,512,512
3.0401298999786377,242,515,512,512
3.0401298999786377,242,515,512,512
3.0401298999786377,242,515,512,512
3.0401298999786377,242,516,512,512
3.0401298999786377,242,515,512,512
3.0401298999786377,242,515,512,512
3.0401298999786377,241,515,512,512
3.0401298999786377,241,515,512,512
3.0401298999786377,241,514,512,512
3.0401298999786377,240,515,512,512
3.0401298999786377,240,515,512,512
3.0401298999786377,239,514,512,512
3.0401298999786377,239,514,512,512
3.0401298999786377,238,514,512,512
3.0401298999786377,238,514,512,512
3.0558724403381348,237,514,512,512
3.0558724403381348,236,514,512,512
3.0571982860565186,236,514,512,512
3.0578863620758057,235,514,512,512
3.059105157852173,234,513,512,512
3.060103178024292,233,513,512,512
3.060103178024292,232,513,512,512
3.061100959777832,232,513,512,512
3.0621001720428467,231,514,512,512
3.0634257793426514,230,514,512,512
3.064645767211914,230,514,512,512
3.064645767211914,229,514,512,512
3.065645933151245,228,514,512,512
3.0666441917419434,227,514,512,512
3.0678558349609375,226,513,512,512
3.06811785697937,226,514,512,512
3.069125175476074,225,514,512,512
3.070125102996826,224,514,512,512
3.071124792098999,223,513,512,512
3.07212495803833,223,513,512,512
3.07212495803833,222,514,512,512
3.0731253623962402,221,514,512,512
3.0741262435913086,221,513,512,512
3.0751283168792725,220,514,512,512
3.076127767562866,220,514,512,512
3.0771284103393555,219,514,512,512
3.0771284103393555,218,514,512,512
3.07812762260437,218,514,512,512
3.0791268348693848,217,514,512,512
3.0801284313201904,217,514,512,512
3.0801284313201904,216,515,512,512
3.0801284313201904,216,514,512,512
3.0801284313201904,216,514,512,512
3.0801284313201904,215,514,512,512
3.0801284313201904,215,514,512,512
3.0801284313201904,214,514,512,512
3.0801284313201904,214,515,512,512
3.0801284313201904,214,515,512,512
3.0801284313201904,214,515,512,512
3.0801284313201904,214,515,512,512
3.0801284313201904,214,515,512,512
3.0801284313201904,214,515,512,512
3.0801284313201904,214,515,512,512
3.0801284313201904,214,515,512,512
3.0801284313201904,214,516,512,512
3.0801284313201904,214,516,512,512
3.0801284313201904,214,516,512,512
3.095942735671997,215,516,512,512
3.095942735671997,215,515,512,512
3.095942735671997,215,515,512,512
3.095942735671997,215,515,512,512
3.095942735671997,216,516,512,512
3.095942735671997,216,516,512,512
3.095942735671997,216,516,512,512
3.095942735671997,216,516,512,512
3.095942735671997,217,516,512,512
3.095942735671997,217,516,512,512
3.095942735671997,218,516,512,512
3.095942735671997,219,517,512,512
3.095942735671997,219,517,512,512
3.095942735671997,220,516,512,512
3.095942735671997,220,516,512,512
3.095942735671997,221,516,512,512
3.095942735671997,221,516,512,512
3.095942735671997,222,517,512,512
3.095942735671997,223,517,512,512
3.111828088760376,223,517,512,512
3.111828088760376,224,517,512,512
3.111828088760376,225,517,512,512
3.111828088760376,225,517,512,512
3.111828088760376,226,517,512,512
3.111828088760376,227,517,512,512
3.111828088760376,228,517,512,512
3.111828088760376,229,517,512,512
3.111828088760376,230,517,512,512
3.111828088760376,231,517,512,512
3.111828088760376,231,517,512,512
3.111828088760376,232,517,512,512
3.111828088760376,233,516,512,512
3.111828088760376,233,517,512,512
3.111828088760376,234,517,512,512
3.111828088760376,234,516,512,512
3.111828088760376,235,516,512,512
3.111828088760376,236,516,512,512
3.111828088760376,236,516,512,512
3.127814292907715,237,516,512,512
3.127814292907715,237,516,512,512
3.129828929901123,238,516,512,512
3.129828929901123,238,516,512,512
3.129828929901123,238,516,512,512
3.129828929901123,239,516,512,512
3.129828929901123,239,516,512,512
3.129828929901123,240,516,512,512
3.129828929901123,240,516,512,512
3.129828929901123,240,516,512,512
3.129828929901123,241,515,512,512
3.129828929901123,241,515,512,512
3.129828929901123,241,515,512,512
3.129828929901123,241,515,512,512
3.129828929901123,241,515,512,512
3.129828929901123,241,515,512,512
3.129828929901123,241,515,512,512
3.129828929901123,241,514,512,512
3.1436870098114014,241,514,512,512
3.1436870098114014,241,515,512,512
3.1436870098114014,240,515,512,512
3.1436870098114014,240,514,512,512
3.1436870098114014,240,515,512,512
3.1436870098114014,240,515,512,512
3.1436870098114014,239,514,512,512
3.1436870098114014,239,514,512,512
3.1436870098114014,239,514,512,512
3.1436870098114014,238,514,512,512
3.1436870098114014,238,514,512,512
3.1436870098114014,237,514,512,512
3.1436870098114014,236,514,512,512
3.1436870098114014,236,514,512,512
3.1436870098114014,235,514,512,512
3.1436870098114014,235,514,512,512
3.1436870098114014,234,514,512,512
3.1436870098114014,234,514,512,512
3.1436870098114014,233,514,512,512
3.1594929695129395,233,514,512,512
3.1605162620544434,232,513,512,512
3.1612703800201416,231,513,512,512
3.1612703800201416,230,513,512,512
3.1612703800201416,230,513,512,512
3.1612703800201416,229,513,512,512
3.1612703800201416,228,514,512,512
3.1612703800201416,228,514,512,512
3.1612703800201416,227,514,512,512
3.1612703800201416,226,513,512,512
3.1612703800201416,226,514,512,512
3.1612703800201416,225,513,512,512
3.1612703800201416,224,513,512,512
3.1612703800201416,224,514,512,512
3.1612703800201416,223,514,512,512
3.1612703800201416,222,514,512,512
3.1612703800201416,221,514,512,512
3.1612703800201416,221,514,512,512
3.1612703800201416,220,514,512,512
3.175375461578369,220,514,512,512
3.175375461578369,220,514,512,512
3.175375461578369,220,514,512,512
3.175375461578369,219,514,512,512
3.175375461578369,219,514,512,512
3.175375461578369,218,514,512,512
3.175375461578369,218,514,512,512
3.175375461578369,217,514,512,512
3.175375461578369,217,514,512,512
3.175375461578369,217,515,512,512
3.175375461578369,216,515,512,512
3.175375461578369,216,515,512,512
3.175375461578369,216,515,512,512
3.175375461578369,216,515,512,512
3.175375461578369,216,515,512,512
3.175375461578369,215,515,512,512
3.175375461578369,215,515,512,512
3.175375461578369,215,515,512,512
3.1910905838012695,216,515,512,512
3.1910905838012695,216,515,512,512
3.1910905838012695,216,515,512,512
3.1910905838012695,216,515,512,512
3.1910905838012695,216,516,512,512
3.1910905838012695,216,516,512,512
3.1910905838012695,216,516,512,512
3.1910905838012695,217,516,512,512
3.1910905838012695,217,516,512,512
3.1910905838012695,217,516,512,512
3.1910905838012695,217,516,512,512
3.1910905838012695,217,516,512,512
3.1910905838012695,218,516,512,512
3.1910905838012695,219,516,512,512
3.1910905838012695,219,516,512,512
3.1910905838012695,220,516,512,512
3.1910905838012695,220,516,512,512
3.1910905838012695,221,516,512,512
3.1910905838012695,221,517,512,512
3.2067759037017822,222,517,512,512
3.208209276199341,222,517,512,512
3.2089767456054688,223,517,512,512
3.2089767456054688,223,517,512,512
3.2089767456054688,224,517,512,512
3.2089767456054688,225,516,512,512
3.2089767456054688,225,516,512,512
3.2089767456054688,226,517,512,512
3.2089767456054688,226,516,512,512
3.2089767456054688,227,516,512,512
3.2089767456054688,228,516,512,512
3.2089767456054688,228,517,512,512
3.2089767456054688,229,516,512,512
3.2089767456054688,230,516,512,512
3.2089767456054688,230,516,512,512
3.2089767456054688,231,516,512,512
3.2089767456054688,231,516,512,512
3.2089767456054688,232,516,512,512
3.222503185272217,233,516,512,512
3.223651885986328,233,516,512,512
3.224092483520508,234,516,512,512
3.224092483520508,234,516,512,512
3.224092483520508,235,516,512,512
3.224092483520508,235,516,512,512
3.224092483520508,236,516,512,512
3.224092483520508,236,516,512,512
3.224092483520508,237,516,512,512
3.230147123336792,237,516,512,512
3.2309091091156006,238,516,512,512
3.2309091091156006,238,516,512,512
3.2320468425750732,238,516,512,512
3.233043909072876,238,515,512,512
3.234043598175049,239,516,512,512
3.2350447177886963,239,515,512,512
3.236041784286499,239,515,512,512
3.237163782119751,239,516,512,512
3.2380683422088623,239,516,512,512
3.2380683422088623,239,515,512,512
3.2390778064727783,239,515,512,512
3.240077495574951,239,515,512,512
3.2410778999328613,239,515,512,512
3.2420778274536133,239,515,512,512
3.2430777549743652,239,515,512,512
3.2430777549743652,239,515,512,512
3.2440786361694336,239,515,512,512
3.2450785636901855,238,514,512,512
3.246079921722412,238,514,512,512
3.2470810413360596,238,514,512,512
3.2479324340820312,238,514,512,512
3.2479324340820312,237,514,512,512
3.249114513397217,237,515,512,512
3.250112771987915,236,514,512,512
3.251110553741455,236,514,512,512
3.2521121501922607,235,514,512,512
3.2531120777130127,235,514,512,512
3.254157304763794,235,514,512,512
3.254927158355713,234,514,512,512
3.2559359073638916,234,515,512,512
3.2559359073638916,233,514,512,512
3.2569379806518555,233,514,512,512
3.2579379081726074,232,514,512,512
3.2589385509490967,232,513,512,512
3.2599387168884277,231,513,512,512
3.260938882827759,231,514,512,512
3.260938882827759,230,514,512,512
3.261939525604248,229,513,512,512
3.2629387378692627,229,513,512,512
3.263939380645752,228,514,512,512
3.263939380645752,227,513,512,512
3.263939380645752,227,514,512,512
3.263939380645752,226,514,512,512
3.263939380645752,226,514,512,512
3.263939380645752,225,514,512,512
3.263939380645752,224,514,512,512
3.263939380645752,224,514,512,512
3.263939380645752,223,514,512,512
3.263939380645752,223,514,512,512
3.263939380645752,222,514,512,512
3.263939380645752,222,514,512,512
3.263939380645752,221,514,512,512
3.263939380645752,221,514,512,512
3.263939380645752,220,514,512,512
3.263939380645752,220,514,512,512
3.263939380645752,219,514,512,512
3.263939380645752,219,515,512,512
3.279676914215088,219,515,512,512
3.279676914215088,219,514,512,512
3.279676914215088,218,514,512,512
3.279676914215088,218,515,512,512
3.279676914215088,218,514,512,512
3.279676914215088,217,515,512,512
3.279676914215088,217,515,512,512
3.279676914215088,217,515,512,512
3.279676914215088,217,515,512,512
3.279676914215088,217,515,512,512
3.279676914215088,217,515,512,512
3.279676914215088,217,515,512,512
3.279676914215088,217,515,512,512
3.279676914215088,217,515,512,512
3.279676914215088,217,516,512,512
3.279676914215088,217,516,512,512
3.279676914215088,217,515,512,512
3.279676914215088,217,516,512,512
3.279676914215088,217,516,512,512
3.2953248023986816,217,516,512,512
3.2962734699249268,218,516,512,512
3.2962734699249268,218,516,512,512
3.2962734699249268,218,516,512,512
3.2962734699249268,219,516,512,512
3.2962734699249268,219,516,512,512
3.2962734699249268,219,516,512,512
3.2962734699249268,220,516,512,512
3.2962734699249268,220,516,512,512
3.2962734699249268,220,516,512,512
3.2962734699249268,221,516,512,512
3.2962734699249268,221,516,512,512
3.2962734699249268,222,516,512,512
3.2962734699249268,222,516,512,512
3.2962734699249268,223,516,512,512
3.2962734699249268,223,516,512,512
3.2962734699249268,224,516,512,512
3.2962734699249268,224,516,512,512
3.311082124710083,225,516,512,512
3.311082124710083,226,516,512,512
3.311082124710083,226,516,512,512
3.311082124710083,227,516,512,512
3.311082124710083,227,517,512,512
3.311082124710083,228,517,512,512
3.311082124710083,229,517,512,512
3.311082124710083,229,516,512,512
3.311082124710083,230,516,512,512
3.311082124710083,230,516,512,512
3.311082124710083,231,516,512,512
3.311082124710083,231,516,512,512
3.311082124710083,232,517,512,512
3.311082124710083,232,516,512,512
3.311082124710083,233,516,512,512
3.311082124710083,233,516,512,512
3.311082124710083,234,516,512,512
3.311082124710083,234,516,512,512
3.311082124710083,235,516,512,512
3.3270621299743652,235,516,512,512
3.327918529510498,236,516,512,512
3.327918529510498,236,516,512,512
3.327918529510498,236,516,512,512
3.327918529510498,237,516,512,512
3.327918529510498,237,516,512,512
3.327918529510498,237,516,512,512
3.327918529510498,237,516,512,512
3.327918529510498,238,516,512,512
3.327918529510498,238,515,512,512
3.327918529510498,238,515,512,512
3.327918529510498,238,515,512,512
3.327918529510498,238,515,512,512
3.327918529510498,238,515,512,512
3.327918529510498,238,516,512,512
3.327918529510498,238,515,512,512
3.327918529510498,238,515,512,512
3.327918529510498,238,515,512,512
3.34270977973938,238,515,512,512
3.34270977973938,238,514,512,512
3.34270977973938,237,514,512,512
3.34270977973938,237,515,512,512
3.34270977973938,237,515,512,512
3.34270977973938,237,514,512,512
3.34270977973938,236,515,512,512
3.34270977973938,236,515,512,512
3.34270977973938,236,514,512,512
3.34270977973938,235,514,512,512
3.34270977973938,235,515,512,512
3.34270977973938,235,515,512,512
3.34270977973938,234,514,512,512
3.34270977973938,234,514,512,512
3.34270977973938,233,514,512,512
3.34270977973938,233,514,512,512
3.34270977973938,232,514,512,512
3.34270977973938,232,514,512,512
3.34270977973938,231,514,512,512
3.3583858013153076,231,514,512,512
3.3583858013153076,230,514,512,512
3.3583858013153076,229,514,512,512
3.3583858013153076,229,514,512,512
3.3583858013153076,229,514,512,512
3.3583858013153076,228,514,512,512
3.3583858013153076,228,514,512,512
3.3583858013153076,227,514,512,512
3.3583858013153076,226,514,512,512
3.3583858013153076,226,514,512,512
3.3583858013153076,225,514,512,512
3.3583858013153076,225,514,512,512
3.3583858013153076,224,514,512,512
3.3583858013153076,224,515,512,512
3.3583858013153076,224,514,512,512
3.3583858013153076,223,514,512,512
3.3583858013153076,223,514,512,512
3.3583858013153076,222,514,512,512
3.3741047382354736,222,514,512,512
3.3741047382354736,221,514,512,512
3.3758704662323,221,515,512,512
3.3764004707336426,220,515,512,512
3.3764004707336426,220,515,512,512
3.3764004707336426,220,515,512,512
3.3764004707336426,220,515,512,512
3.3764004707336426,219,514,512,512
3.3764004707336426,219,515,512,512
3.3764004707336426,219,515,512,512
3.3764004707336426,219,514,512,512
3.3764004707336426,219,514,512,512
3.3764004707336426,218,515,512,512
3.3764004707336426,218,515,512,512
3.3764004707336426,218,515,512,512
3.3764004707336426,218,515,512,512
3.3764004707336426,218,516,512,512
3.3764004707336426,218,516,512,512
3.3764004707336426,218,515,512,512
3.389983892440796,218,515,512,512
3.389983892440796,218,515,512,512
3.3915534019470215,218,515,512,512
3.392573118209839,218,515,512,512
3.393479108810425,218,516,512,512
3.393479108810425,218,516,512,512
3.394561529159546,219,516,512,512
3.396559953689575,219,516,512,512
3.396868944168091,219,516,512,512
3.39725399017334,220,516,512,512
3.3985233306884766,220,516,512,512
3.3995208740234375,220,516,512,512
3.3995208740234375,221,516,512,512
3.4005210399627686,221,516,512,512
3.4015204906463623,221,516,512,512
3.402520179748535,222,516,512,512
3.403520107269287,222,516,512,512
3.404519557952881,222,516,512,512
3.405520439147949,223,516,512,512
3.406519889831543,223,516,512,512
3.407005786895752,224,516,512,512
3.4080121517181396,224,516,512,512
3.408952236175537,225,516,512,512
3.408952236175537,225,516,512,512
3.4099807739257812,226,516,512,512
3.4110095500946045,226,517,512,512
3.411966562271118,227,517,512,512
3.4129648208618164,227,516,512,512
3.4134042263031006,228,516,512,512
3.414649724960327,228,516,512,512
3.415646553039551,229,516,512,512
3.4166481494903564,229,516,512,512
3.4166481494903564,230,517,512,512
3.417647361755371,230,517,512,512
3.4186477661132812,231,516,512,512
3.4196484088897705,231,516,512,512
3.4206583499908447,231,516,512,512
3.421649217605591,232,516,512,512
3.421649217605591,233,516,512,512
3.4226620197296143,233,516,512,512
3.423651695251465,233,516,512,512
3.424724578857422,234,515,512,512
3.4258878231048584,234,515,512,512
3.426137685775757,234,516,512,512
3.427152633666992,235,515,512,512
3.4281482696533203,235,516,512,512
3.4291493892669678,235,516,512,512
3.4301538467407227,236,516,512,512
3.4311537742614746,236,516,512,512
3.4311537742614746,236,516,512,512
3.4311537742614746,236,516,512,512
3.4311537742614746,237,515,512,512
3.4311537742614746,237,515,512,512
3.4311537742614746,237,516,512,512
3.4311537742614746,237,516,512,512
3.4311537742614746,237,515,512,512
3.4311537742614746,237,515,512,512
3.4311537742614746,237,515,512,512
3.4311537742614746,237,515,512,512
3.4311537742614746,237,515,512,512
3.4311537742614746,237,515,512,512
3.4311537742614746,236,515,512,512
3.4311537742614746,236,515,512,512
3.4311537742614746,236,515,512,512
3.4311537742614746,236,515,512,512
3.4311537742614746,236,515,512,512
3.4311537742614746,236,515,512,512
3.446824789047241,235,515,512,512
3.446824789047241,235,515,512,512
3.446824789047241,235,515,512,512
3.446824789047241,234,515,512,512
3.446824789047241,234,515,512,512
3.446824789047241,233,514,512,512
3.446824789047241,233,514,512,512
3.446824789047241,233,515,512,512
3.446824789047241,232,514,512,512
3.446824789047241,232,514,512,512
3.446824789047241,232,514,512,512
3.446824789047241,231,514,512,512
3.446824789047241,231,514,512,512
3.446824789047241,230,514,512,512
3.446824789047241,230,514,512,512
3.446824789047241,229,514,512,512
3.446824789047241,229,514,512,512
3.446824789047241,229,514,512,512
3.4626517295837402,228,514,512,512
3.4626517295837402,228,513,512,512
3.4626517295837402,227,514,512,512
3.4626517295837402,227,514,512,512
3.4626517295837402,226,514,512,512
3.4626517295837402,225,513,512,512
3.4626517295837402,225,514,512,512
3.4626517295837402,224,514,512,512
3.4626517295837402,224,514,512,512
3.4626517295837402,224,514,512,512
3.4626517295837402,223,515,512,512
3.4626517295837402,223,515,512,512
3.4626517295837402,222,515,512,512
3.4626517295837402,222,514,512,512
3.4626517295837402,222,514,512,512
3.4626517295837402,221,514,512,512
3.4626517295837402,221,514,512,512
3.4626517295837402,221,515,512,512
3.4626517295837402,220,515,512,512
3.478400945663452,220,515,512,512
3.478400945663452,220,514,512,512
3.478400945663452,220,515,512,512
3.478400945663452,220,515,512,512
3.478400945663452,219,515,512,512
3.478400945663452,219,515,512,512
3.478400945663452,219,515,512,512
3.478400945663452,219,515,512,512
3.478400945663452,219,515,512,512
3.478400945663452,219,515,512,512
3.478400945663452,219,515,512,512
3.478400945663452,219,515,512,512
3.478400945663452,219,515,512,512
3.478400945663452,219,516,512,512
3.478400945663452,219,516,512,512
3.478400945663452,219,516,512,512
3.478400945663452,219,516,512,512
3.478400945663452,219,516,512,512
3.4940576553344727,220,516,512,512
3.4940576553344727,220,516,512,512
3.4940576553344727,220,516,512,512
3.4940576553344727,220,516,512,512
3.4940576553344727,221,516,512,512
3.4940576553344727,221,516,512,512
3.4940576553344727,221,517,512,512
3.4940576553344727,221,516,512,512
3.4940576553344727,222,517,512,512
3.4940576553344727,222,517,512,512
3.4940576553344727,222,517,512,512
3.4940576553344727,223,516,512,512
3.4940576553344727,223,516,512,512
3.4940576553344727,223,516,512,512
3.4940576553344727,224,516,512,512
3.4940576553344727,224,516,512,512
3.4940576553344727,225,516,512,512
3.4940576553344727,225,516,512,512
3.4940576553344727,225,516,512,512
3.5097849369049072,226,516,512,512
3.5097849369049072,226,516,512,512
3.5097849369049072,226,516,512,512
3.5097849369049072,227,517,512,512
3.5097849369049072,228,517,512,512
3.5097849369049072,228,517,512,512
3.5097849369049072,228,516,512,512
3.5097849369049072,229,516,512,512
3.5097849369049072,229,516,512,512
3.5097849369049072,229,516,512,512
3.5097849369049072,230,516,512,512
3.5097849369049072,230,516,512,512
3.5097849369049072,231,516,512,512
3.5097849369049072,231,516,512,512
3.5097849369049072,232,516,512,512
3.5097849369049072,232,516,512,512
3.5097849369049072,232,516,512,512
3.5097849369049072,233,516,512,512
3.5254323482513428,233,517,512,512
3.5254323482513428,233,516,512,512
3.5254323482513428,234,516,512,512
3.5279722213745117,234,516,512,512
3.528228282928467,234,516,512,512
3.528228282928467,234,516,512,512
3.528228282928467,234,516,512,512
3.528228282928467,235,516,512,512
3.528228282928467,235,516,512,512
3.528228282928467,235,516,512,512
3.528228282928467,235,516,512,512
3.528228282928467,235,516,512,512
3.528228282928467,235,515,512,512
3.528228282928467,235,515,512,512
3.528228282928467,235,516,512,512
3.528228282928467,235,516,512,512
3.528228282928467,235,515,512,512
3.528228282928467,235,515,512,512
3.528228282928467,235,515,512,512
3.54109787940979,235,515,512,512
3.54109787940979,235,515,512,512
3.54109787940979,235,515,512,512
3.54109787940979,234,515,512,512
3.54109787940979,234,514,512,512
3.54109787940979,234,515,512,512
3.54109787940979,234,514,512,512
3.54109787940979,233,515,512,512
3.54109787940979,233,515,512,512
3.54109787940979,233,515,512,512
3.54109787940979,233,515,512,512
3.54109787940979,232,515,512,512
3.54109787940979,232,515,512,512
3.54109787940979,232,515,512,512
3.54109787940979,231,515,512,512
3.54109787940979,231,515,512,512
3.54109787940979,230,515,512,512
3.54109787940979,230,515,512,512
3.5567939281463623,229,515,512,512
3.5567939281463623,229,515,512,512
3.558338165283203,229,515,512,512
3.5591654777526855,228,514,512,512
3.560180187225342,228,515,512,512
3.561175584793091,228,515,512,512
3.5621769428253174,227,515,512,512
3.5621769428253174,226,515,512,512
3.5631866455078125,226,515,512,512
3.5641591548919678,226,515,512,512
3.5653600692749023,225,514,512,512
3.5653600692749023,225,515,512,512
3.5663578510284424,225,515,512,512
3.5673575401306152,224,515,512,512
3.5683584213256836,224,515,512,512
3.569359302520752,224,514,512,512
3.570357322692871,223,515,512,512
3.5713586807250977,223,514,512,512
3.5723605155944824,222,515,512,512
3.5723605155944824,222,515,512,512
3.5733606815338135,222,515,512,512
3.5743606090545654,221,515,512,512
3.5753610134124756,221,515,512,512
3.5763604640960693,221,515,512,512
3.577361822128296,221,515,512,512
3.577361822128296,220,515,512,512
3.578359603881836,220,515,512,512
3.5793609619140625,220,515,512,512
3.5803630352020264,220,515,512,512
3.5803630352020264,220,515,512,512
3.5803630352020264,220,515,512,512
3.5803630352020264,220,515,512,512
3.5803630352020264,220,515,512,512
3.5803630352020264,220,515,512,512
3.5803630352020264,220,515,512,512
3.5803630352020264,220,515,512,512
3.5803630352020264,220,515,512,512
3.5803630352020264,220,515,512,512
3.5803630352020264,220,515,512,512
3.5803630352020264,220,515,512,512
3.5803630352020264,220,516,512,512
3.5803630352020264,220,516,512,512
3.5803630352020264,220,516,512,512
3.5803630352020264,220,516,512,512
3.5803630352020264,221,516,512,512
3.5803630352020264,221,516,512,512
3.5961198806762695,221,516,512,512
3.5961198806762695,221,516,512,512
3.5961198806762695,221,516,512,512
3.5961198806762695,222,516,512,512
3.5961198806762695,222,516,512,512
3.5961198806762695,222,516,512,512
3.5961198806762695,222,516,512,512
3.5961198806762695,223,516,512,512
3.5961198806762695,223,516,512,512
3.5961198806762695,224,516,512,512
3.5961198806762695,224,516,512,512
3.5961198806762695,224,516,512,512
3.5961198806762695,225,516,512,512
3.5961198806762695,225,516,512,512
3.5961198806762695,225,516,512,512
3.5961198806762695,225,516,512,512
3.5961198806762695,226,517,512,512
3.5961198806762695,226,516,512,512
3.5961198806762695,227,516,512,512
3.612004518508911,227,516,512,512
3.612004518508911,227,516,512,512
3.612004518508911,228,516,512,512
3.612004518508911,228,516,512,512
3.612004518508911,229,517,512,512
3.612004518508911,229,516,512,512
3.612004518508911,230,516,512,512
3.612004518508911,230,516,512,512
3.612004518508911,230,516,512,512
3.612004518508911,231,516,512,512
3.612004518508911,231,517,512,512
3.612004518508911,231,517,512,512
3.612004518508911,232,516,512,512
3.612004518508911,232,516,512,512
3.612004518508911,232,516,512,512
3.612004518508911,232,516,512,512
3.612004518508911,233,515,512,512
3.612004518508911,233,516,512,512
3.612004518508911,233,516,512,512
3.6277780532836914,233,516,512,512
3.629283905029297,233,515,512,512
3.6296355724334717,233,515,512,512
3.6296355724334717,234,516,512,512
3.6296355724334717,234,516,512,512
3.6296355724334717,234,516,512,512
3.6296355724334717,234,516,512,512
3.6296355724334717,234,516,512,512
3.6296355724334717,234,515,512,512
3.6296355724334717,234,515,512,512
3.6296355724334717,234,515,512,512
3.6296355724334717,234,515,512,512
3.6296355724334717,234,515,512,512
3.6296355724334717,234,516,512,512
3.6296355724334717,234,515,512,512
3.6296355724334717,234,515,512,512
3.6296355724334717,234,515,512,512
3.6296355724334717,233,515,512,512
3.6434576511383057,233,515,512,512
3.6434576511383057,233,515,512,512
3.6434576511383057,233,515,512,512
3.6434576511383057,233,515,512,512
3.6434576511383057,233,515,512,512
3.6434576511383057,232,515,512,512
3.6434576511383057,232,515,512,512
3.6434576511383057,232,515,512,512
3.6434576511383057,231,515,512,512
3.6434576511383057,231,515,512,512
3.6434576511383057,231,515,512,512
3.6434576511383057,231,514,512,512
3.6434576511383057,230,515,512,512
3.6434576511383057,230,515,512,512
3.6434576511383057,230,515,512,512
3.6434576511383057,229,515,512,512
3.6434576511383057,229,515,512,512
3.6434576511383057,228,515,512,512
3.659133195877075,228,515,512,512
3.659133195877075,228,514,512,512
3.660679817199707,227,515,512,512
3.6614396572113037,227,515,512,512
3.6614396572113037,227,515,512,512
3.6614396572113037,226,515,512,512
3.6614396572113037,226,515,512,512
3.6614396572113037,226,514,512,512
3.6614396572113037,225,514,512,512
3.6614396572113037,225,514,512,512
3.6614396572113037,224,514,512,512
3.6614396572113037,224,514,512,512
3.6614396572113037,224,514,512,512
3.6614396572113037,223,514,512,512
3.6614396572113037,223,514,512,512
3.6614396572113037,223,515,512,512
3.6614396572113037,223,515,512,512
3.6614396572113037,222,515,512,512
3.6614396572113037,222,515,512,512
3.6748206615448,222,515,512,512
3.6748206615448,222,515,512,512
3.6748206615448,221,515,512,512
3.6748206615448,221,515,512,512
3.6748206615448,221,515,512,512
3.6748206615448,221,515,512,512
3.6748206615448,221,515,512,512
3.6748206615448,221,516,512,512
3.6748206615448,221,516,512,512
3.6748206615448,221,515,512,512
3.6748206615448,221,515,512,512
3.6748206615448,221,515,512,512
3.6748206615448,221,515,512,512
3.6748206615448,221,515,512,512
3.6748206615448,221,516,512,512
3.6748206615448,221,516,512,512
3.6748206615448,221,515,512,512
3.6748206615448,221,515,512,512
3.690554141998291,221,516,512,512
3.690554141998291,221,516,512,512
3.692318916320801,221,516,512,512
3.692817449569702,221,516,512,512
3.692817449569702,221,516,512,512
3.692817449569702,222,516,512,512
3.692817449569702,222,516,512,512
3.692817449569702,222,516,512,512
3.692817449569702,222,515,512,512
3.692817449569702,222,516,512,512
3.692817449569702,223,516,512,512
3.692817449569702,223,516,512,512
3.692817449569702,223,516,512,512
3.692817449569702,224,516,512,512
3.692817449569702,224,516,512,512
3.692817449569702,224,516,512,512
3.692817449569702,224,516,512,512
3.692817449569702,225,516,512,512
3.692817449569702,225,516,512,512
3.7064313888549805,225,516,512,512
3.7064313888549805,226,516,512,512
3.7064313888549805,226,516,512,512
3.7064313888549805,226,516,512,512
3.7064313888549805,226,516,512,512
3.7064313888549805,227,516,512,512
3.7064313888549805,227,516,512,512
3.7064313888549805,228,516,512,512
3.7064313888549805,228,516,512,512
3.7064313888549805,228,516,512,512
3.7064313888549805,229,516,512,512
3.7064313888549805,229,516,512,512
3.7064313888549805,229,516,512,512
3.7064313888549805,230,516,512,512
3.7064313888549805,230,516,512,512
3.7064313888549805,230,516,512,512
3.7064313888549805,231,516,512,512
3.7064313888549805,231,516,512,512
3.7064313888549805,231,516,512,512
3.722196578979492,232,516,512,512
3.722196578979492,232,516,512,512
3.722196578979492,232,516,512,512
3.722196578979492,232,516,512,512
3.722196578979492,232,516,512,512
3.722196578979492,232,516,512,512
3.722196578979492,233,516,512,512
3.722196578979492,233,516,512,512
3.722196578979492,233,516,512,512
3.722196578979492,233,516,512,512
3.722196578979492,233,516,512,512
3.722196578979492,233,516,512,512
3.722196578979492,233,516,512,512
3.722196578979492,233,515,512,512
3.722196578979492,234,516,512,512
3.722196578979492,234,516,512,512
3.722196578979492,234,515,512,512
3.722196578979492,234,515,512,512
3.7380106449127197,234,515,512,512
3.7380106449127197,234,515,512,512
3.7380106449127197,233,515,512,512
3.7380106449127197,233,515,512,512
3.7380106449127197,233,516,512,512
3.7380106449127197,233,516,512,512
3.7380106449127197,233,515,512,512
3.7380106449127197,233,515,512,512
3.7380106449127197,233,515,512,512
3.7380106449127197,232,515,512,512
3.7380106449127197,232,514,512,512
3.7380106449127197,232,515,512,512
3.7380106449127197,231,514,512,512
3.7380106449127197,231,514,512,512
3.7380106449127197,231,514,512,512
3.7380106449127197,230,514,512,512
3.7380106449127197,230,514,512,512
3.7380106449127197,230,515,512,512
3.7380106449127197,230,515,512,512
3.753807306289673,229,515,512,512
3.753807306289673,229,515,512,512
3.7561304569244385,229,515,512,512
3.7561304569244385,229,515,512,512
3.7561304569244385,228,514,512,512
3.7561304569244385,228,515,512,512
3.7561304569244385,227,515,512,512
3.7561304569244385,227,515,512,512
3.7561304569244385,227,515,512,512
3.7561304569244385,227,515,512,512
3.7561304569244385,226,515,512,512
3.7561304569244385,226,514,512,512
3.7645955085754395,226,515,512,512
3.765050172805786,225,515,512,512
3.7660601139068604,225,515,512,512
3.767057180404663,224,515,512,512
3.767057180404663,224,515,512,512
3.768057107925415,224,515,512,512
3.769057273864746,224,515,512,512
3.7700576782226562,224,515,512,512
3.7710580825805664,224,515,512,512
3.7720582485198975,223,515,512,512
3.7720582485198975,223,515,512,512
3.7730586528778076,223,515,512,512
3.774059295654297,222,515,512,512
3.7750589847564697,222,515,512,512
3.776059150695801,222,515,512,512
3.777057409286499,222,516,512,512
3.778062582015991,222,515,512,512
3.779060125350952,222,515,512,512
3.779060125350952,221,515,512,512
3.7807998657226562,221,515,512,512
3.7807998657226562,221,515,512,512
3.7819478511810303,221,515,512,512
3.7829442024230957,221,516,512,512
3.783942699432373,221,516,512,512
3.7849464416503906,221,515,512,512
3.7849464416503906,222,515,512,512
3.785947322845459,222,515,512,512
3.787504196166992,222,515,512,512
3.787504196166992,222,515,512,512
3.7885117530822754,222,515,512,512
3.7895123958587646,222,515,512,512
3.7905123233795166,222,515,512,512
3.7915124893188477,222,515,512,512
3.792512893676758,222,516,512,512
3.792512893676758,222,515,512,512
3.793513536453247,222,516,512,512
3.7945127487182617,222,516,512,512
3.7955150604248047,223,517,512,512
3.796520948410034,223,516,512,512
3.7975165843963623,223,516,512,512
3.7975165843963623,223,516,512,512
3.7975165843963623,224,516,512,512
3.7975165843963623,224,516,512,512
3.7975165843963623,224,516,512,512
3.7975165843963623,224,516,512,512
3.7975165843963623,224,516,512,512
3.7975165843963623,225,516,512,512
3.7975165843963623,225,516,512,512
3.7975165843963623,225,516,512,512
3.7975165843963623,225,516,512,512
3.7975165843963623,226,516,512,512
3.7975165843963623,226,516,512,512
3.7975165843963623,227,516,512,512
3.7975165843963623,227,516,512,512
3.7975165843963623,227,516,512,512
3.7975165843963623,227,516,512,512
3.7975165843963623,228,516,512,512
3.7975165843963623,228,516,512,512
3.813361167907715,229,516,512,512
3.813361167907715,229,516,512,512
3.813361167907715,229,516,512,512
3.8163352012634277,229,516,512,512
3.8165836334228516,229,516,512,512
3.8165836334228516,230,516,512,512
3.8165836334228516,230,516,512,512
3.8165836334228516,231,517,512,512
3.8165836334228516,231,516,512,512
3.8165836334228516,231,516,512,512
3.8165836334228516,231,516,512,512
3.8165836334228516,231,516,512,512
3.8165836334228516,231,516,512,512
3.8165836334228516,232,516,512,512
3.8165836334228516,232,516,512,512
3.8165836334228516,232,516,512,512
3.8165836334228516,232,515,512,512
3.8165836334228516,232,515,512,512
3.829110622406006,232,515,512,512
3.829110622406006,232,515,512,512
3.829110622406006,232,515,512,512
3.829110622406006,232,515,512,512
3.829110622406006,232,515,512,512
3.829110622406006,232,515,512,512
3.829110622406006,233,515,512,512
3.829110622406006,233,515,512,512
3.829110622406006,233,515,512,512
3.829110622406006,233,516,512,512
3.829110622406006,233,516,512,512
3.829110622406006,233,515,512,512
3.829110622406006,232,515,512,512
3.829110622406006,232,515,512,512
3.829110622406006,232,515,512,512
3.829110622406006,232,515,512,512
3.829110622406006,232,515,512,512
3.829110622406006,232,515,512,512
3.829110622406006,231,515,512,512
3.844975233078003,231,515,512,512
3.844975233078003,231,515,512,512
3.844975233078003,231,515,512,512
3.844975233078003,231,515,512,512
3.844975233078003,230,515,512,512
3.844975233078003,230,515,512,512
3.844975233078003,230,515,512,512
3.844975233078003,230,515,512,512
3.844975233078003,229,515,512,512
3.844975233078003,229,515,512,512
3.844975233078003,229,515,512,512
3.844975233078003,229,515,512,512
3.844975233078003,228,515,512,512
3.844975233078003,228,515,512,512
3.844975233078003,228,515,512,512
3.844975233078003,228,515,512,512
3.844975233078003,227,515,512,512
3.844975233078003,227,514,512,512
3.8605165481567383,226,515,512,512
3.8605165481567383,226,515,512,512
3.8605165481567383,226,515,512,512
3.8605165481567383,226,515,512,512
3.8605165481567383,226,515,512,512
3.8605165481567383,225,515,512,512
3.8605165481567383,225,515,512,512
3.8605165481567383,225,515,512,512
3.8605165481567383,224,515,512,512
3.8605165481567383,224,515,512,512
3.8605165481567383,224,515,512,512
3.8605165481567383,224,515,512,512
3.8605165481567383,224,514,512,512
3.8605165481567383,223,514,512,512
3.8605165481567383,223,515,512,512
3.8605165481567383,223,515,512,512
3.8605165481567383,223,515,512,512
3.8605165481567383,223,515,512,512
3.8605165481567383,223,515,512,512
3.876770257949829,222,515,512,512
3.87758469581604,222,515,512,512
3.8778460025787354,222,515,512,512
3.8778460025787354,222,516,512,512
3.8778460025787354,222,516,512,512
3.8778460025787354,222,515,512,512
3.8778460025787354,222,515,512,512
3.8778460025787354,222,515,512,512
3.8778460025787354,222,516,512,512
3.8778460025787354,222,515,512,512
3.8778460025787354,222,516,512,512
3.8778460025787354,222,516,512,512
3.8778460025787354,222,516,512,512
3.8778460025787354,222,515,512,512
3.8778460025787354,222,516,512,512
3.8778460025787354,222,516,512,512
3.8778460025787354,223,516,512,512
3.8778460025787354,223,516,512,512
3.8778460025787354,223,516,512,512
3.8924710750579834,223,516,512,512
3.8924710750579834,223,516,512,512
3.8941211700439453,223,516,512,512
3.895559549331665,223,516,512,512
3.8962087631225586,224,516,512,512
3.89729642868042,224,516,512,512
3.8977434635162354,224,516,512,512
3.899031639099121,224,516,512,512
3.8992812633514404,224,516,512,512
3.9002909660339355,224,516,512,512
3.9012885093688965,225,516,512,512
3.9022886753082275,225,516,512,512
3.9022886753082275,225,516,512,512
3.9032888412475586,226,516,512,512
3.904289722442627,226,516,512,512
3.905289888381958,226,516,512,512
3.9062905311584473,227,516,512,512
3.9072911739349365,227,515,512,512
3.9072911739349365,227,515,512,512
3.908292055130005,228,516,512,512
3.9092907905578613,228,516,512,512
3.9102933406829834,228,516,512,512
3.9112908840179443,228,515,512,512
3.912294387817383,228,515,512,512
3.913292169570923,229,515,512,512
3.913881301879883,229,515,512,512
3.9151086807250977,229,516,512,512
3.9158878326416016,230,516,512,512
3.916898012161255,230,516,512,512
3.916898012161255,230,516,512,512
3.9179022312164307,230,516,512,512
3.918901205062866,230,515,512,512
3.9198992252349854,230,515,512,512
3.9208998680114746,231,516,512,512
3.9218995571136475,231,516,512,512
3.9218995571136475,231,515,512,512
3.9229049682617188,231,515,512,512
3.9239001274108887,232,515,512,512
3.9248995780944824,232,515,512,512
3.92590069770813,232,515,512,512
3.9269020557403564,232,515,512,512
3.927899122238159,232,515,512,512
3.927899122238159,232,515,512,512
3.9288980960845947,232,515,512,512
3.929903984069824,232,515,512,512
3.929903984069824,232,515,512,512
3.929903984069824,232,515,512,512
3.929903984069824,232,515,512,512
3.929903984069824,232,516,512,512
3.929903984069824,232,515,512,512
3.929903984069824,233,515,512,512
3.929903984069824,233,515,512,512
3.929903984069824,233,515,512,512
3.929903984069824,232,515,512,512
3.929903984069824,232,515,512,512
3.929903984069824,232,515,512,512
3.929903984069824,232,515,512,512
3.929903984069824,232,514,512,512
3.929903984069824,232,514,512,512
3.929903984069824,231,514,512,512
3.929903984069824,231,514,512,512
3.929903984069824,231,515,512,512
3.9457509517669678,231,515,512,512
3.9457509517669678,231,515,512,512
3.9457509517669678,230,515,512,512
3.948284149169922,230,515,512,512
3.9490575790405273,230,514,512,512
3.9490575790405273,230,514,512,512
3.9490575790405273,230,514,512,512
3.9490575790405273,230,514,512,512
3.9490575790405273,229,514,512,512
3.9490575790405273,229,514,512,512
3.9490575790405273,229,514,512,512
3.9490575790405273,228,514,512,512
3.9490575790405273,228,514,512,512
3.9490575790405273,228,515,512,512
3.9490575790405273,228,515,512,512
3.9490575790405273,227,515,512,512
3.9490575790405273,227,515,512,512
3.9490575790405273,227,515,512,512
3.9490575790405273,227,515,512,512
3.9616293907165527,227,515,512,512
3.9616293907165527,226,515,512,512
3.9616293907165527,226,515,512,512
3.9616293907165527,226,515,512,512
3.9616293907165527,226,514,512,512
3.9616293907165527,225,514,512,512
3.9616293907165527,225,515,512,512
3.9616293907165527,225,514,512,512
3.9616293907165527,225,515,512,512
3.9616293907165527,224,515,512,512
3.9616293907165527,224,515,512,512
3.9616293907165527,224,515,512,512
3.9616293907165527,224,515,512,512
3.9616293907165527,224,515,512,512
3.9616293907165527,224,515,512,512
3.9616293907165527,224,515,512,512
3.9616293907165527,224,515,512,512
3.9616293907165527,223,515,512,512
3.9616293907165527,223,515,512,512
3.977365016937256,223,515,512,512
3.977365016937256,223,515,512,512
3.977365016937256,223,515,512,512
3.977365016937256,223,515,512,512
3.977365016937256,223,515,512,512
3.977365016937256,223,515,512,512
3.977365016937256,223,515,512,512
3.977365016937256,223,515,512,512
3.977365016937256,223,515,512,512
3.977365016937256,223,515,512,512
3.977365016937256,223,515,512,512
3.977365016937256,223,516,512,512
3.977365016937256,223,515,512,512
3.977365016937256,223,515,512,512
3.977365016937256,223,515,512,512
3.977365016937256,223,515,512,512
3.977365016937256,223,515,512,512
3.977365016937256,224,515,512,512
3.993082046508789,224,515,512,512
3.993082046508789,224,515,512,512
3.993082046508789,224,515,512,512
3.993082046508789,224,515,512,512
3.993082046508789,224,516,512,512
3.993082046508789,225,516,512,512
3.993082046508789,225,516,512,512
3.993082046508789,225,516,512,512
3.993082046508789,225,516,512,512
3.993082046508789,225,516,512,512
3.993082046508789,225,516,512,512
3.993082046508789,226,516,512,512
3.993082046508789,226,515,512,512
3.993082046508789,226,516,512,512
3.993082046508789,226,516,512,512
3.993082046508789,227,516,512,512
3.993082046508789,227,516,512,512
3.993082046508789,227,516,512,512
4.008784770965576,227,516,512,512
4.008784770965576,228,515,512,512
4.010299444198608,228,516,512,512
4.010584831237793,228,516,512,512
4.010584831237793,228,516,512,512
4.010584831237793,229,516,512,512
4.010584831237793,229,515,512,512
4.014621019363403,229,515,512,512
4.014621019363403,229,515,512,512
4.014621019363403,229,515,512,512
4.014621019363403,229,516,512,512
4.014621019363403,230,516,512,512
4.014621019363403,230,516,512,512
4.014621019363403,230,515,512,512
4.014621019363403,230,515,512,512
4.014621019363403,230,515,512,512
4.014621019363403,231,515,512,512
4.014621019363403,231,515,512,512
4.014621019363403,231,516,512,512
4.024626016616821,231,516,512,512
4.024626016616821,231,515,512,512
4.024626016616821,231,515,512,512
4.024626016616821,232,515,512,512
4.024626016616821,232,515,512,512
4.024626016616821,232,515,512,512
4.024626016616821,232,516,512,512
4.024626016616821,232,515,512,512
4.024626016616821,232,515,512,512
4.024626016616821,232,515,512,512
4.024626016616821,231,515,512,512
4.024626016616821,232,515,512,512
4.024626016616821,232,515,512,512
4.024626016616821,232,515,512,512
4.024626016616821,231,515,512,512
4.024626016616821,231,515,512,512
4.024626016616821,231,515,512,512
4.024626016616821,231,515,512,512
4.024626016616821,231,515,512,512
4.040473699569702,231,515,512,512
4.0419347286224365,231,515,512,512
4.0419347286224365,231,515,512,512
4.0419347286224365,231,514,512,512
4.0419347286224365,231,515,512,512
4.0419347286224365,230,515,512,512
4.0419347286224365,230,515,512,512
4.0419347286224365,230,515,512,512
4.0419347286224365,230,515,512,512
4.0419347286224365,230,515,512,512
4.0419347286224365,229,515,512,512
4.0419347286224365,229,515,512,512
4.0419347286224365,229,515,512,512
4.0419347286224365,229,514,512,512
4.0419347286224365,228,515,512,512
4.0419347286224365,228,515,512,512
4.0419347286224365,228,515,512,512
4.0419347286224365,228,514,512,512
4.056226491928101,228,514,512,512
4.057251453399658,228,514,512,512
4.05766487121582,227,514,512,512
4.058793306350708,227,515,512,512
4.059057712554932,227,515,512,512
4.060069561004639,226,515,512,512
4.061071872711182,226,515,512,512
4.062068223953247,226,515,512,512
4.063069581985474,226,515,512,512
4.06406569480896,226,515,512,512
4.06406569480896,226,515,512,512
4.065081596374512,225,515,512,512
4.066077947616577,225,515,512,512
4.067077398300171,225,515,512,512
4.068077564239502,225,515,512,512
4.068077564239502,225,515,512,512
4.069077253341675,225,515,512,512
4.0700767040252686,225,515,512,512
4.071078300476074,224,515,512,512
4.072076082229614,224,515,512,512
4.0730836391448975,224,514,512,512
4.074079275131226,224,514,512,512
4.075126886367798,224,514,512,512
4.0758140087127686,224,515,512,512
4.0758140087127686,224,515,512,512
4.076827049255371,224,515,512,512
4.077826499938965,223,515,512,512
4.078827381134033,223,515,512,512
4.080326080322266,223,515,512,512
4.080326080322266,223,515,512,512
4.080326080322266,223,515,512,512
4.080326080322266,223,515,512,512
4.080326080322266,223,515,512,512
4.080326080322266,223,515,512,512
4.080326080322266,223,515,512,512
4.080326080322266,223,515,512,512
4.080326080322266,223,515,512,512
4.080326080322266,223,515,512,512
4.080326080322266,224,516,512,512
4.080326080322266,224,516,512,512
4.080326080322266,224,516,512,512
4.080326080322266,224,515,512,512
4.080326080322266,224,515,512,512
4.080326080322266,224,515,512,512
4.080326080322266,224,515,512,512
4.080326080322266,225,515,512,512
4.095549583435059,225,516,512,512
4.095549583435059,225,516,512,512
4.095549583435059,225,515,512,512
4.095549583435059,225,515,512,512
4.095549583435059,226,515,512,512
4.095549583435059,226,515,512,512
4.095549583435059,226,515,512,512
4.095549583435059,226,516,512,512
4.095549583435059,226,516,512,512
4.095549583435059,226,516,512,512
4.095549583435059,227,516,512,512
4.095549583435059,227,516,512,512
4.095549583435059,227,516,512,512
4.095549583435059,227,515,512,512
4.095549583435059,228,516,512,512
4.095549583435059,228,516,512,512
4.095549583435059,228,516,512,512
4.095549583435059,228,515,512,512
4.095549583435059,228,516,512,512
4.111220121383667,228,515,512,512
4.111220121383667,229,515,512,512
4.111220121383667,229,515,512,512
4.111220121383667,229,516,512,512
4.111220121383667,229,515,512,512
4.111220121383667,229,515,512,512
4.111220121383667,229,515,512,512
4.111220121383667,230,515,512,512
4.111220121383667,230,515,512,512
4.111220121383667,230,516,512,512
4.111220121383667,230,516,512,512
4.111220121383667,230,516,512,512
4.111220121383667,230,515,512,512
4.111220121383667,231,515,512,512
4.111220121383667,231,515,512,512
4.111220121383667,231,515,512,512
4.111220121383667,231,516,512,512
4.111220121383667,231,516,512,512
4.126941204071045,231,515,512,512
4.126941204071045,231,515,512,512
4.126941204071045,231,515,512,512
4.126941204071045,231,515,512,512
4.126941204071045,231,515,512,512
4.126941204071045,231,515,512,512
4.126941204071045,231,516,512,512
4.126941204071045,231,515,512,512
4.126941204071045,231,515,512,512
4.126941204071045,231,515,512,512
4.126941204071045,231,515,512,512
4.126941204071045,231,515,512,512
4.126941204071045,231,515,512,512
4.126941204071045,231,515,512,512
4.126941204071045,231,515,512,512
4.126941204071045,231,515,512,512
4.126941204071045,231,515,512,512
4.126941204071045,231,515,512,512
4.126941204071045,231,515,512,512
4.142979383468628,231,515,512,512
4.142979383468628,230,515,512,512
4.144795179367065,230,515,512,512
4.14503026008606,230,515,512,512
4.14503026008606,230,515,512,512
4.14503026008606,230,515,512,512
4.14503026008606,229,515,512,512
4.14503026008606,229,515,512,512
4.14503026008606,229,515,512,512
4.14503026008606,229,515,512,512
4.14503026008606,229,515,512,512
4.14503026008606,229,514,512,512
4.14503026008606,228,514,512,512
4.14503026008606,228,514,512,512
4.14503026008606,228,514,512,512
4.14503026008606,227,515,512,512
4.14503026008606,227,515,512,512
4.14503026008606,227,514,512,512
4.14503026008606,227,514,512,512
4.158819913864136,227,515,512,512
4.158819913864136,226,514,512,512
4.158819913864136,226,515,512,512
4.158819913864136,226,515,512,512
4.158819913864136,226,515,512,512
4.158819913864136,225,515,512,512
4.158819913864136,225,515,512,512
4.158819913864136,225,515,512,512
4.158819913864136,225,515,512,512
4.158819913864136,225,515,512,512
4.158819913864136,225,515,512,512
4.158819913864136,225,515,512,512
4.158819913864136,224,515,512,512
4.158819913864136,224,515,512,512
4.158819913864136,224,515,512,512
4.158819913864136,224,515,512,512
4.158819913864136,224,515,512,512
4.158819913864136,224,515,512,512
4.174659729003906,224,515,512,512
4.175326824188232,224,515,512,512
4.175326824188232,224,515,512,512
4.175326824188232,224,515,512,512
4.175326824188232,224,515,512,512
4.175326824188232,224,515,512,512
4.175326824188232,224,515,512,512
4.175326824188232,224,515,512,512
4.175326824188232,224,515,512,512
4.175326824188232,224,515,512,512
4.175326824188232,224,515,512,512
4.175326824188232,224,515,512,512
4.175326824188232,224,515,512,512
4.175326824188232,224,516,512,512
4.175326824188232,224,516,512,512
4.175326824188232,224,515,512,512
4.175326824188232,224,515,512,512
4.175326824188232,224,516,512,512
4.175326824188232,224,516,512,512
4.190328359603882,225,515,512,512
4.191498279571533,225,516,512,512
4.191909074783325,225,515,512,512
4.191909074783325,225,515,512,512
4.191909074783325,225,515,512,512
4.191909074783325,225,515,512,512
4.191909074783325,225,515,512,512
4.191909074783325,225,515,512,512
4.191909074783325,225,515,512,512
4.191909074783325,226,515,512,512
4.191909074783325,226,515,512,512
4.191909074783325,226,516,512,512
4.191909074783325,226,516,512,512
4.191909074783325,226,516,512,512
4.191909074783325,227,516,512,512
4.191909074783325,227,516,512,512
4.191909074783325,227,516,512,512
4.191909074783325,227,515,512,512
4.206037759780884,227,515,512,512
4.206037759780884,228,516,512,512
4.206037759780884,228,515,512,512
4.206037759780884,228,515,512,512
4.206037759780884,228,516,512,512
4.206037759780884,228,516,512,512
4.206037759780884,228,515,512,512
4.206037759780884,229,515,512,512
4.206037759780884,229,516,512,512
4.206037759780884,229,515,512,512
4.206037759780884,229,515,512,512
4.206037759780884,229,516,512,512
4.206037759780884,230,516,512,512
4.206037759780884,229,516,512,512
4.206037759780884,230,515,512,512
4.206037759780884,230,516,512,512
4.206037759780884,230,516,512,512
4.206037759780884,230,515,512,512
4.206037759780884,230,516,512,512
4.221683740615845,230,516,512,512
4.221683740615845,231,516,512,512
4.221683740615845,231,515,512,512
4.221683740615845,230,515,512,512
4.221683740615845,230,515,512,512
4.221683740615845,231,515,512,512
4.221683740615845,231,515,512,512
4.221683740615845,231,516,512,512
4.221683740615845,231,515,512,512
4.221683740615845,231,515,512,512
4.221683740615845,231,515,512,512
4.221683740615845,231,515,512,512
4.221683740615845,231,515,512,512
4.221683740615845,231,515,512,512
4.221683740615845,231,515,512,512
4.221683740615845,231,515,512,512
4.221683740615845,231,515,512,512
4.221683740615845,230,515,512,512
4.237419128417969,230,515,512,512
4.237419128417969,230,515,512,512
4.237419128417969,230,515,512,512
4.237419128417969,230,515,512,512
4.237419128417969,230,515,512,512
4.237419128417969,230,515,512,512
4.237419128417969,230,515,512,512
4.237419128417969,230,515,512,512
4.237419128417969,230,515,512,512
4.237419128417969,229,515,512,512
4.237419128417969,229,515,512,512
4.237419128417969,229,515,512,512
4.237419128417969,229,514,512,512
4.237419128417969,229,515,512,512
4.237419128417969,229,515,512,512
4.237419128417969,229,515,512,512
4.237419128417969,228,515,512,512
4.237419128417969,228,515,512,512
4.237419128417969,228,515,512,512
4.253079414367676,228,515,512,512
4.254584312438965,228,515,512,512
4.255026578903198,227,515,512,512
4.255026578903198,227,515,512,512
4.255026578903198,227,515,512,512
4.255026578903198,227,515,512,512
4.255026578903198,227,515,512,512
4.255026578903198,226,515,512,512
4.255026578903198,226,515,512,512
4.255026578903198,226,514,512,512
4.255026578903198,226,514,512,512
4.255026578903198,226,515,512,512
4.255026578903198,226,515,512,512
4.255026578903198,225,515,512,512
4.255026578903198,225,515,512,512
4.255026578903198,225,515,512,512
4.255026578903198,225,515,512,512
4.255026578903198,225,515,512,512
4.268812656402588,225,515,512,512
4.268812656402588,225,516,512,512
4.268812656402588,225,516,512,512
4.268812656402588,225,515,512,512
4.268812656402588,225,515,512,512
4.268812656402588,225,515,512,512
4.268812656402588,225,514,512,512
4.268812656402588,224,515,512,512
4.268812656402588,224,515,512,512
4.268812656402588,224,515,512,512
4.268812656402588,224,515,512,512
4.268812656402588,223,515,512,512
4.268812656402588,224,515,512,512
4.268812656402588,224,515,512,512
4.268812656402588,224,515,512,512
4.268812656402588,224,516,512,512
4.268812656402588,224,516,512,512
4.268812656402588,224,515,512,512
4.268812656402588,224,515,512,512
4.2844624519348145,224,515,512,512
4.285876035690308,224,515,512,512
4.286292552947998,225,515,512,512
4.286292552947998,225,516,512,512
4.286292552947998,225,516,512,512
4.286292552947998,225,515,512,512
4.286292552947998,225,515,512,512
4.286292552947998,225,516,512,512
4.286292552947998,225,515,512,512
4.286292552947998,225,515,512,512
4.286292552947998,225,516,512,512
4.286292552947998,225,516,512,512
4.286292552947998,226,515,512,512
4.286292552947998,226,515,512,512
4.286292552947998,226,515,512,512
4.297584772109985,226,515,512,512
4.297584772109985,226,515,512,512
4.298806667327881,226,516,512,512
4.299803018569946,226,516,512,512
4.300803184509277,226,515,512,512
4.30180287361145,227,515,512,512
4.303009033203125,227,516,512,512
4.303590297698975,227,516,512,512
4.304615497589111,227,516,512,512
4.305602312088013,227,516,512,512
4.305602312088013,228,516,512,512
4.306602239608765,228,516,512,512
4.3076066970825195,228,515,512,512
4.3086042404174805,228,515,512,512
4.309604644775391,228,515,512,512
4.310605525970459,229,515,512,512
4.310605525970459,229,516,512,512
4.311605930328369,229,516,512,512
4.312610149383545,229,515,512,512
4.313607454299927,229,515,512,512
4.3145647048950195,229,515,512,512
4.315567970275879,229,515,512,512
4.3165647983551025,229,515,512,512
4.317564249038696,230,515,512,512
4.317564249038696,230,515,512,512
4.318563938140869,230,515,512,512
4.319563388824463,230,515,512,512
4.320563316345215,230,515,512,512
4.321563005447388,230,515,512,512
4.322562217712402,230,516,512,512
4.323562860488892,231,516,512,512
4.324197292327881,231,516,512,512
4.325202703475952,230,515,512,512
4.325202703475952,230,515,512,512
4.3262038230896,230,515,512,512
4.327204465866089,230,515,512,512
4.328204393386841,230,515,512,512
4.329204320907593,230,515,512,512
4.330207347869873,230,516,512,512
4.330207347869873,230,515,512,512
4.33120584487915,230,515,512,512
4.33120584487915,230,515,512,512
4.33120584487915,230,515,512,512
4.33120584487915,230,515,512,512
4.33120584487915,230,515,512,512
4.33120584487915,230,515,512,512
4.33120584487915,230,515,512,512
4.33120584487915,230,515,512,512
4.33120584487915,230,515,512,512
4.33120584487915,230,515,512,512
4.33120584487915,230,515,512,512
4.33120584487915,230,516,512,512
4.33120584487915,230,516,512,512
4.33120584487915,229,515,512,512
4.33120584487915,229,515,512,512
4.33120584487915,229,515,512,512
4.33120584487915,229,515,512,512
4.33120584487915,229,515,512,512
4.346969127655029,229,515,512,512
4.346969127655029,229,516,512,512
4.346969127655029,228,515,512,512
4.346969127655029,228,515,512,512
4.346969127655029,228,515,512,512
4.346969127655029,228,515,512,512
4.346969127655029,228,515,512,512
4.346969127655029,227,516,512,512
4.346969127655029,227,516,512,512
4.346969127655029,227,515,512,512
4.346969127655029,227,515,512,512
4.346969127655029,227,515,512,512
4.346969127655029,227,515,512,512
4.346969127655029,226,515,512,512
4.346969127655029,226,515,512,512
4.346969127655029,226,515,512,512
4.346969127655029,226,515,512,512
4.346969127655029,226,515,512,512
4.346969127655029,226,515,512,512
4.362727165222168,226,515,512,512
4.362727165222168,226,515,512,512
4.362727165222168,225,515,512,512
4.362727165222168,225,516,512,512
4.362727165222168,225,516,512,512
4.362727165222168,225,515,512,512
4.362727165222168,225,515,512,512
4.362727165222168,225,515,512,512
4.362727165222168,225,515,512,512
4.362727165222168,224,515,512,512
4.362727165222168,224,516,512,512
4.362727165222168,224,516,512,512
4.362727165222168,224,515,512,512
4.362727165222168,224,516,512,512
4.362727165222168,224,516,512,512
4.362727165222168,224,516,512,512
4.362727165222168,224,516,512,512
4.362727165222168,224,516,512,512
4.3784143924713135,224,516,512,512
4.3784143924713135,224,516,512,512
4.3784143924713135,224,516,512,512
4.3784143924713135,224,516,512,512
4.3784143924713135,224,516,512,512
4.3784143924713135,224,516,512,512
4.3784143924713135,224,516,512,512
4.3784143924713135,224,516,512,512
4.3784143924713135,224,516,512,512
4.3784143924713135,224,516,512,512
4.3784143924713135,224,516,512,512
4.3784143924713135,224,515,512,512
4.3784143924713135,224,516,512,512
4.3784143924713135,225,516,512,512
4.3784143924713135,225,516,512,512
4.3784143924713135,225,516,512,512
4.3784143924713135,225,516,512,512
4.3784143924713135,225,516,512,512
4.394124984741211,225,516,512,512
4.394124984741211,225,516,512,512
4.394124984741211,226,516,512,512
4.396125316619873,226,516,512,512
4.397145986557007,226,515,512,512
4.398149013519287,226,515,512,512
4.399200677871704,226,515,512,512
4.3994598388671875,226,515,512,512
4.400468587875366,226,515,512,512
4.401467561721802,227,516,512,512
4.402467966079712,227,516,512,512
4.402467966079712,227,516,512,512
4.403468370437622,227,516,512,512
4.404468774795532,227,516,512,512
4.405469655990601,227,516,512,512
4.406470537185669,228,516,512,512
4.407470464706421,228,516,512,512
4.407470464706421,228,516,512,512
4.409468412399292,228,516,512,512
4.409468412399292,228,516,512,512
4.410471200942993,228,516,512,512
4.411474227905273,228,516,512,512
4.412470579147339,229,516,512,512
4.4134697914123535,229,516,512,512
4.414469480514526,229,516,512,512
4.415069580078125,229,516,512,512
4.415436029434204,229,516,512,512
4.416588068008423,229,516,512,512
4.417586803436279,229,516,512,512
4.418587684631348,229,516,512,512
4.419586658477783,230,516,512,512
4.419586658477783,230,516,512,512
4.420586109161377,230,516,512,512
4.421586275100708,230,515,512,512
4.422585964202881,230,516,512,512
4.423586368560791,230,515,512,512
4.42378830909729,230,515,512,512
4.4248366355896,230,516,512,512
4.4262659549713135,230,516,512,512
4.427271842956543,230,516,512,512
4.427271842956543,230,515,512,512
4.428271770477295,230,515,512,512
4.429271936416626,230,515,512,512
4.430163621902466,230,515,512,512
4.431257009506226,230,516,512,512
4.431257009506226,230,516,512,512
4.4325110912323,230,515,512,512
4.433510780334473,230,515,512,512
4.434511184692383,230,515,512,512
4.435511350631714,230,515,512,512
4.435511350631714,230,515,512,512
4.437510251998901,230,515,512,512
4.437510251998901,230,515,512,512
4.438511610031128,229,515,512,512
4.439513921737671,229,515,512,512
4.440514087677002,229,515,512,512
4.441513776779175,229,515,512,512
4.442584276199341,229,515,512,512
4.443376302719116,229,515,512,512
4.443376302719116,229,516,512,512
4.444391965866089,229,515,512,512
4.445393800735474,229,515,512,512
4.44638991355896,229,515,512,512
4.44694972038269,228,515,512,512
4.44694972038269,228,515,512,512
4.44694972038269,228,515,512,512
4.44694972038269,228,515,512,512
4.44694972038269,228,515,512,512
4.44694972038269,228,515,512,512
4.44694972038269,228,515,512,512
4.44694972038269,227,515,512,512
4.44694972038269,227,515,512,512
4.44694972038269,227,515,512,512
4.44694972038269,227,515,512,512
4.44694972038269,227,515,512,512
4.44694972038269,226,515,512,512
4.44694972038269,226,515,512,512
4.44694972038269,226,515,512,512
4.44694972038269,226,515,512,512
4.44694972038269,226,515,512,512
4.44694972038269,226,516,512,512
4.462268114089966,226,515,512,512
4.462268114089966,225,515,512,512
4.462268114089966,225,515,512,512
4.462268114089966,225,515,512,512
4.462268114089966,225,515,512,512
4.462268114089966,225,515,512,512
4.462268114089966,225,515,512,512
4.462268114089966,225,516,512,512
4.462268114089966,225,515,512,512
4.462268114089966,225,515,512,512
4.462268114089966,225,515,512,512
4.462268114089966,225,515,512,512
4.462268114089966,225,515,512,512
4.462268114089966,225,516,512,512
4.462268114089966,225,516,512,512
4.462268114089966,225,515,512,512
4.462268114089966,225,515,512,512
4.462268114089966,225,515,512,512
4.477921485900879,225,515,512,512
4.477921485900879,225,515,512,512
4.477921485900879,225,515,512,512
4.480344533920288,225,515,512,512
4.480344533920288,225,515,512,512
4.482359170913696,225,515,512,512
4.482359170913696,225,515,512,512
4.482359170913696,225,516,512,512
4.484367370605469,225,516,512,512
4.484367370605469,225,516,512,512
4.484367370605469,225,516,512,512
4.484367370605469,225,516,512,512
4.484367370605469,225,516,512,512
4.484367370605469,225,516,512,512
4.484367370605469,225,516,512,512
4.484367370605469,225,516,512,512
4.484367370605469,225,516,512,512
4.484367370605469,225,516,512,512
4.493609666824341,226,516,512,512
4.493609666824341,226,516,512,512
4.493609666824341,226,516,512,512
4.493609666824341,226,516,512,512
4.493609666824341,226,516,512,512
4.493609666824341,226,516,512,512
4.493609666824341,226,516,512,512
4.493609666824341,226,516,512,512
4.493609666824341,226,516,512,512
4.493609666824341,227,516,512,512
4.493609666824341,227,516,512,512
4.493609666824341,227,516,512,512
4.493609666824341,227,516,512,512
4.493609666824341,228,516,512,512
4.493609666824341,228,515,512,512
4.493609666824341,228,515,512,512
4.493609666824341,228,515,512,512
4.493609666824341,228,515,512,512
4.493609666824341,228,515,512,512
4.50928807258606,228,516,512,512
4.510483980178833,228,516,512,512
4.510748863220215,228,515,512,512
4.510748863220215,228,516,512,512
4.510748863220215,228,516,512,512
4.510748863220215,229,516,512,512
4.510748863220215,229,516,512,512
4.510748863220215,229,516,512,512
4.510748863220215,229,516,512,512
4.510748863220215,229,515,512,512
4.510748863220215,229,515,512,512
4.510748863220215,229,515,512,512
4.510748863220215,229,515,512,512
4.510748863220215,229,515,512,512
4.510748863220215,229,515,512,512
4.510748863220215,230,515,512,512
4.510748863220215,230,515,512,512
4.510748863220215,230,515,512,512
4.525017261505127,230,515,512,512
4.525017261505127,230,515,512,512
4.525017261505127,230,515,512,512
4.525017261505127,230,516,512,512
4.525017261505127,230,516,512,512
4.525017261505127,230,515,512,512
4.525017261505127,230,515,512,512
4.525017261505127,230,515,512,512
4.525017261505127,230,515,512,512
4.525017261505127,230,515,512,512
4.525017261505127,230,516,512,512
4.525017261505127,229,516,512,512
4.525017261505127,229,516,512,512
4.525017261505127,229,515,512,512
4.525017261505127,229,515,512,512
4.525017261505127,229,515,512,512
4.525017261505127,229,515,512,512
4.525017261505127,229,515,512,512
4.525017261505127,229,515,512,512
4.540801048278809,229,515,512,512
4.540801048278809,229,515,512,512
4.540801048278809,229,515,512,512
4.540801048278809,229,515,512,512
4.540801048278809,228,515,512,512
4.540801048278809,228,515,512,512
4.540801048278809,228,515,512,512
4.540801048278809,228,515,512,512
4.540801048278809,228,515,512,512
4.540801048278809,228,515,512,512
4.540801048278809,228,515,512,512
4.540801048278809,228,515,512,512
4.540801048278809,228,515,512,512
4.540801048278809,228,516,512,512
4.540801048278809,227,515,512,512
4.540801048278809,227,515,512,512
4.540801048278809,227,515,512,512
4.540801048278809,227,515,512,512
4.540801048278809,227,515,512,512
4.556643486022949,227,515,512,512
4.558076858520508,227,515,512,512
4.558963060379028,226,515,512,512
4.55923318862915,226,515,512,512
4.56024432182312,226,515,512,512
4.56124210357666,226,515,512,512
4.562242746353149,226,515,512,512
4.563246250152588,225,515,512,512
4.563246250152588,225,515,512,512
4.564775466918945,226,515,512,512
4.565789461135864,226,515,512,512
4.565789461135864,226,516,512,512
4.5667877197265625,225,516,512,512
4.56779146194458,225,515,512,512
4.56878662109375,225,516,512,512
4.569786548614502,225,516,512,512
4.570786952972412,225,516,512,512
4.570786952972412,225,515,512,512
4.5727858543396,225,515,512,512
4.5727858543396,225,515,512,512
4.573791265487671,225,515,512,512
4.574787139892578,225,515,512,512
4.576069593429565,225,516,512,512
4.576582908630371,225,516,512,512
4.5775909423828125,225,515,512,512
4.578593730926514,225,515,512,512
4.578593730926514,225,516,512,512
4.579593658447266,225,515,512,512
4.5806050300598145,225,515,512,512
4.581429719924927,225,516,512,512
4.581429719924927,225,516,512,512
4.581429719924927,225,515,512,512
4.581429719924927,225,515,512,512
4.581429719924927,225,515,512,512
4.581429719924927,225,515,512,512
4.581429719924927,225,515,512,512
4.581429719924927,225,516,512,512
4.581429719924927,225,516,512,512
4.581429719924927,226,516,512,512
4.581429719924927,226,515,512,512
4.581429719924927,226,516,512,512
4.581429719924927,226,515,512,512
4.581429719924927,226,516,512,512
4.581429719924927,226,516,512,512
4.581429719924927,226,516,512,512
4.581429719924927,226,516,512,512
4.596474647521973,226,516,512,512
4.596474647521973,226,516,512,512
4.596474647521973,226,516,512,512
4.596474647521973,226,515,512,512
4.596474647521973,227,516,512,512
4.596474647521973,227,516,512,512
4.596474647521973,227,515,512,512
4.596474647521973,227,515,512,512
4.596474647521973,227,515,512,512
4.596474647521973,227,515,512,512
4.596474647521973,227,515,512,512
4.596474647521973,228,516,512,512
4.596474647521973,228,516,512,512
4.596474647521973,228,516,512,512
4.596474647521973,228,516,512,512
4.596474647521973,228,516,512,512
4.596474647521973,228,516,512,512
4.596474647521973,228,515,512,512
4.596474647521973,228,516,512,512
4.61214804649353,228,516,512,512
4.61214804649353,228,516,512,512
4.61214804649353,228,515,512,512
4.615102291107178,229,516,512,512
4.615617036819458,229,515,512,512
4.615617036819458,229,516,512,512
4.615617036819458,229,516,512,512
4.615617036819458,229,516,512,512
4.615617036819458,229,516,512,512
4.615617036819458,229,516,512,512
4.615617036819458,229,516,512,512
4.615617036819458,229,515,512,512
4.615617036819458,229,515,512,512
4.615617036819458,230,516,512,512
4.615617036819458,230,516,512,512
4.615617036819458,229,516,512,512
4.615617036819458,229,515,512,512
4.615617036819458,229,515,512,512
4.627859115600586,229,515,512,512
4.627859115600586,229,515,512,512
4.627859115600586,229,516,512,512
4.627859115600586,229,516,512,512
4.627859115600586,229,516,512,512
4.627859115600586,229,515,512,512
4.627859115600586,229,515,512,512
4.627859115600586,229,515,512,512
4.627859115600586,229,515,512,512
4.627859115600586,229,516,512,512
4.627859115600586,229,516,512,512
4.627859115600586,229,515,512,512
4.627859115600586,229,515,512,512
4.627859115600586,229,515,512,512
4.627859115600586,229,515,512,512
4.627859115600586,229,515,512,512
4.627859115600586,229,515,512,512
4.627859115600586,228,515,512,512
4.627859115600586,228,515,512,512
4.643534421920776,228,515,512,512
4.644955396652222,228,515,512,512
4.644955396652222,228,515,512,512
4.644955396652222,228,515,512,512
4.644955396652222,228,516,512,512
4.644955396652222,228,516,512,512
4.644955396652222,228,515,512,512
4.644955396652222,228,515,512,512
4.644955396652222,227,515,512,512
4.644955396652222,227,515,512,512
4.644955396652222,227,515,512,512
4.644955396652222,227,515,512,512
4.644955396652222,227,515,512,512
4.644955396652222,227,515,512,512
4.644955396652222,227,515,512,512
4.644955396652222,227,515,512,512
4.644955396652222,226,515,512,512
4.644955396652222,226,515,512,512
4.65927267074585,226,515,512,512
4.660263299942017,226,515,512,512
4.660263299942017,226,515,512,512
4.660263299942017,226,515,512,512
4.660263299942017,226,515,512,512
4.660263299942017,226,515,512,512
4.660263299942017,226,515,512,512
4.660263299942017,226,515,512,512
4.660263299942017,225,515,512,512
4.660263299942017,225,515,512,512
4.660263299942017,225,515,512,512
4.660263299942017,225,515,512,512
4.660263299942017,225,515,512,512
4.660263299942017,225,515,512,512
4.660263299942017,225,515,512,512
4.660263299942017,225,516,512,512
4.660263299942017,225,516,512,512
4.660263299942017,225,515,512,512
4.660263299942017,225,515,512,512
4.675584077835083,225,516,512,512
4.676092624664307,225,516,512,512
4.676092624664307,225,516,512,512
4.676092624664307,225,516,512,512
4.676092624664307,225,516,512,512
4.676092624664307,225,515,512,512
4.676092624664307,225,515,512,512
4.676092624664307,225,515,512,512
4.676092624664307,225,515,512,512
4.676092624664307,225,515,512,512
4.676092624664307,225,515,512,512
4.676092624664307,225,516,512,512
4.676092624664307,225,515,512,512
4.676092624664307,225,515,512,512
4.676092624664307,225,516,512,512
4.676092624664307,225,516,512,512
4.676092624664307,226,516,512,512
4.676092624664307,226,516,512,512
4.690662622451782,226,516,512,512
4.690662622451782,226,516,512,512
4.690662622451782,226,516,512,512
4.690662622451782,226,516,512,512
4.690662622451782,226,516,512,512
4.690662622451782,226,516,512,512
4.690662622451782,226,516,512,512
4.690662622451782,226,516,512,512
4.690662622451782,227,515,512,512
4.690662622451782,227,515,512,512
4.690662622451782,227,516,512,512
4.690662622451782,227,516,512,512
4.690662622451782,227,516,512,512
4.690662622451782,227,516,512,512
4.690662622451782,227,516,512,512
4.690662622451782,227,516,512,512
4.690662622451782,227,516,512,512
4.690662622451782,228,516,512,512
4.690662622451782,228,516,512,512
4.706540822982788,228,516,512,512
4.708199501037598,228,516,512,512
4.708199501037598,228,516,512,512
4.708199501037598,229,516,512,512
4.708199501037598,229,516,512,512
4.708199501037598,229,516,512,512
4.708199501037598,229,516,512,512
4.708199501037598,229,515,512,512
4.708199501037598,229,516,512,512
4.708199501037598,229,516,512,512
4.708199501037598,229,516,512,512
4.708199501037598,229,516,512,512
4.708199501037598,229,516,512,512
4.708199501037598,229,516,512,512
4.708199501037598,229,515,512,512
4.708199501037598,229,515,512,512
4.708199501037598,229,516,512,512
4.708199501037598,229,515,512,512
4.722294807434082,229,515,512,512
4.722294807434082,229,515,512,512
4.722294807434082,229,515,512,512
4.722294807434082,229,515,512,512
4.722294807434082,229,515,512,512
4.722294807434082,229,515,512,512
4.722294807434082,229,515,512,512
4.722294807434082,229,515,512,512
4.722294807434082,229,515,512,512
4.722294807434082,229,515,512,512
4.722294807434082,229,515,512,512
4.722294807434082,229,516,512,512
4.722294807434082,229,516,512,512
4.722294807434082,229,516,512,512
4.722294807434082,229,515,512,512
4.722294807434082,229,515,512,512
4.722294807434082,229,515,512,512
4.722294807434082,229,515,512,512
4.722294807434082,229,515,512,512
4.738609075546265,229,516,512,512
4.739144325256348,228,515,512,512
4.739144325256348,228,515,512,512
4.739144325256348,228,515,512,512
4.739144325256348,228,515,512,512
4.739144325256348,228,515,512,512
4.739144325256348,228,515,512,512
4.739144325256348,228,516,512,512
4.739144325256348,228,515,512,512
4.739144325256348,228,515,512,512
4.739144325256348,228,515,512,512
4.739144325256348,228,515,512,512
4.739144325256348,228,515,512,512
4.739144325256348,228,515,512,512
4.739144325256348,227,516,512,512
4.739144325256348,227,516,512,512
4.739144325256348,227,515,512,512
4.739144325256348,227,515,512,512
4.753685235977173,227,515,512,512
4.753685235977173,227,515,512,512
4.753685235977173,227,515,512,512
4.753685235977173,227,516,512,512
4.753685235977173,227,516,512,512
4.753685235977173,226,515,512,512
4.753685235977173,226,515,512,512
4.753685235977173,226,515,512,512
4.753685235977173,226,515,512,512
4.753685235977173,226,515,512,512
4.753685235977173,226,515,512,512
4.753685235977173,226,515,512,512
4.753685235977173,226,515,512,512
4.753685235977173,226,515,512,512
4.753685235977173,226,515,512,512
4.753685235977173,225,515,512,512
4.753685235977173,225,515,512,512
4.753685235977173,226,516,512,512
4.753685235977173,226,516,512,512
4.769582986831665,226,515,512,512
4.769582986831665,226,515,512,512
4.771689176559448,226,515,512,512
4.771689176559448,225,515,512,512
4.7733283042907715,226,515,512,512
4.773583173751831,226,515,512,512
4.773583173751831,226,515,512,512
4.773583173751831,225,515,512,512
4.773583173751831,226,515,512,512
4.773583173751831,225,515,512,512
4.773583173751831,225,515,512,512
4.773583173751831,225,515,512,512
4.773583173751831,226,515,512,512
4.773583173751831,226,515,512,512
4.773583173751831,226,515,512,512
4.773583173751831,226,515,512,512
4.773583173751831,226,515,512,512
4.773583173751831,226,515,512,512
4.785309553146362,226,515,512,512
4.785309553146362,226,515,512,512
4.785309553146362,226,516,512,512
4.785309553146362,226,515,512,512
4.785309553146362,226,515,512,512
4.785309553146362,226,515,512,512
4.785309553146362,226,515,512,512
4.785309553146362,226,515,512,512
4.785309553146362,226,516,512,512
4.785309553146362,226,515,512,512
4.785309553146362,226,515,512,512
4.785309553146362,227,515,512,512
4.785309553146362,227,515,512,512
4.785309553146362,227,515,512,512
4.785309553146362,227,515,512,512
4.785309553146362,228,516,512,512
4.785309553146362,228,516,512,512
4.785309553146362,228,516,512,512
4.785309553146362,228,515,512,512
4.800973653793335,228,515,512,512
4.800973653793335,228,515,512,512
4.800973653793335,228,515,512,512
4.800973653793335,228,515,512,512
4.800973653793335,228,515,512,512
4.800973653793335,228,515,512,512
4.800973653793335,229,515,512,512
4.800973653793335,229,515,512,512
4.800973653793335,229,515,512,512
4.800973653793335,229,515,512,512
4.800973653793335,229,515,512,512
4.800973653793335,229,516,512,512
4.800973653793335,229,515,512,512
4.800973653793335,229,515,512,512
4.800973653793335,229,515,512,512
4.800973653793335,229,515,512,512
4.800973653793335,229,515,512,512
4.800973653793335,229,515,512,512
4.81675124168396,229,516,512,512
4.817862272262573,229,515,512,512
4.8183276653289795,229,515,512,512
4.8183276653289795,229,515,512,512
4.8183276653289795,229,515,512,512
4.8183276653289795,229,515,512,512
4.8183276653289795,229,515,512,512
4.8183276653289795,229,515,512,512
4.8183276653289795,229,515,512,512
4.8183276653289795,229,515,512,512
4.8183276653289795,230,515,512,512
4.8183276653289795,229,515,512,512
4.8183276653289795,229,515,512,512
4.8183276653289795,229,515,512,512
4.8183276653289795,229,515,512,512
4.8183276653289795,229,515,512,512
4.8183276653289795,229,515,512,512
4.8308868408203125,229,515,512,512
4.8308868408203125,229,515,512,512
4.832169055938721,229,514,512,512
4.833246469497681,229,515,512,512
4.834196090698242,229,515,512,512
4.835205078125,229,515,512,512
4.836184740066528,229,515,512,512
4.836184740066528,229,515,512,512
4.83768892288208,229,515,512,512
4.838716745376587,229,515,512,512
4.8397157192230225,229,515,512,512
4.840713024139404,229,515,512,512
4.840713024139404,229,515,512,512
4.841715574264526,228,514,512,512
4.842714548110962,228,514,512,512
4.843714714050293,228,515,512,512
4.844714879989624,228,514,512,512
4.845714807510376,228,514,512,512
4.846717834472656,228,514,512,512
4.846717834472656,228,514,512,512
4.848525047302246,227,514,512,512
4.848525047302246,227,515,512,512
4.849679470062256,227,515,512,512
4.850673198699951,227,515,512,512
4.851670980453491,227,515,512,512
4.851670980453491,227,515,512,512
4.852671146392822,227,515,512,512
4.854224920272827,227,515,512,512
4.854494571685791,227,515,512,512
4.855503559112549,227,515,512,512
4.856503486633301,227,515,512,512
4.857503890991211,227,515,512,512
4.858504056930542,227,515,512,512
4.858504056930542,226,515,512,512
4.859503984451294,226,515,512,512
4.860504388809204,226,515,512,512
4.861504554748535,226,515,512,512
4.862504482269287,226,515,512,512
4.863508701324463,226,515,512,512
4.86450719833374,226,515,512,512
4.86450719833374,226,515,512,512
4.86450719833374,226,515,512,512
4.86450719833374,226,515,512,512
4.86450719833374,226,515,512,512
4.86450719833374,226,515,512,512
4.86450719833374,226,515,512,512
4.86450719833374,226,515,512,512
4.86450719833374,226,515,512,512
4.86450719833374,226,515,512,512
4.86450719833374,226,515,512,512
4.86450719833374,226,515,512,512
4.86450719833374,226,515,512,512
4.86450719833374,226,515,512,512
4.86450719833374,226,515,512,512
4.86450719833374,226,516,512,512
4.86450719833374,226,515,512,512
4.86450719833374,226,515,512,512
4.86450719833374,226,515,512,512
4.880324602127075,226,515,512,512
4.880324602127075,226,515,512,512
4.880324602127075,226,515,512,512
4.880324602127075,226,515,512,512
4.880324602127075,226,515,512,512
4.880324602127075,226,515,512,512
4.880324602127075,226,515,512,512
4.880324602127075,226,515,512,512
4.880324602127075,226,515,512,512
4.880324602127075,226,515,512,512
4.880324602127075,226,516,512,512
4.880324602127075,226,516,512,512
4.880324602127075,227,515,512,512
4.880324602127075,227,516,512,512
4.880324602127075,227,515,512,512
4.880324602127075,227,515,512,512
4.880324602127075,227,515,512,512
4.880324602127075,227,515,512,512
4.880324602127075,227,515,512,512
4.896080017089844,227,515,512,512
4.897505283355713,227,515,512,512
4.897505283355713,227,515,512,512
4.898945331573486,228,515,512,512
4.900184631347656,228,516,512,512
4.900932550430298,228,516,512,512
4.901943206787109,228,515,512,512
4.901943206787109,228,515,512,512
4.90294075012207,228,515,512,512
4.903940916061401,228,516,512,512
4.904941558837891,228,516,512,512
4.9059412479400635,228,516,512,512
4.90694260597229,228,516,512,512
4.90694260597229,228,515,512,512
4.907942771911621,228,515,512,512
4.90894341468811,229,515,512,512
4.909943580627441,229,515,512,512
4.910943508148193,229,515,512,512
4.911947727203369,229,515,512,512
4.912945747375488,229,516,512,512
4.912945747375488,229,515,512,512
4.914815187454224,229,515,512,512
4.915544748306274,229,515,512,512
4.915544748306274,229,515,512,512
4.917261838912964,229,515,512,512
4.9175097942352295,229,515,512,512
4.9185192584991455,228,516,512,512
4.919519901275635,229,516,512,512
4.920520544052124,229,515,512,512
4.920520544052124,229,515,512,512
4.921520233154297,229,515,512,512
4.922520399093628,229,515,512,512
4.923521041870117,229,515,512,512
4.924521207809448,229,515,512,512
4.925521373748779,229,515,512,512
4.925521373748779,229,514,512,512
4.926520347595215,229,514,512,512
4.9275195598602295,229,514,512,512
4.9285194873809814,229,514,512,512
4.9295196533203125,229,515,512,512
4.930740118026733,229,516,512,512
4.930740118026733,229,516,512,512
4.931762933731079,229,515,512,512
4.932754993438721,229,515,512,512
4.934108018875122,229,515,512,512
4.934617042541504,229,515,512,512
4.935627698898315,229,515,512,512
4.9366278648376465,229,515,512,512
4.937628269195557,228,515,512,512
4.937628269195557,228,515,512,512
4.938628435134888,228,515,512,512
4.9396281242370605,228,515,512,512
4.940628290176392,228,515,512,512
4.941632032394409,228,515,512,512
4.942629814147949,228,515,512,512
4.943626880645752,228,515,512,512
4.943626880645752,228,515,512,512
4.94462776184082,228,515,512,512
4.9456305503845215,228,515,512,512
4.946945667266846,228,514,512,512
4.946945667266846,228,515,512,512
4.946945667266846,228,515,512,512
4.946945667266846,227,515,512,512
4.946945667266846,227,515,512,512
4.946945667266846,227,515,512,512
4.946945667266846,227,515,512,512
4.946945667266846,227,515,512,512
4.946945667266846,227,515,512,512
4.946945667266846,227,515,512,512
4.946945667266846,227,515,512,512
4.946945667266846,227,515,512,512
4.946945667266846,227,515,512,512
4.946945667266846,227,515,512,512
4.946945667266846,226,515,512,512
4.946945667266846,227,515,512,512
4.946945667266846,227,516,512,512
4.946945667266846,227,516,512,512
4.946945667266846,227,515,512,512
4.9624505043029785,227,515,512,512
4.9624505043029785,226,515,512,512
4.9624505043029785,226,515,512,512
4.9624505043029785,226,515,512,512
4.9624505043029785,226,515,512,512
4.9624505043029785,226,515,512,512
4.9624505043029785,226,515,512,512
4.9624505043029785,226,515,512,512
4.9624505043029785,226,515,512,512
4.9624505043029785,226,515,512,512
4.9624505043029785,226,515,512,512
4.9624505043029785,226,516,512,512
4.9624505043029785,226,516,512,512
4.9624505043029785,226,515,512,512
4.9624505043029785,226,515,512,512
4.9624505043029785,226,515,512,512
4.9624505043029785,226,515,512,512
4.9624505043029785,226,515,512,512
4.978255748748779,226,515,512,512
4.978255748748779,226,516,512,512
4.978255748748779,226,515,512,512
4.978255748748779,226,515,512,512
4.978255748748779,226,516,512,512
4.978255748748779,226,515,512,512
4.978255748748779,226,515,512,512
4.978255748748779,226,516,512,512
4.978255748748779,226,516,512,512
4.978255748748779,226,515,512,512
4.978255748748779,226,515,512,512
4.978255748748779,226,515,512,512
4.978255748748779,227,515,512,512
4.978255748748779,227,515,512,512
4.978255748748779,227,516,512,512
4.978255748748779,227,516,512,512
4.978255748748779,227,515,512,512
4.978255748748779,227,515,512,512
4.993830919265747,227,515,512,512
4.993830919265747,227,515,512,512
4.995361804962158,227,515,512,512
4.995871305465698,227,516,512,512
4.995871305465698,227,516,512,512
4.995871305465698,227,515,512,512
4.995871305465698,227,515,512,512
4.995871305465698,228,515,512,512
4.995871305465698,228,515,512,512
4.995871305465698,228,516,512,512
4.995871305465698,228,516,512,512
4.995871305465698,228,516,512,512
4.995871305465698,228,516,512,512
4.995871305465698,228,515,512,512
4.995871305465698,228,515,512,512
4.995871305465698,228,515,512,512
4.995871305465698,228,515,512,512
4.995871305465698,229,515,512,512
4.995871305465698,229,515,512,512
5.009489297866821,229,515,512,512
5.009489297866821,228,515,512,512
5.009489297866821,228,515,512,512
5.009489297866821,228,515,512,512
5.009489297866821,229,515,512,512
5.009489297866821,229,515,512,512
5.009489297866821,229,516,512,512
5.009489297866821,229,515,512,512
5.009489297866821,229,515,512,512
5.009489297866821,229,515,512,512
5.009489297866821,229,515,512,512
5.009489297866821,229,515,512,512
5.009489297866821,229,515,512,512
5.009489297866821,229,516,512,512
5.009489297866821,229,515,512,512
5.009489297866821,229,515,512,512
5.009489297866821,229,515,512,512
5.009489297866821,229,515,512,512
5.025226831436157,229,515,512,512
5.025226831436157,229,515,512,512
5.026994466781616,229,515,512,512
5.026994466781616,229,515,512,512
5.026994466781616,229,515,512,512
5.026994466781616,229,515,512,512
5.026994466781616,229,515,512,512
5.026994466781616,228,515,512,512
5.026994466781616,229,515,512,512
5.026994466781616,229,516,512,512
5.026994466781616,229,516,512,512
5.026994466781616,229,515,512,512
5.026994466781616,229,515,512,512
5.026994466781616,228,515,512,512
5.026994466781616,228,515,512,512
5.026994466781616,228,515,512,512
5.026994466781616,228,515,512,512
5.026994466781616,228,515,512,512
5.026994466781616,228,515,512,512
5.041105270385742,228,515,512,512
5.041944742202759,228,515,512,512
5.041944742202759,228,515,512,512
5.041944742202759,228,515,512,512
5.041944742202759,228,515,512,512
5.041944742202759,228,515,512,512
5.041944742202759,227,514,512,512
5.041944742202759,227,514,512,512
5.041944742202759,227,514,512,512
5.041944742202759,227,514,512,512
5.041944742202759,227,514,512,512
5.041944742202759,227,515,512,512
5.041944742202759,227,515,512,512
5.041944742202759,227,515,512,512
5.041944742202759,227,515,512,512
5.041944742202759,227,515,512,512
5.041944742202759,227,515,512,512
5.041944742202759,227,515,512,512
5.041944742202759,227,516,512,512
5.0568528175354,227,515,512,512
5.058300971984863,226,515,512,512
5.059153079986572,226,515,512,512
5.059412002563477,226,515,512,512
5.060425281524658,226,515,512,512
5.061422348022461,226,515,512,512
5.062423229217529,226,515,512,512
5.063426494598389,226,515,512,512
5.064213275909424,226,515,512,512
5.065268278121948,226,515,512,512
5.065268278121948,226,515,512,512
5.066266059875488,226,515,512,512
5.067266464233398,226,515,512,512
5.06826639175415,226,516,512,512
5.069266319274902,226,515,512,512
5.070266962051392,226,515,512,512
5.070266962051392,226,515,512,512
5.071267366409302,226,515,512,512
5.072267055511475,226,515,512,512
5.0732691287994385,226,515,512,512
5.074267148971558,226,515,512,512
5.075489282608032,226,516,512,512
5.076247930526733,226,515,512,512
5.076247930526733,226,515,512,512
5.077262878417969,226,515,512,512
5.078260183334351,226,515,512,512
5.0792601108551025,226,515,512,512
5.0802483558654785,226,515,512,512
5.0802483558654785,226,516,512,512
5.0802483558654785,226,516,512,512
5.0802483558654785,226,515,512,512
5.0802483558654785,227,515,512,512
5.0802483558654785,227,515,512,512
5.0802483558654785,227,515,512,512
5.0802483558654785,227,515,512,512
5.0802483558654785,227,515,512,512
5.0802483558654785,227,515,512,512
5.0802483558654785,227,515,512,512
5.0802483558654785,227,515,512,512
5.0802483558654785,227,515,512,512
5.0802483558654785,227,515,512,512
5.0802483558654785,227,515,512,512
5.0802483558654785,227,516,512,512
5.0802483558654785,227,516,512,512
5.0802483558654785,227,515,512,512
5.095134735107422,227,515,512,512
5.095134735107422,227,515,512,512
5.095134735107422,227,515,512,512
5.095134735107422,228,515,512,512
5.095134735107422,228,516,512,512
5.095134735107422,228,515,512,512
5.095134735107422,228,515,512,512
5.095134735107422,228,515,512,512
5.095134735107422,228,515,512,512
5.095134735107422,228,515,512,512
5.095134735107422,228,516,512,512
5.095134735107422,228,516,512,512
5.095134735107422,228,515,512,512
5.095134735107422,228,515,512,512
5.095134735107422,228,515,512,512
5.095134735107422,229,515,512,512
5.095134735107422,228,515,512,512
5.095134735107422,228,516,512,512
5.110820293426514,228,516,512,512
5.110820293426514,228,515,512,512
5.110820293426514,228,515,512,512
5.110820293426514,228,515,512,512
5.110820293426514,228,515,512,512
5.110820293426514,228,515,512,512
5.110820293426514,228,515,512,512
5.110820293426514,229,516,512,512
5.110820293426514,229,515,512,512
5.110820293426514,229,515,512,512
5.110820293426514,229,515,512,512
5.110820293426514,229,515,512,512
5.110820293426514,229,515,512,512
5.110820293426514,229,515,512,512
5.110820293426514,229,516,512,512
5.110820293426514,229,516,512,512
5.110820293426514,229,515,512,512
5.110820293426514,229,515,512,512
5.126523971557617,229,515,512,512
5.126523971557617,229,515,512,512
5.126523971557617,229,515,512,512
5.126523971557617,229,515,512,512
5.126523971557617,229,515,512,512
5.126523971557617,229,515,512,512
5.131616592407227,228,515,512,512
5.131863594055176,228,515,512,512
5.131863594055176,228,515,512,512
5.131863594055176,229,515,512,512
5.131863594055176,228,516,512,512
5.131863594055176,228,516,512,512
5.131863594055176,228,515,512,512
5.131863594055176,228,515,512,512
5.131863594055176,228,515,512,512
5.131863594055176,228,515,512,512
5.131863594055176,228,515,512,512
5.131863594055176,228,515,512,512
5.131863594055176,228,515,512,512
5.1421990394592285,228,515,512,512
5.1421990394592285,228,515,512,512
5.1421990394592285,228,515,512,512
5.1421990394592285,228,515,512,512
5.1421990394592285,228,515,512,512
5.1421990394592285,227,515,512,512
5.1421990394592285,227,515,512,512
5.1421990394592285,227,515,512,512
5.1421990394592285,227,515,512,512
5.1421990394592285,227,515,512,512
5.1421990394592285,227,515,512,512
5.1421990394592285,227,515,512,512
5.1421990394592285,227,515,512,512
5.1421990394592285,226,515,512,512
5.1421990394592285,226,515,512,512
5.1421990394592285,226,515,512,512
5.1421990394592285,226,515,512,512
5.1421990394592285,226,515,512,512
5.157926082611084,226,515,512,512
5.157926082611084,226,516,512,512
5.159693479537964,226,515,512,512
5.160209655761719,226,515,512,512
5.160209655761719,226,515,512,512
5.160209655761719,226,515,512,512
5.160209655761719,226,515,512,512
5.160209655761719,226,515,512,512
5.160209655761719,226,516,512,512
5.160209655761719,226,516,512,512
5.160209655761719,226,515,512,512
5.160209655761719,226,515,512,512
5.160209655761719,226,515,512,512
5.160209655761719,226,515,512,512
5.160209655761719,226,514,512,512
5.160209655761719,226,515,512,512
5.160209655761719,226,515,512,512
5.160209655761719,226,515,512,512
5.160209655761719,226,514,512,512
5.173808574676514,226,515,512,512
5.173808574676514,226,515,512,512
5.173808574676514,226,515,512,512
5.173808574676514,226,515,512,512
5.173808574676514,226,516,512,512
5.173808574676514,226,515,512,512
5.173808574676514,226,515,512,512
5.173808574676514,226,515,512,512
5.173808574676514,226,515,512,512
5.173808574676514,226,515,512,512
5.173808574676514,226,515,512,512
5.173808574676514,226,516,512,512
5.173808574676514,226,515,512,512
5.173808574676514,226,515,512,512
5.173808574676514,226,515,512,512
5.173808574676514,226,515,512,512
5.173808574676514,227,515,512,512
5.173808574676514,227,515,512,512
5.173808574676514,227,515,512,512
5.18979287147522,227,515,512,512
5.190686225891113,227,515,512,512
5.191673994064331,227,515,512,512
5.192888498306274,227,516,512,512
5.192888498306274,227,515,512,512
5.192888498306274,227,516,512,512
5.192888498306274,227,516,512,512
5.192888498306274,227,516,512,512
5.192888498306274,227,516,512,512
5.192888498306274,227,516,512,512
5.192888498306274,227,516,512,512
5.192888498306274,228,516,512,512
5.192888498306274,228,516,512,512
5.192888498306274,228,516,512,512
5.192888498306274,228,516,512,512
5.192888498306274,228,515,512,512
5.192888498306274,228,515,512,512
5.192888498306274,228,515,512,512
5.2056286334991455,228,515,512,512
5.2056286334991455,228,516,512,512
5.2056286334991455,228,516,512,512
5.207647323608398,228,515,512,512
5.207647323608398,228,515,512,512
5.207647323608398,228,515,512,512
5.207647323608398,228,515,512,512
5.207647323608398,228,515,512,512
5.207647323608398,228,515,512,512
5.207647323608398,228,516,512,512
5.207647323608398,228,516,512,512
5.207647323608398,228,516,512,512
5.207647323608398,228,516,512,512
5.207647323608398,228,516,512,512
5.207647323608398,228,516,512,512
5.207647323608398,228,516,512,512
5.207647323608398,228,516,512,512
5.207647323608398,228,516,512,512
5.207647323608398,228,515,512,512
5.221459627151489,228,515,512,512
5.222238540649414,228,515,512,512
5.222238540649414,228,515,512,512
5.222238540649414,228,515,512,512
5.222238540649414,228,516,512,512
5.222238540649414,228,515,512,512
5.222238540649414,228,515,512,512
5.222238540649414,228,515,512,512
5.222238540649414,228,515,512,512
5.222238540649414,228,515,512,512
5.222238540649414,228,515,512,512
5.222238540649414,228,516,512,512
5.222238540649414,228,516,512,512
5.222238540649414,228,515,512,512
5.222238540649414,228,515,512,512
5.222238540649414,228,515,512,512
5.222238540649414,228,515,512,512
5.222238540649414,227,515,512,512
5.222238540649414,227,516,512,512
5.23733925819397,227,516,512,512
5.238796710968018,227,515,512,512
5.23905873298645,227,515,512,512
5.23905873298645,227,515,512,512
5.23905873298645,227,515,512,512
5.23905873298645,227,515,512,512
5.23905873298645,227,515,512,512
5.23905873298645,227,516,512,512
5.23905873298645,227,516,512,512
5.23905873298645,227,515,512,512
5.23905873298645,227,516,512,512
5.23905873298645,227,515,512,512
5.23905873298645,227,515,512,512
5.23905873298645,227,515,512,512
5.23905873298645,226,515,512,512
5.23905873298645,226,515,512,512
5.23905873298645,226,515,512,512
5.23905873298645,226,515,512,512
5.253095388412476,226,515,512,512
5.253095388412476,226,515,512,512
5.253095388412476,226,516,512,512
5.253095388412476,226,516,512,512
5.253095388412476,226,516,512,512
5.253095388412476,226,515,512,512
5.253095388412476,226,515,512,512
5.253095388412476,226,515,512,512
5.253095388412476,226,515,512,512
5.253095388412476,226,516,512,512
5.253095388412476,226,516,512,512
5.253095388412476,226,516,512,512
5.253095388412476,226,515,512,512
5.253095388412476,226,515,512,512
5.253095388412476,226,515,512,512
5.253095388412476,226,515,512,512
5.253095388412476,226,516,512,512
5.253095388412476,226,516,512,512
5.253095388412476,226,515,512,512
5.268913507461548,226,515,512,512
5.268913507461548,226,515,512,512
5.268913507461548,226,515,512,512
5.268913507461548,226,515,512,512
5.268913507461548,226,516,512,512
5.268913507461548,226,516,512,512
5.268913507461548,226,516,512,512
5.268913507461548,226,515,512,512
5.268913507461548,226,516,512,512
5.268913507461548,226,515,512,512
5.268913507461548,226,515,512,512
5.268913507461548,226,516,512,512
5.268913507461548,226,516,512,512
5.268913507461548,226,515,512,512
5.268913507461548,226,515,512,512
5.268913507461548,226,515,512,512
5.268913507461548,226,515,512,512
5.268913507461548,226,515,512,512
5.284734487533569,227,516,512,512
5.284734487533569,227,516,512,512
5.284734487533569,227,516,512,512
5.284734487533569,227,515,512,512
5.284734487533569,227,515,512,512
5.284734487533569,227,515,512,512
5.284734487533569,227,515,512,512
5.284734487533569,227,515,512,512
5.284734487533569,227,515,512,512
5.284734487533569,227,515,512,512
5.284734487533569,227,515,512,512
5.284734487533569,227,515,512,512
5.284734487533569,227,515,512,512
5.284734487533569,227,516,512,512
5.284734487533569,227,516,512,512
5.284734487533569,228,516,512,512
5.284734487533569,228,516,512,512
5.284734487533569,228,516,512,512
5.284734487533569,228,516,512,512
5.300482511520386,228,516,512,512
5.300482511520386,228,515,512,512
5.302583694458008,228,516,512,512
5.302583694458008,228,516,512,512
5.302583694458008,228,516,512,512
5.302583694458008,228,515,512,512
5.302583694458008,228,516,512,512
5.302583694458008,228,516,512,512
5.302583694458008,228,516,512,512
5.302583694458008,228,516,512,512
5.302583694458008,228,516,512,512
5.302583694458008,228,515,512,512
5.302583694458008,228,515,512,512
5.302583694458008,228,515,512,512
5.302583694458008,228,515,512,512
5.302583694458008,228,515,512,512
5.302583694458008,228,515,512,512
5.302583694458008,228,516,512,512
5.302583694458008,228,516,512,512
5.316329479217529,228,515,512,512
5.316329479217529,228,515,512,512
5.316329479217529,228,515,512,512
5.316329479217529,228,515,512,512
5.316329479217529,229,515,512,512
5.316329479217529,228,516,512,512
5.316329479217529,228,515,512,512
5.316329479217529,228,515,512,512
5.316329479217529,228,515,512,512
5.316329479217529,228,516,512,512
5.316329479217529,228,516,512,512
5.316329479217529,228,516,512,512
5.316329479217529,228,516,512,512
5.316329479217529,228,516,512,512
5.316329479217529,228,515,512,512
5.316329479217529,228,515,512,512
5.316329479217529,228,515,512,512
5.316329479217529,228,515,512,512
5.33220648765564,228,515,512,512
5.33220648765564,228,515,512,512
5.33220648765564,228,515,512,512
5.33220648765564,228,515,512,512
5.33220648765564,228,515,512,512
5.33220648765564,228,516,512,512
5.33220648765564,228,515,512,512
5.33220648765564,227,515,512,512
5.33220648765564,227,516,512,512
5.33220648765564,227,516,512,512
5.33220648765564,227,515,512,512
5.33220648765564,227,515,512,512
5.33220648765564,227,515,512,512
5.33220648765564,227,515,512,512
5.33220648765564,227,515,512,512
5.33220648765564,227,516,512,512
5.33220648765564,227,516,512,512
5.33220648765564,227,516,512,512
5.33220648765564,227,515,512,512
5.34831166267395,227,515,512,512
5.34831166267395,227,515,512,512
5.34831166267395,226,515,512,512
5.34831166267395,226,515,512,512
5.34831166267395,226,515,512,512
5.34831166267395,226,515,512,512
5.34831166267395,226,515,512,512
5.34831166267395,226,515,512,512
5.34831166267395,226,515,512,512
5.34831166267395,226,515,512,512
5.34831166267395,226,516,512,512
5.34831166267395,226,516,512,512
5.34831166267395,226,515,512,512
5.34831166267395,226,515,512,512
5.34831166267395,226,515,512,512
5.34831166267395,226,515,512,512
5.34831166267395,226,515,512,512
5.34831166267395,226,516,512,512
5.363626003265381,226,516,512,512
5.363626003265381,226,515,512,512
5.364725112915039,226,515,512,512
5.365742206573486,226,515,512,512
5.36673903465271,226,515,512,512
5.367938041687012,226,515,512,512
5.368461608886719,226,516,512,512
5.369471073150635,226,516,512,512
5.37047004699707,226,515,512,512
5.371470212936401,226,515,512,512
5.371470212936401,226,515,512,512
5.3724706172943115,226,515,512,512
5.373471021652222,226,515,512,512
5.37447190284729,226,515,512,512
5.375472068786621,226,515,512,512
5.37647271156311,226,515,512,512
5.37647271156311,226,515,512,512
5.377472400665283,226,515,512,512
5.378471374511719,226,516,512,512
5.379472732543945,227,516,512,512
5.38047456741333,227,516,512,512
5.3814380168914795,227,516,512,512
5.3818864822387695,227,515,512,512
5.382986068725586,227,515,512,512
5.383980989456177,227,515,512,512
5.385037422180176,227,515,512,512
5.385582447052002,227,515,512,512
5.3865907192230225,227,516,512,512
5.387589931488037,227,516,512,512
5.387589931488037,227,516,512,512
5.388589382171631,227,515,512,512
5.38959264755249,227,515,512,512
5.390592336654663,227,515,512,512
5.391592502593994,227,515,512,512
5.392592430114746,227,516,512,512
5.392592430114746,228,516,512,512
5.393593788146973,228,516,512,512
5.394591808319092,228,515,512,512
5.3955934047698975,228,515,512,512
5.396594524383545,228,516,512,512
5.397255182266235,227,515,512,512
5.39827299118042,227,516,512,512
5.399416923522949,228,516,512,512
5.399416923522949,228,516,512,512
5.40045428276062,228,515,512,512
5.402148246765137,228,516,512,512
5.4023919105529785,228,516,512,512
5.403400897979736,228,515,512,512
5.4044013023376465,228,515,512,512
5.405402183532715,228,516,512,512
5.405402183532715,228,516,512,512
5.406401872634888,228,516,512,512
5.40740180015564,228,516,512,512
5.408401727676392,228,515,512,512
5.409404039382935,228,515,512,512
5.41040301322937,228,515,512,512
5.41040301322937,228,515,512,512
5.411401271820068,228,515,512,512
5.41240119934082,228,515,512,512
5.413817405700684,228,515,512,512
5.414534330368042,228,515,512,512
5.4156599044799805,228,515,512,512
5.4156599044799805,228,515,512,512
5.416659593582153,228,516,512,512
5.417658567428589,228,516,512,512
5.418975353240967,228,515,512,512
5.4194746017456055,228,515,512,512
5.420486211776733,228,516,512,512
5.4214863777160645,228,515,512,512
5.422486305236816,228,515,512,512
5.422486305236816,228,516,512,512
5.4234864711761475,228,516,512,512
5.42448616027832,228,515,512,512
5.425487518310547,228,515,512,512
5.42648720741272,228,515,512,512
5.427487373352051,228,515,512,512
5.428486108779907,228,515,512,512
5.428486108779907,228,516,512,512
5.429485082626343,228,516,512,512
5.430941104888916,228,515,512,512
5.430941104888916,228,515,512,512
5.431941986083984,228,515,512,512
5.432941198348999,228,515,512,512
5.433939456939697,228,515,512,512
5.43493914604187,228,515,512,512
5.435938119888306,228,516,512,512
5.435938119888306,227,515,512,512
5.437936305999756,227,515,512,512
5.437936305999756,227,515,512,512
5.438937425613403,227,515,512,512
5.439936637878418,227,515,512,512
5.440936088562012,227,515,512,512
5.441935062408447,227,516,512,512
5.442935228347778,227,515,512,512
5.442935228347778,227,515,512,512
5.443934917449951,227,515,512,512
5.444976568222046,227,515,512,512
5.4460320472717285,227,515,512,512
5.446650743484497,227,516,512,512
5.446650743484497,227,516,512,512
5.446650743484497,227,516,512,512
5.446650743484497,227,515,512,512
5.446650743484497,227,515,512,512
5.446650743484497,227,515,512,512
5.446650743484497,227,515,512,512
5.446650743484497,227,515,512,512
5.446650743484497,226,515,512,512
5.446650743484497,226,515,512,512
5.446650743484497,226,515,512,512
5.446650743484497,226,515,512,512
5.446650743484497,226,515,512,512
5.446650743484497,226,515,512,512
5.446650743484497,226,516,512,512
5.446650743484497,226,516,512,512
5.446650743484497,226,516,512,512
5.446650743484497,226,515,512,512
5.4621665477752686,226,515,512,512
5.4621665477752686,226,515,512,512
5.4621665477752686,226,515,512,512
5.4621665477752686,226,515,512,512
5.4621665477752686,226,516,512,512
5.4621665477752686,226,516,512,512
5.4621665477752686,226,515,512,512
5.4621665477752686,226,516,512,512
5.4621665477752686,226,516,512,512
5.4621665477752686,226,515,512,512
5.4621665477752686,226,516,512,512
5.4621665477752686,226,516,512,512
5.4621665477752686,226,515,512,512
5.4621665477752686,226,515,512,512
5.4621665477752686,226,515,512,512
5.4621665477752686,226,515,512,512
5.4621665477752686,226,515,512,512
5.4621665477752686,226,516,512,512
5.4621665477752686,226,516,512,512
5.477958917617798,226,516,512,512
5.477958917617798,226,515,512,512
5.477958917617798,226,515,512,512
5.477958917617798,227,516,512,512
5.477958917617798,227,515,512,512
5.477958917617798,227,515,512,512
5.477958917617798,227,516,512,512
5.477958917617798,227,515,512,512
5.477958917617798,227,515,512,512
5.477958917617798,227,515,512,512
5.477958917617798,227,515,512,512
5.477958917617798,227,515,512,512
5.477958917617798,227,515,512,512
5.477958917617798,227,516,512,512
5.477958917617798,227,515,512,512
5.477958917617798,227,515,512,512
5.477958917617798,227,515,512,512
5.477958917617798,227,515,512,512
5.493769884109497,228,515,512,512
5.493769884109497,227,515,512,512
5.493769884109497,227,515,512,512
5.493769884109497,227,515,512,512
5.493769884109497,228,515,512,512
5.493769884109497,228,515,512,512
5.493769884109497,228,515,512,512
5.493769884109497,228,515,512,512
5.493769884109497,228,516,512,512
5.493769884109497,228,516,512,512
5.493769884109497,228,516,512,512
5.493769884109497,228,516,512,512
5.493769884109497,228,515,512,512
5.493769884109497,228,515,512,512
5.493769884109497,228,515,512,512
5.493769884109497,228,515,512,512
5.493769884109497,228,516,512,512
5.493769884109497,228,516,512,512
5.493769884109497,228,515,512,512
5.509860038757324,228,515,512,512
5.510738372802734,228,516,512,512
5.510738372802734,228,515,512,512
5.5126447677612305,228,515,512,512
5.5129029750823975,228,516,512,512
5.5144360065460205,228,516,512,512
5.5144360065460205,228,515,512,512
5.5144360065460205,228,515,512,512
5.5144360065460205,228,515,512,512
5.5144360065460205,228,515,512,512
5.5144360065460205,228,515,512,512
5.5144360065460205,228,516,512,512
5.5144360065460205,228,516,512,512
5.5144360065460205,228,516,512,512
5.5144360065460205,228,515,512,512
5.5144360065460205,228,515,512,512
5.5144360065460205,228,515,512,512
5.5144360065460205,228,515,512,512
5.5144360065460205,228,516,512,512
5.525732517242432,228,516,512,512
5.525732517242432,228,515,512,512
5.525732517242432,228,515,512,512
5.525732517242432,228,516,512,512
5.525732517242432,228,515,512,512
5.525732517242432,228,515,512,512
5.525732517242432,228,515,512,512
5.525732517242432,228,515,512,512
5.525732517242432,228,515,512,512
5.525732517242432,228,515,512,512
5.525732517242432,227,515,512,512
5.525732517242432,227,515,512,512
5.525732517242432,227,515,512,512
5.525732517242432,227,515,512,512
5.525732517242432,227,516,512,512
5.525732517242432,227,515,512,512
5.525732517242432,227,515,512,512
5.525732517242432,227,515,512,512
5.541470527648926,227,515,512,512
5.54248833656311,227,515,512,512
5.542998552322388,227,515,512,512
5.542998552322388,227,516,512,512
5.542998552322388,227,515,512,512
5.542998552322388,227,515,512,512
5.542998552322388,227,515,512,512
5.542998552322388,227,515,512,512
5.542998552322388,227,515,512,512
5.542998552322388,227,516,512,512
5.542998552322388,227,516,512,512
5.542998552322388,227,516,512,512
5.542998552322388,227,515,512,512
5.542998552322388,227,515,512,512
5.542998552322388,227,515,512,512
5.542998552322388,227,515,512,512
5.542998552322388,227,515,512,512
5.542998552322388,226,516,512,512
5.542998552322388,226,516,512,512
5.557145357131958,226,515,512,512
5.558362245559692,226,515,512,512
5.5593366622924805,226,515,512,512
5.5601115226745605,227,515,512,512
5.561124563217163,227,516,512,512
5.561124563217163,226,516,512,512
5.563128471374512,226,516,512,512
5.563838243484497,226,515,512,512
5.563838243484497,226,515,512,512
5.5648534297943115,226,515,512,512
5.565850019454956,226,515,512,512
5.566849946975708,226,516,512,512
5.56784987449646,226,516,512,512
5.56784987449646,226,516,512,512
5.56885027885437,227,516,512,512
5.569849252700806,227,516,512,512
5.5708489418029785,227,516,512,512
5.571848630905151,227,515,512,512
5.5728514194488525,227,515,512,512
5.573850870132446,227,515,512,512
5.573850870132446,227,515,512,512
5.574851989746094,227,515,512,512
5.57643723487854,227,515,512,512
5.576674222946167,227,515,512,512
5.577686071395874,227,515,512,512
5.578685998916626,227,515,512,512
5.579689979553223,227,516,512,512
5.580379962921143,227,516,512,512
5.580379962921143,226,515,512,512
5.580379962921143,227,515,512,512
5.580379962921143,227,515,512,512
5.580379962921143,227,515,512,512
5.580379962921143,227,515,512,512
5.580379962921143,227,516,512,512
5.580379962921143,227,516,512,512
5.580379962921143,227,516,512,512
5.580379962921143,227,516,512,512
5.580379962921143,227,516,512,512
5.580379962921143,227,515,512,512
5.580379962921143,227,515,512,512
5.580379962921143,227,516,512,512
5.580379962921143,227,516,512,512
5.580379962921143,227,515,512,512
5.580379962921143,227,515,512,512
5.580379962921143,227,516,512,512
5.595327377319336,227,515,512,512
5.595327377319336,228,515,512,512
5.595327377319336,228,516,512,512
5.595327377319336,228,516,512,512
5.595327377319336,228,515,512,512
5.595327377319336,228,515,512,512
5.595327377319336,228,516,512,512
5.595327377319336,228,515,512,512
5.595327377319336,227,515,512,512
5.595327377319336,227,516,512,512
5.595327377319336,227,516,512,512
5.595327377319336,227,516,512,512
5.595327377319336,228,515,512,512
5.595327377319336,228,516,512,512
5.595327377319336,228,515,512,512
5.595327377319336,228,515,512,512
5.595327377319336,228,516,512,512
5.595327377319336,228,516,512,512
5.611004590988159,228,516,512,512
5.611004590988159,228,516,512,512
5.611004590988159,228,515,512,512
5.611004590988159,228,515,512,512
5.611004590988159,228,515,512,512
5.611004590988159,228,515,512,512
5.611004590988159,228,515,512,512
5.611004590988159,228,515,512,512
5.611004590988159,228,515,512,512
5.611004590988159,228,515,512,512
5.611004590988159,228,515,512,512
5.611004590988159,228,515,512,512
5.611004590988159,228,515,512,512
5.611004590988159,228,515,512,512
5.611004590988159,228,515,512,512
5.611004590988159,228,515,512,512
5.611004590988159,228,515,512,512
5.611004590988159,228,515,512,512
5.626713037490845,228,515,512,512
5.626713037490845,228,515,512,512
5.626713037490845,228,515,512,512
5.626713037490845,228,515,512,512
5.626713037490845,228,515,512,512
5.626713037490845,228,515,512,512
5.631803035736084,228,515,512,512
5.632051706314087,227,515,512,512
5.632051706314087,228,515,512,512
5.632051706314087,228,516,512,512
5.632051706314087,228,515,512,512
5.632051706314087,228,515,512,512
5.632051706314087,228,515,512,512
5.632051706314087,228,515,512,512
5.632051706314087,228,515,512,512
5.632051706314087,228,515,512,512
5.632051706314087,228,515,512,512
5.632051706314087,228,515,512,512
5.632051706314087,228,515,512,512
5.642386436462402,228,515,512,512
5.642386436462402,227,515,512,512
5.642386436462402,227,515,512,512
5.642386436462402,227,515,512,512
5.642386436462402,227,515,512,512
5.642386436462402,227,515,512,512
5.642386436462402,227,515,512,512
5.642386436462402,227,515,512,512
5.642386436462402,227,515,512,512
5.642386436462402,227,515,512,512
5.642386436462402,227,515,512,512
5.642386436462402,227,516,512,512
5.642386436462402,227,515,512,512
5.642386436462402,227,515,512,512
5.642386436462402,227,515,512,512
5.642386436462402,227,515,512,512
5.642386436462402,227,515,512,512
5.642386436462402,227,515,512,512
5.6580970287323,227,515,512,512
5.6580970287323,227,515,512,512
5.6580970287323,227,515,512,512
5.6580970287323,227,515,512,512
5.6580970287323,227,515,512,512
5.6580970287323,227,515,512,512
5.6580970287323,227,515,512,512
5.6580970287323,227,515,512,512
5.6580970287323,227,515,512,512
5.6580970287323,227,515,512,512
5.6580970287323,227,515,512,512
5.6580970287323,227,515,512,512
5.6580970287323,227,515,512,512
5.6580970287323,227,515,512,512
5.6580970287323,227,516,512,512
5.6580970287323,227,516,512,512
5.6580970287323,227,515,512,512
5.6580970287323,227,515,512,512
5.6580970287323,227,515,512,512
5.6739795207977295,227,515,512,512
5.675184011459351,227,515,512,512
5.675442695617676,227,515,512,512
5.675442695617676,227,515,512,512
5.675442695617676,227,515,512,512
5.675442695617676,227,515,512,512
5.675442695617676,227,515,512,512
5.675442695617676,227,515,512,512
5.675442695617676,227,515,512,512
5.675442695617676,227,515,512,512
5.675442695617676,227,515,512,512
5.675442695617676,227,515,512,512
5.675442695617676,227,515,512,512
5.675442695617676,227,515,512,512
5.675442695617676,227,515,512,512
5.675442695617676,227,515,512,512
5.675442695617676,227,515,512,512
5.675442695617676,227,515,512,512
5.675442695617676,227,515,512,512
5.689751386642456,228,515,512,512
5.689751386642456,228,515,512,512
5.689751386642456,228,515,512,512
5.689751386642456,228,515,512,512
5.689751386642456,228,515,512,512
5.689751386642456,228,515,512,512
5.689751386642456,228,514,512,512
5.689751386642456,228,514,512,512
5.689751386642456,228,514,512,512
5.689751386642456,228,514,512,512
5.689751386642456,228,514,512,512
5.689751386642456,228,515,512,512
5.689751386642456,227,515,512,512
5.689751386642456,228,515,512,512
5.689751386642456,228,515,512,512
5.689751386642456,228,515,512,512
5.689751386642456,228,515,512,512
5.689751386642456,228,515,512,512
5.705550193786621,228,515,512,512
5.705550193786621,228,516,512,512
5.705550193786621,228,515,512,512
5.705550193786621,228,515,512,512
5.705550193786621,228,515,512,512
5.705550193786621,228,515,512,512
5.705550193786621,228,515,512,512
5.705550193786621,228,515,512,512
5.705550193786621,228,516,512,512
5.705550193786621,228,515,512,512
5.705550193786621,228,515,512,512
5.705550193786621,228,515,512,512
5.705550193786621,228,515,512,512
5.705550193786621,228,515,512,512
5.705550193786621,228,515,512,512
5.705550193786621,228,515,512,512
5.705550193786621,228,515,512,512
5.705550193786621,228,515,512,512
5.721155405044556,228,515,512,512
5.721155405044556,228,515,512,512
5.721155405044556,228,515,512,512
5.721155405044556,228,515,512,512
5.721155405044556,228,515,512,512
5.721155405044556,228,515,512,512
5.721155405044556,228,515,512,512
5.721155405044556,228,515,512,512
5.721155405044556,228,515,512,512
5.721155405044556,228,515,512,512
5.721155405044556,228,515,512,512
5.721155405044556,228,515,512,512
5.721155405044556,228,515,512,512
5.721155405044556,228,515,512,512
5.721155405044556,228,515,512,512
5.721155405044556,228,515,512,512
5.721155405044556,228,515,512,512
5.721155405044556,228,515,512,512
5.721155405044556,228,515,512,512
5.736963272094727,228,515,512,512
5.737985134124756,227,515,512,512
5.738497495651245,227,515,512,512
5.738497495651245,227,515,512,512
5.738497495651245,227,515,512,512
5.738497495651245,227,515,512,512
5.738497495651245,227,515,512,512
5.738497495651245,227,515,512,512
5.738497495651245,227,515,512,512
5.738497495651245,227,515,512,512
5.738497495651245,227,515,512,512
5.738497495651245,227,515,512,512
5.738497495651245,227,515,512,512
5.738497495651245,227,515,512,512
5.738497495651245,227,515,512,512
5.738497495651245,227,515,512,512
5.738497495651245,227,515,512,512
5.738497495651245,227,515,512,512
5.738497495651245,227,515,512,512
5.752842664718628,227,515,512,512
5.752842664718628,227,516,512,512
5.752842664718628,227,516,512,512
5.752842664718628,227,515,512,512
5.752842664718628,227,515,512,512
5.752842664718628,227,515,512,512
5.752842664718628,227,515,512,512
5.752842664718628,227,515,512,512
5.752842664718628,227,515,512,512
5.752842664718628,227,515,512,512
5.752842664718628,227,515,512,512
5.752842664718628,227,515,512,512
5.752842664718628,227,515,512,512
5.752842664718628,227,515,512,512
5.752842664718628,227,515,512,512
5.752842664718628,227,515,512,512
5.752842664718628,227,515,512,512
5.752842664718628,227,515,512,512
5.7686216831207275,227,515,512,512
5.7686216831207275,227,515,512,512
5.7686216831207275,227,515,512,512
5.7686216831207275,227,515,512,512
5.7686216831207275,227,516,512,512
5.7686216831207275,227,516,512,512
5.7686216831207275,227,515,512,512
5.7686216831207275,227,515,512,512
5.7686216831207275,227,515,512,512
5.7686216831207275,227,515,512,512
5.7686216831207275,227,515,512,512
5.7686216831207275,227,515,512,512
5.7686216831207275,227,515,512,512
5.7686216831207275,227,515,512,512
5.7686216831207275,227,515,512,512
5.7686216831207275,227,515,512,512
5.7686216831207275,227,515,512,512
5.7686216831207275,227,515,512,512
5.7686216831207275,227,516,512,512
5.784517765045166,227,516,512,512
5.784517765045166,227,516,512,512
5.784517765045166,227,515,512,512
5.784517765045166,227,515,512,512
5.784517765045166,227,515,512,512
5.784517765045166,228,515,512,512
5.784517765045166,227,516,512,512
5.784517765045166,228,516,512,512
5.784517765045166,228,515,512,512
5.784517765045166,228,515,512,512
5.784517765045166,227,515,512,512
5.784517765045166,227,515,512,512
5.784517765045166,228,515,512,512
5.784517765045166,228,515,512,512
5.784517765045166,228,516,512,512
5.784517765045166,228,515,512,512
5.784517765045166,228,515,512,512
5.784517765045166,228,515,512,512
5.800246238708496,228,515,512,512
5.800246238708496,228,515,512,512
5.801903009414673,228,515,512,512
5.801903009414673,228,515,512,512
5.801903009414673,228,515,512,512
5.801903009414673,228,515,512,512
5.801903009414673,228,515,512,512
5.801903009414673,228,515,512,512
5.801903009414673,228,515,512,512
5.801903009414673,228,515,512,512
5.801903009414673,228,516,512,512
5.801903009414673,228,516,512,512
5.801903009414673,228,515,512,512
5.801903009414673,228,515,512,512
5.801903009414673,228,515,512,512
5.801903009414673,228,515,512,512
5.801903009414673,228,515,512,512
5.801903009414673,228,516,512,512
5.801903009414673,228,515,512,512
5.81611704826355,228,515,512,512
5.81611704826355,228,515,512,512
5.81611704826355,228,515,512,512
5.81611704826355,228,514,512,512
5.81611704826355,227,515,512,512
5.81611704826355,227,515,512,512
5.81611704826355,227,515,512,512
5.81611704826355,227,515,512,512
5.81611704826355,227,515,512,512
5.81611704826355,227,515,512,512
5.81611704826355,228,515,512,512
5.81611704826355,228,515,512,512
5.81611704826355,228,516,512,512
5.81611704826355,228,515,512,512
5.81611704826355,228,515,512,512
5.81611704826355,228,515,512,512
5.81611704826355,228,515,512,512
5.81611704826355,228,515,512,512
5.81611704826355,228,515,512,512
5.83190393447876,228,515,512,512
5.83190393447876,228,516,512,512
5.83190393447876,227,515,512,512
5.83190393447876,227,515,512,512
5.83190393447876,227,515,512,512
5.83190393447876,227,515,512,512
5.83190393447876,227,515,512,512
5.83190393447876,227,515,512,512
5.83190393447876,227,515,512,512
5.83190393447876,227,515,512,512
5.83190393447876,227,515,512,512
5.83190393447876,227,515,512,512
5.83190393447876,227,515,512,512
5.83190393447876,227,515,512,512
5.83190393447876,227,516,512,512
5.83190393447876,227,516,512,512
5.83190393447876,227,515,512,512
5.83190393447876,227,515,512,512
5.847748279571533,227,515,512,512
5.847748279571533,227,515,512,512
5.847748279571533,227,515,512,512
5.847748279571533,227,515,512,512
5.847748279571533,227,515,512,512
5.847748279571533,227,515,512,512
5.847748279571533,227,515,512,512
5.847748279571533,227,515,512,512
5.847748279571533,227,515,512,512
5.847748279571533,227,515,512,512
5.847748279571533,227,515,512,512
5.847748279571533,227,515,512,512
5.847748279571533,227,515,512,512
5.847748279571533,227,515,512,512
5.847748279571533,227,515,512,512
5.847748279571533,227,515,512,512
5.847748279571533,226,515,512,512
5.847748279571533,227,515,512,512
5.847748279571533,227,515,512,512
5.86362361907959,227,515,512,512
5.86362361907959,227,515,512,512
5.86362361907959,227,515,512,512
5.86362361907959,227,515,512,512
5.86362361907959,227,515,512,512
5.86362361907959,227,516,512,512
5.86362361907959,227,516,512,512
5.86362361907959,227,515,512,512
5.86362361907959,227,515,512,512
5.86362361907959,227,515,512,512
5.86362361907959,227,515,512,512
5.86362361907959,227,515,512,512
5.86362361907959,227,515,512,512
5.86362361907959,227,515,512,512
5.86362361907959,227,515,512,512
5.86362361907959,227,515,512,512
5.86362361907959,227,515,512,512
5.86362361907959,227,515,512,512
5.86362361907959,227,515,512,512
5.879611015319824,227,515,512,512
5.880820035934448,227,516,512,512
5.88148307800293,227,515,512,512
5.88148307800293,227,515,512,512
5.88148307800293,227,515,512,512
5.88148307800293,227,516,512,512
5.88148307800293,227,515,512,512
5.88148307800293,228,515,512,512
5.88148307800293,228,516,512,512
5.88148307800293,227,515,512,512
5.88148307800293,227,515,512,512
5.88148307800293,227,515,512,512
5.88148307800293,227,515,512,512
5.88148307800293,228,515,512,512
5.88148307800293,227,515,512,512
5.88148307800293,227,516,512,512
5.88148307800293,228,516,512,512
5.88148307800293,228,515,512,512
5.88148307800293,228,515,512,512
5.88148307800293,228,515,512,512
5.8971474170684814,228,515,512,512
5.898172616958618,228,515,512,512
5.898172616958618,228,515,512,512
5.8991639614105225,228,515,512,512
5.900582551956177,228,515,512,512
5.901056528091431,228,515,512,512
5.902071237564087,228,515,512,512
5.903065919876099,228,515,512,512
5.903065919876099,228,515,512,512
5.9040656089782715,228,515,512,512
5.905066013336182,228,515,512,512
5.906066179275513,228,515,512,512
5.907067060470581,228,515,512,512
5.908066987991333,228,515,512,512
5.908066987991333,228,515,512,512
5.909067153930664,228,515,512,512
5.910067081451416,228,515,512,512
5.911067962646484,228,516,512,512
5.912067651748657,228,515,512,512
5.913069486618042,228,515,512,512
5.9140706062316895,228,515,512,512
5.91507625579834,228,515,512,512
5.91507625579834,228,515,512,512
5.916067600250244,228,515,512,512
5.917641639709473,228,516,512,512
5.917641639709473,228,515,512,512
5.918648958206177,228,515,512,512
5.919652223587036,228,515,512,512
5.920651435852051,228,515,512,512
5.92165207862854,228,515,512,512
5.922652006149292,228,515,512,512
5.922652006149292,228,515,512,512
5.923652172088623,228,515,512,512
5.924652099609375,228,515,512,512
5.925653696060181,228,515,512,512
5.926653146743774,227,515,512,512
5.927653074264526,227,515,512,512
5.927653074264526,227,515,512,512
5.928652763366699,227,515,512,512
5.930200099945068,227,515,512,512
5.930200099945068,227,515,512,512
5.931465148925781,227,515,512,512
5.932469367980957,227,515,512,512
5.933723211288452,228,515,512,512
5.934471130371094,228,515,512,512
5.935481786727905,228,515,512,512
5.935481786727905,228,515,512,512
5.936482667922974,228,515,512,512
5.937482595443726,228,515,512,512
5.9384825229644775,228,515,512,512
5.939482688903809,228,515,512,512
5.9404826164245605,228,515,512,512
5.9404826164245605,227,515,512,512
5.941481113433838,227,515,512,512
5.942481517791748,227,515,512,512
5.943483829498291,227,515,512,512
5.944485425949097,227,515,512,512
5.945480823516846,227,515,512,512
5.94648289680481,227,515,512,512
5.94648289680481,227,516,512,512
5.948122501373291,227,515,512,512
5.948122501373291,227,515,512,512
5.948122501373291,227,515,512,512
5.948122501373291,227,515,512,512
5.948122501373291,227,515,512,512
5.948122501373291,227,515,512,512
5.948122501373291,227,516,512,512
5.948122501373291,227,515,512,512
5.948122501373291,227,515,512,512
5.948122501373291,227,515,512,512
5.948122501373291,227,515,512,512
5.948122501373291,227,515,512,512
5.948122501373291,227,515,512,512
5.948122501373291,227,515,512,512
5.948122501373291,227,515,512,512
5.948122501373291,227,515,512,512
5.948122501373291,227,515,512,512
5.948122501373291,227,515,512,512
5.9632532596588135,227,515,512,512
5.9632532596588135,227,515,512,512
5.9632532596588135,227,516,512,512
5.9632532596588135,227,516,512,512
5.9632532596588135,227,515,512,512
5.9632532596588135,227,515,512,512
5.9632532596588135,227,515,512,512
5.9632532596588135,227,515,512,512
5.9632532596588135,227,515,512,512
5.9632532596588135,227,516,512,512
5.9632532596588135,227,516,512,512
5.9632532596588135,227,515,512,512
5.9632532596588135,227,515,512,512
5.9632532596588135,227,516,512,512
5.9632532596588135,228,515,512,512
5.9632532596588135,228,516,512,512
5.9632532596588135,228,516,512,512
5.9632532596588135,227,516,512,512
5.9632532596588135,227,515,512,512
5.97899603843689,227,515,512,512
5.97899603843689,227,515,512,512
5.97899603843689,227,515,512,512
5.97899603843689,227,515,512,512
5.97899603843689,227,515,512,512
5.97899603843689,227,515,512,512
5.97899603843689,227,515,512,512
5.97899603843689,228,515,512,512
5.97899603843689,228,515,512,512
5.97899603843689,228,515,512,512
5.97899603843689,227,515,512,512
5.97899603843689,227,516,512,512
5.97899603843689,227,515,512,512
5.97899603843689,227,515,512,512
5.97899603843689,227,515,512,512
5.97899603843689,228,515,512,512
5.97899603843689,228,515,512,512
5.97899603843689,228,515,512,512
5.994708061218262,228,516,512,512
5.994708061218262,228,515,512,512
5.994708061218262,228,515,512,512
5.994708061218262,228,515,512,512
5.994708061218262,228,515,512,512
5.994708061218262,228,515,512,512
5.994708061218262,228,515,512,512
5.994708061218262,228,516,512,512
5.994708061218262,228,516,512,512
5.994708061218262,228,515,512,512
5.994708061218262,228,515,512,512
5.994708061218262,228,515,512,512
5.994708061218262,228,515,512,512
5.994708061218262,228,515,512,512
5.994708061218262,228,516,512,512
5.994708061218262,228,516,512,512
5.994708061218262,228,515,512,512
5.994708061218262,228,515,512,512
5.994708061218262,228,515,512,512
6.01059365272522,228,515,512,512
6.01059365272522,228,515,512,512
6.01059365272522,228,515,512,512
6.01059365272522,228,515,512,512
6.01059365272522,228,515,512,512
6.01059365272522,228,515,512,512
6.01059365272522,228,515,512,512
6.01059365272522,228,515,512,512
6.01059365272522,228,515,512,512
6.01059365272522,228,515,512,512
6.01059365272522,228,515,512,512
6.01059365272522,228,515,512,512
6.01059365272522,228,515,512,512
6.01059365272522,228,514,512,512
6.01059365272522,228,514,512,512
6.01059365272522,228,514,512,512
6.01059365272522,228,515,512,512
6.01059365272522,228,515,512,512
6.0263471603393555,228,515,512,512
6.0263471603393555,228,515,512,512
6.0263471603393555,228,515,512,512
6.0263471603393555,227,515,512,512
6.0263471603393555,227,515,512,512
6.0263471603393555,227,515,512,512
6.0263471603393555,227,515,512,512
6.0263471603393555,227,515,512,512
6.0263471603393555,227,515,512,512
6.0263471603393555,228,515,512,512
6.0263471603393555,228,515,512,512
6.0263471603393555,228,515,512,512
6.0263471603393555,228,515,512,512
6.0263471603393555,228,515,512,512
6.0263471603393555,227,515,512,512
6.0263471603393555,227,515,512,512
6.0263471603393555,227,515,512,512
6.0263471603393555,227,515,512,512
6.0263471603393555,227,515,512,512
6.042020559310913,227,515,512,512
6.042020559310913,227,516,512,512
6.042020559310913,227,516,512,512
6.042020559310913,227,516,512,512
6.042020559310913,227,516,512,512
6.042020559310913,227,516,512,512
6.042020559310913,227,516,512,512
6.042020559310913,227,516,512,512
6.042020559310913,227,516,512,512
6.042020559310913,227,516,512,512
6.042020559310913,227,515,512,512
6.042020559310913,227,516,512,512
6.042020559310913,227,516,512,512
6.042020559310913,227,515,512,512
6.042020559310913,227,516,512,512
6.042020559310913,227,516,512,512
6.042020559310913,227,516,512,512
6.042020559310913,227,516,512,512
6.057729482650757,227,516,512,512
6.057729482650757,227,515,512,512
6.059272527694702,227,515,512,512
6.060423135757446,227,515,512,512
6.06130313873291,227,515,512,512
6.061584234237671,227,515,512,512
6.062596082687378,227,515,512,512
6.063595294952393,227,515,512,512
6.064420223236084,227,515,512,512
6.065630912780762,227,515,512,512
6.065630912780762,227,516,512,512
6.0666279792785645,227,516,512,512
6.0676281452178955,227,516,512,512
6.068631649017334,227,516,512,512
6.069628953933716,227,516,512,512
6.07062840461731,227,516,512,512
6.071627616882324,227,515,512,512
6.071627616882324,227,515,512,512
6.072627782821655,227,516,512,512
6.073628664016724,227,516,512,512
6.074629068374634,227,515,512,512
6.075628757476807,227,516,512,512
6.076627016067505,227,515,512,512
6.076627016067505,227,515,512,512
6.078408479690552,227,516,512,512
6.078408479690552,227,516,512,512
6.079420804977417,227,516,512,512
6.080425262451172,227,516,512,512
6.081388711929321,227,515,512,512
6.081388711929321,227,516,512,512
6.081388711929321,227,515,512,512
6.081388711929321,227,515,512,512
6.081388711929321,227,516,512,512
6.081388711929321,227,516,512,512
6.081388711929321,227,515,512,512
6.081388711929321,227,515,512,512
6.081388711929321,227,516,512,512
6.081388711929321,227,515,512,512
6.081388711929321,227,515,512,512
6.081388711929321,227,516,512,512
6.081388711929321,227,516,512,512
6.081388711929321,227,516,512,512
6.081388711929321,227,515,512,512
6.081388711929321,227,516,512,512
6.081388711929321,227,516,512,512
6.096278429031372,227,516,512,512
6.096278429031372,227,516,512,512
6.096278429031372,227,516,512,512
6.096278429031372,227,516,512,512
6.096278429031372,227,515,512,512
6.096278429031372,227,515,512,512
6.096278429031372,228,515,512,512
6.096278429031372,227,515,512,512
6.096278429031372,228,515,512,512
6.096278429031372,228,515,512,512
6.096278429031372,228,515,512,512
6.096278429031372,227,515,512,512
6.096278429031372,227,515,512,512
6.096278429031372,227,516,512,512
6.096278429031372,227,516,512,512
6.096278429031372,228,516,512,512
6.096278429031372,228,516,512,512
6.096278429031372,228,516,512,512
6.096278429031372,228,515,512,512
6.111949443817139,228,516,512,512
6.111949443817139,228,515,512,512
6.111949443817139,228,515,512,512
6.111949443817139,228,516,512,512
6.111949443817139,228,516,512,512
6.111949443817139,228,515,512,512
6.111949443817139,228,515,512,512
6.111949443817139,228,515,512,512
6.111949443817139,228,515,512,512
6.111949443817139,228,515,512,512
6.111949443817139,228,515,512,512
6.111949443817139,228,516,512,512
6.111949443817139,228,516,512,512
6.111949443817139,228,515,512,512
6.111949443817139,228,515,512,512
6.111949443817139,227,515,512,512
6.111949443817139,227,515,512,512
6.111949443817139,227,515,512,512
6.1276538372039795,227,516,512,512
6.1276538372039795,227,516,512,512
6.1276538372039795,227,515,512,512
6.1276538372039795,227,516,512,512
6.1276538372039795,227,515,512,512
6.1276538372039795,227,515,512,512
6.1276538372039795,227,515,512,512
6.1276538372039795,227,516,512,512
6.1276538372039795,227,516,512,512
6.1276538372039795,227,515,512,512
6.1276538372039795,227,515,512,512
6.1276538372039795,227,516,512,512
6.1276538372039795,227,515,512,512
6.1276538372039795,227,516,512,512
6.1276538372039795,227,516,512,512
6.1276538372039795,227,516,512,512
6.1276538372039795,227,515,512,512
6.1276538372039795,227,515,512,512
6.1276538372039795,227,515,512,512
6.143295764923096,227,515,512,512
6.143295764923096,227,515,512,512
6.143295764923096,227,515,512,512
6.143295764923096,227,515,512,512
6.143295764923096,227,515,512,512
6.148089647293091,227,515,512,512
6.148582935333252,227,516,512,512
6.148582935333252,227,516,512,512
6.148582935333252,227,515,512,512
6.148582935333252,227,516,512,512
6.148582935333252,227,516,512,512
6.148582935333252,227,515,512,512
6.148582935333252,227,515,512,512
6.148582935333252,227,516,512,512
6.148582935333252,227,515,512,512
6.148582935333252,227,516,512,512
6.148582935333252,227,516,512,512
6.148582935333252,227,516,512,512
6.159044027328491,227,515,512,512
6.159044027328491,227,515,512,512
6.159044027328491,227,516,512,512
6.159044027328491,227,515,512,512
6.159044027328491,227,515,512,512
6.159044027328491,227,516,512,512
6.159044027328491,227,516,512,512
6.159044027328491,227,515,512,512
6.159044027328491,227,515,512,512
6.159044027328491,227,516,512,512
6.159044027328491,227,516,512,512
6.159044027328491,227,516,512,512
6.159044027328491,227,516,512,512
6.159044027328491,227,516,512,512
6.159044027328491,227,515,512,512
6.159044027328491,227,515,512,512
6.159044027328491,227,515,512,512
6.159044027328491,227,515,512,512
6.159044027328491,227,515,512,512
6.174722671508789,227,516,512,512
6.176154375076294,227,516,512,512
6.176410675048828,227,516,512,512
6.176410675048828,227,516,512,512
6.176410675048828,227,516,512,512
6.176410675048828,227,516,512,512
6.176410675048828,227,515,512,512
6.176410675048828,227,515,512,512
6.176410675048828,227,516,512,512
6.176410675048828,227,515,512,512
6.176410675048828,227,515,512,512
6.176410675048828,227,515,512,512
6.176410675048828,227,515,512,512
6.176410675048828,227,515,512,512
6.176410675048828,227,515,512,512
6.176410675048828,227,515,512,512
6.176410675048828,227,516,512,512
6.176410675048828,227,515,512,512
6.190448045730591,227,516,512,512
6.190448045730591,227,515,512,512
6.190448045730591,227,515,512,512
6.190448045730591,227,516,512,512
6.190448045730591,227,516,512,512
6.190448045730591,227,516,512,512
6.190448045730591,227,515,512,512
6.190448045730591,227,516,512,512
6.190448045730591,227,516,512,512
6.190448045730591,227,515,512,512
6.190448045730591,227,516,512,512
6.190448045730591,227,516,512,512
6.190448045730591,227,516,512,512
6.190448045730591,227,515,512,512
6.190448045730591,227,515,512,512
6.190448045730591,228,516,512,512
6.190448045730591,228,515,512,512
6.190448045730591,228,515,512,512
6.190448045730591,228,516,512,512
6.206258535385132,228,516,512,512
6.207584381103516,227,515,512,512
6.207786798477173,227,515,512,512
6.207786798477173,227,516,512,512
6.207786798477173,227,515,512,512
6.207786798477173,227,515,512,512
6.207786798477173,227,516,512,512
6.207786798477173,227,516,512,512
6.207786798477173,227,515,512,512
6.207786798477173,227,515,512,512
6.207786798477173,228,515,512,512
6.207786798477173,228,515,512,512
6.207786798477173,228,515,512,512
6.207786798477173,228,516,512,512
6.207786798477173,228,516,512,512
6.207786798477173,228,516,512,512
6.207786798477173,228,516,512,512
6.207786798477173,228,516,512,512
6.221804141998291,228,515,512,512
6.221804141998291,227,515,512,512
6.221804141998291,227,515,512,512
6.221804141998291,227,515,512,512
6.221804141998291,227,515,512,512
6.221804141998291,227,515,512,512
6.221804141998291,227,515,512,512
6.221804141998291,227,515,512,512
6.221804141998291,227,516,512,512
6.221804141998291,228,516,512,512
6.221804141998291,228,516,512,512
6.221804141998291,227,516,512,512
6.221804141998291,227,515,512,512
6.221804141998291,227,515,512,512
6.221804141998291,227,515,512,512
6.221804141998291,227,515,512,512
6.221804141998291,228,516,512,512
6.221804141998291,227,516,512,512
6.221804141998291,227,515,512,512
6.237469911575317,227,515,512,512
6.239177465438843,227,515,512,512
6.239177465438843,227,515,512,512
6.239177465438843,227,515,512,512
6.239177465438843,227,515,512,512
6.239177465438843,227,516,512,512
6.239177465438843,227,515,512,512
6.239177465438843,227,515,512,512
6.239177465438843,227,515,512,512
6.239177465438843,227,515,512,512
6.239177465438843,227,515,512,512
6.239177465438843,227,516,512,512
6.239177465438843,227,516,512,512
6.239177465438843,227,515,512,512
6.239177465438843,227,515,512,512
6.239177465438843,227,515,512,512
6.239177465438843,227,515,512,512
6.239177465438843,227,515,512,512
6.253261089324951,227,516,512,512
6.253261089324951,227,516,512,512
6.253261089324951,227,516,512,512
6.253261089324951,227,516,512,512
6.253261089324951,227,516,512,512
6.253261089324951,227,516,512,512
6.253261089324951,227,516,512,512
6.253261089324951,227,516,512,512
6.253261089324951,227,516,512,512
6.253261089324951,227,515,512,512
6.253261089324951,227,515,512,512
6.253261089324951,227,515,512,512
6.253261089324951,227,515,512,512
6.253261089324951,227,515,512,512
6.253261089324951,227,515,512,512
6.253261089324951,227,515,512,512
6.253261089324951,227,515,512,512
6.253261089324951,227,515,512,512
6.253261089324951,227,515,512,512
6.269045352935791,227,515,512,512
6.269045352935791,227,515,512,512
6.269045352935791,227,516,512,512
6.269045352935791,227,516,512,512
6.269045352935791,227,516,512,512
6.269045352935791,227,515,512,512
6.269045352935791,227,516,512,512
6.269045352935791,227,516,512,512
6.269045352935791,227,515,512,512
6.269045352935791,227,515,512,512
6.269045352935791,227,516,512,512
6.269045352935791,227,516,512,512
6.269045352935791,227,515,512,512
6.269045352935791,227,515,512,512
6.269045352935791,227,515,512,512
6.269045352935791,227,515,512,512
6.269045352935791,227,515,512,512
6.269045352935791,227,516,512,512
6.284731388092041,227,516,512,512
6.284731388092041,227,515,512,512
6.286649465560913,227,515,512,512
6.2874085903167725,227,516,512,512
6.2874085903167725,227,515,512,512
6.2874085903167725,227,515,512,512
6.2874085903167725,227,516,512,512
6.2874085903167725,227,516,512,512
6.2874085903167725,227,515,512,512
6.2874085903167725,227,515,512,512
6.2874085903167725,227,515,512,512
6.2874085903167725,227,515,512,512
6.2874085903167725,227,515,512,512
6.2874085903167725,227,516,512,512
6.2874085903167725,227,516,512,512
6.2874085903167725,227,515,512,512
6.2874085903167725,227,515,512,512
6.2874085903167725,227,516,512,512
6.300408124923706,227,515,512,512
6.300408124923706,228,516,512,512
6.300408124923706,228,516,512,512
6.300408124923706,228,515,512,512
6.300408124923706,227,515,512,512
6.300408124923706,227,515,512,512
6.300408124923706,227,515,512,512
6.300408124923706,227,515,512,512
6.300408124923706,227,515,512,512
6.300408124923706,227,516,512,512
6.300408124923706,227,516,512,512
6.300408124923706,227,515,512,512
6.300408124923706,228,515,512,512
6.300408124923706,228,516,512,512
6.300408124923706,228,515,512,512
6.300408124923706,228,515,512,512
6.300408124923706,228,516,512,512
6.300408124923706,228,516,512,512
6.300408124923706,228,515,512,512
6.316321849822998,228,515,512,512
6.317108154296875,228,515,512,512
6.317108154296875,228,515,512,512
6.317108154296875,228,515,512,512
6.317108154296875,228,516,512,512
6.317108154296875,228,516,512,512
6.317108154296875,227,515,512,512
6.317108154296875,227,515,512,512
6.317108154296875,227,516,512,512
6.317108154296875,227,516,512,512
6.317108154296875,227,515,512,512
6.317108154296875,227,516,512,512
6.317108154296875,227,516,512,512
6.317108154296875,227,515,512,512
6.317108154296875,227,515,512,512
6.317108154296875,227,515,512,512
6.317108154296875,227,515,512,512
6.317108154296875,227,515,512,512
6.317108154296875,227,515,512,512
6.332391977310181,227,516,512,512
6.332391977310181,227,515,512,512
6.332391977310181,227,515,512,512
6.332391977310181,228,515,512,512
6.332391977310181,228,515,512,512
6.332391977310181,228,515,512,512
6.332391977310181,227,516,512,512
6.332391977310181,228,516,512,512
6.332391977310181,228,516,512,512
6.332391977310181,228,515,512,512
6.332391977310181,228,516,512,512
6.332391977310181,228,515,512,512
6.332391977310181,228,515,512,512
6.332391977310181,228,515,512,512
6.332391977310181,227,515,512,512
6.332391977310181,227,515,512,512
6.332391977310181,227,515,512,512
6.332391977310181,227,514,512,512
6.332391977310181,227,515,512,512
6.3481762409210205,227,515,512,512
6.349527597427368,227,515,512,512
6.349527597427368,227,516,512,512
6.349527597427368,227,516,512,512
6.35154128074646,227,515,512,512
6.35154128074646,227,516,512,512
6.353553533554077,227,516,512,512
6.353553533554077,227,516,512,512
6.355564594268799,227,516,512,512
6.355564594268799,227,516,512,512
6.355564594268799,227,516,512,512
6.355564594268799,227,515,512,512
6.355564594268799,227,515,512,512
6.355564594268799,227,515,512,512
6.355564594268799,227,515,512,512
6.355564594268799,227,516,512,512
6.355564594268799,227,516,512,512
6.355564594268799,227,516,512,512
6.363948583602905,227,515,512,512
6.364703178405762,227,515,512,512
6.365215301513672,227,515,512,512
6.365215301513672,227,515,512,512
6.365215301513672,227,515,512,512
6.365215301513672,227,516,512,512
6.365215301513672,227,516,512,512
6.365215301513672,227,515,512,512
6.365215301513672,227,516,512,512
6.365215301513672,227,516,512,512
6.365215301513672,227,515,512,512
6.365215301513672,227,516,512,512
6.365215301513672,227,516,512,512
6.365215301513672,227,516,512,512
6.365215301513672,227,515,512,512
6.365215301513672,227,515,512,512
6.365215301513672,227,515,512,512
6.365215301513672,227,515,512,512
6.380061626434326,227,515,512,512
6.380061626434326,227,516,512,512
6.380061626434326,227,516,512,512
6.380061626434326,227,516,512,512
6.380061626434326,227,516,512,512
6.380061626434326,227,515,512,512
6.380061626434326,227,515,512,512
6.380061626434326,227,515,512,512
6.380061626434326,227,515,512,512
6.380061626434326,227,515,512,512
6.380061626434326,227,515,512,512
6.380061626434326,227,515,512,512
6.380061626434326,227,515,512,512
6.380061626434326,227,515,512,512
6.380061626434326,227,515,512,512
6.380061626434326,227,516,512,512
6.380061626434326,227,516,512,512
6.380061626434326,227,516,512,512
6.380061626434326,227,516,512,512
6.380061626434326,227,516,512,512
6.395960092544556,227,515,512,512
6.397492408752441,227,515,512,512
6.397492408752441,227,516,512,512
6.398327589035034,227,516,512,512
6.398327589035034,227,515,512,512
6.398327589035034,227,515,512,512
6.398327589035034,227,515,512,512
6.398327589035034,227,515,512,512
6.398327589035034,227,515,512,512
6.398327589035034,227,516,512,512
6.398327589035034,227,516,512,512
6.398327589035034,227,515,512,512
6.398327589035034,227,515,512,512
6.398327589035034,227,515,512,512
6.398327589035034,227,515,512,512
6.398327589035034,227,515,512,512
6.398327589035034,227,516,512,512
6.398327589035034,227,516,512,512
6.398327589035034,227,516,512,512
6.398327589035034,227,515,512,512
6.413228988647461,227,515,512,512
6.413228988647461,227,515,512,512
6.415255069732666,227,515,512,512
6.416012287139893,227,516,512,512
6.41673731803894,227,516,512,512
6.417752027511597,227,516,512,512
6.417752027511597,227,515,512,512
6.418747186660767,227,515,512,512
6.419747352600098,227,515,512,512
6.42074728012085,227,515,512,512
6.421747446060181,227,516,512,512
6.422747850418091,227,516,512,512
6.422747850418091,228,515,512,512
6.423748731613159,228,515,512,512
6.4247472286224365,227,515,512,512
6.425748109817505,227,515,512,512
6.426751136779785,227,515,512,512
6.427749395370483,227,515,512,512
6.4287495613098145,227,515,512,512
6.429749250411987,227,515,512,512
6.430752754211426,227,515,512,512
6.430752754211426,227,515,512,512
6.431754112243652,227,515,512,512
6.433107614517212,227,515,512,512
6.433642148971558,227,516,512,512
6.434650421142578,227,516,512,512
6.435652256011963,227,516,512,512
6.435652256011963,227,516,512,512
6.436653137207031,227,516,512,512
6.437652826309204,227,516,512,512
6.438653469085693,227,515,512,512
6.439653396606445,227,515,512,512
6.440654039382935,227,516,512,512
6.440654039382935,227,515,512,512
6.441652536392212,227,515,512,512
6.442651987075806,227,515,512,512
6.443653583526611,227,515,512,512
6.444655418395996,227,515,512,512
6.445661544799805,227,516,512,512
6.446655035018921,227,516,512,512
6.446655035018921,227,516,512,512
6.447657823562622,227,515,512,512
6.447657823562622,227,515,512,512
6.447657823562622,227,516,512,512
6.447657823562622,226,515,512,512
6.447657823562622,227,515,512,512
6.447657823562622,227,516,512,512
6.447657823562622,227,516,512,512
6.447657823562622,227,515,512,512
6.447657823562622,227,515,512,512
6.447657823562622,227,515,512,512
6.447657823562622,227,515,512,512
6.447657823562622,227,515,512,512
6.447657823562622,227,516,512,512
6.447657823562622,227,516,512,512
6.447657823562622,227,515,512,512
6.447657823562622,227,515,512,512
6.447657823562622,227,516,512,512
6.447657823562622,227,516,512,512
6.463342905044556,227,515,512,512
6.463342905044556,227,516,512,512
6.463342905044556,227,515,512,512
6.463342905044556,227,515,512,512
6.463342905044556,227,515,512,512
6.463342905044556,227,515,512,512
6.463342905044556,227,515,512,512
6.463342905044556,227,515,512,512
6.463342905044556,227,515,512,512
6.463342905044556,227,515,512,512
6.463342905044556,227,515,512,512
6.463342905044556,227,515,512,512
6.463342905044556,227,515,512,512
6.463342905044556,227,515,512,512
6.463342905044556,227,515,512,512
6.463342905044556,227,515,512,512
6.463342905044556,227,515,512,512
6.463342905044556,227,515,512,512
6.479028224945068,227,515,512,512
6.479028224945068,227,515,512,512
6.479028224945068,227,515,512,512
6.479028224945068,227,515,512,512
6.479028224945068,227,515,512,512
6.479028224945068,227,516,512,512
6.479028224945068,227,515,512,512
6.479028224945068,227,515,512,512
6.479028224945068,227,515,512,512
6.479028224945068,227,515,512,512
6.479028224945068,227,515,512,512
6.479028224945068,227,515,512,512
6.479028224945068,227,516,512,512
6.479028224945068,227,515,512,512
6.479028224945068,227,515,512,512
6.479028224945068,227,515,512,512
6.479028224945068,227,515,512,512
6.479028224945068,227,515,512,512
6.479028224945068,227,515,512,512
6.494727373123169,227,515,512,512
6.494727373123169,227,515,512,512
6.494727373123169,227,515,512,512
6.494727373123169,227,515,512,512
6.494727373123169,228,515,512,512
6.494727373123169,228,515,512,512
6.494727373123169,228,515,512,512
6.494727373123169,228,516,512,512
6.494727373123169,228,516,512,512
6.494727373123169,228,515,512,512
6.494727373123169,227,515,512,512
6.494727373123169,227,515,512,512
6.494727373123169,228,515,512,512
6.494727373123169,228,515,512,512
6.494727373123169,228,515,512,512
6.494727373123169,228,515,512,512
6.494727373123169,227,514,512,512
6.494727373123169,228,514,512,512
6.510466575622559,228,515,512,512
6.510466575622559,228,515,512,512
6.5124831199646,228,515,512,512
6.5124831199646,228,516,512,512
6.5124831199646,228,515,512,512
6.514496564865112,227,515,512,512
6.514496564865112,227,515,512,512
6.514496564865112,227,515,512,512
6.516506671905518,227,515,512,512
6.51810359954834,228,515,512,512
6.51861572265625,228,515,512,512
6.51861572265625,228,515,512,512
6.51861572265625,228,515,512,512
6.51861572265625,228,515,512,512
6.51861572265625,228,515,512,512
6.51861572265625,228,515,512,512
6.51861572265625,228,515,512,512
6.51861572265625,228,515,512,512
6.51861572265625,228,515,512,512
6.526311635971069,228,515,512,512
6.526311635971069,228,515,512,512
6.526311635971069,228,515,512,512
6.526311635971069,228,515,512,512
6.526311635971069,228,515,512,512
6.526311635971069,228,515,512,512
6.526311635971069,228,515,512,512
6.526311635971069,228,515,512,512
6.526311635971069,228,515,512,512
6.526311635971069,227,515,512,512
6.526311635971069,227,515,512,512
6.526311635971069,228,515,512,512
6.526311635971069,228,515,512,512
6.526311635971069,228,515,512,512
6.526311635971069,228,515,512,512
6.526311635971069,228,515,512,512
6.526311635971069,227,515,512,512
6.526311635971069,227,515,512,512
6.526311635971069,227,515,512,512
6.542888879776001,227,516,512,512
6.543609380722046,227,516,512,512
6.543609380722046,228,515,512,512
6.543609380722046,227,515,512,512
6.543609380722046,228,515,512,512
6.543609380722046,227,515,512,512
6.543609380722046,227,514,512,512
6.543609380722046,227,515,512,512
6.543609380722046,227,515,512,512
6.543609380722046,227,515,512,512
6.543609380722046,227,515,512,512
6.543609380722046,227,515,512,512
6.543609380722046,227,515,512,512
6.543609380722046,227,515,512,512
6.543609380722046,227,515,512,512
6.543609380722046,227,515,512,512
6.543609380722046,227,515,512,512
6.543609380722046,227,515,512,512
6.557757616043091,227,515,512,512
6.557757616043091,227,515,512,512
6.559592962265015,227,515,512,512
6.560723781585693,227,516,512,512
6.560983657836914,227,515,512,512
6.561997175216675,227,515,512,512
6.562993764877319,227,515,512,512
6.563999176025391,227,515,512,512
6.5646491050720215,227,515,512,512
6.5646491050720215,227,515,512,512
6.565948724746704,227,516,512,512
6.566948652267456,227,516,512,512
6.567947864532471,227,515,512,512
6.56894850730896,227,515,512,512
6.569947004318237,227,515,512,512
6.57094669342041,227,515,512,512
6.57094669342041,227,515,512,512
6.571949481964111,227,515,512,512
6.572949409484863,227,516,512,512
6.573949098587036,227,515,512,512
6.574950218200684,227,515,512,512
6.5759501457214355,227,515,512,512
6.5759501457214355,227,515,512,512
6.577584743499756,227,515,512,512
6.57784104347229,227,515,512,512
6.578851699829102,227,516,512,512
6.579864978790283,227,515,512,512
6.579864978790283,227,515,512,512
6.581350326538086,227,515,512,512
6.581350326538086,227,515,512,512
6.581350326538086,227,515,512,512
6.581350326538086,227,515,512,512
6.581350326538086,227,516,512,512
6.581350326538086,228,515,512,512
6.581350326538086,227,515,512,512
6.581350326538086,227,515,512,512
6.581350326538086,228,515,512,512
6.581350326538086,227,514,512,512
6.581350326538086,227,515,512,512
6.581350326538086,227,515,512,512
6.581350326538086,227,515,512,512
6.581350326538086,227,515,512,512
6.581350326538086,227,515,512,512
6.581350326538086,228,515,512,512
6.581350326538086,228,515,512,512
6.581350326538086,228,515,512,512
6.597220420837402,228,516,512,512
6.597220420837402,228,516,512,512
6.597220420837402,228,515,512,512
6.597220420837402,228,515,512,512
6.597220420837402,228,515,512,512
6.597220420837402,228,515,512,512
6.597220420837402,227,515,512,512
6.597220420837402,227,515,512,512
6.597220420837402,227,515,512,512
6.597220420837402,227,515,512,512
6.597220420837402,228,515,512,512
6.597220420837402,228,515,512,512
6.597220420837402,228,515,512,512
6.597220420837402,228,515,512,512
6.597220420837402,228,515,512,512
6.597220420837402,228,515,512,512
6.597220420837402,228,515,512,512
6.597220420837402,228,515,512,512
6.597220420837402,228,515,512,512
6.613102197647095,228,515,512,512
6.613102197647095,228,515,512,512
6.613102197647095,228,515,512,512
6.613102197647095,228,515,512,512
6.613102197647095,228,515,512,512
6.613102197647095,228,515,512,512
6.613102197647095,228,515,512,512
6.613102197647095,228,515,512,512
6.613102197647095,228,515,512,512
6.613102197647095,228,516,512,512
6.613102197647095,228,515,512,512
6.613102197647095,228,515,512,512
6.613102197647095,228,515,512,512
6.613102197647095,228,515,512,512
6.613102197647095,228,515,512,512
6.613102197647095,228,515,512,512
6.613102197647095,228,516,512,512
6.613102197647095,228,515,512,512
6.613102197647095,228,515,512,512
6.628869295120239,228,515,512,512
6.628869295120239,228,515,512,512
6.631176948547363,228,514,512,512
6.631927251815796,228,514,512,512
6.631927251815796,228,515,512,512
6.631927251815796,228,515,512,512
6.631927251815796,228,515,512,512
6.631927251815796,227,515,512,512
6.631927251815796,227,515,512,512
6.631927251815796,227,515,512,512
6.631927251815796,228,515,512,512
6.631927251815796,228,515,512,512
6.631927251815796,228,516,512,512
6.631927251815796,228,515,512,512
6.631927251815796,227,515,512,512
6.631927251815796,227,515,512,512
6.631927251815796,227,515,512,512
6.631927251815796,227,515,512,512
6.644542932510376,227,515,512,512
6.644542932510376,228,516,512,512
6.644542932510376,227,515,512,512
6.644542932510376,227,515,512,512
6.644542932510376,227,515,512,512
6.644542932510376,227,515,512,512
6.644542932510376,227,515,512,512
6.644542932510376,227,515,512,512
6.644542932510376,227,516,512,512
6.644542932510376,227,515,512,512
6.644542932510376,227,515,512,512
6.644542932510376,227,515,512,512
6.644542932510376,227,515,512,512
6.644542932510376,227,515,512,512
6.644542932510376,227,515,512,512
6.644542932510376,227,515,512,512
6.644542932510376,227,515,512,512
6.644542932510376,227,515,512,512
6.66025447845459,227,515,512,512
6.661027431488037,227,515,512,512
6.661787748336792,227,515,512,512
6.661787748336792,227,515,512,512
6.661787748336792,227,515,512,512
6.661787748336792,227,515,512,512
6.661787748336792,227,515,512,512
6.661787748336792,227,515,512,512
6.661787748336792,227,515,512,512
6.661787748336792,227,515,512,512
6.661787748336792,227,515,512,512
6.661787748336792,227,515,512,512
6.661787748336792,227,515,512,512
6.661787748336792,227,514,512,512
6.661787748336792,227,514,512,512
6.661787748336792,227,515,512,512
6.661787748336792,227,515,512,512
6.661787748336792,227,515,512,512
6.661787748336792,227,516,512,512
6.6760454177856445,227,515,512,512
6.6760454177856445,227,515,512,512
6.6760454177856445,227,515,512,512
6.6760454177856445,227,515,512,512
6.6760454177856445,227,515,512,512
6.6760454177856445,227,515,512,512
6.6760454177856445,227,516,512,512
6.6760454177856445,227,515,512,512
6.6760454177856445,227,515,512,512
6.6760454177856445,227,515,512,512
6.684733629226685,227,515,512,512
6.684733629226685,227,515,512,512
6.686747312545776,227,515,512,512
6.686747312545776,228,516,512,512
6.686747312545776,227,516,512,512
6.686747312545776,228,515,512,512
6.686747312545776,228,515,512,512
6.686747312545776,228,515,512,512
6.686747312545776,227,515,512,512
6.691911697387695,227,515,512,512
6.691911697387695,227,516,512,512
6.691911697387695,227,516,512,512
6.691911697387695,227,515,512,512
6.691911697387695,228,515,512,512
6.691911697387695,228,515,512,512
6.691911697387695,228,515,512,512
6.691911697387695,228,515,512,512
6.691911697387695,228,515,512,512
6.691911697387695,228,515,512,512
6.691911697387695,228,515,512,512
6.691911697387695,228,515,512,512
6.691911697387695,228,515,512,512
6.691911697387695,228,515,512,512
6.691911697387695,228,515,512,512
6.691911697387695,228,515,512,512
6.691911697387695,228,515,512,512
6.691911697387695,228,515,512,512
6.707621335983276,228,515,512,512
6.70874285697937,228,515,512,512
6.708995580673218,228,515,512,512
6.708995580673218,228,515,512,512
6.708995580673218,228,515,512,512
6.708995580673218,228,515,512,512
6.708995580673218,228,515,512,512
6.708995580673218,227,515,512,512
6.708995580673218,227,515,512,512
6.708995580673218,228,515,512,512
6.708995580673218,228,515,512,512
6.708995580673218,228,516,512,512
6.708995580673218,228,516,512,512
6.708995580673218,228,515,512,512
6.708995580673218,228,515,512,512
6.708995580673218,228,515,512,512
6.708995580673218,228,515,512,512
6.708995580673218,228,515,512,512
6.708995580673218,228,515,512,512
6.723290920257568,228,515,512,512
6.723290920257568,228,515,512,512
6.723290920257568,227,515,512,512
6.723290920257568,227,515,512,512
6.723290920257568,227,515,512,512
6.723290920257568,227,515,512,512
6.723290920257568,227,515,512,512
6.723290920257568,228,516,512,512
6.723290920257568,228,515,512,512
6.723290920257568,228,515,512,512
6.723290920257568,228,515,512,512
6.723290920257568,228,515,512,512
6.723290920257568,228,515,512,512
6.723290920257568,228,515,512,512
6.723290920257568,227,516,512,512
6.723290920257568,227,515,512,512
6.723290920257568,227,515,512,512
6.723290920257568,227,515,512,512
6.738968372344971,227,515,512,512
6.740123748779297,227,515,512,512
6.7403810024261475,228,515,512,512
6.7403810024261475,228,516,512,512
6.7403810024261475,227,515,512,512
6.7403810024261475,227,515,512,512
6.7403810024261475,227,515,512,512
6.7403810024261475,227,516,512,512
6.7403810024261475,227,515,512,512
6.7403810024261475,227,515,512,512
6.7403810024261475,228,516,512,512
6.7403810024261475,228,516,512,512
6.7403810024261475,228,515,512,512
6.7403810024261475,227,515,512,512
6.7403810024261475,227,515,512,512
6.7403810024261475,227,515,512,512
6.7403810024261475,227,515,512,512
6.7403810024261475,227,515,512,512
6.754662990570068,227,515,512,512
6.754662990570068,227,515,512,512
6.754662990570068,227,515,512,512
6.754662990570068,227,515,512,512
6.754662990570068,227,515,512,512
6.754662990570068,227,515,512,512
6.754662990570068,227,516,512,512
6.754662990570068,227,516,512,512
6.754662990570068,227,515,512,512
6.754662990570068,227,515,512,512
6.754662990570068,227,515,512,512
6.754662990570068,227,515,512,512
6.754662990570068,227,515,512,512
6.754662990570068,227,516,512,512
6.754662990570068,227,516,512,512
6.754662990570068,227,515,512,512
6.754662990570068,227,515,512,512
6.754662990570068,228,515,512,512
6.754662990570068,228,515,512,512
6.770328760147095,228,515,512,512
6.771510124206543,228,515,512,512
6.77176833152771,227,515,512,512
6.77176833152771,227,515,512,512
6.77176833152771,227,515,512,512
6.77176833152771,227,515,512,512
6.77176833152771,227,515,512,512
6.77176833152771,227,515,512,512
6.77176833152771,227,515,512,512
6.77176833152771,227,515,512,512
6.77176833152771,227,515,512,512
6.77176833152771,227,515,512,512
6.77176833152771,227,515,512,512
6.77176833152771,227,515,512,512
6.77176833152771,227,515,512,512
6.77176833152771,227,515,512,512
6.77176833152771,228,516,512,512
6.77176833152771,228,515,512,512
6.786051988601685,228,515,512,512
6.786051988601685,228,515,512,512
6.786051988601685,228,515,512,512
6.786051988601685,228,515,512,512
6.786051988601685,228,515,512,512
6.786051988601685,228,515,512,512
6.786051988601685,228,515,512,512
6.786051988601685,228,515,512,512
6.786051988601685,228,514,512,512
6.786051988601685,227,514,512,512
6.786051988601685,228,514,512,512
6.786051988601685,228,515,512,512
6.786051988601685,228,515,512,512
6.786051988601685,228,516,512,512
6.786051988601685,228,516,512,512
6.786051988601685,228,516,512,512
6.786051988601685,228,515,512,512
6.786051988601685,228,515,512,512
6.786051988601685,228,515,512,512
6.801926612854004,228,516,512,512
6.803138494491577,228,515,512,512
6.803927421569824,228,515,512,512
6.803927421569824,228,515,512,512
6.803927421569824,228,515,512,512
6.803927421569824,228,515,512,512
6.803927421569824,228,515,512,512
6.803927421569824,228,516,512,512
6.803927421569824,228,515,512,512
6.803927421569824,228,515,512,512
6.803927421569824,228,515,512,512
6.803927421569824,228,515,512,512
6.803927421569824,228,515,512,512
6.803927421569824,228,515,512,512
6.803927421569824,228,515,512,512
6.803927421569824,228,515,512,512
6.803927421569824,228,515,512,512
6.803927421569824,228,515,512,512
6.803927421569824,228,515,512,512
6.817709684371948,228,515,512,512
6.817709684371948,228,515,512,512
6.817709684371948,228,516,512,512
6.817709684371948,228,515,512,512
6.817709684371948,228,515,512,512
6.817709684371948,228,515,512,512
6.817709684371948,228,515,512,512
6.817709684371948,228,515,512,512
6.817709684371948,228,515,512,512
6.817709684371948,228,516,512,512
6.817709684371948,228,516,512,512
6.817709684371948,228,515,512,512
6.817709684371948,228,515,512,512
6.817709684371948,228,515,512,512
6.817709684371948,228,515,512,512
6.817709684371948,228,515,512,512
6.817709684371948,228,515,512,512
6.817709684371948,228,515,512,512
6.833528995513916,228,515,512,512
6.833528995513916,228,515,512,512
6.835328102111816,228,515,512,512
6.835328102111816,228,515,512,512
6.835328102111816,228,515,512,512
6.835328102111816,228,516,512,512
6.835328102111816,228,516,512,512
6.835328102111816,228,515,512,512
6.835328102111816,228,515,512,512
6.835328102111816,228,515,512,512
6.835328102111816,228,515,512,512
6.835328102111816,227,515,512,512
6.835328102111816,227,515,512,512
6.835328102111816,227,516,512,512
6.835328102111816,227,515,512,512
6.835328102111816,227,515,512,512
6.835328102111816,228,515,512,512
6.835328102111816,227,515,512,512
6.835328102111816,227,515,512,512
6.84965968132019,227,515,512,512
6.84965968132019,227,515,512,512
6.84965968132019,227,515,512,512
6.84965968132019,227,515,512,512
6.84965968132019,227,515,512,512
6.84965968132019,227,515,512,512
6.84965968132019,227,515,512,512
6.84965968132019,227,515,512,512
6.84965968132019,227,515,512,512
6.84965968132019,227,515,512,512
6.84965968132019,227,515,512,512
6.84965968132019,227,515,512,512
6.84965968132019,227,515,512,512
6.84965968132019,227,515,512,512
6.84965968132019,227,516,512,512
6.84965968132019,227,516,512,512
6.84965968132019,227,515,512,512
6.84965968132019,227,515,512,512
6.84965968132019,227,515,512,512
6.8654279708862305,227,515,512,512
6.8654279708862305,227,515,512,512
6.8654279708862305,227,516,512,512
6.8654279708862305,227,516,512,512
6.8654279708862305,227,515,512,512
6.8654279708862305,227,515,512,512
6.8654279708862305,227,515,512,512
6.8654279708862305,227,515,512,512
6.8654279708862305,227,515,512,512
6.8654279708862305,227,515,512,512
6.8654279708862305,227,515,512,512
6.8654279708862305,227,515,512,512
6.8654279708862305,227,515,512,512
6.8654279708862305,227,515,512,512
6.8654279708862305,227,515,512,512
6.8654279708862305,227,515,512,512
6.8654279708862305,227,516,512,512
6.8654279708862305,227,516,512,512
6.8810765743255615,227,515,512,512
6.8810765743255615,227,515,512,512
6.882400989532471,227,515,512,512
6.882400989532471,227,515,512,512
6.882400989532471,227,515,512,512
6.882400989532471,227,515,512,512
6.882400989532471,228,515,512,512
6.882400989532471,228,515,512,512
6.882400989532471,228,515,512,512
6.882400989532471,228,515,512,512
6.882400989532471,228,515,512,512
6.882400989532471,227,515,512,512
6.882400989532471,227,515,512,512
6.882400989532471,227,516,512,512
6.882400989532471,227,516,512,512
6.882400989532471,227,516,512,512
6.882400989532471,227,516,512,512
6.882400989532471,227,516,512,512
6.882400989532471,227,516,512,512
6.89682936668396,227,516,512,512
6.897948741912842,227,516,512,512
6.898965120315552,227,516,512,512
6.90013575553894,227,515,512,512
6.9009082317352295,228,516,512,512
6.9009082317352295,228,516,512,512
6.90191912651062,228,516,512,512
6.902916193008423,228,516,512,512
6.903916597366333,227,516,512,512
6.9049177169799805,227,516,512,512
6.905918598175049,227,515,512,512
6.905918598175049,227,515,512,512
6.906918525695801,228,516,512,512
6.907918453216553,228,515,512,512
6.908919095993042,228,516,512,512
6.909920930862427,228,516,512,512
6.910919666290283,228,516,512,512
6.9119181632995605,228,515,512,512
6.912916660308838,228,515,512,512
6.91374659538269,228,515,512,512
6.914475440979004,228,515,512,512
6.914475440979004,227,515,512,512
6.915748119354248,227,515,512,512
6.916987657546997,227,515,512,512
6.917490720748901,227,515,512,512
6.918501853942871,227,515,512,512
6.919501781463623,227,516,512,512
6.920502424240112,227,516,512,512
6.920502424240112,227,516,512,512
6.921502590179443,227,516,512,512
6.922502517700195,227,516,512,512
6.923825740814209,227,515,512,512
6.923825740814209,227,515,512,512
6.924828052520752,227,515,512,512
6.925827264785767,227,515,512,512
6.9268269538879395,227,515,512,512
6.9278271198272705,227,516,512,512
6.928828001022339,227,516,512,512
6.929827690124512,227,516,512,512
6.930175065994263,227,515,512,512
6.9313437938690186,227,516,512,512
6.9313437938690186,227,515,512,512
6.9313437938690186,227,516,512,512
6.9313437938690186,227,516,512,512
6.9313437938690186,227,516,512,512
6.9313437938690186,227,515,512,512
6.9313437938690186,227,515,512,512
6.9313437938690186,227,515,512,512
6.9313437938690186,227,515,512,512
6.9313437938690186,227,515,512,512
6.9313437938690186,227,516,512,512
6.9313437938690186,227,516,512,512
6.9313437938690186,227,515,512,512
6.9313437938690186,227,515,512,512
6.9313437938690186,227,515,512,512
6.9313437938690186,227,515,512,512
6.9313437938690186,227,515,512,512
6.94581151008606,227,516,512,512
6.94581151008606,227,516,512,512
6.94581151008606,227,516,512,512
6.9482667446136475,227,516,512,512
6.949386119842529,227,516,512,512
6.949843406677246,227,516,512,512
6.950855255126953,227,515,512,512
6.951851844787598,227,516,512,512
6.951851844787598,227,515,512,512
6.95285177230835,227,515,512,512
6.95385217666626,227,515,512,512
6.954852819442749,227,515,512,512
6.95585298538208,227,515,512,512
6.956852912902832,227,515,512,512
6.956852912902832,227,515,512,512
6.958851337432861,227,516,512,512
6.958851337432861,227,516,512,512
6.959855556488037,227,516,512,512
6.960853576660156,227,516,512,512
6.9618542194366455,227,516,512,512
6.962854623794556,227,516,512,512
6.963858604431152,227,516,512,512
6.964664936065674,227,516,512,512
6.964664936065674,227,516,512,512
6.966495990753174,227,516,512,512
6.966989517211914,227,516,512,512
6.96799898147583,227,516,512,512
6.96899938583374,227,515,512,512
6.96899938583374,227,516,512,512
6.9700000286102295,227,516,512,512
6.97100043296814,227,516,512,512
6.971999883651733,227,515,512,512
6.972999811172485,227,516,512,512
6.974000930786133,227,516,512,512
6.974000930786133,227,515,512,512
6.9750001430511475,227,516,512,512
6.975999355316162,227,516,512,512
6.977000951766968,227,515,512,512
6.97799825668335,227,515,512,512
6.979004383087158,227,515,512,512
6.980007171630859,227,515,512,512
6.980007171630859,227,515,512,512
6.981003999710083,227,516,512,512
6.981003999710083,227,516,512,512
6.981003999710083,227,516,512,512
6.981003999710083,227,515,512,512
6.981003999710083,227,515,512,512
6.981003999710083,227,515,512,512
6.981003999710083,227,515,512,512
6.981003999710083,227,515,512,512
6.981003999710083,228,516,512,512
6.981003999710083,228,516,512,512
6.981003999710083,228,515,512,512
6.981003999710083,228,515,512,512
6.981003999710083,228,515,512,512
6.981003999710083,228,515,512,512
6.981003999710083,228,515,512,512
6.981003999710083,228,515,512,512
6.981003999710083,228,515,512,512
6.981003999710083,227,514,512,512
6.996742248535156,227,515,512,512
6.996742248535156,227,515,512,512
6.996742248535156,227,515,512,512
6.996742248535156,227,515,512,512
6.996742248535156,227,516,512,512
6.996742248535156,227,516,512,512
6.996742248535156,227,515,512,512
6.996742248535156,228,515,512,512
6.996742248535156,228,516,512,512
6.996742248535156,227,515,512,512
6.996742248535156,227,515,512,512
6.996742248535156,227,516,512,512
6.996742248535156,227,516,512,512
6.996742248535156,227,515,512,512
6.996742248535156,227,515,512,512
6.996742248535156,227,515,512,512
6.996742248535156,227,515,512,512
6.996742248535156,227,515,512,512
7.012426137924194,227,516,512,512
7.012426137924194,227,516,512,512
7.012426137924194,227,516,512,512
7.012426137924194,227,515,512,512
7.012426137924194,227,515,512,512
7.012426137924194,227,515,512,512
7.017583608627319,227,515,512,512
7.018282413482666,227,516,512,512
7.018282413482666,227,516,512,512
7.018282413482666,227,516,512,512
7.018282413482666,227,515,512,512
7.018282413482666,227,515,512,512
7.018282413482666,227,515,512,512
7.018282413482666,227,515,512,512
7.018282413482666,227,515,512,512
7.018282413482666,227,516,512,512
7.018282413482666,227,515,512,512
7.018282413482666,227,515,512,512
7.018282413482666,227,515,512,512
7.028088569641113,227,515,512,512
7.028088569641113,227,515,512,512
7.028088569641113,227,516,512,512
7.028088569641113,227,516,512,512
7.028088569641113,227,515,512,512
7.028088569641113,227,515,512,512
7.028088569641113,227,515,512,512
7.028088569641113,227,515,512,512
7.028088569641113,227,515,512,512
7.028088569641113,227,515,512,512
7.028088569641113,227,515,512,512
7.028088569641113,227,515,512,512
7.028088569641113,227,515,512,512
7.028088569641113,227,515,512,512
7.028088569641113,227,515,512,512
7.028088569641113,227,515,512,512
7.028088569641113,227,516,512,512
7.028088569641113,227,516,512,512
7.043821573257446,227,516,512,512
7.043821573257446,227,515,512,512
7.043821573257446,227,515,512,512
7.043821573257446,227,515,512,512
7.043821573257446,227,515,512,512
7.043821573257446,227,516,512,512
7.043821573257446,227,516,512,512
7.043821573257446,227,516,512,512
7.043821573257446,227,515,512,512
7.043821573257446,227,516,512,512
7.043821573257446,227,516,512,512
7.043821573257446,227,516,512,512
7.043821573257446,227,516,512,512
7.043821573257446,227,516,512,512
7.043821573257446,227,516,512,512
7.043821573257446,227,515,512,512
7.043821573257446,227,515,512,512
7.043821573257446,227,515,512,512
7.043821573257446,227,515,512,512
7.059630393981934,227,516,512,512
7.060843467712402,227,516,512,512
7.061669588088989,227,516,512,512
7.062443733215332,227,515,512,512
7.0634589195251465,227,516,512,512
7.06410813331604,227,516,512,512
7.06410813331604,227,515,512,512
7.065369606018066,227,515,512,512
7.066365718841553,227,516,512,512
7.067366361618042,227,516,512,512
7.068367004394531,227,515,512,512
7.069365978240967,227,515,512,512
7.069365978240967,228,516,512,512
7.0703654289245605,228,516,512,512
7.0713701248168945,228,516,512,512
7.072368144989014,228,516,512,512
7.073368310928345,228,516,512,512
7.074368476867676,227,515,512,512
7.074368476867676,227,515,512,512
7.075368404388428,227,515,512,512
7.076369524002075,227,514,512,512
7.077369213104248,227,515,512,512
7.078369379043579,227,515,512,512
7.079369306564331,227,515,512,512
7.080306768417358,227,515,512,512
7.080306768417358,227,516,512,512
7.082088470458984,227,516,512,512
7.082339525222778,227,516,512,512
7.082339525222778,228,516,512,512
7.082339525222778,228,516,512,512
7.082339525222778,228,516,512,512
7.082339525222778,228,515,512,512
7.082339525222778,228,515,512,512
7.082339525222778,228,515,512,512
7.082339525222778,228,516,512,512
7.082339525222778,228,515,512,512
7.082339525222778,228,516,512,512
7.082339525222778,228,516,512,512
7.082339525222778,228,516,512,512
7.082339525222778,228,515,512,512
7.082339525222778,228,516,512,512
7.082339525222778,228,515,512,512
7.09517240524292,228,515,512,512
7.09517240524292,228,516,512,512
7.09517240524292,228,516,512,512
7.09517240524292,228,515,512,512
7.09517240524292,228,515,512,512
7.09517240524292,228,515,512,512
7.09517240524292,228,515,512,512
7.09517240524292,228,515,512,512
7.09517240524292,228,516,512,512
7.09517240524292,228,516,512,512
7.09517240524292,227,516,512,512
7.09517240524292,228,515,512,512
7.09517240524292,228,515,512,512
7.09517240524292,228,515,512,512
7.09517240524292,228,515,512,512
7.09517240524292,228,516,512,512
7.09517240524292,228,516,512,512
7.09517240524292,228,515,512,512
7.110944986343384,228,515,512,512
7.110944986343384,228,516,512,512
7.110944986343384,228,515,512,512
7.110944986343384,228,515,512,512
7.110944986343384,228,516,512,512
7.110944986343384,228,516,512,512
7.110944986343384,227,515,512,512
7.110944986343384,227,515,512,512
7.110944986343384,227,515,512,512
7.110944986343384,227,515,512,512
7.110944986343384,227,515,512,512
7.110944986343384,227,515,512,512
7.110944986343384,227,516,512,512
7.110944986343384,227,516,512,512
7.110944986343384,227,515,512,512
7.110944986343384,227,515,512,512
7.110944986343384,227,515,512,512
7.110944986343384,227,515,512,512
7.110944986343384,227,516,512,512
7.126601219177246,227,516,512,512
7.128164291381836,227,516,512,512
7.128588438034058,227,516,512,512
7.128588438034058,227,516,512,512
7.128588438034058,227,516,512,512
7.128588438034058,227,515,512,512
7.128588438034058,227,516,512,512
7.128588438034058,227,516,512,512
7.128588438034058,227,516,512,512
7.128588438034058,227,515,512,512
7.128588438034058,227,515,512,512
7.128588438034058,227,516,512,512
7.128588438034058,227,515,512,512
7.128588438034058,227,516,512,512
7.128588438034058,227,516,512,512
7.128588438034058,227,515,512,512
7.128588438034058,227,515,512,512
7.128588438034058,227,515,512,512
7.142322301864624,227,515,512,512
7.142322301864624,227,515,512,512
7.142322301864624,227,515,512,512
7.142322301864624,227,516,512,512
7.142322301864624,227,516,512,512
7.142322301864624,227,515,512,512
7.142322301864624,227,516,512,512
7.142322301864624,227,516,512,512
7.142322301864624,227,516,512,512
7.142322301864624,227,515,512,512
7.142322301864624,227,516,512,512
7.142322301864624,227,516,512,512
7.142322301864624,227,516,512,512
7.142322301864624,227,516,512,512
7.142322301864624,227,516,512,512
7.142322301864624,227,515,512,512
7.142322301864624,227,515,512,512
7.142322301864624,227,515,512,512
7.142322301864624,227,515,512,512
7.15816068649292,227,515,512,512
7.15816068649292,227,515,512,512
7.160182476043701,227,515,512,512
7.160182476043701,227,515,512,512
7.160182476043701,227,515,512,512
7.160182476043701,227,515,512,512
7.160182476043701,227,516,512,512
7.160182476043701,227,516,512,512
7.160182476043701,227,516,512,512
7.160182476043701,227,516,512,512
7.160182476043701,227,515,512,512
7.160182476043701,227,515,512,512
7.160182476043701,227,516,512,512
7.160182476043701,227,516,512,512
7.160182476043701,227,516,512,512
7.160182476043701,227,516,512,512
7.160182476043701,227,516,512,512
7.160182476043701,227,515,512,512
7.173970699310303,227,515,512,512
7.173970699310303,227,516,512,512
7.173970699310303,228,516,512,512
7.173970699310303,227,515,512,512
7.173970699310303,227,515,512,512
7.173970699310303,227,515,512,512
7.173970699310303,227,515,512,512
7.173970699310303,227,515,512,512
7.173970699310303,227,516,512,512
7.173970699310303,227,516,512,512
7.173970699310303,227,516,512,512
7.173970699310303,227,515,512,512
7.173970699310303,227,515,512,512
7.173970699310303,227,515,512,512
7.173970699310303,227,515,512,512
7.173970699310303,227,516,512,512
7.173970699310303,227,516,512,512
7.173970699310303,227,516,512,512
7.173970699310303,227,515,512,512
7.189862012863159,227,516,512,512
7.190814018249512,227,516,512,512
7.191809177398682,228,515,512,512
7.191809177398682,228,516,512,512
7.191809177398682,228,516,512,512
7.191809177398682,228,515,512,512
7.191809177398682,228,515,512,512
7.191809177398682,228,515,512,512
7.191809177398682,227,515,512,512
7.191809177398682,227,515,512,512
7.191809177398682,227,515,512,512
7.191809177398682,227,515,512,512
7.191809177398682,227,515,512,512
7.191809177398682,227,515,512,512
7.191809177398682,227,515,512,512
7.191809177398682,228,515,512,512
7.191809177398682,228,515,512,512
7.191809177398682,228,516,512,512
7.191809177398682,228,516,512,512
7.205629587173462,228,516,512,512
7.205629587173462,227,515,512,512
7.205629587173462,227,515,512,512
7.205629587173462,227,515,512,512
7.205629587173462,227,515,512,512
7.205629587173462,227,515,512,512
7.205629587173462,228,516,512,512
7.205629587173462,228,516,512,512
7.205629587173462,227,515,512,512
7.205629587173462,227,516,512,512
7.205629587173462,227,516,512,512
7.205629587173462,227,515,512,512
7.205629587173462,227,515,512,512
7.205629587173462,227,516,512,512
7.205629587173462,227,516,512,512
7.205629587173462,227,515,512,512
7.205629587173462,227,515,512,512
7.205629587173462,227,515,512,512
7.221441745758057,227,515,512,512
7.221441745758057,227,515,512,512
7.223299980163574,227,516,512,512
7.223723888397217,227,516,512,512
7.223723888397217,227,515,512,512
7.223723888397217,227,515,512,512
7.223723888397217,227,515,512,512
7.223723888397217,227,515,512,512
7.223723888397217,227,515,512,512
7.223723888397217,227,516,512,512
7.223723888397217,227,516,512,512
7.223723888397217,227,515,512,512
7.223723888397217,227,515,512,512
7.223723888397217,227,516,512,512
7.223723888397217,227,516,512,512
7.223723888397217,227,516,512,512
7.223723888397217,227,516,512,512
7.223723888397217,227,516,512,512
7.223723888397217,227,515,512,512
7.237103462219238,227,515,512,512
7.237103462219238,227,515,512,512
7.237103462219238,227,515,512,512
7.237103462219238,227,515,512,512
7.237103462219238,227,515,512,512
7.237103462219238,227,515,512,512
7.237103462219238,227,515,512,512
7.237103462219238,227,515,512,512
7.237103462219238,227,516,512,512
7.237103462219238,227,516,512,512
7.237103462219238,227,515,512,512
7.237103462219238,227,516,512,512
7.237103462219238,227,516,512,512
7.237103462219238,227,515,512,512
7.237103462219238,227,515,512,512
7.237103462219238,227,515,512,512
7.237103462219238,227,516,512,512
7.237103462219238,227,515,512,512
7.252803802490234,227,516,512,512
7.253836631774902,227,516,512,512
7.254089832305908,227,515,512,512
7.254089832305908,227,515,512,512
7.254089832305908,227,516,512,512
7.254089832305908,227,515,512,512
7.254089832305908,227,515,512,512
7.254089832305908,227,515,512,512
7.254089832305908,227,516,512,512
7.254089832305908,227,515,512,512
7.254089832305908,227,515,512,512
7.254089832305908,227,515,512,512
7.254089832305908,227,515,512,512
7.254089832305908,227,515,512,512
7.254089832305908,227,516,512,512
7.254089832305908,227,516,512,512
7.254089832305908,227,516,512,512
7.254089832305908,227,515,512,512
7.254089832305908,227,516,512,512
7.268452405929565,227,515,512,512
7.268452405929565,227,515,512,512
7.268452405929565,227,515,512,512
7.268452405929565,227,515,512,512
7.268452405929565,227,515,512,512
7.268452405929565,227,515,512,512
7.268452405929565,228,516,512,512
7.268452405929565,228,516,512,512
7.268452405929565,228,515,512,512
7.268452405929565,228,515,512,512
7.268452405929565,228,515,512,512
7.268452405929565,228,515,512,512
7.268452405929565,228,515,512,512
7.268452405929565,228,515,512,512
7.268452405929565,228,515,512,512
7.268452405929565,228,515,512,512
7.268452405929565,228,515,512,512
7.268452405929565,227,516,512,512
7.284286975860596,227,516,512,512
7.284286975860596,227,516,512,512
7.284286975860596,227,516,512,512
7.284286975860596,227,516,512,512
7.284286975860596,228,516,512,512
7.284286975860596,228,516,512,512
7.284286975860596,228,516,512,512
7.284286975860596,227,516,512,512
7.284286975860596,227,515,512,512
7.284286975860596,227,515,512,512
7.284286975860596,227,516,512,512
7.284286975860596,227,515,512,512
7.284286975860596,227,516,512,512
7.284286975860596,227,516,512,512
7.284286975860596,227,516,512,512
7.284286975860596,227,515,512,512
7.284286975860596,227,515,512,512
7.284286975860596,227,516,512,512
7.284286975860596,227,515,512,512
7.300057888031006,227,515,512,512
7.300057888031006,227,516,512,512
7.300057888031006,227,516,512,512
7.300057888031006,227,515,512,512
7.300057888031006,227,515,512,512
7.300057888031006,227,515,512,512
7.300057888031006,228,515,512,512
7.300057888031006,228,515,512,512
7.300057888031006,228,516,512,512
7.300057888031006,228,516,512,512
7.300057888031006,227,515,512,512
7.300057888031006,227,515,512,512
7.300057888031006,227,515,512,512
7.300057888031006,227,515,512,512
7.300057888031006,227,515,512,512
7.300057888031006,227,516,512,512
7.300057888031006,227,516,512,512
7.300057888031006,228,516,512,512
7.316039323806763,228,515,512,512
7.316039323806763,228,515,512,512
7.316039323806763,228,515,512,512
7.316039323806763,228,515,512,512
7.316039323806763,227,515,512,512
7.316039323806763,227,515,512,512
7.316039323806763,227,515,512,512
7.316039323806763,227,514,512,512
7.316039323806763,227,515,512,512
7.316039323806763,227,515,512,512
7.316039323806763,227,515,512,512
7.316039323806763,228,515,512,512
7.316039323806763,228,515,512,512
7.316039323806763,227,515,512,512
7.316039323806763,227,515,512,512
7.316039323806763,227,515,512,512
7.316039323806763,227,515,512,512
7.316039323806763,227,515,512,512
7.316039323806763,227,515,512,512
7.331740856170654,227,515,512,512
7.331740856170654,227,515,512,512
7.331740856170654,227,515,512,512
7.331740856170654,227,515,512,512
7.331740856170654,227,515,512,512
7.331740856170654,227,515,512,512
7.331740856170654,227,515,512,512
7.331740856170654,227,515,512,512
7.331740856170654,227,515,512,512
7.331740856170654,227,515,512,512
7.331740856170654,227,515,512,512
7.331740856170654,227,515,512,512
7.331740856170654,227,515,512,512
7.331740856170654,228,515,512,512
7.331740856170654,228,515,512,512
7.331740856170654,227,515,512,512
7.331740856170654,227,515,512,512
7.331740856170654,228,515,512,512
7.347477436065674,227,515,512,512
7.347646713256836,227,515,512,512
7.347646713256836,227,515,512,512
7.347646713256836,227,516,512,512
7.347646713256836,227,515,512,512
7.347646713256836,227,515,512,512
7.347646713256836,227,515,512,512
7.347646713256836,227,515,512,512
7.347646713256836,227,515,512,512
7.347646713256836,227,515,512,512
7.347646713256836,228,516,512,512
7.347646713256836,228,515,512,512
7.347646713256836,228,515,512,512
7.347646713256836,228,515,512,512
7.347646713256836,228,515,512,512
7.347646713256836,228,514,512,512
7.347646713256836,227,515,512,512
7.347646713256836,227,515,512,512
7.347646713256836,227,515,512,512
7.363149166107178,227,515,512,512
7.363149166107178,228,515,512,512
7.363149166107178,228,515,512,512
7.363149166107178,228,515,512,512
7.363149166107178,228,515,512,512
7.363149166107178,228,516,512,512
7.363149166107178,228,516,512,512
7.363149166107178,228,515,512,512
7.363149166107178,228,515,512,512
7.363149166107178,228,515,512,512
7.363149166107178,228,515,512,512
7.363149166107178,228,515,512,512
7.363149166107178,228,515,512,512
7.363149166107178,228,515,512,512
7.363149166107178,228,515,512,512
7.363149166107178,228,515,512,512
7.363149166107178,228,515,512,512
7.363149166107178,228,515,512,512
7.378880023956299,228,515,512,512
7.378880023956299,228,515,512,512
7.378880023956299,228,515,512,512
7.378880023956299,228,515,512,512
7.378880023956299,228,515,512,512
7.378880023956299,228,515,512,512
7.378880023956299,228,515,512,512
7.378880023956299,228,515,512,512
7.378880023956299,228,515,512,512
7.378880023956299,228,515,512,512
7.378880023956299,228,515,512,512
7.378880023956299,228,515,512,512
7.378880023956299,228,515,512,512
7.378880023956299,228,515,512,512
7.378880023956299,228,515,512,512
7.378880023956299,228,515,512,512
7.378880023956299,228,515,512,512
7.378880023956299,228,515,512,512
7.378880023956299,227,515,512,512
7.3945558071136475,228,515,512,512
7.3945558071136475,228,515,512,512
7.396581649780273,228,515,512,512
7.39760160446167,228,515,512,512
7.398597478866577,228,515,512,512
7.398597478866577,228,515,512,512
7.399595022201538,228,515,512,512
7.400593280792236,228,515,512,512
7.401592969894409,227,514,512,512
7.402857065200806,227,514,512,512
7.4036407470703125,228,515,512,512
7.4036407470703125,228,515,512,512
7.404647588729858,227,515,512,512
7.4056479930877686,228,515,512,512
7.406648397445679,227,515,512,512
7.407648801803589,227,515,512,512
7.40864896774292,227,515,512,512
7.409648656845093,227,515,512,512
7.410650014877319,227,515,512,512
7.410650014877319,227,515,512,512
7.411649942398071,227,515,512,512
7.412655353546143,227,515,512,512
7.414365768432617,227,515,512,512
7.414365768432617,227,515,512,512
7.41533088684082,227,515,512,512
7.416333436965942,227,516,512,512
7.416333436965942,227,515,512,512
7.417330503463745,227,515,512,512
7.418330192565918,227,515,512,512
7.419721841812134,227,515,512,512
7.419962406158447,227,515,512,512
7.42097020149231,227,515,512,512
7.421970367431641,227,515,512,512
7.422970533370972,227,515,512,512
7.423970937728882,227,515,512,512
7.423970937728882,227,515,512,512
7.424971580505371,228,515,512,512
7.425973176956177,227,515,512,512
7.426973104476929,227,515,512,512
7.42797327041626,227,515,512,512
7.428973197937012,227,515,512,512
7.429973840713501,227,515,512,512
7.429973840713501,227,515,512,512
7.4315407276153564,227,515,512,512
7.4315407276153564,227,515,512,512
7.432543039321899,227,516,512,512
7.433540344238281,227,516,512,512
7.434541940689087,227,515,512,512
7.435542345046997,227,515,512,512
7.436805486679077,227,515,512,512
7.437317132949829,227,515,512,512
7.438329219818115,227,515,512,512
7.439329385757446,228,515,512,512
7.439329385757446,228,515,512,512
7.440329313278198,227,515,512,512
7.44132924079895,227,515,512,512
7.4423301219940186,227,514,512,512
7.443330526351929,227,515,512,512
7.444330453872681,227,515,512,512
7.444330453872681,227,515,512,512
7.446329355239868,227,515,512,512
7.446329355239868,227,515,512,512
7.447983741760254,227,515,512,512
7.447983741760254,227,515,512,512
7.447983741760254,227,515,512,512
7.447983741760254,227,515,512,512
7.447983741760254,227,515,512,512
7.447983741760254,227,516,512,512
7.447983741760254,228,515,512,512
7.447983741760254,227,515,512,512
7.447983741760254,227,515,512,512
7.447983741760254,227,515,512,512
7.447983741760254,227,515,512,512
7.447983741760254,227,515,512,512
7.447983741760254,228,515,512,512
7.447983741760254,228,515,512,512
7.447983741760254,228,515,512,512
7.447983741760254,228,515,512,512
7.447983741760254,228,515,512,512
7.447983741760254,228,515,512,512
7.463101863861084,227,515,512,512
7.463101863861084,227,515,512,512
7.464591979980469,228,515,512,512
7.465228319168091,228,515,512,512
7.465228319168091,228,515,512,512
7.465228319168091,228,515,512,512
7.465228319168091,228,515,512,512
7.465228319168091,228,515,512,512
7.465228319168091,228,515,512,512
7.465228319168091,228,515,512,512
7.465228319168091,228,515,512,512
7.465228319168091,228,515,512,512
7.465228319168091,228,515,512,512
7.465228319168091,228,515,512,512
7.465228319168091,228,515,512,512
7.465228319168091,228,516,512,512
7.465228319168091,228,516,512,512
7.465228319168091,228,515,512,512
7.465228319168091,228,515,512,512
7.465228319168091,228,515,512,512
7.48011040687561,228,515,512,512
7.48011040687561,228,515,512,512
7.481383562088013,228,515,512,512
7.482380628585815,227,515,512,512
7.483381032943726,227,514,512,512
7.484377861022949,227,514,512,512
7.484377861022949,228,514,512,512
7.485376358032227,228,514,512,512
7.486374855041504,228,515,512,512
7.487377882003784,228,515,512,512
7.488374471664429,228,516,512,512
7.4893763065338135,228,515,512,512
7.490375757217407,228,515,512,512
7.490375757217407,228,515,512,512
7.491374492645264,227,515,512,512
7.492374420166016,227,515,512,512
7.493374347686768,227,515,512,512
7.4943742752075195,227,516,512,512
7.495373964309692,227,515,512,512
7.4963743686676025,227,515,512,512
7.496735095977783,227,515,512,512
7.49805760383606,227,515,512,512
7.498831272125244,227,515,512,512
7.4998369216918945,228,515,512,512
7.4998369216918945,228,515,512,512
7.500837087631226,228,515,512,512
7.501837968826294,227,515,512,512
7.502837896347046,227,515,512,512
7.503837823867798,227,515,512,512
7.504838228225708,227,515,512,512
7.504838228225708,227,515,512,512
7.505838632583618,228,515,512,512
7.506839036941528,228,515,512,512
7.507840394973755,228,515,512,512
7.508841276168823,228,515,512,512
7.509843111038208,228,515,512,512
7.510840177536011,228,515,512,512
7.510840177536011,228,515,512,512
7.511847257614136,228,516,512,512
7.512846946716309,227,515,512,512
7.513842344284058,227,515,512,512
7.513842344284058,227,515,512,512
7.513842344284058,227,515,512,512
7.513842344284058,227,515,512,512
7.513842344284058,227,515,512,512
7.513842344284058,227,515,512,512
7.513842344284058,227,515,512,512
7.513842344284058,228,515,512,512
7.513842344284058,227,515,512,512
7.513842344284058,227,515,512,512
7.513842344284058,227,515,512,512
7.513842344284058,227,514,512,512
7.513842344284058,227,515,512,512
7.513842344284058,227,515,512,512
7.513842344284058,227,515,512,512
7.513842344284058,227,515,512,512
7.513842344284058,227,515,512,512
7.513842344284058,227,515,512,512
7.513842344284058,227,515,512,512
7.529706239700317,227,516,512,512
7.529706239700317,227,516,512,512
7.531811952590942,227,515,512,512
7.531811952590942,227,515,512,512
7.533822059631348,227,515,512,512
7.533822059631348,227,515,512,512
7.533822059631348,227,515,512,512
7.536337852478027,227,515,512,512
7.536678075790405,228,515,512,512
7.536678075790405,228,515,512,512
7.536678075790405,228,515,512,512
7.536678075790405,227,515,512,512
7.536678075790405,227,515,512,512
7.536678075790405,227,515,512,512
7.536678075790405,227,515,512,512
7.536678075790405,227,515,512,512
7.536678075790405,227,515,512,512
7.536678075790405,227,515,512,512
7.545509338378906,227,515,512,512
7.545509338378906,227,515,512,512
7.545509338378906,227,515,512,512
7.545509338378906,227,516,512,512
7.545509338378906,227,516,512,512
7.545509338378906,227,515,512,512
7.545509338378906,227,515,512,512
7.545509338378906,227,515,512,512
7.545509338378906,227,515,512,512
7.545509338378906,228,515,512,512
7.545509338378906,228,515,512,512
7.545509338378906,228,515,512,512
7.545509338378906,227,515,512,512
7.545509338378906,227,515,512,512
7.545509338378906,227,515,512,512
7.545509338378906,227,515,512,512
7.545509338378906,227,515,512,512
7.545509338378906,228,516,512,512
7.545509338378906,228,515,512,512
7.5611913204193115,228,515,512,512
7.5627360343933105,228,515,512,512
7.56375527381897,228,515,512,512
7.564406394958496,228,515,512,512
7.564928293228149,228,515,512,512
7.5659403800964355,228,515,512,512
7.5669379234313965,228,515,512,512
7.5669379234313965,228,515,512,512
7.567938566207886,228,515,512,512
7.568938255310059,227,515,512,512
7.569940567016602,228,515,512,512
7.570939302444458,228,515,512,512
7.57193922996521,228,515,512,512
7.57193922996521,228,515,512,512
7.572939157485962,228,515,512,512
7.573938846588135,228,515,512,512
7.574939966201782,228,515,512,512
7.575940132141113,228,515,512,512
7.576937437057495,228,515,512,512
7.5779383182525635,228,515,512,512
7.57893967628479,228,516,512,512
7.57893967628479,227,515,512,512
7.579952716827393,227,515,512,512
7.580945014953613,227,515,512,512
7.582268714904785,227,515,512,512
7.583034038543701,227,515,512,512
7.58404803276062,228,515,512,512
7.58404803276062,227,516,512,512
7.585044860839844,227,516,512,512
7.586044788360596,227,515,512,512
7.587044715881348,227,515,512,512
7.588045597076416,227,515,512,512
7.589045763015747,228,515,512,512
7.589045763015747,228,515,512,512
7.590044736862183,228,515,512,512
7.5910484790802,228,515,512,512
7.592045783996582,228,515,512,512
7.59304666519165,227,515,512,512
7.594044923782349,227,515,512,512
7.595044136047363,227,515,512,512
7.595044136047363,227,515,512,512
7.5969343185424805,227,515,512,512
7.5969343185424805,228,515,512,512
7.5982019901275635,228,515,512,512
7.5982019901275635,228,515,512,512
7.5982019901275635,228,515,512,512
7.5982019901275635,228,515,512,512
7.5982019901275635,228,515,512,512
7.5982019901275635,228,515,512,512
7.5982019901275635,228,515,512,512
7.5982019901275635,228,515,512,512
7.5982019901275635,227,514,512,512
7.5982019901275635,227,514,512,512
7.5982019901275635,227,514,512,512
7.5982019901275635,228,515,512,512
7.5982019901275635,228,516,512,512
7.5982019901275635,227,516,512,512
7.5982019901275635,227,515,512,512
7.5982019901275635,227,515,512,512
7.5982019901275635,227,516,512,512
7.5982019901275635,227,515,512,512
7.5982019901275635,227,515,512,512
7.61393666267395,227,516,512,512
7.61393666267395,227,516,512,512
7.61393666267395,227,515,512,512
7.617234230041504,228,515,512,512
7.617997646331787,228,515,512,512
7.617997646331787,227,515,512,512
7.617997646331787,227,515,512,512
7.617997646331787,227,516,512,512
7.617997646331787,227,515,512,512
7.617997646331787,227,515,512,512
7.617997646331787,227,515,512,512
7.617997646331787,227,515,512,512
7.617997646331787,228,515,512,512
7.617997646331787,227,515,512,512
7.617997646331787,227,515,512,512
7.617997646331787,227,515,512,512
7.617997646331787,227,515,512,512
7.617997646331787,227,515,512,512
7.629600286483765,227,515,512,512
7.629600286483765,227,515,512,512
7.629600286483765,227,515,512,512
7.629600286483765,227,515,512,512
7.629600286483765,227,516,512,512
7.629600286483765,227,515,512,512
7.629600286483765,227,515,512,512
7.629600286483765,227,515,512,512
7.629600286483765,227,515,512,512
7.629600286483765,227,515,512,512
7.629600286483765,227,516,512,512
7.629600286483765,227,516,512,512
7.629600286483765,227,515,512,512
7.629600286483765,228,515,512,512
7.629600286483765,228,515,512,512
7.629600286483765,228,515,512,512
7.629600286483765,228,515,512,512
7.629600286483765,227,515,512,512
7.645308017730713,227,515,512,512
7.645308017730713,227,515,512,512
7.646238088607788,227,515,512,512
7.647881031036377,227,515,512,512
7.6483588218688965,227,515,512,512
7.6483588218688965,227,515,512,512
7.6483588218688965,227,515,512,512
7.6483588218688965,227,516,512,512
7.6483588218688965,227,516,512,512
7.6483588218688965,227,515,512,512
7.6483588218688965,227,515,512,512
7.6483588218688965,227,515,512,512
7.6483588218688965,227,515,512,512
7.6483588218688965,227,515,512,512
7.6483588218688965,227,515,512,512
7.6483588218688965,227,515,512,512
7.6483588218688965,227,515,512,512
7.6483588218688965,228,515,512,512
7.6483588218688965,228,515,512,512
7.660975456237793,228,515,512,512
7.660975456237793,228,516,512,512
7.660975456237793,227,516,512,512
7.660975456237793,227,515,512,512
7.660975456237793,227,515,512,512
7.660975456237793,227,515,512,512
7.660975456237793,227,515,512,512
7.660975456237793,227,515,512,512
7.660975456237793,227,516,512,512
7.660975456237793,228,516,512,512
7.660975456237793,228,515,512,512
7.660975456237793,227,515,512,512
7.660975456237793,227,515,512,512
7.660975456237793,227,515,512,512
7.660975456237793,227,515,512,512
7.660975456237793,228,515,512,512
7.660975456237793,228,516,512,512
7.660975456237793,228,515,512,512
7.676688194274902,228,515,512,512
7.676688194274902,228,515,512,512
7.676688194274902,228,515,512,512
7.676688194274902,228,515,512,512
7.676688194274902,228,515,512,512
7.676688194274902,228,516,512,512
7.676688194274902,228,515,512,512
7.676688194274902,228,515,512,512
7.676688194274902,228,515,512,512
7.676688194274902,228,515,512,512
7.676688194274902,228,515,512,512
7.676688194274902,228,515,512,512
7.676688194274902,228,515,512,512
7.676688194274902,228,515,512,512
7.676688194274902,228,514,512,512
7.676688194274902,228,515,512,512
7.676688194274902,228,515,512,512
7.676688194274902,228,515,512,512
7.676688194274902,228,515,512,512
7.6923298835754395,228,516,512,512
7.6923298835754395,228,516,512,512
7.6923298835754395,227,515,512,512
7.6923298835754395,228,515,512,512
7.6923298835754395,228,515,512,512
7.6923298835754395,228,515,512,512
7.6923298835754395,228,515,512,512
7.6923298835754395,228,515,512,512
7.6923298835754395,228,515,512,512
7.6923298835754395,228,515,512,512
7.6923298835754395,228,515,512,512
7.6923298835754395,228,515,512,512
7.6923298835754395,228,515,512,512
7.6923298835754395,228,515,512,512
7.6923298835754395,228,515,512,512
7.6923298835754395,227,515,512,512
7.6923298835754395,227,515,512,512
7.6923298835754395,227,515,512,512
7.708101034164429,227,515,512,512
7.7091064453125,227,515,512,512
7.709869623184204,228,515,512,512
7.709869623184204,228,515,512,512
7.709869623184204,228,515,512,512
7.709869623184204,227,515,512,512
7.709869623184204,227,515,512,512
7.709869623184204,227,515,512,512
7.709869623184204,227,515,512,512
7.709869623184204,227,515,512,512
7.709869623184204,227,516,512,512
7.709869623184204,227,515,512,512
7.709869623184204,227,515,512,512
7.709869623184204,227,515,512,512
7.709869623184204,227,515,512,512
7.709869623184204,227,515,512,512
7.709869623184204,227,515,512,512
7.709869623184204,227,515,512,512
7.709869623184204,227,515,512,512
7.723752498626709,227,515,512,512
7.723752498626709,228,515,512,512
7.723752498626709,227,515,512,512
7.723752498626709,227,514,512,512
7.723752498626709,227,514,512,512
7.723752498626709,227,515,512,512
7.723752498626709,227,515,512,512
7.723752498626709,227,515,512,512
7.723752498626709,227,515,512,512
7.723752498626709,227,515,512,512
7.723752498626709,228,515,512,512
7.723752498626709,228,515,512,512
7.723752498626709,228,515,512,512
7.723752498626709,228,515,512,512
7.723752498626709,228,515,512,512
7.723752498626709,227,515,512,512
7.723752498626709,227,515,512,512
7.723752498626709,227,515,512,512
7.739628791809082,227,515,512,512
7.7404868602752686,227,515,512,512
7.740748882293701,227,515,512,512
7.740748882293701,227,515,512,512
7.740748882293701,227,515,512,512
7.740748882293701,227,516,512,512
7.740748882293701,227,516,512,512
7.740748882293701,227,515,512,512
7.740748882293701,227,515,512,512
7.740748882293701,227,516,512,512
7.740748882293701,227,515,512,512
7.740748882293701,227,515,512,512
7.740748882293701,227,515,512,512
7.740748882293701,227,515,512,512
7.740748882293701,227,515,512,512
7.740748882293701,227,516,512,512
7.740748882293701,227,516,512,512
7.740748882293701,227,516,512,512
7.740748882293701,227,516,512,512
7.75514554977417,227,516,512,512
7.75514554977417,227,516,512,512
7.75514554977417,227,516,512,512
7.75514554977417,227,516,512,512
7.75514554977417,227,516,512,512
7.75514554977417,227,516,512,512
7.75514554977417,227,516,512,512
7.75514554977417,227,515,512,512
7.75514554977417,227,516,512,512
7.75514554977417,227,515,512,512
7.75514554977417,227,515,512,512
7.75514554977417,227,515,512,512
7.75514554977417,227,515,512,512
7.75514554977417,227,515,512,512
7.75514554977417,227,515,512,512
7.75514554977417,227,515,512,512
7.75514554977417,227,515,512,512
7.75514554977417,227,515,512,512
7.771003723144531,227,516,512,512
7.771896600723267,227,516,512,512
7.772384405136108,227,516,512,512
7.772384405136108,227,516,512,512
7.772384405136108,227,516,512,512
7.772384405136108,227,516,512,512
7.772384405136108,228,516,512,512
7.772384405136108,228,516,512,512
7.772384405136108,227,516,512,512
7.772384405136108,227,515,512,512
7.772384405136108,227,515,512,512
7.772384405136108,227,516,512,512
7.772384405136108,227,515,512,512
7.772384405136108,227,516,512,512
7.772384405136108,227,516,512,512
7.772384405136108,227,516,512,512
7.772384405136108,227,515,512,512
7.772384405136108,227,515,512,512
7.772384405136108,227,515,512,512
7.786747694015503,227,515,512,512
7.786747694015503,227,515,512,512
7.786747694015503,227,516,512,512
7.786747694015503,227,516,512,512
7.786747694015503,227,516,512,512
7.786747694015503,227,515,512,512
7.786747694015503,227,515,512,512
7.786747694015503,227,515,512,512
7.786747694015503,227,515,512,512
7.786747694015503,227,515,512,512
7.786747694015503,227,515,512,512
7.786747694015503,227,515,512,512
7.786747694015503,227,515,512,512
7.786747694015503,227,515,512,512
7.786747694015503,227,515,512,512
7.786747694015503,227,515,512,512
7.786747694015503,227,516,512,512
7.786747694015503,227,516,512,512
7.80250096321106,227,516,512,512
7.80250096321106,227,515,512,512
7.80250096321106,228,516,512,512
7.80250096321106,227,515,512,512
7.80250096321106,227,515,512,512
7.80250096321106,227,515,512,512
7.80250096321106,227,515,512,512
7.80250096321106,227,515,512,512
7.80250096321106,227,515,512,512
7.80250096321106,227,515,512,512
7.80250096321106,227,515,512,512
7.80250096321106,227,515,512,512
7.80250096321106,227,516,512,512
7.80250096321106,227,516,512,512
7.80250096321106,227,516,512,512
7.80250096321106,227,515,512,512
7.80250096321106,227,515,512,512
7.80250096321106,227,515,512,512
7.80250096321106,227,515,512,512
7.818179607391357,227,516,512,512
7.819618225097656,227,516,512,512
7.819871425628662,227,516,512,512
7.819871425628662,227,516,512,512
7.819871425628662,227,516,512,512
7.819871425628662,227,516,512,512
7.819871425628662,227,516,512,512
7.819871425628662,227,516,512,512
7.819871425628662,227,516,512,512
7.819871425628662,227,516,512,512
7.819871425628662,227,515,512,512
7.819871425628662,227,515,512,512
7.819871425628662,227,515,512,512
7.819871425628662,227,515,512,512
7.819871425628662,227,515,512,512
7.819871425628662,227,516,512,512
7.819871425628662,227,516,512,512
7.819871425628662,227,515,512,512
7.833916187286377,227,516,512,512
7.833916187286377,227,515,512,512
7.833916187286377,227,515,512,512
7.833916187286377,227,515,512,512
7.833916187286377,227,516,512,512
7.833916187286377,227,516,512,512
7.833916187286377,227,515,512,512
7.833916187286377,227,515,512,512
7.833916187286377,227,515,512,512
7.833916187286377,227,515,512,512
7.833916187286377,227,516,512,512
7.833916187286377,228,516,512,512
7.833916187286377,228,516,512,512
7.833916187286377,228,515,512,512
7.833916187286377,228,515,512,512
7.833916187286377,228,515,512,512
7.833916187286377,228,515,512,512
7.833916187286377,227,515,512,512
7.833916187286377,227,515,512,512
7.849608898162842,227,515,512,512
7.849608898162842,227,515,512,512
7.849608898162842,227,515,512,512
7.849608898162842,227,516,512,512
7.849608898162842,227,515,512,512
7.849608898162842,227,516,512,512
7.849608898162842,227,516,512,512
7.849608898162842,227,516,512,512
7.849608898162842,227,516,512,512
7.849608898162842,227,516,512,512
7.849608898162842,227,515,512,512
7.849608898162842,227,515,512,512
7.849608898162842,227,515,512,512
7.849608898162842,227,516,512,512
7.849608898162842,227,516,512,512
7.849608898162842,227,515,512,512
7.849608898162842,227,515,512,512
7.849608898162842,227,515,512,512
7.865468740463257,227,515,512,512
7.866304874420166,227,515,512,512
7.866584777832031,227,516,512,512
7.866584777832031,227,516,512,512
7.866584777832031,227,515,512,512
7.866584777832031,227,515,512,512
7.866584777832031,227,516,512,512
7.866584777832031,227,516,512,512
7.866584777832031,227,515,512,512
7.866584777832031,227,516,512,512
7.866584777832031,227,516,512,512
7.866584777832031,227,516,512,512
7.866584777832031,227,515,512,512
7.866584777832031,227,516,512,512
7.866584777832031,227,516,512,512
7.866584777832031,227,515,512,512
7.866584777832031,227,515,512,512
7.866584777832031,227,516,512,512
7.866584777832031,227,516,512,512
7.881183862686157,227,516,512,512
7.881183862686157,227,516,512,512
7.882788181304932,227,516,512,512
7.883805990219116,227,515,512,512
7.885202884674072,227,515,512,512
7.885957479476929,227,515,512,512
7.885957479476929,227,515,512,512
7.886967182159424,227,515,512,512
7.887965440750122,227,515,512,512
7.888965845108032,227,515,512,512
7.889966249465942,227,515,512,512
7.8909666538238525,227,515,512,512
7.8909666538238525,227,516,512,512
7.891967535018921,227,515,512,512
7.89297080039978,227,515,512,512
7.893967390060425,227,515,512,512
7.894967317581177,227,515,512,512
7.895968437194824,227,515,512,512
7.896878242492676,227,515,512,512
7.898027658462524,227,516,512,512
7.898027658462524,227,516,512,512
7.899043083190918,227,515,512,512
7.900039196014404,227,515,512,512
7.9010398387908936,227,516,512,512
7.902052879333496,227,515,512,512
7.902583122253418,227,515,512,512
7.903711795806885,227,516,512,512
7.903711795806885,227,516,512,512
7.904760837554932,227,516,512,512
7.905821323394775,227,516,512,512
7.906734943389893,227,516,512,512
7.907734155654907,227,516,512,512
7.908727169036865,227,516,512,512
7.909728288650513,227,516,512,512
7.910728216171265,227,516,512,512
7.910728216171265,227,515,512,512
7.911729574203491,227,515,512,512
7.912727355957031,227,515,512,512
7.913739204406738,227,515,512,512
7.914310932159424,227,516,512,512
7.915574312210083,227,516,512,512
7.9165685176849365,227,515,512,512
7.9165685176849365,227,515,512,512
7.917567729949951,227,515,512,512
7.918566942214966,227,515,512,512
7.919885635375977,227,515,512,512
7.920407295227051,227,516,512,512
7.921416759490967,227,516,512,512
7.922414779663086,227,516,512,512
7.923414945602417,227,516,512,512
7.923414945602417,227,516,512,512
7.924415111541748,228,516,512,512
7.925415515899658,228,515,512,512
7.926415920257568,227,515,512,512
7.927417039871216,228,516,512,512
7.928417444229126,228,515,512,512
7.928417444229126,227,515,512,512
7.930182218551636,227,515,512,512
7.930182218551636,227,515,512,512
7.930182218551636,227,515,512,512
7.930182218551636,227,515,512,512
7.930182218551636,227,516,512,512
7.930182218551636,227,516,512,512
7.930182218551636,227,515,512,512
7.930182218551636,227,515,512,512
7.930182218551636,227,515,512,512
7.930182218551636,227,515,512,512
7.930182218551636,227,515,512,512
7.930182218551636,227,516,512,512
7.930182218551636,227,516,512,512
7.930182218551636,227,515,512,512
7.930182218551636,227,515,512,512
7.930182218551636,227,515,512,512
7.930182218551636,227,515,512,512
7.930182218551636,227,515,512,512
7.945248126983643,227,516,512,512
7.945248126983643,227,516,512,512
7.945248126983643,227,515,512,512
7.947955131530762,227,515,512,512
7.947955131530762,227,516,512,512
7.947955131530762,227,515,512,512
7.947955131530762,227,515,512,512
7.947955131530762,227,516,512,512
7.947955131530762,227,516,512,512
7.947955131530762,227,516,512,512
7.947955131530762,227,515,512,512
7.947955131530762,227,516,512,512
7.947955131530762,227,516,512,512
7.947955131530762,227,515,512,512
7.947955131530762,227,516,512,512
7.947955131530762,227,516,512,512
7.947955131530762,227,516,512,512
7.947955131530762,227,515,512,512
7.947955131530762,227,515,512,512
7.960978269577026,227,515,512,512
7.960978269577026,227,515,512,512
7.960978269577026,227,516,512,512
7.960978269577026,227,516,512,512
7.960978269577026,227,516,512,512
7.960978269577026,227,515,512,512
7.960978269577026,227,515,512,512
7.960978269577026,227,515,512,512
7.960978269577026,227,515,512,512
7.960978269577026,227,515,512,512
7.960978269577026,227,515,512,512
7.960978269577026,227,515,512,512
7.960978269577026,227,515,512,512
7.960978269577026,227,515,512,512
7.960978269577026,227,515,512,512
7.960978269577026,227,515,512,512
7.960978269577026,227,516,512,512
7.960978269577026,227,516,512,512
7.9769299030303955,227,516,512,512
7.9769299030303955,227,516,512,512
7.9769299030303955,227,516,512,512
7.9769299030303955,227,515,512,512
7.9769299030303955,227,515,512,512
7.9769299030303955,227,515,512,512
7.9769299030303955,227,516,512,512
7.9769299030303955,227,515,512,512
7.9769299030303955,227,515,512,512
7.9769299030303955,227,515,512,512
7.9769299030303955,227,516,512,512
7.9769299030303955,227,515,512,512
7.9769299030303955,227,516,512,512
7.9769299030303955,227,516,512,512
7.9769299030303955,227,516,512,512
7.9769299030303955,227,515,512,512
7.9769299030303955,227,515,512,512
7.9769299030303955,227,515,512,512
7.9769299030303955,227,515,512,512
7.992639541625977,227,515,512,512
7.993816137313843,227,516,512,512
7.994271516799927,227,515,512,512
7.994271516799927,227,515,512,512
7.994271516799927,227,515,512,512
7.996968030929565,227,515,512,512
7.998263120651245,227,515,512,512
7.998263120651245,227,515,512,512
7.999274253845215,227,516,512,512
8.000272750854492,227,516,512,512
8.001271963119507,227,515,512,512
8.002272367477417,227,516,512,512
8.003349781036377,227,516,512,512
8.003867864608765,227,516,512,512
8.004878997802734,227,516,512,512
8.005879878997803,227,516,512,512
8.005879878997803,227,516,512,512
8.006879568099976,227,515,512,512
8.007879972457886,227,515,512,512
8.00887942314148,227,515,512,512
8.00987958908081,227,515,512,512
8.010880947113037,227,515,512,512
8.010880947113037,227,515,512,512
8.01188588142395,227,515,512,512
8.012879610061646,227,515,512,512
8.014273405075073,227,515,512,512
8.015276432037354,227,515,512,512
8.015276432037354,227,515,512,512
8.016274213790894,227,515,512,512
8.017268896102905,227,516,512,512
8.018272399902344,227,516,512,512
8.019270181655884,227,516,512,512
8.020450830459595,227,515,512,512
8.021210670471191,227,516,512,512
8.021210670471191,227,516,512,512
8.022221565246582,227,516,512,512
8.023221492767334,227,516,512,512
8.024222373962402,227,516,512,512
8.025222301483154,227,515,512,512
8.026222705841064,227,515,512,512
8.026222705841064,227,515,512,512
8.027222871780396,227,515,512,512
8.028221607208252,227,516,512,512
8.029224395751953,227,516,512,512
8.030130386352539,227,516,512,512
8.030130386352539,227,515,512,512
8.030130386352539,227,515,512,512
8.030130386352539,227,515,512,512
8.030130386352539,227,515,512,512
8.030130386352539,227,515,512,512
8.030130386352539,227,516,512,512
8.030130386352539,227,516,512,512
8.030130386352539,227,515,512,512
8.030130386352539,227,515,512,512
8.030130386352539,227,516,512,512
8.030130386352539,227,515,512,512
8.030130386352539,227,515,512,512
8.030130386352539,227,516,512,512
8.030130386352539,227,516,512,512
8.030130386352539,227,515,512,512
8.030130386352539,227,515,512,512
8.044942378997803,227,515,512,512
8.044942378997803,227,515,512,512
8.044942378997803,227,515,512,512
8.044942378997803,228,515,512,512
8.048584461212158,227,515,512,512
8.04929780960083,228,515,512,512
8.049583435058594,228,515,512,512
8.050596237182617,228,515,512,512
8.05159330368042,227,515,512,512
8.052592515945435,227,514,512,512
8.053595542907715,227,515,512,512
8.053595542907715,227,515,512,512
8.05459475517273,227,515,512,512
8.055595397949219,227,515,512,512
8.05659556388855,227,515,512,512
8.057595252990723,227,516,512,512
8.058595418930054,227,515,512,512
8.058595418930054,227,516,512,512
8.05959439277649,227,516,512,512
8.0605947971344,227,516,512,512
8.061593532562256,227,515,512,512
8.062593460083008,227,515,512,512
8.063930034637451,227,515,512,512
8.063930034637451,227,515,512,512
8.06494951248169,227,515,512,512
8.066388845443726,227,516,512,512
8.066889524459839,227,515,512,512
8.067901611328125,227,515,512,512
8.068901538848877,227,515,512,512
8.068901538848877,227,516,512,512
8.069901704788208,227,515,512,512
8.07090139389038,227,516,512,512
8.071901321411133,227,516,512,512
8.072901487350464,227,516,512,512
8.073901414871216,227,515,512,512
8.073901414871216,227,515,512,512
8.074901103973389,227,515,512,512
8.07590103149414,227,515,512,512
8.076903343200684,227,515,512,512
8.077899694442749,227,516,512,512
8.07890009880066,227,516,512,512
8.079902648925781,227,515,512,512
8.08090615272522,227,515,512,512
8.08090615272522,227,515,512,512
8.08090615272522,227,515,512,512
8.08090615272522,227,515,512,512
8.08090615272522,227,516,512,512
8.08090615272522,227,516,512,512
8.08090615272522,227,516,512,512
8.08090615272522,227,515,512,512
8.08090615272522,227,516,512,512
8.08090615272522,227,515,512,512
8.08090615272522,227,515,512,512
8.08090615272522,227,515,512,512
8.08090615272522,227,515,512,512
8.08090615272522,227,515,512,512
8.08090615272522,227,515,512,512
8.08090615272522,227,515,512,512
8.08090615272522,227,515,512,512
8.08090615272522,227,515,512,512
8.08090615272522,227,516,512,512
8.096619367599487,227,516,512,512
8.096619367599487,227,515,512,512
8.096619367599487,227,515,512,512
8.096619367599487,227,516,512,512
8.096619367599487,227,515,512,512
8.096619367599487,227,515,512,512
8.096619367599487,227,516,512,512
8.096619367599487,227,516,512,512
8.096619367599487,227,515,512,512
8.096619367599487,227,515,512,512
8.096619367599487,227,516,512,512
8.096619367599487,227,515,512,512
8.096619367599487,227,515,512,512
8.096619367599487,227,515,512,512
8.096619367599487,227,516,512,512
8.096619367599487,227,515,512,512
8.096619367599487,227,515,512,512
8.096619367599487,227,515,512,512
8.112337827682495,227,515,512,512
8.112337827682495,227,515,512,512
8.112337827682495,227,516,512,512
8.112337827682495,227,516,512,512
8.112337827682495,227,516,512,512
8.112337827682495,227,515,512,512
8.112337827682495,227,516,512,512
8.112337827682495,227,515,512,512
8.112337827682495,227,515,512,512
8.112337827682495,227,516,512,512
8.112337827682495,227,516,512,512
8.112337827682495,227,516,512,512
8.112337827682495,227,515,512,512
8.112337827682495,227,515,512,512
8.112337827682495,227,515,512,512
8.112337827682495,227,515,512,512
8.112337827682495,228,516,512,512
8.112337827682495,228,516,512,512
8.112337827682495,227,516,512,512
8.128004550933838,228,515,512,512
8.129159927368164,227,515,512,512
8.129557371139526,227,515,512,512
8.129557371139526,227,515,512,512
8.129557371139526,228,515,512,512
8.129557371139526,227,515,512,512
8.129557371139526,227,515,512,512
8.129557371139526,227,515,512,512
8.129557371139526,227,515,512,512
8.129557371139526,227,515,512,512
8.129557371139526,227,515,512,512
8.129557371139526,227,516,512,512
8.129557371139526,227,516,512,512
8.129557371139526,227,516,512,512
8.129557371139526,227,515,512,512
8.129557371139526,227,515,512,512
8.129557371139526,227,515,512,512
8.129557371139526,227,515,512,512
8.143717050552368,227,516,512,512
8.143717050552368,227,516,512,512
8.143717050552368,228,515,512,512
8.143717050552368,228,515,512,512
8.143717050552368,228,515,512,512
8.143717050552368,227,515,512,512
8.143717050552368,227,515,512,512
8.143717050552368,227,516,512,512
8.143717050552368,227,516,512,512
8.143717050552368,227,516,512,512
8.143717050552368,227,515,512,512
8.143717050552368,227,515,512,512
8.143717050552368,227,515,512,512
8.143717050552368,227,515,512,512
8.143717050552368,227,515,512,512
8.143717050552368,227,516,512,512
8.143717050552368,227,516,512,512
8.143717050552368,228,515,512,512
8.143717050552368,228,515,512,512
8.159595966339111,228,515,512,512
8.159595966339111,228,515,512,512
8.159595966339111,227,515,512,512
8.159595966339111,227,515,512,512
8.159595966339111,227,515,512,512
8.159595966339111,227,515,512,512
8.159595966339111,227,516,512,512
8.159595966339111,227,516,512,512
8.159595966339111,227,516,512,512
8.159595966339111,228,516,512,512
8.159595966339111,228,516,512,512
8.159595966339111,228,516,512,512
8.159595966339111,228,515,512,512
8.159595966339111,228,515,512,512
8.159595966339111,228,515,512,512
8.159595966339111,228,514,512,512
8.159595966339111,227,515,512,512
8.159595966339111,227,515,512,512
8.159595966339111,227,515,512,512
8.175354719161987,227,515,512,512
8.175354719161987,227,515,512,512
8.175354719161987,227,515,512,512
8.175354719161987,227,515,512,512
8.179434061050415,227,515,512,512
8.179434061050415,227,516,512,512
8.181208372116089,227,515,512,512
8.181208372116089,227,515,512,512
8.181208372116089,227,515,512,512
8.181208372116089,227,515,512,512
8.181208372116089,227,515,512,512
8.181208372116089,227,515,512,512
8.181208372116089,227,515,512,512
8.181208372116089,227,516,512,512
8.181208372116089,227,515,512,512
8.181208372116089,227,515,512,512
8.181208372116089,227,515,512,512
8.181208372116089,227,515,512,512
8.191030740737915,227,515,512,512
8.191030740737915,227,515,512,512
8.191030740737915,227,516,512,512
8.191030740737915,227,515,512,512
8.191030740737915,227,515,512,512
8.191030740737915,227,515,512,512
8.191030740737915,227,515,512,512
8.191030740737915,227,515,512,512
8.191030740737915,228,515,512,512
8.191030740737915,228,515,512,512
8.191030740737915,227,515,512,512
8.191030740737915,228,515,512,512
8.191030740737915,228,515,512,512
8.191030740737915,228,515,512,512
8.191030740737915,228,515,512,512
8.191030740737915,228,515,512,512
8.191030740737915,228,515,512,512
8.191030740737915,228,515,512,512
8.206744909286499,228,515,512,512
8.206744909286499,228,515,512,512
8.206744909286499,228,515,512,512
8.206744909286499,228,515,512,512
8.206744909286499,228,515,512,512
8.206744909286499,228,515,512,512
8.206744909286499,228,515,512,512
8.206744909286499,228,515,512,512
8.206744909286499,227,515,512,512
8.206744909286499,227,515,512,512
8.206744909286499,227,515,512,512
8.206744909286499,227,515,512,512
8.206744909286499,227,515,512,512
8.206744909286499,227,515,512,512
8.206744909286499,228,515,512,512
8.206744909286499,228,515,512,512
8.206744909286499,228,515,512,512
8.220991134643555,228,515,512,512
8.220991134643555,228,516,512,512
8.222726821899414,228,516,512,512
8.222726821899414,228,515,512,512
8.222726821899414,228,515,512,512
8.222726821899414,228,515,512,512
8.222726821899414,228,515,512,512
8.222726821899414,228,515,512,512
8.222726821899414,228,515,512,512
8.222726821899414,228,515,512,512
8.222726821899414,228,515,512,512
8.222726821899414,228,515,512,512
8.222726821899414,228,515,512,512
8.222726821899414,228,515,512,512
8.222726821899414,228,515,512,512
8.222726821899414,228,515,512,512
8.222726821899414,228,516,512,512
8.222726821899414,228,515,512,512
8.222726821899414,228,515,512,512
8.222726821899414,228,515,512,512
8.222726821899414,227,515,512,512
8.238436460494995,227,515,512,512
8.238436460494995,227,515,512,512
8.240678310394287,228,515,512,512
8.24117922782898,228,515,512,512
8.24117922782898,228,515,512,512
8.24117922782898,228,515,512,512
8.24117922782898,228,515,512,512
8.24117922782898,228,515,512,512
8.24117922782898,227,515,512,512
8.24117922782898,227,515,512,512
8.24117922782898,228,516,512,512
8.24117922782898,228,515,512,512
8.24117922782898,228,515,512,512
8.24117922782898,228,515,512,512
8.24117922782898,228,515,512,512
8.24117922782898,228,515,512,512
8.24117922782898,228,515,512,512
8.24117922782898,228,515,512,512
8.254196882247925,227,514,512,512
8.254196882247925,227,514,512,512
8.254196882247925,227,514,512,512
8.254196882247925,227,514,512,512
8.254196882247925,228,515,512,512
8.254196882247925,228,515,512,512
8.254196882247925,228,515,512,512
8.254196882247925,228,515,512,512
8.254196882247925,228,515,512,512
8.254196882247925,228,515,512,512
8.254196882247925,228,515,512,512
8.254196882247925,228,515,512,512
8.254196882247925,228,516,512,512
8.254196882247925,227,516,512,512
8.254196882247925,227,515,512,512
8.254196882247925,227,515,512,512
8.254196882247925,227,515,512,512
8.254196882247925,227,515,512,512
8.254196882247925,227,515,512,512
8.27058482170105,227,515,512,512
8.271304368972778,227,515,512,512
8.271304368972778,227,515,512,512
8.271304368972778,227,515,512,512
8.271304368972778,228,515,512,512
8.271304368972778,228,515,512,512
8.271304368972778,227,515,512,512
8.271304368972778,227,515,512,512
8.271304368972778,227,515,512,512
8.271304368972778,227,515,512,512
8.271304368972778,228,515,512,512
8.271304368972778,227,515,512,512
8.271304368972778,227,515,512,512
8.271304368972778,227,515,512,512
8.271304368972778,227,516,512,512
8.271304368972778,227,516,512,512
8.271304368972778,227,515,512,512
8.271304368972778,227,515,512,512
8.28562879562378,227,515,512,512
8.28562879562378,227,515,512,512
8.28562879562378,227,515,512,512
8.28562879562378,227,516,512,512
8.28562879562378,227,516,512,512
8.28562879562378,228,515,512,512
8.28562879562378,228,515,512,512
8.28562879562378,228,515,512,512
8.28562879562378,228,515,512,512
8.28562879562378,228,515,512,512
8.28562879562378,228,515,512,512
8.28562879562378,227,516,512,512
8.28562879562378,228,515,512,512
8.28562879562378,228,515,512,512
8.28562879562378,228,515,512,512
8.28562879562378,228,516,512,512
8.28562879562378,228,515,512,512
8.28562879562378,228,516,512,512
8.28562879562378,228,516,512,512
8.301484107971191,228,516,512,512
8.301484107971191,227,515,512,512
8.301484107971191,227,515,512,512
8.301484107971191,227,515,512,512
8.301484107971191,227,515,512,512
8.301484107971191,228,515,512,512
8.301484107971191,228,515,512,512
8.301484107971191,228,515,512,512
8.301484107971191,228,515,512,512
8.301484107971191,228,515,512,512
8.301484107971191,228,515,512,512
8.301484107971191,228,515,512,512
8.301484107971191,228,515,512,512
8.301484107971191,228,515,512,512
8.301484107971191,228,515,512,512
8.301484107971191,228,515,512,512
8.301484107971191,228,515,512,512
8.301484107971191,228,515,512,512
8.317237377166748,228,515,512,512
8.317237377166748,228,515,512,512
8.319034099578857,228,516,512,512
8.319034099578857,228,516,512,512
8.319034099578857,228,515,512,512
8.319034099578857,228,515,512,512
8.319034099578857,228,515,512,512
8.319034099578857,228,515,512,512
8.319034099578857,228,515,512,512
8.319034099578857,228,515,512,512
8.319034099578857,228,515,512,512
8.319034099578857,228,515,512,512
8.319034099578857,228,515,512,512
8.319034099578857,228,516,512,512
8.319034099578857,228,515,512,512
8.319034099578857,228,515,512,512
8.319034099578857,228,516,512,512
8.319034099578857,228,516,512,512
8.319034099578857,228,515,512,512
8.332905530929565,228,515,512,512
8.332905530929565,228,515,512,512
8.332905530929565,228,514,512,512
8.332905530929565,228,515,512,512
8.332905530929565,228,515,512,512
8.332905530929565,228,515,512,512
8.332905530929565,228,515,512,512
8.332905530929565,228,515,512,512
8.332905530929565,228,515,512,512
8.332905530929565,228,515,512,512
8.332905530929565,228,515,512,512
8.332905530929565,228,515,512,512
8.332905530929565,228,515,512,512
8.332905530929565,228,515,512,512
8.332905530929565,228,515,512,512
8.332905530929565,228,515,512,512
8.332905530929565,228,515,512,512
8.332905530929565,228,515,512,512
8.332905530929565,228,516,512,512
8.34884238243103,227,516,512,512
8.34884238243103,227,515,512,512
8.34884238243103,227,515,512,512
8.34884238243103,227,515,512,512
8.34884238243103,227,515,512,512
8.34884238243103,227,515,512,512
8.34884238243103,227,515,512,512
8.34884238243103,228,516,512,512
8.34884238243103,227,515,512,512
8.34884238243103,228,515,512,512
8.34884238243103,228,515,512,512
8.34884238243103,227,515,512,512
8.34884238243103,227,515,512,512
8.34884238243103,227,515,512,512
8.34884238243103,227,516,512,512
8.34884238243103,227,515,512,512
8.34884238243103,227,515,512,512
8.34884238243103,227,515,512,512
8.36471152305603,227,515,512,512
8.36471152305603,227,515,512,512
8.36471152305603,227,515,512,512
8.36471152305603,228,516,512,512
8.36471152305603,228,516,512,512
8.36471152305603,228,515,512,512
8.36471152305603,228,516,512,512
8.36471152305603,228,515,512,512
8.36471152305603,228,515,512,512
8.36471152305603,228,515,512,512
8.36471152305603,228,515,512,512
8.36471152305603,228,515,512,512
8.36471152305603,228,515,512,512
8.36471152305603,228,514,512,512
8.36471152305603,228,514,512,512
8.36471152305603,228,514,512,512
8.36471152305603,228,515,512,512
8.36471152305603,228,515,512,512
8.36471152305603,227,515,512,512
8.380388736724854,227,515,512,512
8.380388736724854,227,515,512,512
8.380388736724854,227,515,512,512
8.380388736724854,227,515,512,512
8.380388736724854,227,515,512,512
8.380388736724854,228,515,512,512
8.380388736724854,227,515,512,512
8.380388736724854,227,515,512,512
8.380388736724854,227,515,512,512
8.380388736724854,227,515,512,512
8.380388736724854,227,515,512,512
8.380388736724854,227,515,512,512
8.380388736724854,228,515,512,512
8.380388736724854,228,515,512,512
8.380388736724854,228,515,512,512
8.380388736724854,228,515,512,512
8.380388736724854,228,515,512,512
8.380388736724854,228,515,512,512
8.396092414855957,228,515,512,512
8.396092414855957,227,516,512,512
8.397759437561035,227,515,512,512
8.398781776428223,227,515,512,512
8.399549007415771,228,515,512,512
8.39999508857727,228,515,512,512
8.401088953018188,227,515,512,512
8.40208387374878,228,515,512,512
8.40323543548584,227,515,512,512
8.403482437133789,228,515,512,512
8.404490232467651,228,515,512,512
8.405489683151245,228,515,512,512
8.406490325927734,228,515,512,512
8.406490325927734,228,515,512,512
8.407490491867065,228,515,512,512
8.408490896224976,228,515,512,512
8.409492015838623,228,516,512,512
8.410492420196533,228,515,512,512
8.411493301391602,228,515,512,512
8.411493301391602,228,515,512,512
8.413496017456055,228,515,512,512
8.413899421691895,228,515,512,512
8.414345502853394,228,515,512,512
8.415598630905151,228,515,512,512
8.41658353805542,227,515,512,512
8.417600631713867,227,515,512,512
8.418583869934082,227,515,512,512
8.418583869934082,227,515,512,512
8.420083999633789,227,515,512,512
8.420583963394165,227,516,512,512
8.421595096588135,227,516,512,512
8.422595024108887,227,515,512,512
8.42359733581543,227,515,512,512
8.42359733581543,227,515,512,512
8.424596309661865,227,515,512,512
8.425595045089722,227,515,512,512
8.426594972610474,227,516,512,512
8.427595853805542,228,516,512,512
8.428595781326294,228,515,512,512
8.42959451675415,228,515,512,512
8.42959451675415,228,515,512,512
8.430979251861572,228,515,512,512
8.431997060775757,228,515,512,512
8.431997060775757,228,515,512,512
8.432993412017822,227,515,512,512
8.433992385864258,227,515,512,512
8.434991121292114,227,515,512,512
8.435990571975708,227,515,512,512
8.437181949615479,227,515,512,512
8.437928438186646,227,515,512,512
8.43893551826477,227,516,512,512
8.43893551826477,227,516,512,512
8.439936399459839,227,515,512,512
8.440935850143433,227,515,512,512
8.441936016082764,227,515,512,512
8.442936658859253,227,515,512,512
8.443936824798584,227,515,512,512
8.443936824798584,227,516,512,512
8.444937467575073,228,516,512,512
8.445939064025879,228,515,512,512
8.446943283081055,227,515,512,512
8.446943283081055,227,515,512,512
8.446943283081055,227,515,512,512
8.446943283081055,227,515,512,512
8.446943283081055,227,515,512,512
8.446943283081055,228,516,512,512
8.446943283081055,228,515,512,512
8.446943283081055,228,515,512,512
8.446943283081055,227,515,512,512
8.446943283081055,227,515,512,512
8.446943283081055,227,514,512,512
8.446943283081055,227,515,512,512
8.446943283081055,227,515,512,512
8.446943283081055,227,515,512,512
8.446943283081055,227,515,512,512
8.446943283081055,227,515,512,512
8.446943283081055,227,515,512,512
8.446943283081055,227,515,512,512
8.46270751953125,227,515,512,512
8.46270751953125,227,515,512,512
8.46270751953125,227,515,512,512
8.46270751953125,227,515,512,512
8.46270751953125,227,515,512,512
8.46270751953125,227,515,512,512
8.46270751953125,227,515,512,512
8.46270751953125,227,515,512,512
8.46270751953125,227,516,512,512
8.46270751953125,227,516,512,512
8.46270751953125,227,515,512,512
8.46270751953125,227,515,512,512
8.46270751953125,227,515,512,512
8.46270751953125,227,515,512,512
8.46270751953125,227,515,512,512
8.46270751953125,227,515,512,512
8.46270751953125,227,515,512,512
8.46270751953125,227,515,512,512
8.46270751953125,227,515,512,512
8.47836184501648,227,515,512,512
8.47836184501648,227,515,512,512
8.47836184501648,227,515,512,512
8.47836184501648,227,515,512,512
8.47836184501648,227,515,512,512
8.47836184501648,227,515,512,512
8.47836184501648,227,515,512,512
8.47836184501648,227,515,512,512
8.47836184501648,227,515,512,512
8.47836184501648,227,515,512,512
8.47836184501648,227,516,512,512
8.47836184501648,227,515,512,512
8.47836184501648,227,515,512,512
8.47836184501648,227,515,512,512
8.47836184501648,227,515,512,512
8.47836184501648,227,515,512,512
8.47836184501648,227,515,512,512
8.47836184501648,227,515,512,512
8.494111776351929,228,515,512,512
8.494111776351929,227,515,512,512
8.494111776351929,227,515,512,512
8.494111776351929,227,515,512,512
8.494111776351929,227,515,512,512
8.494111776351929,227,515,512,512
8.494111776351929,227,515,512,512
8.494111776351929,227,515,512,512
8.494111776351929,227,515,512,512
8.494111776351929,227,515,512,512
8.494111776351929,228,515,512,512
8.494111776351929,227,515,512,512
8.494111776351929,227,515,512,512
8.494111776351929,228,516,512,512
8.494111776351929,228,516,512,512
8.494111776351929,228,515,512,512
8.494111776351929,228,515,512,512
8.494111776351929,227,515,512,512
8.494111776351929,227,515,512,512
8.509754657745361,227,515,512,512
8.509754657745361,227,515,512,512
8.509754657745361,227,516,512,512
8.509754657745361,227,515,512,512
8.509754657745361,228,515,512,512
8.509754657745361,228,515,512,512
8.509754657745361,228,515,512,512
8.509754657745361,228,515,512,512
8.509754657745361,227,516,512,512
8.509754657745361,227,516,512,512
8.509754657745361,227,515,512,512
8.509754657745361,228,515,512,512
8.509754657745361,228,515,512,512
8.509754657745361,228,515,512,512
8.509754657745361,228,515,512,512
8.509754657745361,228,515,512,512
8.509754657745361,228,515,512,512
8.509754657745361,227,515,512,512
8.525448083877563,227,515,512,512
8.525448083877563,227,515,512,512
8.525448083877563,227,515,512,512
8.527456760406494,227,515,512,512
8.528623819351196,227,515,512,512
8.528623819351196,227,516,512,512
8.53044319152832,227,515,512,512
8.53144645690918,227,515,512,512
8.53144645690918,227,515,512,512
8.53244423866272,227,515,512,512
8.533547639846802,227,515,512,512
8.53456735610962,228,515,512,512
8.535560369491577,228,515,512,512
8.5365571975708,228,515,512,512
8.5365571975708,228,515,512,512
8.53823471069336,227,515,512,512
8.539243459701538,227,515,512,512
8.539243459701538,227,515,512,512
8.540242433547974,227,515,512,512
8.541243553161621,227,515,512,512
8.542243719100952,227,515,512,512
8.543242931365967,227,515,512,512
8.544242858886719,227,515,512,512
8.544242858886719,227,515,512,512
8.545243501663208,227,515,512,512
8.546242237091064,228,515,512,512
8.54724669456482,228,516,512,512
8.548246622085571,228,515,512,512
8.549516916275024,227,515,512,512
8.549516916275024,227,515,512,512
8.550514459609985,227,515,512,512
8.551520347595215,227,515,512,512
8.55251693725586,227,515,512,512
8.553516626358032,227,516,512,512
8.554583311080933,227,515,512,512
8.555077314376831,227,515,512,512
8.55625581741333,227,515,512,512
8.556755065917969,227,515,512,512
8.556755065917969,227,515,512,512
8.558939218521118,227,515,512,512
8.558939218521118,227,515,512,512
8.559885740280151,227,515,512,512
8.560880899429321,227,515,512,512
8.561879396438599,227,515,512,512
8.562881708145142,227,515,512,512
8.563528537750244,227,515,512,512
8.56469440460205,227,515,512,512
8.565040349960327,227,516,512,512
8.566084146499634,227,515,512,512
8.567060947418213,227,515,512,512
8.568058967590332,227,515,512,512
8.5690598487854,228,515,512,512
8.5690598487854,228,515,512,512
8.57006049156189,227,515,512,512
8.571061134338379,228,515,512,512
8.572433710098267,227,516,512,512
8.5729398727417,227,515,512,512
8.57395601272583,227,515,512,512
8.574951171875,227,515,512,512
8.574951171875,227,515,512,512
8.57595157623291,227,515,512,512
8.576951742172241,227,515,512,512
8.577951431274414,227,515,512,512
8.578951597213745,227,515,512,512
8.579952955245972,227,514,512,512
8.580747365951538,227,515,512,512
8.581764698028564,227,515,512,512
8.581764698028564,227,515,512,512
8.58276081085205,227,516,512,512
8.58376693725586,227,516,512,512
8.584761381149292,227,515,512,512
8.585761070251465,227,515,512,512
8.586762189865112,227,515,512,512
8.587759971618652,227,515,512,512
8.587759971618652,228,515,512,512
8.589584827423096,228,515,512,512
8.589795351028442,227,515,512,512
8.590810775756836,227,515,512,512
8.59180760383606,227,515,512,512
8.592808485031128,227,515,512,512
8.592808485031128,227,515,512,512
8.593808650970459,227,515,512,512
8.594808578491211,227,516,512,512
8.595808506011963,227,516,512,512
8.596811056137085,227,516,512,512
8.597822904586792,227,516,512,512
8.597822904586792,227,516,512,512
8.597822904586792,227,516,512,512
8.597822904586792,227,516,512,512
8.597822904586792,227,516,512,512
8.597822904586792,227,516,512,512
8.597822904586792,227,515,512,512
8.597822904586792,227,515,512,512
8.597822904586792,227,516,512,512
8.597822904586792,227,515,512,512
8.597822904586792,227,515,512,512
8.597822904586792,227,516,512,512
8.597822904586792,227,516,512,512
8.597822904586792,227,516,512,512
8.597822904586792,227,515,512,512
8.597822904586792,227,516,512,512
8.597822904586792,227,516,512,512
8.61250114440918,228,516,512,512
8.61250114440918,228,516,512,512
8.61250114440918,228,516,512,512
8.61250114440918,228,515,512,512
8.61250114440918,228,515,512,512
8.61250114440918,228,515,512,512
8.61250114440918,227,515,512,512
8.61250114440918,227,515,512,512
8.61250114440918,227,515,512,512
8.61250114440918,227,516,512,512
8.61250114440918,227,516,512,512
8.61250114440918,227,515,512,512
8.61250114440918,227,515,512,512
8.61250114440918,227,516,512,512
8.61250114440918,227,516,512,512
8.61250114440918,227,516,512,512
8.61250114440918,227,516,512,512
8.61250114440918,227,516,512,512
8.61250114440918,227,515,512,512
8.628209590911865,227,515,512,512
8.628209590911865,227,515,512,512
8.628209590911865,227,515,512,512
8.628209590911865,227,516,512,512
8.628209590911865,227,516,512,512
8.628209590911865,227,516,512,512
8.628209590911865,227,515,512,512
8.628209590911865,227,516,512,512
8.628209590911865,227,516,512,512
8.628209590911865,227,516,512,512
8.628209590911865,227,516,512,512
8.628209590911865,227,516,512,512
8.628209590911865,227,516,512,512
8.628209590911865,227,515,512,512
8.628209590911865,227,515,512,512
8.628209590911865,227,515,512,512
8.628209590911865,227,515,512,512
8.628209590911865,227,516,512,512
8.643903255462646,227,516,512,512
8.643903255462646,227,516,512,512
8.645679950714111,227,515,512,512
8.645679950714111,227,515,512,512
8.645679950714111,227,515,512,512
8.645679950714111,227,515,512,512
8.645679950714111,227,515,512,512
8.645679950714111,227,516,512,512
8.645679950714111,227,516,512,512
8.645679950714111,227,515,512,512
8.645679950714111,227,515,512,512
8.645679950714111,227,516,512,512
8.645679950714111,227,516,512,512
8.645679950714111,227,516,512,512
8.645679950714111,227,516,512,512
8.645679950714111,227,516,512,512
8.645679950714111,227,515,512,512
8.645679950714111,227,515,512,512
8.645679950714111,227,515,512,512
8.65979528427124,227,515,512,512
8.65979528427124,227,515,512,512
8.65979528427124,228,515,512,512
8.65979528427124,227,515,512,512
8.65979528427124,227,515,512,512
8.65979528427124,227,515,512,512
8.65979528427124,227,516,512,512
8.65979528427124,227,516,512,512
8.65979528427124,227,516,512,512
8.65979528427124,227,516,512,512
8.65979528427124,227,516,512,512
8.65979528427124,227,515,512,512
8.65979528427124,227,515,512,512
8.65979528427124,227,516,512,512
8.65979528427124,227,515,512,512
8.65979528427124,227,515,512,512
8.65979528427124,227,515,512,512
8.65979528427124,227,516,512,512
8.65979528427124,227,515,512,512
8.675548076629639,227,515,512,512
8.675548076629639,227,516,512,512
8.677562475204468,227,516,512,512
8.677562475204468,227,515,512,512
8.677562475204468,227,516,512,512
8.677562475204468,227,516,512,512
8.677562475204468,227,515,512,512
8.677562475204468,227,515,512,512
8.682938575744629,227,515,512,512
8.683440446853638,227,515,512,512
8.683440446853638,227,515,512,512
8.683440446853638,227,515,512,512
8.683440446853638,227,516,512,512
8.683440446853638,227,516,512,512
8.683440446853638,227,516,512,512
8.683440446853638,227,516,512,512
8.683440446853638,227,516,512,512
8.683440446853638,227,515,512,512
8.691361904144287,228,516,512,512
8.691361904144287,227,516,512,512
8.691361904144287,227,515,512,512
8.691361904144287,227,515,512,512
8.691361904144287,227,515,512,512
8.691361904144287,227,515,512,512
8.691361904144287,228,515,512,512
8.691361904144287,228,515,512,512
8.691361904144287,228,515,512,512
8.691361904144287,227,515,512,512
8.691361904144287,227,515,512,512
8.691361904144287,227,515,512,512
8.691361904144287,227,515,512,512
8.691361904144287,227,515,512,512
8.691361904144287,227,515,512,512
8.691361904144287,227,516,512,512
8.691361904144287,227,516,512,512
8.691361904144287,227,515,512,512
8.691361904144287,227,515,512,512
8.70727014541626,227,515,512,512
8.708447217941284,227,515,512,512
8.708447217941284,227,515,512,512
8.708447217941284,228,516,512,512
8.708447217941284,227,515,512,512
8.708447217941284,227,515,512,512
8.708447217941284,227,515,512,512
8.708447217941284,227,515,512,512
8.708447217941284,227,515,512,512
8.708447217941284,227,516,512,512
8.708447217941284,227,516,512,512
8.708447217941284,227,516,512,512
8.708447217941284,227,515,512,512
8.708447217941284,227,515,512,512
8.708447217941284,227,515,512,512
8.708447217941284,227,515,512,512
8.708447217941284,227,515,512,512
8.708447217941284,227,516,512,512
8.7227623462677,227,516,512,512
8.7227623462677,227,515,512,512
8.7227623462677,227,515,512,512
8.7227623462677,227,515,512,512
8.7227623462677,227,515,512,512
8.7227623462677,227,515,512,512
8.7227623462677,227,516,512,512
8.7227623462677,227,516,512,512
8.7227623462677,227,516,512,512
8.7227623462677,227,516,512,512
8.7227623462677,227,516,512,512
8.7227623462677,227,515,512,512
8.7227623462677,227,515,512,512
8.7227623462677,227,516,512,512
8.7227623462677,227,516,512,512
8.7227623462677,227,515,512,512
8.7227623462677,227,515,512,512
8.7227623462677,227,515,512,512
8.7227623462677,227,515,512,512
8.73855710029602,227,515,512,512
8.73855710029602,227,515,512,512
8.73855710029602,227,515,512,512
8.741726160049438,227,515,512,512
8.742641925811768,227,515,512,512
8.742641925811768,227,515,512,512
8.742641925811768,227,515,512,512
8.742641925811768,227,515,512,512
8.742641925811768,227,516,512,512
8.742641925811768,227,516,512,512
8.742641925811768,227,516,512,512
8.742641925811768,227,516,512,512
8.742641925811768,227,516,512,512
8.742641925811768,227,516,512,512
8.742641925811768,227,516,512,512
8.742641925811768,227,516,512,512
8.742641925811768,227,516,512,512
8.742641925811768,227,515,512,512
8.754209280014038,227,515,512,512
8.754209280014038,227,516,512,512
8.754209280014038,227,516,512,512
8.754209280014038,227,515,512,512
8.754209280014038,227,516,512,512
8.754209280014038,227,516,512,512
8.754209280014038,227,515,512,512
8.754209280014038,227,515,512,512
8.754209280014038,227,516,512,512
8.754209280014038,227,516,512,512
8.754209280014038,227,515,512,512
8.754209280014038,227,516,512,512
8.754209280014038,227,516,512,512
8.764954566955566,227,516,512,512
8.764954566955566,227,515,512,512
8.764954566955566,227,515,512,512
8.764954566955566,227,515,512,512
8.764954566955566,227,515,512,512
8.764954566955566,227,515,512,512
8.770716667175293,227,516,512,512
8.771221399307251,227,515,512,512
8.771221399307251,227,515,512,512
8.771221399307251,227,515,512,512
8.771221399307251,227,515,512,512
8.771221399307251,227,516,512,512
8.771221399307251,227,516,512,512
8.771221399307251,227,516,512,512
8.771221399307251,227,515,512,512
8.771221399307251,227,515,512,512
8.771221399307251,227,515,512,512
8.771221399307251,227,515,512,512
8.771221399307251,227,515,512,512
8.771221399307251,227,515,512,512
8.771221399307251,227,515,512,512
8.771221399307251,227,515,512,512
8.771221399307251,227,515,512,512
8.771221399307251,227,515,512,512
8.785607099533081,227,516,512,512
8.785607099533081,227,516,512,512
8.785607099533081,227,516,512,512
8.785607099533081,227,516,512,512
8.785607099533081,227,516,512,512
8.785607099533081,227,515,512,512
8.785607099533081,227,515,512,512
8.785607099533081,228,516,512,512
8.785607099533081,228,515,512,512
8.785607099533081,228,516,512,512
8.785607099533081,227,516,512,512
8.785607099533081,227,516,512,512
8.785607099533081,227,515,512,512
8.785607099533081,227,515,512,512
8.785607099533081,227,515,512,512
8.785607099533081,227,515,512,512
8.785607099533081,227,516,512,512
8.785607099533081,227,516,512,512
8.801345586776733,227,516,512,512
8.801345586776733,227,516,512,512
8.801345586776733,227,516,512,512
8.801345586776733,227,516,512,512
8.801345586776733,227,515,512,512
8.801345586776733,227,515,512,512
8.801345586776733,228,516,512,512
8.801345586776733,227,515,512,512
8.801345586776733,227,515,512,512
8.801345586776733,227,515,512,512
8.801345586776733,227,515,512,512
8.801345586776733,227,515,512,512
8.801345586776733,227,516,512,512
8.801345586776733,227,516,512,512
8.801345586776733,227,516,512,512
8.801345586776733,227,515,512,512
8.801345586776733,227,515,512,512
8.801345586776733,228,516,512,512
8.801345586776733,228,515,512,512
8.817108392715454,228,515,512,512
8.817108392715454,228,516,512,512
8.817108392715454,227,515,512,512
8.817108392715454,227,515,512,512
8.817108392715454,227,515,512,512
8.817108392715454,227,515,512,512
8.817108392715454,227,515,512,512
8.817108392715454,227,515,512,512
8.817108392715454,227,515,512,512
8.817108392715454,227,516,512,512
8.817108392715454,227,515,512,512
8.817108392715454,227,515,512,512
8.817108392715454,227,515,512,512
8.817108392715454,227,515,512,512
8.817108392715454,227,515,512,512
8.817108392715454,227,516,512,512
8.817108392715454,227,516,512,512
8.817108392715454,227,515,512,512
8.832754135131836,227,515,512,512
8.832754135131836,227,515,512,512
8.832754135131836,227,515,512,512
8.832754135131836,227,515,512,512
8.832754135131836,227,516,512,512
8.832754135131836,227,516,512,512
8.832754135131836,227,515,512,512
8.832754135131836,227,515,512,512
8.832754135131836,227,516,512,512
8.832754135131836,227,515,512,512
8.832754135131836,227,515,512,512
8.832754135131836,227,516,512,512
8.832754135131836,227,516,512,512
8.832754135131836,227,516,512,512
8.832754135131836,227,515,512,512
8.832754135131836,227,516,512,512
8.832754135131836,227,516,512,512
8.832754135131836,227,515,512,512
8.832754135131836,227,516,512,512
8.848643064498901,227,516,512,512
8.848643064498901,227,516,512,512
8.848643064498901,227,515,512,512
8.848643064498901,227,515,512,512
8.848643064498901,227,515,512,512
8.848643064498901,227,515,512,512
8.848643064498901,227,516,512,512
8.848643064498901,227,516,512,512
8.848643064498901,227,516,512,512
8.848643064498901,227,516,512,512
8.848643064498901,227,516,512,512
8.848643064498901,227,516,512,512
8.848643064498901,227,516,512,512
8.848643064498901,227,516,512,512
8.848643064498901,227,515,512,512
8.848643064498901,227,515,512,512
8.848643064498901,227,515,512,512
8.848643064498901,227,515,512,512
8.848643064498901,227,515,512,512
8.864389181137085,227,515,512,512
8.865904331207275,227,515,512,512
8.866427183151245,227,516,512,512
8.866427183151245,227,516,512,512
8.866427183151245,227,516,512,512
8.866427183151245,227,516,512,512
8.866427183151245,227,516,512,512
8.866427183151245,227,515,512,512
8.866427183151245,227,516,512,512
8.866427183151245,227,516,512,512
8.866427183151245,227,516,512,512
8.866427183151245,227,515,512,512
8.866427183151245,227,516,512,512
8.866427183151245,227,516,512,512
8.866427183151245,227,516,512,512
8.866427183151245,227,516,512,512
8.866427183151245,227,516,512,512
8.866427183151245,227,516,512,512
8.88008165359497,227,515,512,512
8.88008165359497,227,515,512,512
8.88008165359497,227,515,512,512
8.88008165359497,227,515,512,512
8.88008165359497,227,516,512,512
8.88008165359497,227,516,512,512
8.88008165359497,227,516,512,512
8.88008165359497,227,516,512,512
8.88008165359497,227,516,512,512
8.88008165359497,227,515,512,512
8.88008165359497,227,515,512,512
8.88008165359497,227,515,512,512
8.88008165359497,227,516,512,512
8.88008165359497,227,516,512,512
8.88008165359497,227,515,512,512
8.88008165359497,227,515,512,512
8.88008165359497,227,515,512,512
8.88008165359497,227,515,512,512
8.895774602890015,227,516,512,512
8.895774602890015,227,516,512,512
8.897389650344849,227,516,512,512
8.898413181304932,228,516,512,512
8.898889541625977,228,516,512,512
8.899805307388306,228,516,512,512
8.900863409042358,228,515,512,512
8.900863409042358,228,515,512,512
8.901875972747803,228,515,512,512
8.902872562408447,227,515,512,512
8.903872728347778,227,515,512,512
8.904873371124268,227,515,512,512
8.905873775482178,227,515,512,512
8.905873775482178,227,515,512,512
8.906874656677246,227,515,512,512
8.907874345779419,227,516,512,512
8.908874273300171,227,516,512,512
8.909875392913818,227,515,512,512
8.91087532043457,227,515,512,512
8.911875486373901,227,516,512,512
8.911875486373901,227,516,512,512
8.913607120513916,227,515,512,512
8.914400815963745,227,516,512,512
8.914400815963745,227,516,512,512
8.91560697555542,227,515,512,512
8.916958332061768,227,515,512,512
8.917472124099731,227,515,512,512
8.918484210968018,227,515,512,512
8.91948390007019,227,515,512,512
8.91948390007019,227,516,512,512
8.920482873916626,227,516,512,512
8.921482563018799,227,516,512,512
8.92248249053955,227,516,512,512
8.92348313331604,227,516,512,512
8.924483060836792,227,515,512,512
8.924483060836792,227,515,512,512
8.925483465194702,227,516,512,512
8.92648458480835,227,516,512,512
8.927483558654785,227,516,512,512
8.928484439849854,227,515,512,512
8.929481506347656,227,515,512,512
8.93007230758667,227,515,512,512
8.931198596954346,227,515,512,512
8.932214975357056,227,515,512,512
8.932214975357056,227,516,512,512
8.933781862258911,227,515,512,512
8.93479299545288,227,515,512,512
8.93479299545288,227,515,512,512
8.935794115066528,227,515,512,512
8.93679404258728,227,516,512,512
8.937793731689453,227,516,512,512
8.938793659210205,227,516,512,512
8.939793825149536,227,516,512,512
8.939793825149536,227,515,512,512
8.940794944763184,227,515,512,512
8.941794395446777,227,515,512,512
8.942794561386108,227,515,512,512
8.94379472732544,227,515,512,512
8.944799900054932,227,515,512,512
8.945799350738525,227,515,512,512
8.946798086166382,226,515,512,512
8.947571992874146,226,515,512,512
8.947571992874146,227,515,512,512
8.947571992874146,227,515,512,512
8.947571992874146,227,516,512,512
8.947571992874146,227,516,512,512
8.947571992874146,227,516,512,512
8.947571992874146,227,516,512,512
8.947571992874146,227,516,512,512
8.947571992874146,227,516,512,512
8.947571992874146,227,515,512,512
8.947571992874146,227,516,512,512
8.947571992874146,227,516,512,512
8.947571992874146,227,516,512,512
8.947571992874146,227,515,512,512
8.947571992874146,227,515,512,512
8.947571992874146,227,516,512,512
8.947571992874146,227,515,512,512
8.947571992874146,227,516,512,512
8.962464094161987,227,516,512,512
8.962464094161987,227,516,512,512
8.962464094161987,227,515,512,512
8.962464094161987,227,516,512,512
8.962464094161987,227,516,512,512
8.962464094161987,227,515,512,512
8.962464094161987,227,515,512,512
8.962464094161987,227,516,512,512
8.962464094161987,227,515,512,512
8.962464094161987,227,515,512,512
8.962464094161987,227,515,512,512
8.962464094161987,227,515,512,512
8.962464094161987,227,515,512,512
8.962464094161987,227,515,512,512
8.962464094161987,227,516,512,512
8.962464094161987,227,516,512,512
8.962464094161987,227,515,512,512
8.962464094161987,227,516,512,512
8.97819709777832,227,516,512,512
8.97819709777832,227,516,512,512
8.97819709777832,227,516,512,512
8.97819709777832,228,516,512,512
8.97819709777832,227,515,512,512
8.97819709777832,227,515,512,512
8.97819709777832,227,515,512,512
8.97819709777832,227,515,512,512
8.97819709777832,227,515,512,512
8.97819709777832,227,515,512,512
8.97819709777832,227,515,512,512
8.97819709777832,227,515,512,512
8.97819709777832,227,515,512,512
8.97819709777832,227,516,512,512
8.97819709777832,227,516,512,512
8.97819709777832,227,516,512,512
8.97819709777832,227,516,512,512
8.97819709777832,227,516,512,512
8.97819709777832,227,516,512,512
8.993848085403442,227,515,512,512
8.993848085403442,227,515,512,512
8.993848085403442,227,515,512,512
8.993848085403442,227,515,512,512
8.993848085403442,227,515,512,512
8.993848085403442,227,516,512,512
8.993848085403442,227,516,512,512
8.993848085403442,227,515,512,512
8.993848085403442,227,515,512,512
8.993848085403442,227,515,512,512
8.993848085403442,227,516,512,512
8.993848085403442,227,516,512,512
8.993848085403442,227,516,512,512
8.993848085403442,227,516,512,512
8.993848085403442,227,516,512,512
8.993848085403442,227,516,512,512
8.993848085403442,227,516,512,512
8.993848085403442,227,515,512,512
9.009628057479858,227,515,512,512
9.010619640350342,227,516,512,512
9.01111388206482,227,515,512,512
9.01111388206482,227,515,512,512
9.01111388206482,227,515,512,512
9.01111388206482,227,515,512,512
9.01111388206482,227,515,512,512
9.01111388206482,227,515,512,512
9.01111388206482,227,516,512,512
9.01111388206482,227,516,512,512
9.01111388206482,227,515,512,512
9.01111388206482,227,515,512,512
9.01111388206482,227,515,512,512
9.01111388206482,227,515,512,512
9.01111388206482,227,515,512,512
9.01111388206482,227,515,512,512
9.01111388206482,227,515,512,512
9.01111388206482,227,515,512,512
9.01111388206482,227,514,512,512
9.02550721168518,227,514,512,512
9.026405572891235,227,515,512,512
9.026405572891235,227,515,512,512
9.026405572891235,227,515,512,512
9.026405572891235,227,516,512,512
9.026405572891235,227,515,512,512
9.026405572891235,227,515,512,512
9.026405572891235,227,515,512,512
9.026405572891235,227,515,512,512
9.026405572891235,227,515,512,512
9.026405572891235,227,515,512,512
9.026405572891235,227,515,512,512
9.026405572891235,227,515,512,512
9.026405572891235,227,515,512,512
9.026405572891235,227,515,512,512
9.026405572891235,227,515,512,512
9.026405572891235,227,515,512,512
9.026405572891235,227,515,512,512
9.041226863861084,227,515,512,512
9.041226863861084,227,515,512,512
9.041226863861084,227,515,512,512
9.041226863861084,227,515,512,512
9.041226863861084,227,515,512,512
9.041226863861084,227,515,512,512
9.041226863861084,227,515,512,512
9.041226863861084,227,515,512,512
9.041226863861084,227,515,512,512
9.041226863861084,227,515,512,512
9.041226863861084,227,515,512,512
9.041226863861084,227,515,512,512
9.041226863861084,227,515,512,512
9.041226863861084,227,515,512,512
9.041226863861084,227,515,512,512
9.041226863861084,227,515,512,512
9.041226863861084,227,515,512,512
9.041226863861084,227,515,512,512
9.041226863861084,227,515,512,512
9.056891679763794,227,515,512,512
9.056891679763794,227,515,512,512
9.058774948120117,227,515,512,512
9.058774948120117,227,515,512,512
9.058774948120117,227,515,512,512
9.058774948120117,227,515,512,512
9.058774948120117,228,515,512,512
9.058774948120117,227,515,512,512
9.06346869468689,227,515,512,512
9.06459379196167,228,515,512,512
9.065603256225586,227,515,512,512
9.066601753234863,227,515,512,512
9.066601753234863,227,515,512,512
9.067602396011353,227,515,512,512
9.069293737411499,227,515,512,512
9.069799900054932,227,515,512,512
9.07080864906311,227,516,512,512
9.071807622909546,227,515,512,512
9.071807622909546,227,515,512,512
9.072808027267456,228,515,512,512
9.073807954788208,228,515,512,512
9.074808359146118,228,515,512,512
9.07580852508545,228,515,512,512
9.076809167861938,228,515,512,512
9.076809167861938,228,515,512,512
9.077807903289795,228,515,512,512
9.079810857772827,228,515,512,512
9.079810857772827,228,515,512,512
9.08081316947937,228,515,512,512
9.081338882446289,228,515,512,512
9.082397222518921,228,515,512,512
9.08339524269104,228,515,512,512
9.084395408630371,228,515,512,512
9.085395812988281,228,515,512,512
9.085395812988281,228,515,512,512
9.087158441543579,228,515,512,512
9.087409496307373,228,515,512,512
9.088419437408447,228,515,512,512
9.089419841766357,228,515,512,512
9.090420007705688,228,515,512,512
9.090420007705688,228,515,512,512
9.09141993522644,228,515,512,512
9.092420101165771,228,515,512,512
9.09342074394226,227,515,512,512
9.094420909881592,228,515,512,512
9.09542179107666,227,515,512,512
9.096428155899048,227,515,512,512
9.097423315048218,228,515,512,512
9.097854614257812,228,515,512,512
9.097854614257812,228,515,512,512
9.097854614257812,228,515,512,512
9.097854614257812,228,516,512,512
9.097854614257812,228,516,512,512
9.097854614257812,228,515,512,512
9.097854614257812,228,515,512,512
9.097854614257812,228,515,512,512
9.097854614257812,228,515,512,512
9.097854614257812,228,515,512,512
9.097854614257812,228,515,512,512
9.097854614257812,228,515,512,512
9.097854614257812,227,515,512,512
9.097854614257812,227,514,512,512
9.097854614257812,227,515,512,512
9.097854614257812,227,515,512,512
9.097854614257812,227,515,512,512
9.097854614257812,227,515,512,512
9.113211393356323,227,516,512,512
9.113211393356323,227,515,512,512
9.115243434906006,227,515,512,512
9.115743398666382,227,515,512,512
9.115743398666382,227,515,512,512
9.115743398666382,227,515,512,512
9.115743398666382,227,515,512,512
9.115743398666382,227,516,512,512
9.115743398666382,227,515,512,512
9.115743398666382,227,515,512,512
9.115743398666382,227,515,512,512
9.115743398666382,227,515,512,512
9.115743398666382,227,515,512,512
9.115743398666382,227,515,512,512
9.115743398666382,227,516,512,512
9.115743398666382,227,515,512,512
9.115743398666382,227,515,512,512
9.115743398666382,227,515,512,512
9.115743398666382,227,515,512,512
9.129097938537598,227,515,512,512
9.129097938537598,227,515,512,512
9.129097938537598,227,515,512,512
9.129097938537598,227,515,512,512
9.129097938537598,227,515,512,512
9.129097938537598,227,515,512,512
9.129097938537598,227,515,512,512
9.129097938537598,227,515,512,512
9.129097938537598,227,515,512,512
9.129097938537598,227,516,512,512
9.129097938537598,227,515,512,512
9.129097938537598,227,515,512,512
9.129097938537598,227,515,512,512
9.129097938537598,227,515,512,512
9.129097938537598,227,515,512,512
9.129097938537598,227,515,512,512
9.129097938537598,227,515,512,512
9.129097938537598,227,515,512,512
9.144836902618408,227,515,512,512
9.144836902618408,227,515,512,512
9.144836902618408,227,515,512,512
9.144836902618408,227,515,512,512
9.144836902618408,227,515,512,512
9.144836902618408,227,515,512,512
9.144836902618408,227,515,512,512
9.144836902618408,227,515,512,512
9.144836902618408,227,515,512,512
9.144836902618408,227,515,512,512
9.144836902618408,227,515,512,512
9.144836902618408,227,515,512,512
9.144836902618408,227,516,512,512
9.144836902618408,227,515,512,512
9.144836902618408,227,515,512,512
9.144836902618408,227,515,512,512
9.144836902618408,227,515,512,512
9.144836902618408,227,515,512,512
9.144836902618408,227,515,512,512
9.16057538986206,228,516,512,512
9.161920070648193,227,516,512,512
9.16211748123169,227,515,512,512
9.16211748123169,227,515,512,512
9.16211748123169,227,515,512,512
9.16211748123169,227,515,512,512
9.16211748123169,227,515,512,512
9.16211748123169,227,516,512,512
9.16211748123169,227,516,512,512
9.16211748123169,227,515,512,512
9.16211748123169,227,515,512,512
9.16211748123169,227,515,512,512
9.16211748123169,227,515,512,512
9.16211748123169,228,515,512,512
9.16211748123169,228,516,512,512
9.16211748123169,228,516,512,512
9.16211748123169,228,515,512,512
9.16211748123169,228,515,512,512
9.176243782043457,228,515,512,512
9.176243782043457,228,515,512,512
9.176243782043457,228,515,512,512
9.176243782043457,228,516,512,512
9.176243782043457,228,516,512,512
9.176243782043457,228,515,512,512
9.176243782043457,228,515,512,512
9.176243782043457,228,515,512,512
9.176243782043457,228,515,512,512
9.176243782043457,228,515,512,512
9.176243782043457,228,515,512,512
9.176243782043457,228,515,512,512
9.176243782043457,228,515,512,512
9.176243782043457,227,515,512,512
9.176243782043457,227,515,512,512
9.176243782043457,227,515,512,512
9.176243782043457,227,515,512,512
9.176243782043457,227,515,512,512
9.176243782043457,228,516,512,512
9.191906690597534,228,515,512,512
9.191906690597534,227,515,512,512
9.191906690597534,227,515,512,512
9.191906690597534,227,515,512,512
9.191906690597534,227,515,512,512
9.191906690597534,228,515,512,512
9.197667121887207,228,515,512,512
9.198158740997314,228,515,512,512
9.198158740997314,228,515,512,512
9.198158740997314,228,515,512,512
9.198158740997314,227,515,512,512
9.198158740997314,227,515,512,512
9.198158740997314,227,515,512,512
9.198158740997314,227,516,512,512
9.198158740997314,227,515,512,512
9.198158740997314,227,515,512,512
9.198158740997314,227,515,512,512
9.198158740997314,227,515,512,512
9.207629680633545,227,515,512,512
9.207629680633545,228,515,512,512
9.207629680633545,227,516,512,512
9.207629680633545,227,515,512,512
9.207629680633545,227,515,512,512
9.207629680633545,227,515,512,512
9.207629680633545,227,515,512,512
9.207629680633545,227,515,512,512
9.207629680633545,227,515,512,512
9.207629680633545,227,516,512,512
9.207629680633545,227,515,512,512
9.207629680633545,227,515,512,512
9.207629680633545,227,515,512,512
9.207629680633545,227,515,512,512
9.207629680633545,227,515,512,512
9.207629680633545,227,515,512,512
9.207629680633545,227,515,512,512
9.207629680633545,227,515,512,512
9.207629680633545,227,515,512,512
9.223291635513306,228,515,512,512
9.223291635513306,227,515,512,512
9.223291635513306,227,515,512,512
9.223291635513306,227,515,512,512
9.223291635513306,227,515,512,512
9.223291635513306,227,515,512,512
9.223291635513306,227,514,512,512
9.223291635513306,227,515,512,512
9.223291635513306,227,515,512,512
9.223291635513306,227,515,512,512
9.223291635513306,227,515,512,512
9.223291635513306,227,516,512,512
9.223291635513306,227,515,512,512
9.223291635513306,227,515,512,512
9.223291635513306,227,515,512,512
9.223291635513306,227,515,512,512
9.223291635513306,227,515,512,512
9.223291635513306,227,515,512,512
9.239099740982056,227,516,512,512
9.24042558670044,227,515,512,512
9.240792274475098,227,515,512,512
9.240792274475098,227,515,512,512
9.240792274475098,227,515,512,512
9.240792274475098,227,515,512,512
9.240792274475098,227,515,512,512
9.240792274475098,227,515,512,512
9.240792274475098,227,516,512,512
9.240792274475098,227,515,512,512
9.240792274475098,228,515,512,512
9.240792274475098,228,515,512,512
9.240792274475098,227,515,512,512
9.240792274475098,227,515,512,512
9.240792274475098,227,516,512,512
9.240792274475098,227,516,512,512
9.240792274475098,227,515,512,512
9.240792274475098,227,515,512,512
9.240792274475098,227,515,512,512
9.254829168319702,227,515,512,512
9.254829168319702,228,515,512,512
9.254829168319702,227,515,512,512
9.254829168319702,228,516,512,512
9.254829168319702,228,515,512,512
9.254829168319702,227,515,512,512
9.254829168319702,227,515,512,512
9.254829168319702,228,515,512,512
9.254829168319702,228,515,512,512
9.254829168319702,228,516,512,512
9.254829168319702,228,516,512,512
9.254829168319702,228,515,512,512
9.254829168319702,228,515,512,512
9.254829168319702,228,515,512,512
9.254829168319702,227,515,512,512
9.254829168319702,227,515,512,512
9.254829168319702,227,515,512,512
9.254829168319702,227,515,512,512
9.27048397064209,227,515,512,512
9.27048397064209,227,515,512,512
9.27048397064209,228,515,512,512
9.27048397064209,227,515,512,512
9.27048397064209,227,515,512,512
9.27048397064209,227,516,512,512
9.27048397064209,227,516,512,512
9.27048397064209,227,515,512,512
9.27048397064209,227,515,512,512
9.27048397064209,228,515,512,512
9.27048397064209,228,515,512,512
9.27048397064209,227,515,512,512
9.27048397064209,227,515,512,512
9.27048397064209,228,515,512,512
9.27048397064209,227,515,512,512
9.27048397064209,227,515,512,512
9.27048397064209,227,515,512,512
9.27048397064209,227,515,512,512
9.286213159561157,227,515,512,512
9.286213159561157,227,515,512,512
9.286213159561157,228,515,512,512
9.288774251937866,228,515,512,512
9.289034128189087,228,515,512,512
9.289034128189087,228,515,512,512
9.289034128189087,227,515,512,512
9.289034128189087,227,515,512,512
9.289034128189087,227,515,512,512
9.289034128189087,227,515,512,512
9.289034128189087,227,515,512,512
9.289034128189087,228,515,512,512
9.289034128189087,228,515,512,512
9.289034128189087,228,515,512,512
9.289034128189087,228,515,512,512
9.289034128189087,228,515,512,512
9.289034128189087,228,515,512,512
9.289034128189087,227,515,512,512
9.289034128189087,227,515,512,512
9.301868438720703,228,515,512,512
9.301868438720703,228,515,512,512
9.301868438720703,228,515,512,512
9.301868438720703,228,515,512,512
9.301868438720703,228,516,512,512
9.301868438720703,227,515,512,512
9.301868438720703,227,515,512,512
9.301868438720703,227,515,512,512
9.301868438720703,227,514,512,512
9.301868438720703,227,514,512,512
9.301868438720703,228,515,512,512
9.301868438720703,228,515,512,512
9.301868438720703,227,515,512,512
9.301868438720703,227,515,512,512
9.301868438720703,227,515,512,512
9.301868438720703,227,515,512,512
9.301868438720703,227,515,512,512
9.301868438720703,228,515,512,512
9.317625522613525,228,515,512,512
9.317625522613525,228,515,512,512
9.319397926330566,227,515,512,512
9.319642782211304,227,515,512,512
9.319642782211304,227,515,512,512
9.319642782211304,227,515,512,512
9.319642782211304,227,515,512,512
9.319642782211304,228,516,512,512
9.319642782211304,228,515,512,512
9.319642782211304,228,515,512,512
9.319642782211304,228,515,512,512
9.319642782211304,227,515,512,512
9.319642782211304,227,515,512,512
9.319642782211304,227,515,512,512
9.319642782211304,227,516,512,512
9.319642782211304,227,515,512,512
9.319642782211304,227,515,512,512
9.319642782211304,227,515,512,512
9.319642782211304,227,515,512,512
9.33331823348999,227,515,512,512
9.33331823348999,227,515,512,512
9.33331823348999,227,515,512,512
9.33331823348999,227,515,512,512
9.33331823348999,227,515,512,512
9.33331823348999,227,515,512,512
9.33331823348999,227,515,512,512
9.33331823348999,227,515,512,512
9.33331823348999,227,515,512,512
9.33331823348999,227,515,512,512
9.33331823348999,227,515,512,512
9.33331823348999,228,515,512,512
9.33331823348999,228,515,512,512
9.33331823348999,228,515,512,512
9.33331823348999,228,515,512,512
9.33331823348999,227,515,512,512
9.33331823348999,227,515,512,512
9.33331823348999,227,515,512,512
9.33331823348999,227,515,512,512
9.349400520324707,227,514,512,512
9.349400520324707,227,515,512,512
9.349400520324707,227,514,512,512
9.349400520324707,227,515,512,512
9.349400520324707,227,515,512,512
9.349400520324707,227,516,512,512
9.349400520324707,227,515,512,512
9.349400520324707,227,515,512,512
9.349400520324707,227,515,512,512
9.349400520324707,227,515,512,512
9.349400520324707,227,515,512,512
9.349400520324707,227,516,512,512
9.349400520324707,227,516,512,512
9.349400520324707,227,515,512,512
9.349400520324707,228,515,512,512
9.349400520324707,228,515,512,512
9.349400520324707,228,515,512,512
9.349400520324707,228,515,512,512
9.365304231643677,228,516,512,512
9.365304231643677,228,515,512,512
9.365304231643677,228,515,512,512
9.365304231643677,228,515,512,512
9.365304231643677,228,515,512,512
9.365304231643677,228,515,512,512
9.365304231643677,228,515,512,512
9.365304231643677,228,516,512,512
9.365304231643677,228,516,512,512
9.365304231643677,228,515,512,512
9.365304231643677,228,515,512,512
9.365304231643677,228,515,512,512
9.365304231643677,228,515,512,512
9.365304231643677,228,515,512,512
9.365304231643677,228,516,512,512
9.365304231643677,227,515,512,512
9.365304231643677,227,515,512,512
9.365304231643677,227,515,512,512
9.365304231643677,228,515,512,512
9.381141185760498,228,515,512,512
9.381141185760498,228,515,512,512
9.381141185760498,228,516,512,512
9.381141185760498,228,516,512,512
9.381141185760498,228,515,512,512
9.381141185760498,228,515,512,512
9.381141185760498,228,515,512,512
9.381141185760498,228,515,512,512
9.381141185760498,228,515,512,512
9.381141185760498,228,515,512,512
9.381141185760498,228,515,512,512
9.381141185760498,228,515,512,512
9.381141185760498,228,514,512,512
9.381141185760498,227,515,512,512
9.381141185760498,227,515,512,512
9.381141185760498,228,515,512,512
9.381141185760498,228,516,512,512
9.381141185760498,228,516,512,512
9.396799325942993,228,516,512,512
9.396799325942993,228,515,512,512
9.398497343063354,228,515,512,512
9.398497343063354,228,515,512,512
9.399851083755493,228,515,512,512
9.399851083755493,228,515,512,512
9.401121616363525,228,515,512,512
9.402583122253418,227,515,512,512
9.402833223342896,227,515,512,512
9.403842449188232,227,515,512,512
9.40484094619751,227,515,512,512
9.40584135055542,227,515,512,512
9.406841516494751,228,515,512,512
9.406841516494751,228,516,512,512
9.407842636108398,228,515,512,512
9.408843517303467,228,515,512,512
9.409844160079956,228,515,512,512
9.410844326019287,228,515,512,512
9.411844253540039,228,515,512,512
9.411844253540039,228,515,512,512
9.413533449172974,227,516,512,512
9.413533449172974,227,515,512,512
9.414799928665161,227,515,512,512
9.416084051132202,227,515,512,512
9.417082071304321,227,515,512,512
9.417082071304321,227,515,512,512
9.418081045150757,227,515,512,512
9.419691562652588,228,515,512,512
9.419942617416382,227,515,512,512
9.420952320098877,227,515,512,512
9.421952962875366,227,515,512,512
9.422953844070435,227,515,512,512
9.423953771591187,227,515,512,512
9.423953771591187,227,515,512,512
9.424953937530518,228,516,512,512
9.42595362663269,228,515,512,512
9.426953554153442,228,515,512,512
9.427953720092773,227,515,512,512
9.428954839706421,227,515,512,512
9.42995572090149,227,515,512,512
9.430573463439941,227,515,512,512
9.431599140167236,227,515,512,512
9.431599140167236,227,515,512,512
9.43259048461914,227,515,512,512
9.433587074279785,227,515,512,512
9.43458604812622,227,515,512,512
9.435773611068726,227,515,512,512
9.436583995819092,227,515,512,512
9.437593460083008,227,516,512,512
9.437593460083008,227,515,512,512
9.43859338760376,227,515,512,512
9.439592838287354,227,515,512,512
9.440595865249634,227,515,512,512
9.441595792770386,227,515,512,512
9.442595720291138,227,515,512,512
9.442595720291138,227,516,512,512
9.443596124649048,227,516,512,512
9.444596767425537,227,515,512,512
9.445596694946289,227,515,512,512
9.446599960327148,227,515,512,512
9.446599960327148,227,515,512,512
9.446599960327148,227,515,512,512
9.446599960327148,227,516,512,512
9.446599960327148,227,516,512,512
9.446599960327148,227,515,512,512
9.446599960327148,227,515,512,512
9.446599960327148,227,515,512,512
9.446599960327148,227,515,512,512
9.446599960327148,227,515,512,512
9.446599960327148,227,516,512,512
9.446599960327148,227,516,512,512
9.446599960327148,227,516,512,512
9.446599960327148,227,515,512,512
9.446599960327148,227,516,512,512
9.446599960327148,227,515,512,512
9.446599960327148,227,516,512,512
9.446599960327148,227,516,512,512
9.462304592132568,227,516,512,512
9.462304592132568,227,516,512,512
9.462304592132568,227,515,512,512
9.462304592132568,227,516,512,512
9.462304592132568,227,515,512,512
9.462304592132568,227,515,512,512
9.462304592132568,227,516,512,512
9.462304592132568,228,516,512,512
9.462304592132568,227,515,512,512
9.462304592132568,227,515,512,512
9.462304592132568,227,515,512,512
9.462304592132568,227,515,512,512
9.462304592132568,227,515,512,512
9.462304592132568,227,516,512,512
9.462304592132568,227,516,512,512
9.462304592132568,227,516,512,512
9.462304592132568,227,515,512,512
9.462304592132568,227,516,512,512
9.462304592132568,227,516,512,512
9.477948188781738,227,516,512,512
9.477948188781738,227,516,512,512
9.477948188781738,227,516,512,512
9.477948188781738,227,515,512,512
9.477948188781738,227,515,512,512
9.477948188781738,227,515,512,512
9.477948188781738,227,515,512,512
9.477948188781738,227,515,512,512
9.477948188781738,227,516,512,512
9.477948188781738,227,516,512,512
9.477948188781738,227,515,512,512
9.477948188781738,227,515,512,512
9.477948188781738,227,516,512,512
9.477948188781738,227,515,512,512
9.477948188781738,227,515,512,512
9.477948188781738,227,516,512,512
9.477948188781738,227,516,512,512
9.477948188781738,227,516,512,512
9.49368667602539,227,516,512,512
9.49368667602539,227,516,512,512
9.49368667602539,227,515,512,512
9.49368667602539,227,515,512,512
9.49368667602539,227,516,512,512
9.498026609420776,227,516,512,512
9.498809337615967,227,516,512,512
9.498809337615967,227,515,512,512
9.498809337615967,227,515,512,512
9.498809337615967,227,515,512,512
9.498809337615967,227,515,512,512
9.498809337615967,227,516,512,512
9.498809337615967,227,516,512,512
9.498809337615967,227,516,512,512
9.498809337615967,227,516,512,512
9.498809337615967,227,516,512,512
9.498809337615967,227,515,512,512
9.498809337615967,227,515,512,512
9.498809337615967,227,515,512,512
9.509330749511719,227,515,512,512
9.509330749511719,227,515,512,512
9.509330749511719,227,515,512,512
9.509330749511719,227,515,512,512
9.509330749511719,227,515,512,512
9.509330749511719,227,515,512,512
9.509330749511719,227,515,512,512
9.509330749511719,227,516,512,512
9.509330749511719,227,516,512,512
9.509330749511719,227,516,512,512
9.509330749511719,227,516,512,512
9.509330749511719,227,516,512,512
9.509330749511719,227,515,512,512
9.509330749511719,227,516,512,512
9.509330749511719,227,516,512,512
9.509330749511719,227,516,512,512
9.509330749511719,227,515,512,512
9.509330749511719,227,515,512,512
9.525078535079956,227,515,512,512
9.525078535079956,227,515,512,512
9.525078535079956,227,516,512,512
9.527411222457886,227,516,512,512
9.527411222457886,227,516,512,512
9.52942419052124,227,516,512,512
9.52942419052124,227,516,512,512
9.52942419052124,227,516,512,512
9.531434535980225,227,515,512,512
9.531434535980225,227,515,512,512
9.531434535980225,227,516,512,512
9.531434535980225,227,516,512,512
9.531434535980225,227,515,512,512
9.531434535980225,227,515,512,512
9.531434535980225,227,515,512,512
9.531434535980225,227,515,512,512
9.531434535980225,227,515,512,512
9.531434535980225,227,516,512,512
9.531434535980225,227,516,512,512
9.540959596633911,227,515,512,512
9.540959596633911,227,516,512,512
9.540959596633911,227,515,512,512
9.540959596633911,227,516,512,512
9.540959596633911,227,516,512,512
9.540959596633911,227,516,512,512
9.540959596633911,227,516,512,512
9.540959596633911,228,516,512,512
9.540959596633911,228,515,512,512
9.540959596633911,228,515,512,512
9.540959596633911,228,515,512,512
9.540959596633911,228,515,512,512
9.540959596633911,228,515,512,512
9.540959596633911,228,516,512,512
9.540959596633911,227,515,512,512
9.540959596633911,227,515,512,512
9.540959596633911,227,515,512,512
9.540959596633911,227,515,512,512
9.556711435317993,227,516,512,512
9.557502269744873,227,516,512,512
9.558162450790405,228,516,512,512
9.559170007705688,228,516,512,512
9.559170007705688,228,515,512,512
9.560168504714966,228,515,512,512
9.561169147491455,228,515,512,512
9.562169075012207,227,515,512,512
9.563170671463013,227,516,512,512
9.563860893249512,227,516,512,512
9.565006971359253,227,515,512,512
9.565006971359253,227,515,512,512
9.566005945205688,227,516,512,512
9.567006349563599,227,515,512,512
9.568006753921509,227,515,512,512
9.569007396697998,227,516,512,512
9.570005178451538,227,516,512,512
9.57100796699524,227,515,512,512
9.57200813293457,227,515,512,512
9.57200813293457,227,516,512,512
9.573010206222534,227,515,512,512
9.574585199356079,227,515,512,512
9.574849128723145,228,516,512,512
9.575866460800171,228,516,512,512
9.576862812042236,227,515,512,512
9.577862739562988,227,515,512,512
9.577862739562988,227,516,512,512
9.578863382339478,227,516,512,512
9.579864025115967,227,515,512,512
9.579864025115967,227,516,512,512
9.579864025115967,227,516,512,512
9.579864025115967,227,516,512,512
9.579864025115967,227,515,512,512
9.579864025115967,227,516,512,512
9.579864025115967,227,516,512,512
9.579864025115967,227,515,512,512
9.579864025115967,227,516,512,512
9.579864025115967,228,516,512,512
9.579864025115967,228,515,512,512
9.579864025115967,227,515,512,512
9.579864025115967,227,515,512,512
9.579864025115967,227,515,512,512
9.579864025115967,227,515,512,512
9.579864025115967,227,515,512,512
9.579864025115967,227,516,512,512
9.579864025115967,227,515,512,512
9.595521688461304,227,515,512,512
9.596693754196167,227,515,512,512
9.597168684005737,227,515,512,512
9.597168684005737,227,515,512,512
9.597168684005737,227,516,512,512
9.597168684005737,227,516,512,512
9.597168684005737,227,516,512,512
9.597168684005737,227,515,512,512
9.597168684005737,227,515,512,512
9.597168684005737,228,515,512,512
9.597168684005737,227,515,512,512
9.597168684005737,227,515,512,512
9.597168684005737,227,516,512,512
9.597168684005737,227,516,512,512
9.597168684005737,227,515,512,512
9.597168684005737,227,515,512,512
9.597168684005737,227,515,512,512
9.597168684005737,227,515,512,512
9.597168684005737,227,515,512,512
9.597168684005737,227,516,512,512
9.612431049346924,227,516,512,512
9.613568782806396,227,515,512,512
9.613568782806396,227,515,512,512
9.614589214324951,227,515,512,512
9.616181373596191,227,515,512,512
9.61643934249878,227,515,512,512
9.617452621459961,227,516,512,512
9.61844778060913,227,516,512,512
9.619447946548462,227,515,512,512
9.620448350906372,227,515,512,512
9.620448350906372,227,515,512,512
9.62144923210144,227,515,512,512
9.622448682785034,227,516,512,512
9.623448848724365,227,516,512,512
9.624449729919434,227,516,512,512
9.625449657440186,227,515,512,512
9.625449657440186,227,515,512,512
9.626449823379517,227,515,512,512
9.627447843551636,228,515,512,512
9.628447771072388,228,516,512,512
9.629451990127563,228,516,512,512
9.630451917648315,227,515,512,512
9.630451917648315,227,515,512,512
9.631746768951416,227,515,512,512
9.63273811340332,227,515,512,512
9.634052515029907,227,515,512,512
9.634583234786987,227,515,512,512
9.635590314865112,227,515,512,512
9.636592388153076,227,515,512,512
9.636592388153076,227,515,512,512
9.637593269348145,227,516,512,512
9.638592958450317,227,516,512,512
9.639594554901123,228,516,512,512
9.640593767166138,227,516,512,512
9.64159369468689,227,516,512,512
9.64159369468689,227,516,512,512
9.642594337463379,227,515,512,512
9.643593549728394,227,515,512,512
9.644594430923462,227,515,512,512
9.645592451095581,227,515,512,512
9.646593809127808,227,515,512,512
9.647595882415771,227,516,512,512
9.647595882415771,227,516,512,512
9.647595882415771,227,516,512,512
9.647595882415771,227,515,512,512
9.647595882415771,227,515,512,512
9.647595882415771,227,515,512,512
9.647595882415771,227,515,512,512
9.647595882415771,227,515,512,512
9.647595882415771,227,516,512,512
9.647595882415771,227,515,512,512
9.647595882415771,227,515,512,512
9.647595882415771,227,515,512,512
9.647595882415771,227,515,512,512
9.647595882415771,227,515,512,512
9.647595882415771,227,516,512,512
9.647595882415771,227,516,512,512
9.647595882415771,227,516,512,512
9.647595882415771,227,515,512,512
9.647595882415771,227,516,512,512
9.663248062133789,227,515,512,512
9.663248062133789,227,515,512,512
9.665434837341309,227,516,512,512
9.665699481964111,227,516,512,512
9.665699481964111,227,516,512,512
9.665699481964111,228,515,512,512
9.665699481964111,228,515,512,512
9.665699481964111,228,515,512,512
9.665699481964111,228,515,512,512
9.665699481964111,228,515,512,512
9.665699481964111,228,515,512,512
9.665699481964111,227,515,512,512
9.665699481964111,227,515,512,512
9.665699481964111,227,515,512,512
9.665699481964111,227,515,512,512
9.665699481964111,227,515,512,512
9.665699481964111,227,515,512,512
9.665699481964111,227,516,512,512
9.678955316543579,227,516,512,512
9.678955316543579,227,516,512,512
9.678955316543579,227,516,512,512
9.678955316543579,227,516,512,512
9.678955316543579,227,515,512,512
9.678955316543579,227,516,512,512
9.678955316543579,227,516,512,512
9.678955316543579,227,516,512,512
9.678955316543579,227,515,512,512
9.678955316543579,227,516,512,512
9.678955316543579,227,515,512,512
9.678955316543579,227,515,512,512
9.678955316543579,227,516,512,512
9.678955316543579,227,516,512,512
9.678955316543579,227,515,512,512
9.678955316543579,227,515,512,512
9.678955316543579,227,515,512,512
9.678955316543579,227,515,512,512
9.694641828536987,227,515,512,512
9.694641828536987,227,515,512,512
9.696054935455322,227,516,512,512
9.696197509765625,227,516,512,512
9.696197509765625,227,515,512,512
9.696197509765625,227,515,512,512
9.696197509765625,227,516,512,512
9.696197509765625,227,515,512,512
9.696197509765625,227,515,512,512
9.696197509765625,227,516,512,512
9.696197509765625,227,516,512,512
9.696197509765625,227,516,512,512
9.696197509765625,227,516,512,512
9.696197509765625,227,516,512,512
9.696197509765625,227,515,512,512
9.696197509765625,227,515,512,512
9.696197509765625,227,516,512,512
9.696197509765625,227,516,512,512
9.696197509765625,227,515,512,512
9.710363864898682,227,515,512,512
9.710363864898682,227,516,512,512
9.710363864898682,227,515,512,512
9.710363864898682,227,515,512,512
9.710363864898682,227,515,512,512
9.710363864898682,227,515,512,512
9.710363864898682,227,515,512,512
9.710363864898682,227,515,512,512
9.710363864898682,227,515,512,512
9.710363864898682,227,515,512,512
9.710363864898682,227,516,512,512
9.710363864898682,227,516,512,512
9.710363864898682,227,516,512,512
9.710363864898682,227,515,512,512
9.710363864898682,227,515,512,512
9.710363864898682,227,515,512,512
9.710363864898682,227,515,512,512
9.710363864898682,227,515,512,512
9.710363864898682,227,516,512,512
9.726421594619751,227,516,512,512
9.726421594619751,227,515,512,512
9.726421594619751,227,515,512,512
9.726421594619751,227,515,512,512
9.726421594619751,227,515,512,512
9.726421594619751,228,515,512,512
9.726421594619751,228,516,512,512
9.726421594619751,228,516,512,512
9.726421594619751,227,515,512,512
9.726421594619751,227,515,512,512
9.726421594619751,227,516,512,512
9.726421594619751,227,516,512,512
9.726421594619751,227,515,512,512
9.726421594619751,227,516,512,512
9.726421594619751,227,516,512,512
9.726421594619751,227,515,512,512
9.726421594619751,227,515,512,512
9.726421594619751,227,515,512,512
9.74201488494873,227,515,512,512
9.74201488494873,227,515,512,512
9.74201488494873,227,516,512,512
9.74201488494873,227,516,512,512
9.74201488494873,227,515,512,512
9.74201488494873,227,515,512,512
9.74201488494873,227,516,512,512
9.74201488494873,227,515,512,512
9.74201488494873,227,516,512,512
9.74201488494873,227,516,512,512
9.74201488494873,228,516,512,512
9.74201488494873,228,515,512,512
9.74201488494873,228,515,512,512
9.74201488494873,228,515,512,512
9.74201488494873,228,515,512,512
9.74201488494873,228,515,512,512
9.74201488494873,228,515,512,512
9.756571769714355,227,515,512,512
9.756571769714355,227,515,512,512
9.758087873458862,227,515,512,512
9.758087873458862,227,515,512,512
9.758087873458862,227,515,512,512
9.758087873458862,227,515,512,512
9.758087873458862,227,516,512,512
9.758087873458862,227,516,512,512
9.758087873458862,227,516,512,512
9.758087873458862,227,515,512,512
9.758087873458862,227,515,512,512
9.758087873458862,227,515,512,512
9.758087873458862,227,515,512,512
9.758087873458862,227,516,512,512
9.758087873458862,227,516,512,512
9.758087873458862,227,515,512,512
9.758087873458862,227,515,512,512
9.758087873458862,227,515,512,512
9.758087873458862,227,516,512,512
9.758087873458862,227,516,512,512
9.758087873458862,227,516,512,512
9.774182081222534,227,516,512,512
9.775179386138916,227,515,512,512
9.775418996810913,227,515,512,512
9.775418996810913,227,515,512,512
9.775418996810913,227,516,512,512
9.775418996810913,227,515,512,512
9.775418996810913,227,516,512,512
9.775418996810913,227,516,512,512
9.775418996810913,227,515,512,512
9.775418996810913,227,515,512,512
9.775418996810913,227,515,512,512
9.775418996810913,227,515,512,512
9.775418996810913,227,515,512,512
9.775418996810913,227,516,512,512
9.775418996810913,227,516,512,512
9.775418996810913,227,516,512,512
9.775418996810913,227,515,512,512
9.775418996810913,227,515,512,512
9.775418996810913,227,516,512,512
9.79003381729126,227,515,512,512
9.79003381729126,227,515,512,512
9.79003381729126,227,516,512,512
9.79003381729126,227,515,512,512
9.79003381729126,227,515,512,512
9.79003381729126,227,515,512,512
9.79003381729126,227,515,512,512
9.79003381729126,227,515,512,512
9.79003381729126,227,515,512,512
9.79003381729126,227,516,512,512
9.79003381729126,227,515,512,512
9.79003381729126,227,515,512,512
9.79003381729126,227,516,512,512
9.79003381729126,227,515,512,512
9.79003381729126,227,515,512,512
9.79003381729126,227,516,512,512
9.79003381729126,227,516,512,512
9.79003381729126,227,516,512,512
9.80579924583435,227,515,512,512
9.806796312332153,227,515,512,512
9.806796312332153,227,515,512,512
9.806796312332153,227,515,512,512
9.809354543685913,227,515,512,512
9.809609174728394,227,515,512,512
9.809609174728394,227,515,512,512
9.809609174728394,227,515,512,512
9.809609174728394,227,515,512,512
9.809609174728394,227,515,512,512
9.809609174728394,227,515,512,512
9.809609174728394,227,515,512,512
9.809609174728394,227,516,512,512
9.809609174728394,227,516,512,512
9.809609174728394,227,515,512,512
9.809609174728394,227,515,512,512
9.809609174728394,227,515,512,512
9.809609174728394,227,515,512,512
9.809609174728394,227,515,512,512
9.821636438369751,227,516,512,512
9.821636438369751,227,516,512,512
9.821636438369751,227,515,512,512
9.821636438369751,227,515,512,512
9.821636438369751,227,515,512,512
9.821636438369751,227,515,512,512
9.821636438369751,227,515,512,512
9.821636438369751,227,516,512,512
9.821636438369751,227,515,512,512
9.821636438369751,227,515,512,512
9.821636438369751,227,515,512,512
9.821636438369751,227,515,512,512
9.821636438369751,227,515,512,512
9.821636438369751,227,516,512,512
9.821636438369751,227,516,512,512
9.821636438369751,227,516,512,512
9.821636438369751,227,515,512,512
9.821636438369751,227,515,512,512
9.83743929862976,227,515,512,512
9.838212490081787,227,515,512,512
9.838699340820312,227,515,512,512
9.838699340820312,227,515,512,512
9.838699340820312,227,516,512,512
9.838699340820312,227,516,512,512
9.838699340820312,227,515,512,512
9.838699340820312,227,516,512,512
9.838699340820312,227,516,512,512
9.838699340820312,227,516,512,512
9.838699340820312,227,516,512,512
9.838699340820312,227,516,512,512
9.838699340820312,227,515,512,512
9.838699340820312,227,515,512,512
9.838699340820312,227,515,512,512
9.838699340820312,227,515,512,512
9.838699340820312,227,515,512,512
9.838699340820312,227,516,512,512
9.838699340820312,227,516,512,512
9.853105068206787,227,515,512,512
9.853105068206787,227,515,512,512
9.853105068206787,227,515,512,512
9.853105068206787,227,515,512,512
9.853105068206787,227,515,512,512
9.853105068206787,227,515,512,512
9.853105068206787,227,515,512,512
9.853105068206787,227,515,512,512
9.853105068206787,227,515,512,512
9.853105068206787,227,516,512,512
9.853105068206787,227,515,512,512
9.853105068206787,227,515,512,512
9.853105068206787,227,516,512,512
9.853105068206787,227,516,512,512
9.853105068206787,227,516,512,512
9.853105068206787,227,515,512,512
9.853105068206787,227,516,512,512
9.853105068206787,227,515,512,512
9.868830680847168,227,515,512,512
9.868830680847168,227,515,512,512
9.868830680847168,228,515,512,512
9.868830680847168,228,515,512,512
9.868830680847168,228,515,512,512
9.868830680847168,228,515,512,512
9.868830680847168,228,515,512,512
9.868830680847168,228,514,512,512
9.868830680847168,228,515,512,512
9.868830680847168,228,515,512,512
9.868830680847168,228,515,512,512
9.868830680847168,228,514,512,512
9.868830680847168,228,515,512,512
9.868830680847168,228,515,512,512
9.868830680847168,228,515,512,512
9.868830680847168,228,515,512,512
9.868830680847168,228,515,512,512
9.868830680847168,227,515,512,512
9.868830680847168,227,515,512,512
9.884670495986938,227,515,512,512
9.885300159454346,227,515,512,512
9.88674545288086,227,515,512,512
9.887458086013794,227,515,512,512
9.88769817352295,227,515,512,512
9.888710260391235,227,515,512,512
9.889707326889038,227,515,512,512
9.890707969665527,227,515,512,512
9.89170789718628,227,515,512,512
9.89170789718628,227,515,512,512
9.892708778381348,227,515,512,512
9.893709421157837,228,515,512,512
9.894708633422852,228,515,512,512
9.895710229873657,228,515,512,512
9.896716117858887,228,515,512,512
9.897920608520508,228,515,512,512
9.897920608520508,228,515,512,512
9.89893651008606,228,515,512,512
9.899932622909546,228,515,512,512
9.90093183517456,228,515,512,512
9.90193247795105,227,515,512,512
9.90193247795105,227,515,512,512
9.902933120727539,227,515,512,512
9.904584407806396,228,515,512,512
9.904815912246704,228,515,512,512
9.905827522277832,228,515,512,512
9.906827211380005,228,515,512,512
9.907828092575073,228,515,512,512
9.908827781677246,228,515,512,512
9.908827781677246,228,515,512,512
9.909827947616577,228,515,512,512
9.910827875137329,228,515,512,512
9.911827802658081,227,515,512,512
9.91283130645752,227,516,512,512
9.914052486419678,227,515,512,512
9.914052486419678,227,515,512,512
9.9150710105896,227,515,512,512
9.916063785552979,227,515,512,512
9.917063236236572,227,515,512,512
9.918066501617432,227,515,512,512
9.919066190719604,227,515,512,512
9.919066190719604,227,515,512,512
9.920066595077515,227,515,512,512
9.921643018722534,228,515,512,512
9.921916961669922,228,515,512,512
9.922928810119629,228,515,512,512
9.92392873764038,228,515,512,512
9.924928903579712,228,516,512,512
9.924928903579712,227,515,512,512
9.92593002319336,227,515,512,512
9.926929235458374,227,515,512,512
9.927929878234863,227,515,512,512
9.928930521011353,227,515,512,512
9.929931879043579,227,516,512,512
9.929931879043579,227,516,512,512
9.929931879043579,227,515,512,512
9.929931879043579,228,515,512,512
9.929931879043579,228,515,512,512
9.929931879043579,228,515,512,512
9.929931879043579,228,515,512,512
9.929931879043579,228,515,512,512
9.929931879043579,228,515,512,512
9.929931879043579,228,515,512,512
9.929931879043579,228,515,512,512
9.929931879043579,228,515,512,512
9.929931879043579,228,515,512,512
9.929931879043579,228,515,512,512
9.929931879043579,228,515,512,512
9.929931879043579,228,515,512,512
9.929931879043579,228,515,512,512
9.929931879043579,228,515,512,512
9.929931879043579,228,515,512,512
9.945642948150635,228,515,512,512
9.945642948150635,228,515,512,512
9.945642948150635,228,515,512,512
9.945642948150635,227,516,512,512
9.94913625717163,227,515,512,512
9.94913625717163,227,515,512,512
9.950945615768433,227,515,512,512
9.95158338546753,227,515,512,512
9.95158338546753,227,515,512,512
9.95158338546753,228,515,512,512
9.95158338546753,228,516,512,512
9.95158338546753,228,515,512,512
9.95158338546753,228,515,512,512
9.95158338546753,228,515,512,512
9.95158338546753,228,515,512,512
9.95158338546753,228,514,512,512
9.95158338546753,228,515,512,512
9.95158338546753,228,515,512,512
9.961331605911255,227,515,512,512
9.961331605911255,227,515,512,512
9.961331605911255,227,515,512,512
9.961331605911255,228,515,512,512
9.961331605911255,228,515,512,512
9.961331605911255,228,515,512,512
9.961331605911255,228,516,512,512
9.961331605911255,227,515,512,512
9.961331605911255,227,515,512,512
9.961331605911255,227,515,512,512
9.961331605911255,227,515,512,512
9.961331605911255,227,515,512,512
9.961331605911255,227,515,512,512
9.961331605911255,227,515,512,512
9.961331605911255,227,515,512,512
9.961331605911255,227,515,512,512
9.961331605911255,227,515,512,512
9.961331605911255,227,515,512,512
9.961331605911255,227,515,512,512
9.977052688598633,227,515,512,512
9.977052688598633,228,515,512,512
9.977052688598633,228,515,512,512
9.977052688598633,227,515,512,512
9.977052688598633,227,515,512,512
9.977052688598633,227,515,512,512
9.977052688598633,227,515,512,512
9.977052688598633,227,515,512,512
9.977052688598633,228,516,512,512
9.977052688598633,227,516,512,512
9.977052688598633,227,515,512,512
9.977052688598633,227,515,512,512
9.977052688598633,227,515,512,512
9.977052688598633,227,515,512,512
9.977052688598633,227,515,512,512
9.977052688598633,227,515,512,512
9.977052688598633,227,515,512,512
9.977052688598633,227,515,512,512
9.992830514907837,227,515,512,512
9.992830514907837,227,515,512,512
9.992830514907837,228,515,512,512
9.992830514907837,228,515,512,512
9.992830514907837,228,515,512,512
9.997019529342651,228,515,512,512
9.997019529342651,227,515,512,512
9.997019529342651,227,515,512,512
9.997019529342651,227,515,512,512
9.997019529342651,227,515,512,512
9.997019529342651,227,515,512,512
9.997019529342651,227,515,512,512
9.997019529342651,228,515,512,512
9.997019529342651,227,515,512,512
9.997019529342651,227,515,512,512
9.997019529342651,227,515,512,512
9.997019529342651,227,515,512,512
9.997019529342651,228,515,512,512
9.997019529342651,228,516,512,512
10.00917673110962,228,516,512,512
10.00969123840332,228,515,512,512
10.00969123840332,228,515,512,512
10.00969123840332,228,515,512,512
10.00969123840332,228,515,512,512
10.00969123840332,228,515,512,512
10.00969123840332,228,515,512,512
10.00969123840332,228,515,512,512
10.00969123840332,228,515,512,512
10.00969123840332,228,515,512,512
10.00969123840332,228,515,512,512
10.00969123840332,228,515,512,512
10.00969123840332,228,515,512,512
10.00969123840332,228,515,512,512
10.00969123840332,228,516,512,512
10.00969123840332,228,515,512,512
10.00969123840332,228,515,512,512
10.00969123840332,228,515,512,512
10.024259805679321,228,515,512,512
10.024259805679321,228,515,512,512
10.024259805679321,228,515,512,512
10.024259805679321,228,515,512,512
10.024259805679321,228,515,512,512
10.024259805679321,228,515,512,512
10.024259805679321,228,515,512,512
10.024259805679321,228,515,512,512
10.024259805679321,228,515,512,512
10.024259805679321,228,515,512,512
10.024259805679321,228,516,512,512
10.024259805679321,228,515,512,512
10.024259805679321,228,515,512,512
10.024259805679321,228,515,512,512
10.024259805679321,228,515,512,512
10.024259805679321,228,515,512,512
10.024259805679321,228,515,512,512
10.024259805679321,228,515,512,512
10.024259805679321,227,515,512,512
10.040951251983643,227,515,512,512
10.041557312011719,227,515,512,512
10.04236102104187,227,515,512,512
10.04288387298584,227,515,512,512
10.043895959854126,228,515,512,512
10.04489517211914,227,516,512,512
10.04489517211914,227,515,512,512
10.04589581489563,227,515,512,512
10.047338247299194,227,515,512,512
10.047338247299194,227,515,512,512
10.048338651657104,227,515,512,512
10.049333572387695,228,515,512,512
10.050333738327026,228,515,512,512
10.05133581161499,228,515,512,512
10.052335977554321,228,515,512,512
10.053337335586548,227,515,512,512
10.054335832595825,227,515,512,512
10.054335832595825,227,515,512,512
10.055335998535156,227,515,512,512
10.056336641311646,227,516,512,512
10.05733609199524,227,515,512,512
10.058336973190308,228,515,512,512
10.059466361999512,228,515,512,512
10.06022334098816,228,515,512,512
10.06022334098816,228,515,512,512
10.062242269515991,228,515,512,512
10.062242269515991,228,516,512,512
10.063597679138184,228,515,512,512
10.063597679138184,227,515,512,512
10.063597679138184,227,515,512,512
10.063597679138184,227,515,512,512
10.063597679138184,227,515,512,512
10.063597679138184,227,515,512,512
10.063597679138184,228,516,512,512
10.063597679138184,228,515,512,512
10.063597679138184,228,515,512,512
10.063597679138184,227,515,512,512
10.063597679138184,227,515,512,512
10.063597679138184,227,515,512,512
10.063597679138184,227,515,512,512
10.063597679138184,228,516,512,512
10.063597679138184,228,515,512,512
10.063597679138184,228,515,512,512
10.063597679138184,228,515,512,512
10.063597679138184,228,515,512,512
10.063597679138184,228,514,512,512
10.079120635986328,228,515,512,512
10.079120635986328,227,515,512,512
10.081403970718384,227,515,512,512
10.081929683685303,227,515,512,512
10.081929683685303,227,515,512,512
10.081929683685303,227,515,512,512
10.081929683685303,227,515,512,512
10.081929683685303,227,515,512,512
10.081929683685303,228,516,512,512
10.081929683685303,227,516,512,512
10.081929683685303,227,515,512,512
10.081929683685303,227,515,512,512
10.081929683685303,227,515,512,512
10.081929683685303,227,515,512,512
10.081929683685303,227,515,512,512
10.081929683685303,228,516,512,512
10.081929683685303,228,516,512,512
10.081929683685303,228,515,512,512
10.094805240631104,228,515,512,512
10.094805240631104,228,515,512,512
10.094805240631104,228,515,512,512
10.094805240631104,228,515,512,512
10.094805240631104,228,515,512,512
10.094805240631104,228,515,512,512
10.094805240631104,228,515,512,512
10.094805240631104,228,515,512,512
10.094805240631104,228,515,512,512
10.094805240631104,228,515,512,512
10.094805240631104,228,515,512,512
10.094805240631104,228,516,512,512
10.094805240631104,228,516,512,512
10.094805240631104,228,515,512,512
10.094805240631104,228,515,512,512
10.094805240631104,228,515,512,512
10.094805240631104,228,515,512,512
10.094805240631104,228,515,512,512
10.110504150390625,228,515,512,512
10.110504150390625,228,515,512,512
10.111936807632446,228,515,512,512
10.112462997436523,228,515,512,512
10.112462997436523,228,515,512,512
10.114477157592773,228,515,512,512
10.114851951599121,228,515,512,512
10.115990400314331,228,516,512,512
10.11723780632019,228,516,512,512
10.117642164230347,228,515,512,512
10.118651866912842,228,515,512,512
10.119649410247803,228,515,512,512
10.120649814605713,228,515,512,512
10.120649814605713,227,515,512,512
10.121649742126465,227,515,512,512
10.122650384902954,227,515,512,512
10.123650312423706,227,515,512,512
10.124650955200195,227,515,512,512
10.125651121139526,227,515,512,512
10.125651121139526,227,515,512,512
10.126651525497437,227,515,512,512
10.127649784088135,227,515,512,512
10.12865161895752,228,516,512,512
10.129651069641113,228,515,512,512
10.130851030349731,228,515,512,512
10.130851030349731,228,515,512,512
10.132144451141357,228,515,512,512
10.133145332336426,228,515,512,512
10.134233236312866,228,515,512,512
10.134747982025146,228,516,512,512
10.13575792312622,228,515,512,512
10.13675856590271,228,515,512,512
10.13675856590271,228,515,512,512
10.137758016586304,228,515,512,512
10.138758420944214,228,515,512,512
10.139758348464966,228,516,512,512
10.140758275985718,228,516,512,512
10.14175820350647,228,515,512,512
10.14175820350647,228,515,512,512
10.142759084701538,228,515,512,512
10.143757581710815,228,515,512,512
10.1447594165802,228,515,512,512
10.145759582519531,228,515,512,512
10.146682500839233,228,515,512,512
10.147610425949097,228,515,512,512
10.14868450164795,228,515,512,512
10.14868450164795,228,515,512,512
10.149680852890015,228,515,512,512
10.151334285736084,228,515,512,512
10.151334285736084,228,515,512,512
10.15234923362732,228,515,512,512
10.153345823287964,227,515,512,512
10.154345989227295,228,515,512,512
10.155346393585205,228,515,512,512
10.156346321105957,228,515,512,512
10.156346321105957,228,515,512,512
10.157346725463867,228,515,512,512
10.158347129821777,228,515,512,512
10.15934705734253,228,515,512,512
10.16034722328186,228,515,512,512
10.161347150802612,228,515,512,512
10.16234564781189,228,515,512,512
10.16234564781189,228,514,512,512
10.163347005844116,228,515,512,512
10.164793729782104,228,515,512,512
10.164793729782104,228,515,512,512
10.164793729782104,228,515,512,512
10.164793729782104,228,515,512,512
10.164793729782104,228,515,512,512
10.164793729782104,228,515,512,512
10.164793729782104,228,515,512,512
10.164793729782104,228,516,512,512
10.164793729782104,228,516,512,512
10.164793729782104,228,515,512,512
10.164793729782104,228,515,512,512
10.164793729782104,228,515,512,512
10.164793729782104,228,515,512,512
10.164793729782104,228,515,512,512
10.164793729782104,228,516,512,512
10.164793729782104,228,516,512,512
10.164793729782104,228,515,512,512
10.164793729782104,228,515,512,512
10.180186748504639,228,515,512,512
10.180186748504639,228,515,512,512
10.181950569152832,228,515,512,512
10.182209491729736,228,516,512,512
10.182209491729736,228,515,512,512
10.182209491729736,228,515,512,512
10.182209491729736,228,515,512,512
10.182209491729736,228,515,512,512
10.182209491729736,228,515,512,512
10.182209491729736,228,515,512,512
10.182209491729736,228,516,512,512
10.182209491729736,228,516,512,512
10.182209491729736,228,515,512,512
10.182209491729736,228,515,512,512
10.182209491729736,228,515,512,512
10.182209491729736,228,515,512,512
10.182209491729736,228,515,512,512
10.182209491729736,228,515,512,512
10.182209491729736,228,515,512,512
10.196068525314331,228,515,512,512
10.196068525314331,228,515,512,512
10.196068525314331,228,515,512,512
10.196068525314331,228,515,512,512
10.196068525314331,228,515,512,512
10.196068525314331,228,515,512,512
10.196068525314331,228,515,512,512
10.196068525314331,228,515,512,512
10.196068525314331,228,514,512,512
10.196068525314331,228,515,512,512
10.196068525314331,228,515,512,512
10.196068525314331,228,514,512,512
10.196068525314331,228,515,512,512
10.196068525314331,228,515,512,512
10.196068525314331,228,515,512,512
10.196068525314331,228,515,512,512
10.196068525314331,228,515,512,512
10.196068525314331,228,515,512,512
10.196068525314331,228,515,512,512
10.211825609207153,228,515,512,512
10.211825609207153,228,516,512,512
10.211825609207153,228,515,512,512
10.211825609207153,228,515,512,512
10.211825609207153,228,515,512,512
10.211825609207153,228,515,512,512
10.211825609207153,228,515,512,512
10.211825609207153,228,515,512,512
10.211825609207153,228,515,512,512
10.211825609207153,228,515,512,512
10.211825609207153,228,515,512,512
10.211825609207153,228,515,512,512
10.211825609207153,228,515,512,512
10.211825609207153,228,515,512,512
10.211825609207153,228,515,512,512
10.211825609207153,228,516,512,512
10.211825609207153,228,515,512,512
10.211825609207153,228,515,512,512
10.227494955062866,228,515,512,512
10.227494955062866,228,515,512,512
10.227494955062866,228,515,512,512
10.227494955062866,228,515,512,512
10.227494955062866,228,516,512,512
10.227494955062866,227,515,512,512
10.227494955062866,227,515,512,512
10.227494955062866,227,515,512,512
10.227494955062866,227,515,512,512
10.227494955062866,227,515,512,512
10.227494955062866,228,516,512,512
10.227494955062866,227,516,512,512
10.227494955062866,227,515,512,512
10.227494955062866,227,515,512,512
10.227494955062866,227,515,512,512
10.227494955062866,227,515,512,512
10.227494955062866,227,514,512,512
10.227494955062866,227,515,512,512
10.243204355239868,227,515,512,512
10.243204355239868,227,515,512,512
10.244724988937378,227,515,512,512
10.244980335235596,227,515,512,512
10.244980335235596,228,515,512,512
10.244980335235596,228,515,512,512
10.244980335235596,228,515,512,512
10.244980335235596,228,516,512,512
10.244980335235596,228,515,512,512
10.244980335235596,228,515,512,512
10.244980335235596,228,515,512,512
10.244980335235596,228,515,512,512
10.244980335235596,228,515,512,512
10.244980335235596,228,515,512,512
10.244980335235596,228,516,512,512
10.244980335235596,228,515,512,512
10.244980335235596,228,515,512,512
10.244980335235596,227,515,512,512
10.244980335235596,227,515,512,512
10.258858680725098,227,515,512,512
10.258858680725098,227,515,512,512
10.258858680725098,227,516,512,512
10.258858680725098,227,515,512,512
10.258858680725098,227,515,512,512
10.258858680725098,228,515,512,512
10.258858680725098,228,515,512,512
10.258858680725098,228,515,512,512
10.258858680725098,227,515,512,512
10.258858680725098,227,516,512,512
10.258858680725098,227,515,512,512
10.258858680725098,227,515,512,512
10.258858680725098,227,515,512,512
10.258858680725098,227,515,512,512
10.258858680725098,227,515,512,512
10.258858680725098,227,515,512,512
10.258858680725098,227,516,512,512
10.258858680725098,228,516,512,512
10.274628162384033,227,515,512,512
10.274628162384033,227,515,512,512
10.27637267112732,227,516,512,512
10.27637267112732,227,515,512,512
10.27637267112732,227,515,512,512
10.27637267112732,228,516,512,512
10.27637267112732,228,516,512,512
10.27637267112732,228,515,512,512
10.27637267112732,228,515,512,512
10.27637267112732,228,515,512,512
10.27637267112732,227,514,512,512
10.27637267112732,227,514,512,512
10.27637267112732,227,515,512,512
10.27637267112732,227,515,512,512
10.27637267112732,227,515,512,512
10.27637267112732,227,515,512,512
10.27637267112732,227,515,512,512
10.27637267112732,227,515,512,512
10.27637267112732,227,515,512,512
10.290469408035278,227,516,512,512
10.290469408035278,227,516,512,512
10.290469408035278,227,515,512,512
10.290469408035278,227,515,512,512
10.290469408035278,227,515,512,512
10.290469408035278,227,515,512,512
10.290469408035278,227,515,512,512
10.290469408035278,228,516,512,512
10.290469408035278,228,516,512,512
10.290469408035278,228,516,512,512
10.290469408035278,227,515,512,512
10.290469408035278,228,515,512,512
10.290469408035278,227,515,512,512
10.290469408035278,227,515,512,512
10.290469408035278,227,516,512,512
10.290469408035278,227,516,512,512
10.290469408035278,227,516,512,512
10.290469408035278,227,516,512,512
10.290469408035278,227,516,512,512
10.306231498718262,227,515,512,512
10.307769775390625,227,515,512,512
10.308027029037476,227,516,512,512
10.308027029037476,227,516,512,512
10.308027029037476,227,516,512,512
10.308027029037476,227,515,512,512
10.308027029037476,227,515,512,512
10.308027029037476,227,515,512,512
10.308027029037476,227,515,512,512
10.308027029037476,227,515,512,512
10.308027029037476,227,516,512,512
10.308027029037476,227,515,512,512
10.308027029037476,227,515,512,512
10.308027029037476,227,516,512,512
10.308027029037476,227,515,512,512
10.308027029037476,227,515,512,512
10.308027029037476,227,515,512,512
10.308027029037476,227,515,512,512
10.322068929672241,227,515,512,512
10.322068929672241,227,515,512,512
10.322068929672241,227,515,512,512
10.322068929672241,227,515,512,512
10.322068929672241,227,515,512,512
10.322068929672241,227,515,512,512
10.322068929672241,227,516,512,512
10.322068929672241,227,516,512,512
10.322068929672241,227,516,512,512
10.322068929672241,227,516,512,512
10.322068929672241,227,515,512,512
10.322068929672241,227,515,512,512
10.322068929672241,227,515,512,512
10.322068929672241,227,516,512,512
10.322068929672241,227,515,512,512
10.322068929672241,227,515,512,512
10.322068929672241,227,515,512,512
10.322068929672241,227,515,512,512
10.322068929672241,227,515,512,512
10.337723016738892,227,516,512,512
10.339166641235352,227,516,512,512
10.339409828186035,227,516,512,512
10.339409828186035,227,516,512,512
10.339409828186035,227,516,512,512
10.339409828186035,227,516,512,512
10.339409828186035,227,515,512,512
10.339409828186035,227,515,512,512
10.339409828186035,227,516,512,512
10.339409828186035,227,515,512,512
10.339409828186035,227,515,512,512
10.339409828186035,227,515,512,512
10.339409828186035,227,516,512,512
10.339409828186035,227,515,512,512
10.339409828186035,227,516,512,512
10.339409828186035,227,516,512,512
10.339409828186035,227,516,512,512
10.339409828186035,227,515,512,512
10.353444337844849,227,516,512,512
10.353444337844849,227,516,512,512
10.353444337844849,227,516,512,512
10.353444337844849,227,516,512,512
10.353444337844849,227,516,512,512
10.353444337844849,227,516,512,512
10.353444337844849,227,516,512,512
10.353444337844849,227,516,512,512
10.353444337844849,227,516,512,512
10.353444337844849,227,515,512,512
10.353444337844849,227,515,512,512
10.353444337844849,227,515,512,512
10.353444337844849,227,515,512,512
10.353444337844849,227,515,512,512
10.353444337844849,227,515,512,512
10.353444337844849,227,515,512,512
10.353444337844849,227,515,512,512
10.353444337844849,227,515,512,512
10.353444337844849,227,516,512,512
10.369085550308228,227,516,512,512
10.369085550308228,227,516,512,512
10.369085550308228,227,516,512,512
10.369085550308228,227,516,512,512
10.369085550308228,227,515,512,512
10.369085550308228,227,515,512,512
10.369085550308228,227,516,512,512
10.369085550308228,227,516,512,512
10.369085550308228,227,515,512,512
10.369085550308228,227,515,512,512
10.369085550308228,227,516,512,512
10.369085550308228,227,515,512,512
10.369085550308228,227,515,512,512
10.369085550308228,228,516,512,512
10.369085550308228,227,516,512,512
10.369085550308228,227,515,512,512
10.369085550308228,227,515,512,512
10.369085550308228,227,516,512,512
10.38480281829834,227,515,512,512
10.385690927505493,227,516,512,512
10.38645625114441,227,516,512,512
10.387641668319702,227,516,512,512
10.388652086257935,227,516,512,512
10.388652086257935,227,515,512,512
10.389650344848633,227,515,512,512
10.390650510787964,227,515,512,512
10.391650915145874,227,515,512,512
10.392651081085205,227,516,512,512
10.393651962280273,227,516,512,512
10.394652366638184,227,515,512,512
10.394652366638184,227,515,512,512
10.39565134048462,227,515,512,512
10.39705753326416,227,515,512,512
10.397685289382935,227,515,512,512
10.398150205612183,227,516,512,512
10.39916467666626,227,516,512,512
10.400160789489746,227,515,512,512
10.401164293289185,227,515,512,512
10.4021635055542,227,515,512,512
10.4021635055542,227,515,512,512
10.403163194656372,227,515,512,512
10.404749155044556,227,515,512,512
10.404999017715454,227,515,512,512
10.406010627746582,227,515,512,512
10.40701150894165,227,515,512,512
10.408011198043823,227,515,512,512
10.409010887145996,227,515,512,512
10.409010887145996,227,515,512,512
10.410011053085327,227,516,512,512
10.411010980606079,227,516,512,512
10.412010908126831,227,515,512,512
10.413011074066162,227,515,512,512
10.414059400558472,227,515,512,512
10.414059400558472,227,515,512,512
10.415076971054077,227,515,512,512
10.416074275970459,227,516,512,512
10.417072534561157,227,516,512,512
10.418072700500488,227,516,512,512
10.419075727462769,227,515,512,512
10.42007064819336,227,515,512,512
10.42007064819336,227,515,512,512
10.421834707260132,227,515,512,512
10.422086715698242,227,515,512,512
10.423099040985107,227,516,512,512
10.424099922180176,227,515,512,512
10.425100088119507,227,515,512,512
10.425100088119507,227,516,512,512
10.426100015640259,227,515,512,512
10.427098512649536,227,515,512,512
10.428099870681763,227,515,512,512
10.429099798202515,227,516,512,512
10.43010139465332,227,516,512,512
10.431100606918335,227,515,512,512
10.431100606918335,227,515,512,512
10.431100606918335,227,515,512,512
10.431100606918335,227,515,512,512
10.431100606918335,227,515,512,512
10.431100606918335,227,516,512,512
10.431100606918335,227,516,512,512
10.431100606918335,227,515,512,512
10.431100606918335,227,515,512,512
10.431100606918335,227,516,512,512
10.431100606918335,227,515,512,512
10.431100606918335,227,515,512,512
10.431100606918335,227,516,512,512
10.431100606918335,227,516,512,512
10.431100606918335,227,515,512,512
10.431100606918335,227,515,512,512
10.431100606918335,227,515,512,512
10.431100606918335,227,515,512,512
10.431100606918335,227,515,512,512
10.446951866149902,227,516,512,512
10.446951866149902,227,516,512,512
10.448892831802368,227,515,512,512
10.449145078659058,227,516,512,512
10.449145078659058,227,516,512,512
10.449145078659058,227,515,512,512
10.449145078659058,227,516,512,512
10.449145078659058,227,516,512,512
10.449145078659058,227,516,512,512
10.449145078659058,227,515,512,512
10.449145078659058,227,515,512,512
10.449145078659058,227,516,512,512
10.449145078659058,227,515,512,512
10.449145078659058,227,515,512,512
10.449145078659058,227,516,512,512
10.449145078659058,227,516,512,512
10.449145078659058,227,515,512,512
10.449145078659058,227,515,512,512
10.462664127349854,227,516,512,512
10.462664127349854,227,515,512,512
10.462664127349854,227,516,512,512
10.462664127349854,227,516,512,512
10.462664127349854,227,516,512,512
10.462664127349854,227,515,512,512
10.462664127349854,227,515,512,512
10.462664127349854,227,515,512,512
10.462664127349854,227,515,512,512
10.462664127349854,227,515,512,512
10.462664127349854,227,516,512,512
10.462664127349854,227,516,512,512
10.462664127349854,227,515,512,512
10.462664127349854,227,515,512,512
10.462664127349854,227,515,512,512
10.462664127349854,227,515,512,512
10.462664127349854,227,515,512,512
10.462664127349854,228,516,512,512
10.462664127349854,227,516,512,512
10.478359937667847,227,516,512,512
10.478359937667847,228,516,512,512
10.478359937667847,228,516,512,512
10.478359937667847,228,516,512,512
10.478359937667847,228,516,512,512
10.478359937667847,228,516,512,512
10.478359937667847,227,516,512,512
10.478359937667847,227,515,512,512
10.478359937667847,228,515,512,512
10.478359937667847,228,515,512,512
10.478359937667847,228,515,512,512
10.478359937667847,228,515,512,512
10.478359937667847,228,515,512,512
10.478359937667847,227,515,512,512
10.478359937667847,227,515,512,512
10.478359937667847,227,515,512,512
10.478359937667847,227,515,512,512
10.478359937667847,227,515,512,512
10.494065999984741,227,515,512,512
10.494065999984741,228,515,512,512
10.494065999984741,227,516,512,512
10.494065999984741,228,516,512,512
10.494065999984741,227,515,512,512
10.494065999984741,227,515,512,512
10.494065999984741,228,515,512,512
10.494065999984741,228,515,512,512
10.50095820426941,227,516,512,512
10.501466274261475,228,516,512,512
10.501466274261475,227,516,512,512
10.501466274261475,227,516,512,512
10.501466274261475,227,515,512,512
10.501466274261475,227,516,512,512
10.501466274261475,227,515,512,512
10.501466274261475,227,516,512,512
10.501466274261475,227,516,512,512
10.501466274261475,227,515,512,512
10.501466274261475,227,515,512,512
10.50993299484253,227,515,512,512
10.50993299484253,227,515,512,512
10.50993299484253,227,515,512,512
10.50993299484253,227,516,512,512
10.50993299484253,227,516,512,512
10.50993299484253,227,515,512,512
10.50993299484253,227,515,512,512
10.50993299484253,227,515,512,512
10.50993299484253,227,515,512,512
10.50993299484253,227,515,512,512
10.50993299484253,227,516,512,512
10.50993299484253,228,516,512,512
10.50993299484253,228,516,512,512
10.50993299484253,228,515,512,512
10.50993299484253,228,516,512,512
10.50993299484253,228,515,512,512
10.50993299484253,227,515,512,512
10.50993299484253,227,515,512,512
10.50993299484253,227,515,512,512
10.525715827941895,227,515,512,512
10.525715827941895,227,515,512,512
10.525715827941895,227,515,512,512
10.525715827941895,227,515,512,512
10.525715827941895,227,514,512,512
10.525715827941895,227,515,512,512
10.525715827941895,227,516,512,512
10.525715827941895,227,516,512,512
10.525715827941895,227,515,512,512
10.525715827941895,227,516,512,512
10.525715827941895,227,515,512,512
10.525715827941895,227,515,512,512
10.525715827941895,227,516,512,512
10.525715827941895,227,516,512,512
10.525715827941895,227,516,512,512
10.525715827941895,227,515,512,512
10.525715827941895,227,515,512,512
10.525715827941895,227,515,512,512
10.541366815567017,227,515,512,512
10.54235291481018,227,515,512,512
10.54322075843811,227,516,512,512
10.544323682785034,227,516,512,512
10.544323682785034,227,516,512,512
10.545337438583374,227,516,512,512
10.54633378982544,227,516,512,512
10.54755973815918,227,515,512,512
10.54755973815918,227,515,512,512
10.548852682113647,227,516,512,512
10.54985237121582,227,516,512,512
10.550852298736572,227,515,512,512
10.551852226257324,227,515,512,512
10.551852226257324,227,515,512,512
10.552852392196655,227,515,512,512
10.553851127624512,227,515,512,512
10.554852962493896,227,516,512,512
10.555853128433228,227,516,512,512
10.55685567855835,227,515,512,512
10.557857275009155,227,515,512,512
10.557857275009155,227,515,512,512
10.558855295181274,227,515,512,512
10.559854507446289,227,515,512,512
10.561180353164673,227,516,512,512
10.561700344085693,227,516,512,512
10.562711238861084,228,515,512,512
10.563717365264893,227,515,512,512
10.564423084259033,227,515,512,512
10.564423084259033,227,515,512,512
10.564423084259033,227,515,512,512
10.564423084259033,227,515,512,512
10.564423084259033,227,515,512,512
10.564423084259033,227,515,512,512
10.564423084259033,227,515,512,512
10.564423084259033,227,515,512,512
10.564423084259033,227,515,512,512
10.564423084259033,227,515,512,512
10.564423084259033,227,516,512,512
10.564423084259033,227,516,512,512
10.564423084259033,227,516,512,512
10.564423084259033,227,515,512,512
10.564423084259033,227,515,512,512
10.564423084259033,227,515,512,512
10.564423084259033,227,515,512,512
10.564423084259033,227,515,512,512
10.579558610916138,227,516,512,512
10.580817222595215,227,515,512,512
10.581325769424438,227,515,512,512
10.581325769424438,227,515,512,512
10.581325769424438,227,515,512,512
10.581325769424438,227,515,512,512
10.581325769424438,228,516,512,512
10.581325769424438,228,516,512,512
10.581325769424438,228,516,512,512
10.581325769424438,228,515,512,512
10.581325769424438,228,515,512,512
10.581325769424438,228,515,512,512
10.581325769424438,228,515,512,512
10.581325769424438,228,515,512,512
10.581325769424438,228,516,512,512
10.581325769424438,227,515,512,512
10.581325769424438,227,515,512,512
10.581325769424438,227,515,512,512
10.59536600112915,227,515,512,512
10.59536600112915,227,515,512,512
10.59536600112915,227,516,512,512
10.59536600112915,227,516,512,512
10.59536600112915,227,516,512,512
10.59536600112915,227,516,512,512
10.59536600112915,227,516,512,512
10.59536600112915,227,516,512,512
10.59536600112915,227,516,512,512
10.59536600112915,228,516,512,512
10.59536600112915,228,516,512,512
10.59536600112915,227,515,512,512
10.59536600112915,227,515,512,512
10.59536600112915,227,515,512,512
10.59536600112915,227,515,512,512
10.59536600112915,227,514,512,512
10.59536600112915,227,515,512,512
10.59536600112915,227,515,512,512
10.59536600112915,227,515,512,512
10.611032247543335,227,515,512,512
10.612228155136108,227,515,512,512
10.612848043441772,227,516,512,512
10.612848043441772,227,515,512,512
10.612848043441772,227,516,512,512
10.612848043441772,227,516,512,512
10.612848043441772,227,516,512,512
10.612848043441772,227,515,512,512
10.612848043441772,228,516,512,512
10.612848043441772,227,515,512,512
10.612848043441772,227,515,512,512
10.612848043441772,227,515,512,512
10.612848043441772,227,516,512,512
10.612848043441772,227,516,512,512
10.612848043441772,227,515,512,512
10.612848043441772,227,516,512,512
10.612848043441772,227,516,512,512
10.612848043441772,227,515,512,512
10.626769065856934,227,515,512,512
10.626769065856934,227,516,512,512
10.626769065856934,227,516,512,512
10.626769065856934,227,515,512,512
10.626769065856934,227,515,512,512
10.626769065856934,227,516,512,512
10.626769065856934,227,515,512,512
10.626769065856934,227,515,512,512
10.626769065856934,227,516,512,512
10.626769065856934,227,516,512,512
10.626769065856934,227,515,512,512
10.626769065856934,227,515,512,512
10.626769065856934,227,515,512,512
10.626769065856934,227,515,512,512
10.626769065856934,227,515,512,512
10.626769065856934,227,516,512,512
10.626769065856934,227,516,512,512
10.626769065856934,227,515,512,512
10.626769065856934,227,515,512,512
10.64242959022522,227,515,512,512
10.643707752227783,227,515,512,512
10.644193410873413,227,515,512,512
10.645408153533936,227,515,512,512
10.645408153533936,227,515,512,512
10.64711618423462,227,515,512,512
10.64711618423462,227,515,512,512
10.648183107376099,227,515,512,512
10.64917540550232,227,515,512,512
10.650174140930176,227,515,512,512
10.651174545288086,227,516,512,512
10.652174949645996,227,516,512,512
10.652174949645996,227,515,512,512
10.653175115585327,227,515,512,512
10.654829740524292,227,515,512,512
10.654829740524292,227,515,512,512
10.655840396881104,227,515,512,512
10.656840324401855,227,516,512,512
10.657840251922607,227,516,512,512
10.65884017944336,227,515,512,512
10.65984034538269,227,515,512,512
10.65984034538269,227,515,512,512
10.660840511322021,227,516,512,512
10.66184401512146,227,515,512,512
10.662845134735107,227,516,512,512
10.663845300674438,227,516,512,512
10.664845705032349,227,516,512,512
10.665431499481201,227,515,512,512
10.666542291641235,227,515,512,512
10.66753888130188,227,515,512,512
10.66753888130188,227,515,512,512
10.668538570404053,227,515,512,512
10.669538259506226,227,516,512,512
10.670908689498901,227,515,512,512
10.671434879302979,227,515,512,512
10.672446489334106,227,515,512,512
10.673445463180542,227,515,512,512
10.674445629119873,227,515,512,512
10.674445629119873,227,516,512,512
10.675445318222046,227,516,512,512
10.676451921463013,227,516,512,512
10.677445888519287,227,515,512,512
10.678446531295776,227,516,512,512
10.679447174072266,227,515,512,512
10.679977178573608,227,515,512,512
10.679977178573608,227,516,512,512
10.679977178573608,227,516,512,512
10.679977178573608,228,516,512,512
10.679977178573608,228,515,512,512
10.679977178573608,228,516,512,512
10.679977178573608,228,515,512,512
10.679977178573608,228,515,512,512
10.679977178573608,228,515,512,512
10.679977178573608,228,515,512,512
10.679977178573608,227,515,512,512
10.679977178573608,227,515,512,512
10.679977178573608,227,515,512,512
10.679977178573608,227,515,512,512
10.679977178573608,227,515,512,512
10.679977178573608,227,515,512,512
10.679977178573608,227,516,512,512
10.679977178573608,227,516,512,512
10.695250988006592,227,515,512,512
10.695250988006592,227,515,512,512
10.695250988006592,227,515,512,512
10.698209524154663,227,515,512,512
10.698970794677734,228,516,512,512
10.698970794677734,227,516,512,512
10.698970794677734,227,516,512,512
10.698970794677734,227,515,512,512
10.698970794677734,227,516,512,512
10.698970794677734,227,515,512,512
10.698970794677734,228,515,512,512
10.698970794677734,228,516,512,512
10.698970794677734,228,516,512,512
10.698970794677734,227,515,512,512
10.698970794677734,227,515,512,512
10.698970794677734,227,515,512,512
10.698970794677734,227,515,512,512
10.698970794677734,227,515,512,512
10.71098256111145,228,515,512,512
10.71098256111145,228,516,512,512
10.71098256111145,228,516,512,512
10.71098256111145,227,515,512,512
10.71098256111145,227,515,512,512
10.71098256111145,227,515,512,512
10.71098256111145,227,515,512,512
10.71098256111145,227,516,512,512
10.71098256111145,227,516,512,512
10.71098256111145,227,516,512,512
10.71098256111145,227,515,512,512
10.71098256111145,227,515,512,512
10.71098256111145,227,515,512,512
10.71098256111145,227,515,512,512
10.71098256111145,228,515,512,512
10.71098256111145,228,515,512,512
10.71098256111145,228,515,512,512
10.71098256111145,228,515,512,512
10.71098256111145,228,515,512,512
10.726858854293823,227,515,512,512
10.726858854293823,228,514,512,512
10.726858854293823,228,515,512,512
10.726858854293823,227,515,512,512
10.726858854293823,227,515,512,512
10.726858854293823,227,514,512,512
10.726858854293823,227,515,512,512
10.726858854293823,227,515,512,512
10.726858854293823,227,515,512,512
10.726858854293823,227,515,512,512
10.726858854293823,227,516,512,512
10.726858854293823,227,515,512,512
10.726858854293823,227,515,512,512
10.726858854293823,227,515,512,512
10.726858854293823,227,515,512,512
10.726858854293823,227,515,512,512
10.726858854293823,227,515,512,512
10.726858854293823,227,515,512,512
10.726858854293823,227,515,512,512
10.742632389068604,227,515,512,512
10.74413800239563,227,515,512,512
10.74413800239563,227,515,512,512
10.74413800239563,227,515,512,512
10.74413800239563,227,515,512,512
10.74413800239563,227,515,512,512
10.74413800239563,227,516,512,512
10.74413800239563,227,515,512,512
10.74413800239563,227,515,512,512
10.74413800239563,227,515,512,512
10.74413800239563,227,515,512,512
10.74413800239563,227,515,512,512
10.74413800239563,227,515,512,512
10.74413800239563,227,515,512,512
10.74413800239563,227,515,512,512
10.74413800239563,228,515,512,512
10.74413800239563,227,515,512,512
10.74413800239563,228,515,512,512
10.758313417434692,228,515,512,512
10.758313417434692,228,515,512,512
10.758313417434692,228,515,512,512
10.758313417434692,227,515,512,512
10.758313417434692,227,515,512,512
10.758313417434692,227,515,512,512
10.758313417434692,227,515,512,512
10.758313417434692,227,515,512,512
10.758313417434692,227,516,512,512
10.758313417434692,228,516,512,512
10.758313417434692,228,515,512,512
10.758313417434692,228,515,512,512
10.758313417434692,228,515,512,512
10.758313417434692,228,515,512,512
10.758313417434692,227,514,512,512
10.758313417434692,227,515,512,512
10.758313417434692,228,515,512,512
10.758313417434692,227,515,512,512
10.774012327194214,227,515,512,512
10.774770498275757,228,515,512,512
10.775284767150879,228,515,512,512
10.775284767150879,228,515,512,512
10.775284767150879,228,515,512,512
10.775284767150879,228,516,512,512
10.775284767150879,228,515,512,512
10.775284767150879,228,515,512,512
10.775284767150879,228,515,512,512
10.775284767150879,228,515,512,512
10.775284767150879,228,515,512,512
10.775284767150879,228,515,512,512
10.775284767150879,228,515,512,512
10.775284767150879,228,515,512,512
10.775284767150879,228,515,512,512
10.775284767150879,228,515,512,512
10.775284767150879,228,515,512,512
10.775284767150879,228,515,512,512
10.775284767150879,228,515,512,512
10.789811134338379,227,515,512,512
10.789811134338379,227,515,512,512
10.789811134338379,227,515,512,512
10.789811134338379,228,515,512,512
10.789811134338379,228,515,512,512
10.789811134338379,228,515,512,512
10.789811134338379,228,515,512,512
10.789811134338379,228,515,512,512
10.789811134338379,228,515,512,512
10.789811134338379,228,515,512,512
10.789811134338379,228,515,512,512
10.789811134338379,228,515,512,512
10.789811134338379,228,515,512,512
10.789811134338379,227,515,512,512
10.789811134338379,227,515,512,512
10.789811134338379,227,515,512,512
10.789811134338379,228,515,512,512
10.789811134338379,228,515,512,512
10.789811134338379,228,515,512,512
10.805472612380981,228,515,512,512
10.805472612380981,228,515,512,512
10.805472612380981,228,515,512,512
10.805472612380981,228,515,512,512
10.805472612380981,228,515,512,512
10.805472612380981,228,515,512,512
10.805472612380981,228,514,512,512
10.805472612380981,228,514,512,512
10.805472612380981,228,515,512,512
10.805472612380981,228,515,512,512
10.805472612380981,228,515,512,512
10.805472612380981,228,515,512,512
10.805472612380981,228,515,512,512
10.805472612380981,227,515,512,512
10.805472612380981,227,515,512,512
10.805472612380981,227,515,512,512
10.805472612380981,227,515,512,512
10.805472612380981,227,515,512,512
10.821288347244263,227,515,512,512
10.821288347244263,227,515,512,512
10.821288347244263,228,515,512,512
10.821288347244263,227,515,512,512
10.821288347244263,227,515,512,512
10.821288347244263,227,515,512,512
10.821288347244263,227,515,512,512
10.821288347244263,227,515,512,512
10.821288347244263,227,515,512,512
10.821288347244263,227,515,512,512
10.821288347244263,227,515,512,512
10.821288347244263,227,515,512,512
10.821288347244263,227,515,512,512
10.821288347244263,227,516,512,512
10.821288347244263,227,515,512,512
10.821288347244263,227,515,512,512
10.821288347244263,227,515,512,512
10.821288347244263,227,515,512,512
10.821288347244263,227,515,512,512
10.837034702301025,228,515,512,512
10.837034702301025,228,515,512,512
10.837034702301025,227,515,512,512
10.837034702301025,227,515,512,512
10.837034702301025,227,515,512,512
10.837034702301025,227,515,512,512
10.837034702301025,228,515,512,512
10.837034702301025,228,515,512,512
10.837034702301025,228,516,512,512
10.837034702301025,228,516,512,512
10.837034702301025,228,515,512,512
10.837034702301025,228,515,512,512
10.837034702301025,228,515,512,512
10.837034702301025,228,515,512,512
10.837034702301025,228,515,512,512
10.837034702301025,228,515,512,512
10.837034702301025,227,515,512,512
10.837034702301025,227,514,512,512
10.8528573513031,227,515,512,512
10.8528573513031,228,515,512,512
10.8528573513031,227,515,512,512
10.8528573513031,228,515,512,512
10.8528573513031,228,516,512,512
10.8528573513031,228,515,512,512
10.8528573513031,228,515,512,512
10.8528573513031,228,515,512,512
10.8528573513031,228,515,512,512
10.8528573513031,228,515,512,512
10.8528573513031,228,515,512,512
10.8528573513031,228,515,512,512
10.8528573513031,228,515,512,512
10.8528573513031,228,515,512,512
10.8528573513031,228,515,512,512
10.8528573513031,228,515,512,512
10.8528573513031,228,515,512,512
10.8528573513031,228,515,512,512
10.8528573513031,228,516,512,512
10.868516445159912,228,515,512,512
10.870067596435547,228,515,512,512
10.87046480178833,228,515,512,512
10.87046480178833,228,515,512,512
10.87046480178833,228,515,512,512
10.87046480178833,228,515,512,512
10.87046480178833,228,515,512,512
10.87046480178833,228,515,512,512
10.87046480178833,228,515,512,512
10.87046480178833,228,515,512,512
10.87046480178833,228,515,512,512
10.87046480178833,228,515,512,512
10.87046480178833,228,515,512,512
10.87046480178833,228,516,512,512
10.87046480178833,228,515,512,512
10.87046480178833,228,515,512,512
10.87046480178833,228,515,512,512
10.87046480178833,228,515,512,512
10.884261846542358,228,515,512,512
10.884261846542358,228,516,512,512
10.885664701461792,228,516,512,512
10.886680841445923,228,515,512,512
10.887834072113037,228,515,512,512
10.888583898544312,228,515,512,512
10.889594554901123,228,515,512,512
10.889594554901123,228,514,512,512
10.890592098236084,228,515,512,512
10.891592264175415,227,515,512,512
10.892592668533325,227,515,512,512
10.893593549728394,227,515,512,512
10.894593954086304,227,515,512,512
10.894593954086304,227,515,512,512
10.896596670150757,227,515,512,512
10.896596670150757,227,515,512,512
10.898006200790405,228,516,512,512
10.89842963218689,228,516,512,512
10.899537801742554,228,515,512,512
10.900534868240356,228,515,512,512
10.901534795761108,228,515,512,512
10.901534795761108,228,515,512,512
10.90253472328186,228,515,512,512
10.90353512763977,228,515,512,512
10.904928207397461,227,515,512,512
10.905426979064941,227,515,512,512
10.90643835067749,227,515,512,512
10.90743899345398,227,515,512,512
10.90743899345398,227,515,512,512
10.908438682556152,228,515,512,512
10.909438848495483,228,515,512,512
10.910439014434814,227,515,512,512
10.911438941955566,227,515,512,512
10.912439823150635,227,515,512,512
10.913441896438599,227,515,512,512
10.913923025131226,227,515,512,512
10.91501235961914,227,515,512,512
10.91501235961914,227,516,512,512
10.916011810302734,227,516,512,512
10.917007207870483,227,515,512,512
10.918009042739868,227,515,512,512
10.919009685516357,227,515,512,512
10.920007467269897,227,515,512,512
10.921006917953491,227,515,512,512
10.922028303146362,228,515,512,512
10.922783613204956,227,515,512,512
10.922783613204956,227,515,512,512
10.923795700073242,227,515,512,512
10.924795866012573,227,515,512,512
10.925796747207642,227,515,512,512
10.926796436309814,227,515,512,512
10.927796602249146,227,515,512,512
10.927796602249146,228,515,512,512
10.929797172546387,227,515,512,512
10.929797172546387,227,515,512,512
10.930658340454102,227,515,512,512
10.930658340454102,227,515,512,512
10.930658340454102,227,514,512,512
10.930658340454102,227,515,512,512
10.930658340454102,227,515,512,512
10.930658340454102,227,515,512,512
10.930658340454102,227,515,512,512
10.930658340454102,228,515,512,512
10.930658340454102,227,515,512,512
10.930658340454102,227,515,512,512
10.930658340454102,227,515,512,512
10.930658340454102,227,516,512,512
10.930658340454102,227,515,512,512
10.930658340454102,227,515,512,512
10.930658340454102,227,515,512,512
10.930658340454102,227,515,512,512
10.930658340454102,227,515,512,512
10.945497274398804,227,515,512,512
10.946176528930664,227,516,512,512
10.946176528930664,227,515,512,512
10.94830846786499,227,515,512,512
10.94881272315979,227,515,512,512
10.94881272315979,227,515,512,512
10.94881272315979,227,515,512,512
10.94881272315979,228,515,512,512
10.94881272315979,228,515,512,512
10.94881272315979,228,515,512,512
10.94881272315979,228,515,512,512
10.94881272315979,228,515,512,512
10.94881272315979,228,515,512,512
10.94881272315979,228,515,512,512
10.94881272315979,228,515,512,512
10.94881272315979,228,515,512,512
10.94881272315979,228,515,512,512
10.94881272315979,228,515,512,512
10.94881272315979,228,515,512,512
10.961153268814087,228,515,512,512
10.961153268814087,228,515,512,512
10.961153268814087,228,515,512,512
10.961153268814087,228,516,512,512
10.961153268814087,227,515,512,512
10.961153268814087,228,515,512,512
10.961153268814087,228,515,512,512
10.961153268814087,228,515,512,512
10.961153268814087,228,515,512,512
10.961153268814087,228,515,512,512
10.961153268814087,228,515,512,512
10.961153268814087,228,515,512,512
10.961153268814087,228,515,512,512
10.961153268814087,228,515,512,512
10.961153268814087,228,515,512,512
10.961153268814087,228,515,512,512
10.961153268814087,228,515,512,512
10.961153268814087,228,515,512,512
10.977116584777832,228,515,512,512
10.977116584777832,228,515,512,512
10.977116584777832,228,515,512,512
10.977116584777832,228,515,512,512
10.977116584777832,228,515,512,512
10.977116584777832,228,515,512,512
10.977116584777832,228,516,512,512
10.977116584777832,228,515,512,512
10.977116584777832,228,515,512,512
10.977116584777832,228,515,512,512
10.977116584777832,228,515,512,512
10.977116584777832,228,515,512,512
10.977116584777832,228,515,512,512
10.977116584777832,228,515,512,512
10.977116584777832,228,515,512,512
10.977116584777832,228,515,512,512
10.977116584777832,228,515,512,512
10.977116584777832,228,515,512,512
10.977116584777832,228,515,512,512
10.992738246917725,228,515,512,512
10.992738246917725,228,516,512,512
10.992738246917725,228,516,512,512
10.992738246917725,228,515,512,512
10.992738246917725,228,515,512,512
10.992738246917725,228,515,512,512
10.992738246917725,228,515,512,512
10.992738246917725,228,515,512,512
10.992738246917725,228,515,512,512
10.992738246917725,228,516,512,512
10.992738246917725,228,515,512,512
10.992738246917725,228,515,512,512
10.992738246917725,228,515,512,512
10.992738246917725,228,515,512,512
10.992738246917725,227,515,512,512
10.992738246917725,228,516,512,512
10.992738246917725,228,516,512,512
10.992738246917725,228,516,512,512
11.00873613357544,228,515,512,512
11.00873613357544,228,515,512,512
11.00873613357544,228,515,512,512
11.00873613357544,228,515,512,512
11.00873613357544,228,515,512,512
11.00873613357544,227,515,512,512
11.013891220092773,228,514,512,512
11.013891220092773,228,514,512,512
11.013891220092773,227,515,512,512
11.016190767288208,228,514,512,512
11.016190767288208,228,515,512,512
11.016190767288208,227,516,512,512
11.016190767288208,227,516,512,512
11.016190767288208,228,515,512,512
11.016190767288208,228,515,512,512
11.016190767288208,228,515,512,512
11.016190767288208,228,515,512,512
11.016190767288208,228,515,512,512
11.016190767288208,228,515,512,512
11.024409532546997,228,516,512,512
11.024409532546997,228,515,512,512
11.024409532546997,228,515,512,512
11.024409532546997,228,515,512,512
11.024409532546997,228,515,512,512
11.024409532546997,228,515,512,512
11.024409532546997,228,515,512,512
11.024409532546997,227,516,512,512
11.024409532546997,227,515,512,512
11.024409532546997,227,515,512,512
11.024409532546997,227,515,512,512
11.024409532546997,228,515,512,512
11.024409532546997,227,515,512,512
11.024409532546997,228,515,512,512
11.024409532546997,228,516,512,512
11.024409532546997,228,515,512,512
11.024409532546997,228,515,512,512
11.024409532546997,228,515,512,512
11.040189504623413,228,515,512,512
11.040189504623413,228,515,512,512
11.041648626327515,227,515,512,512
11.042650699615479,227,515,512,512
11.043497800827026,227,515,512,512
11.04451036453247,227,515,512,512
11.04451036453247,227,515,512,512
11.045507431030273,228,515,512,512
11.046880960464478,228,515,512,512
11.047874927520752,228,515,512,512
11.047874927520752,228,516,512,512
11.048872947692871,228,516,512,512
11.04987359046936,228,515,512,512
11.050874471664429,228,515,512,512
11.051875591278076,228,515,512,512
11.052875995635986,228,515,512,512
11.052875995635986,228,515,512,512
11.053876161575317,228,515,512,512
11.05487608909607,228,515,512,512
11.055876016616821,227,514,512,512
11.056875944137573,227,515,512,512
11.057876110076904,227,515,512,512
11.057876110076904,227,515,512,512
11.059874773025513,227,516,512,512
11.060585498809814,228,516,512,512
11.06084156036377,228,516,512,512
11.06185531616211,227,515,512,512
11.062853813171387,227,515,512,512
11.063857793807983,227,515,512,512
11.064340591430664,227,515,512,512
11.064340591430664,227,515,512,512
11.064340591430664,227,515,512,512
11.064340591430664,227,515,512,512
11.064340591430664,227,515,512,512
11.064340591430664,227,515,512,512
11.064340591430664,227,515,512,512
11.064340591430664,227,515,512,512
11.064340591430664,228,516,512,512
11.064340591430664,228,516,512,512
11.064340591430664,228,516,512,512
11.064340591430664,228,515,512,512
11.064340591430664,228,515,512,512
11.064340591430664,228,515,512,512
11.064340591430664,228,515,512,512
11.064340591430664,228,515,512,512
11.064340591430664,228,516,512,512
11.064340591430664,228,515,512,512
11.079577207565308,228,515,512,512
11.079577207565308,228,515,512,512
11.079577207565308,228,515,512,512
11.079577207565308,228,515,512,512
11.083584070205688,228,515,512,512
11.083834171295166,228,516,512,512
11.083834171295166,228,516,512,512
11.083834171295166,228,515,512,512
11.083834171295166,228,515,512,512
11.083834171295166,228,516,512,512
11.083834171295166,228,515,512,512
11.083834171295166,228,515,512,512
11.083834171295166,228,516,512,512
11.083834171295166,228,515,512,512
11.083834171295166,228,515,512,512
11.083834171295166,228,515,512,512
11.083834171295166,228,515,512,512
11.083834171295166,228,515,512,512
11.09529972076416,227,515,512,512
11.09529972076416,227,515,512,512
11.09529972076416,227,515,512,512
11.09529972076416,227,515,512,512
11.09529972076416,227,515,512,512
11.09529972076416,227,515,512,512
11.09529972076416,227,515,512,512
11.09529972076416,227,515,512,512
11.09529972076416,227,515,512,512
11.09529972076416,227,516,512,512
11.09529972076416,227,515,512,512
11.09529972076416,228,515,512,512
11.09529972076416,228,515,512,512
11.09529972076416,228,515,512,512
11.09529972076416,228,515,512,512
11.09529972076416,227,515,512,512
11.09529972076416,227,516,512,512
11.09529972076416,227,515,512,512
11.09529972076416,227,515,512,512
11.110976696014404,227,515,512,512
11.112403392791748,227,515,512,512
11.112669467926025,228,515,512,512
11.112669467926025,227,515,512,512
11.112669467926025,227,516,512,512
11.112669467926025,227,515,512,512
11.112669467926025,227,515,512,512
11.112669467926025,227,515,512,512
11.112669467926025,227,515,512,512
11.112669467926025,227,515,512,512
11.112669467926025,227,515,512,512
11.112669467926025,227,515,512,512
11.112669467926025,227,515,512,512
11.112669467926025,227,515,512,512
11.112669467926025,227,515,512,512
11.112669467926025,227,515,512,512
11.112669467926025,227,515,512,512
11.112669467926025,227,515,512,512
11.126692295074463,227,515,512,512
11.126692295074463,228,515,512,512
11.126692295074463,228,515,512,512
11.126692295074463,228,515,512,512
11.126692295074463,228,515,512,512
11.126692295074463,228,515,512,512
11.126692295074463,228,515,512,512
11.126692295074463,228,515,512,512
11.126692295074463,228,515,512,512
11.126692295074463,228,515,512,512
11.126692295074463,228,514,512,512
11.126692295074463,228,515,512,512
11.126692295074463,227,515,512,512
11.126692295074463,227,515,512,512
11.126692295074463,227,515,512,512
11.126692295074463,227,515,512,512
11.126692295074463,227,515,512,512
11.126692295074463,227,515,512,512
11.126692295074463,227,515,512,512
11.142571449279785,227,515,512,512
11.144054174423218,227,515,512,512
11.144054174423218,227,516,512,512
11.144054174423218,227,516,512,512
11.144054174423218,227,515,512,512
11.144054174423218,227,515,512,512
11.144054174423218,227,516,512,512
11.144054174423218,227,515,512,512
11.144054174423218,227,516,512,512
11.144054174423218,227,516,512,512
11.144054174423218,227,516,512,512
11.144054174423218,227,515,512,512
11.144054174423218,227,516,512,512
11.144054174423218,227,516,512,512
11.144054174423218,227,516,512,512
11.144054174423218,227,515,512,512
11.144054174423218,227,516,512,512
11.144054174423218,227,516,512,512
11.158329248428345,227,515,512,512
11.158329248428345,227,515,512,512
11.158329248428345,227,516,512,512
11.158329248428345,227,515,512,512
11.158329248428345,228,516,512,512
11.158329248428345,227,516,512,512
11.158329248428345,227,516,512,512
11.158329248428345,227,516,512,512
11.158329248428345,227,515,512,512
11.158329248428345,227,515,512,512
11.158329248428345,227,515,512,512
11.158329248428345,227,515,512,512
11.158329248428345,227,516,512,512
11.158329248428345,227,516,512,512
11.158329248428345,227,516,512,512
11.158329248428345,228,515,512,512
11.158329248428345,228,516,512,512
11.158329248428345,227,515,512,512
11.158329248428345,227,515,512,512
11.175351619720459,227,515,512,512
11.175351619720459,227,515,512,512
11.175848007202148,227,515,512,512
11.175848007202148,227,515,512,512
11.175848007202148,227,515,512,512
11.175848007202148,227,515,512,512
11.175848007202148,227,515,512,512
11.180274963378906,227,516,512,512
11.180274963378906,227,516,512,512
11.181472778320312,227,515,512,512
11.18246841430664,228,515,512,512
11.183468103408813,228,515,512,512
11.184468030929565,227,515,512,512
11.185641527175903,227,515,512,512
11.186400890350342,227,516,512,512
11.187408924102783,227,516,512,512
11.187408924102783,227,516,512,512
11.188410520553589,227,515,512,512
11.189409732818604,227,516,512,512
11.190409421920776,227,516,512,512
11.191409826278687,227,516,512,512
11.192409992218018,227,516,512,512
11.192409992218018,227,516,512,512
11.193411111831665,227,515,512,512
11.194410800933838,227,515,512,512
11.19541049003601,227,515,512,512
11.196412801742554,227,515,512,512
11.197414875030518,227,515,512,512
11.198304891586304,227,515,512,512
11.198304891586304,227,516,512,512
11.199535369873047,227,516,512,512
11.200531005859375,227,515,512,512
11.201531171798706,227,515,512,512
11.202742576599121,227,516,512,512
11.203508377075195,227,515,512,512
11.203508377075195,227,516,512,512
11.204517364501953,227,516,512,512
11.205518007278442,227,516,512,512
11.206518173217773,227,516,512,512
11.207517862319946,227,516,512,512
11.208518743515015,227,515,512,512
11.208518743515015,227,516,512,512
11.209518909454346,227,516,512,512
11.210518836975098,227,516,512,512
11.211519241333008,227,516,512,512
11.21251916885376,227,515,512,512
11.213522911071777,227,515,512,512
11.213522911071777,227,515,512,512
11.213522911071777,227,515,512,512
11.213522911071777,227,515,512,512
11.213522911071777,227,515,512,512
11.213522911071777,227,515,512,512
11.213522911071777,227,515,512,512
11.213522911071777,227,515,512,512
11.213522911071777,227,516,512,512
11.213522911071777,227,516,512,512
11.213522911071777,227,516,512,512
11.213522911071777,227,516,512,512
11.213522911071777,227,516,512,512
11.213522911071777,227,516,512,512
11.213522911071777,227,515,512,512
11.213522911071777,227,515,512,512
11.213522911071777,227,515,512,512
11.213522911071777,227,515,512,512
11.213522911071777,227,515,512,512
11.22935676574707,227,515,512,512
11.22935676574707,227,515,512,512
11.23158597946167,227,515,512,512
11.232338905334473,227,515,512,512
11.232338905334473,227,515,512,512
11.232338905334473,227,516,512,512
11.232338905334473,227,516,512,512
11.232338905334473,227,516,512,512
11.232338905334473,227,516,512,512
11.232338905334473,227,515,512,512
11.232338905334473,227,516,512,512
11.232338905334473,227,515,512,512
11.232338905334473,227,515,512,512
11.232338905334473,227,516,512,512
11.232338905334473,227,516,512,512
11.232338905334473,227,515,512,512
11.232338905334473,227,515,512,512
11.243818521499634,227,515,512,512
11.243818521499634,227,515,512,512
11.245333433151245,227,515,512,512
11.245333433151245,227,516,512,512
11.245333433151245,227,516,512,512
11.245333433151245,227,515,512,512
11.245333433151245,228,515,512,512
11.245333433151245,228,516,512,512
11.245333433151245,228,515,512,512
11.245333433151245,228,516,512,512
11.245333433151245,228,516,512,512
11.245333433151245,228,516,512,512
11.245333433151245,228,515,512,512
11.245333433151245,228,515,512,512
11.245333433151245,228,515,512,512
11.245333433151245,228,515,512,512
11.245333433151245,227,514,512,512
11.245333433151245,227,515,512,512
11.245333433151245,227,515,512,512
11.245333433151245,227,515,512,512
11.2610342502594,227,515,512,512
11.2610342502594,228,515,512,512
11.262837648391724,228,515,512,512
11.262837648391724,228,515,512,512
11.264771461486816,228,516,512,512
11.264771461486816,228,516,512,512
11.264771461486816,228,516,512,512
11.264771461486816,227,515,512,512
11.264771461486816,227,516,512,512
11.264771461486816,227,515,512,512
11.264771461486816,227,516,512,512
11.264771461486816,227,516,512,512
11.264771461486816,228,516,512,512
11.264771461486816,227,516,512,512
11.264771461486816,227,515,512,512
11.264771461486816,227,515,512,512
11.264771461486816,227,515,512,512
11.264771461486816,227,515,512,512
11.276737689971924,227,516,512,512
11.276737689971924,227,516,512,512
11.276737689971924,227,515,512,512
11.276737689971924,227,515,512,512
11.276737689971924,227,515,512,512
11.276737689971924,227,515,512,512
11.276737689971924,227,515,512,512
11.276737689971924,227,515,512,512
11.276737689971924,227,516,512,512
11.276737689971924,227,516,512,512
11.276737689971924,227,515,512,512
11.276737689971924,227,515,512,512
11.276737689971924,227,515,512,512
11.276737689971924,227,515,512,512
11.276737689971924,227,516,512,512
11.276737689971924,227,516,512,512
11.276737689971924,227,516,512,512
11.276737689971924,227,515,512,512
11.276737689971924,227,515,512,512
11.292557954788208,227,515,512,512
11.292557954788208,227,515,512,512
11.294618844985962,227,515,512,512
11.294618844985962,227,515,512,512
11.294618844985962,227,515,512,512
11.294618844985962,227,515,512,512
11.294618844985962,227,515,512,512
11.294618844985962,227,515,512,512
11.294618844985962,227,515,512,512
11.294618844985962,227,515,512,512
11.294618844985962,227,516,512,512
11.294618844985962,227,515,512,512
11.294618844985962,227,515,512,512
11.294618844985962,227,515,512,512
11.294618844985962,227,515,512,512
11.294618844985962,227,515,512,512
11.294618844985962,227,516,512,512
11.294618844985962,227,516,512,512
11.294618844985962,227,516,512,512
11.308456659317017,227,515,512,512
11.308456659317017,227,515,512,512
11.308456659317017,227,515,512,512
11.308456659317017,227,515,512,512
11.308456659317017,227,515,512,512
11.308456659317017,228,516,512,512
11.308456659317017,227,516,512,512
11.308456659317017,227,515,512,512
11.308456659317017,227,515,512,512
11.308456659317017,227,516,512,512
11.308456659317017,227,515,512,512
11.308456659317017,227,516,512,512
11.308456659317017,227,516,512,512
11.308456659317017,227,516,512,512
11.308456659317017,227,516,512,512
11.308456659317017,227,515,512,512
11.308456659317017,227,515,512,512
11.308456659317017,227,515,512,512
11.32422947883606,227,515,512,512
11.3253653049469,227,516,512,512
11.325748920440674,228,516,512,512
11.325748920440674,228,515,512,512
11.325748920440674,228,515,512,512
11.325748920440674,228,515,512,512
11.325748920440674,228,515,512,512
11.325748920440674,228,515,512,512
11.325748920440674,227,516,512,512
11.325748920440674,227,516,512,512
11.325748920440674,227,516,512,512
11.325748920440674,227,516,512,512
11.325748920440674,227,516,512,512
11.325748920440674,227,515,512,512
11.325748920440674,227,515,512,512
11.325748920440674,228,515,512,512
11.325748920440674,228,515,512,512
11.325748920440674,228,515,512,512
11.325748920440674,227,514,512,512
11.339885950088501,227,515,512,512
11.339885950088501,227,515,512,512
11.339885950088501,227,515,512,512
11.339885950088501,227,516,512,512
11.339885950088501,228,516,512,512
11.339885950088501,228,516,512,512
11.339885950088501,227,515,512,512
11.339885950088501,227,515,512,512
11.339885950088501,227,515,512,512
11.339885950088501,228,515,512,512
11.339885950088501,228,515,512,512
11.339885950088501,228,516,512,512
11.339885950088501,228,516,512,512
11.339885950088501,228,515,512,512
11.339885950088501,228,515,512,512
11.339885950088501,228,515,512,512
11.339885950088501,227,515,512,512
11.339885950088501,227,515,512,512
11.35563039779663,227,516,512,512
11.35661005973816,227,516,512,512
11.356876373291016,228,515,512,512
11.356876373291016,228,515,512,512
11.356876373291016,228,515,512,512
11.356876373291016,228,515,512,512
11.356876373291016,228,516,512,512
11.356876373291016,228,516,512,512
11.356876373291016,228,516,512,512
11.356876373291016,228,515,512,512
11.356876373291016,228,516,512,512
11.356876373291016,227,515,512,512
11.356876373291016,227,515,512,512
11.356876373291016,227,516,512,512
11.356876373291016,227,516,512,512
11.356876373291016,227,516,512,512
11.356876373291016,227,515,512,512
11.356876373291016,227,515,512,512
11.356876373291016,227,515,512,512
11.371519088745117,227,515,512,512
11.371519088745117,227,516,512,512
11.371519088745117,228,516,512,512
11.371519088745117,228,516,512,512
11.371519088745117,228,515,512,512
11.371519088745117,227,515,512,512
11.371519088745117,227,515,512,512
11.371519088745117,227,515,512,512
11.371519088745117,227,515,512,512
11.371519088745117,227,515,512,512
11.371519088745117,227,515,512,512
11.371519088745117,227,515,512,512
11.371519088745117,227,515,512,512
11.371519088745117,227,516,512,512
11.371519088745117,227,516,512,512
11.371519088745117,227,516,512,512
11.371519088745117,227,516,512,512
11.371519088745117,227,516,512,512
11.387237787246704,227,515,512,512
11.387237787246704,227,515,512,512
11.388164043426514,227,515,512,512
11.389540910720825,227,515,512,512
11.390583038330078,227,515,512,512
11.390827894210815,227,516,512,512
11.391838073730469,227,516,512,512
11.392837047576904,227,515,512,512
11.393836498260498,227,515,512,512
11.394836664199829,227,516,512,512
11.394836664199829,227,515,512,512
11.39583706855774,227,515,512,512
11.3971586227417,227,516,512,512
11.397801399230957,227,516,512,512
11.399096727371216,227,515,512,512
11.399096727371216,227,515,512,512
11.400094509124756,227,515,512,512
11.40109372138977,227,515,512,512
11.402095317840576,227,515,512,512
11.403092861175537,227,516,512,512
11.404096841812134,227,516,512,512
11.405097007751465,227,515,512,512
11.405097007751465,227,515,512,512
11.406095743179321,227,515,512,512
11.407674074172974,227,515,512,512
11.407904386520386,227,515,512,512
11.408915996551514,227,516,512,512
11.409915924072266,227,516,512,512
11.410915851593018,227,515,512,512
11.411917209625244,227,515,512,512
11.411917209625244,227,516,512,512
11.412914514541626,227,515,512,512
11.414506196975708,227,515,512,512
11.414506196975708,227,516,512,512
11.415523290634155,227,516,512,512
11.416518688201904,227,515,512,512
11.417518377304077,227,515,512,512
11.418519258499146,227,515,512,512
11.419520616531372,227,515,512,512
11.419520616531372,227,515,512,512
11.42051887512207,227,515,512,512
11.421518087387085,227,516,512,512
11.42251992225647,227,515,512,512
11.42351746559143,227,515,512,512
11.424741744995117,227,516,512,512
11.425268650054932,227,515,512,512
11.426281929016113,227,516,512,512
11.427281856536865,227,516,512,512
11.427281856536865,227,516,512,512
11.428282260894775,227,515,512,512
11.42928171157837,227,515,512,512
11.430198669433594,227,515,512,512
11.430198669433594,227,515,512,512
11.430198669433594,227,515,512,512
11.430198669433594,227,516,512,512
11.430198669433594,227,516,512,512
11.430198669433594,228,515,512,512
11.430198669433594,227,515,512,512
11.430198669433594,227,515,512,512
11.430198669433594,227,515,512,512
11.430198669433594,227,515,512,512
11.430198669433594,227,516,512,512
11.430198669433594,227,516,512,512
11.430198669433594,227,515,512,512
11.430198669433594,227,515,512,512
11.430198669433594,227,515,512,512
11.430198669433594,227,515,512,512
11.430198669433594,227,515,512,512
11.445079565048218,227,515,512,512
11.445079565048218,227,516,512,512
11.445079565048218,227,516,512,512
11.445079565048218,227,515,512,512
11.445079565048218,227,515,512,512
11.449249744415283,227,515,512,512
11.449748754501343,227,515,512,512
11.449748754501343,227,515,512,512
11.449748754501343,227,516,512,512
11.449748754501343,227,516,512,512
11.449748754501343,227,515,512,512
11.449748754501343,227,515,512,512
11.449748754501343,227,515,512,512
11.449748754501343,227,515,512,512
11.449748754501343,227,515,512,512
11.449748754501343,227,515,512,512
11.449748754501343,227,515,512,512
11.449748754501343,227,515,512,512
11.449748754501343,227,515,512,512
11.460835933685303,227,515,512,512
11.460835933685303,227,515,512,512
11.460835933685303,227,515,512,512
11.460835933685303,227,515,512,512
11.460835933685303,227,516,512,512
11.460835933685303,227,515,512,512
11.460835933685303,227,515,512,512
11.460835933685303,227,516,512,512
11.460835933685303,227,515,512,512
11.460835933685303,227,515,512,512
11.460835933685303,227,516,512,512
11.460835933685303,227,516,512,512
11.460835933685303,227,515,512,512
11.460835933685303,227,515,512,512
11.460835933685303,227,515,512,512
11.460835933685303,227,515,512,512
11.460835933685303,227,515,512,512
11.460835933685303,227,515,512,512
11.460835933685303,227,515,512,512
11.476822137832642,227,515,512,512
11.478347301483154,227,515,512,512
11.478347301483154,227,515,512,512
11.478347301483154,227,515,512,512
11.478347301483154,227,515,512,512
11.478347301483154,227,516,512,512
11.478347301483154,227,516,512,512
11.478347301483154,227,515,512,512
11.478347301483154,227,515,512,512
11.478347301483154,227,516,512,512
11.478347301483154,227,515,512,512
11.478347301483154,227,516,512,512
11.478347301483154,227,516,512,512
11.478347301483154,227,516,512,512
11.478347301483154,227,516,512,512
11.478347301483154,227,516,512,512
11.478347301483154,227,516,512,512
11.478347301483154,227,516,512,512
11.492630004882812,227,516,512,512
11.492630004882812,227,516,512,512
11.492630004882812,227,516,512,512
11.492630004882812,227,515,512,512
11.492630004882812,227,515,512,512
11.492630004882812,227,515,512,512
11.492630004882812,227,515,512,512
11.492630004882812,227,515,512,512
11.492630004882812,227,515,512,512
11.492630004882812,227,515,512,512
11.492630004882812,227,515,512,512
11.492630004882812,227,515,512,512
11.492630004882812,227,515,512,512
11.492630004882812,227,515,512,512
11.492630004882812,227,515,512,512
11.492630004882812,227,516,512,512
11.492630004882812,227,516,512,512
11.492630004882812,227,516,512,512
11.492630004882812,227,515,512,512
11.508320808410645,227,516,512,512
11.509743690490723,227,515,512,512
11.509999752044678,227,515,512,512
11.509999752044678,227,516,512,512
11.509999752044678,227,516,512,512
11.509999752044678,227,515,512,512
11.509999752044678,227,515,512,512
11.509999752044678,227,516,512,512
11.509999752044678,227,516,512,512
11.509999752044678,227,515,512,512
11.509999752044678,227,516,512,512
11.509999752044678,227,516,512,512
11.509999752044678,227,516,512,512
11.509999752044678,227,515,512,512
11.509999752044678,227,515,512,512
11.509999752044678,227,515,512,512
11.509999752044678,227,515,512,512
11.509999752044678,227,515,512,512
11.524020433425903,227,516,512,512
11.524020433425903,227,515,512,512
11.524020433425903,227,515,512,512
11.526037454605103,227,515,512,512
11.526037454605103,227,515,512,512
11.528050422668457,227,515,512,512
11.528050422668457,228,515,512,512
11.530060291290283,227,516,512,512
11.530060291290283,227,515,512,512
11.531930923461914,227,515,512,512
11.531930923461914,227,515,512,512
11.531930923461914,227,515,512,512
11.531930923461914,227,516,512,512
11.531930923461914,227,516,512,512
11.531930923461914,228,516,512,512
11.531930923461914,227,516,512,512
11.531930923461914,227,515,512,512
11.531930923461914,227,515,512,512
11.531930923461914,227,515,512,512
11.539813041687012,227,515,512,512
11.539813041687012,227,515,512,512
11.539813041687012,227,515,512,512
11.539813041687012,227,515,512,512
11.539813041687012,227,515,512,512
11.539813041687012,227,515,512,512
11.539813041687012,227,515,512,512
11.539813041687012,227,515,512,512
11.539813041687012,227,516,512,512
11.539813041687012,227,516,512,512
11.539813041687012,227,516,512,512
11.539813041687012,227,515,512,512
11.539813041687012,227,515,512,512
11.539813041687012,227,515,512,512
11.539813041687012,227,515,512,512
11.539813041687012,227,515,512,512
11.539813041687012,227,515,512,512
11.539813041687012,227,515,512,512
11.55565881729126,227,515,512,512
11.55565881729126,227,515,512,512
11.557410478591919,227,515,512,512
11.558225870132446,227,515,512,512
11.558225870132446,227,515,512,512
11.559240818023682,227,516,512,512
11.56023645401001,227,516,512,512
11.561236381530762,227,515,512,512
11.562236785888672,227,515,512,512
11.563243865966797,227,515,512,512
11.563243865966797,227,515,512,512
11.564241409301758,227,515,512,512
11.565524339675903,227,516,512,512
11.56652307510376,227,516,512,512
11.56752347946167,227,515,512,512
11.56752347946167,227,515,512,512
11.568522453308105,227,515,512,512
11.569522380828857,227,515,512,512
11.570521593093872,227,515,512,512
11.571521759033203,227,515,512,512
11.572524547576904,227,516,512,512
11.573523998260498,227,515,512,512
11.573523998260498,227,515,512,512
11.575318574905396,227,515,512,512
11.575318574905396,227,515,512,512
11.576334476470947,227,515,512,512
11.577330827713013,228,515,512,512
11.578330755233765,228,515,512,512
11.579330921173096,227,515,512,512
11.580081939697266,227,515,512,512
11.580081939697266,227,515,512,512
11.580081939697266,227,514,512,512
11.580081939697266,227,514,512,512
11.580081939697266,227,515,512,512
11.580081939697266,227,515,512,512
11.580081939697266,227,515,512,512
11.580081939697266,227,515,512,512
11.580081939697266,227,515,512,512
11.580081939697266,227,515,512,512
11.580081939697266,227,515,512,512
11.580081939697266,227,516,512,512
11.580081939697266,227,516,512,512
11.580081939697266,227,515,512,512
11.580081939697266,227,515,512,512
11.580081939697266,227,515,512,512
11.580081939697266,227,515,512,512
11.580081939697266,227,515,512,512
11.594981908798218,228,515,512,512
11.594981908798218,228,515,512,512
11.594981908798218,228,515,512,512
11.594981908798218,228,515,512,512
11.594981908798218,228,515,512,512
11.594981908798218,228,515,512,512
11.594981908798218,228,515,512,512
11.594981908798218,228,515,512,512
11.594981908798218,228,515,512,512
11.594981908798218,228,515,512,512
11.594981908798218,227,515,512,512
11.594981908798218,227,515,512,512
11.594981908798218,227,515,512,512
11.594981908798218,227,515,512,512
11.594981908798218,227,515,512,512
11.594981908798218,228,515,512,512
11.594981908798218,228,515,512,512
11.594981908798218,228,515,512,512
11.610802173614502,228,515,512,512
11.611742973327637,228,515,512,512
11.611742973327637,228,515,512,512
11.611742973327637,228,515,512,512
11.611742973327637,228,515,512,512
11.611742973327637,228,515,512,512
11.611742973327637,228,515,512,512
11.611742973327637,228,515,512,512
11.611742973327637,228,515,512,512
11.611742973327637,228,515,512,512
11.611742973327637,228,515,512,512
11.611742973327637,228,515,512,512
11.611742973327637,228,515,512,512
11.611742973327637,228,515,512,512
11.611742973327637,228,515,512,512
11.611742973327637,228,515,512,512
11.611742973327637,228,515,512,512
11.611742973327637,228,515,512,512
11.611742973327637,228,515,512,512
11.627155303955078,227,515,512,512
11.627155303955078,227,515,512,512
11.628904104232788,228,515,512,512
11.628904104232788,228,515,512,512
11.628904104232788,228,515,512,512
11.628904104232788,228,515,512,512
11.628904104232788,228,515,512,512
11.628904104232788,228,515,512,512
11.628904104232788,228,515,512,512
11.628904104232788,228,515,512,512
11.628904104232788,228,515,512,512
11.628904104232788,228,515,512,512
11.628904104232788,227,515,512,512
11.628904104232788,227,516,512,512
11.628904104232788,227,516,512,512
11.628904104232788,227,515,512,512
11.628904104232788,228,515,512,512
11.628904104232788,228,515,512,512
11.628904104232788,228,515,512,512
11.643007516860962,228,515,512,512
11.643007516860962,228,515,512,512
11.643007516860962,228,515,512,512
11.643007516860962,228,515,512,512
11.643007516860962,228,515,512,512
11.643007516860962,227,515,512,512
11.643007516860962,227,515,512,512
11.643007516860962,227,515,512,512
11.643007516860962,227,515,512,512
11.643007516860962,227,515,512,512
11.643007516860962,228,515,512,512
11.643007516860962,228,515,512,512
11.643007516860962,228,515,512,512
11.643007516860962,228,515,512,512
11.643007516860962,228,515,512,512
11.643007516860962,228,515,512,512
11.643007516860962,228,515,512,512
11.643007516860962,228,515,512,512
11.643007516860962,228,515,512,512
11.659719944000244,228,515,512,512
11.660305261611938,227,515,512,512
11.660305261611938,227,515,512,512
11.660305261611938,227,515,512,512
11.660305261611938,227,515,512,512
11.660305261611938,227,515,512,512
11.660305261611938,227,514,512,512
11.660305261611938,227,515,512,512
11.660305261611938,227,515,512,512
11.660305261611938,227,515,512,512
11.660305261611938,227,515,512,512
11.660305261611938,227,516,512,512
11.660305261611938,227,515,512,512
11.660305261611938,227,515,512,512
11.660305261611938,227,515,512,512
11.660305261611938,227,515,512,512
11.660305261611938,227,515,512,512
11.660305261611938,228,515,512,512
11.674458980560303,228,516,512,512
11.674458980560303,228,515,512,512
11.674458980560303,227,515,512,512
11.674458980560303,227,515,512,512
11.674458980560303,227,515,512,512
11.674458980560303,227,515,512,512
11.674458980560303,228,515,512,512
11.674458980560303,228,515,512,512
11.674458980560303,228,515,512,512
11.674458980560303,228,515,512,512
11.674458980560303,228,515,512,512
11.674458980560303,227,515,512,512
11.674458980560303,227,515,512,512
11.674458980560303,227,515,512,512
11.674458980560303,227,515,512,512
11.674458980560303,227,515,512,512
11.674458980560303,227,515,512,512
11.674458980560303,227,515,512,512
11.690170764923096,227,515,512,512
11.690930128097534,227,515,512,512
11.690930128097534,227,515,512,512
11.690930128097534,227,515,512,512
11.690930128097534,227,515,512,512
11.690930128097534,227,515,512,512
11.690930128097534,228,515,512,512
11.690930128097534,228,515,512,512
11.690930128097534,228,515,512,512
11.690930128097534,228,516,512,512
11.690930128097534,228,516,512,512
11.690930128097534,228,515,512,512
11.690930128097534,228,515,512,512
11.690930128097534,228,515,512,512
11.690930128097534,228,515,512,512
11.690930128097534,228,515,512,512
11.690930128097534,227,515,512,512
11.690930128097534,227,515,512,512
11.690930128097534,227,515,512,512
11.70586633682251,227,515,512,512
11.707098007202148,227,515,512,512
11.707666635513306,228,515,512,512
11.707666635513306,228,515,512,512
11.709680318832397,228,515,512,512
11.709680318832397,228,516,512,512
11.709680318832397,228,515,512,512
11.709680318832397,228,515,512,512
11.713254690170288,228,515,512,512
11.713683605194092,228,515,512,512
11.713683605194092,228,515,512,512
11.714852809906006,228,515,512,512
11.715866804122925,228,515,512,512
11.716867208480835,228,515,512,512
11.717865228652954,228,515,512,512
11.719008684158325,228,515,512,512
11.719499588012695,228,515,512,512
11.72050952911377,227,515,512,512
11.721507549285889,227,515,512,512
11.721507549285889,227,516,512,512
11.722507953643799,227,516,512,512
11.723508358001709,227,515,512,512
11.724508285522461,227,515,512,512
11.725508213043213,228,515,512,512
11.726508617401123,228,515,512,512
11.726508617401123,228,515,512,512
11.727509260177612,228,515,512,512
11.728508710861206,228,515,512,512
11.729507446289062,228,515,512,512
11.730512857437134,227,515,512,512
11.731736660003662,227,515,512,512
11.731736660003662,228,515,512,512
11.732733964920044,228,515,512,512
11.733734607696533,228,515,512,512
11.734733819961548,228,515,512,512
11.736096858978271,228,515,512,512
11.736617803573608,227,515,512,512
11.73762822151184,227,515,512,512
11.738628387451172,228,515,512,512
11.738628387451172,228,515,512,512
11.739628314971924,228,515,512,512
11.740629196166992,228,515,512,512
11.74163007736206,228,515,512,512
11.742629528045654,228,515,512,512
11.743628978729248,228,515,512,512
11.744627475738525,227,515,512,512
11.744627475738525,227,515,512,512
11.745628118515015,227,515,512,512
11.746631622314453,228,515,512,512
11.746631622314453,228,515,512,512
11.746631622314453,228,515,512,512
11.746631622314453,228,515,512,512
11.746631622314453,228,516,512,512
11.746631622314453,227,515,512,512
11.746631622314453,228,516,512,512
11.746631622314453,228,516,512,512
11.746631622314453,228,515,512,512
11.746631622314453,228,515,512,512
11.746631622314453,227,515,512,512
11.746631622314453,228,515,512,512
11.746631622314453,228,515,512,512
11.746631622314453,228,515,512,512
11.746631622314453,228,515,512,512
11.746631622314453,228,515,512,512
11.746631622314453,227,515,512,512
11.746631622314453,227,515,512,512
11.762385606765747,227,515,512,512
11.762385606765747,228,515,512,512
11.762385606765747,228,515,512,512
11.762385606765747,228,516,512,512
11.762385606765747,227,515,512,512
11.766717910766602,227,515,512,512
11.76723861694336,227,515,512,512
11.76723861694336,227,515,512,512
11.76723861694336,227,515,512,512
11.76723861694336,228,515,512,512
11.76723861694336,228,515,512,512
11.76723861694336,228,515,512,512
11.76723861694336,228,515,512,512
11.76723861694336,228,515,512,512
11.76723861694336,228,515,512,512
11.76723861694336,228,515,512,512
11.76723861694336,227,515,512,512
11.76723861694336,227,516,512,512
11.76723861694336,228,516,512,512
11.778264999389648,228,515,512,512
11.778264999389648,228,515,512,512
11.778264999389648,228,515,512,512
11.778264999389648,228,515,512,512
11.778264999389648,228,515,512,512
11.778264999389648,227,515,512,512
11.778264999389648,227,515,512,512
11.778264999389648,227,515,512,512
11.778264999389648,227,514,512,512
11.778264999389648,227,514,512,512
11.778264999389648,227,514,512,512
11.778264999389648,228,515,512,512
11.778264999389648,228,515,512,512
11.778264999389648,228,516,512,512
11.778264999389648,228,515,512,512
11.778264999389648,228,515,512,512
11.778264999389648,228,515,512,512
11.778264999389648,228,515,512,512
11.778264999389648,228,515,512,512
11.794037580490112,228,516,512,512
11.795585632324219,228,515,512,512
11.795817613601685,227,515,512,512
11.795817613601685,227,515,512,512
11.795817613601685,228,515,512,512
11.795817613601685,227,515,512,512
11.795817613601685,228,515,512,512
11.795817613601685,228,515,512,512
11.795817613601685,228,515,512,512
11.795817613601685,227,515,512,512
11.795817613601685,227,515,512,512
11.795817613601685,227,515,512,512
11.795817613601685,227,515,512,512
11.795817613601685,227,515,512,512
11.795817613601685,227,515,512,512
11.795817613601685,227,515,512,512
11.795817613601685,227,515,512,512
11.795817613601685,227,515,512,512
11.809832572937012,227,515,512,512
11.809832572937012,227,515,512,512
11.809832572937012,227,515,512,512
11.809832572937012,227,515,512,512
11.809832572937012,227,515,512,512
11.809832572937012,227,515,512,512
11.809832572937012,227,515,512,512
11.809832572937012,228,515,512,512
11.809832572937012,228,515,512,512
11.809832572937012,227,515,512,512
11.809832572937012,228,515,512,512
11.809832572937012,228,515,512,512
11.809832572937012,228,515,512,512
11.809832572937012,227,515,512,512
11.809832572937012,228,515,512,512
11.809832572937012,228,515,512,512
11.809832572937012,228,515,512,512
11.809832572937012,228,515,512,512
11.809832572937012,228,515,512,512
11.825544834136963,228,515,512,512
11.825544834136963,228,515,512,512
11.827620267868042,227,515,512,512
11.827620267868042,227,515,512,512
11.827620267868042,227,515,512,512
11.827620267868042,227,515,512,512
11.827620267868042,227,516,512,512
11.827620267868042,227,516,512,512
11.827620267868042,227,515,512,512
11.827620267868042,228,515,512,512
11.827620267868042,228,515,512,512
11.827620267868042,228,515,512,512
11.827620267868042,228,515,512,512
11.827620267868042,228,515,512,512
11.827620267868042,228,515,512,512
11.827620267868042,228,515,512,512
11.827620267868042,228,515,512,512
11.827620267868042,228,515,512,512
11.841245889663696,228,515,512,512
11.842252731323242,228,515,512,512
11.842768669128418,228,515,512,512
11.842768669128418,228,515,512,512
11.842768669128418,228,515,512,512
11.842768669128418,228,515,512,512
11.842768669128418,228,515,512,512
11.842768669128418,228,515,512,512
11.842768669128418,228,515,512,512
11.842768669128418,227,515,512,512
11.842768669128418,227,515,512,512
11.842768669128418,228,515,512,512
11.842768669128418,228,515,512,512
11.842768669128418,227,515,512,512
11.842768669128418,227,515,512,512
11.842768669128418,227,515,512,512
11.842768669128418,227,515,512,512
11.842768669128418,227,515,512,512
11.842768669128418,227,515,512,512
11.856886625289917,227,515,512,512
11.856886625289917,227,515,512,512
11.856886625289917,227,515,512,512
11.856886625289917,227,515,512,512
11.856886625289917,227,516,512,512
11.856886625289917,227,515,512,512
11.856886625289917,228,515,512,512
11.856886625289917,227,515,512,512
11.856886625289917,227,515,512,512
11.856886625289917,227,515,512,512
11.856886625289917,227,515,512,512
11.856886625289917,227,515,512,512
11.856886625289917,227,515,512,512
11.856886625289917,227,515,512,512
11.856886625289917,227,515,512,512
11.856886625289917,227,515,512,512
11.856886625289917,227,515,512,512
11.856886625289917,227,515,512,512
11.872695922851562,227,516,512,512
11.872695922851562,227,515,512,512
11.874668836593628,227,515,512,512
11.874928712844849,227,515,512,512
11.874928712844849,227,515,512,512
11.874928712844849,227,515,512,512
11.874928712844849,227,515,512,512
11.874928712844849,227,516,512,512
11.874928712844849,227,516,512,512
11.874928712844849,227,515,512,512
11.874928712844849,227,515,512,512
11.874928712844849,227,515,512,512
11.874928712844849,227,515,512,512
11.874928712844849,227,515,512,512
11.874928712844849,227,515,512,512
11.874928712844849,227,516,512,512
11.874928712844849,227,515,512,512
11.874928712844849,227,515,512,512
11.874928712844849,227,515,512,512
11.88845419883728,227,515,512,512
11.889688730239868,227,515,512,512
11.890708923339844,227,515,512,512
11.891140937805176,227,516,512,512
11.892583847045898,227,515,512,512
11.893028974533081,227,515,512,512
11.894039630889893,227,515,512,512
11.895036935806274,227,515,512,512
11.895036935806274,227,515,512,512
11.896037578582764,227,515,512,512
11.897347450256348,227,516,512,512
11.897938251495361,227,515,512,512
11.899017333984375,227,515,512,512
11.900015354156494,227,515,512,512
11.900015354156494,227,515,512,512
11.901015043258667,228,515,512,512
11.90201473236084,228,515,512,512
11.903014183044434,228,515,512,512
11.904018878936768,228,515,512,512
11.905018329620361,227,515,512,512
11.906017541885376,227,515,512,512
11.90701699256897,227,515,512,512
11.90701699256897,227,514,512,512
11.9080171585083,227,515,512,512
11.909618616104126,227,515,512,512
11.909901857376099,227,515,512,512
11.910911560058594,227,515,512,512
11.911913871765137,227,516,512,512
11.912911653518677,227,515,512,512
11.913621425628662,227,515,512,512
11.914041996002197,227,515,512,512
11.915059566497803,228,516,512,512
11.91605520248413,228,515,512,512
11.917053461074829,228,515,512,512
11.918054819107056,227,515,512,512
11.918054819107056,227,515,512,512
11.919055223464966,227,515,512,512
11.92005467414856,227,515,512,512
11.921056032180786,227,516,512,512
11.922055721282959,227,515,512,512
11.923055648803711,227,515,512,512
11.923055648803711,228,515,512,512
11.924055576324463,228,515,512,512
11.92505407333374,228,515,512,512
11.926470756530762,228,515,512,512
11.926981449127197,227,515,512,512
11.927994966506958,227,515,512,512
11.928995132446289,227,515,512,512
11.929997444152832,227,515,512,512
11.930975675582886,227,515,512,512
11.930975675582886,227,515,512,512
11.930975675582886,227,515,512,512
11.930975675582886,228,516,512,512
11.930975675582886,228,515,512,512
11.930975675582886,228,515,512,512
11.930975675582886,228,515,512,512
11.930975675582886,228,515,512,512
11.930975675582886,228,515,512,512
11.930975675582886,228,515,512,512
11.930975675582886,228,516,512,512
11.930975675582886,228,516,512,512
11.930975675582886,228,516,512,512
11.930975675582886,228,515,512,512
11.930975675582886,228,515,512,512
11.930975675582886,228,515,512,512
11.930975675582886,228,515,512,512
11.930975675582886,228,515,512,512
11.945866107940674,228,515,512,512
11.945866107940674,227,515,512,512
11.947905540466309,227,515,512,512
11.948170900344849,227,515,512,512
11.948170900344849,227,515,512,512
11.948170900344849,227,515,512,512
11.948170900344849,228,515,512,512
11.948170900344849,228,516,512,512
11.948170900344849,228,515,512,512
11.948170900344849,227,515,512,512
11.948170900344849,227,515,512,512
11.948170900344849,227,515,512,512
11.948170900344849,227,515,512,512
11.948170900344849,227,515,512,512
11.948170900344849,227,515,512,512
11.948170900344849,227,515,512,512
11.948170900344849,227,515,512,512
11.948170900344849,227,515,512,512
11.961431980133057,227,515,512,512
11.961431980133057,227,515,512,512
11.961431980133057,227,515,512,512
11.961431980133057,227,515,512,512
11.961431980133057,227,515,512,512
11.961431980133057,227,515,512,512
11.961431980133057,227,515,512,512
11.961431980133057,227,515,512,512
11.961431980133057,228,515,512,512
11.961431980133057,228,516,512,512
11.961431980133057,228,516,512,512
11.961431980133057,228,515,512,512
11.961431980133057,228,515,512,512
11.961431980133057,228,515,512,512
11.961431980133057,227,515,512,512
11.961431980133057,227,515,512,512
11.961431980133057,227,515,512,512
11.961431980133057,227,516,512,512
11.961431980133057,227,515,512,512
11.977088451385498,227,515,512,512
11.978585720062256,227,515,512,512
11.978585720062256,227,515,512,512
11.978585720062256,227,515,512,512
11.978585720062256,227,515,512,512
11.978585720062256,227,516,512,512
11.978585720062256,228,515,512,512
11.978585720062256,228,515,512,512
11.978585720062256,228,515,512,512
11.978585720062256,228,515,512,512
11.978585720062256,228,515,512,512
11.978585720062256,228,515,512,512
11.978585720062256,227,515,512,512
11.978585720062256,227,515,512,512
11.978585720062256,227,514,512,512
11.978585720062256,227,515,512,512
11.978585720062256,227,515,512,512
11.978585720062256,228,515,512,512
11.992816686630249,227,515,512,512
11.992816686630249,227,515,512,512
11.992816686630249,227,515,512,512
11.992816686630249,227,515,512,512
11.992816686630249,227,515,512,512
11.992816686630249,227,515,512,512
11.992816686630249,227,515,512,512
11.992816686630249,227,516,512,512
11.992816686630249,227,516,512,512
11.992816686630249,227,516,512,512
11.992816686630249,227,516,512,512
11.992816686630249,227,516,512,512
11.992816686630249,227,516,512,512
11.992816686630249,227,516,512,512
11.992816686630249,227,516,512,512
11.992816686630249,227,516,512,512
11.992816686630249,227,516,512,512
11.992816686630249,227,516,512,512
11.992816686630249,227,516,512,512
12.009157657623291,227,516,512,512
12.00993537902832,227,515,512,512
12.00993537902832,227,515,512,512
12.00993537902832,227,516,512,512
12.00993537902832,227,516,512,512
12.00993537902832,227,515,512,512
12.00993537902832,227,515,512,512
12.00993537902832,227,516,512,512
12.00993537902832,227,515,512,512
12.00993537902832,227,515,512,512
12.00993537902832,227,516,512,512
12.00993537902832,227,516,512,512
12.00993537902832,227,516,512,512
12.00993537902832,227,515,512,512
12.00993537902832,228,516,512,512
12.00993537902832,228,516,512,512
12.00993537902832,228,516,512,512
12.00993537902832,227,516,512,512
12.024230718612671,228,516,512,512
12.024230718612671,227,515,512,512
12.024230718612671,227,515,512,512
12.024230718612671,227,515,512,512
12.024230718612671,227,515,512,512
12.024230718612671,227,515,512,512
12.024230718612671,227,515,512,512
12.024230718612671,227,516,512,512
12.024230718612671,227,515,512,512
12.024230718612671,227,516,512,512
12.024230718612671,227,516,512,512
12.024230718612671,227,515,512,512
12.024230718612671,227,515,512,512
12.024230718612671,227,516,512,512
12.024230718612671,227,516,512,512
12.024230718612671,227,515,512,512
12.024230718612671,227,515,512,512
12.024230718612671,227,516,512,512
12.024230718612671,227,516,512,512
12.04012155532837,227,516,512,512
12.04012155532837,227,516,512,512
12.04012155532837,227,516,512,512
12.04012155532837,227,516,512,512
12.04012155532837,227,515,512,512
12.04012155532837,227,516,512,512
12.04012155532837,227,515,512,512
12.04012155532837,227,515,512,512
12.04012155532837,227,516,512,512
12.04012155532837,227,516,512,512
12.04012155532837,227,516,512,512
12.04012155532837,227,515,512,512
12.04012155532837,227,515,512,512
12.04012155532837,227,515,512,512
12.04012155532837,227,515,512,512
12.04012155532837,227,515,512,512
12.04012155532837,227,516,512,512
12.04012155532837,227,515,512,512
12.055843114852905,227,515,512,512
12.055843114852905,227,515,512,512
12.057454347610474,227,515,512,512
12.058404207229614,227,515,512,512
12.058928966522217,227,516,512,512
12.059940814971924,227,516,512,512
12.060941457748413,227,516,512,512
12.060941457748413,227,516,512,512
12.061941146850586,227,516,512,512
12.062940835952759,227,516,512,512
12.063945531845093,227,516,512,512
12.065091371536255,228,516,512,512
12.065091371536255,228,516,512,512
12.066104650497437,227,515,512,512
12.067102670669556,227,515,512,512
12.068106174468994,227,515,512,512
12.069104671478271,227,515,512,512
12.07010555267334,227,515,512,512
12.071106195449829,227,515,512,512
12.071106195449829,227,516,512,512
12.07210659980774,227,516,512,512
12.073105812072754,227,515,512,512
12.074105501174927,227,515,512,512
12.075584888458252,227,516,512,512
12.076028108596802,227,515,512,512
12.077041149139404,227,515,512,512
12.078040838241577,227,516,512,512
12.078040838241577,227,516,512,512
12.079041242599487,227,515,512,512
12.080042362213135,227,515,512,512
12.080042362213135,227,515,512,512
12.080042362213135,227,515,512,512
12.080042362213135,227,515,512,512
12.080042362213135,227,516,512,512
12.080042362213135,227,516,512,512
12.080042362213135,227,515,512,512
12.080042362213135,227,515,512,512
12.080042362213135,227,515,512,512
12.080042362213135,227,515,512,512
12.080042362213135,227,515,512,512
12.080042362213135,227,515,512,512
12.080042362213135,227,516,512,512
12.080042362213135,227,515,512,512
12.080042362213135,227,515,512,512
12.080042362213135,227,516,512,512
12.080042362213135,227,515,512,512
12.080042362213135,227,515,512,512
12.09593653678894,227,516,512,512
12.09593653678894,227,516,512,512
12.09593653678894,227,515,512,512
12.09593653678894,227,515,512,512
12.09593653678894,227,516,512,512
12.09593653678894,227,515,512,512
12.09593653678894,227,515,512,512
12.09593653678894,227,516,512,512
12.09593653678894,227,516,512,512
12.09593653678894,227,516,512,512
12.09593653678894,227,515,512,512
12.09593653678894,227,515,512,512
12.09593653678894,228,515,512,512
12.09593653678894,228,515,512,512
12.09593653678894,228,515,512,512
12.09593653678894,227,515,512,512
12.09593653678894,227,515,512,512
12.09593653678894,227,515,512,512
12.09593653678894,227,515,512,512
12.111712455749512,227,515,512,512
12.112767934799194,227,515,512,512
12.112767934799194,228,516,512,512
12.11429238319397,228,516,512,512
12.11429238319397,228,516,512,512
12.11429238319397,228,515,512,512
12.11429238319397,228,516,512,512
12.11429238319397,227,515,512,512
12.11429238319397,227,515,512,512
12.11429238319397,227,516,512,512
12.11429238319397,227,516,512,512
12.11429238319397,227,515,512,512
12.11429238319397,227,515,512,512
12.11429238319397,227,515,512,512
12.11429238319397,227,516,512,512
12.11429238319397,227,515,512,512
12.11429238319397,227,516,512,512
12.11429238319397,227,516,512,512
12.11429238319397,227,515,512,512
12.127828359603882,227,515,512,512
12.127828359603882,227,515,512,512
12.127828359603882,227,515,512,512
12.127828359603882,227,515,512,512
12.127828359603882,227,515,512,512
12.127828359603882,227,516,512,512
12.127828359603882,227,516,512,512
12.127828359603882,227,515,512,512
12.127828359603882,227,515,512,512
12.127828359603882,227,515,512,512
12.127828359603882,227,515,512,512
12.127828359603882,227,515,512,512
12.127828359603882,227,516,512,512
12.127828359603882,227,516,512,512
12.127828359603882,227,515,512,512
12.127828359603882,227,515,512,512
12.127828359603882,227,515,512,512
12.127828359603882,227,515,512,512
12.127828359603882,227,515,512,512
12.143635272979736,227,516,512,512
12.143635272979736,227,516,512,512
12.143635272979736,227,515,512,512
12.143635272979736,227,515,512,512
12.143635272979736,227,515,512,512
12.143635272979736,227,515,512,512
12.143635272979736,227,515,512,512
12.143635272979736,227,515,512,512
12.143635272979736,227,515,512,512
12.143635272979736,227,515,512,512
12.143635272979736,227,515,512,512
12.143635272979736,227,515,512,512
12.143635272979736,227,516,512,512
12.143635272979736,227,516,512,512
12.143635272979736,227,516,512,512
12.143635272979736,227,516,512,512
12.143635272979736,228,516,512,512
12.143635272979736,228,515,512,512
12.159331321716309,227,516,512,512
12.159331321716309,227,515,512,512
12.159331321716309,227,515,512,512
12.159331321716309,227,516,512,512
12.159331321716309,227,516,512,512
12.159331321716309,227,515,512,512
12.159331321716309,227,515,512,512
12.159331321716309,227,515,512,512
12.159331321716309,227,515,512,512
12.159331321716309,227,515,512,512
12.159331321716309,227,516,512,512
12.159331321716309,227,516,512,512
12.159331321716309,227,515,512,512
12.159331321716309,227,515,512,512
12.159331321716309,227,515,512,512
12.159331321716309,227,515,512,512
12.159331321716309,227,515,512,512
12.159331321716309,227,516,512,512
12.175025939941406,227,516,512,512
12.175025939941406,227,515,512,512
12.175025939941406,227,515,512,512
12.175025939941406,227,516,512,512
12.175025939941406,227,515,512,512
12.175025939941406,227,515,512,512
12.175025939941406,227,516,512,512
12.175025939941406,227,516,512,512
12.175025939941406,227,515,512,512
12.175025939941406,228,515,512,512
12.175025939941406,227,516,512,512
12.175025939941406,227,516,512,512
12.175025939941406,227,516,512,512
12.175025939941406,227,516,512,512
12.175025939941406,227,516,512,512
12.175025939941406,227,515,512,512
12.175025939941406,227,515,512,512
12.175025939941406,227,515,512,512
12.175025939941406,228,515,512,512
12.1908700466156,228,514,512,512
12.191884756088257,227,515,512,512
12.192379713058472,227,515,512,512
12.192379713058472,227,515,512,512
12.192379713058472,227,515,512,512
12.192379713058472,227,515,512,512
12.192379713058472,227,515,512,512
12.192379713058472,227,515,512,512
12.192379713058472,227,515,512,512
12.192379713058472,227,516,512,512
12.192379713058472,227,516,512,512
12.192379713058472,227,515,512,512
12.192379713058472,227,516,512,512
12.192379713058472,227,515,512,512
12.192379713058472,227,515,512,512
12.192379713058472,227,515,512,512
12.192379713058472,227,516,512,512
12.192379713058472,227,515,512,512
12.192379713058472,227,515,512,512
12.20675539970398,227,515,512,512
12.20675539970398,227,515,512,512
12.20675539970398,227,515,512,512
12.20675539970398,227,515,512,512
12.20675539970398,227,516,512,512
12.20675539970398,227,516,512,512
12.20675539970398,227,515,512,512
12.20675539970398,227,516,512,512
12.20675539970398,227,516,512,512
12.20675539970398,227,516,512,512
12.20675539970398,227,516,512,512
12.20675539970398,228,516,512,512
12.20675539970398,227,516,512,512
12.20675539970398,227,515,512,512
12.20675539970398,227,515,512,512
12.20675539970398,227,516,512,512
12.20675539970398,227,515,512,512
12.20675539970398,227,515,512,512
12.222410917282104,227,516,512,512
12.222410917282104,227,516,512,512
12.222410917282104,227,515,512,512
12.222410917282104,227,515,512,512
12.222410917282104,227,515,512,512
12.222410917282104,227,515,512,512
12.222410917282104,228,515,512,512
12.222410917282104,227,515,512,512
12.222410917282104,227,515,512,512
12.222410917282104,227,515,512,512
12.222410917282104,227,515,512,512
12.222410917282104,227,515,512,512
12.222410917282104,227,515,512,512
12.222410917282104,227,515,512,512
12.222410917282104,227,515,512,512
12.222410917282104,227,515,512,512
12.222410917282104,227,515,512,512
12.222410917282104,227,516,512,512
12.222410917282104,227,516,512,512
12.23805546760559,227,515,512,512
12.239768743515015,227,515,512,512
12.239768743515015,227,516,512,512
12.241036891937256,227,515,512,512
12.241979837417603,227,515,512,512
12.241979837417603,227,515,512,512
12.241979837417603,227,515,512,512
12.241979837417603,227,515,512,512
